rebalance_date,symbol
2010-01-04,002057
2010-01-04,600455
2010-01-04,000803
2010-01-04,002034
2010-01-04,002020
2010-01-04,600566
2010-01-04,002175
2010-01-04,002136
2010-01-04,600633
2010-01-04,600768
2010-01-04,600513
2010-01-04,002141
2010-01-04,600617
2010-01-04,000705
2010-01-04,002043
2010-01-04,002178
2010-01-04,002174
2010-01-04,000567
2010-01-04,002044
2010-01-04,600113
2010-01-04,600241
2010-01-04,600774
2010-01-04,600114
2010-01-04,002125
2010-01-04,002213
2010-01-04,000810
2010-01-04,002144
2010-01-04,000779
2010-01-04,002102
2010-01-04,000049
2010-01-04,600353
2010-01-04,000610
2010-01-04,600980
2010-01-04,000411
2010-01-04,600493
2010-01-04,600560
2010-01-04,000801
2010-01-04,000915
2010-01-04,002201
2010-01-04,000590
2010-01-04,002036
2010-01-04,000665
2010-01-04,002195
2010-01-04,600982
2010-01-04,600461
2010-01-04,600712
2010-01-04,000721
2010-01-04,600661
2010-01-04,600749
2010-01-04,002049
2010-01-04,000791
2010-01-04,002035
2010-01-04,600792
2010-01-04,000815
2010-01-04,600605
2010-01-04,000560
2010-01-04,600520
2010-01-04,600452
2010-01-04,002188
2010-01-04,002173
2010-01-04,600763
2010-01-04,002112
2010-01-04,600603
2010-01-04,002120
2010-01-04,600960
2010-01-04,600882
2010-01-04,002098
2010-01-04,000626
2010-01-04,600346
2010-01-04,600148
2010-01-04,600305
2010-01-04,002046
2010-01-04,000923
2010-01-04,000010
2010-01-04,600099
2010-01-04,002150
2010-01-04,002159
2010-01-04,600992
2010-01-04,002189
2010-01-04,600719
2010-01-04,000702
2010-01-04,002196
2010-01-04,002033
2010-01-04,600833
2010-01-04,002026
2010-01-04,600071
2010-01-04,600985
2010-01-04,000695
2010-01-04,600137
2010-01-04,002198
2010-01-04,600433
2010-01-04,600080
2010-01-04,000790
2010-01-04,300025
2010-01-04,002101
2010-01-04,000710
2010-01-04,600483
2010-01-04,600250
2010-01-04,600979
2010-01-04,002193
2010-01-14,002057
2010-01-14,000803
2010-01-14,002034
2010-01-14,600566
2010-01-14,002020
2010-01-14,600633
2010-01-14,002136
2010-01-14,002175
2010-01-14,600513
2010-01-14,600617
2010-01-14,600768
2010-01-14,000705
2010-01-14,002141
2010-01-14,002174
2010-01-14,002043
2010-01-14,002178
2010-01-14,000779
2010-01-14,600113
2010-01-14,600774
2010-01-14,000810
2010-01-14,002102
2010-01-14,600241
2010-01-14,002125
2010-01-14,002044
2010-01-14,600980
2010-01-14,002213
2010-01-14,600792
2010-01-14,002144
2010-01-14,600114
2010-01-14,600493
2010-01-14,000567
2010-01-14,002035
2010-01-14,000049
2010-01-14,600461
2010-01-14,000791
2010-01-14,600353
2010-01-14,600982
2010-01-14,600560
2010-01-14,600603
2010-01-14,000411
2010-01-14,000610
2010-01-14,000590
2010-01-14,600452
2010-01-14,000721
2010-01-14,000665
2010-01-14,002201
2010-01-14,000815
2010-01-14,600605
2010-01-14,600520
2010-01-14,000801
2010-01-14,002026
2010-01-14,000560
2010-01-14,600712
2010-01-14,002036
2010-01-14,002120
2010-01-14,002195
2010-01-14,600305
2010-01-14,600661
2010-01-14,600992
2010-01-14,600960
2010-01-14,000626
2010-01-14,000923
2010-01-14,600346
2010-01-14,600148
2010-01-14,000915
2010-01-14,002049
2010-01-14,000010
2010-01-14,002188
2010-01-14,600719
2010-01-14,600763
2010-01-14,002159
2010-01-14,002098
2010-01-14,002112
2010-01-14,000702
2010-01-14,002173
2010-01-14,600080
2010-01-14,600882
2010-01-14,002150
2010-01-14,002198
2010-01-14,002046
2010-01-14,002196
2010-01-14,600099
2010-01-14,600985
2010-01-14,002033
2010-01-14,000695
2010-01-14,600979
2010-01-14,600483
2010-01-14,600833
2010-01-14,600137
2010-01-14,000790
2010-01-14,600180
2010-01-14,000838
2010-01-14,000663
2010-01-14,000019
2010-01-14,000967
2010-01-14,002234
2010-01-14,600613
2010-01-14,600794
2010-01-14,002245
2010-01-14,600455
2010-01-28,002057
2010-01-28,000803
2010-01-28,002020
2010-01-28,002034
2010-01-28,600633
2010-01-28,600566
2010-01-28,002136
2010-01-28,002175
2010-01-28,600455
2010-01-28,002174
2010-01-28,600513
2010-01-28,002178
2010-01-28,600617
2010-01-28,000779
2010-01-28,600241
2010-01-28,000705
2010-01-28,002043
2010-01-28,600113
2010-01-28,600980
2010-01-28,000810
2010-01-28,002213
2010-01-28,002102
2010-01-28,600768
2010-01-28,600774
2010-01-28,600520
2010-01-28,002141
2010-01-28,600148
2010-01-28,600792
2010-01-28,000049
2010-01-28,002125
2010-01-28,002144
2010-01-28,600493
2010-01-28,600603
2010-01-28,600353
2010-01-28,000665
2010-01-28,002044
2010-01-28,600452
2010-01-28,002026
2010-01-28,002188
2010-01-28,000610
2010-01-28,000791
2010-01-28,002201
2010-01-28,600461
2010-01-28,002036
2010-01-28,600114
2010-01-28,000411
2010-01-28,000815
2010-01-28,002195
2010-01-28,000721
2010-01-28,600560
2010-01-28,000560
2010-01-28,002120
2010-01-28,600992
2010-01-28,002049
2010-01-28,600661
2010-01-28,600982
2010-01-28,600180
2010-01-28,002196
2010-01-28,600719
2010-01-28,002112
2010-01-28,002098
2010-01-28,600712
2010-01-28,600605
2010-01-28,000567
2010-01-28,000838
2010-01-28,000923
2010-01-28,600080
2010-01-28,600763
2010-01-28,002173
2010-01-28,002046
2010-01-28,000915
2010-01-28,000801
2010-01-28,000010
2010-01-28,000663
2010-01-28,600346
2010-01-28,600882
2010-01-28,000702
2010-01-28,600960
2010-01-28,600985
2010-01-28,600305
2010-01-28,002035
2010-01-28,000967
2010-01-28,002150
2010-01-28,002234
2010-01-28,000695
2010-01-28,000626
2010-01-28,000590
2010-01-28,002245
2010-01-28,600979
2010-01-28,002033
2010-01-28,600137
2010-01-28,600099
2010-01-28,000526
2010-01-28,300025
2010-01-28,300013
2010-01-28,002180
2010-01-28,600448
2010-01-28,600476
2010-01-28,002224
2010-01-28,002189
2010-02-11,002057
2010-02-11,002034
2010-02-11,600633
2010-02-11,002020
2010-02-11,002136
2010-02-11,002174
2010-02-11,002175
2010-02-11,600566
2010-02-11,600455
2010-02-11,000803
2010-02-11,600513
2010-02-11,002178
2010-02-11,600617
2010-02-11,600980
2010-02-11,000705
2010-02-11,600768
2010-02-11,600113
2010-02-11,600774
2010-02-11,000810
2010-02-11,600241
2010-02-11,000779
2010-02-11,002213
2010-02-11,002043
2010-02-11,002141
2010-02-11,000049
2010-02-11,600520
2010-02-11,600148
2010-02-11,002102
2010-02-11,002026
2010-02-11,600353
2010-02-11,002196
2010-02-11,002144
2010-02-11,600493
2010-02-11,002044
2010-02-11,002195
2010-02-11,000791
2010-02-11,600114
2010-02-11,600452
2010-02-11,002201
2010-02-11,002188
2010-02-11,600792
2010-02-11,600603
2010-02-11,000610
2010-02-11,600982
2010-02-11,000526
2010-02-11,002049
2010-02-11,000815
2010-02-11,000560
2010-02-11,300013
2010-02-11,300025
2010-02-11,002120
2010-02-11,002036
2010-02-11,002150
2010-02-11,002112
2010-02-11,600605
2010-02-11,600719
2010-02-11,000665
2010-02-11,600560
2010-02-11,002173
2010-02-11,600180
2010-02-11,600661
2010-02-11,000838
2010-02-11,600985
2010-02-11,000411
2010-02-11,000801
2010-02-11,600992
2010-02-11,000721
2010-02-11,600882
2010-02-11,002046
2010-02-11,600960
2010-02-11,002180
2010-02-11,002234
2010-02-11,002098
2010-02-11,600080
2010-02-11,000923
2010-02-11,000915
2010-02-11,000702
2010-02-11,000626
2010-02-11,600305
2010-02-11,000010
2010-02-11,600763
2010-02-11,002245
2010-02-11,600448
2010-02-11,600346
2010-02-11,600137
2010-02-11,000967
2010-02-11,600979
2010-02-11,002033
2010-02-11,000639
2010-02-11,002354
2010-02-11,002357
2010-02-11,002101
2010-02-11,002126
2010-02-11,000019
2010-02-11,600446
2010-02-11,002159
2010-02-11,600613
2010-02-11,600794
2010-02-11,002125
2010-02-11,600712
2010-02-25,002057
2010-02-25,002034
2010-02-25,600633
2010-02-25,002020
2010-02-25,002136
2010-02-25,002174
2010-02-25,600455
2010-02-25,600566
2010-02-25,002175
2010-02-25,600513
2010-02-25,002178
2010-02-25,000803
2010-02-25,600617
2010-02-25,000705
2010-02-25,600768
2010-02-25,600980
2010-02-25,002125
2010-02-25,000810
2010-02-25,002141
2010-02-25,600774
2010-02-25,600241
2010-02-25,002213
2010-02-25,000049
2010-02-25,600148
2010-02-25,600520
2010-02-25,002102
2010-02-25,002043
2010-02-25,002196
2010-02-25,600113
2010-02-25,002026
2010-02-25,600353
2010-02-25,000526
2010-02-25,000779
2010-02-25,600792
2010-02-25,600603
2010-02-25,002201
2010-02-25,600493
2010-02-25,002044
2010-02-25,002195
2010-02-25,600452
2010-02-25,600114
2010-02-25,000560
2010-02-25,002188
2010-02-25,000791
2010-02-25,600982
2010-02-25,002036
2010-02-25,002144
2010-02-25,000815
2010-02-25,000610
2010-02-25,002112
2010-02-25,002150
2010-02-25,002049
2010-02-25,600605
2010-02-25,300013
2010-02-25,600180
2010-02-25,600560
2010-02-25,600719
2010-02-25,300025
2010-02-25,002173
2010-02-25,600985
2010-02-25,600661
2010-02-25,002120
2010-02-25,002354
2010-02-25,002098
2010-02-25,600992
2010-02-25,002046
2010-02-25,002357
2010-02-25,000923
2010-02-25,000838
2010-02-25,000665
2010-02-25,000721
2010-02-25,002180
2010-02-25,600882
2010-02-25,002126
2010-02-25,600960
2010-02-25,600080
2010-02-25,000010
2010-02-25,600137
2010-02-25,002234
2010-02-25,002101
2010-02-25,600613
2010-02-25,000626
2010-02-25,000411
2010-02-25,000801
2010-02-25,600446
2010-02-25,000915
2010-02-25,000019
2010-02-25,002159
2010-02-25,002245
2010-02-25,000967
2010-02-25,000702
2010-02-25,002033
2010-02-25,600979
2010-02-25,600305
2010-02-25,600448
2010-02-25,600975
2010-02-25,002074
2010-02-25,600476
2010-02-25,600461
2010-02-25,000639
2010-03-11,002057
2010-03-11,002034
2010-03-11,600633
2010-03-11,002136
2010-03-11,600566
2010-03-11,002020
2010-03-11,600455
2010-03-11,600513
2010-03-11,002175
2010-03-11,002174
2010-03-11,002178
2010-03-11,600617
2010-03-11,002125
2010-03-11,000803
2010-03-11,600768
2010-03-11,000810
2010-03-11,600241
2010-03-11,002141
2010-03-11,000705
2010-03-11,600774
2010-03-11,600520
2010-03-11,002213
2010-03-11,600353
2010-03-11,000526
2010-03-11,002102
2010-03-11,600493
2010-03-11,002044
2010-03-11,000560
2010-03-11,002196
2010-03-11,002026
2010-03-11,600113
2010-03-11,600982
2010-03-11,002195
2010-03-11,600792
2010-03-11,002201
2010-03-11,600148
2010-03-11,600603
2010-03-11,002188
2010-03-11,002144
2010-03-11,000779
2010-03-11,002112
2010-03-11,600452
2010-03-11,002049
2010-03-11,600114
2010-03-11,002098
2010-03-11,002043
2010-03-11,002354
2010-03-11,000791
2010-03-11,600560
2010-03-11,002173
2010-03-11,600180
2010-03-11,000610
2010-03-11,000639
2010-03-11,600605
2010-03-11,600992
2010-03-11,600985
2010-03-11,000411
2010-03-11,300025
2010-03-11,000838
2010-03-11,600719
2010-03-11,600661
2010-03-11,000049
2010-03-11,002150
2010-03-11,002357
2010-03-11,002101
2010-03-11,600980
2010-03-11,000801
2010-03-11,300013
2010-03-11,600080
2010-03-11,002234
2010-03-11,600446
2010-03-11,002180
2010-03-11,600305
2010-03-11,000626
2010-03-11,002036
2010-03-11,000721
2010-03-11,000915
2010-03-11,002046
2010-03-11,002159
2010-03-11,002033
2010-03-11,600960
2010-03-11,002120
2010-03-11,600975
2010-03-11,002245
2010-03-11,600613
2010-03-11,600448
2010-03-11,000010
2010-03-11,600137
2010-03-11,600979
2010-03-11,600882
2010-03-11,002074
2010-03-11,000590
2010-03-11,600763
2010-03-11,000567
2010-03-11,600712
2010-03-11,002224
2010-03-11,300056
2010-03-11,000663
2010-03-11,600116
2010-03-11,002205
2010-03-25,002057
2010-03-25,002034
2010-03-25,600633
2010-03-25,002136
2010-03-25,600455
2010-03-25,002174
2010-03-25,600513
2010-03-25,600566
2010-03-25,002020
2010-03-25,600768
2010-03-25,000803
2010-03-25,002175
2010-03-25,002125
2010-03-25,600241
2010-03-25,600617
2010-03-25,002141
2010-03-25,000526
2010-03-25,000810
2010-03-25,002178
2010-03-25,600353
2010-03-25,000705
2010-03-25,600493
2010-03-25,002195
2010-03-25,002213
2010-03-25,600452
2010-03-25,002026
2010-03-25,600603
2010-03-25,002196
2010-03-25,002112
2010-03-25,002102
2010-03-25,000560
2010-03-25,002144
2010-03-25,002201
2010-03-25,000791
2010-03-25,600792
2010-03-25,600982
2010-03-25,600520
2010-03-25,002044
2010-03-25,600980
2010-03-25,002098
2010-03-25,000779
2010-03-25,000639
2010-03-25,600992
2010-03-25,600114
2010-03-25,002188
2010-03-25,002043
2010-03-25,002120
2010-03-25,600774
2010-03-25,600719
2010-03-25,002150
2010-03-25,002173
2010-03-25,002049
2010-03-25,000610
2010-03-25,000411
2010-03-25,600148
2010-03-25,000838
2010-03-25,600985
2010-03-25,600180
2010-03-25,000567
2010-03-25,002234
2010-03-25,600605
2010-03-25,600661
2010-03-25,600080
2010-03-25,600560
2010-03-25,000801
2010-03-25,002046
2010-03-25,000626
2010-03-25,600882
2010-03-25,600113
2010-03-25,000590
2010-03-25,600305
2010-03-25,002101
2010-03-25,600960
2010-03-25,002033
2010-03-25,600975
2010-03-25,600712
2010-03-25,000049
2010-03-25,600446
2010-03-25,000663
2010-03-25,600979
2010-03-25,002357
2010-03-25,002036
2010-03-25,002180
2010-03-25,600137
2010-03-25,300013
2010-03-25,002074
2010-03-25,002245
2010-03-25,600448
2010-03-25,002224
2010-03-25,600613
2010-03-25,300056
2010-03-25,002205
2010-03-25,600116
2010-03-25,300061
2010-03-25,000019
2010-03-25,000702
2010-03-25,002166
2010-03-25,002015
2010-03-25,002374
2010-03-25,600763
2010-04-08,002057
2010-04-08,002034
2010-04-08,600633
2010-04-08,002136
2010-04-08,002174
2010-04-08,600566
2010-04-08,000803
2010-04-08,600513
2010-04-08,600768
2010-04-08,002020
2010-04-08,002125
2010-04-08,002175
2010-04-08,000526
2010-04-08,600455
2010-04-08,600241
2010-04-08,002141
2010-04-08,000810
2010-04-08,002044
2010-04-08,000705
2010-04-08,600774
2010-04-08,600617
2010-04-08,002178
2010-04-08,600493
2010-04-08,600353
2010-04-08,002195
2010-04-08,000560
2010-04-08,600603
2010-04-08,002196
2010-04-08,002201
2010-04-08,600982
2010-04-08,600452
2010-04-08,600992
2010-04-08,002026
2010-04-08,002112
2010-04-08,600520
2010-04-08,600792
2010-04-08,600980
2010-04-08,000639
2010-04-08,002213
2010-04-08,000567
2010-04-08,002098
2010-04-08,002102
2010-04-08,600719
2010-04-08,002120
2010-04-08,600605
2010-04-08,002173
2010-04-08,600560
2010-04-08,000610
2010-04-08,002150
2010-04-08,000779
2010-04-08,600148
2010-04-08,600985
2010-04-08,600180
2010-04-08,000838
2010-04-08,002043
2010-04-08,600113
2010-04-08,000626
2010-04-08,000049
2010-04-08,300061
2010-04-08,600882
2010-04-08,600712
2010-04-08,600661
2010-04-08,000411
2010-04-08,600137
2010-04-08,600975
2010-04-08,600080
2010-04-08,300013
2010-04-08,002234
2010-04-08,002144
2010-04-08,002033
2010-04-08,002049
2010-04-08,000663
2010-04-08,600446
2010-04-08,000801
2010-04-08,002101
2010-04-08,002180
2010-04-08,000019
2010-04-08,600960
2010-04-08,600979
2010-04-08,600305
2010-04-08,600448
2010-04-08,002074
2010-04-08,002224
2010-04-08,300056
2010-04-08,600763
2010-04-08,002374
2010-04-08,600114
2010-04-08,600613
2010-04-08,000590
2010-04-08,002015
2010-04-08,600116
2010-04-08,000702
2010-04-08,002046
2010-04-08,000721
2010-04-08,002061
2010-04-08,600758
2010-04-08,000534
2010-04-08,600965
2010-04-08,000791
2010-04-08,002188
2010-04-22,002057
2010-04-22,600455
2010-04-22,002136
2010-04-22,600633
2010-04-22,002034
2010-04-22,000803
2010-04-22,002174
2010-04-22,600566
2010-04-22,002175
2010-04-22,600241
2010-04-22,600513
2010-04-22,600768
2010-04-22,600603
2010-04-22,002125
2010-04-22,000526
2010-04-22,002044
2010-04-22,600774
2010-04-22,000567
2010-04-22,002178
2010-04-22,000560
2010-04-22,000705
2010-04-22,002020
2010-04-22,002141
2010-04-22,600353
2010-04-22,600617
2010-04-22,000838
2010-04-22,600493
2010-04-22,002102
2010-04-22,002201
2010-04-22,000791
2010-04-22,600792
2010-04-22,600992
2010-04-22,600982
2010-04-22,600148
2010-04-22,002120
2010-04-22,002195
2010-04-22,002196
2010-04-22,002112
2010-04-22,600180
2010-04-22,000779
2010-04-22,600882
2010-04-22,600985
2010-04-22,300061
2010-04-22,000610
2010-04-22,002043
2010-04-22,002098
2010-04-22,600605
2010-04-22,600113
2010-04-22,002173
2010-04-22,600661
2010-04-22,300013
2010-04-22,600719
2010-04-22,600114
2010-04-22,600980
2010-04-22,600080
2010-04-22,000626
2010-04-22,600520
2010-04-22,600975
2010-04-22,002074
2010-04-22,000663
2010-04-22,002180
2010-04-22,600979
2010-04-22,002061
2010-04-22,000639
2010-04-22,000801
2010-04-22,002374
2010-04-22,600613
2010-04-22,600712
2010-04-22,000702
2010-04-22,002015
2010-04-22,002150
2010-04-22,002049
2010-04-22,600452
2010-04-22,002101
2010-04-22,000590
2010-04-22,600446
2010-04-22,600965
2010-04-22,002144
2010-04-22,600116
2010-04-22,600560
2010-04-22,600137
2010-04-22,002224
2010-04-22,000411
2010-04-22,300056
2010-04-22,000721
2010-04-22,600448
2010-04-22,002213
2010-04-22,000710
2010-04-22,600684
2010-04-22,600615
2010-04-22,600461
2010-04-22,600463
2010-04-22,000593
2010-04-22,600211
2010-04-22,000014
2010-04-22,000695
2010-04-22,000810
2010-04-22,002026
2010-04-22,002234
2010-04-22,002188
2010-05-06,002057
2010-05-06,002034
2010-05-06,002136
2010-05-06,002175
2010-05-06,002125
2010-05-06,600241
2010-05-06,600603
2010-05-06,000803
2010-05-06,600768
2010-05-06,002174
2010-05-06,600566
2010-05-06,000526
2010-05-06,600513
2010-05-06,002178
2010-05-06,002044
2010-05-06,600774
2010-05-06,000560
2010-05-06,000567
2010-05-06,002102
2010-05-06,000705
2010-05-06,002112
2010-05-06,600148
2010-05-06,600493
2010-05-06,000610
2010-05-06,002120
2010-05-06,002188
2010-05-06,002195
2010-05-06,300061
2010-05-06,600353
2010-05-06,600882
2010-05-06,600792
2010-05-06,000791
2010-05-06,300013
2010-05-06,600982
2010-05-06,600992
2010-05-06,000810
2010-05-06,002196
2010-05-06,002098
2010-05-06,002026
2010-05-06,002061
2010-05-06,000838
2010-05-06,002234
2010-05-06,600605
2010-05-06,600113
2010-05-06,002043
2010-05-06,600180
2010-05-06,600520
2010-05-06,000779
2010-05-06,002173
2010-05-06,002180
2010-05-06,002020
2010-05-06,000801
2010-05-06,002201
2010-05-06,000663
2010-05-06,000710
2010-05-06,600137
2010-05-06,600080
2010-05-06,600661
2010-05-06,002144
2010-05-06,002374
2010-05-06,600684
2010-05-06,002049
2010-05-06,002015
2010-05-06,600446
2010-05-06,000639
2010-05-06,000702
2010-05-06,000721
2010-05-06,600975
2010-05-06,600613
2010-05-06,002150
2010-05-06,600719
2010-05-06,002224
2010-05-06,002101
2010-05-06,600979
2010-05-06,000695
2010-05-06,600448
2010-05-06,600615
2010-05-06,600560
2010-05-06,600116
2010-05-06,600712
2010-05-06,000411
2010-05-06,600114
2010-05-06,600463
2010-05-06,000593
2010-05-06,000534
2010-05-06,300069
2010-05-06,000692
2010-05-06,002198
2010-05-06,002189
2010-05-06,000802
2010-05-06,002103
2010-05-06,600483
2010-05-06,002247
2010-05-06,002027
2010-05-06,600455
2010-05-06,600633
2010-05-06,002141
2010-05-06,600985
2010-05-06,002074
2010-05-06,000590
2010-05-20,002057
2010-05-20,002136
2010-05-20,002034
2010-05-20,600241
2010-05-20,002125
2010-05-20,600768
2010-05-20,000803
2010-05-20,600566
2010-05-20,002178
2010-05-20,600513
2010-05-20,600603
2010-05-20,002174
2010-05-20,000567
2010-05-20,002175
2010-05-20,000705
2010-05-20,600792
2010-05-20,000526
2010-05-20,002044
2010-05-20,002102
2010-05-20,002026
2010-05-20,600493
2010-05-20,600774
2010-05-20,002188
2010-05-20,002098
2010-05-20,300061
2010-05-20,002112
2010-05-20,300013
2010-05-20,600353
2010-05-20,600180
2010-05-20,002120
2010-05-20,002234
2010-05-20,002196
2010-05-20,600982
2010-05-20,002195
2010-05-20,002020
2010-05-20,002180
2010-05-20,000838
2010-05-20,600992
2010-05-20,002201
2010-05-20,000779
2010-05-20,600882
2010-05-20,600661
2010-05-20,600148
2010-05-20,600985
2010-05-20,000610
2010-05-20,002061
2010-05-20,000801
2010-05-20,600520
2010-05-20,002173
2010-05-20,600719
2010-05-20,600605
2010-05-20,000639
2010-05-20,600113
2010-05-20,600975
2010-05-20,002043
2010-05-20,002247
2010-05-20,600979
2010-05-20,300069
2010-05-20,000663
2010-05-20,000791
2010-05-20,600446
2010-05-20,002015
2010-05-20,600114
2010-05-20,000802
2010-05-20,002074
2010-05-20,000810
2010-05-20,600712
2010-05-20,600613
2010-05-20,000702
2010-05-20,600560
2010-05-20,002224
2010-05-20,002101
2010-05-20,002374
2010-05-20,600448
2010-05-20,002144
2010-05-20,600684
2010-05-20,000534
2010-05-20,002027
2010-05-20,600615
2010-05-20,000710
2010-05-20,600463
2010-05-20,600137
2010-05-20,000593
2010-05-20,002189
2010-05-20,002049
2010-05-20,000019
2010-05-20,600758
2010-05-20,002066
2010-05-20,600689
2010-05-20,002331
2010-05-20,002209
2010-05-20,000626
2010-05-20,000560
2010-05-20,600080
2010-05-20,000695
2010-05-20,000692
2010-05-20,600455
2010-05-20,600633
2010-05-20,002141
2010-05-20,000590
2010-06-03,002057
2010-06-03,002034
2010-06-03,002136
2010-06-03,600241
2010-06-03,000803
2010-06-03,002125
2010-06-03,600768
2010-06-03,600603
2010-06-03,600566
2010-06-03,002175
2010-06-03,000567
2010-06-03,600792
2010-06-03,002178
2010-06-03,000526
2010-06-03,002044
2010-06-03,600513
2010-06-03,002098
2010-06-03,002188
2010-06-03,002120
2010-06-03,000560
2010-06-03,002174
2010-06-03,600774
2010-06-03,600992
2010-06-03,002112
2010-06-03,600882
2010-06-03,000705
2010-06-03,600493
2010-06-03,002026
2010-06-03,600353
2010-06-03,600982
2010-06-03,000610
2010-06-03,002195
2010-06-03,300013
2010-06-03,002196
2010-06-03,600180
2010-06-03,000838
2010-06-03,600985
2010-06-03,000791
2010-06-03,600661
2010-06-03,002061
2010-06-03,600137
2010-06-03,000810
2010-06-03,002173
2010-06-03,002043
2010-06-03,002234
2010-06-03,600113
2010-06-03,002201
2010-06-03,600605
2010-06-03,600520
2010-06-03,000801
2010-06-03,600975
2010-06-03,600719
2010-06-03,600148
2010-06-03,002102
2010-06-03,000779
2010-06-03,600080
2010-06-03,002020
2010-06-03,600446
2010-06-03,000534
2010-06-03,300069
2010-06-03,600979
2010-06-03,002247
2010-06-03,600114
2010-06-03,000702
2010-06-03,000019
2010-06-03,600684
2010-06-03,600560
2010-06-03,000639
2010-06-03,600448
2010-06-03,002180
2010-06-03,000802
2010-06-03,002074
2010-06-03,000710
2010-06-03,600689
2010-06-03,000692
2010-06-03,002374
2010-06-03,002027
2010-06-03,002049
2010-06-03,600463
2010-06-03,002066
2010-06-03,600712
2010-06-03,000593
2010-06-03,600615
2010-06-03,002224
2010-06-03,002015
2010-06-03,002101
2010-06-03,000626
2010-06-03,002331
2010-06-03,002144
2010-06-03,600346
2010-06-03,600960
2010-06-03,000721
2010-06-03,600116
2010-06-03,002256
2010-06-03,600152
2010-06-03,300061
2010-06-03,000663
2010-06-03,600633
2010-06-03,002141
2010-06-03,000590
2010-06-17,002057
2010-06-17,002034
2010-06-17,600241
2010-06-17,600768
2010-06-17,600603
2010-06-17,000803
2010-06-17,002125
2010-06-17,600566
2010-06-17,000567
2010-06-17,002174
2010-06-17,600513
2010-06-17,002175
2010-06-17,000705
2010-06-17,000560
2010-06-17,002178
2010-06-17,000526
2010-06-17,600792
2010-06-17,600774
2010-06-17,002098
2010-06-17,002120
2010-06-17,002044
2010-06-17,600882
2010-06-17,600353
2010-06-17,600180
2010-06-17,000610
2010-06-17,002112
2010-06-17,600493
2010-06-17,600137
2010-06-17,000791
2010-06-17,600982
2010-06-17,300061
2010-06-17,002102
2010-06-17,000810
2010-06-17,002234
2010-06-17,002026
2010-06-17,600992
2010-06-17,002195
2010-06-17,600661
2010-06-17,600148
2010-06-17,002196
2010-06-17,002043
2010-06-17,600985
2010-06-17,000838
2010-06-17,002201
2010-06-17,002020
2010-06-17,600605
2010-06-17,300013
2010-06-17,600975
2010-06-17,600719
2010-06-17,002173
2010-06-17,600080
2010-06-17,000534
2010-06-17,000663
2010-06-17,600113
2010-06-17,600446
2010-06-17,002188
2010-06-17,000702
2010-06-17,600520
2010-06-17,000019
2010-06-17,002015
2010-06-17,600448
2010-06-17,000779
2010-06-17,000692
2010-06-17,000721
2010-06-17,600684
2010-06-17,002180
2010-06-17,600689
2010-06-17,002374
2010-06-17,002074
2010-06-17,000710
2010-06-17,000802
2010-06-17,600960
2010-06-17,600152
2010-06-17,600560
2010-06-17,600116
2010-06-17,600114
2010-06-17,002027
2010-06-17,002066
2010-06-17,000593
2010-06-17,000626
2010-06-17,002247
2010-06-17,000639
2010-06-17,002101
2010-06-17,300069
2010-06-17,600615
2010-06-17,002224
2010-06-17,600712
2010-06-17,002256
2010-06-17,600346
2010-06-17,000582
2010-06-17,600965
2010-06-17,600758
2010-06-17,002103
2010-06-17,002136
2010-06-17,002061
2010-06-17,600979
2010-06-17,600463
2010-06-17,002331
2010-06-17,600633
2010-06-17,002141
2010-07-01,002034
2010-07-01,002057
2010-07-01,600241
2010-07-01,600768
2010-07-01,000803
2010-07-01,600566
2010-07-01,002125
2010-07-01,600513
2010-07-01,002175
2010-07-01,000526
2010-07-01,000560
2010-07-01,002174
2010-07-01,600774
2010-07-01,002178
2010-07-01,600137
2010-07-01,000791
2010-07-01,000705
2010-07-01,600792
2010-07-01,002136
2010-07-01,300061
2010-07-01,002020
2010-07-01,600603
2010-07-01,600353
2010-07-01,002044
2010-07-01,002098
2010-07-01,600148
2010-07-01,002112
2010-07-01,600882
2010-07-01,600992
2010-07-01,000610
2010-07-01,600982
2010-07-01,002201
2010-07-01,600985
2010-07-01,600180
2010-07-01,002120
2010-07-01,002026
2010-07-01,002102
2010-07-01,002234
2010-07-01,002141
2010-07-01,600605
2010-07-01,600661
2010-07-01,600493
2010-07-01,000710
2010-07-01,300013
2010-07-01,002180
2010-07-01,002188
2010-07-01,600113
2010-07-01,002043
2010-07-01,600446
2010-07-01,002195
2010-07-01,600719
2010-07-01,600080
2010-07-01,002196
2010-07-01,000019
2010-07-01,000534
2010-07-01,002074
2010-07-01,000567
2010-07-01,000692
2010-07-01,000702
2010-07-01,000810
2010-07-01,002066
2010-07-01,600975
2010-07-01,000721
2010-07-01,002173
2010-07-01,600152
2010-07-01,600448
2010-07-01,600979
2010-07-01,000838
2010-07-01,002374
2010-07-01,600560
2010-07-01,000779
2010-07-01,000626
2010-07-01,000639
2010-07-01,002247
2010-07-01,000593
2010-07-01,002027
2010-07-01,600520
2010-07-01,002103
2010-07-01,300069
2010-07-01,600758
2010-07-01,600684
2010-07-01,600615
2010-07-01,600346
2010-07-01,600965
2010-07-01,000582
2010-07-01,000802
2010-07-01,600463
2010-07-01,000590
2010-07-01,600763
2010-07-01,600211
2010-07-01,600483
2010-07-01,600613
2010-07-01,002059
2010-07-01,600869
2010-07-01,600796
2010-07-01,002160
2010-07-01,000923
2010-07-01,002134
2010-07-01,002331
2010-07-01,600633
2010-07-15,002057
2010-07-15,002034
2010-07-15,600241
2010-07-15,600566
2010-07-15,002125
2010-07-15,000803
2010-07-15,600768
2010-07-15,600513
2010-07-15,600774
2010-07-15,002136
2010-07-15,000526
2010-07-15,002175
2010-07-15,002174
2010-07-15,000560
2010-07-15,000705
2010-07-15,002178
2010-07-15,300061
2010-07-15,600137
2010-07-15,600792
2010-07-15,002020
2010-07-15,600882
2010-07-15,002141
2010-07-15,600603
2010-07-15,600992
2010-07-15,002044
2010-07-15,002201
2010-07-15,002098
2010-07-15,600982
2010-07-15,600353
2010-07-15,002026
2010-07-15,002195
2010-07-15,600148
2010-07-15,000791
2010-07-15,002043
2010-07-15,300013
2010-07-15,000610
2010-07-15,600180
2010-07-15,600605
2010-07-15,002112
2010-07-15,600080
2010-07-15,600719
2010-07-15,600493
2010-07-15,600113
2010-07-15,002188
2010-07-15,600985
2010-07-15,600661
2010-07-15,002120
2010-07-15,000838
2010-07-15,600446
2010-07-15,002066
2010-07-15,000534
2010-07-15,002102
2010-07-15,002234
2010-07-15,000702
2010-07-15,000590
2010-07-15,600975
2010-07-15,002196
2010-07-15,600448
2010-07-15,600483
2010-07-15,000710
2010-07-15,600979
2010-07-15,000692
2010-07-15,600763
2010-07-15,000923
2010-07-15,600965
2010-07-15,000593
2010-07-15,002247
2010-07-15,600613
2010-07-15,000639
2010-07-15,002173
2010-07-15,002103
2010-07-15,600152
2010-07-15,002027
2010-07-15,600796
2010-07-15,000582
2010-07-15,002374
2010-07-15,600211
2010-07-15,000019
2010-07-15,600758
2010-07-15,002134
2010-07-15,600560
2010-07-15,002074
2010-07-15,600463
2010-07-15,600615
2010-07-15,600520
2010-07-15,600684
2010-07-15,000721
2010-07-15,600346
2010-07-15,002059
2010-07-15,300085
2010-07-15,600318
2010-07-15,002061
2010-07-15,300092
2010-07-15,002360
2010-07-15,600371
2010-07-15,300063
2010-07-15,002049
2010-07-15,600960
2010-07-15,002331
2010-07-15,600633
2010-07-29,002034
2010-07-29,000803
2010-07-29,002057
2010-07-29,600241
2010-07-29,600768
2010-07-29,600566
2010-07-29,002125
2010-07-29,002175
2010-07-29,002136
2010-07-29,000526
2010-07-29,600513
2010-07-29,002174
2010-07-29,600774
2010-07-29,000560
2010-07-29,300061
2010-07-29,000705
2010-07-29,600603
2010-07-29,002020
2010-07-29,002178
2010-07-29,002044
2010-07-29,600792
2010-07-29,600353
2010-07-29,600982
2010-07-29,600992
2010-07-29,600882
2010-07-29,002195
2010-07-29,002141
2010-07-29,600148
2010-07-29,002112
2010-07-29,600493
2010-07-29,002120
2010-07-29,002026
2010-07-29,000791
2010-07-29,600985
2010-07-29,600080
2010-07-29,002043
2010-07-29,600605
2010-07-29,000610
2010-07-29,600180
2010-07-29,002098
2010-07-29,300013
2010-07-29,600137
2010-07-29,002102
2010-07-29,002188
2010-07-29,600661
2010-07-29,600719
2010-07-29,000838
2010-07-29,600446
2010-07-29,002234
2010-07-29,000702
2010-07-29,600113
2010-07-29,000590
2010-07-29,000534
2010-07-29,002066
2010-07-29,002196
2010-07-29,002173
2010-07-29,002374
2010-07-29,600613
2010-07-29,002201
2010-07-29,300085
2010-07-29,000710
2010-07-29,600448
2010-07-29,000692
2010-07-29,600211
2010-07-29,300092
2010-07-29,600979
2010-07-29,600152
2010-07-29,002074
2010-07-29,000639
2010-07-29,002061
2010-07-29,000923
2010-07-29,600975
2010-07-29,000582
2010-07-29,000593
2010-07-29,002103
2010-07-29,600318
2010-07-29,300063
2010-07-29,600758
2010-07-29,002049
2010-07-29,000721
2010-07-29,600560
2010-07-29,002027
2010-07-29,002134
2010-07-29,600796
2010-07-29,600463
2010-07-29,600520
2010-07-29,600483
2010-07-29,002360
2010-07-29,600371
2010-07-29,600960
2010-07-29,002247
2010-07-29,600965
2010-07-29,600763
2010-07-29,002180
2010-07-29,000567
2010-07-29,300069
2010-07-29,600833
2010-07-29,000019
2010-07-29,002331
2010-07-29,600633
2010-08-12,002034
2010-08-12,002057
2010-08-12,000803
2010-08-12,600241
2010-08-12,600768
2010-08-12,002136
2010-08-12,002175
2010-08-12,002174
2010-08-12,002125
2010-08-12,600566
2010-08-12,600513
2010-08-12,300061
2010-08-12,600774
2010-08-12,600603
2010-08-12,002044
2010-08-12,600792
2010-08-12,002178
2010-08-12,000560
2010-08-12,000791
2010-08-12,600982
2010-08-12,000705
2010-08-12,002020
2010-08-12,600992
2010-08-12,600353
2010-08-12,600882
2010-08-12,002120
2010-08-12,002112
2010-08-12,002026
2010-08-12,600985
2010-08-12,600148
2010-08-12,002098
2010-08-12,600137
2010-08-12,300013
2010-08-12,002043
2010-08-12,002141
2010-08-12,600605
2010-08-12,002102
2010-08-12,600080
2010-08-12,600493
2010-08-12,600719
2010-08-12,600661
2010-08-12,002195
2010-08-12,000610
2010-08-12,600446
2010-08-12,002234
2010-08-12,000838
2010-08-12,002066
2010-08-12,000590
2010-08-12,002188
2010-08-12,000567
2010-08-12,002061
2010-08-12,600979
2010-08-12,000534
2010-08-12,000710
2010-08-12,000702
2010-08-12,002196
2010-08-12,600975
2010-08-12,002180
2010-08-12,600180
2010-08-12,600113
2010-08-12,002374
2010-08-12,000923
2010-08-12,600560
2010-08-12,000593
2010-08-12,300085
2010-08-12,600613
2010-08-12,300069
2010-08-12,600152
2010-08-12,300063
2010-08-12,600483
2010-08-12,600796
2010-08-12,002103
2010-08-12,002173
2010-08-12,000721
2010-08-12,002201
2010-08-12,600318
2010-08-12,600960
2010-08-12,600965
2010-08-12,000582
2010-08-12,002049
2010-08-12,002134
2010-08-12,600833
2010-08-12,300092
2010-08-12,000639
2010-08-12,002360
2010-08-12,600448
2010-08-12,000810
2010-08-12,000663
2010-08-12,000779
2010-08-12,000626
2010-08-12,300084
2010-08-12,000411
2010-08-12,600476
2010-08-12,002059
2010-08-12,600684
2010-08-12,000526
2010-08-12,000692
2010-08-12,002074
2010-08-12,000019
2010-08-12,600633
2010-08-26,000526
2010-08-26,002034
2010-08-26,000803
2010-08-26,600241
2010-08-26,002136
2010-08-26,600768
2010-08-26,002057
2010-08-26,002175
2010-08-26,600566
2010-08-26,002125
2010-08-26,002174
2010-08-26,600774
2010-08-26,300061
2010-08-26,600603
2010-08-26,000705
2010-08-26,000560
2010-08-26,300013
2010-08-26,600353
2010-08-26,600992
2010-08-26,002026
2010-08-26,600792
2010-08-26,600148
2010-08-26,002178
2010-08-26,002044
2010-08-26,002141
2010-08-26,600882
2010-08-26,600137
2010-08-26,002195
2010-08-26,002120
2010-08-26,600493
2010-08-26,002098
2010-08-26,600982
2010-08-26,002102
2010-08-26,002112
2010-08-26,002043
2010-08-26,000567
2010-08-26,002196
2010-08-26,600719
2010-08-26,000791
2010-08-26,600446
2010-08-26,600080
2010-08-26,002234
2010-08-26,300085
2010-08-26,600605
2010-08-26,600661
2010-08-26,000702
2010-08-26,000838
2010-08-26,002066
2010-08-26,600180
2010-08-26,002180
2010-08-26,002188
2010-08-26,000710
2010-08-26,002061
2010-08-26,000534
2010-08-26,000692
2010-08-26,600979
2010-08-26,300069
2010-08-26,002374
2010-08-26,000610
2010-08-26,300084
2010-08-26,600975
2010-08-26,002020
2010-08-26,000593
2010-08-26,600985
2010-08-26,000923
2010-08-26,600560
2010-08-26,600483
2010-08-26,000663
2010-08-26,600613
2010-08-26,002103
2010-08-26,600965
2010-08-26,000779
2010-08-26,300063
2010-08-26,002360
2010-08-26,600684
2010-08-26,600448
2010-08-26,600833
2010-08-26,000626
2010-08-26,000639
2010-08-26,000590
2010-08-26,000582
2010-08-26,000721
2010-08-26,600520
2010-08-26,600615
2010-08-26,002247
2010-08-26,600463
2010-08-26,002160
2010-08-26,002015
2010-08-26,600678
2010-08-26,300087
2010-08-26,600370
2010-08-26,000809
2010-08-26,600211
2010-08-26,600731
2010-08-26,600114
2010-08-26,300035
2010-08-26,002101
2010-08-26,002059
2010-08-26,000019
2010-08-26,600633
2010-09-09,000526
2010-09-09,002034
2010-09-09,000803
2010-09-09,600241
2010-09-09,600768
2010-09-09,600566
2010-09-09,002174
2010-09-09,300061
2010-09-09,600603
2010-09-09,002136
2010-09-09,002175
2010-09-09,000560
2010-09-09,600992
2010-09-09,000705
2010-09-09,600774
2010-09-09,300013
2010-09-09,600792
2010-09-09,002057
2010-09-09,600493
2010-09-09,002044
2010-09-09,002026
2010-09-09,002141
2010-09-09,000791
2010-09-09,600148
2010-09-09,002120
2010-09-09,002043
2010-09-09,600353
2010-09-09,002195
2010-09-09,000567
2010-09-09,000534
2010-09-09,002020
2010-09-09,002112
2010-09-09,600180
2010-09-09,600605
2010-09-09,600137
2010-09-09,600882
2010-09-09,000702
2010-09-09,600719
2010-09-09,600661
2010-09-09,002188
2010-09-09,002196
2010-09-09,600446
2010-09-09,300069
2010-09-09,000838
2010-09-09,002102
2010-09-09,002180
2010-09-09,600985
2010-09-09,002098
2010-09-09,002178
2010-09-09,002374
2010-09-09,002061
2010-09-09,600080
2010-09-09,600979
2010-09-09,300085
2010-09-09,000710
2010-09-09,000610
2010-09-09,300063
2010-09-09,300084
2010-09-09,600483
2010-09-09,600520
2010-09-09,600463
2010-09-09,000663
2010-09-09,002103
2010-09-09,002247
2010-09-09,600560
2010-09-09,000593
2010-09-09,600613
2010-09-09,000779
2010-09-09,000809
2010-09-09,002015
2010-09-09,600448
2010-09-09,000626
2010-09-09,000590
2010-09-09,002101
2010-09-09,002360
2010-09-09,002066
2010-09-09,600615
2010-09-09,000692
2010-09-09,000721
2010-09-09,600975
2010-09-09,002234
2010-09-09,600965
2010-09-09,000582
2010-09-09,600678
2010-09-09,002125
2010-09-09,002160
2010-09-09,600370
2010-09-09,300112
2010-09-09,600113
2010-09-09,002201
2010-09-09,002049
2010-09-09,600152
2010-09-09,002224
2010-09-09,000810
2010-09-09,002256
2010-09-09,002134
2010-09-09,000700
2010-09-09,600982
2010-09-09,002059
2010-09-09,600633
2010-09-27,002034
2010-09-27,000526
2010-09-27,000803
2010-09-27,300061
2010-09-27,600241
2010-09-27,002175
2010-09-27,002136
2010-09-27,002174
2010-09-27,600768
2010-09-27,600566
2010-09-27,300013
2010-09-27,600603
2010-09-27,002057
2010-09-27,000705
2010-09-27,002020
2010-09-27,600992
2010-09-27,600774
2010-09-27,000791
2010-09-27,600982
2010-09-27,002195
2010-09-27,600792
2010-09-27,002141
2010-09-27,300069
2010-09-27,002043
2010-09-27,000534
2010-09-27,600148
2010-09-27,002044
2010-09-27,600493
2010-09-27,600605
2010-09-27,002120
2010-09-27,000567
2010-09-27,002112
2010-09-27,600137
2010-09-27,002026
2010-09-27,002188
2010-09-27,600661
2010-09-27,002196
2010-09-27,002374
2010-09-27,002125
2010-09-27,300085
2010-09-27,000702
2010-09-27,300063
2010-09-27,002180
2010-09-27,600985
2010-09-27,002061
2010-09-27,002098
2010-09-27,600520
2010-09-27,600719
2010-09-27,300112
2010-09-27,600180
2010-09-27,000610
2010-09-27,300084
2010-09-27,000809
2010-09-27,000838
2010-09-27,600560
2010-09-27,000590
2010-09-27,600882
2010-09-27,000710
2010-09-27,002178
2010-09-27,600446
2010-09-27,600113
2010-09-27,002201
2010-09-27,600080
2010-09-27,000779
2010-09-27,000626
2010-09-27,600483
2010-09-27,002103
2010-09-27,002234
2010-09-27,600613
2010-09-27,002101
2010-09-27,000692
2010-09-27,000721
2010-09-27,002360
2010-09-27,000810
2010-09-27,002256
2010-09-27,000593
2010-09-27,002015
2010-09-27,002247
2010-09-27,600965
2010-09-27,600152
2010-09-27,002224
2010-09-27,002134
2010-09-27,600353
2010-09-27,600615
2010-09-27,600678
2010-09-27,000582
2010-09-27,300121
2010-09-27,002173
2010-09-27,300025
2010-09-27,002354
2010-09-27,300019
2010-09-27,002361
2010-09-27,002027
2010-09-27,002331
2010-09-27,300042
2010-09-27,000923
2010-09-27,000560
2010-09-27,600975
2010-09-27,002049
2010-09-27,600633
2010-10-08,002034
2010-10-08,000526
2010-10-08,000803
2010-10-08,600241
2010-10-08,600768
2010-10-08,300061
2010-10-08,002175
2010-10-08,002174
2010-10-08,300013
2010-10-08,600566
2010-10-08,002136
2010-10-08,600603
2010-10-08,000705
2010-10-08,002141
2010-10-08,002020
2010-10-08,000791
2010-10-08,600774
2010-10-08,002120
2010-10-08,600992
2010-10-08,002057
2010-10-08,002112
2010-10-08,002043
2010-10-08,600493
2010-10-08,600982
2010-10-08,000534
2010-10-08,300121
2010-10-08,600148
2010-10-08,300069
2010-10-08,000567
2010-10-08,002026
2010-10-08,002195
2010-10-08,002061
2010-10-08,600792
2010-10-08,600137
2010-10-08,002196
2010-10-08,002188
2010-10-08,300063
2010-10-08,600661
2010-10-08,002044
2010-10-08,300085
2010-10-08,600985
2010-10-08,000702
2010-10-08,600520
2010-10-08,600882
2010-10-08,002374
2010-10-08,600605
2010-10-08,600719
2010-10-08,002125
2010-10-08,002180
2010-10-08,000809
2010-10-08,000838
2010-10-08,300025
2010-10-08,300112
2010-10-08,002178
2010-10-08,600560
2010-10-08,600353
2010-10-08,300084
2010-10-08,000610
2010-10-08,600446
2010-10-08,000626
2010-10-08,600080
2010-10-08,002234
2010-10-08,600615
2010-10-08,002098
2010-10-08,600113
2010-10-08,600483
2010-10-08,002103
2010-10-08,600180
2010-10-08,002361
2010-10-08,000779
2010-10-08,002256
2010-10-08,000721
2010-10-08,300019
2010-10-08,002201
2010-10-08,002101
2010-10-08,600975
2010-10-08,002027
2010-10-08,002015
2010-10-08,002173
2010-10-08,000710
2010-10-08,000810
2010-10-08,002354
2010-10-08,000590
2010-10-08,600613
2010-10-08,002134
2010-10-08,000582
2010-10-08,600965
2010-10-08,600678
2010-10-08,300042
2010-10-08,002224
2010-10-08,600463
2010-10-08,300030
2010-10-08,600448
2010-10-08,300016
2010-10-08,002066
2010-10-08,000019
2010-10-08,002229
2010-10-08,000560
2010-10-08,002049
2010-10-08,600633
2010-10-21,002034
2010-10-21,000526
2010-10-21,000803
2010-10-21,600768
2010-10-21,002175
2010-10-21,002136
2010-10-21,600566
2010-10-21,002174
2010-10-21,600603
2010-10-21,600241
2010-10-21,300061
2010-10-21,600774
2010-10-21,000705
2010-10-21,300013
2010-10-21,000567
2010-10-21,002020
2010-10-21,600137
2010-10-21,002057
2010-10-21,002043
2010-10-21,000791
2010-10-21,002120
2010-10-21,000534
2010-10-21,600493
2010-10-21,600792
2010-10-21,002026
2010-10-21,002141
2010-10-21,002112
2010-10-21,300121
2010-10-21,600982
2010-10-21,002195
2010-10-21,300069
2010-10-21,600605
2010-10-21,000838
2010-10-21,600520
2010-10-21,002196
2010-10-21,600661
2010-10-21,002061
2010-10-21,600992
2010-10-21,300112
2010-10-21,600882
2010-10-21,000779
2010-10-21,600148
2010-10-21,000610
2010-10-21,002374
2010-10-21,300085
2010-10-21,600353
2010-10-21,002178
2010-10-21,000721
2010-10-21,002125
2010-10-21,600615
2010-10-21,600985
2010-10-21,300063
2010-10-21,000702
2010-10-21,000809
2010-10-21,600080
2010-10-21,600719
2010-10-21,000626
2010-10-21,600560
2010-10-21,002188
2010-10-21,002180
2010-10-21,002066
2010-10-21,002256
2010-10-21,002044
2010-10-21,002173
2010-10-21,600483
2010-10-21,002098
2010-10-21,002361
2010-10-21,002103
2010-10-21,600448
2010-10-21,300025
2010-10-21,600678
2010-10-21,002354
2010-10-21,002027
2010-10-21,000810
2010-10-21,600975
2010-10-21,600965
2010-10-21,300084
2010-10-21,600113
2010-10-21,000019
2010-10-21,600180
2010-10-21,600463
2010-10-21,002134
2010-10-21,300042
2010-10-21,600446
2010-10-21,300030
2010-10-21,000710
2010-10-21,600613
2010-10-21,002229
2010-10-21,000802
2010-10-21,002373
2010-10-21,600152
2010-10-21,000639
2010-10-21,002331
2010-10-21,000692
2010-10-21,002401
2010-10-21,002102
2010-10-21,002201
2010-10-21,000560
2010-10-21,002049
2010-10-21,600633
2010-11-04,002034
2010-11-04,000803
2010-11-04,000526
2010-11-04,002136
2010-11-04,600768
2010-11-04,300061
2010-11-04,600566
2010-11-04,300013
2010-11-04,002174
2010-11-04,600241
2010-11-04,000705
2010-11-04,002020
2010-11-04,000567
2010-11-04,002175
2010-11-04,600603
2010-11-04,600774
2010-11-04,002120
2010-11-04,000534
2010-11-04,600493
2010-11-04,300069
2010-11-04,600137
2010-11-04,002141
2010-11-04,000791
2010-11-04,300121
2010-11-04,002043
2010-11-04,000838
2010-11-04,600982
2010-11-04,002026
2010-11-04,600520
2010-11-04,600353
2010-11-04,600605
2010-11-04,002112
2010-11-04,002180
2010-11-04,600882
2010-11-04,300112
2010-11-04,300085
2010-11-04,002061
2010-11-04,300063
2010-11-04,002374
2010-11-04,600792
2010-11-04,000702
2010-11-04,600661
2010-11-04,600615
2010-11-04,000779
2010-11-04,002178
2010-11-04,000626
2010-11-04,300084
2010-11-04,002195
2010-11-04,600080
2010-11-04,000809
2010-11-04,600719
2010-11-04,002066
2010-11-04,600180
2010-11-04,002361
2010-11-04,600985
2010-11-04,600483
2010-11-04,002373
2010-11-04,000810
2010-11-04,000721
2010-11-04,002354
2010-11-04,000802
2010-11-04,300025
2010-11-04,300042
2010-11-04,600678
2010-11-04,002098
2010-11-04,002256
2010-11-04,600613
2010-11-04,002102
2010-11-04,600463
2010-11-04,002173
2010-11-04,600152
2010-11-04,300030
2010-11-04,600448
2010-11-04,600113
2010-11-04,600992
2010-11-04,002229
2010-11-04,002134
2010-11-04,600446
2010-11-04,000692
2010-11-04,002027
2010-11-04,600975
2010-11-04,600560
2010-11-04,600965
2010-11-04,000610
2010-11-04,002103
2010-11-04,000019
2010-11-04,600148
2010-11-04,300132
2010-11-04,600689
2010-11-04,300081
2010-11-04,600731
2010-11-04,300056
2010-11-04,300067
2010-11-04,300095
2010-11-04,300016
2010-11-04,002196
2010-11-04,002201
2010-11-04,000560
2010-11-04,002049
2010-11-04,600633
2010-11-18,002034
2010-11-18,000803
2010-11-18,000526
2010-11-18,600768
2010-11-18,002136
2010-11-18,300061
2010-11-18,002175
2010-11-18,600603
2010-11-18,000534
2010-11-18,002174
2010-11-18,000791
2010-11-18,000567
2010-11-18,000705
2010-11-18,002120
2010-11-18,600566
2010-11-18,002141
2010-11-18,000838
2010-11-18,300013
2010-11-18,600774
2010-11-18,600493
2010-11-18,600353
2010-11-18,600661
2010-11-18,002026
2010-11-18,002061
2010-11-18,002020
2010-11-18,600982
2010-11-18,600137
2010-11-18,002178
2010-11-18,002112
2010-11-18,000702
2010-11-18,600882
2010-11-18,000779
2010-11-18,002180
2010-11-18,600792
2010-11-18,002195
2010-11-18,600241
2010-11-18,000626
2010-11-18,300069
2010-11-18,300085
2010-11-18,600985
2010-11-18,000810
2010-11-18,002374
2010-11-18,002066
2010-11-18,600613
2010-11-18,600520
2010-11-18,300063
2010-11-18,002103
2010-11-18,600448
2010-11-18,000802
2010-11-18,600463
2010-11-18,002134
2010-11-18,600975
2010-11-18,300121
2010-11-18,002043
2010-11-18,002098
2010-11-18,600148
2010-11-18,600731
2010-11-18,000809
2010-11-18,600080
2010-11-18,600446
2010-11-18,300112
2010-11-18,600965
2010-11-18,600615
2010-11-18,000610
2010-11-18,002361
2010-11-18,600992
2010-11-18,002229
2010-11-18,600678
2010-11-18,002354
2010-11-18,002373
2010-11-18,600483
2010-11-18,300084
2010-11-18,300095
2010-11-18,600113
2010-11-18,300056
2010-11-18,600719
2010-11-18,600506
2010-11-18,000923
2010-11-18,000582
2010-11-18,002125
2010-11-18,002188
2010-11-18,600732
2010-11-18,000967
2010-11-18,002059
2010-11-18,002105
2010-11-18,002224
2010-11-18,000710
2010-11-18,600167
2010-11-18,600211
2010-11-18,600476
2010-11-18,000700
2010-11-18,600370
2010-11-18,000957
2010-11-18,002360
2010-11-18,000721
2010-11-18,002027
2010-11-18,000019
2010-11-18,002201
2010-11-18,000560
2010-11-18,600633
2010-12-02,000803
2010-12-02,000526
2010-12-02,002034
2010-12-02,002175
2010-12-02,600768
2010-12-02,000567
2010-12-02,600603
2010-12-02,000534
2010-12-02,300061
2010-12-02,002136
2010-12-02,002174
2010-12-02,600566
2010-12-02,300013
2010-12-02,000791
2010-12-02,002141
2010-12-02,002120
2010-12-02,600353
2010-12-02,000838
2010-12-02,600792
2010-12-02,600241
2010-12-02,600506
2010-12-02,000702
2010-12-02,600774
2010-12-02,000705
2010-12-02,002020
2010-12-02,600882
2010-12-02,600493
2010-12-02,002061
2010-12-02,600520
2010-12-02,300069
2010-12-02,600992
2010-12-02,002195
2010-12-02,002178
2010-12-02,002125
2010-12-02,300085
2010-12-02,000810
2010-12-02,600137
2010-12-02,000582
2010-12-02,600985
2010-12-02,000626
2010-12-02,002026
2010-12-02,600463
2010-12-02,600661
2010-12-02,300121
2010-12-02,600732
2010-12-02,600982
2010-12-02,300063
2010-12-02,600731
2010-12-02,000809
2010-12-02,300112
2010-12-02,002180
2010-12-02,000779
2010-12-02,000802
2010-12-02,600448
2010-12-02,002374
2010-12-02,002105
2010-12-02,002103
2010-12-02,600483
2010-12-02,002112
2010-12-02,600975
2010-12-02,600613
2010-12-02,600615
2010-12-02,000710
2010-12-02,002361
2010-12-02,000923
2010-12-02,002354
2010-12-02,002043
2010-12-02,000610
2010-12-02,002066
2010-12-02,000019
2010-12-02,002373
2010-12-02,600370
2010-12-02,002027
2010-12-02,600080
2010-12-02,000967
2010-12-02,600446
2010-12-02,002188
2010-12-02,600148
2010-12-02,600965
2010-12-02,002098
2010-12-02,000700
2010-12-02,002360
2010-12-02,600476
2010-12-02,600113
2010-12-02,600167
2010-12-02,000014
2010-12-02,002173
2010-12-02,600605
2010-12-02,000593
2010-12-02,000663
2010-12-02,000421
2010-12-02,600180
2010-12-02,600076
2010-12-02,600857
2010-12-02,300016
2010-12-02,002357
2010-12-02,002331
2010-12-02,002201
2010-12-02,000560
2010-12-02,600633
2010-12-16,002034
2010-12-16,000803
2010-12-16,000526
2010-12-16,600768
2010-12-16,002136
2010-12-16,600603
2010-12-16,002175
2010-12-16,300061
2010-12-16,002174
2010-12-16,000534
2010-12-16,000567
2010-12-16,600566
2010-12-16,002141
2010-12-16,000791
2010-12-16,300013
2010-12-16,000705
2010-12-16,002120
2010-12-16,600792
2010-12-16,600493
2010-12-16,000702
2010-12-16,600241
2010-12-16,600506
2010-12-16,000626
2010-12-16,600520
2010-12-16,600882
2010-12-16,002061
2010-12-16,600353
2010-12-16,002178
2010-12-16,000838
2010-12-16,000810
2010-12-16,600661
2010-12-16,600992
2010-12-16,300085
2010-12-16,600774
2010-12-16,300121
2010-12-16,002020
2010-12-16,000809
2010-12-16,300069
2010-12-16,600731
2010-12-16,000582
2010-12-16,002112
2010-12-16,600463
2010-12-16,600985
2010-12-16,300063
2010-12-16,002026
2010-12-16,600448
2010-12-16,002103
2010-12-16,002195
2010-12-16,600732
2010-12-16,600615
2010-12-16,300112
2010-12-16,600982
2010-12-16,002188
2010-12-16,002105
2010-12-16,002354
2010-12-16,002201
2010-12-16,002180
2010-12-16,600137
2010-12-16,002125
2010-12-16,600975
2010-12-16,000967
2010-12-16,000014
2010-12-16,000802
2010-12-16,000923
2010-12-16,000710
2010-12-16,002361
2010-12-16,000779
2010-12-16,600076
2010-12-16,600857
2010-12-16,600180
2010-12-16,600613
2010-12-16,600965
2010-12-16,002373
2010-12-16,600148
2010-12-16,000663
2010-12-16,002374
2010-12-16,002173
2010-12-16,000421
2010-12-16,600113
2010-12-16,600167
2010-12-16,300016
2010-12-16,002027
2010-12-16,600370
2010-12-16,600605
2010-12-16,002331
2010-12-16,000610
2010-12-16,000019
2010-12-16,002098
2010-12-16,000815
2010-12-16,600152
2010-12-16,600684
2010-12-16,300042
2010-12-16,002224
2010-12-16,002196
2010-12-16,300081
2010-12-16,600833
2010-12-16,002043
2010-12-16,600476
2010-12-16,000560
2010-12-16,600633
2010-12-30,000803
2010-12-30,002034
2010-12-30,000526
2010-12-30,600768
2010-12-30,002136
2010-12-30,002174
2010-12-30,600566
2010-12-30,002175
2010-12-30,600603
2010-12-30,002141
2010-12-30,000567
2010-12-30,300013
2010-12-30,300061
2010-12-30,000791
2010-12-30,000705
2010-12-30,600792
2010-12-30,600241
2010-12-30,600493
2010-12-30,002178
2010-12-30,000702
2010-12-30,600520
2010-12-30,000534
2010-12-30,600661
2010-12-30,600506
2010-12-30,000838
2010-12-30,600353
2010-12-30,002061
2010-12-30,600774
2010-12-30,300121
2010-12-30,000626
2010-12-30,600992
2010-12-30,002112
2010-12-30,002180
2010-12-30,002188
2010-12-30,002201
2010-12-30,002195
2010-12-30,600137
2010-12-30,600732
2010-12-30,600615
2010-12-30,000810
2010-12-30,300085
2010-12-30,002020
2010-12-30,600882
2010-12-30,000923
2010-12-30,000809
2010-12-30,600463
2010-12-30,000967
2010-12-30,300063
2010-12-30,000582
2010-12-30,600982
2010-12-30,300112
2010-12-30,002103
2010-12-30,600975
2010-12-30,600613
2010-12-30,600448
2010-12-30,002125
2010-12-30,000014
2010-12-30,002373
2010-12-30,002173
2010-12-30,300069
2010-12-30,000802
2010-12-30,000815
2010-12-30,600605
2010-12-30,000710
2010-12-30,002026
2010-12-30,600965
2010-12-30,002354
2010-12-30,000019
2010-12-30,002361
2010-12-30,600180
2010-12-30,002374
2010-12-30,300016
2010-12-30,000421
2010-12-30,002027
2010-12-30,600148
2010-12-30,600076
2010-12-30,600833
2010-12-30,300042
2010-12-30,600857
2010-12-30,600167
2010-12-30,600985
2010-12-30,000779
2010-12-30,600370
2010-12-30,002331
2010-12-30,000663
2010-12-30,600446
2010-12-30,300056
2010-12-30,002066
2010-12-30,600346
2010-12-30,000593
2010-12-30,300035
2010-12-30,000025
2010-12-30,002057
2010-12-30,002102
2010-12-30,600513
2010-12-30,002239
2010-12-30,002120
2010-12-30,600476
2010-12-30,000560
2010-12-30,600633
2011-01-13,002034
2011-01-13,000803
2011-01-13,600768
2011-01-13,000526
2011-01-13,002136
2011-01-13,002175
2011-01-13,002174
2011-01-13,600566
2011-01-13,000560
2011-01-13,002141
2011-01-13,300013
2011-01-13,300061
2011-01-13,000567
2011-01-13,600603
2011-01-13,000791
2011-01-13,600241
2011-01-13,600792
2011-01-13,002178
2011-01-13,000705
2011-01-13,600774
2011-01-13,000702
2011-01-13,600493
2011-01-13,600137
2011-01-13,000534
2011-01-13,600520
2011-01-13,600661
2011-01-13,600353
2011-01-13,000626
2011-01-13,002195
2011-01-13,600506
2011-01-13,002201
2011-01-13,002188
2011-01-13,000838
2011-01-13,300121
2011-01-13,002020
2011-01-13,300085
2011-01-13,000809
2011-01-13,002112
2011-01-13,300112
2011-01-13,300063
2011-01-13,000967
2011-01-13,000923
2011-01-13,600448
2011-01-13,600732
2011-01-13,000582
2011-01-13,600992
2011-01-13,600615
2011-01-13,000710
2011-01-13,000810
2011-01-13,300069
2011-01-13,600985
2011-01-13,002103
2011-01-13,600463
2011-01-13,600975
2011-01-13,600613
2011-01-13,000802
2011-01-13,600476
2011-01-13,000019
2011-01-13,002373
2011-01-13,002125
2011-01-13,300042
2011-01-13,600882
2011-01-13,600446
2011-01-13,002374
2011-01-13,002361
2011-01-13,002026
2011-01-13,600965
2011-01-13,600148
2011-01-13,002180
2011-01-13,600605
2011-01-13,600982
2011-01-13,000014
2011-01-13,300016
2011-01-13,002173
2011-01-13,002354
2011-01-13,300035
2011-01-13,000663
2011-01-13,000815
2011-01-13,600833
2011-01-13,600513
2011-01-13,002027
2011-01-13,600370
2011-01-13,000421
2011-01-13,000593
2011-01-13,002066
2011-01-13,600076
2011-01-13,000779
2011-01-13,300056
2011-01-13,002102
2011-01-13,600857
2011-01-13,002239
2011-01-13,000025
2011-01-13,002105
2011-01-13,300148
2011-01-13,300081
2011-01-13,000692
2011-01-13,002059
2011-01-13,002061
2011-01-13,002120
2011-01-13,600633
2011-01-27,002034
2011-01-27,000526
2011-01-27,000803
2011-01-27,002174
2011-01-27,600768
2011-01-27,002136
2011-01-27,002175
2011-01-27,000560
2011-01-27,000567
2011-01-27,300061
2011-01-27,600241
2011-01-27,002141
2011-01-27,300013
2011-01-27,000791
2011-01-27,000705
2011-01-27,600792
2011-01-27,002178
2011-01-27,600566
2011-01-27,600603
2011-01-27,000534
2011-01-27,000702
2011-01-27,002201
2011-01-27,000626
2011-01-27,000838
2011-01-27,600520
2011-01-27,600506
2011-01-27,300085
2011-01-27,002125
2011-01-27,600992
2011-01-27,300121
2011-01-27,600493
2011-01-27,600353
2011-01-27,600137
2011-01-27,600774
2011-01-27,600148
2011-01-27,600985
2011-01-27,000710
2011-01-27,002195
2011-01-27,600615
2011-01-27,000582
2011-01-27,300069
2011-01-27,002112
2011-01-27,300063
2011-01-27,600661
2011-01-27,002061
2011-01-27,002026
2011-01-27,300112
2011-01-27,600476
2011-01-27,600975
2011-01-27,600732
2011-01-27,600605
2011-01-27,002173
2011-01-27,002374
2011-01-27,000967
2011-01-27,002020
2011-01-27,300042
2011-01-27,600463
2011-01-27,600965
2011-01-27,600446
2011-01-27,600613
2011-01-27,000663
2011-01-27,000593
2011-01-27,000923
2011-01-27,600448
2011-01-27,000802
2011-01-27,300056
2011-01-27,300148
2011-01-27,002105
2011-01-27,300016
2011-01-27,000810
2011-01-27,000815
2011-01-27,002066
2011-01-27,002354
2011-01-27,000692
2011-01-27,002373
2011-01-27,000809
2011-01-27,000014
2011-01-27,600370
2011-01-27,002027
2011-01-27,300081
2011-01-27,600857
2011-01-27,002361
2011-01-27,300035
2011-01-27,000779
2011-01-27,002239
2011-01-27,300095
2011-01-27,002196
2011-01-27,002159
2011-01-27,002357
2011-01-27,300109
2011-01-27,600152
2011-01-27,002124
2011-01-27,002364
2011-01-27,300067
2011-01-27,600113
2011-01-27,002188
2011-01-27,002103
2011-01-27,600882
2011-01-27,002120
2011-01-27,600633
2011-02-10,002034
2011-02-10,000526
2011-02-10,002174
2011-02-10,600768
2011-02-10,000803
2011-02-10,002136
2011-02-10,002175
2011-02-10,000560
2011-02-10,000567
2011-02-10,300061
2011-02-10,300013
2011-02-10,002141
2011-02-10,600241
2011-02-10,000791
2011-02-10,000705
2011-02-10,002178
2011-02-10,600792
2011-02-10,600603
2011-02-10,000534
2011-02-10,002188
2011-02-10,000838
2011-02-10,600566
2011-02-10,000702
2011-02-10,002201
2011-02-10,600137
2011-02-10,000626
2011-02-10,600353
2011-02-10,300121
2011-02-10,600992
2011-02-10,300085
2011-02-10,600774
2011-02-10,600506
2011-02-10,300063
2011-02-10,000710
2011-02-10,600493
2011-02-10,600661
2011-02-10,000582
2011-02-10,600985
2011-02-10,300069
2011-02-10,002112
2011-02-10,002026
2011-02-10,300112
2011-02-10,002374
2011-02-10,002195
2011-02-10,002103
2011-02-10,600463
2011-02-10,600615
2011-02-10,600148
2011-02-10,300042
2011-02-10,000802
2011-02-10,002125
2011-02-10,600732
2011-02-10,600605
2011-02-10,600613
2011-02-10,000967
2011-02-10,300095
2011-02-10,600448
2011-02-10,002354
2011-02-10,002173
2011-02-10,000593
2011-02-10,300148
2011-02-10,600446
2011-02-10,002020
2011-02-10,000923
2011-02-10,002373
2011-02-10,300056
2011-02-10,002196
2011-02-10,300016
2011-02-10,000815
2011-02-10,000692
2011-02-10,600965
2011-02-10,002105
2011-02-10,002066
2011-02-10,002239
2011-02-10,002361
2011-02-10,600476
2011-02-10,000663
2011-02-10,600975
2011-02-10,002061
2011-02-10,002159
2011-02-10,300081
2011-02-10,300035
2011-02-10,002027
2011-02-10,002357
2011-02-10,002364
2011-02-10,600857
2011-02-10,600152
2011-02-10,600370
2011-02-10,300067
2011-02-10,000014
2011-02-10,002124
2011-02-10,600833
2011-02-10,002102
2011-02-10,300031
2011-02-10,300132
2011-02-10,600167
2011-02-10,600520
2011-02-10,600882
2011-02-10,002120
2011-02-10,600633
2011-02-24,002034
2011-02-24,000526
2011-02-24,600768
2011-02-24,002175
2011-02-24,002174
2011-02-24,300061
2011-02-24,000803
2011-02-24,002136
2011-02-24,300013
2011-02-24,000567
2011-02-24,000560
2011-02-24,002141
2011-02-24,600241
2011-02-24,600792
2011-02-24,000705
2011-02-24,000791
2011-02-24,002178
2011-02-24,000838
2011-02-24,600603
2011-02-24,000534
2011-02-24,600566
2011-02-24,600774
2011-02-24,600137
2011-02-24,000702
2011-02-24,000626
2011-02-24,600506
2011-02-24,600520
2011-02-24,300112
2011-02-24,300063
2011-02-24,300069
2011-02-24,002188
2011-02-24,300085
2011-02-24,600353
2011-02-24,002201
2011-02-24,600615
2011-02-24,300121
2011-02-24,300042
2011-02-24,600661
2011-02-24,002112
2011-02-24,000582
2011-02-24,300056
2011-02-24,002354
2011-02-24,300095
2011-02-24,002374
2011-02-24,000967
2011-02-24,300148
2011-02-24,000710
2011-02-24,002103
2011-02-24,000923
2011-02-24,600463
2011-02-24,600985
2011-02-24,600448
2011-02-24,000593
2011-02-24,002195
2011-02-24,002361
2011-02-24,600965
2011-02-24,002173
2011-02-24,000692
2011-02-24,600446
2011-02-24,002026
2011-02-24,002125
2011-02-24,002373
2011-02-24,002196
2011-02-24,600613
2011-02-24,300035
2011-02-24,000802
2011-02-24,600992
2011-02-24,300031
2011-02-24,300081
2011-02-24,300016
2011-02-24,000663
2011-02-24,600493
2011-02-24,300067
2011-02-24,000014
2011-02-24,600975
2011-02-24,600476
2011-02-24,600732
2011-02-24,002102
2011-02-24,002066
2011-02-24,600857
2011-02-24,002027
2011-02-24,000815
2011-02-24,002239
2011-02-24,002061
2011-02-24,002357
2011-02-24,600833
2011-02-24,002020
2011-02-24,002124
2011-02-24,002364
2011-02-24,300184
2011-02-24,300176
2011-02-24,000810
2011-02-24,600080
2011-02-24,002043
2011-02-24,600719
2011-02-24,002377
2011-02-24,300174
2011-02-24,600882
2011-02-24,002120
2011-02-24,600633
2011-03-10,002034
2011-03-10,000526
2011-03-10,300061
2011-03-10,600768
2011-03-10,002175
2011-03-10,002174
2011-03-10,300013
2011-03-10,000567
2011-03-10,000803
2011-03-10,002141
2011-03-10,600241
2011-03-10,600792
2011-03-10,000705
2011-03-10,600603
2011-03-10,000791
2011-03-10,002178
2011-03-10,000534
2011-03-10,000838
2011-03-10,600566
2011-03-10,300069
2011-03-10,600520
2011-03-10,000626
2011-03-10,300063
2011-03-10,300112
2011-03-10,600137
2011-03-10,600353
2011-03-10,002188
2011-03-10,300184
2011-03-10,000702
2011-03-10,600774
2011-03-10,600661
2011-03-10,600506
2011-03-10,300042
2011-03-10,002374
2011-03-10,300176
2011-03-10,002201
2011-03-10,002354
2011-03-10,600615
2011-03-10,600992
2011-03-10,300095
2011-03-10,002125
2011-03-10,300121
2011-03-10,002112
2011-03-10,000582
2011-03-10,300056
2011-03-10,002195
2011-03-10,300081
2011-03-10,002103
2011-03-10,300035
2011-03-10,002373
2011-03-10,002173
2011-03-10,300148
2011-03-10,002361
2011-03-10,000967
2011-03-10,000593
2011-03-10,000802
2011-03-10,600448
2011-03-10,002026
2011-03-10,600732
2011-03-10,600985
2011-03-10,300016
2011-03-10,600446
2011-03-10,300085
2011-03-10,002136
2011-03-10,600965
2011-03-10,300067
2011-03-10,002364
2011-03-10,002043
2011-03-10,000710
2011-03-10,300031
2011-03-10,002196
2011-03-10,002027
2011-03-10,000663
2011-03-10,600975
2011-03-10,600463
2011-03-10,000923
2011-03-10,600857
2011-03-10,002239
2011-03-10,000692
2011-03-10,600476
2011-03-10,600493
2011-03-10,600833
2011-03-10,000810
2011-03-10,002066
2011-03-10,002377
2011-03-10,002102
2011-03-10,002020
2011-03-10,002124
2011-03-10,000815
2011-03-10,002319
2011-03-10,002105
2011-03-10,002207
2011-03-10,300149
2011-03-10,600731
2011-03-10,000560
2011-03-10,000014
2011-03-10,002357
2011-03-10,600882
2011-03-10,002120
2011-03-10,600633
2011-03-24,002034
2011-03-24,000526
2011-03-24,300061
2011-03-24,300013
2011-03-24,000803
2011-03-24,600768
2011-03-24,002174
2011-03-24,002175
2011-03-24,000567
2011-03-24,000560
2011-03-24,600792
2011-03-24,600566
2011-03-24,600520
2011-03-24,002141
2011-03-24,300069
2011-03-24,000791
2011-03-24,002178
2011-03-24,000705
2011-03-24,000838
2011-03-24,600137
2011-03-24,000534
2011-03-24,600603
2011-03-24,300112
2011-03-24,600241
2011-03-24,600774
2011-03-24,300063
2011-03-24,002195
2011-03-24,000626
2011-03-24,300184
2011-03-24,300148
2011-03-24,002125
2011-03-24,300056
2011-03-24,600353
2011-03-24,300176
2011-03-24,002188
2011-03-24,000702
2011-03-24,002112
2011-03-24,300042
2011-03-24,300081
2011-03-24,300016
2011-03-24,600661
2011-03-24,000582
2011-03-24,002374
2011-03-24,000593
2011-03-24,600732
2011-03-24,002354
2011-03-24,300095
2011-03-24,002361
2011-03-24,600615
2011-03-24,300031
2011-03-24,002364
2011-03-24,600992
2011-03-24,002373
2011-03-24,002026
2011-03-24,600975
2011-03-24,000967
2011-03-24,300035
2011-03-24,000710
2011-03-24,000014
2011-03-24,000802
2011-03-24,600463
2011-03-24,600506
2011-03-24,600965
2011-03-24,002319
2011-03-24,002103
2011-03-24,300067
2011-03-24,002201
2011-03-24,002207
2011-03-24,300149
2011-03-24,002173
2011-03-24,000810
2011-03-24,600446
2011-03-24,300121
2011-03-24,000663
2011-03-24,600985
2011-03-24,002239
2011-03-24,002105
2011-03-24,000692
2011-03-24,002027
2011-03-24,600857
2011-03-24,002020
2011-03-24,300085
2011-03-24,002066
2011-03-24,600493
2011-03-24,002102
2011-03-24,600731
2011-03-24,300192
2011-03-24,000019
2011-03-24,300109
2011-03-24,002057
2011-03-24,300019
2011-03-24,600982
2011-03-24,300092
2011-03-24,300163
2011-03-24,002040
2011-03-24,002061
2011-03-24,002331
2011-03-24,600882
2011-03-24,002120
2011-03-24,600633
2011-04-07,002034
2011-04-07,300061
2011-04-07,300013
2011-04-07,002174
2011-04-07,002175
2011-04-07,000803
2011-04-07,000526
2011-04-07,000567
2011-04-07,000560
2011-04-07,300069
2011-04-07,002120
2011-04-07,600241
2011-04-07,300063
2011-04-07,000705
2011-04-07,300056
2011-04-07,002141
2011-04-07,600520
2011-04-07,300112
2011-04-07,002188
2011-04-07,002195
2011-04-07,600137
2011-04-07,000534
2011-04-07,300176
2011-04-07,000838
2011-04-07,600774
2011-04-07,300184
2011-04-07,300192
2011-04-07,300148
2011-04-07,002178
2011-04-07,300121
2011-04-07,300042
2011-04-07,300095
2011-04-07,600566
2011-04-07,002374
2011-04-07,000791
2011-04-07,600768
2011-04-07,300081
2011-04-07,002354
2011-04-07,002361
2011-04-07,600506
2011-04-07,300016
2011-04-07,002112
2011-04-07,600603
2011-04-07,000702
2011-04-07,002373
2011-04-07,600992
2011-04-07,300031
2011-04-07,600661
2011-04-07,002201
2011-04-07,600732
2011-04-07,002319
2011-04-07,300109
2011-04-07,000802
2011-04-07,002364
2011-04-07,002026
2011-04-07,002103
2011-04-07,300163
2011-04-07,000626
2011-04-07,600446
2011-04-07,600615
2011-04-07,002207
2011-04-07,002239
2011-04-07,000582
2011-04-07,300085
2011-04-07,600985
2011-04-07,000810
2011-04-07,600463
2011-04-07,000593
2011-04-07,300067
2011-04-07,600965
2011-04-07,000019
2011-04-07,300092
2011-04-07,000663
2011-04-07,002057
2011-04-07,300019
2011-04-07,002125
2011-04-07,002066
2011-04-07,600975
2011-04-07,002331
2011-04-07,000014
2011-04-07,300035
2011-04-07,600353
2011-04-07,000967
2011-04-07,002020
2011-04-07,600493
2011-04-07,002027
2011-04-07,000710
2011-04-07,300201
2011-04-07,300141
2011-04-07,002196
2011-04-07,600613
2011-04-07,300174
2011-04-07,002558
2011-04-07,002517
2011-04-07,002043
2011-04-07,300084
2011-04-07,300098
2011-04-07,600605
2011-04-07,600452
2011-04-07,600633
2011-04-21,300061
2011-04-21,300013
2011-04-21,000526
2011-04-21,002175
2011-04-21,002174
2011-04-21,002034
2011-04-21,300069
2011-04-21,000803
2011-04-21,000567
2011-04-21,300063
2011-04-21,600241
2011-04-21,000560
2011-04-21,300192
2011-04-21,600566
2011-04-21,600520
2011-04-21,300056
2011-04-21,300184
2011-04-21,300112
2011-04-21,002178
2011-04-21,300176
2011-04-21,002112
2011-04-21,002120
2011-04-21,002141
2011-04-21,002354
2011-04-21,300095
2011-04-21,300042
2011-04-21,300201
2011-04-21,300121
2011-04-21,300148
2011-04-21,600137
2011-04-21,300081
2011-04-21,002188
2011-04-21,000791
2011-04-21,000838
2011-04-21,002195
2011-04-21,000534
2011-04-21,002361
2011-04-21,002374
2011-04-21,600774
2011-04-21,300031
2011-04-21,002125
2011-04-21,002373
2011-04-21,600506
2011-04-21,000705
2011-04-21,002319
2011-04-21,600603
2011-04-21,002364
2011-04-21,000582
2011-04-21,300141
2011-04-21,300109
2011-04-21,300174
2011-04-21,000663
2011-04-21,300092
2011-04-21,300016
2011-04-21,002207
2011-04-21,000702
2011-04-21,600992
2011-04-21,002201
2011-04-21,000626
2011-04-21,300019
2011-04-21,002057
2011-04-21,600975
2011-04-21,600446
2011-04-21,300085
2011-04-21,002331
2011-04-21,000802
2011-04-21,000810
2011-04-21,300163
2011-04-21,300067
2011-04-21,000014
2011-04-21,600732
2011-04-21,000019
2011-04-21,002103
2011-04-21,002043
2011-04-21,000593
2011-04-21,002026
2011-04-21,002558
2011-04-21,002196
2011-04-21,600661
2011-04-21,600463
2011-04-21,002239
2011-04-21,600985
2011-04-21,000967
2011-04-21,600452
2011-04-21,300098
2011-04-21,002066
2011-04-21,300084
2011-04-21,300149
2011-04-21,002377
2011-04-21,300151
2011-04-21,600148
2011-04-21,300131
2011-04-21,002401
2011-04-21,300166
2011-04-21,300030
2011-04-21,600526
2011-04-21,002247
2011-04-21,600982
2011-04-21,600965
2011-04-21,600633
2011-05-05,300061
2011-05-05,300013
2011-05-05,002174
2011-05-05,002175
2011-05-05,000567
2011-05-05,000526
2011-05-05,300063
2011-05-05,300069
2011-05-05,600241
2011-05-05,300184
2011-05-05,000803
2011-05-05,300192
2011-05-05,300201
2011-05-05,002373
2011-05-05,300112
2011-05-05,000560
2011-05-05,300148
2011-05-05,002354
2011-05-05,600520
2011-05-05,002141
2011-05-05,002178
2011-05-05,300176
2011-05-05,300095
2011-05-05,300042
2011-05-05,002112
2011-05-05,000838
2011-05-05,000791
2011-05-05,600137
2011-05-05,300081
2011-05-05,000534
2011-05-05,600603
2011-05-05,002188
2011-05-05,300056
2011-05-05,300109
2011-05-05,002207
2011-05-05,002319
2011-05-05,300121
2011-05-05,002201
2011-05-05,600774
2011-05-05,300141
2011-05-05,300085
2011-05-05,300163
2011-05-05,002374
2011-05-05,300031
2011-05-05,000582
2011-05-05,002034
2011-05-05,600992
2011-05-05,600985
2011-05-05,002558
2011-05-05,600446
2011-05-05,002057
2011-05-05,300092
2011-05-05,300174
2011-05-05,600661
2011-05-05,002364
2011-05-05,300016
2011-05-05,600975
2011-05-05,300019
2011-05-05,600506
2011-05-05,300151
2011-05-05,002103
2011-05-05,002247
2011-05-05,000810
2011-05-05,000702
2011-05-05,000593
2011-05-05,002043
2011-05-05,002331
2011-05-05,002120
2011-05-05,002026
2011-05-05,000014
2011-05-05,000705
2011-05-05,002196
2011-05-05,000663
2011-05-05,002361
2011-05-05,000967
2011-05-05,300098
2011-05-05,002239
2011-05-05,002401
2011-05-05,300166
2011-05-05,300149
2011-05-05,600526
2011-05-05,002377
2011-05-05,300131
2011-05-05,300213
2011-05-05,300210
2011-05-05,300035
2011-05-05,300162
2011-05-05,002517
2011-05-05,002159
2011-05-05,300212
2011-05-05,002360
2011-05-05,300103
2011-05-05,002105
2011-05-05,002224
2011-05-05,600605
2011-05-05,600613
2011-05-05,600566
2011-05-05,002125
2011-05-05,600965
2011-05-05,600633
2011-05-19,300013
2011-05-19,300061
2011-05-19,002174
2011-05-19,002175
2011-05-19,000526
2011-05-19,300063
2011-05-19,000567
2011-05-19,300069
2011-05-19,002373
2011-05-19,300184
2011-05-19,300192
2011-05-19,300148
2011-05-19,600520
2011-05-19,300201
2011-05-19,300112
2011-05-19,300095
2011-05-19,000803
2011-05-19,002141
2011-05-19,300081
2011-05-19,300176
2011-05-19,000560
2011-05-19,300042
2011-05-19,600241
2011-05-19,002374
2011-05-19,002178
2011-05-19,300056
2011-05-19,002112
2011-05-19,300109
2011-05-19,300031
2011-05-19,300163
2011-05-19,300121
2011-05-19,002207
2011-05-19,300141
2011-05-19,300213
2011-05-19,002354
2011-05-19,002319
2011-05-19,600774
2011-05-19,600137
2011-05-19,000838
2011-05-19,300085
2011-05-19,600603
2011-05-19,002188
2011-05-19,000534
2011-05-19,300149
2011-05-19,002057
2011-05-19,300210
2011-05-19,000791
2011-05-19,300016
2011-05-19,002125
2011-05-19,300092
2011-05-19,300019
2011-05-19,300174
2011-05-19,000582
2011-05-19,300162
2011-05-19,002364
2011-05-19,600985
2011-05-19,002201
2011-05-19,000663
2011-05-19,300151
2011-05-19,002558
2011-05-19,600446
2011-05-19,300166
2011-05-19,002043
2011-05-19,300035
2011-05-19,300212
2011-05-19,000702
2011-05-19,000014
2011-05-19,002361
2011-05-19,002159
2011-05-19,300103
2011-05-19,600661
2011-05-19,002517
2011-05-19,002239
2011-05-19,600506
2011-05-19,002247
2011-05-19,002026
2011-05-19,002377
2011-05-19,600975
2011-05-19,300131
2011-05-19,002103
2011-05-19,000705
2011-05-19,002401
2011-05-19,600992
2011-05-19,002224
2011-05-19,000593
2011-05-19,002196
2011-05-19,600605
2011-05-19,002579
2011-05-19,300076
2011-05-19,300018
2011-05-19,300030
2011-05-19,300106
2011-05-19,300120
2011-05-19,600513
2011-05-19,000810
2011-05-19,002331
2011-05-19,002360
2011-05-19,600566
2011-05-19,600965
2011-05-19,600633
2011-06-02,300013
2011-06-02,300061
2011-06-02,002174
2011-06-02,000567
2011-06-02,002175
2011-06-02,000526
2011-06-02,000803
2011-06-02,300063
2011-06-02,300184
2011-06-02,300069
2011-06-02,600520
2011-06-02,600241
2011-06-02,300148
2011-06-02,300112
2011-06-02,300192
2011-06-02,002373
2011-06-02,000560
2011-06-02,002112
2011-06-02,300081
2011-06-02,300201
2011-06-02,002141
2011-06-02,300176
2011-06-02,300109
2011-06-02,002207
2011-06-02,000791
2011-06-02,002374
2011-06-02,300095
2011-06-02,300042
2011-06-02,002125
2011-06-02,300031
2011-06-02,300121
2011-06-02,300213
2011-06-02,300141
2011-06-02,600603
2011-06-02,002354
2011-06-02,000534
2011-06-02,300151
2011-06-02,002188
2011-06-02,300092
2011-06-02,600137
2011-06-02,000838
2011-06-02,600774
2011-06-02,300210
2011-06-02,002319
2011-06-02,002579
2011-06-02,002201
2011-06-02,000014
2011-06-02,600446
2011-06-02,300163
2011-06-02,002159
2011-06-02,600661
2011-06-02,002239
2011-06-02,600985
2011-06-02,000582
2011-06-02,002364
2011-06-02,300016
2011-06-02,600506
2011-06-02,002178
2011-06-02,000705
2011-06-02,002517
2011-06-02,600992
2011-06-02,300149
2011-06-02,002558
2011-06-02,300085
2011-06-02,002247
2011-06-02,002224
2011-06-02,300174
2011-06-02,002361
2011-06-02,300120
2011-06-02,300162
2011-06-02,300019
2011-06-02,000593
2011-06-02,002331
2011-06-02,000663
2011-06-02,300035
2011-06-02,002057
2011-06-02,002043
2011-06-02,002026
2011-06-02,300166
2011-06-02,300076
2011-06-02,002103
2011-06-02,300103
2011-06-02,002377
2011-06-02,002196
2011-06-02,300030
2011-06-02,300220
2011-06-02,002120
2011-06-02,300221
2011-06-02,300067
2011-06-02,600493
2011-06-02,002421
2011-06-02,002402
2011-06-02,300222
2011-06-02,600463
2011-06-02,300056
2011-06-02,000810
2011-06-02,002360
2011-06-02,600566
2011-06-02,600965
2011-06-02,600633
2011-06-16,300220
2011-06-16,300061
2011-06-16,300013
2011-06-16,002175
2011-06-16,002174
2011-06-16,000567
2011-06-16,300184
2011-06-16,300063
2011-06-16,300069
2011-06-16,000526
2011-06-16,000803
2011-06-16,300148
2011-06-16,300192
2011-06-16,600241
2011-06-16,300109
2011-06-16,600520
2011-06-16,300081
2011-06-16,300112
2011-06-16,002354
2011-06-16,300176
2011-06-16,002141
2011-06-16,000560
2011-06-16,002112
2011-06-16,300085
2011-06-16,300201
2011-06-16,000791
2011-06-16,002178
2011-06-16,002207
2011-06-16,300092
2011-06-16,300042
2011-06-16,002373
2011-06-16,002120
2011-06-16,300213
2011-06-16,300121
2011-06-16,300095
2011-06-16,300151
2011-06-16,002579
2011-06-16,002558
2011-06-16,300210
2011-06-16,600774
2011-06-16,300141
2011-06-16,002319
2011-06-16,000705
2011-06-16,002364
2011-06-16,002517
2011-06-16,300221
2011-06-16,002331
2011-06-16,000582
2011-06-16,300163
2011-06-16,002159
2011-06-16,300016
2011-06-16,000014
2011-06-16,002201
2011-06-16,600603
2011-06-16,300056
2011-06-16,000838
2011-06-16,300031
2011-06-16,300162
2011-06-16,300174
2011-06-16,600992
2011-06-16,002239
2011-06-16,600446
2011-06-16,300120
2011-06-16,600137
2011-06-16,600506
2011-06-16,002026
2011-06-16,300067
2011-06-16,600661
2011-06-16,300030
2011-06-16,002188
2011-06-16,002224
2011-06-16,002402
2011-06-16,600493
2011-06-16,002361
2011-06-16,002043
2011-06-16,002247
2011-06-16,300103
2011-06-16,002057
2011-06-16,000593
2011-06-16,600985
2011-06-16,300076
2011-06-16,002377
2011-06-16,300166
2011-06-16,002125
2011-06-16,300019
2011-06-16,300035
2011-06-16,300226
2011-06-16,300227
2011-06-16,300231
2011-06-16,300230
2011-06-16,002587
2011-06-16,002568
2011-06-16,002034
2011-06-16,600768
2011-06-16,002590
2011-06-16,002580
2011-06-16,002374
2011-06-16,000810
2011-06-16,600566
2011-06-16,600633
2011-06-30,300220
2011-06-30,300061
2011-06-30,300226
2011-06-30,300231
2011-06-30,300227
2011-06-30,300013
2011-06-30,000567
2011-06-30,000526
2011-06-30,002175
2011-06-30,300063
2011-06-30,300069
2011-06-30,300184
2011-06-30,000803
2011-06-30,300192
2011-06-30,300148
2011-06-30,002174
2011-06-30,300109
2011-06-30,600520
2011-06-30,002112
2011-06-30,002354
2011-06-30,300081
2011-06-30,300112
2011-06-30,002141
2011-06-30,002374
2011-06-30,300176
2011-06-30,600241
2011-06-30,300085
2011-06-30,300201
2011-06-30,000791
2011-06-30,000560
2011-06-30,300230
2011-06-30,002373
2011-06-30,300042
2011-06-30,300213
2011-06-30,300095
2011-06-30,002120
2011-06-30,300121
2011-06-30,300092
2011-06-30,600774
2011-06-30,002178
2011-06-30,002587
2011-06-30,002319
2011-06-30,600137
2011-06-30,002558
2011-06-30,300221
2011-06-30,002239
2011-06-30,300141
2011-06-30,000014
2011-06-30,300163
2011-06-30,600603
2011-06-30,300056
2011-06-30,002057
2011-06-30,000582
2011-06-30,600992
2011-06-30,002159
2011-06-30,300031
2011-06-30,300016
2011-06-30,000838
2011-06-30,300174
2011-06-30,300151
2011-06-30,002517
2011-06-30,000705
2011-06-30,300067
2011-06-30,002207
2011-06-30,002026
2011-06-30,300162
2011-06-30,600446
2011-06-30,300035
2011-06-30,002590
2011-06-30,002224
2011-06-30,000593
2011-06-30,600768
2011-06-30,600985
2011-06-30,300120
2011-06-30,002568
2011-06-30,002331
2011-06-30,600661
2011-06-30,002579
2011-06-30,300030
2011-06-30,300076
2011-06-30,002580
2011-06-30,002361
2011-06-30,002188
2011-06-30,300166
2011-06-30,002034
2011-06-30,002043
2011-06-30,002201
2011-06-30,300235
2011-06-30,300236
2011-06-30,300234
2011-06-30,300232
2011-06-30,002591
2011-06-30,000663
2011-06-30,300025
2011-06-30,002103
2011-06-30,300210
2011-06-30,002364
2011-06-30,000810
2011-06-30,600566
2011-06-30,600633
2011-07-14,300061
2011-07-14,300013
2011-07-14,000567
2011-07-14,002175
2011-07-14,300220
2011-07-14,300226
2011-07-14,300231
2011-07-14,300227
2011-07-14,000526
2011-07-14,300063
2011-07-14,000803
2011-07-14,300184
2011-07-14,300069
2011-07-14,002174
2011-07-14,002112
2011-07-14,300192
2011-07-14,002354
2011-07-14,300148
2011-07-14,300081
2011-07-14,600241
2011-07-14,002141
2011-07-14,300109
2011-07-14,300112
2011-07-14,000560
2011-07-14,002373
2011-07-14,002374
2011-07-14,600520
2011-07-14,300201
2011-07-14,300235
2011-07-14,000791
2011-07-14,300236
2011-07-14,300085
2011-07-14,300230
2011-07-14,600566
2011-07-14,300042
2011-07-14,300176
2011-07-14,300095
2011-07-14,600774
2011-07-14,002120
2011-07-14,300232
2011-07-14,002207
2011-07-14,300213
2011-07-14,000014
2011-07-14,002178
2011-07-14,300121
2011-07-14,600137
2011-07-14,300092
2011-07-14,300234
2011-07-14,002558
2011-07-14,300056
2011-07-14,002587
2011-07-14,300163
2011-07-14,300174
2011-07-14,000838
2011-07-14,002364
2011-07-14,600992
2011-07-14,300067
2011-07-14,002239
2011-07-14,000582
2011-07-14,300151
2011-07-14,300141
2011-07-14,002188
2011-07-14,002026
2011-07-14,300031
2011-07-14,000593
2011-07-14,300016
2011-07-14,600661
2011-07-14,300120
2011-07-14,000663
2011-07-14,600446
2011-07-14,002319
2011-07-14,002159
2011-07-14,300035
2011-07-14,002103
2011-07-14,002331
2011-07-14,600603
2011-07-14,000705
2011-07-14,600985
2011-07-14,002224
2011-07-14,002043
2011-07-14,002579
2011-07-14,300221
2011-07-14,002057
2011-07-14,300076
2011-07-14,002591
2011-07-14,002361
2011-07-14,002201
2011-07-14,300025
2011-07-14,002517
2011-07-14,300162
2011-07-14,300242
2011-07-14,300243
2011-07-14,300239
2011-07-14,300149
2011-07-14,300019
2011-07-14,600506
2011-07-14,600605
2011-07-14,002247
2011-07-14,000810
2011-07-14,600633
2011-07-28,300061
2011-07-28,300013
2011-07-28,000567
2011-07-28,002175
2011-07-28,300063
2011-07-28,300220
2011-07-28,002174
2011-07-28,300227
2011-07-28,000526
2011-07-28,002112
2011-07-28,000803
2011-07-28,300226
2011-07-28,300081
2011-07-28,600241
2011-07-28,300184
2011-07-28,300231
2011-07-28,300109
2011-07-28,300069
2011-07-28,300192
2011-07-28,300148
2011-07-28,002141
2011-07-28,000560
2011-07-28,300242
2011-07-28,300112
2011-07-28,300085
2011-07-28,000791
2011-07-28,300176
2011-07-28,300243
2011-07-28,002373
2011-07-28,002354
2011-07-28,002374
2011-07-28,300235
2011-07-28,600566
2011-07-28,600520
2011-07-28,002207
2011-07-28,300095
2011-07-28,300092
2011-07-28,002178
2011-07-28,600774
2011-07-28,000014
2011-07-28,300201
2011-07-28,300230
2011-07-28,002120
2011-07-28,300234
2011-07-28,300056
2011-07-28,300236
2011-07-28,300213
2011-07-28,300031
2011-07-28,300121
2011-07-28,002239
2011-07-28,000838
2011-07-28,300067
2011-07-28,600661
2011-07-28,300120
2011-07-28,002319
2011-07-28,000582
2011-07-28,002026
2011-07-28,300232
2011-07-28,300141
2011-07-28,002364
2011-07-28,300016
2011-07-28,002224
2011-07-28,300149
2011-07-28,002587
2011-07-28,300042
2011-07-28,600992
2011-07-28,000663
2011-07-28,300019
2011-07-28,002558
2011-07-28,600137
2011-07-28,300076
2011-07-28,300151
2011-07-28,002361
2011-07-28,600605
2011-07-28,000705
2011-07-28,002159
2011-07-28,300035
2011-07-28,002579
2011-07-28,300025
2011-07-28,002103
2011-07-28,002043
2011-07-28,002057
2011-07-28,000593
2011-07-28,300162
2011-07-28,002247
2011-07-28,300163
2011-07-28,600985
2011-07-28,300239
2011-07-28,300174
2011-07-28,002331
2011-07-28,300246
2011-07-28,002061
2011-07-28,600613
2011-07-28,600463
2011-07-28,300084
2011-07-28,002066
2011-07-28,002188
2011-07-28,600506
2011-07-28,000810
2011-07-28,600633
2011-08-11,300013
2011-08-11,300061
2011-08-11,000567
2011-08-11,300220
2011-08-11,002175
2011-08-11,000803
2011-08-11,300227
2011-08-11,300242
2011-08-11,002373
2011-08-11,300081
2011-08-11,300063
2011-08-11,000526
2011-08-11,300226
2011-08-11,002112
2011-08-11,600241
2011-08-11,002174
2011-08-11,300069
2011-08-11,300243
2011-08-11,300235
2011-08-11,002141
2011-08-11,300112
2011-08-11,300192
2011-08-11,300095
2011-08-11,300176
2011-08-11,300184
2011-08-11,000791
2011-08-11,002374
2011-08-11,002354
2011-08-11,000560
2011-08-11,300231
2011-08-11,002178
2011-08-11,300109
2011-08-11,000014
2011-08-11,002120
2011-08-11,600774
2011-08-11,002239
2011-08-11,300056
2011-08-11,300148
2011-08-11,002207
2011-08-11,000582
2011-08-11,300085
2011-08-11,300236
2011-08-11,600992
2011-08-11,600661
2011-08-11,002026
2011-08-11,300232
2011-08-11,300035
2011-08-11,300201
2011-08-11,002319
2011-08-11,600506
2011-08-11,300042
2011-08-11,300120
2011-08-11,300031
2011-08-11,000663
2011-08-11,002247
2011-08-11,002224
2011-08-11,600566
2011-08-11,600137
2011-08-11,300067
2011-08-11,002558
2011-08-11,300213
2011-08-11,300016
2011-08-11,300019
2011-08-11,002057
2011-08-11,600605
2011-08-11,002331
2011-08-11,000838
2011-08-11,300230
2011-08-11,002579
2011-08-11,600520
2011-08-11,300076
2011-08-11,300162
2011-08-11,002364
2011-08-11,300163
2011-08-11,300151
2011-08-11,002103
2011-08-11,600463
2011-08-11,300149
2011-08-11,002066
2011-08-11,300174
2011-08-11,002587
2011-08-11,002043
2011-08-11,300025
2011-08-11,300246
2011-08-11,600985
2011-08-11,002061
2011-08-11,600768
2011-08-11,002402
2011-08-11,300248
2011-08-11,002201
2011-08-11,300250
2011-08-11,002027
2011-08-11,600526
2011-08-11,002553
2011-08-11,002119
2011-08-11,000702
2011-08-11,600615
2011-08-11,002188
2011-08-11,000810
2011-08-11,600633
2011-08-25,300013
2011-08-25,300061
2011-08-25,000567
2011-08-25,002175
2011-08-25,000803
2011-08-25,300220
2011-08-25,002373
2011-08-25,000526
2011-08-25,002112
2011-08-25,300081
2011-08-25,600241
2011-08-25,300242
2011-08-25,002174
2011-08-25,300069
2011-08-25,002141
2011-08-25,300235
2011-08-25,300226
2011-08-25,300227
2011-08-25,300184
2011-08-25,300095
2011-08-25,002354
2011-08-25,300176
2011-08-25,000791
2011-08-25,300063
2011-08-25,300192
2011-08-25,000560
2011-08-25,300112
2011-08-25,600774
2011-08-25,002178
2011-08-25,000014
2011-08-25,600566
2011-08-25,002374
2011-08-25,002120
2011-08-25,600506
2011-08-25,000582
2011-08-25,002239
2011-08-25,300056
2011-08-25,300231
2011-08-25,600992
2011-08-25,600661
2011-08-25,002319
2011-08-25,300201
2011-08-25,600137
2011-08-25,600520
2011-08-25,300085
2011-08-25,300042
2011-08-25,002188
2011-08-25,300148
2011-08-25,300120
2011-08-25,000838
2011-08-25,000663
2011-08-25,300019
2011-08-25,002026
2011-08-25,002057
2011-08-25,300067
2011-08-25,300016
2011-08-25,002402
2011-08-25,300035
2011-08-25,600605
2011-08-25,002103
2011-08-25,300213
2011-08-25,002201
2011-08-25,002247
2011-08-25,000702
2011-08-25,600768
2011-08-25,002558
2011-08-25,300151
2011-08-25,600463
2011-08-25,002331
2011-08-25,300163
2011-08-25,300236
2011-08-25,300031
2011-08-25,300230
2011-08-25,002364
2011-08-25,002027
2011-08-25,002579
2011-08-25,002207
2011-08-25,300248
2011-08-25,002061
2011-08-25,002553
2011-08-25,600526
2011-08-25,300109
2011-08-25,300076
2011-08-25,002119
2011-08-25,002066
2011-08-25,600985
2011-08-25,300174
2011-08-25,002224
2011-08-25,300243
2011-08-25,300250
2011-08-25,000586
2011-08-25,300121
2011-08-25,002361
2011-08-25,000710
2011-08-25,600513
2011-08-25,000692
2011-08-25,000705
2011-08-25,300232
2011-08-25,000810
2011-08-25,600633
2011-09-08,300013
2011-09-08,300061
2011-09-08,000567
2011-09-08,002175
2011-09-08,300220
2011-09-08,002373
2011-09-08,300081
2011-09-08,000803
2011-09-08,000526
2011-09-08,002112
2011-09-08,300226
2011-09-08,300242
2011-09-08,600241
2011-09-08,300235
2011-09-08,002141
2011-09-08,300227
2011-09-08,002174
2011-09-08,300184
2011-09-08,300069
2011-09-08,002374
2011-09-08,300095
2011-09-08,300112
2011-09-08,300176
2011-09-08,300192
2011-09-08,600566
2011-09-08,000014
2011-09-08,002178
2011-09-08,300063
2011-09-08,000791
2011-09-08,300231
2011-09-08,600506
2011-09-08,600774
2011-09-08,000560
2011-09-08,300056
2011-09-08,300085
2011-09-08,600137
2011-09-08,002120
2011-09-08,002188
2011-09-08,002354
2011-09-08,000582
2011-09-08,300042
2011-09-08,600992
2011-09-08,600520
2011-09-08,600661
2011-09-08,000586
2011-09-08,002319
2011-09-08,300148
2011-09-08,300201
2011-09-08,300067
2011-09-08,600768
2011-09-08,002247
2011-09-08,002026
2011-09-08,300248
2011-09-08,002057
2011-09-08,600605
2011-09-08,002239
2011-09-08,300016
2011-09-08,002207
2011-09-08,300213
2011-09-08,300232
2011-09-08,002364
2011-09-08,300151
2011-09-08,300120
2011-09-08,300236
2011-09-08,300163
2011-09-08,002331
2011-09-08,300121
2011-09-08,000702
2011-09-08,000663
2011-09-08,002201
2011-09-08,002103
2011-09-08,002553
2011-09-08,002027
2011-09-08,002361
2011-09-08,300230
2011-09-08,600463
2011-09-08,000692
2011-09-08,300109
2011-09-08,002224
2011-09-08,002119
2011-09-08,600985
2011-09-08,002558
2011-09-08,000705
2011-09-08,300174
2011-09-08,002066
2011-09-08,300076
2011-09-08,000838
2011-09-08,300019
2011-09-08,300084
2011-09-08,300092
2011-09-08,002587
2011-09-08,300149
2011-09-08,600148
2011-09-08,600732
2011-09-08,000967
2011-09-08,000593
2011-09-08,002591
2011-09-08,002579
2011-09-08,000810
2011-09-08,600633
2011-09-22,300013
2011-09-22,300061
2011-09-22,000567
2011-09-22,002175
2011-09-22,002373
2011-09-22,300220
2011-09-22,300226
2011-09-22,300081
2011-09-22,000526
2011-09-22,002112
2011-09-22,300235
2011-09-22,600241
2011-09-22,000803
2011-09-22,300227
2011-09-22,002174
2011-09-22,300184
2011-09-22,300069
2011-09-22,300095
2011-09-22,300192
2011-09-22,002141
2011-09-22,300242
2011-09-22,300231
2011-09-22,002374
2011-09-22,300112
2011-09-22,000560
2011-09-22,002178
2011-09-22,300176
2011-09-22,300056
2011-09-22,600137
2011-09-22,000014
2011-09-22,300063
2011-09-22,300085
2011-09-22,002120
2011-09-22,600520
2011-09-22,300042
2011-09-22,300248
2011-09-22,002319
2011-09-22,002354
2011-09-22,000582
2011-09-22,300084
2011-09-22,300236
2011-09-22,600774
2011-09-22,300232
2011-09-22,300230
2011-09-22,600661
2011-09-22,000791
2011-09-22,002587
2011-09-22,300067
2011-09-22,300213
2011-09-22,600506
2011-09-22,002188
2011-09-22,002247
2011-09-22,000586
2011-09-22,300201
2011-09-22,000663
2011-09-22,300120
2011-09-22,002057
2011-09-22,300016
2011-09-22,300148
2011-09-22,300151
2011-09-22,600566
2011-09-22,300163
2011-09-22,002579
2011-09-22,300149
2011-09-22,000702
2011-09-22,002364
2011-09-22,002591
2011-09-22,002331
2011-09-22,002103
2011-09-22,002558
2011-09-22,002553
2011-09-22,300121
2011-09-22,002201
2011-09-22,002361
2011-09-22,600768
2011-09-22,000705
2011-09-22,002027
2011-09-22,600463
2011-09-22,600605
2011-09-22,600732
2011-09-22,000593
2011-09-22,002026
2011-09-22,300174
2011-09-22,002207
2011-09-22,600992
2011-09-22,300076
2011-09-22,300109
2011-09-22,300243
2011-09-22,300247
2011-09-22,300246
2011-09-22,002517
2011-09-22,002590
2011-09-22,002034
2011-09-22,300234
2011-09-22,000710
2011-09-22,300025
2011-09-22,300250
2011-09-22,002402
2011-09-22,000810
2011-09-22,600633
2011-10-10,000526
2011-10-10,300013
2011-10-10,300061
2011-10-10,000567
2011-10-10,002175
2011-10-10,002373
2011-10-10,300220
2011-10-10,300235
2011-10-10,002112
2011-10-10,000803
2011-10-10,300242
2011-10-10,300226
2011-10-10,300081
2011-10-10,600241
2011-10-10,002374
2011-10-10,300227
2011-10-10,002174
2011-10-10,300184
2011-10-10,300069
2011-10-10,300231
2011-10-10,300192
2011-10-10,002141
2011-10-10,002178
2011-10-10,300112
2011-10-10,300176
2011-10-10,300063
2011-10-10,002354
2011-10-10,300095
2011-10-10,300056
2011-10-10,000560
2011-10-10,600774
2011-10-10,000014
2011-10-10,600137
2011-10-10,300084
2011-10-10,300085
2011-10-10,300236
2011-10-10,000582
2011-10-10,000586
2011-10-10,300042
2011-10-10,300232
2011-10-10,300148
2011-10-10,300109
2011-10-10,300247
2011-10-10,002319
2011-10-10,600566
2011-10-10,300248
2011-10-10,000663
2011-10-10,300120
2011-10-10,600661
2011-10-10,002247
2011-10-10,000705
2011-10-10,300016
2011-10-10,002364
2011-10-10,300067
2011-10-10,300246
2011-10-10,002587
2011-10-10,002188
2011-10-10,300213
2011-10-10,300201
2011-10-10,300243
2011-10-10,300151
2011-10-10,000702
2011-10-10,002591
2011-10-10,600520
2011-10-10,002057
2011-10-10,300234
2011-10-10,300230
2011-10-10,002103
2011-10-10,002553
2011-10-10,300121
2011-10-10,002034
2011-10-10,300149
2011-10-10,002361
2011-10-10,002207
2011-10-10,002331
2011-10-10,002027
2011-10-10,300250
2011-10-10,300174
2011-10-10,002558
2011-10-10,600463
2011-10-10,300025
2011-10-10,000710
2011-10-10,600732
2011-10-10,002517
2011-10-10,002579
2011-10-10,600768
2011-10-10,300266
2011-10-10,300019
2011-10-10,002615
2011-10-10,002119
2011-10-10,300259
2011-10-10,000692
2011-10-10,600148
2011-10-10,000923
2011-10-10,000610
2011-10-10,600448
2011-10-10,002120
2011-10-10,000791
2011-10-10,600506
2011-10-10,000810
2011-10-20,000526
2011-10-20,300013
2011-10-20,000567
2011-10-20,300061
2011-10-20,002175
2011-10-20,000803
2011-10-20,002112
2011-10-20,300242
2011-10-20,300220
2011-10-20,002373
2011-10-20,300226
2011-10-20,002174
2011-10-20,002374
2011-10-20,600241
2011-10-20,300235
2011-10-20,300056
2011-10-20,300069
2011-10-20,300227
2011-10-20,300081
2011-10-20,300184
2011-10-20,002141
2011-10-20,600774
2011-10-20,300192
2011-10-20,002354
2011-10-20,300176
2011-10-20,000560
2011-10-20,002120
2011-10-20,300095
2011-10-20,300112
2011-10-20,300231
2011-10-20,000014
2011-10-20,002178
2011-10-20,000586
2011-10-20,600137
2011-10-20,600506
2011-10-20,600566
2011-10-20,300248
2011-10-20,300246
2011-10-20,300085
2011-10-20,002319
2011-10-20,300042
2011-10-20,300232
2011-10-20,600661
2011-10-20,002247
2011-10-20,000663
2011-10-20,300247
2011-10-20,000582
2011-10-20,300201
2011-10-20,300109
2011-10-20,300016
2011-10-20,300084
2011-10-20,600768
2011-10-20,300236
2011-10-20,002558
2011-10-20,000702
2011-10-20,300067
2011-10-20,300151
2011-10-20,000705
2011-10-20,300063
2011-10-20,600732
2011-10-20,002587
2011-10-20,002057
2011-10-20,300213
2011-10-20,000610
2011-10-20,300121
2011-10-20,002027
2011-10-20,600148
2011-10-20,002361
2011-10-20,300250
2011-10-20,002103
2011-10-20,300243
2011-10-20,300019
2011-10-20,300230
2011-10-20,300149
2011-10-20,002364
2011-10-20,000710
2011-10-20,600520
2011-10-20,600463
2011-10-20,000692
2011-10-20,300234
2011-10-20,300025
2011-10-20,002119
2011-10-20,002579
2011-10-20,002553
2011-10-20,002591
2011-10-20,002615
2011-10-20,002224
2011-10-20,002270
2011-10-20,600605
2011-10-20,000534
2011-10-20,300241
2011-10-20,002040
2011-10-20,300269
2011-10-20,300092
2011-10-20,002105
2011-10-20,000678
2011-10-20,300018
2011-10-20,002188
2011-10-20,000791
2011-10-20,000810
2011-11-03,000526
2011-11-03,000567
2011-11-03,300061
2011-11-03,002175
2011-11-03,300013
2011-11-03,300220
2011-11-03,000803
2011-11-03,300242
2011-11-03,002373
2011-11-03,002174
2011-11-03,300226
2011-11-03,300231
2011-11-03,600241
2011-11-03,300227
2011-11-03,002374
2011-11-03,600774
2011-11-03,300081
2011-11-03,002141
2011-11-03,300184
2011-11-03,000560
2011-11-03,300176
2011-11-03,300112
2011-11-03,300192
2011-11-03,300095
2011-11-03,002120
2011-11-03,300235
2011-11-03,300069
2011-11-03,600137
2011-11-03,600566
2011-11-03,000586
2011-11-03,300084
2011-11-03,300246
2011-11-03,000014
2011-11-03,600506
2011-11-03,002354
2011-11-03,002188
2011-11-03,600768
2011-11-03,002319
2011-11-03,300201
2011-11-03,000582
2011-11-03,300056
2011-11-03,300236
2011-11-03,002178
2011-11-03,300248
2011-11-03,002057
2011-11-03,300243
2011-11-03,300085
2011-11-03,000663
2011-11-03,600661
2011-11-03,600605
2011-11-03,300016
2011-11-03,300063
2011-11-03,000705
2011-11-03,300121
2011-11-03,600520
2011-11-03,300247
2011-11-03,300213
2011-11-03,002364
2011-11-03,000702
2011-11-03,300067
2011-11-03,000710
2011-11-03,002579
2011-11-03,002224
2011-11-03,002247
2011-11-03,600732
2011-11-03,300151
2011-11-03,600148
2011-11-03,002587
2011-11-03,002270
2011-11-03,300232
2011-11-03,000610
2011-11-03,002558
2011-11-03,300019
2011-11-03,300042
2011-11-03,600463
2011-11-03,000534
2011-11-03,000692
2011-11-03,002361
2011-11-03,002553
2011-11-03,300250
2011-11-03,002027
2011-11-03,002103
2011-11-03,300230
2011-11-03,002119
2011-11-03,002105
2011-11-03,002591
2011-11-03,000678
2011-11-03,300025
2011-11-03,300109
2011-11-03,002061
2011-11-03,000838
2011-11-03,002125
2011-11-03,600305
2011-11-03,002034
2011-11-03,002590
2011-11-03,300035
2011-11-03,000923
2011-11-03,002112
2011-11-03,000791
2011-11-03,000810
2011-11-17,000526
2011-11-17,300061
2011-11-17,002175
2011-11-17,000803
2011-11-17,300013
2011-11-17,000567
2011-11-17,300220
2011-11-17,300242
2011-11-17,002112
2011-11-17,002373
2011-11-17,600241
2011-11-17,002174
2011-11-17,002374
2011-11-17,300081
2011-11-17,300231
2011-11-17,002141
2011-11-17,300226
2011-11-17,002354
2011-11-17,300227
2011-11-17,000560
2011-11-17,300176
2011-11-17,300235
2011-11-17,600774
2011-11-17,300069
2011-11-17,002120
2011-11-17,000014
2011-11-17,300095
2011-11-17,300184
2011-11-17,600137
2011-11-17,300192
2011-11-17,600566
2011-11-17,600506
2011-11-17,600768
2011-11-17,000586
2011-11-17,002178
2011-11-17,002188
2011-11-17,000582
2011-11-17,002319
2011-11-17,300063
2011-11-17,002057
2011-11-17,002061
2011-11-17,300201
2011-11-17,300056
2011-11-17,300112
2011-11-17,600661
2011-11-17,600605
2011-11-17,300236
2011-11-17,300247
2011-11-17,300084
2011-11-17,000702
2011-11-17,002224
2011-11-17,002247
2011-11-17,002579
2011-11-17,002034
2011-11-17,002103
2011-11-17,300246
2011-11-17,000838
2011-11-17,300042
2011-11-17,300213
2011-11-17,300248
2011-11-17,000663
2011-11-17,000705
2011-11-17,600148
2011-11-17,002361
2011-11-17,002587
2011-11-17,000692
2011-11-17,300085
2011-11-17,300151
2011-11-17,300109
2011-11-17,002558
2011-11-17,002027
2011-11-17,300230
2011-11-17,300019
2011-11-17,000610
2011-11-17,002590
2011-11-17,600305
2011-11-17,300250
2011-11-17,600463
2011-11-17,300035
2011-11-17,300232
2011-11-17,300016
2011-11-17,002270
2011-11-17,002125
2011-11-17,600732
2011-11-17,300243
2011-11-17,002105
2011-11-17,002591
2011-11-17,300121
2011-11-17,000534
2011-11-17,002553
2011-11-17,600250
2011-11-17,600448
2011-11-17,002517
2011-11-17,002040
2011-11-17,300092
2011-11-17,000565
2011-11-17,600513
2011-11-17,600099
2011-11-17,000791
2011-11-17,000810
2011-12-01,000526
2011-12-01,300013
2011-12-01,002175
2011-12-01,000567
2011-12-01,300242
2011-12-01,000803
2011-12-01,002112
2011-12-01,002174
2011-12-01,002373
2011-12-01,300220
2011-12-01,300231
2011-12-01,300235
2011-12-01,002374
2011-12-01,002141
2011-12-01,600241
2011-12-01,002354
2011-12-01,300081
2011-12-01,300227
2011-12-01,300226
2011-12-01,002120
2011-12-01,300095
2011-12-01,300069
2011-12-01,000791
2011-12-01,600774
2011-12-01,300176
2011-12-01,000560
2011-12-01,000014
2011-12-01,600768
2011-12-01,002178
2011-12-01,300184
2011-12-01,300192
2011-12-01,300112
2011-12-01,300084
2011-12-01,002319
2011-12-01,600137
2011-12-01,300056
2011-12-01,600566
2011-12-01,600506
2011-12-01,300247
2011-12-01,002061
2011-12-01,000586
2011-12-01,600661
2011-12-01,300063
2011-12-01,002188
2011-12-01,300232
2011-12-01,300085
2011-12-01,000838
2011-12-01,300151
2011-12-01,000702
2011-12-01,300236
2011-12-01,000582
2011-12-01,300250
2011-12-01,600605
2011-12-01,002247
2011-12-01,300243
2011-12-01,300246
2011-12-01,300042
2011-12-01,600448
2011-12-01,002579
2011-12-01,002103
2011-12-01,600148
2011-12-01,002027
2011-12-01,600250
2011-12-01,002591
2011-12-01,000663
2011-12-01,300213
2011-12-01,300035
2011-12-01,002361
2011-12-01,300248
2011-12-01,000610
2011-12-01,000692
2011-12-01,600305
2011-12-01,300230
2011-12-01,002125
2011-12-01,002034
2011-12-01,600463
2011-12-01,002590
2011-12-01,300092
2011-12-01,000705
2011-12-01,002587
2011-12-01,002224
2011-12-01,300016
2011-12-01,600099
2011-12-01,002105
2011-12-01,300109
2011-12-01,002517
2011-12-01,300249
2011-12-01,300067
2011-12-01,300141
2011-12-01,002364
2011-12-01,600338
2011-12-01,002119
2011-12-01,000678
2011-12-01,600992
2011-12-01,002402
2011-12-01,300149
2011-12-01,300269
2011-12-01,300061
2011-12-01,300201
2011-12-01,000810
2011-12-15,000526
2011-12-15,000567
2011-12-15,300013
2011-12-15,002174
2011-12-15,002175
2011-12-15,300242
2011-12-15,600768
2011-12-15,002112
2011-12-15,002141
2011-12-15,600241
2011-12-15,000803
2011-12-15,300220
2011-12-15,600774
2011-12-15,002354
2011-12-15,600338
2011-12-15,000586
2011-12-15,002120
2011-12-15,002373
2011-12-15,002061
2011-12-15,000791
2011-12-15,000014
2011-12-15,002374
2011-12-15,300095
2011-12-15,600506
2011-12-15,300235
2011-12-15,300176
2011-12-15,300184
2011-12-15,300227
2011-12-15,300069
2011-12-15,300084
2011-12-15,000560
2011-12-15,300231
2011-12-15,300192
2011-12-15,002319
2011-12-15,300112
2011-12-15,300247
2011-12-15,000838
2011-12-15,002034
2011-12-15,000582
2011-12-15,002247
2011-12-15,002178
2011-12-15,300063
2011-12-15,600137
2011-12-15,600661
2011-12-15,600448
2011-12-15,600605
2011-12-15,600250
2011-12-15,000678
2011-12-15,300151
2011-12-15,000702
2011-12-15,300246
2011-12-15,600099
2011-12-15,000663
2011-12-15,000610
2011-12-15,300056
2011-12-15,300035
2011-12-15,600992
2011-12-15,300085
2011-12-15,000705
2011-12-15,300109
2011-12-15,300226
2011-12-15,002224
2011-12-15,300201
2011-12-15,300236
2011-12-15,000692
2011-12-15,300248
2011-12-15,002119
2011-12-15,002361
2011-12-15,300250
2011-12-15,002105
2011-12-15,300249
2011-12-15,300243
2011-12-15,002103
2011-12-15,002027
2011-12-15,600148
2011-12-15,600463
2011-12-15,300081
2011-12-15,300067
2011-12-15,002590
2011-12-15,600305
2011-12-15,300016
2011-12-15,002579
2011-12-15,002591
2011-12-15,300092
2011-12-15,000534
2011-12-15,000923
2011-12-15,600769
2011-12-15,000565
2011-12-15,600476
2011-12-15,002270
2011-12-15,000695
2011-12-15,000815
2011-12-15,002026
2011-12-15,002455
2011-12-15,300120
2011-12-15,600719
2011-12-15,300019
2011-12-15,600566
2011-12-15,300061
2011-12-15,000810
2011-12-29,000526
2011-12-29,000803
2011-12-29,000567
2011-12-29,300013
2011-12-29,002175
2011-12-29,002112
2011-12-29,300242
2011-12-29,002374
2011-12-29,300220
2011-12-29,002354
2011-12-29,600566
2011-12-29,600241
2011-12-29,002373
2011-12-29,300235
2011-12-29,000791
2011-12-29,002174
2011-12-29,600774
2011-12-29,002319
2011-12-29,000014
2011-12-29,300084
2011-12-29,300095
2011-12-29,002120
2011-12-29,002061
2011-12-29,000838
2011-12-29,300176
2011-12-29,300231
2011-12-29,300112
2011-12-29,300192
2011-12-29,000534
2011-12-29,300069
2011-12-29,300184
2011-12-29,600506
2011-12-29,300063
2011-12-29,300227
2011-12-29,600338
2011-12-29,000582
2011-12-29,600605
2011-12-29,000565
2011-12-29,300151
2011-12-29,600768
2011-12-29,000663
2011-12-29,000923
2011-12-29,600661
2011-12-29,002247
2011-12-29,600448
2011-12-29,000702
2011-12-29,000586
2011-12-29,002270
2011-12-29,300247
2011-12-29,300250
2011-12-29,300035
2011-12-29,300246
2011-12-29,002141
2011-12-29,600099
2011-12-29,300236
2011-12-29,600137
2011-12-29,300085
2011-12-29,300056
2011-12-29,600769
2011-12-29,600148
2011-12-29,002224
2011-12-29,300226
2011-12-29,002105
2011-12-29,000678
2011-12-29,600476
2011-12-29,600719
2011-12-29,300019
2011-12-29,300120
2011-12-29,002455
2011-12-29,300248
2011-12-29,000705
2011-12-29,600992
2011-12-29,300109
2011-12-29,300243
2011-12-29,000692
2011-12-29,300201
2011-12-29,600463
2011-12-29,002361
2011-12-29,002103
2011-12-29,002591
2011-12-29,600305
2011-12-29,002579
2011-12-29,002590
2011-12-29,300067
2011-12-29,000610
2011-12-29,600520
2011-12-29,300279
2011-12-29,002514
2011-12-29,600732
2011-12-29,002188
2011-12-29,600613
2011-12-29,300040
2011-12-29,300239
2011-12-29,000025
2011-12-29,300232
2011-12-29,002201
2011-12-29,300092
2011-12-29,000815
2011-12-29,300061
2011-12-29,000810
2012-01-12,000526
2012-01-12,000803
2012-01-12,300013
2012-01-12,000567
2012-01-12,300061
2012-01-12,300242
2012-01-12,300220
2012-01-12,300235
2012-01-12,002112
2012-01-12,002175
2012-01-12,002374
2012-01-12,600566
2012-01-12,002373
2012-01-12,600241
2012-01-12,300279
2012-01-12,300227
2012-01-12,600774
2012-01-12,300231
2012-01-12,300184
2012-01-12,300095
2012-01-12,300176
2012-01-12,300112
2012-01-12,600520
2012-01-12,002319
2012-01-12,002174
2012-01-12,300069
2012-01-12,002061
2012-01-12,000014
2012-01-12,002354
2012-01-12,300192
2012-01-12,300063
2012-01-12,002120
2012-01-12,000838
2012-01-12,300246
2012-01-12,000663
2012-01-12,600506
2012-01-12,300250
2012-01-12,300247
2012-01-12,600661
2012-01-12,300151
2012-01-12,300085
2012-01-12,000582
2012-01-12,000534
2012-01-12,600605
2012-01-12,300236
2012-01-12,000565
2012-01-12,000586
2012-01-12,600137
2012-01-12,600768
2012-01-12,000702
2012-01-12,600338
2012-01-12,002247
2012-01-12,300243
2012-01-12,002270
2012-01-12,300120
2012-01-12,300035
2012-01-12,300226
2012-01-12,300084
2012-01-12,002514
2012-01-12,300239
2012-01-12,600148
2012-01-12,300232
2012-01-12,002105
2012-01-12,300201
2012-01-12,600448
2012-01-12,000923
2012-01-12,600099
2012-01-12,600732
2012-01-12,600476
2012-01-12,600719
2012-01-12,002224
2012-01-12,600992
2012-01-12,002141
2012-01-12,300109
2012-01-12,600613
2012-01-12,002455
2012-01-12,002579
2012-01-12,300248
2012-01-12,000678
2012-01-12,000692
2012-01-12,002591
2012-01-12,300040
2012-01-12,002590
2012-01-12,002361
2012-01-12,600463
2012-01-12,300067
2012-01-12,600305
2012-01-12,002103
2012-01-12,600769
2012-01-12,300092
2012-01-12,002634
2012-01-12,300281
2012-01-12,300065
2012-01-12,300269
2012-01-12,002644
2012-01-12,002633
2012-01-12,300149
2012-01-12,300056
2012-01-12,000815
2012-01-12,000810
2012-01-30,000526
2012-01-30,000803
2012-01-30,300013
2012-01-30,000567
2012-01-30,300061
2012-01-30,300220
2012-01-30,300242
2012-01-30,300235
2012-01-30,002112
2012-01-30,002175
2012-01-30,300279
2012-01-30,002174
2012-01-30,002373
2012-01-30,002374
2012-01-30,600241
2012-01-30,300227
2012-01-30,300184
2012-01-30,300095
2012-01-30,600566
2012-01-30,600774
2012-01-30,300069
2012-01-30,600520
2012-01-30,300176
2012-01-30,300112
2012-01-30,300231
2012-01-30,002061
2012-01-30,002319
2012-01-30,002354
2012-01-30,002120
2012-01-30,300192
2012-01-30,000014
2012-01-30,300247
2012-01-30,300063
2012-01-30,000838
2012-01-30,000663
2012-01-30,000586
2012-01-30,300085
2012-01-30,300246
2012-01-30,300250
2012-01-30,002634
2012-01-30,300056
2012-01-30,300120
2012-01-30,300243
2012-01-30,300151
2012-01-30,300201
2012-01-30,300065
2012-01-30,600661
2012-01-30,600768
2012-01-30,300236
2012-01-30,600506
2012-01-30,000565
2012-01-30,600137
2012-01-30,300281
2012-01-30,300035
2012-01-30,002270
2012-01-30,300109
2012-01-30,002247
2012-01-30,300239
2012-01-30,300084
2012-01-30,000702
2012-01-30,600338
2012-01-30,300226
2012-01-30,300269
2012-01-30,300149
2012-01-30,002514
2012-01-30,300092
2012-01-30,600613
2012-01-30,300232
2012-01-30,600099
2012-01-30,600448
2012-01-30,600148
2012-01-30,002105
2012-01-30,300040
2012-01-30,600476
2012-01-30,300248
2012-01-30,600992
2012-01-30,002141
2012-01-30,002224
2012-01-30,002579
2012-01-30,600719
2012-01-30,002590
2012-01-30,002591
2012-01-30,000678
2012-01-30,002455
2012-01-30,600605
2012-01-30,002633
2012-01-30,000923
2012-01-30,002103
2012-01-30,002361
2012-01-30,300025
2012-01-30,300249
2012-01-30,002178
2012-01-30,300163
2012-01-30,300031
2012-01-30,300230
2012-01-30,002553
2012-01-30,002027
2012-01-30,000582
2012-01-30,000815
2012-01-30,000810
2012-02-09,000526
2012-02-09,300013
2012-02-09,000803
2012-02-09,000567
2012-02-09,300061
2012-02-09,300220
2012-02-09,300242
2012-02-09,002112
2012-02-09,002175
2012-02-09,300235
2012-02-09,300279
2012-02-09,002374
2012-02-09,002373
2012-02-09,300184
2012-02-09,600241
2012-02-09,300095
2012-02-09,300227
2012-02-09,600774
2012-02-09,300069
2012-02-09,300176
2012-02-09,002174
2012-02-09,300231
2012-02-09,002120
2012-02-09,002319
2012-02-09,300192
2012-02-09,002354
2012-02-09,300063
2012-02-09,300246
2012-02-09,000663
2012-02-09,300085
2012-02-09,600566
2012-02-09,002634
2012-02-09,300247
2012-02-09,000586
2012-02-09,300112
2012-02-09,000838
2012-02-09,000014
2012-02-09,002061
2012-02-09,300243
2012-02-09,600506
2012-02-09,300151
2012-02-09,300120
2012-02-09,300250
2012-02-09,600768
2012-02-09,600137
2012-02-09,600520
2012-02-09,300236
2012-02-09,300065
2012-02-09,300281
2012-02-09,002141
2012-02-09,300035
2012-02-09,300109
2012-02-09,300056
2012-02-09,300226
2012-02-09,000702
2012-02-09,600661
2012-02-09,002247
2012-02-09,000565
2012-02-09,600338
2012-02-09,300239
2012-02-09,300084
2012-02-09,300201
2012-02-09,300248
2012-02-09,002514
2012-02-09,300232
2012-02-09,300092
2012-02-09,002178
2012-02-09,300149
2012-02-09,600099
2012-02-09,600148
2012-02-09,300269
2012-02-09,600605
2012-02-09,300163
2012-02-09,002590
2012-02-09,000923
2012-02-09,002579
2012-02-09,000678
2012-02-09,002591
2012-02-09,600476
2012-02-09,002553
2012-02-09,002027
2012-02-09,002455
2012-02-09,600448
2012-02-09,300249
2012-02-09,300040
2012-02-09,002103
2012-02-09,600992
2012-02-09,002270
2012-02-09,002633
2012-02-09,002105
2012-02-09,300230
2012-02-09,300213
2012-02-09,600732
2012-02-09,300221
2012-02-09,002644
2012-02-09,000692
2012-02-09,600613
2012-02-09,000582
2012-02-09,000815
2012-02-09,000810
2012-02-23,000526
2012-02-23,300061
2012-02-23,300013
2012-02-23,000803
2012-02-23,000567
2012-02-23,300242
2012-02-23,002175
2012-02-23,300220
2012-02-23,300235
2012-02-23,300279
2012-02-23,600241
2012-02-23,300184
2012-02-23,002174
2012-02-23,002374
2012-02-23,300095
2012-02-23,300069
2012-02-23,002373
2012-02-23,300176
2012-02-23,300227
2012-02-23,002120
2012-02-23,002354
2012-02-23,600774
2012-02-23,002319
2012-02-23,300112
2012-02-23,300063
2012-02-23,300192
2012-02-23,300231
2012-02-23,300246
2012-02-23,600566
2012-02-23,000663
2012-02-23,002634
2012-02-23,600137
2012-02-23,300247
2012-02-23,000014
2012-02-23,002141
2012-02-23,300085
2012-02-23,600520
2012-02-23,000838
2012-02-23,300243
2012-02-23,300120
2012-02-23,300236
2012-02-23,600661
2012-02-23,300250
2012-02-23,300109
2012-02-23,300084
2012-02-23,300281
2012-02-23,300056
2012-02-23,300226
2012-02-23,002178
2012-02-23,600338
2012-02-23,000702
2012-02-23,300035
2012-02-23,300065
2012-02-23,300239
2012-02-23,300151
2012-02-23,300092
2012-02-23,000565
2012-02-23,000923
2012-02-23,600605
2012-02-23,002247
2012-02-23,002061
2012-02-23,600506
2012-02-23,300201
2012-02-23,002514
2012-02-23,600099
2012-02-23,300232
2012-02-23,002027
2012-02-23,600148
2012-02-23,600476
2012-02-23,002553
2012-02-23,600448
2012-02-23,000692
2012-02-23,300163
2012-02-23,002103
2012-02-23,002270
2012-02-23,002591
2012-02-23,002105
2012-02-23,600768
2012-02-23,002590
2012-02-23,000678
2012-02-23,300230
2012-02-23,300269
2012-02-23,300221
2012-02-23,300249
2012-02-23,600732
2012-02-23,300290
2012-02-23,600305
2012-02-23,002402
2012-02-23,300019
2012-02-23,002188
2012-02-23,002517
2012-02-23,000560
2012-02-23,002034
2012-02-23,300016
2012-02-23,002112
2012-02-23,000586
2012-02-23,300040
2012-02-23,600613
2012-02-23,000582
2012-02-23,000815
2012-03-08,000526
2012-03-08,300013
2012-03-08,300061
2012-03-08,000803
2012-03-08,000567
2012-03-08,300220
2012-03-08,300242
2012-03-08,002175
2012-03-08,300184
2012-03-08,300235
2012-03-08,002374
2012-03-08,600241
2012-03-08,002373
2012-03-08,300095
2012-03-08,002174
2012-03-08,300279
2012-03-08,300176
2012-03-08,300227
2012-03-08,600774
2012-03-08,300069
2012-03-08,002354
2012-03-08,300112
2012-03-08,300192
2012-03-08,002319
2012-03-08,002120
2012-03-08,300063
2012-03-08,300085
2012-03-08,300243
2012-03-08,002634
2012-03-08,300246
2012-03-08,300084
2012-03-08,000014
2012-03-08,000663
2012-03-08,300056
2012-03-08,600566
2012-03-08,300109
2012-03-08,600338
2012-03-08,300151
2012-03-08,300231
2012-03-08,000838
2012-03-08,300236
2012-03-08,300247
2012-03-08,600605
2012-03-08,002061
2012-03-08,300250
2012-03-08,600137
2012-03-08,000565
2012-03-08,300092
2012-03-08,002141
2012-03-08,002514
2012-03-08,600661
2012-03-08,300239
2012-03-08,000702
2012-03-08,300290
2012-03-08,002247
2012-03-08,600768
2012-03-08,000586
2012-03-08,600506
2012-03-08,300120
2012-03-08,300163
2012-03-08,002034
2012-03-08,300232
2012-03-08,002590
2012-03-08,300065
2012-03-08,002402
2012-03-08,300281
2012-03-08,300226
2012-03-08,300019
2012-03-08,002517
2012-03-08,000692
2012-03-08,600305
2012-03-08,300016
2012-03-08,002591
2012-03-08,002178
2012-03-08,002188
2012-03-08,002027
2012-03-08,600448
2012-03-08,002103
2012-03-08,300040
2012-03-08,300269
2012-03-08,600732
2012-03-08,300249
2012-03-08,000560
2012-03-08,002270
2012-03-08,002105
2012-03-08,600476
2012-03-08,600148
2012-03-08,300121
2012-03-08,300149
2012-03-08,002579
2012-03-08,300031
2012-03-08,002587
2012-03-08,300025
2012-03-08,300234
2012-03-08,300131
2012-03-08,600719
2012-03-08,002112
2012-03-08,600613
2012-03-08,000582
2012-03-08,000815
2012-03-22,000526
2012-03-22,300061
2012-03-22,300013
2012-03-22,000567
2012-03-22,000803
2012-03-22,300242
2012-03-22,002175
2012-03-22,300220
2012-03-22,300184
2012-03-22,300279
2012-03-22,002373
2012-03-22,300095
2012-03-22,002374
2012-03-22,600774
2012-03-22,600241
2012-03-22,300176
2012-03-22,300227
2012-03-22,002174
2012-03-22,002319
2012-03-22,300085
2012-03-22,300063
2012-03-22,300235
2012-03-22,300069
2012-03-22,300112
2012-03-22,002061
2012-03-22,000838
2012-03-22,000014
2012-03-22,300243
2012-03-22,300231
2012-03-22,300056
2012-03-22,300192
2012-03-22,002354
2012-03-22,300290
2012-03-22,300247
2012-03-22,600338
2012-03-22,300151
2012-03-22,600768
2012-03-22,000663
2012-03-22,600566
2012-03-22,300246
2012-03-22,300236
2012-03-22,002120
2012-03-22,002141
2012-03-22,300109
2012-03-22,002634
2012-03-22,600137
2012-03-22,002188
2012-03-22,300025
2012-03-22,300065
2012-03-22,600605
2012-03-22,600661
2012-03-22,300092
2012-03-22,000702
2012-03-22,300121
2012-03-22,300040
2012-03-22,300163
2012-03-22,300281
2012-03-22,002178
2012-03-22,002590
2012-03-22,002247
2012-03-22,300249
2012-03-22,600732
2012-03-22,002027
2012-03-22,300031
2012-03-22,300234
2012-03-22,002103
2012-03-22,300269
2012-03-22,300131
2012-03-22,002591
2012-03-22,000692
2012-03-22,002514
2012-03-22,000565
2012-03-22,600719
2012-03-22,002402
2012-03-22,600448
2012-03-22,600506
2012-03-22,002034
2012-03-22,002517
2012-03-22,300250
2012-03-22,300120
2012-03-22,002105
2012-03-22,000560
2012-03-22,600520
2012-03-22,300287
2012-03-22,000923
2012-03-22,300299
2012-03-22,600769
2012-03-22,002224
2012-03-22,000791
2012-03-22,300292
2012-03-22,300248
2012-03-22,300018
2012-03-22,000705
2012-03-22,000586
2012-03-22,300232
2012-03-22,300016
2012-03-22,002112
2012-03-22,600613
2012-03-22,000582
2012-03-22,000815
2012-04-05,300061
2012-04-05,300242
2012-04-05,300220
2012-04-05,000567
2012-04-05,000526
2012-04-05,300013
2012-04-05,300184
2012-04-05,300227
2012-04-05,002175
2012-04-05,002373
2012-04-05,300279
2012-04-05,300176
2012-04-05,300095
2012-04-05,002374
2012-04-05,300243
2012-04-05,600774
2012-04-05,002061
2012-04-05,300247
2012-04-05,300085
2012-04-05,000803
2012-04-05,300235
2012-04-05,300063
2012-04-05,300069
2012-04-05,002319
2012-04-05,300151
2012-04-05,600768
2012-04-05,600566
2012-04-05,000663
2012-04-05,300231
2012-04-05,002354
2012-04-05,000014
2012-04-05,300056
2012-04-05,002141
2012-04-05,300192
2012-04-05,300236
2012-04-05,600605
2012-04-05,600338
2012-04-05,300290
2012-04-05,300109
2012-04-05,300112
2012-04-05,000586
2012-04-05,300249
2012-04-05,002634
2012-04-05,300232
2012-04-05,002120
2012-04-05,600520
2012-04-05,300246
2012-04-05,300121
2012-04-05,300299
2012-04-05,300040
2012-04-05,300065
2012-04-05,002590
2012-04-05,000923
2012-04-05,300025
2012-04-05,600137
2012-04-05,002174
2012-04-05,300292
2012-04-05,002178
2012-04-05,002514
2012-04-05,600661
2012-04-05,600241
2012-04-05,300092
2012-04-05,002591
2012-04-05,002034
2012-04-05,300287
2012-04-05,000702
2012-04-05,600448
2012-04-05,002402
2012-04-05,600769
2012-04-05,300163
2012-04-05,600719
2012-04-05,000565
2012-04-05,300269
2012-04-05,300120
2012-04-05,300018
2012-04-05,300250
2012-04-05,300248
2012-04-05,002027
2012-04-05,300281
2012-04-05,002188
2012-04-05,600732
2012-04-05,000692
2012-04-05,300234
2012-04-05,002105
2012-04-05,002517
2012-04-05,002103
2012-04-05,300084
2012-04-05,300264
2012-04-05,300226
2012-04-05,300019
2012-04-05,002125
2012-04-05,300276
2012-04-05,002615
2012-04-05,600099
2012-04-05,300270
2012-04-05,002587
2012-04-05,002112
2012-04-05,600613
2012-04-05,000582
2012-04-05,000815
2012-04-19,300061
2012-04-19,300242
2012-04-19,300220
2012-04-19,000526
2012-04-19,000567
2012-04-19,300227
2012-04-19,300184
2012-04-19,300013
2012-04-19,002175
2012-04-19,300279
2012-04-19,002373
2012-04-19,300176
2012-04-19,002374
2012-04-19,300095
2012-04-19,000803
2012-04-19,300069
2012-04-19,300243
2012-04-19,300235
2012-04-19,300085
2012-04-19,300063
2012-04-19,600774
2012-04-19,300247
2012-04-19,002319
2012-04-19,300192
2012-04-19,002354
2012-04-19,002061
2012-04-19,300232
2012-04-19,300056
2012-04-19,300231
2012-04-19,002141
2012-04-19,300290
2012-04-19,300112
2012-04-19,000663
2012-04-19,600338
2012-04-19,300151
2012-04-19,002034
2012-04-19,002634
2012-04-19,600241
2012-04-19,002174
2012-04-19,300121
2012-04-19,300249
2012-04-19,600768
2012-04-19,300236
2012-04-19,300246
2012-04-19,600566
2012-04-19,002178
2012-04-19,300281
2012-04-19,300299
2012-04-19,300292
2012-04-19,300092
2012-04-19,002590
2012-04-19,300040
2012-04-19,600605
2012-04-19,000586
2012-04-19,300287
2012-04-19,300065
2012-04-19,300250
2012-04-19,600520
2012-04-19,300163
2012-04-19,300025
2012-04-19,600137
2012-04-19,300269
2012-04-19,300109
2012-04-19,600661
2012-04-19,002514
2012-04-19,000923
2012-04-19,002402
2012-04-19,000702
2012-04-19,300248
2012-04-19,300276
2012-04-19,002591
2012-04-19,002188
2012-04-19,300264
2012-04-19,300084
2012-04-19,300270
2012-04-19,600448
2012-04-19,002125
2012-04-19,300234
2012-04-19,002587
2012-04-19,300018
2012-04-19,300120
2012-04-19,600099
2012-04-19,002120
2012-04-19,600719
2012-04-19,300286
2012-04-19,002644
2012-04-19,600992
2012-04-19,002098
2012-04-19,300308
2012-04-19,300035
2012-04-19,300213
2012-04-19,002652
2012-04-19,002609
2012-04-19,600769
2012-04-19,300226
2012-04-19,300019
2012-04-19,002112
2012-04-19,600613
2012-04-19,000582
2012-04-19,000815
2012-05-03,300242
2012-05-03,300061
2012-05-03,300220
2012-05-03,300227
2012-05-03,300184
2012-05-03,002175
2012-05-03,000526
2012-05-03,000803
2012-05-03,000567
2012-05-03,002373
2012-05-03,300013
2012-05-03,300095
2012-05-03,300063
2012-05-03,300069
2012-05-03,002112
2012-05-03,300176
2012-05-03,300247
2012-05-03,300290
2012-05-03,300235
2012-05-03,300085
2012-05-03,300243
2012-05-03,300232
2012-05-03,300279
2012-05-03,300231
2012-05-03,300192
2012-05-03,300249
2012-05-03,300056
2012-05-03,300299
2012-05-03,002354
2012-05-03,300292
2012-05-03,300281
2012-05-03,600774
2012-05-03,600520
2012-05-03,300092
2012-05-03,300121
2012-05-03,300151
2012-05-03,002034
2012-05-03,000663
2012-05-03,002174
2012-05-03,600566
2012-05-03,300270
2012-05-03,300112
2012-05-03,300246
2012-05-03,000586
2012-05-03,300269
2012-05-03,300287
2012-05-03,300065
2012-05-03,300236
2012-05-03,600241
2012-05-03,600768
2012-05-03,300250
2012-05-03,300163
2012-05-03,300248
2012-05-03,300040
2012-05-03,002319
2012-05-03,002634
2012-05-03,300025
2012-05-03,300286
2012-05-03,002591
2012-05-03,002061
2012-05-03,002141
2012-05-03,300264
2012-05-03,002178
2012-05-03,300084
2012-05-03,002402
2012-05-03,600661
2012-05-03,002590
2012-05-03,300120
2012-05-03,300276
2012-05-03,600605
2012-05-03,300213
2012-05-03,300234
2012-05-03,600137
2012-05-03,002188
2012-05-03,002374
2012-05-03,300035
2012-05-03,002098
2012-05-03,000923
2012-05-03,300226
2012-05-03,300109
2012-05-03,300018
2012-05-03,002514
2012-05-03,002644
2012-05-03,000702
2012-05-03,300308
2012-05-03,300019
2012-05-03,300081
2012-05-03,300042
2012-05-03,300201
2012-05-03,300233
2012-05-03,600506
2012-05-03,002579
2012-05-03,600338
2012-05-03,002125
2012-05-03,002587
2012-05-03,002609
2012-05-03,600769
2012-05-03,600613
2012-05-03,000582
2012-05-03,000815
2012-05-17,300061
2012-05-17,300242
2012-05-17,300220
2012-05-17,002175
2012-05-17,000526
2012-05-17,300227
2012-05-17,000803
2012-05-17,002373
2012-05-17,000567
2012-05-17,300184
2012-05-17,300095
2012-05-17,300069
2012-05-17,300290
2012-05-17,300085
2012-05-17,300063
2012-05-17,300235
2012-05-17,300176
2012-05-17,300247
2012-05-17,300231
2012-05-17,300279
2012-05-17,300243
2012-05-17,300232
2012-05-17,300192
2012-05-17,600768
2012-05-17,300013
2012-05-17,300056
2012-05-17,300299
2012-05-17,002034
2012-05-17,002112
2012-05-17,600774
2012-05-17,300281
2012-05-17,300292
2012-05-17,002354
2012-05-17,300236
2012-05-17,300121
2012-05-17,300249
2012-05-17,002141
2012-05-17,300248
2012-05-17,300270
2012-05-17,600566
2012-05-17,300226
2012-05-17,300287
2012-05-17,000586
2012-05-17,300092
2012-05-17,300109
2012-05-17,300246
2012-05-17,300112
2012-05-17,002174
2012-05-17,300286
2012-05-17,002374
2012-05-17,300250
2012-05-17,300163
2012-05-17,002634
2012-05-17,300040
2012-05-17,600605
2012-05-17,300025
2012-05-17,002591
2012-05-17,002402
2012-05-17,600241
2012-05-17,300065
2012-05-17,300151
2012-05-17,300081
2012-05-17,300276
2012-05-17,300269
2012-05-17,002061
2012-05-17,002579
2012-05-17,002178
2012-05-17,002188
2012-05-17,300213
2012-05-17,002319
2012-05-17,600661
2012-05-17,300120
2012-05-17,600137
2012-05-17,300264
2012-05-17,000923
2012-05-17,300201
2012-05-17,300018
2012-05-17,300234
2012-05-17,002098
2012-05-17,300308
2012-05-17,300019
2012-05-17,000702
2012-05-17,300035
2012-05-17,002587
2012-05-17,002590
2012-05-17,300233
2012-05-17,002125
2012-05-17,300042
2012-05-17,600506
2012-05-17,300140
2012-05-17,002270
2012-05-17,002247
2012-05-17,002669
2012-05-17,300141
2012-05-17,002652
2012-05-17,002599
2012-05-17,002514
2012-05-17,600769
2012-05-17,000582
2012-05-17,000815
2012-05-31,300061
2012-05-31,300242
2012-05-31,300220
2012-05-31,000526
2012-05-31,300184
2012-05-31,300227
2012-05-31,002175
2012-05-31,000803
2012-05-31,002373
2012-05-31,000567
2012-05-31,002112
2012-05-31,300290
2012-05-31,300095
2012-05-31,300069
2012-05-31,300176
2012-05-31,300063
2012-05-31,300247
2012-05-31,300085
2012-05-31,002034
2012-05-31,300235
2012-05-31,300231
2012-05-31,300279
2012-05-31,300243
2012-05-31,002354
2012-05-31,300013
2012-05-31,300192
2012-05-31,300281
2012-05-31,300121
2012-05-31,300299
2012-05-31,300286
2012-05-31,600774
2012-05-31,600768
2012-05-31,300270
2012-05-31,300248
2012-05-31,002141
2012-05-31,300249
2012-05-31,300246
2012-05-31,300287
2012-05-31,300232
2012-05-31,300250
2012-05-31,300112
2012-05-31,002374
2012-05-31,300109
2012-05-31,300035
2012-05-31,300040
2012-05-31,300236
2012-05-31,300226
2012-05-31,300276
2012-05-31,000586
2012-05-31,002319
2012-05-31,300056
2012-05-31,300025
2012-05-31,300201
2012-05-31,300163
2012-05-31,300292
2012-05-31,300151
2012-05-31,002402
2012-05-31,600566
2012-05-31,600661
2012-05-31,300065
2012-05-31,002634
2012-05-31,002591
2012-05-31,300092
2012-05-31,600605
2012-05-31,002188
2012-05-31,300120
2012-05-31,300140
2012-05-31,300081
2012-05-31,002174
2012-05-31,002579
2012-05-31,002098
2012-05-31,300264
2012-05-31,000702
2012-05-31,300269
2012-05-31,300019
2012-05-31,002669
2012-05-31,300308
2012-05-31,002599
2012-05-31,300213
2012-05-31,002270
2012-05-31,600241
2012-05-31,002178
2012-05-31,300141
2012-05-31,002587
2012-05-31,300018
2012-05-31,600137
2012-05-31,002247
2012-05-31,002061
2012-05-31,002652
2012-05-31,002590
2012-05-31,002125
2012-05-31,300319
2012-05-31,300321
2012-05-31,600847
2012-05-31,002644
2012-05-31,600992
2012-05-31,002027
2012-05-31,600769
2012-05-31,000582
2012-05-31,000815
2012-06-14,300061
2012-06-14,300242
2012-06-14,000526
2012-06-14,300220
2012-06-14,002175
2012-06-14,300319
2012-06-14,300227
2012-06-14,300184
2012-06-14,000803
2012-06-14,002373
2012-06-14,002112
2012-06-14,000567
2012-06-14,300069
2012-06-14,300095
2012-06-14,300290
2012-06-14,300176
2012-06-14,300013
2012-06-14,300247
2012-06-14,300063
2012-06-14,300243
2012-06-14,300321
2012-06-14,600768
2012-06-14,300235
2012-06-14,002141
2012-06-14,300299
2012-06-14,300192
2012-06-14,600847
2012-06-14,300121
2012-06-14,002034
2012-06-14,300279
2012-06-14,600774
2012-06-14,300231
2012-06-14,000586
2012-06-14,300248
2012-06-14,300085
2012-06-14,300281
2012-06-14,600241
2012-06-14,300286
2012-06-14,300270
2012-06-14,600566
2012-06-14,300250
2012-06-14,002354
2012-06-14,300232
2012-06-14,300035
2012-06-14,300292
2012-06-14,300109
2012-06-14,300287
2012-06-14,300092
2012-06-14,300040
2012-06-14,300236
2012-06-14,002590
2012-06-14,300163
2012-06-14,300276
2012-06-14,002319
2012-06-14,300226
2012-06-14,002579
2012-06-14,300201
2012-06-14,600661
2012-06-14,002374
2012-06-14,300246
2012-06-14,300065
2012-06-14,300269
2012-06-14,002402
2012-06-14,300081
2012-06-14,600137
2012-06-14,300112
2012-06-14,300120
2012-06-14,300249
2012-06-14,000702
2012-06-14,002587
2012-06-14,002098
2012-06-14,002188
2012-06-14,002599
2012-06-14,300019
2012-06-14,300025
2012-06-14,002634
2012-06-14,002591
2012-06-14,002178
2012-06-14,002247
2012-06-14,002669
2012-06-14,600992
2012-06-14,002652
2012-06-14,300141
2012-06-14,002270
2012-06-14,300151
2012-06-14,300213
2012-06-14,300056
2012-06-14,300018
2012-06-14,300308
2012-06-14,002027
2012-06-14,002125
2012-06-14,000923
2012-06-14,300320
2012-06-14,002514
2012-06-14,300230
2012-06-14,002105
2012-06-14,600448
2012-06-14,600769
2012-06-14,000582
2012-06-14,000815
2012-06-28,300061
2012-06-28,000526
2012-06-28,300242
2012-06-28,002112
2012-06-28,300184
2012-06-28,002175
2012-06-28,300220
2012-06-28,300227
2012-06-28,002373
2012-06-28,000567
2012-06-28,300069
2012-06-28,600768
2012-06-28,000803
2012-06-28,002141
2012-06-28,000586
2012-06-28,002034
2012-06-28,300319
2012-06-28,300290
2012-06-28,600241
2012-06-28,300095
2012-06-28,300063
2012-06-28,300247
2012-06-28,300085
2012-06-28,300192
2012-06-28,300232
2012-06-28,600847
2012-06-28,002354
2012-06-28,300243
2012-06-28,300235
2012-06-28,300013
2012-06-28,600566
2012-06-28,300176
2012-06-28,002634
2012-06-28,300281
2012-06-28,300279
2012-06-28,300299
2012-06-28,002098
2012-06-28,300092
2012-06-28,300035
2012-06-28,300286
2012-06-28,300292
2012-06-28,300270
2012-06-28,600661
2012-06-28,002374
2012-06-28,300109
2012-06-28,300321
2012-06-28,300231
2012-06-28,002579
2012-06-28,300226
2012-06-28,300236
2012-06-28,002587
2012-06-28,000923
2012-06-28,300201
2012-06-28,002247
2012-06-28,300269
2012-06-28,002402
2012-06-28,600448
2012-06-28,002270
2012-06-28,300163
2012-06-28,002319
2012-06-28,600992
2012-06-28,600774
2012-06-28,300230
2012-06-28,300248
2012-06-28,600137
2012-06-28,300056
2012-06-28,300120
2012-06-28,300151
2012-06-28,000702
2012-06-28,002178
2012-06-28,002105
2012-06-28,300025
2012-06-28,300081
2012-06-28,300246
2012-06-28,300121
2012-06-28,300112
2012-06-28,002599
2012-06-28,002514
2012-06-28,300019
2012-06-28,300018
2012-06-28,300249
2012-06-28,300141
2012-06-28,300320
2012-06-28,002652
2012-06-28,002669
2012-06-28,002201
2012-06-28,600148
2012-06-28,300264
2012-06-28,002061
2012-06-28,600476
2012-06-28,300329
2012-06-28,002455
2012-06-28,000565
2012-06-28,000678
2012-06-28,300040
2012-06-28,002590
2012-06-28,002027
2012-06-28,600769
2012-06-28,000582
2012-06-28,000815
2012-07-12,300242
2012-07-12,300061
2012-07-12,300184
2012-07-12,002112
2012-07-12,000526
2012-07-12,002175
2012-07-12,300220
2012-07-12,300227
2012-07-12,002373
2012-07-12,002034
2012-07-12,300069
2012-07-12,600768
2012-07-12,300232
2012-07-12,300319
2012-07-12,300235
2012-07-12,000567
2012-07-12,600241
2012-07-12,002141
2012-07-12,000586
2012-07-12,300095
2012-07-12,300292
2012-07-12,300063
2012-07-12,300013
2012-07-12,300247
2012-07-12,300243
2012-07-12,300279
2012-07-12,002354
2012-07-12,300231
2012-07-12,002579
2012-07-12,600566
2012-07-12,300192
2012-07-12,300248
2012-07-12,002587
2012-07-12,300085
2012-07-12,300286
2012-07-12,300290
2012-07-12,002634
2012-07-12,300281
2012-07-12,300321
2012-07-12,300299
2012-07-12,002319
2012-07-12,300109
2012-07-12,002098
2012-07-12,300025
2012-07-12,300226
2012-07-12,000923
2012-07-12,300236
2012-07-12,002402
2012-07-12,300246
2012-07-12,300035
2012-07-12,600661
2012-07-12,600847
2012-07-12,600992
2012-07-12,300230
2012-07-12,300176
2012-07-12,300056
2012-07-12,300269
2012-07-12,300249
2012-07-12,002270
2012-07-12,600448
2012-07-12,600148
2012-07-12,002105
2012-07-12,600137
2012-07-12,002669
2012-07-12,300092
2012-07-12,002514
2012-07-12,300201
2012-07-12,300163
2012-07-12,300112
2012-07-12,300329
2012-07-12,300151
2012-07-12,002178
2012-07-12,002599
2012-07-12,300120
2012-07-12,002027
2012-07-12,000803
2012-07-12,002061
2012-07-12,000702
2012-07-12,002590
2012-07-12,002201
2012-07-12,300264
2012-07-12,300121
2012-07-12,002247
2012-07-12,600774
2012-07-12,000678
2012-07-12,300065
2012-07-12,000810
2012-07-12,300283
2012-07-12,002125
2012-07-12,002576
2012-07-12,300260
2012-07-12,002446
2012-07-12,600493
2012-07-12,300250
2012-07-12,300276
2012-07-12,600520
2012-07-12,300040
2012-07-12,600769
2012-07-12,000582
2012-07-12,000815
2012-07-26,300242
2012-07-26,300061
2012-07-26,300184
2012-07-26,002112
2012-07-26,000526
2012-07-26,002373
2012-07-26,002175
2012-07-26,002034
2012-07-26,300243
2012-07-26,300013
2012-07-26,300247
2012-07-26,300279
2012-07-26,300063
2012-07-26,300292
2012-07-26,300235
2012-07-26,300227
2012-07-26,300069
2012-07-26,300056
2012-07-26,300220
2012-07-26,002141
2012-07-26,300232
2012-07-26,000586
2012-07-26,600566
2012-07-26,600241
2012-07-26,300095
2012-07-26,002579
2012-07-26,002354
2012-07-26,300231
2012-07-26,000567
2012-07-26,300299
2012-07-26,002634
2012-07-26,300109
2012-07-26,300286
2012-07-26,300246
2012-07-26,300248
2012-07-26,300092
2012-07-26,300192
2012-07-26,600768
2012-07-26,300269
2012-07-26,300290
2012-07-26,300281
2012-07-26,300065
2012-07-26,300035
2012-07-26,002319
2012-07-26,000803
2012-07-26,002590
2012-07-26,300236
2012-07-26,300025
2012-07-26,300163
2012-07-26,300249
2012-07-26,300276
2012-07-26,300319
2012-07-26,300321
2012-07-26,000810
2012-07-26,002098
2012-07-26,002514
2012-07-26,300226
2012-07-26,300230
2012-07-26,002587
2012-07-26,002270
2012-07-26,300201
2012-07-26,300151
2012-07-26,300085
2012-07-26,002402
2012-07-26,300120
2012-07-26,600661
2012-07-26,300283
2012-07-26,000923
2012-07-26,002125
2012-07-26,300260
2012-07-26,300176
2012-07-26,002105
2012-07-26,300250
2012-07-26,300264
2012-07-26,300112
2012-07-26,600847
2012-07-26,002576
2012-07-26,002669
2012-07-26,600992
2012-07-26,300329
2012-07-26,600137
2012-07-26,002599
2012-07-26,002446
2012-07-26,600520
2012-07-26,002178
2012-07-26,600148
2012-07-26,002027
2012-07-26,002061
2012-07-26,600448
2012-07-26,002201
2012-07-26,600493
2012-07-26,300081
2012-07-26,300234
2012-07-26,600605
2012-07-26,002652
2012-07-26,300131
2012-07-26,300308
2012-07-26,300040
2012-07-26,600769
2012-07-26,000815
2012-08-09,300242
2012-08-09,300061
2012-08-09,300184
2012-08-09,000526
2012-08-09,002373
2012-08-09,002175
2012-08-09,002112
2012-08-09,002034
2012-08-09,300013
2012-08-09,300247
2012-08-09,300243
2012-08-09,300063
2012-08-09,300279
2012-08-09,300235
2012-08-09,002141
2012-08-09,300069
2012-08-09,600566
2012-08-09,300227
2012-08-09,300292
2012-08-09,300220
2012-08-09,600768
2012-08-09,000586
2012-08-09,300056
2012-08-09,002579
2012-08-09,002354
2012-08-09,300095
2012-08-09,300286
2012-08-09,300231
2012-08-09,300299
2012-08-09,300109
2012-08-09,000803
2012-08-09,002319
2012-08-09,600241
2012-08-09,300269
2012-08-09,300232
2012-08-09,300246
2012-08-09,300081
2012-08-09,300092
2012-08-09,300065
2012-08-09,300281
2012-08-09,300319
2012-08-09,300248
2012-08-09,300249
2012-08-09,000567
2012-08-09,300035
2012-08-09,300163
2012-08-09,300234
2012-08-09,000810
2012-08-09,002634
2012-08-09,300321
2012-08-09,300025
2012-08-09,300236
2012-08-09,300276
2012-08-09,002402
2012-08-09,300192
2012-08-09,300290
2012-08-09,600661
2012-08-09,300201
2012-08-09,300226
2012-08-09,000923
2012-08-09,002590
2012-08-09,300120
2012-08-09,300085
2012-08-09,300230
2012-08-09,300151
2012-08-09,002125
2012-08-09,300260
2012-08-09,002270
2012-08-09,600137
2012-08-09,002652
2012-08-09,002599
2012-08-09,002587
2012-08-09,300176
2012-08-09,600520
2012-08-09,002669
2012-08-09,002178
2012-08-09,300131
2012-08-09,300112
2012-08-09,300329
2012-08-09,600992
2012-08-09,300264
2012-08-09,002201
2012-08-09,002446
2012-08-09,300250
2012-08-09,600847
2012-08-09,600448
2012-08-09,002514
2012-08-09,002576
2012-08-09,300283
2012-08-09,002105
2012-08-09,600605
2012-08-09,002591
2012-08-09,600476
2012-08-09,300042
2012-08-09,300341
2012-08-09,300317
2012-08-09,300254
2012-08-09,002553
2012-08-09,600769
2012-08-09,000815
2012-08-23,300242
2012-08-23,300061
2012-08-23,300184
2012-08-23,002112
2012-08-23,000526
2012-08-23,002034
2012-08-23,002175
2012-08-23,002373
2012-08-23,300013
2012-08-23,300247
2012-08-23,300235
2012-08-23,300063
2012-08-23,600768
2012-08-23,300069
2012-08-23,300292
2012-08-23,300243
2012-08-23,002141
2012-08-23,002319
2012-08-23,002354
2012-08-23,300220
2012-08-23,000586
2012-08-23,300056
2012-08-23,600566
2012-08-23,300319
2012-08-23,000567
2012-08-23,300227
2012-08-23,300092
2012-08-23,300299
2012-08-23,300109
2012-08-23,300231
2012-08-23,002634
2012-08-23,300095
2012-08-23,300269
2012-08-23,300286
2012-08-23,300065
2012-08-23,300246
2012-08-23,300249
2012-08-23,300248
2012-08-23,300081
2012-08-23,300232
2012-08-23,000803
2012-08-23,300321
2012-08-23,002125
2012-08-23,300163
2012-08-23,000810
2012-08-23,300290
2012-08-23,002590
2012-08-23,300281
2012-08-23,300234
2012-08-23,300035
2012-08-23,300192
2012-08-23,300236
2012-08-23,600137
2012-08-23,600241
2012-08-23,600661
2012-08-23,000923
2012-08-23,300276
2012-08-23,002579
2012-08-23,300025
2012-08-23,002270
2012-08-23,002402
2012-08-23,300341
2012-08-23,300120
2012-08-23,600520
2012-08-23,300151
2012-08-23,300226
2012-08-23,300085
2012-08-23,002652
2012-08-23,300329
2012-08-23,002599
2012-08-23,600847
2012-08-23,300176
2012-08-23,002669
2012-08-23,300201
2012-08-23,002591
2012-08-23,300260
2012-08-23,002446
2012-08-23,002178
2012-08-23,002105
2012-08-23,600476
2012-08-23,002587
2012-08-23,002514
2012-08-23,002201
2012-08-23,300131
2012-08-23,600448
2012-08-23,600605
2012-08-23,300112
2012-08-23,300283
2012-08-23,600992
2012-08-23,300317
2012-08-23,300230
2012-08-23,002553
2012-08-23,300250
2012-08-23,300254
2012-08-23,600148
2012-08-23,300308
2012-08-23,002027
2012-08-23,300348
2012-08-23,600769
2012-08-23,000815
2012-09-06,300242
2012-09-06,300061
2012-09-06,002034
2012-09-06,002175
2012-09-06,300184
2012-09-06,300013
2012-09-06,000526
2012-09-06,002112
2012-09-06,002373
2012-09-06,300247
2012-09-06,600768
2012-09-06,300235
2012-09-06,300069
2012-09-06,000586
2012-09-06,002141
2012-09-06,300056
2012-09-06,002354
2012-09-06,300220
2012-09-06,600566
2012-09-06,300092
2012-09-06,300292
2012-09-06,300095
2012-09-06,000567
2012-09-06,300281
2012-09-06,002319
2012-09-06,002634
2012-09-06,300321
2012-09-06,600137
2012-09-06,300319
2012-09-06,300299
2012-09-06,002125
2012-09-06,300243
2012-09-06,000810
2012-09-06,300286
2012-09-06,002590
2012-09-06,300269
2012-09-06,300081
2012-09-06,300249
2012-09-06,300109
2012-09-06,000923
2012-09-06,300163
2012-09-06,300231
2012-09-06,000803
2012-09-06,300246
2012-09-06,300065
2012-09-06,600241
2012-09-06,600520
2012-09-06,300192
2012-09-06,600661
2012-09-06,300236
2012-09-06,300341
2012-09-06,002270
2012-09-06,300063
2012-09-06,600148
2012-09-06,300248
2012-09-06,600769
2012-09-06,300120
2012-09-06,300276
2012-09-06,600992
2012-09-06,600448
2012-09-06,300329
2012-09-06,300308
2012-09-06,002514
2012-09-06,300201
2012-09-06,002669
2012-09-06,300085
2012-09-06,300232
2012-09-06,300290
2012-09-06,600605
2012-09-06,300035
2012-09-06,002599
2012-09-06,002652
2012-09-06,002105
2012-09-06,600476
2012-09-06,300230
2012-09-06,002587
2012-09-06,300260
2012-09-06,300151
2012-09-06,002591
2012-09-06,002402
2012-09-06,300234
2012-09-06,300131
2012-09-06,300283
2012-09-06,002579
2012-09-06,002553
2012-09-06,300112
2012-09-06,300226
2012-09-06,002027
2012-09-06,600847
2012-09-06,002201
2012-09-06,600419
2012-09-06,600444
2012-09-06,002576
2012-09-06,600099
2012-09-06,000702
2012-09-06,002061
2012-09-06,300019
2012-09-06,600493
2012-09-06,300025
2012-09-06,000815
2012-09-20,300242
2012-09-20,002034
2012-09-20,300061
2012-09-20,300184
2012-09-20,002112
2012-09-20,300013
2012-09-20,002175
2012-09-20,002373
2012-09-20,600419
2012-09-20,300247
2012-09-20,000526
2012-09-20,300235
2012-09-20,600768
2012-09-20,300243
2012-09-20,300220
2012-09-20,300056
2012-09-20,002141
2012-09-20,300069
2012-09-20,300319
2012-09-20,300292
2012-09-20,600566
2012-09-20,002354
2012-09-20,300281
2012-09-20,300081
2012-09-20,300286
2012-09-20,000586
2012-09-20,300321
2012-09-20,600444
2012-09-20,300249
2012-09-20,300269
2012-09-20,002319
2012-09-20,300163
2012-09-20,300095
2012-09-20,300231
2012-09-20,002125
2012-09-20,600137
2012-09-20,300299
2012-09-20,600241
2012-09-20,300109
2012-09-20,300063
2012-09-20,300192
2012-09-20,002590
2012-09-20,300276
2012-09-20,300092
2012-09-20,300248
2012-09-20,300341
2012-09-20,300232
2012-09-20,000567
2012-09-20,300236
2012-09-20,600661
2012-09-20,300308
2012-09-20,000923
2012-09-20,300260
2012-09-20,300329
2012-09-20,300290
2012-09-20,300246
2012-09-20,000810
2012-09-20,002579
2012-09-20,002591
2012-09-20,300120
2012-09-20,300085
2012-09-20,002669
2012-09-20,000803
2012-09-20,300230
2012-09-20,300283
2012-09-20,600148
2012-09-20,002402
2012-09-20,002270
2012-09-20,600448
2012-09-20,600992
2012-09-20,002599
2012-09-20,002634
2012-09-20,002576
2012-09-20,002514
2012-09-20,002652
2012-09-20,600476
2012-09-20,002105
2012-09-20,600520
2012-09-20,300201
2012-09-20,600605
2012-09-20,600493
2012-09-20,002201
2012-09-20,300151
2012-09-20,300112
2012-09-20,300035
2012-09-20,002587
2012-09-20,600769
2012-09-20,000702
2012-09-20,300019
2012-09-20,300279
2012-09-20,300264
2012-09-20,300350
2012-09-20,300042
2012-09-20,002098
2012-09-20,002247
2012-09-20,300317
2012-09-20,300250
2012-09-20,300131
2012-09-20,300025
2012-09-20,000815
2012-10-08,300242
2012-10-08,300184
2012-10-08,300013
2012-10-08,300061
2012-10-08,002034
2012-10-08,002175
2012-10-08,002373
2012-10-08,600419
2012-10-08,300247
2012-10-08,000526
2012-10-08,300235
2012-10-08,002112
2012-10-08,300220
2012-10-08,300056
2012-10-08,600768
2012-10-08,300243
2012-10-08,002141
2012-10-08,300292
2012-10-08,300319
2012-10-08,300069
2012-10-08,300269
2012-10-08,300321
2012-10-08,600566
2012-10-08,300063
2012-10-08,600137
2012-10-08,300109
2012-10-08,002354
2012-10-08,300299
2012-10-08,300281
2012-10-08,300163
2012-10-08,002319
2012-10-08,300092
2012-10-08,300341
2012-10-08,300095
2012-10-08,002125
2012-10-08,300249
2012-10-08,600444
2012-10-08,300081
2012-10-08,300276
2012-10-08,000567
2012-10-08,300192
2012-10-08,300279
2012-10-08,300085
2012-10-08,000586
2012-10-08,300290
2012-10-08,300350
2012-10-08,000810
2012-10-08,002669
2012-10-08,002590
2012-10-08,002634
2012-10-08,600241
2012-10-08,300232
2012-10-08,300248
2012-10-08,600661
2012-10-08,300308
2012-10-08,300120
2012-10-08,300283
2012-10-08,002579
2012-10-08,300264
2012-10-08,300260
2012-10-08,300329
2012-10-08,300246
2012-10-08,300236
2012-10-08,002402
2012-10-08,000923
2012-10-08,300286
2012-10-08,300230
2012-10-08,600148
2012-10-08,600992
2012-10-08,002652
2012-10-08,600476
2012-10-08,002587
2012-10-08,002270
2012-10-08,002599
2012-10-08,300231
2012-10-08,600448
2012-10-08,000803
2012-10-08,002576
2012-10-08,300112
2012-10-08,300042
2012-10-08,002105
2012-10-08,300201
2012-10-08,300019
2012-10-08,300317
2012-10-08,300250
2012-10-08,600769
2012-10-08,002247
2012-10-08,000702
2012-10-08,300176
2012-10-08,300354
2012-10-08,300348
2012-10-08,300018
2012-10-08,300174
2012-10-08,300065
2012-10-08,300141
2012-10-08,300227
2012-10-08,002446
2012-10-08,300131
2012-10-08,300025
2012-10-08,000815
2012-10-18,300242
2012-10-18,300184
2012-10-18,300061
2012-10-18,300013
2012-10-18,002175
2012-10-18,002034
2012-10-18,300247
2012-10-18,002373
2012-10-18,300235
2012-10-18,002112
2012-10-18,300056
2012-10-18,300220
2012-10-18,300292
2012-10-18,300319
2012-10-18,300321
2012-10-18,300243
2012-10-18,600768
2012-10-18,300069
2012-10-18,300299
2012-10-18,300269
2012-10-18,002141
2012-10-18,000526
2012-10-18,600419
2012-10-18,300163
2012-10-18,300081
2012-10-18,300109
2012-10-18,300063
2012-10-18,300260
2012-10-18,002354
2012-10-18,600566
2012-10-18,600137
2012-10-18,300249
2012-10-18,300341
2012-10-18,300281
2012-10-18,300092
2012-10-18,300192
2012-10-18,300232
2012-10-18,002319
2012-10-18,300276
2012-10-18,300290
2012-10-18,000586
2012-10-18,300095
2012-10-18,300065
2012-10-18,000567
2012-10-18,002590
2012-10-18,300308
2012-10-18,300085
2012-10-18,300354
2012-10-18,300248
2012-10-18,300264
2012-10-18,002579
2012-10-18,300350
2012-10-18,300120
2012-10-18,300329
2012-10-18,300283
2012-10-18,600661
2012-10-18,300236
2012-10-18,000923
2012-10-18,300231
2012-10-18,300230
2012-10-18,300279
2012-10-18,600241
2012-10-18,002402
2012-10-18,300286
2012-10-18,002599
2012-10-18,300018
2012-10-18,300250
2012-10-18,300176
2012-10-18,300174
2012-10-18,600992
2012-10-18,300348
2012-10-18,600148
2012-10-18,300317
2012-10-18,000803
2012-10-18,002587
2012-10-18,300042
2012-10-18,600476
2012-10-18,002634
2012-10-18,002652
2012-10-18,002446
2012-10-18,300141
2012-10-18,300201
2012-10-18,002669
2012-10-18,002270
2012-10-18,300019
2012-10-18,300112
2012-10-18,600444
2012-10-18,300227
2012-10-18,002576
2012-10-18,002247
2012-10-18,000702
2012-10-18,600448
2012-10-18,002125
2012-10-18,300151
2012-10-18,002514
2012-10-18,002098
2012-10-18,300213
2012-10-18,300226
2012-10-18,300025
2012-10-18,000815
2012-11-01,300242
2012-11-01,300013
2012-11-01,300184
2012-11-01,002034
2012-11-01,300061
2012-11-01,002175
2012-11-01,002373
2012-11-01,300247
2012-11-01,300235
2012-11-01,600419
2012-11-01,300056
2012-11-01,300220
2012-11-01,002112
2012-11-01,300321
2012-11-01,300319
2012-11-01,300292
2012-11-01,300243
2012-11-01,600768
2012-11-01,300069
2012-11-01,300269
2012-11-01,300063
2012-11-01,300299
2012-11-01,002141
2012-11-01,000526
2012-11-01,300163
2012-11-01,300260
2012-11-01,600566
2012-11-01,002354
2012-11-01,300092
2012-11-01,600137
2012-11-01,300109
2012-11-01,300081
2012-11-01,300341
2012-11-01,300249
2012-11-01,300232
2012-11-01,002319
2012-11-01,300065
2012-11-01,300192
2012-11-01,300290
2012-11-01,300025
2012-11-01,300231
2012-11-01,000586
2012-11-01,300276
2012-11-01,300329
2012-11-01,300281
2012-11-01,300354
2012-11-01,300085
2012-11-01,002579
2012-11-01,300350
2012-11-01,300248
2012-11-01,300308
2012-11-01,300279
2012-11-01,600241
2012-11-01,300120
2012-11-01,300176
2012-11-01,002590
2012-11-01,300227
2012-11-01,300264
2012-11-01,300236
2012-11-01,300230
2012-11-01,002634
2012-11-01,300151
2012-11-01,600661
2012-11-01,000923
2012-11-01,002514
2012-11-01,300018
2012-11-01,002599
2012-11-01,300095
2012-11-01,300141
2012-11-01,300317
2012-11-01,600444
2012-11-01,000803
2012-11-01,300286
2012-11-01,300174
2012-11-01,600148
2012-11-01,600992
2012-11-01,002576
2012-11-01,002098
2012-11-01,300226
2012-11-01,300213
2012-11-01,002270
2012-11-01,300201
2012-11-01,300042
2012-11-01,300283
2012-11-01,002587
2012-11-01,002669
2012-11-01,300112
2012-11-01,002446
2012-11-01,002402
2012-11-01,300019
2012-11-01,300348
2012-11-01,002652
2012-11-01,000702
2012-11-01,000810
2012-11-01,300246
2012-11-01,600520
2012-11-01,600605
2012-11-01,300234
2012-11-01,002125
2012-11-01,000815
2012-11-15,300242
2012-11-15,300184
2012-11-15,002373
2012-11-15,300061
2012-11-15,300013
2012-11-15,002175
2012-11-15,002034
2012-11-15,600419
2012-11-15,300247
2012-11-15,300235
2012-11-15,002112
2012-11-15,300056
2012-11-15,300220
2012-11-15,300269
2012-11-15,300243
2012-11-15,300292
2012-11-15,300299
2012-11-15,600768
2012-11-15,300109
2012-11-15,300092
2012-11-15,300260
2012-11-15,300063
2012-11-15,002141
2012-11-15,300249
2012-11-15,600566
2012-11-15,600137
2012-11-15,300163
2012-11-15,300321
2012-11-15,300025
2012-11-15,000526
2012-11-15,300065
2012-11-15,300085
2012-11-15,000586
2012-11-15,300069
2012-11-15,300279
2012-11-15,300319
2012-11-15,300232
2012-11-15,002579
2012-11-15,300081
2012-11-15,002319
2012-11-15,300290
2012-11-15,300151
2012-11-15,300227
2012-11-15,300341
2012-11-15,300354
2012-11-15,300264
2012-11-15,300329
2012-11-15,000803
2012-11-15,002634
2012-11-15,002354
2012-11-15,600241
2012-11-15,300141
2012-11-15,300231
2012-11-15,300276
2012-11-15,300120
2012-11-15,300317
2012-11-15,300230
2012-11-15,600661
2012-11-15,300176
2012-11-15,300281
2012-11-15,300095
2012-11-15,300308
2012-11-15,000923
2012-11-15,300192
2012-11-15,300248
2012-11-15,600520
2012-11-15,300226
2012-11-15,300174
2012-11-15,000810
2012-11-15,002576
2012-11-15,300236
2012-11-15,600148
2012-11-15,300042
2012-11-15,300018
2012-11-15,300348
2012-11-15,600992
2012-11-15,002270
2012-11-15,600444
2012-11-15,300286
2012-11-15,002402
2012-11-15,300213
2012-11-15,300283
2012-11-15,600605
2012-11-15,002599
2012-11-15,002669
2012-11-15,300234
2012-11-15,002652
2012-11-15,002446
2012-11-15,300121
2012-11-15,002633
2012-11-15,300250
2012-11-15,002057
2012-11-15,300035
2012-11-15,300277
2012-11-15,002640
2012-11-15,600476
2012-11-15,002615
2012-11-15,300067
2012-11-15,002125
2012-11-15,000815
2012-11-29,300242
2012-11-29,300013
2012-11-29,002034
2012-11-29,300184
2012-11-29,002175
2012-11-29,300061
2012-11-29,300247
2012-11-29,002373
2012-11-29,600419
2012-11-29,300109
2012-11-29,300056
2012-11-29,300243
2012-11-29,600768
2012-11-29,300269
2012-11-29,300220
2012-11-29,300092
2012-11-29,600137
2012-11-29,300299
2012-11-29,002112
2012-11-29,300235
2012-11-29,002141
2012-11-29,600566
2012-11-29,300319
2012-11-29,300065
2012-11-29,000526
2012-11-29,300063
2012-11-29,300025
2012-11-29,300249
2012-11-29,300085
2012-11-29,300232
2012-11-29,002354
2012-11-29,000586
2012-11-29,300069
2012-11-29,300151
2012-11-29,002579
2012-11-29,300163
2012-11-29,300264
2012-11-29,300227
2012-11-29,300341
2012-11-29,300290
2012-11-29,300279
2012-11-29,300354
2012-11-29,002634
2012-11-29,300308
2012-11-29,300081
2012-11-29,002633
2012-11-29,000803
2012-11-29,300226
2012-11-29,600520
2012-11-29,300317
2012-11-29,300329
2012-11-29,600241
2012-11-29,300276
2012-11-29,300321
2012-11-29,300095
2012-11-29,000923
2012-11-29,300230
2012-11-29,600661
2012-11-29,002319
2012-11-29,002125
2012-11-29,300120
2012-11-29,300248
2012-11-29,000810
2012-11-29,300141
2012-11-29,300176
2012-11-29,002057
2012-11-29,300231
2012-11-29,600444
2012-11-29,300018
2012-11-29,002402
2012-11-29,300035
2012-11-29,300281
2012-11-29,002576
2012-11-29,300042
2012-11-29,300213
2012-11-29,600992
2012-11-29,600605
2012-11-29,600148
2012-11-29,300348
2012-11-29,300192
2012-11-29,300277
2012-11-29,300236
2012-11-29,002270
2012-11-29,300286
2012-11-29,300250
2012-11-29,300067
2012-11-29,002652
2012-11-29,600476
2012-11-29,002098
2012-11-29,002207
2012-11-29,002590
2012-11-29,002654
2012-11-29,300252
2012-11-29,002066
2012-11-29,300107
2012-11-29,300327
2012-11-29,300019
2012-11-29,002201
2012-11-29,300292
2012-11-29,000815
2012-12-13,300242
2012-12-13,300013
2012-12-13,300184
2012-12-13,002175
2012-12-13,002373
2012-12-13,002034
2012-12-13,300061
2012-12-13,300247
2012-12-13,300243
2012-12-13,300269
2012-12-13,600419
2012-12-13,300109
2012-12-13,600137
2012-12-13,002112
2012-12-13,300092
2012-12-13,300235
2012-12-13,600768
2012-12-13,300220
2012-12-13,300319
2012-12-13,300299
2012-12-13,300063
2012-12-13,002141
2012-12-13,300056
2012-12-13,300085
2012-12-13,000803
2012-12-13,300232
2012-12-13,000586
2012-12-13,000526
2012-12-13,300025
2012-12-13,300290
2012-12-13,300264
2012-12-13,300151
2012-12-13,002634
2012-12-13,300341
2012-12-13,002579
2012-12-13,002354
2012-12-13,300308
2012-12-13,600566
2012-12-13,300081
2012-12-13,300276
2012-12-13,300279
2012-12-13,300317
2012-12-13,300095
2012-12-13,300163
2012-12-13,600148
2012-12-13,300069
2012-12-13,300329
2012-12-13,600444
2012-12-13,002633
2012-12-13,300249
2012-12-13,300321
2012-12-13,300065
2012-12-13,300141
2012-12-13,300248
2012-12-13,300176
2012-12-13,600661
2012-12-13,300354
2012-12-13,300226
2012-12-13,300227
2012-12-13,600241
2012-12-13,300230
2012-12-13,000810
2012-12-13,300120
2012-12-13,300018
2012-12-13,300231
2012-12-13,300213
2012-12-13,000923
2012-12-13,002125
2012-12-13,002576
2012-12-13,002402
2012-12-13,600605
2012-12-13,300192
2012-12-13,300250
2012-12-13,002098
2012-12-13,300286
2012-12-13,300035
2012-12-13,300281
2012-12-13,600992
2012-12-13,002654
2012-12-13,300327
2012-12-13,002066
2012-12-13,002207
2012-12-13,600520
2012-12-13,300107
2012-12-13,002201
2012-12-13,300277
2012-12-13,002270
2012-12-13,300019
2012-12-13,300067
2012-12-13,002652
2012-12-13,600476
2012-12-13,300236
2012-12-13,300283
2012-12-13,300121
2012-12-13,300246
2012-12-13,002669
2012-12-13,300174
2012-12-13,002615
2012-12-13,300292
2012-12-13,000815
2012-12-27,300242
2012-12-27,300184
2012-12-27,002175
2012-12-27,002373
2012-12-27,002034
2012-12-27,300061
2012-12-27,600419
2012-12-27,002112
2012-12-27,600768
2012-12-27,300109
2012-12-27,600137
2012-12-27,300247
2012-12-27,300235
2012-12-27,002141
2012-12-27,300243
2012-12-27,300092
2012-12-27,300056
2012-12-27,300063
2012-12-27,000803
2012-12-27,000586
2012-12-27,600566
2012-12-27,000526
2012-12-27,300220
2012-12-27,300319
2012-12-27,300025
2012-12-27,300269
2012-12-27,300013
2012-12-27,002354
2012-12-27,300232
2012-12-27,300151
2012-12-27,300085
2012-12-27,300249
2012-12-27,300299
2012-12-27,300065
2012-12-27,300081
2012-12-27,300069
2012-12-27,002634
2012-12-27,300264
2012-12-27,600241
2012-12-27,300279
2012-12-27,600661
2012-12-27,300163
2012-12-27,600148
2012-12-27,300290
2012-12-27,000810
2012-12-27,002125
2012-12-27,600520
2012-12-27,300095
2012-12-27,300176
2012-12-27,300227
2012-12-27,300248
2012-12-27,300141
2012-12-27,000923
2012-12-27,300230
2012-12-27,300317
2012-12-27,300321
2012-12-27,002579
2012-12-27,002633
2012-12-27,600992
2012-12-27,002576
2012-12-27,300276
2012-12-27,300341
2012-12-27,300226
2012-12-27,300192
2012-12-27,300329
2012-12-27,300250
2012-12-27,600605
2012-12-27,002402
2012-12-27,002270
2012-12-27,300120
2012-12-27,300121
2012-12-27,300231
2012-12-27,600476
2012-12-27,300067
2012-12-27,300035
2012-12-27,300174
2012-12-27,002207
2012-12-27,300246
2012-12-27,002669
2012-12-27,300281
2012-12-27,300018
2012-12-27,300236
2012-12-27,002652
2012-12-27,002066
2012-12-27,300107
2012-12-27,300308
2012-12-27,002615
2012-12-27,300354
2012-12-27,002654
2012-12-27,300213
2012-12-27,300283
2012-12-27,300042
2012-12-27,002119
2012-12-27,000721
2012-12-27,300252
2012-12-27,000702
2012-12-27,002590
2012-12-27,002184
2012-12-27,002591
2012-12-27,300292
2013-01-10,300242
2013-01-10,300184
2013-01-10,002175
2013-01-10,300061
2013-01-10,002373
2013-01-10,300247
2013-01-10,002034
2013-01-10,002112
2013-01-10,600768
2013-01-10,600137
2013-01-10,300235
2013-01-10,300013
2013-01-10,002141
2013-01-10,300056
2013-01-10,300220
2013-01-10,300243
2013-01-10,600419
2013-01-10,300109
2013-01-10,000526
2013-01-10,300269
2013-01-10,000803
2013-01-10,600566
2013-01-10,002354
2013-01-10,300319
2013-01-10,300232
2013-01-10,300092
2013-01-10,000586
2013-01-10,300085
2013-01-10,300151
2013-01-10,300069
2013-01-10,300025
2013-01-10,300264
2013-01-10,300279
2013-01-10,300063
2013-01-10,300321
2013-01-10,002634
2013-01-10,600661
2013-01-10,600148
2013-01-10,300081
2013-01-10,300249
2013-01-10,300163
2013-01-10,300341
2013-01-10,000810
2013-01-10,300230
2013-01-10,600520
2013-01-10,300176
2013-01-10,002633
2013-01-10,300248
2013-01-10,300317
2013-01-10,000923
2013-01-10,300141
2013-01-10,300299
2013-01-10,300192
2013-01-10,300095
2013-01-10,300065
2013-01-10,600992
2013-01-10,300290
2013-01-10,300329
2013-01-10,300276
2013-01-10,600605
2013-01-10,300120
2013-01-10,300308
2013-01-10,002576
2013-01-10,300121
2013-01-10,002125
2013-01-10,002270
2013-01-10,002579
2013-01-10,300354
2013-01-10,002669
2013-01-10,300227
2013-01-10,002402
2013-01-10,600476
2013-01-10,300236
2013-01-10,300067
2013-01-10,000721
2013-01-10,002590
2013-01-10,000702
2013-01-10,002652
2013-01-10,002615
2013-01-10,300250
2013-01-10,002066
2013-01-10,300246
2013-01-10,300213
2013-01-10,300283
2013-01-10,002119
2013-01-10,300226
2013-01-10,300174
2013-01-10,600241
2013-01-10,300107
2013-01-10,300035
2013-01-10,300281
2013-01-10,300042
2013-01-10,002207
2013-01-10,002098
2013-01-10,002553
2013-01-10,300327
2013-01-10,002201
2013-01-10,000967
2013-01-10,300019
2013-01-10,300292
2013-01-24,300242
2013-01-24,300184
2013-01-24,002175
2013-01-24,300061
2013-01-24,002373
2013-01-24,002034
2013-01-24,300247
2013-01-24,300235
2013-01-24,300013
2013-01-24,600768
2013-01-24,600137
2013-01-24,300243
2013-01-24,300269
2013-01-24,002141
2013-01-24,600419
2013-01-24,002112
2013-01-24,300109
2013-01-24,300092
2013-01-24,300232
2013-01-24,300025
2013-01-24,300319
2013-01-24,000526
2013-01-24,300085
2013-01-24,300063
2013-01-24,300220
2013-01-24,300151
2013-01-24,300069
2013-01-24,000586
2013-01-24,300321
2013-01-24,300264
2013-01-24,300279
2013-01-24,600566
2013-01-24,002354
2013-01-24,002633
2013-01-24,300299
2013-01-24,300081
2013-01-24,002579
2013-01-24,300341
2013-01-24,600661
2013-01-24,300276
2013-01-24,300317
2013-01-24,300095
2013-01-24,300176
2013-01-24,300230
2013-01-24,300248
2013-01-24,600148
2013-01-24,300163
2013-01-24,300192
2013-01-24,000803
2013-01-24,300120
2013-01-24,600520
2013-01-24,000923
2013-01-24,300354
2013-01-24,300249
2013-01-24,002576
2013-01-24,300121
2013-01-24,002125
2013-01-24,002270
2013-01-24,300308
2013-01-24,300226
2013-01-24,300067
2013-01-24,300290
2013-01-24,300236
2013-01-24,300141
2013-01-24,300250
2013-01-24,300213
2013-01-24,300327
2013-01-24,300174
2013-01-24,002669
2013-01-24,002590
2013-01-24,600476
2013-01-24,000721
2013-01-24,002402
2013-01-24,002634
2013-01-24,300042
2013-01-24,000702
2013-01-24,002201
2013-01-24,300107
2013-01-24,002098
2013-01-24,600992
2013-01-24,002615
2013-01-24,300283
2013-01-24,002119
2013-01-24,300035
2013-01-24,002652
2013-01-24,000967
2013-01-24,002553
2013-01-24,300281
2013-01-24,002207
2013-01-24,300231
2013-01-24,300286
2013-01-24,300018
2013-01-24,300260
2013-01-24,300254
2013-01-24,300221
2013-01-24,002184
2013-01-24,000678
2013-01-24,000810
2013-01-24,300065
2013-01-24,300292
2013-02-07,300242
2013-02-07,300061
2013-02-07,300184
2013-02-07,002175
2013-02-07,300247
2013-02-07,002373
2013-02-07,002034
2013-02-07,300013
2013-02-07,600419
2013-02-07,002112
2013-02-07,300235
2013-02-07,600137
2013-02-07,300243
2013-02-07,300109
2013-02-07,300269
2013-02-07,300232
2013-02-07,600768
2013-02-07,002141
2013-02-07,300279
2013-02-07,300069
2013-02-07,300319
2013-02-07,000526
2013-02-07,300264
2013-02-07,300063
2013-02-07,600566
2013-02-07,300220
2013-02-07,300085
2013-02-07,300321
2013-02-07,300025
2013-02-07,000586
2013-02-07,300299
2013-02-07,000803
2013-02-07,002633
2013-02-07,002354
2013-02-07,300341
2013-02-07,300092
2013-02-07,002579
2013-02-07,300151
2013-02-07,300249
2013-02-07,300276
2013-02-07,300065
2013-02-07,300081
2013-02-07,600148
2013-02-07,600520
2013-02-07,300163
2013-02-07,300120
2013-02-07,300292
2013-02-07,600661
2013-02-07,300317
2013-02-07,300226
2013-02-07,300290
2013-02-07,300230
2013-02-07,300308
2013-02-07,300121
2013-02-07,300192
2013-02-07,300176
2013-02-07,002125
2013-02-07,300354
2013-02-07,002270
2013-02-07,300250
2013-02-07,002576
2013-02-07,002098
2013-02-07,300018
2013-02-07,300067
2013-02-07,600992
2013-02-07,300174
2013-02-07,300095
2013-02-07,002590
2013-02-07,300248
2013-02-07,300327
2013-02-07,000923
2013-02-07,002669
2013-02-07,300231
2013-02-07,300283
2013-02-07,002201
2013-02-07,000702
2013-02-07,300236
2013-02-07,600476
2013-02-07,300213
2013-02-07,002615
2013-02-07,300141
2013-02-07,002652
2013-02-07,002207
2013-02-07,300042
2013-02-07,002553
2013-02-07,300286
2013-02-07,300260
2013-02-07,000967
2013-02-07,002184
2013-02-07,300254
2013-02-07,002402
2013-02-07,002057
2013-02-07,002196
2013-02-07,600241
2013-02-07,002599
2013-02-07,600681
2013-02-07,300302
2013-02-07,300329
2013-02-07,300222
2013-02-07,000810
2013-02-21,300242
2013-02-21,300061
2013-02-21,300184
2013-02-21,002175
2013-02-21,002373
2013-02-21,300247
2013-02-21,300013
2013-02-21,002034
2013-02-21,002112
2013-02-21,300235
2013-02-21,600768
2013-02-21,300243
2013-02-21,000526
2013-02-21,600137
2013-02-21,002141
2013-02-21,300109
2013-02-21,300269
2013-02-21,300220
2013-02-21,600566
2013-02-21,300069
2013-02-21,300321
2013-02-21,300279
2013-02-21,300063
2013-02-21,300232
2013-02-21,300319
2013-02-21,002354
2013-02-21,300085
2013-02-21,300264
2013-02-21,300092
2013-02-21,000803
2013-02-21,300151
2013-02-21,300292
2013-02-21,002633
2013-02-21,300341
2013-02-21,000586
2013-02-21,600520
2013-02-21,300025
2013-02-21,300081
2013-02-21,300065
2013-02-21,300299
2013-02-21,300163
2013-02-21,300226
2013-02-21,600148
2013-02-21,300095
2013-02-21,300276
2013-02-21,002579
2013-02-21,300317
2013-02-21,002125
2013-02-21,300018
2013-02-21,300354
2013-02-21,300249
2013-02-21,300176
2013-02-21,300230
2013-02-21,002576
2013-02-21,300192
2013-02-21,300290
2013-02-21,600992
2013-02-21,000923
2013-02-21,002590
2013-02-21,300141
2013-02-21,300327
2013-02-21,300120
2013-02-21,300308
2013-02-21,002615
2013-02-21,600476
2013-02-21,300231
2013-02-21,300248
2013-02-21,600681
2013-02-21,300236
2013-02-21,300283
2013-02-21,002669
2013-02-21,002201
2013-02-21,002057
2013-02-21,300250
2013-02-21,002098
2013-02-21,600661
2013-02-21,300174
2013-02-21,002652
2013-02-21,000702
2013-02-21,300067
2013-02-21,600241
2013-02-21,002402
2013-02-21,300329
2013-02-21,300042
2013-02-21,002196
2013-02-21,300286
2013-02-21,002184
2013-02-21,002207
2013-02-21,300213
2013-02-21,300121
2013-02-21,002270
2013-02-21,300302
2013-02-21,300260
2013-02-21,300222
2013-02-21,000967
2013-02-21,002634
2013-02-21,002119
2013-02-21,002654
2013-02-21,600419
2013-02-21,000810
2013-03-07,300242
2013-03-07,300184
2013-03-07,002373
2013-03-07,002175
2013-03-07,002034
2013-03-07,300061
2013-03-07,000526
2013-03-07,002112
2013-03-07,300013
2013-03-07,300247
2013-03-07,600768
2013-03-07,300235
2013-03-07,600137
2013-03-07,000803
2013-03-07,300321
2013-03-07,300279
2013-03-07,300292
2013-03-07,300319
2013-03-07,300269
2013-03-07,300220
2013-03-07,300243
2013-03-07,300063
2013-03-07,600566
2013-03-07,300085
2013-03-07,300092
2013-03-07,002141
2013-03-07,002354
2013-03-07,300109
2013-03-07,300264
2013-03-07,300069
2013-03-07,300151
2013-03-07,000586
2013-03-07,600520
2013-03-07,300226
2013-03-07,300065
2013-03-07,300095
2013-03-07,002633
2013-03-07,300341
2013-03-07,002579
2013-03-07,300249
2013-03-07,300317
2013-03-07,600148
2013-03-07,300081
2013-03-07,300163
2013-03-07,300308
2013-03-07,300230
2013-03-07,002125
2013-03-07,300121
2013-03-07,300192
2013-03-07,600681
2013-03-07,300120
2013-03-07,300299
2013-03-07,300018
2013-03-07,300329
2013-03-07,300176
2013-03-07,600992
2013-03-07,000923
2013-03-07,300354
2013-03-07,300327
2013-03-07,300250
2013-03-07,600241
2013-03-07,300248
2013-03-07,300236
2013-03-07,002576
2013-03-07,300067
2013-03-07,300283
2013-03-07,002402
2013-03-07,300025
2013-03-07,300231
2013-03-07,600476
2013-03-07,002590
2013-03-07,002669
2013-03-07,002057
2013-03-07,002201
2013-03-07,002615
2013-03-07,002270
2013-03-07,300042
2013-03-07,300174
2013-03-07,002196
2013-03-07,002207
2013-03-07,300286
2013-03-07,000702
2013-03-07,300302
2013-03-07,002098
2013-03-07,002634
2013-03-07,300276
2013-03-07,300213
2013-03-07,002066
2013-03-07,300153
2013-03-07,002553
2013-03-07,300281
2013-03-07,000721
2013-03-07,002599
2013-03-07,300221
2013-03-07,600538
2013-03-07,600605
2013-03-07,600444
2013-03-07,002027
2013-03-07,600419
2013-03-07,000810
2013-03-21,300242
2013-03-21,300184
2013-03-21,002373
2013-03-21,300061
2013-03-21,300013
2013-03-21,002175
2013-03-21,300247
2013-03-21,300235
2013-03-21,002112
2013-03-21,600768
2013-03-21,002034
2013-03-21,600137
2013-03-21,300321
2013-03-21,000526
2013-03-21,300085
2013-03-21,000803
2013-03-21,300220
2013-03-21,300269
2013-03-21,002354
2013-03-21,300264
2013-03-21,300109
2013-03-21,300292
2013-03-21,002141
2013-03-21,300319
2013-03-21,300279
2013-03-21,300069
2013-03-21,300063
2013-03-21,300243
2013-03-21,300151
2013-03-21,300065
2013-03-21,600566
2013-03-21,000586
2013-03-21,300092
2013-03-21,002633
2013-03-21,002579
2013-03-21,300341
2013-03-21,300163
2013-03-21,002125
2013-03-21,300249
2013-03-21,300250
2013-03-21,300081
2013-03-21,300095
2013-03-21,300176
2013-03-21,300308
2013-03-21,300192
2013-03-21,300317
2013-03-21,300018
2013-03-21,300226
2013-03-21,300327
2013-03-21,600241
2013-03-21,600992
2013-03-21,600520
2013-03-21,002576
2013-03-21,300067
2013-03-21,300329
2013-03-21,300248
2013-03-21,600148
2013-03-21,002057
2013-03-21,300120
2013-03-21,300354
2013-03-21,300302
2013-03-21,002402
2013-03-21,002634
2013-03-21,000923
2013-03-21,002669
2013-03-21,300299
2013-03-21,002553
2013-03-21,002590
2013-03-21,002615
2013-03-21,300042
2013-03-21,600476
2013-03-21,002196
2013-03-21,002098
2013-03-21,002201
2013-03-21,002066
2013-03-21,600681
2013-03-21,002599
2013-03-21,300231
2013-03-21,300283
2013-03-21,300213
2013-03-21,000702
2013-03-21,300286
2013-03-21,002270
2013-03-21,300121
2013-03-21,300174
2013-03-21,000721
2013-03-21,300221
2013-03-21,300276
2013-03-21,300153
2013-03-21,600605
2013-03-21,300230
2013-03-21,002027
2013-03-21,600661
2013-03-21,300260
2013-03-21,300056
2013-03-21,002119
2013-03-21,300236
2013-03-21,300025
2013-03-21,600419
2013-03-21,000810
2013-04-08,300242
2013-04-08,002373
2013-04-08,300184
2013-04-08,300061
2013-04-08,002175
2013-04-08,300235
2013-04-08,002034
2013-04-08,300243
2013-04-08,300013
2013-04-08,300247
2013-04-08,600768
2013-04-08,300321
2013-04-08,300264
2013-04-08,300063
2013-04-08,300319
2013-04-08,300292
2013-04-08,300109
2013-04-08,300163
2013-04-08,002112
2013-04-08,300220
2013-04-08,300092
2013-04-08,300279
2013-04-08,002633
2013-04-08,002354
2013-04-08,300085
2013-04-08,300269
2013-04-08,300226
2013-04-08,600137
2013-04-08,000803
2013-04-08,300151
2013-04-08,300341
2013-04-08,300095
2013-04-08,002141
2013-04-08,300025
2013-04-08,300069
2013-04-08,600520
2013-04-08,300192
2013-04-08,300065
2013-04-08,300354
2013-04-08,002125
2013-04-08,300308
2013-04-08,000586
2013-04-08,300248
2013-04-08,600566
2013-04-08,300249
2013-04-08,300176
2013-04-08,300317
2013-04-08,300250
2013-04-08,300299
2013-04-08,300327
2013-04-08,600241
2013-04-08,002057
2013-04-08,300230
2013-04-08,002576
2013-04-08,300260
2013-04-08,002098
2013-04-08,300056
2013-04-08,002553
2013-04-08,300283
2013-04-08,002669
2013-04-08,300286
2013-04-08,600992
2013-04-08,002402
2013-04-08,600681
2013-04-08,000923
2013-04-08,002634
2013-04-08,300174
2013-04-08,300276
2013-04-08,600476
2013-04-08,600148
2013-04-08,300018
2013-04-08,002579
2013-04-08,300120
2013-04-08,002590
2013-04-08,002615
2013-04-08,002066
2013-04-08,002196
2013-04-08,000721
2013-04-08,300231
2013-04-08,300329
2013-04-08,002270
2013-04-08,300221
2013-04-08,000702
2013-04-08,300213
2013-04-08,300121
2013-04-08,300153
2013-04-08,300067
2013-04-08,002027
2013-04-08,002599
2013-04-08,600455
2013-04-08,300277
2013-04-08,600444
2013-04-08,300232
2013-04-08,300350
2013-04-08,300087
2013-04-08,000526
2013-04-08,600661
2013-04-08,300236
2013-04-08,600419
2013-04-08,000810
2013-04-18,300242
2013-04-18,300184
2013-04-18,002373
2013-04-18,600455
2013-04-18,002175
2013-04-18,300061
2013-04-18,300235
2013-04-18,002034
2013-04-18,300243
2013-04-18,002112
2013-04-18,300247
2013-04-18,600768
2013-04-18,300109
2013-04-18,300321
2013-04-18,300092
2013-04-18,300319
2013-04-18,300264
2013-04-18,300163
2013-04-18,300151
2013-04-18,300220
2013-04-18,002141
2013-04-18,300013
2013-04-18,002354
2013-04-18,300354
2013-04-18,300269
2013-04-18,002633
2013-04-18,000586
2013-04-18,600137
2013-04-18,300095
2013-04-18,300279
2013-04-18,300192
2013-04-18,300341
2013-04-18,300063
2013-04-18,600520
2013-04-18,300069
2013-04-18,002125
2013-04-18,300025
2013-04-18,300226
2013-04-18,000803
2013-04-18,300308
2013-04-18,300248
2013-04-18,600148
2013-04-18,300292
2013-04-18,300176
2013-04-18,300085
2013-04-18,300249
2013-04-18,600241
2013-04-18,600566
2013-04-18,300286
2013-04-18,002576
2013-04-18,300327
2013-04-18,300250
2013-04-18,002057
2013-04-18,300230
2013-04-18,000923
2013-04-18,300283
2013-04-18,300174
2013-04-18,002669
2013-04-18,002402
2013-04-18,300018
2013-04-18,002098
2013-04-18,300260
2013-04-18,300277
2013-04-18,002634
2013-04-18,600444
2013-04-18,002579
2013-04-18,600681
2013-04-18,002066
2013-04-18,300231
2013-04-18,600992
2013-04-18,300317
2013-04-18,002615
2013-04-18,300120
2013-04-18,600476
2013-04-18,002196
2013-04-18,300299
2013-04-18,000721
2013-04-18,300276
2013-04-18,300329
2013-04-18,300056
2013-04-18,000702
2013-04-18,300067
2013-04-18,002553
2013-04-18,300153
2013-04-18,002599
2013-04-18,002590
2013-04-18,300221
2013-04-18,300121
2013-04-18,002270
2013-04-18,300350
2013-04-18,300087
2013-04-18,300107
2013-04-18,300046
2013-04-18,300302
2013-04-18,300065
2013-04-18,000526
2013-04-18,600661
2013-04-18,300236
2013-04-18,600419
2013-04-18,000810
2013-05-02,300242
2013-05-02,600455
2013-05-02,300184
2013-05-02,300061
2013-05-02,002175
2013-05-02,002373
2013-05-02,002034
2013-05-02,300243
2013-05-02,300235
2013-05-02,600768
2013-05-02,300321
2013-05-02,600137
2013-05-02,300109
2013-05-02,300092
2013-05-02,002354
2013-05-02,300065
2013-05-02,300264
2013-05-02,300163
2013-05-02,300247
2013-05-02,300151
2013-05-02,300292
2013-05-02,002633
2013-05-02,002112
2013-05-02,300192
2013-05-02,300319
2013-05-02,300354
2013-05-02,002141
2013-05-02,300226
2013-05-02,300063
2013-05-02,300269
2013-05-02,300095
2013-05-02,000803
2013-05-02,300248
2013-05-02,600148
2013-05-02,300220
2013-05-02,300176
2013-05-02,300341
2013-05-02,000586
2013-05-02,600520
2013-05-02,002125
2013-05-02,300279
2013-05-02,002576
2013-05-02,300069
2013-05-02,600241
2013-05-02,300230
2013-05-02,300260
2013-05-02,300327
2013-05-02,002634
2013-05-02,300250
2013-05-02,300174
2013-05-02,002669
2013-05-02,600992
2013-05-02,002066
2013-05-02,300025
2013-05-02,600681
2013-05-02,002098
2013-05-02,300286
2013-05-02,300277
2013-05-02,300249
2013-05-02,000923
2013-05-02,300350
2013-05-02,002402
2013-05-02,002553
2013-05-02,002579
2013-05-02,300283
2013-05-02,002057
2013-05-02,000721
2013-05-02,300056
2013-05-02,002599
2013-05-02,002590
2013-05-02,300046
2013-05-02,300013
2013-05-02,600566
2013-05-02,300120
2013-05-02,300067
2013-05-02,300085
2013-05-02,000702
2013-05-02,300107
2013-05-02,002270
2013-05-02,300317
2013-05-02,002615
2013-05-02,300087
2013-05-02,300018
2013-05-02,300153
2013-05-02,300308
2013-05-02,300231
2013-05-02,300121
2013-05-02,300329
2013-05-02,600476
2013-05-02,002196
2013-05-02,002120
2013-05-02,002184
2013-05-02,002201
2013-05-02,600493
2013-05-02,300112
2013-05-02,300036
2013-05-02,300266
2013-05-02,002180
2013-05-02,000526
2013-05-02,600661
2013-05-16,300242
2013-05-16,300184
2013-05-16,300243
2013-05-16,002034
2013-05-16,600768
2013-05-16,002175
2013-05-16,300061
2013-05-16,300235
2013-05-16,300321
2013-05-16,600137
2013-05-16,300092
2013-05-16,002373
2013-05-16,300163
2013-05-16,300319
2013-05-16,300065
2013-05-16,300247
2013-05-16,002633
2013-05-16,002354
2013-05-16,300264
2013-05-16,300151
2013-05-16,002141
2013-05-16,300109
2013-05-16,300063
2013-05-16,000803
2013-05-16,600520
2013-05-16,300192
2013-05-16,300269
2013-05-16,000586
2013-05-16,300354
2013-05-16,002112
2013-05-16,300226
2013-05-16,300341
2013-05-16,300095
2013-05-16,300176
2013-05-16,300248
2013-05-16,002125
2013-05-16,002576
2013-05-16,600148
2013-05-16,300220
2013-05-16,300025
2013-05-16,000923
2013-05-16,002098
2013-05-16,300286
2013-05-16,300279
2013-05-16,600992
2013-05-16,300230
2013-05-16,300283
2013-05-16,300260
2013-05-16,300069
2013-05-16,002634
2013-05-16,300292
2013-05-16,300174
2013-05-16,002066
2013-05-16,002669
2013-05-16,600681
2013-05-16,002599
2013-05-16,002553
2013-05-16,300327
2013-05-16,300277
2013-05-16,000721
2013-05-16,000702
2013-05-16,600566
2013-05-16,300249
2013-05-16,600493
2013-05-16,300250
2013-05-16,300107
2013-05-16,600241
2013-05-16,300067
2013-05-16,300046
2013-05-16,002402
2013-05-16,300085
2013-05-16,300018
2013-05-16,002120
2013-05-16,300120
2013-05-16,002270
2013-05-16,002196
2013-05-16,300350
2013-05-16,002201
2013-05-16,002184
2013-05-16,002590
2013-05-16,300087
2013-05-16,300121
2013-05-16,300308
2013-05-16,600476
2013-05-16,002180
2013-05-16,002615
2013-05-16,300153
2013-05-16,300329
2013-05-16,300317
2013-05-16,000610
2013-05-16,600448
2013-05-16,600605
2013-05-16,002027
2013-05-16,002209
2013-05-16,300222
2013-05-16,002295
2013-05-16,600455
2013-05-16,300056
2013-05-16,000526
2013-05-16,600661
2013-05-30,300242
2013-05-30,300184
2013-05-30,600768
2013-05-30,300321
2013-05-30,300243
2013-05-30,300061
2013-05-30,002373
2013-05-30,300092
2013-05-30,002034
2013-05-30,300247
2013-05-30,300163
2013-05-30,002354
2013-05-30,300063
2013-05-30,300235
2013-05-30,300065
2013-05-30,600137
2013-05-30,300192
2013-05-30,300151
2013-05-30,300109
2013-05-30,002633
2013-05-30,300264
2013-05-30,600520
2013-05-30,300354
2013-05-30,000803
2013-05-30,300095
2013-05-30,300319
2013-05-30,002141
2013-05-30,002112
2013-05-30,300176
2013-05-30,002125
2013-05-30,300292
2013-05-30,000586
2013-05-30,600566
2013-05-30,300269
2013-05-30,600148
2013-05-30,002576
2013-05-30,300341
2013-05-30,600992
2013-05-30,300069
2013-05-30,002669
2013-05-30,300230
2013-05-30,000923
2013-05-30,002634
2013-05-30,600241
2013-05-30,002066
2013-05-30,300174
2013-05-30,300249
2013-05-30,300248
2013-05-30,300283
2013-05-30,002553
2013-05-30,300286
2013-05-30,300260
2013-05-30,002599
2013-05-30,300067
2013-05-30,300329
2013-05-30,600681
2013-05-30,300277
2013-05-30,000702
2013-05-30,300226
2013-05-30,002196
2013-05-30,300308
2013-05-30,300120
2013-05-30,600493
2013-05-30,002120
2013-05-30,002098
2013-05-30,002201
2013-05-30,300025
2013-05-30,002615
2013-05-30,300121
2013-05-30,300046
2013-05-30,300327
2013-05-30,002270
2013-05-30,002184
2013-05-30,600448
2013-05-30,000610
2013-05-30,300087
2013-05-30,300250
2013-05-30,300018
2013-05-30,002209
2013-05-30,300153
2013-05-30,600605
2013-05-30,300222
2013-05-30,002402
2013-05-30,002175
2013-05-30,002027
2013-05-30,002590
2013-05-30,002180
2013-05-30,300107
2013-05-30,002103
2013-05-30,300221
2013-05-30,002040
2013-05-30,300281
2013-05-30,002105
2013-05-30,600099
2013-05-30,002667
2013-05-30,300279
2013-05-30,600455
2013-05-30,300056
2013-05-30,000526
2013-05-30,600661
2013-06-13,300242
2013-06-13,300184
2013-06-13,300243
2013-06-13,600768
2013-06-13,300061
2013-06-13,300092
2013-06-13,300247
2013-06-13,300321
2013-06-13,300065
2013-06-13,300163
2013-06-13,300264
2013-06-13,002354
2013-06-13,300109
2013-06-13,600520
2013-06-13,002125
2013-06-13,300292
2013-06-13,300063
2013-06-13,600137
2013-06-13,000803
2013-06-13,300192
2013-06-13,002633
2013-06-13,300235
2013-06-13,300151
2013-06-13,300354
2013-06-13,300095
2013-06-13,300249
2013-06-13,000586
2013-06-13,300269
2013-06-13,002634
2013-06-13,300176
2013-06-13,002112
2013-06-13,002034
2013-06-13,300341
2013-06-13,300283
2013-06-13,002576
2013-06-13,600241
2013-06-13,600148
2013-06-13,300230
2013-06-13,300069
2013-06-13,300248
2013-06-13,000923
2013-06-13,300277
2013-06-13,002066
2013-06-13,300260
2013-06-13,300025
2013-06-13,300174
2013-06-13,300308
2013-06-13,002120
2013-06-13,600992
2013-06-13,600681
2013-06-13,002141
2013-06-13,002553
2013-06-13,300329
2013-06-13,002669
2013-06-13,002196
2013-06-13,300250
2013-06-13,600493
2013-06-13,300087
2013-06-13,300067
2013-06-13,300319
2013-06-13,002209
2013-06-13,000702
2013-06-13,300046
2013-06-13,600448
2013-06-13,300120
2013-06-13,300281
2013-06-13,300327
2013-06-13,300286
2013-06-13,002180
2013-06-13,002270
2013-06-13,002201
2013-06-13,002402
2013-06-13,300221
2013-06-13,002098
2013-06-13,002184
2013-06-13,002103
2013-06-13,300226
2013-06-13,002615
2013-06-13,002105
2013-06-13,002599
2013-06-13,300222
2013-06-13,002027
2013-06-13,600099
2013-06-13,300018
2013-06-13,002590
2013-06-13,300153
2013-06-13,002040
2013-06-13,300107
2013-06-13,002579
2013-06-13,002295
2013-06-13,300299
2013-06-13,300112
2013-06-13,002373
2013-06-13,600566
2013-06-13,002175
2013-06-13,300279
2013-06-13,600455
2013-06-13,300056
2013-06-13,000526
2013-06-13,600661
2013-06-27,600768
2013-06-27,300184
2013-06-27,300242
2013-06-27,300061
2013-06-27,300321
2013-06-27,300243
2013-06-27,300247
2013-06-27,300065
2013-06-27,002125
2013-06-27,600137
2013-06-27,002112
2013-06-27,002633
2013-06-27,000803
2013-06-27,300109
2013-06-27,600520
2013-06-27,300063
2013-06-27,300192
2013-06-27,300095
2013-06-27,300283
2013-06-27,300092
2013-06-27,600148
2013-06-27,300269
2013-06-27,002034
2013-06-27,300151
2013-06-27,002576
2013-06-27,300341
2013-06-27,002120
2013-06-27,002354
2013-06-27,002634
2013-06-27,600992
2013-06-27,000586
2013-06-27,300329
2013-06-27,300230
2013-06-27,002066
2013-06-27,000923
2013-06-27,600681
2013-06-27,300176
2013-06-27,300235
2013-06-27,300281
2013-06-27,300260
2013-06-27,300308
2013-06-27,300249
2013-06-27,300354
2013-06-27,002180
2013-06-27,300163
2013-06-27,002196
2013-06-27,300087
2013-06-27,300069
2013-06-27,002209
2013-06-27,300174
2013-06-27,300018
2013-06-27,300277
2013-06-27,002201
2013-06-27,002669
2013-06-27,600448
2013-06-27,002270
2013-06-27,300120
2013-06-27,000702
2013-06-27,600099
2013-06-27,002579
2013-06-27,300025
2013-06-27,600493
2013-06-27,300046
2013-06-27,300067
2013-06-27,002599
2013-06-27,002027
2013-06-27,300327
2013-06-27,002184
2013-06-27,300221
2013-06-27,002040
2013-06-27,002590
2013-06-27,002098
2013-06-27,300222
2013-06-27,300107
2013-06-27,600241
2013-06-27,002553
2013-06-27,300112
2013-06-27,002141
2013-06-27,002105
2013-06-27,600605
2013-06-27,000567
2013-06-27,000721
2013-06-27,600689
2013-06-27,000856
2013-06-27,002169
2013-06-27,600476
2013-06-27,600419
2013-06-27,002455
2013-06-27,000582
2013-06-27,300292
2013-06-27,002402
2013-06-27,002295
2013-06-27,002373
2013-06-27,600566
2013-06-27,002175
2013-06-27,300279
2013-06-27,600455
2013-06-27,300056
2013-06-27,000526
2013-06-27,600661
2013-07-11,600768
2013-07-11,300061
2013-07-11,300184
2013-07-11,300321
2013-07-11,300092
2013-07-11,300243
2013-07-11,300242
2013-07-11,300065
2013-07-11,300109
2013-07-11,600137
2013-07-11,300247
2013-07-11,300063
2013-07-11,300192
2013-07-11,000803
2013-07-11,002112
2013-07-11,300269
2013-07-11,300095
2013-07-11,002125
2013-07-11,600148
2013-07-11,300087
2013-07-11,002633
2013-07-11,300279
2013-07-11,300260
2013-07-11,600520
2013-07-11,002576
2013-07-11,002066
2013-07-11,300329
2013-07-11,300283
2013-07-11,600605
2013-07-11,300281
2013-07-11,600681
2013-07-11,002354
2013-07-11,300249
2013-07-11,600241
2013-07-11,600992
2013-07-11,300230
2013-07-11,300174
2013-07-11,000923
2013-07-11,002034
2013-07-11,002180
2013-07-11,300354
2013-07-11,300176
2013-07-11,002209
2013-07-11,300341
2013-07-11,300221
2013-07-11,300151
2013-07-11,000586
2013-07-11,600493
2013-07-11,300163
2013-07-11,002201
2013-07-11,300292
2013-07-11,002196
2013-07-11,300018
2013-07-11,300308
2013-07-11,002669
2013-07-11,000567
2013-07-11,000702
2013-07-11,600099
2013-07-11,300327
2013-07-11,300277
2013-07-11,002270
2013-07-11,300025
2013-07-11,300120
2013-07-11,300222
2013-07-11,600448
2013-07-11,002120
2013-07-11,000856
2013-07-11,002027
2013-07-11,002599
2013-07-11,300046
2013-07-11,300069
2013-07-11,300067
2013-07-11,002040
2013-07-11,002455
2013-07-11,002098
2013-07-11,002295
2013-07-11,002184
2013-07-11,600476
2013-07-11,002169
2013-07-11,600689
2013-07-11,002402
2013-07-11,300112
2013-07-11,002634
2013-07-11,300264
2013-07-11,002667
2013-07-11,000420
2013-07-11,000838
2013-07-11,002193
2013-07-11,000565
2013-07-11,300062
2013-07-11,300126
2013-07-11,300319
2013-07-11,600452
2013-07-11,300049
2013-07-11,002373
2013-07-11,600566
2013-07-11,002175
2013-07-11,600455
2013-07-11,000526
2013-07-11,600661
2013-07-25,300242
2013-07-25,600768
2013-07-25,300321
2013-07-25,300092
2013-07-25,300243
2013-07-25,600137
2013-07-25,002112
2013-07-25,002125
2013-07-25,000803
2013-07-25,300061
2013-07-25,300063
2013-07-25,300065
2013-07-25,600148
2013-07-25,300283
2013-07-25,300192
2013-07-25,300095
2013-07-25,300087
2013-07-25,600681
2013-07-25,300279
2013-07-25,002633
2013-07-25,600520
2013-07-25,002180
2013-07-25,000923
2013-07-25,600992
2013-07-25,300176
2013-07-25,600241
2013-07-25,600605
2013-07-25,002034
2013-07-25,300230
2013-07-25,002066
2013-07-25,300329
2013-07-25,300281
2013-07-25,300109
2013-07-25,300269
2013-07-25,600493
2013-07-25,002576
2013-07-25,002120
2013-07-25,300260
2013-07-25,000702
2013-07-25,002354
2013-07-25,002201
2013-07-25,300354
2013-07-25,300163
2013-07-25,002196
2013-07-25,600448
2013-07-25,300174
2013-07-25,300221
2013-07-25,300151
2013-07-25,300308
2013-07-25,002209
2013-07-25,000567
2013-07-25,000856
2013-07-25,600099
2013-07-25,300341
2013-07-25,300292
2013-07-25,002040
2013-07-25,000420
2013-07-25,300018
2013-07-25,002669
2013-07-25,002634
2013-07-25,300249
2013-07-25,300120
2013-07-25,600689
2013-07-25,300067
2013-07-25,300277
2013-07-25,002270
2013-07-25,300069
2013-07-25,002027
2013-07-25,002599
2013-07-25,002667
2013-07-25,002295
2013-07-25,000565
2013-07-25,002193
2013-07-25,000838
2013-07-25,300222
2013-07-25,300046
2013-07-25,300319
2013-07-25,600452
2013-07-25,000586
2013-07-25,002455
2013-07-25,300327
2013-07-25,300062
2013-07-25,002169
2013-07-25,300025
2013-07-25,002098
2013-07-25,002347
2013-07-25,600302
2013-07-25,000710
2013-07-25,002124
2013-07-25,000628
2013-07-25,600370
2013-07-25,002150
2013-07-25,300184
2013-07-25,300247
2013-07-25,002373
2013-07-25,600566
2013-07-25,002175
2013-07-25,600455
2013-07-25,000526
2013-07-25,600661
2013-08-08,600768
2013-08-08,300321
2013-08-08,300092
2013-08-08,600455
2013-08-08,300242
2013-08-08,300243
2013-08-08,600137
2013-08-08,002125
2013-08-08,300063
2013-08-08,000803
2013-08-08,002633
2013-08-08,600148
2013-08-08,600520
2013-08-08,300095
2013-08-08,600992
2013-08-08,300176
2013-08-08,300087
2013-08-08,002034
2013-08-08,300283
2013-08-08,600605
2013-08-08,002066
2013-08-08,000923
2013-08-08,002576
2013-08-08,600241
2013-08-08,600493
2013-08-08,300230
2013-08-08,300163
2013-08-08,300329
2013-08-08,300281
2013-08-08,300065
2013-08-08,300192
2013-08-08,600681
2013-08-08,002354
2013-08-08,000702
2013-08-08,002112
2013-08-08,600099
2013-08-08,002196
2013-08-08,300174
2013-08-08,300308
2013-08-08,600448
2013-08-08,300061
2013-08-08,002209
2013-08-08,300151
2013-08-08,002669
2013-08-08,300221
2013-08-08,300260
2013-08-08,300354
2013-08-08,002040
2013-08-08,000420
2013-08-08,300109
2013-08-08,002120
2013-08-08,300069
2013-08-08,002295
2013-08-08,000567
2013-08-08,300018
2013-08-08,000710
2013-08-08,000565
2013-08-08,300120
2013-08-08,600302
2013-08-08,600452
2013-08-08,002270
2013-08-08,300046
2013-08-08,002667
2013-08-08,000856
2013-08-08,300269
2013-08-08,300319
2013-08-08,300062
2013-08-08,002599
2013-08-08,002347
2013-08-08,300292
2013-08-08,600370
2013-08-08,000586
2013-08-08,002124
2013-08-08,002098
2013-08-08,600689
2013-08-08,000628
2013-08-08,300279
2013-08-08,002169
2013-08-08,002455
2013-08-08,300249
2013-08-08,300025
2013-08-08,002027
2013-08-08,002141
2013-08-08,300264
2013-08-08,600719
2013-08-08,002053
2013-08-08,600152
2013-08-08,600476
2013-08-08,002627
2013-08-08,002188
2013-08-08,002180
2013-08-08,002201
2013-08-08,002193
2013-08-08,300222
2013-08-08,300184
2013-08-08,300247
2013-08-08,002373
2013-08-08,002175
2013-08-08,000526
2013-08-08,600661
2013-08-22,600455
2013-08-22,300242
2013-08-22,600768
2013-08-22,300092
2013-08-22,300321
2013-08-22,300243
2013-08-22,600137
2013-08-22,002125
2013-08-22,002633
2013-08-22,000803
2013-08-22,600148
2013-08-22,600520
2013-08-22,300095
2013-08-22,300063
2013-08-22,002066
2013-08-22,300087
2013-08-22,300283
2013-08-22,300163
2013-08-22,000923
2013-08-22,300192
2013-08-22,002034
2013-08-22,002180
2013-08-22,300176
2013-08-22,300247
2013-08-22,600493
2013-08-22,000702
2013-08-22,300329
2013-08-22,300065
2013-08-22,002120
2013-08-22,600992
2013-08-22,300109
2013-08-22,002576
2013-08-22,600448
2013-08-22,300151
2013-08-22,300230
2013-08-22,600099
2013-08-22,600605
2013-08-22,002112
2013-08-22,600241
2013-08-22,000856
2013-08-22,002669
2013-08-22,300061
2013-08-22,002209
2013-08-22,600681
2013-08-22,300174
2013-08-22,300260
2013-08-22,300354
2013-08-22,300221
2013-08-22,300308
2013-08-22,000420
2013-08-22,002040
2013-08-22,300249
2013-08-22,000567
2013-08-22,002270
2013-08-22,600452
2013-08-22,300018
2013-08-22,002667
2013-08-22,000710
2013-08-22,002295
2013-08-22,300279
2013-08-22,600302
2013-08-22,300120
2013-08-22,002098
2013-08-22,300281
2013-08-22,300069
2013-08-22,002455
2013-08-22,000586
2013-08-22,600370
2013-08-22,002141
2013-08-22,002053
2013-08-22,002347
2013-08-22,002354
2013-08-22,002599
2013-08-22,600719
2013-08-22,000628
2013-08-22,300319
2013-08-22,002627
2013-08-22,300292
2013-08-22,300269
2013-08-22,000565
2013-08-22,300046
2013-08-22,300062
2013-08-22,600152
2013-08-22,002169
2013-08-22,300341
2013-08-22,002105
2013-08-22,002624
2013-08-22,300143
2013-08-22,000610
2013-08-22,002057
2013-08-22,600558
2013-08-22,002124
2013-08-22,002201
2013-08-22,002193
2013-08-22,300222
2013-08-22,300184
2013-08-22,002373
2013-08-22,002175
2013-08-22,000526
2013-08-22,600661
2013-09-05,600455
2013-09-05,300321
2013-09-05,300092
2013-09-05,300243
2013-09-05,600768
2013-09-05,300247
2013-09-05,300095
2013-09-05,300063
2013-09-05,002633
2013-09-05,600137
2013-09-05,600520
2013-09-05,000803
2013-09-05,300163
2013-09-05,300087
2013-09-05,300061
2013-09-05,300176
2013-09-05,002112
2013-09-05,300192
2013-09-05,600148
2013-09-05,300283
2013-09-05,002125
2013-09-05,300260
2013-09-05,002066
2013-09-05,300329
2013-09-05,002120
2013-09-05,000923
2013-09-05,300109
2013-09-05,002034
2013-09-05,300354
2013-09-05,300174
2013-09-05,000702
2013-09-05,002180
2013-09-05,002576
2013-09-05,300230
2013-09-05,600493
2013-09-05,300308
2013-09-05,600448
2013-09-05,600992
2013-09-05,300341
2013-09-05,000856
2013-09-05,600099
2013-09-05,002669
2013-09-05,300249
2013-09-05,300319
2013-09-05,300281
2013-09-05,600681
2013-09-05,300018
2013-09-05,300069
2013-09-05,600241
2013-09-05,000586
2013-09-05,300221
2013-09-05,600605
2013-09-05,300065
2013-09-05,002209
2013-09-05,002295
2013-09-05,000420
2013-09-05,002270
2013-09-05,002667
2013-09-05,600452
2013-09-05,002057
2013-09-05,002347
2013-09-05,300062
2013-09-05,000567
2013-09-05,002040
2013-09-05,300046
2013-09-05,002098
2013-09-05,002624
2013-09-05,002455
2013-09-05,300292
2013-09-05,000565
2013-09-05,002599
2013-09-05,002627
2013-09-05,002354
2013-09-05,300151
2013-09-05,300143
2013-09-05,600370
2013-09-05,300120
2013-09-05,002169
2013-09-05,600719
2013-09-05,002053
2013-09-05,002141
2013-09-05,600302
2013-09-05,000610
2013-09-05,300279
2013-09-05,300277
2013-09-05,002634
2013-09-05,300121
2013-09-05,002560
2013-09-05,300025
2013-09-05,002553
2013-09-05,000838
2013-09-05,300264
2013-09-05,300242
2013-09-05,002124
2013-09-05,002201
2013-09-05,002193
2013-09-05,300222
2013-09-05,300184
2013-09-05,002373
2013-09-05,002175
2013-09-23,600455
2013-09-23,300321
2013-09-23,300092
2013-09-23,300243
2013-09-23,600768
2013-09-23,300063
2013-09-23,300283
2013-09-23,300095
2013-09-23,000803
2013-09-23,300176
2013-09-23,300192
2013-09-23,300087
2013-09-23,300061
2013-09-23,600520
2013-09-23,002034
2013-09-23,300109
2013-09-23,002066
2013-09-23,300329
2013-09-23,300163
2013-09-23,300260
2013-09-23,002125
2013-09-23,600148
2013-09-23,002201
2013-09-23,300354
2013-09-23,600137
2013-09-23,000923
2013-09-23,600992
2013-09-23,002112
2013-09-23,002576
2013-09-23,000702
2013-09-23,002633
2013-09-23,300174
2013-09-23,002180
2013-09-23,300069
2013-09-23,600493
2013-09-23,300308
2013-09-23,002120
2013-09-23,600448
2013-09-23,300281
2013-09-23,300319
2013-09-23,600099
2013-09-23,300230
2013-09-23,002209
2013-09-23,600241
2013-09-23,300221
2013-09-23,000586
2013-09-23,300341
2013-09-23,300018
2013-09-23,300249
2013-09-23,000420
2013-09-23,600452
2013-09-23,002669
2013-09-23,002667
2013-09-23,002295
2013-09-23,600605
2013-09-23,002270
2013-09-23,300264
2013-09-23,002057
2013-09-23,000856
2013-09-23,300046
2013-09-23,600681
2013-09-23,300279
2013-09-23,300120
2013-09-23,000567
2013-09-23,002040
2013-09-23,000565
2013-09-23,300062
2013-09-23,002624
2013-09-23,002455
2013-09-23,300277
2013-09-23,000838
2013-09-23,002053
2013-09-23,300143
2013-09-23,300121
2013-09-23,002627
2013-09-23,600719
2013-09-23,002560
2013-09-23,002347
2013-09-23,300151
2013-09-23,600370
2013-09-23,600302
2013-09-23,000710
2013-09-23,300013
2013-09-23,300112
2013-09-23,300345
2013-09-23,300320
2013-09-23,300276
2013-09-23,002150
2013-09-23,300248
2013-09-23,000628
2013-09-23,600338
2013-09-23,002196
2013-09-23,002558
2013-09-23,300242
2013-09-23,002124
2013-09-23,002193
2013-09-23,300222
2013-09-23,300184
2013-09-23,002373
2013-09-23,002175
2013-10-08,300242
2013-10-08,600455
2013-10-08,300092
2013-10-08,300321
2013-10-08,300243
2013-10-08,600768
2013-10-08,300063
2013-10-08,300283
2013-10-08,000803
2013-10-08,600137
2013-10-08,300192
2013-10-08,600520
2013-10-08,300095
2013-10-08,300061
2013-10-08,002066
2013-10-08,002112
2013-10-08,002201
2013-10-08,300329
2013-10-08,000923
2013-10-08,600992
2013-10-08,300109
2013-10-08,002034
2013-10-08,002125
2013-10-08,300176
2013-10-08,300260
2013-10-08,300163
2013-10-08,002180
2013-10-08,002576
2013-10-08,300069
2013-10-08,300087
2013-10-08,600448
2013-10-08,600493
2013-10-08,300281
2013-10-08,300174
2013-10-08,000702
2013-10-08,300230
2013-10-08,600148
2013-10-08,002120
2013-10-08,300354
2013-10-08,300308
2013-10-08,300319
2013-10-08,002209
2013-10-08,002270
2013-10-08,000586
2013-10-08,600241
2013-10-08,300341
2013-10-08,600452
2013-10-08,300249
2013-10-08,002669
2013-10-08,300018
2013-10-08,000838
2013-10-08,000856
2013-10-08,600099
2013-10-08,002667
2013-10-08,002295
2013-10-08,000420
2013-10-08,600605
2013-10-08,300120
2013-10-08,300279
2013-10-08,002040
2013-10-08,300046
2013-10-08,300221
2013-10-08,002347
2013-10-08,300062
2013-10-08,000567
2013-10-08,002053
2013-10-08,002627
2013-10-08,002455
2013-10-08,002624
2013-10-08,600338
2013-10-08,300013
2013-10-08,000565
2013-10-08,300277
2013-10-08,300121
2013-10-08,600719
2013-10-08,600681
2013-10-08,002560
2013-10-08,600370
2013-10-08,000628
2013-10-08,300345
2013-10-08,300143
2013-10-08,300151
2013-10-08,300320
2013-10-08,002196
2013-10-08,300264
2013-10-08,300112
2013-10-08,300248
2013-10-08,002150
2013-10-08,600152
2013-10-08,002599
2013-10-08,002141
2013-10-08,300065
2013-10-08,002633
2013-10-08,000710
2013-10-08,002124
2013-10-08,002193
2013-10-08,300222
2013-10-08,300184
2013-10-08,002373
2013-10-08,002175
2013-10-17,300242
2013-10-17,600455
2013-10-17,300092
2013-10-17,300243
2013-10-17,300321
2013-10-17,600768
2013-10-17,300063
2013-10-17,300095
2013-10-17,600137
2013-10-17,300283
2013-10-17,000803
2013-10-17,300061
2013-10-17,300176
2013-10-17,300192
2013-10-17,002125
2013-10-17,002034
2013-10-17,300329
2013-10-17,300354
2013-10-17,300109
2013-10-17,600520
2013-10-17,002066
2013-10-17,002633
2013-10-17,000923
2013-10-17,300087
2013-10-17,300319
2013-10-17,300174
2013-10-17,300069
2013-10-17,600992
2013-10-17,002112
2013-10-17,002120
2013-10-17,002180
2013-10-17,600448
2013-10-17,300230
2013-10-17,600148
2013-10-17,300308
2013-10-17,002576
2013-10-17,002669
2013-10-17,002209
2013-10-17,300260
2013-10-17,300249
2013-10-17,000856
2013-10-17,000702
2013-10-17,002270
2013-10-17,300163
2013-10-17,000586
2013-10-17,600241
2013-10-17,600605
2013-10-17,002201
2013-10-17,300046
2013-10-17,600493
2013-10-17,300120
2013-10-17,600099
2013-10-17,600452
2013-10-17,000420
2013-10-17,300277
2013-10-17,300264
2013-10-17,300341
2013-10-17,300279
2013-10-17,002141
2013-10-17,300065
2013-10-17,000838
2013-10-17,002295
2013-10-17,600338
2013-10-17,300281
2013-10-17,002667
2013-10-17,002347
2013-10-17,300062
2013-10-17,600681
2013-10-17,300121
2013-10-17,002040
2013-10-17,002624
2013-10-17,300221
2013-10-17,002053
2013-10-17,002455
2013-10-17,300248
2013-10-17,002627
2013-10-17,300143
2013-10-17,000565
2013-10-17,000567
2013-10-17,002124
2013-10-17,300345
2013-10-17,600719
2013-10-17,002560
2013-10-17,600370
2013-10-17,300018
2013-10-17,600152
2013-10-17,002150
2013-10-17,300112
2013-10-17,000628
2013-10-17,000610
2013-10-17,002057
2013-10-17,300276
2013-10-17,002098
2013-10-17,002553
2013-10-17,000710
2013-10-17,002193
2013-10-17,300222
2013-10-17,300184
2013-10-17,002373
2013-10-17,002175
2013-10-31,600455
2013-10-31,300092
2013-10-31,300242
2013-10-31,600768
2013-10-31,300243
2013-10-31,300063
2013-10-31,300061
2013-10-31,300329
2013-10-31,600137
2013-10-31,300095
2013-10-31,300192
2013-10-31,600520
2013-10-31,300176
2013-10-31,300109
2013-10-31,002034
2013-10-31,300354
2013-10-31,000803
2013-10-31,002066
2013-10-31,002120
2013-10-31,300069
2013-10-31,002633
2013-10-31,300174
2013-10-31,300184
2013-10-31,000923
2013-10-31,300087
2013-10-31,600992
2013-10-31,002125
2013-10-31,002576
2013-10-31,000702
2013-10-31,300308
2013-10-31,002180
2013-10-31,600448
2013-10-31,300279
2013-10-31,000856
2013-10-31,300264
2013-10-31,600099
2013-10-31,002209
2013-10-31,002270
2013-10-31,300230
2013-10-31,600605
2013-10-31,300065
2013-10-31,600148
2013-10-31,600241
2013-10-31,300277
2013-10-31,300283
2013-10-31,002669
2013-10-31,000420
2013-10-31,002112
2013-10-31,300120
2013-10-31,600681
2013-10-31,002201
2013-10-31,002057
2013-10-31,300321
2013-10-31,300163
2013-10-31,000567
2013-10-31,300281
2013-10-31,300276
2013-10-31,002295
2013-10-31,002347
2013-10-31,002624
2013-10-31,300046
2013-10-31,002455
2013-10-31,000838
2013-10-31,300143
2013-10-31,600493
2013-10-31,300062
2013-10-31,002098
2013-10-31,002040
2013-10-31,002627
2013-10-31,000628
2013-10-31,300018
2013-10-31,002124
2013-10-31,600152
2013-10-31,600719
2013-10-31,000610
2013-10-31,600452
2013-10-31,000586
2013-10-31,002141
2013-10-31,000565
2013-10-31,300121
2013-10-31,300345
2013-10-31,300221
2013-10-31,002053
2013-10-31,600338
2013-10-31,002026
2013-10-31,300247
2013-10-31,002632
2013-10-31,300141
2013-10-31,002196
2013-10-31,002374
2013-10-31,002323
2013-10-31,300013
2013-10-31,300249
2013-10-31,300341
2013-10-31,300248
2013-10-31,600370
2013-10-31,000710
2013-10-31,002193
2013-10-31,300222
2013-10-31,002373
2013-11-14,600455
2013-11-14,600768
2013-11-14,300092
2013-11-14,300242
2013-11-14,600137
2013-11-14,300061
2013-11-14,300243
2013-11-14,600520
2013-11-14,300329
2013-11-14,300192
2013-11-14,300063
2013-11-14,300176
2013-11-14,002066
2013-11-14,002633
2013-11-14,000923
2013-11-14,002120
2013-11-14,002209
2013-11-14,000856
2013-11-14,300109
2013-11-14,300095
2013-11-14,300279
2013-11-14,600099
2013-11-14,300069
2013-11-14,600992
2013-11-14,002270
2013-11-14,300184
2013-11-14,002576
2013-11-14,000803
2013-11-14,300354
2013-11-14,002112
2013-11-14,000702
2013-11-14,002034
2013-11-14,300174
2013-11-14,600448
2013-11-14,600605
2013-11-14,002180
2013-11-14,300283
2013-11-14,300264
2013-11-14,300087
2013-11-14,000420
2013-11-14,002347
2013-11-14,002295
2013-11-14,300277
2013-11-14,600681
2013-11-14,002057
2013-11-14,002374
2013-11-14,000838
2013-11-14,000567
2013-11-14,300018
2013-11-14,300046
2013-11-14,002624
2013-11-14,300120
2013-11-14,600719
2013-11-14,002141
2013-11-14,600452
2013-11-14,002098
2013-11-14,300276
2013-11-14,002455
2013-11-14,300065
2013-11-14,300230
2013-11-14,002026
2013-11-14,600152
2013-11-14,600493
2013-11-14,002040
2013-11-14,000610
2013-11-14,300281
2013-11-14,000565
2013-11-14,600338
2013-11-14,002627
2013-11-14,300062
2013-11-14,300221
2013-11-14,002053
2013-11-14,002323
2013-11-14,300143
2013-11-14,002124
2013-11-14,300321
2013-11-14,300141
2013-11-14,300013
2013-11-14,002632
2013-11-14,002634
2013-11-14,002189
2013-11-14,600558
2013-11-14,002103
2013-11-14,002377
2013-11-14,002590
2013-11-14,002150
2013-11-14,300112
2013-11-14,600883
2013-11-14,600975
2013-11-14,002652
2013-11-14,002125
2013-11-14,600241
2013-11-14,000586
2013-11-14,002196
2013-11-14,300341
2013-11-14,300248
2013-11-14,600370
2013-11-14,000710
2013-11-14,002193
2013-11-14,300222
2013-11-28,300092
2013-11-28,600455
2013-11-28,600768
2013-11-28,600137
2013-11-28,300242
2013-11-28,000803
2013-11-28,300063
2013-11-28,600520
2013-11-28,002066
2013-11-28,000923
2013-11-28,300243
2013-11-28,300192
2013-11-28,600241
2013-11-28,002633
2013-11-28,000856
2013-11-28,300061
2013-11-28,300095
2013-11-28,300109
2013-11-28,600992
2013-11-28,002120
2013-11-28,002209
2013-11-28,600099
2013-11-28,002576
2013-11-28,300069
2013-11-28,300184
2013-11-28,300174
2013-11-28,300176
2013-11-28,002270
2013-11-28,002034
2013-11-28,300279
2013-11-28,600448
2013-11-28,002112
2013-11-28,600605
2013-11-28,600681
2013-11-28,000838
2013-11-28,000702
2013-11-28,300221
2013-11-28,002180
2013-11-28,000567
2013-11-28,000420
2013-11-28,002057
2013-11-28,600719
2013-11-28,300277
2013-11-28,002347
2013-11-28,600452
2013-11-28,300230
2013-11-28,002374
2013-11-28,002141
2013-11-28,300013
2013-11-28,300283
2013-11-28,300018
2013-11-28,002455
2013-11-28,300264
2013-11-28,002098
2013-11-28,600152
2013-11-28,002634
2013-11-28,300087
2013-11-28,300276
2013-11-28,300329
2013-11-28,002295
2013-11-28,002627
2013-11-28,600338
2013-11-28,600493
2013-11-28,000565
2013-11-28,300062
2013-11-28,600883
2013-11-28,002189
2013-11-28,002040
2013-11-28,300281
2013-11-28,002026
2013-11-28,002624
2013-11-28,300120
2013-11-28,600558
2013-11-28,000610
2013-11-28,300141
2013-11-28,002323
2013-11-28,002053
2013-11-28,002150
2013-11-28,600975
2013-11-28,002103
2013-11-28,300046
2013-11-28,300112
2013-11-28,002377
2013-11-28,300354
2013-11-28,002188
2013-11-28,002201
2013-11-28,600148
2013-11-28,300247
2013-11-28,600356
2013-11-28,600302
2013-11-28,300143
2013-11-28,002590
2013-11-28,002125
2013-11-28,000586
2013-11-28,002196
2013-11-28,300341
2013-11-28,300248
2013-11-28,600370
2013-11-28,000710
2013-11-28,002193
2013-12-12,600455
2013-12-12,600768
2013-12-12,300092
2013-12-12,000803
2013-12-12,300242
2013-12-12,600137
2013-12-12,300061
2013-12-12,300243
2013-12-12,300063
2013-12-12,002633
2013-12-12,600241
2013-12-12,600520
2013-12-12,300184
2013-12-12,300176
2013-12-12,000856
2013-12-12,600992
2013-12-12,000923
2013-12-12,600099
2013-12-12,600681
2013-12-12,000567
2013-12-12,002209
2013-12-12,002034
2013-12-12,002066
2013-12-12,600448
2013-12-12,000838
2013-12-12,300069
2013-12-12,300221
2013-12-12,300283
2013-12-12,002576
2013-12-12,300095
2013-12-12,300109
2013-12-12,300264
2013-12-12,002270
2013-12-12,300354
2013-12-12,300279
2013-12-12,002188
2013-12-12,300329
2013-12-12,600605
2013-12-12,300018
2013-12-12,300192
2013-12-12,002201
2013-12-12,002141
2013-12-12,002057
2013-12-12,300276
2013-12-12,300247
2013-12-12,002295
2013-12-12,002112
2013-12-12,300013
2013-12-12,600148
2013-12-12,000610
2013-12-12,002374
2013-12-12,002347
2013-12-12,300230
2013-12-12,300281
2013-12-12,000702
2013-12-12,600452
2013-12-12,002120
2013-12-12,600493
2013-12-12,300277
2013-12-12,300062
2013-12-12,600883
2013-12-12,600152
2013-12-12,002189
2013-12-12,600338
2013-12-12,300120
2013-12-12,002040
2013-12-12,002053
2013-12-12,002624
2013-12-12,002103
2013-12-12,002098
2013-12-12,600302
2013-12-12,000565
2013-12-12,300141
2013-12-12,600356
2013-12-12,002455
2013-12-12,300174
2013-12-12,002026
2013-12-12,002627
2013-12-12,002323
2013-12-12,002634
2013-12-12,002590
2013-12-12,600975
2013-12-12,300308
2013-12-12,300163
2013-12-12,300260
2013-12-12,300249
2013-12-12,002373
2013-12-12,300319
2013-12-12,002180
2013-12-12,000420
2013-12-12,300087
2013-12-12,300143
2013-12-12,002125
2013-12-12,000586
2013-12-12,002196
2013-12-12,300341
2013-12-12,300248
2013-12-12,600370
2013-12-12,000710
2013-12-12,002193
2013-12-26,600768
2013-12-26,600455
2013-12-26,300092
2013-12-26,000803
2013-12-26,600137
2013-12-26,300243
2013-12-26,600520
2013-12-26,300242
2013-12-26,300061
2013-12-26,000923
2013-12-26,600681
2013-12-26,002633
2013-12-26,600241
2013-12-26,600099
2013-12-26,300069
2013-12-26,000567
2013-12-26,002066
2013-12-26,300063
2013-12-26,000838
2013-12-26,002120
2013-12-26,002034
2013-12-26,300176
2013-12-26,002576
2013-12-26,000586
2013-12-26,300221
2013-12-26,000856
2013-12-26,300283
2013-12-26,300109
2013-12-26,000420
2013-12-26,300247
2013-12-26,300329
2013-12-26,002201
2013-12-26,300184
2013-12-26,002141
2013-12-26,300354
2013-12-26,000702
2013-12-26,002057
2013-12-26,002295
2013-12-26,300192
2013-12-26,002270
2013-12-26,600338
2013-12-26,002188
2013-12-26,300174
2013-12-26,000610
2013-12-26,300279
2013-12-26,002209
2013-12-26,600883
2013-12-26,002040
2013-12-26,600605
2013-12-26,600148
2013-12-26,600152
2013-12-26,600452
2013-12-26,000565
2013-12-26,002374
2013-12-26,300120
2013-12-26,600448
2013-12-26,300281
2013-12-26,300264
2013-12-26,002053
2013-12-26,300230
2013-12-26,300013
2013-12-26,002103
2013-12-26,002634
2013-12-26,300249
2013-12-26,600493
2013-12-26,300308
2013-12-26,300095
2013-12-26,002624
2013-12-26,600302
2013-12-26,600975
2013-12-26,300277
2013-12-26,002098
2013-12-26,600356
2013-12-26,300141
2013-12-26,002189
2013-12-26,002026
2013-12-26,002627
2013-12-26,300319
2013-12-26,002015
2013-12-26,002105
2013-12-26,600506
2013-12-26,000560
2013-12-26,600758
2013-12-26,300153
2013-12-26,000628
2013-12-26,600071
2013-12-26,002136
2013-12-26,002074
2013-12-26,600774
2013-12-26,002455
2013-12-26,002180
2013-12-26,300087
2013-12-26,300143
2013-12-26,002125
2013-12-26,002196
2013-12-26,300341
2013-12-26,300248
2013-12-26,600370
2013-12-26,000710
2013-12-26,002193
2014-01-09,600455
2014-01-09,600768
2014-01-09,300092
2014-01-09,000803
2014-01-09,600137
2014-01-09,600681
2014-01-09,600520
2014-01-09,300243
2014-01-09,300242
2014-01-09,000923
2014-01-09,600099
2014-01-09,600241
2014-01-09,300087
2014-01-09,600605
2014-01-09,000586
2014-01-09,000420
2014-01-09,002066
2014-01-09,300063
2014-01-09,000567
2014-01-09,300354
2014-01-09,002034
2014-01-09,000856
2014-01-09,000838
2014-01-09,002576
2014-01-09,300192
2014-01-09,300221
2014-01-09,300176
2014-01-09,002633
2014-01-09,300283
2014-01-09,000565
2014-01-09,600148
2014-01-09,600883
2014-01-09,000702
2014-01-09,002015
2014-01-09,600152
2014-01-09,300329
2014-01-09,600452
2014-01-09,300109
2014-01-09,002120
2014-01-09,002201
2014-01-09,300184
2014-01-09,000628
2014-01-09,600370
2014-01-09,300248
2014-01-09,002188
2014-01-09,002141
2014-01-09,600506
2014-01-09,002209
2014-01-09,000610
2014-01-09,300061
2014-01-09,002105
2014-01-09,300174
2014-01-09,000560
2014-01-09,002053
2014-01-09,002040
2014-01-09,600338
2014-01-09,600493
2014-01-09,600975
2014-01-09,002374
2014-01-09,300230
2014-01-09,002057
2014-01-09,002074
2014-01-09,002627
2014-01-09,300319
2014-01-09,600356
2014-01-09,600071
2014-01-09,002136
2014-01-09,600302
2014-01-09,600448
2014-01-09,300281
2014-01-09,002103
2014-01-09,002098
2014-01-09,002455
2014-01-09,600758
2014-01-09,002624
2014-01-09,002634
2014-01-09,300141
2014-01-09,600774
2014-01-09,600719
2014-01-09,002517
2014-01-09,000815
2014-01-09,300163
2014-01-09,002347
2014-01-09,000785
2014-01-09,000593
2014-01-09,600476
2014-01-09,600853
2014-01-09,600250
2014-01-09,600233
2014-01-09,002395
2014-01-09,600749
2014-01-09,000034
2014-01-09,300260
2014-01-09,002295
2014-01-09,002180
2014-01-09,300143
2014-01-09,002125
2014-01-09,002196
2014-01-09,000710
2014-01-09,002193
2014-01-23,600768
2014-01-23,000803
2014-01-23,600681
2014-01-23,300092
2014-01-23,600520
2014-01-23,600137
2014-01-23,000923
2014-01-23,002066
2014-01-23,600099
2014-01-23,000420
2014-01-23,000586
2014-01-23,600241
2014-01-23,600605
2014-01-23,300243
2014-01-23,002295
2014-01-23,300242
2014-01-23,000567
2014-01-23,000856
2014-01-23,000702
2014-01-23,300087
2014-01-23,000838
2014-01-23,002034
2014-01-23,002015
2014-01-23,600883
2014-01-23,600338
2014-01-23,002576
2014-01-23,600148
2014-01-23,000610
2014-01-23,300354
2014-01-23,600719
2014-01-23,000565
2014-01-23,600152
2014-01-23,300221
2014-01-23,002141
2014-01-23,600370
2014-01-23,002201
2014-01-23,002347
2014-01-23,000815
2014-01-23,300063
2014-01-23,002053
2014-01-23,000628
2014-01-23,002120
2014-01-23,600493
2014-01-23,600448
2014-01-23,600452
2014-01-23,002057
2014-01-23,002188
2014-01-23,002374
2014-01-23,300283
2014-01-23,300176
2014-01-23,000560
2014-01-23,002633
2014-01-23,002105
2014-01-23,000710
2014-01-23,600356
2014-01-23,300192
2014-01-23,600302
2014-01-23,300174
2014-01-23,600758
2014-01-23,600853
2014-01-23,002040
2014-01-23,002136
2014-01-23,002098
2014-01-23,300061
2014-01-23,600233
2014-01-23,300329
2014-01-23,300248
2014-01-23,002209
2014-01-23,002634
2014-01-23,300109
2014-01-23,600975
2014-01-23,600071
2014-01-23,600476
2014-01-23,000785
2014-01-23,002074
2014-01-23,002627
2014-01-23,000034
2014-01-23,300163
2014-01-23,002103
2014-01-23,600774
2014-01-23,300184
2014-01-23,002395
2014-01-23,600250
2014-01-23,300013
2014-01-23,000605
2014-01-23,002112
2014-01-23,300345
2014-01-23,600689
2014-01-23,002459
2014-01-23,600986
2014-01-23,600419
2014-01-23,600576
2014-01-23,600455
2014-01-23,600506
2014-01-23,002517
2014-01-23,002180
2014-01-23,300143
2014-01-23,002125
2014-01-23,002196
2014-01-23,002193
2014-02-07,600768
2014-02-07,000803
2014-02-07,600681
2014-02-07,300092
2014-02-07,600520
2014-02-07,600137
2014-02-07,600099
2014-02-07,000420
2014-02-07,300243
2014-02-07,600241
2014-02-07,000856
2014-02-07,000923
2014-02-07,002066
2014-02-07,300242
2014-02-07,000586
2014-02-07,600338
2014-02-07,002034
2014-02-07,000702
2014-02-07,002295
2014-02-07,600605
2014-02-07,300087
2014-02-07,000838
2014-02-07,600719
2014-02-07,600883
2014-02-07,000567
2014-02-07,000710
2014-02-07,000610
2014-02-07,002015
2014-02-07,002576
2014-02-07,600152
2014-02-07,300354
2014-02-07,000815
2014-02-07,000565
2014-02-07,600148
2014-02-07,300221
2014-02-07,002347
2014-02-07,600493
2014-02-07,300063
2014-02-07,300176
2014-02-07,002201
2014-02-07,000628
2014-02-07,600448
2014-02-07,002053
2014-02-07,002136
2014-02-07,300329
2014-02-07,300283
2014-02-07,600356
2014-02-07,000560
2014-02-07,002374
2014-02-07,002040
2014-02-07,600853
2014-02-07,002057
2014-02-07,600689
2014-02-07,002112
2014-02-07,002105
2014-02-07,600370
2014-02-07,600233
2014-02-07,300174
2014-02-07,002098
2014-02-07,002634
2014-02-07,600302
2014-02-07,300061
2014-02-07,300013
2014-02-07,002627
2014-02-07,002188
2014-02-07,600975
2014-02-07,600250
2014-02-07,600986
2014-02-07,300192
2014-02-07,600071
2014-02-07,300345
2014-02-07,000785
2014-02-07,002103
2014-02-07,002141
2014-02-07,002209
2014-02-07,000034
2014-02-07,300184
2014-02-07,600419
2014-02-07,002395
2014-02-07,600452
2014-02-07,300163
2014-02-07,300109
2014-02-07,002120
2014-02-07,002074
2014-02-07,300248
2014-02-07,300321
2014-02-07,000859
2014-02-07,002659
2014-02-07,002036
2014-02-07,000890
2014-02-07,002722
2014-02-07,002633
2014-02-07,600758
2014-02-07,600455
2014-02-07,600506
2014-02-07,002517
2014-02-07,002180
2014-02-07,300143
2014-02-07,002125
2014-02-07,002193
2014-02-20,600768
2014-02-20,000803
2014-02-20,600520
2014-02-20,600681
2014-02-20,300092
2014-02-20,600137
2014-02-20,000923
2014-02-20,002066
2014-02-20,000856
2014-02-20,000420
2014-02-20,600099
2014-02-20,300243
2014-02-20,000702
2014-02-20,600241
2014-02-20,000838
2014-02-20,000586
2014-02-20,300242
2014-02-20,002295
2014-02-20,002034
2014-02-20,600605
2014-02-20,600719
2014-02-20,600148
2014-02-20,002015
2014-02-20,300087
2014-02-20,000567
2014-02-20,000610
2014-02-20,000565
2014-02-20,600883
2014-02-20,000815
2014-02-20,000710
2014-02-20,300221
2014-02-20,600338
2014-02-20,002201
2014-02-20,300061
2014-02-20,300176
2014-02-20,300063
2014-02-20,002347
2014-02-20,300354
2014-02-20,000628
2014-02-20,002576
2014-02-20,600493
2014-02-20,002053
2014-02-20,002374
2014-02-20,600356
2014-02-20,000560
2014-02-20,002136
2014-02-20,300321
2014-02-20,002112
2014-02-20,600853
2014-02-20,600233
2014-02-20,002105
2014-02-20,002103
2014-02-20,000785
2014-02-20,002188
2014-02-20,600370
2014-02-20,300345
2014-02-20,600302
2014-02-20,600250
2014-02-20,002098
2014-02-20,002141
2014-02-20,300163
2014-02-20,002627
2014-02-20,300013
2014-02-20,002074
2014-02-20,002036
2014-02-20,002125
2014-02-20,600689
2014-02-20,300283
2014-02-20,002634
2014-02-20,000859
2014-02-20,002040
2014-02-20,300329
2014-02-20,000890
2014-02-20,000034
2014-02-20,600452
2014-02-20,600986
2014-02-20,002659
2014-02-20,300174
2014-02-20,300184
2014-02-20,600419
2014-02-20,600448
2014-02-20,600152
2014-02-20,002319
2014-02-20,300230
2014-02-20,300319
2014-02-20,000626
2014-02-20,600774
2014-02-20,002669
2014-02-20,300120
2014-02-20,600962
2014-02-20,002667
2014-02-20,300248
2014-02-20,002633
2014-02-20,600758
2014-02-20,600455
2014-02-20,600506
2014-02-20,002517
2014-02-20,002180
2014-02-20,300143
2014-02-20,002193
2014-03-06,600455
2014-03-06,000803
2014-03-06,600768
2014-03-06,300092
2014-03-06,600681
2014-03-06,600137
2014-03-06,300243
2014-03-06,600520
2014-03-06,600099
2014-03-06,600241
2014-03-06,000420
2014-03-06,002066
2014-03-06,002034
2014-03-06,300242
2014-03-06,000702
2014-03-06,000856
2014-03-06,000838
2014-03-06,300087
2014-03-06,000923
2014-03-06,600338
2014-03-06,002015
2014-03-06,000586
2014-03-06,000815
2014-03-06,600883
2014-03-06,300061
2014-03-06,000567
2014-03-06,600719
2014-03-06,300354
2014-03-06,000610
2014-03-06,300176
2014-03-06,300321
2014-03-06,600605
2014-03-06,002295
2014-03-06,300063
2014-03-06,300221
2014-03-06,600148
2014-03-06,000565
2014-03-06,300345
2014-03-06,002188
2014-03-06,000710
2014-03-06,600853
2014-03-06,300319
2014-03-06,300163
2014-03-06,002634
2014-03-06,002374
2014-03-06,002141
2014-03-06,300283
2014-03-06,300013
2014-03-06,300329
2014-03-06,002053
2014-03-06,002201
2014-03-06,002125
2014-03-06,600233
2014-03-06,002098
2014-03-06,002112
2014-03-06,300230
2014-03-06,000785
2014-03-06,002627
2014-03-06,002040
2014-03-06,002347
2014-03-06,002036
2014-03-06,300120
2014-03-06,000560
2014-03-06,600419
2014-03-06,000626
2014-03-06,600302
2014-03-06,600493
2014-03-06,000890
2014-03-06,600356
2014-03-06,002136
2014-03-06,600986
2014-03-06,000628
2014-03-06,600689
2014-03-06,000034
2014-03-06,600448
2014-03-06,000859
2014-03-06,002667
2014-03-06,600250
2014-03-06,300174
2014-03-06,002105
2014-03-06,002193
2014-03-06,002669
2014-03-06,600774
2014-03-06,300184
2014-03-06,600370
2014-03-06,002659
2014-03-06,600538
2014-03-06,002044
2014-03-06,002624
2014-03-06,300281
2014-03-06,600889
2014-03-06,002558
2014-03-06,002026
2014-03-06,600975
2014-03-06,002633
2014-03-06,600758
2014-03-06,600506
2014-03-06,002517
2014-03-06,002180
2014-03-06,300143
2014-03-20,600455
2014-03-20,600768
2014-03-20,000803
2014-03-20,300092
2014-03-20,600137
2014-03-20,002034
2014-03-20,600681
2014-03-20,600520
2014-03-20,600241
2014-03-20,300243
2014-03-20,600099
2014-03-20,000702
2014-03-20,002066
2014-03-20,300061
2014-03-20,000567
2014-03-20,600338
2014-03-20,000420
2014-03-20,002125
2014-03-20,300242
2014-03-20,000586
2014-03-20,600719
2014-03-20,000815
2014-03-20,300087
2014-03-20,002193
2014-03-20,600883
2014-03-20,300321
2014-03-20,600689
2014-03-20,000838
2014-03-20,600605
2014-03-20,000610
2014-03-20,002188
2014-03-20,300221
2014-03-20,002374
2014-03-20,000565
2014-03-20,300283
2014-03-20,300013
2014-03-20,300345
2014-03-20,300329
2014-03-20,300319
2014-03-20,002295
2014-03-20,300063
2014-03-20,300230
2014-03-20,600853
2014-03-20,600148
2014-03-20,000710
2014-03-20,600356
2014-03-20,002044
2014-03-20,000628
2014-03-20,002201
2014-03-20,600448
2014-03-20,002627
2014-03-20,002634
2014-03-20,600538
2014-03-20,002098
2014-03-20,300120
2014-03-20,600419
2014-03-20,002036
2014-03-20,000785
2014-03-20,000890
2014-03-20,002136
2014-03-20,300354
2014-03-20,002667
2014-03-20,002141
2014-03-20,600975
2014-03-20,000560
2014-03-20,002040
2014-03-20,002558
2014-03-20,000626
2014-03-20,002105
2014-03-20,000859
2014-03-20,002624
2014-03-20,002112
2014-03-20,300174
2014-03-20,002053
2014-03-20,300176
2014-03-20,600493
2014-03-20,300281
2014-03-20,002026
2014-03-20,600774
2014-03-20,600233
2014-03-20,600302
2014-03-20,000856
2014-03-20,600250
2014-03-20,600370
2014-03-20,300220
2014-03-20,002576
2014-03-20,600603
2014-03-20,002455
2014-03-20,002057
2014-03-20,002134
2014-03-20,300340
2014-03-20,600152
2014-03-20,002015
2014-03-20,300163
2014-03-20,002633
2014-03-20,600758
2014-03-20,600506
2014-03-20,002517
2014-03-20,002180
2014-03-20,300143
2014-04-03,600455
2014-04-03,300092
2014-04-03,000803
2014-04-03,600768
2014-04-03,600137
2014-04-03,002034
2014-04-03,300321
2014-04-03,300061
2014-04-03,002066
2014-04-03,600241
2014-04-03,300087
2014-04-03,002125
2014-04-03,300243
2014-04-03,300319
2014-04-03,000420
2014-04-03,300242
2014-04-03,600099
2014-04-03,002193
2014-04-03,300283
2014-04-03,000815
2014-04-03,000702
2014-04-03,000586
2014-04-03,600338
2014-04-03,600520
2014-04-03,300176
2014-04-03,600603
2014-04-03,300354
2014-04-03,600719
2014-04-03,300329
2014-04-03,600689
2014-04-03,600148
2014-04-03,000567
2014-04-03,300063
2014-04-03,000610
2014-04-03,600605
2014-04-03,300220
2014-04-03,600883
2014-04-03,300345
2014-04-03,000838
2014-04-03,002112
2014-04-03,000710
2014-04-03,300013
2014-04-03,600538
2014-04-03,300120
2014-04-03,002188
2014-04-03,300230
2014-04-03,300174
2014-04-03,002136
2014-04-03,002044
2014-04-03,002098
2014-04-03,000565
2014-04-03,600356
2014-04-03,002667
2014-04-03,002576
2014-04-03,000628
2014-04-03,600419
2014-04-03,600853
2014-04-03,002627
2014-04-03,600152
2014-04-03,002374
2014-04-03,600975
2014-04-03,600233
2014-04-03,002036
2014-04-03,002053
2014-04-03,002057
2014-04-03,002634
2014-04-03,002040
2014-04-03,300281
2014-04-03,000560
2014-04-03,000785
2014-04-03,600493
2014-04-03,002558
2014-04-03,000626
2014-04-03,002455
2014-04-03,300340
2014-04-03,002295
2014-04-03,002201
2014-04-03,000890
2014-04-03,600302
2014-04-03,002624
2014-04-03,002105
2014-04-03,000856
2014-04-03,002134
2014-04-03,300109
2014-04-03,300260
2014-04-03,002347
2014-04-03,002270
2014-04-03,002323
2014-04-03,300062
2014-04-03,002119
2014-04-03,300095
2014-04-03,600727
2014-04-03,600681
2014-04-03,002141
2014-04-03,300163
2014-04-03,002633
2014-04-03,600758
2014-04-03,600506
2014-04-03,002517
2014-04-03,300143
2014-04-17,600455
2014-04-17,300092
2014-04-17,000803
2014-04-17,002034
2014-04-17,600768
2014-04-17,300321
2014-04-17,600137
2014-04-17,600241
2014-04-17,000815
2014-04-17,300176
2014-04-17,300319
2014-04-17,600338
2014-04-17,300354
2014-04-17,000420
2014-04-17,002066
2014-04-17,000838
2014-04-17,000702
2014-04-17,600603
2014-04-17,002125
2014-04-17,600099
2014-04-17,600506
2014-04-17,300087
2014-04-17,300061
2014-04-17,300283
2014-04-17,000586
2014-04-17,300220
2014-04-17,002112
2014-04-17,300243
2014-04-17,000710
2014-04-17,300063
2014-04-17,000567
2014-04-17,600719
2014-04-17,002193
2014-04-17,000610
2014-04-17,300013
2014-04-17,300120
2014-04-17,002044
2014-04-17,300230
2014-04-17,300260
2014-04-17,000565
2014-04-17,002136
2014-04-17,600148
2014-04-17,000628
2014-04-17,600883
2014-04-17,300109
2014-04-17,002188
2014-04-17,600356
2014-04-17,600538
2014-04-17,600233
2014-04-17,300174
2014-04-17,002667
2014-04-17,002053
2014-04-17,002374
2014-04-17,002347
2014-04-17,002098
2014-04-17,002627
2014-04-17,600853
2014-04-17,002634
2014-04-17,600419
2014-04-17,600975
2014-04-17,002558
2014-04-17,300345
2014-04-17,300281
2014-04-17,000785
2014-04-17,600605
2014-04-17,600152
2014-04-17,002323
2014-04-17,002036
2014-04-17,002040
2014-04-17,000626
2014-04-17,300062
2014-04-17,000890
2014-04-17,002270
2014-04-17,002119
2014-04-17,002057
2014-04-17,002455
2014-04-17,002201
2014-04-17,600302
2014-04-17,300340
2014-04-17,300095
2014-04-17,002105
2014-04-17,600727
2014-04-17,300221
2014-04-17,300081
2014-04-17,002319
2014-04-17,300249
2014-04-17,300018
2014-04-17,600774
2014-04-17,300242
2014-04-17,600520
2014-04-17,300329
2014-04-17,000560
2014-04-17,002624
2014-04-17,600681
2014-04-17,002141
2014-04-17,300163
2014-04-17,002633
2014-04-17,600758
2014-04-17,002517
2014-04-17,300143
2014-05-05,000803
2014-05-05,600455
2014-05-05,300321
2014-05-05,002034
2014-05-05,600768
2014-05-05,300092
2014-05-05,002125
2014-05-05,600137
2014-05-05,600241
2014-05-05,300176
2014-05-05,600603
2014-05-05,002066
2014-05-05,600338
2014-05-05,600506
2014-05-05,300087
2014-05-05,300061
2014-05-05,000838
2014-05-05,002112
2014-05-05,300220
2014-05-05,300319
2014-05-05,000567
2014-05-05,600099
2014-05-05,000586
2014-05-05,300120
2014-05-05,000610
2014-05-05,002136
2014-05-05,000710
2014-05-05,300329
2014-05-05,300174
2014-05-05,600719
2014-05-05,300081
2014-05-05,300063
2014-05-05,000628
2014-05-05,002667
2014-05-05,300109
2014-05-05,000815
2014-05-05,002193
2014-05-05,300260
2014-05-05,000702
2014-05-05,300221
2014-05-05,002044
2014-05-05,002188
2014-05-05,600883
2014-05-05,300230
2014-05-05,300242
2014-05-05,600605
2014-05-05,002098
2014-05-05,000565
2014-05-05,300283
2014-05-05,002201
2014-05-05,002634
2014-05-05,300354
2014-05-05,600356
2014-05-05,600538
2014-05-05,600233
2014-05-05,002119
2014-05-05,300062
2014-05-05,300281
2014-05-05,600853
2014-05-05,300018
2014-05-05,002319
2014-05-05,300340
2014-05-05,002558
2014-05-05,300095
2014-05-05,002270
2014-05-05,002374
2014-05-05,300013
2014-05-05,002057
2014-05-05,600152
2014-05-05,600975
2014-05-05,002036
2014-05-05,002323
2014-05-05,600774
2014-05-05,600302
2014-05-05,002105
2014-05-05,000890
2014-05-05,600727
2014-05-05,300345
2014-05-05,600444
2014-05-05,000953
2014-05-05,000923
2014-05-05,600452
2014-05-05,600986
2014-05-05,000723
2014-05-05,002120
2014-05-05,600250
2014-05-05,002352
2014-05-05,300153
2014-05-05,600476
2014-05-05,002682
2014-05-05,600520
2014-05-05,000560
2014-05-05,002624
2014-05-05,600681
2014-05-05,002141
2014-05-05,300163
2014-05-05,002633
2014-05-05,600758
2014-05-05,002517
2014-05-05,300143
2014-05-15,600455
2014-05-15,600768
2014-05-15,000803
2014-05-15,002034
2014-05-15,300092
2014-05-15,600444
2014-05-15,600137
2014-05-15,002125
2014-05-15,600241
2014-05-15,300321
2014-05-15,000838
2014-05-15,600603
2014-05-15,300120
2014-05-15,300087
2014-05-15,300176
2014-05-15,300329
2014-05-15,300061
2014-05-15,600338
2014-05-15,000953
2014-05-15,600506
2014-05-15,002112
2014-05-15,600099
2014-05-15,000610
2014-05-15,002066
2014-05-15,000710
2014-05-15,300174
2014-05-15,600719
2014-05-15,000628
2014-05-15,000567
2014-05-15,002141
2014-05-15,000586
2014-05-15,300109
2014-05-15,002193
2014-05-15,002667
2014-05-15,300063
2014-05-15,002136
2014-05-15,300260
2014-05-15,002188
2014-05-15,000815
2014-05-15,300018
2014-05-15,300319
2014-05-15,300220
2014-05-15,300354
2014-05-15,002044
2014-05-15,002098
2014-05-15,600452
2014-05-15,600605
2014-05-15,300230
2014-05-15,002201
2014-05-15,300283
2014-05-15,000702
2014-05-15,002319
2014-05-15,300081
2014-05-15,600883
2014-05-15,002119
2014-05-15,300062
2014-05-15,600356
2014-05-15,600233
2014-05-15,002634
2014-05-15,300143
2014-05-15,300281
2014-05-15,000923
2014-05-15,300340
2014-05-15,000565
2014-05-15,300095
2014-05-15,600152
2014-05-15,002558
2014-05-15,002270
2014-05-15,600476
2014-05-15,600853
2014-05-15,600986
2014-05-15,002057
2014-05-15,002036
2014-05-15,002105
2014-05-15,000723
2014-05-15,300221
2014-05-15,002682
2014-05-15,600774
2014-05-15,600538
2014-05-15,300153
2014-05-15,002120
2014-05-15,002323
2014-05-15,600302
2014-05-15,600727
2014-05-15,300345
2014-05-15,300013
2014-05-15,002352
2014-05-15,600319
2014-05-15,000676
2014-05-15,002209
2014-05-15,002374
2014-05-15,600975
2014-05-15,600520
2014-05-15,000560
2014-05-15,002624
2014-05-15,600681
2014-05-15,300163
2014-05-15,002633
2014-05-15,600758
2014-05-15,002517
2014-05-29,600455
2014-05-29,600768
2014-05-29,000803
2014-05-29,600444
2014-05-29,002034
2014-05-29,002125
2014-05-29,600241
2014-05-29,600137
2014-05-29,000838
2014-05-29,300120
2014-05-29,300092
2014-05-29,000710
2014-05-29,300087
2014-05-29,600603
2014-05-29,600099
2014-05-29,300176
2014-05-29,300329
2014-05-29,300321
2014-05-29,600319
2014-05-29,000953
2014-05-29,002141
2014-05-29,300143
2014-05-29,000610
2014-05-29,000567
2014-05-29,300061
2014-05-29,600338
2014-05-29,002209
2014-05-29,600506
2014-05-29,600719
2014-05-29,300174
2014-05-29,300063
2014-05-29,002193
2014-05-29,002112
2014-05-29,300319
2014-05-29,002136
2014-05-29,002066
2014-05-29,000586
2014-05-29,002667
2014-05-29,000702
2014-05-29,000628
2014-05-29,002044
2014-05-29,000815
2014-05-29,000676
2014-05-29,600452
2014-05-29,002188
2014-05-29,300230
2014-05-29,300095
2014-05-29,002558
2014-05-29,300260
2014-05-29,002634
2014-05-29,600233
2014-05-29,000565
2014-05-29,002201
2014-05-29,002098
2014-05-29,002119
2014-05-29,300340
2014-05-29,002057
2014-05-29,300354
2014-05-29,002036
2014-05-29,000723
2014-05-29,600356
2014-05-29,300062
2014-05-29,600774
2014-05-29,300013
2014-05-29,300220
2014-05-29,600986
2014-05-29,300018
2014-05-29,600853
2014-05-29,300153
2014-05-29,002319
2014-05-29,300281
2014-05-29,002105
2014-05-29,300081
2014-05-29,300109
2014-05-29,002352
2014-05-29,300283
2014-05-29,600302
2014-05-29,000923
2014-05-29,600727
2014-05-29,002323
2014-05-29,600538
2014-05-29,002682
2014-05-29,600152
2014-05-29,600883
2014-05-29,002120
2014-05-29,002270
2014-05-29,600250
2014-05-29,600148
2014-05-29,300243
2014-05-29,600605
2014-05-29,002374
2014-05-29,600975
2014-05-29,600520
2014-05-29,000560
2014-05-29,002624
2014-05-29,600681
2014-05-29,300163
2014-05-29,002633
2014-05-29,600758
2014-05-29,002517
2014-06-12,600681
2014-06-12,000803
2014-06-12,600768
2014-06-12,600444
2014-06-12,600455
2014-06-12,002034
2014-06-12,002125
2014-06-12,600241
2014-06-12,000838
2014-06-12,000610
2014-06-12,300087
2014-06-12,600319
2014-06-12,000953
2014-06-12,300120
2014-06-12,000710
2014-06-12,300092
2014-06-12,600137
2014-06-12,300143
2014-06-12,000628
2014-06-12,600099
2014-06-12,002066
2014-06-12,300063
2014-06-12,600719
2014-06-12,300176
2014-06-12,002141
2014-06-12,300321
2014-06-12,000567
2014-06-12,600338
2014-06-12,600250
2014-06-12,300061
2014-06-12,002193
2014-06-12,000702
2014-06-12,002209
2014-06-12,600506
2014-06-12,300174
2014-06-12,002044
2014-06-12,000676
2014-06-12,300319
2014-06-12,000586
2014-06-12,600452
2014-06-12,002201
2014-06-12,002319
2014-06-12,002667
2014-06-12,000815
2014-06-12,600975
2014-06-12,300095
2014-06-12,002558
2014-06-12,000565
2014-06-12,002188
2014-06-12,600233
2014-06-12,600356
2014-06-12,000723
2014-06-12,600148
2014-06-12,002119
2014-06-12,002036
2014-06-12,300243
2014-06-12,002136
2014-06-12,600853
2014-06-12,600986
2014-06-12,002634
2014-06-12,300329
2014-06-12,600774
2014-06-12,600302
2014-06-12,002112
2014-06-12,300340
2014-06-12,002098
2014-06-12,002682
2014-06-12,600727
2014-06-12,300018
2014-06-12,002352
2014-06-12,600152
2014-06-12,300354
2014-06-12,002105
2014-06-12,002057
2014-06-12,002323
2014-06-12,300153
2014-06-12,300230
2014-06-12,300260
2014-06-12,002120
2014-06-12,300281
2014-06-12,000923
2014-06-12,300283
2014-06-12,300062
2014-06-12,300081
2014-06-12,300109
2014-06-12,600493
2014-06-12,600423
2014-06-12,000526
2014-06-12,300138
2014-06-12,300221
2014-06-12,002205
2014-06-12,000890
2014-06-12,600603
2014-06-12,600605
2014-06-12,002374
2014-06-12,000560
2014-06-12,002624
2014-06-12,002633
2014-06-12,600758
2014-06-12,002517
2014-06-26,600444
2014-06-26,600681
2014-06-26,000803
2014-06-26,600768
2014-06-26,002034
2014-06-26,600455
2014-06-26,000838
2014-06-26,600137
2014-06-26,002125
2014-06-26,600241
2014-06-26,300092
2014-06-26,000610
2014-06-26,600719
2014-06-26,000953
2014-06-26,300063
2014-06-26,300120
2014-06-26,300143
2014-06-26,600250
2014-06-26,002066
2014-06-26,000628
2014-06-26,000567
2014-06-26,000710
2014-06-26,600099
2014-06-26,300176
2014-06-26,002044
2014-06-26,002209
2014-06-26,002193
2014-06-26,000565
2014-06-26,300230
2014-06-26,600975
2014-06-26,000702
2014-06-26,300095
2014-06-26,600233
2014-06-26,300174
2014-06-26,002201
2014-06-26,600774
2014-06-26,000815
2014-06-26,300061
2014-06-26,600452
2014-06-26,000676
2014-06-26,000723
2014-06-26,002188
2014-06-26,600423
2014-06-26,002558
2014-06-26,300354
2014-06-26,002136
2014-06-26,000586
2014-06-26,002119
2014-06-26,600853
2014-06-26,600727
2014-06-26,600356
2014-06-26,600148
2014-06-26,002036
2014-06-26,002098
2014-06-26,002682
2014-06-26,300138
2014-06-26,300283
2014-06-26,002141
2014-06-26,000923
2014-06-26,300321
2014-06-26,600986
2014-06-26,300319
2014-06-26,600302
2014-06-26,002112
2014-06-26,600338
2014-06-26,300081
2014-06-26,000890
2014-06-26,600506
2014-06-26,300243
2014-06-26,002105
2014-06-26,002057
2014-06-26,300260
2014-06-26,300340
2014-06-26,600152
2014-06-26,300062
2014-06-26,300018
2014-06-26,002667
2014-06-26,600493
2014-06-26,300163
2014-06-26,600520
2014-06-26,000420
2014-06-26,002395
2014-06-26,000856
2014-06-26,000785
2014-06-26,600796
2014-06-26,600419
2014-06-26,002580
2014-06-26,002061
2014-06-26,000626
2014-06-26,300087
2014-06-26,600319
2014-06-26,002319
2014-06-26,300109
2014-06-26,600603
2014-06-26,600605
2014-06-26,002374
2014-06-26,000560
2014-06-26,002624
2014-06-26,600758
2014-06-26,002517
2014-07-10,600681
2014-07-10,600444
2014-07-10,600768
2014-07-10,002034
2014-07-10,000803
2014-07-10,600241
2014-07-10,000838
2014-07-10,600455
2014-07-10,002125
2014-07-10,300092
2014-07-10,000628
2014-07-10,000610
2014-07-10,600137
2014-07-10,000567
2014-07-10,600250
2014-07-10,600719
2014-07-10,600099
2014-07-10,300176
2014-07-10,002066
2014-07-10,000710
2014-07-10,000953
2014-07-10,300063
2014-07-10,002136
2014-07-10,600506
2014-07-10,000586
2014-07-10,000702
2014-07-10,300120
2014-07-10,300230
2014-07-10,002193
2014-07-10,600975
2014-07-10,002201
2014-07-10,600356
2014-07-10,300143
2014-07-10,600233
2014-07-10,000723
2014-07-10,600774
2014-07-10,300163
2014-07-10,002044
2014-07-10,300243
2014-07-10,000856
2014-07-10,002119
2014-07-10,600853
2014-07-10,000676
2014-07-10,600423
2014-07-10,600727
2014-07-10,000785
2014-07-10,002188
2014-07-10,600605
2014-07-10,600338
2014-07-10,002036
2014-07-10,600148
2014-07-10,002558
2014-07-10,300061
2014-07-10,002667
2014-07-10,000923
2014-07-10,600796
2014-07-10,600986
2014-07-10,300260
2014-07-10,300340
2014-07-10,600452
2014-07-10,300321
2014-07-10,300138
2014-07-10,002061
2014-07-10,002580
2014-07-10,000890
2014-07-10,300319
2014-07-10,300174
2014-07-10,002209
2014-07-10,002105
2014-07-10,002141
2014-07-10,002319
2014-07-10,002112
2014-07-10,002395
2014-07-10,300095
2014-07-10,300354
2014-07-10,600493
2014-07-10,300062
2014-07-10,000626
2014-07-10,000565
2014-07-10,600520
2014-07-10,002098
2014-07-10,300283
2014-07-10,002270
2014-07-10,002323
2014-07-10,600573
2014-07-10,600883
2014-07-10,002634
2014-07-10,002053
2014-07-10,002205
2014-07-10,000815
2014-07-10,600419
2014-07-10,300087
2014-07-10,600319
2014-07-10,300109
2014-07-10,600603
2014-07-10,002374
2014-07-10,000560
2014-07-10,002624
2014-07-10,600758
2014-07-10,002517
2014-07-24,600444
2014-07-24,600681
2014-07-24,600455
2014-07-24,000803
2014-07-24,002034
2014-07-24,002125
2014-07-24,300092
2014-07-24,600241
2014-07-24,600137
2014-07-24,000610
2014-07-24,000838
2014-07-24,300176
2014-07-24,600768
2014-07-24,300321
2014-07-24,300243
2014-07-24,300063
2014-07-24,000567
2014-07-24,300120
2014-07-24,600719
2014-07-24,600506
2014-07-24,002193
2014-07-24,000628
2014-07-24,300061
2014-07-24,002201
2014-07-24,300260
2014-07-24,002044
2014-07-24,300230
2014-07-24,600250
2014-07-24,300174
2014-07-24,000710
2014-07-24,002188
2014-07-24,600233
2014-07-24,600099
2014-07-24,002667
2014-07-24,000702
2014-07-24,002119
2014-07-24,300354
2014-07-24,000856
2014-07-24,002634
2014-07-24,600975
2014-07-24,000586
2014-07-24,600605
2014-07-24,600356
2014-07-24,002270
2014-07-24,002558
2014-07-24,600758
2014-07-24,600319
2014-07-24,002209
2014-07-24,000953
2014-07-24,600853
2014-07-24,600423
2014-07-24,300062
2014-07-24,600338
2014-07-24,300143
2014-07-24,300095
2014-07-24,600727
2014-07-24,300163
2014-07-24,002105
2014-07-24,002319
2014-07-24,002323
2014-07-24,002036
2014-07-24,600520
2014-07-24,600796
2014-07-24,000923
2014-07-24,300340
2014-07-24,600493
2014-07-24,002205
2014-07-24,002580
2014-07-24,600148
2014-07-24,002395
2014-07-24,300138
2014-07-24,002098
2014-07-24,000890
2014-07-24,000785
2014-07-24,000565
2014-07-24,300283
2014-07-24,000676
2014-07-24,600573
2014-07-24,000626
2014-07-24,002136
2014-07-24,002061
2014-07-24,002141
2014-07-24,300277
2014-07-24,300249
2014-07-24,000526
2014-07-24,002352
2014-07-24,300308
2014-07-24,300221
2014-07-24,600302
2014-07-24,300319
2014-07-24,002112
2014-07-24,000815
2014-07-24,600419
2014-07-24,300087
2014-07-24,300109
2014-07-24,600603
2014-07-24,002374
2014-07-24,000560
2014-07-24,002624
2014-07-24,002517
2014-08-07,600444
2014-08-07,600681
2014-08-07,000803
2014-08-07,002034
2014-08-07,600241
2014-08-07,300092
2014-08-07,000838
2014-08-07,002125
2014-08-07,600768
2014-08-07,600455
2014-08-07,300176
2014-08-07,600137
2014-08-07,000610
2014-08-07,600719
2014-08-07,000567
2014-08-07,600506
2014-08-07,300120
2014-08-07,300321
2014-08-07,600250
2014-08-07,300230
2014-08-07,300063
2014-08-07,600233
2014-08-07,000710
2014-08-07,002201
2014-08-07,600356
2014-08-07,600603
2014-08-07,300061
2014-08-07,002193
2014-08-07,000628
2014-08-07,600758
2014-08-07,600099
2014-08-07,002558
2014-08-07,300260
2014-08-07,002634
2014-08-07,300174
2014-08-07,002188
2014-08-07,000586
2014-08-07,002667
2014-08-07,600605
2014-08-07,300354
2014-08-07,002036
2014-08-07,000923
2014-08-07,300277
2014-08-07,300143
2014-08-07,002270
2014-08-07,000856
2014-08-07,002209
2014-08-07,000676
2014-08-07,002119
2014-08-07,600423
2014-08-07,600319
2014-08-07,002098
2014-08-07,000702
2014-08-07,300062
2014-08-07,000953
2014-08-07,300087
2014-08-07,000785
2014-08-07,600975
2014-08-07,002044
2014-08-07,300163
2014-08-07,300308
2014-08-07,300249
2014-08-07,300340
2014-08-07,002319
2014-08-07,600796
2014-08-07,002136
2014-08-07,300138
2014-08-07,002352
2014-08-07,600853
2014-08-07,002580
2014-08-07,000890
2014-08-07,000565
2014-08-07,002205
2014-08-07,300221
2014-08-07,000626
2014-08-07,002323
2014-08-07,600573
2014-08-07,300095
2014-08-07,600302
2014-08-07,600520
2014-08-07,000526
2014-08-07,002061
2014-08-07,002112
2014-08-07,002105
2014-08-07,300283
2014-08-07,002395
2014-08-07,600774
2014-08-07,002295
2014-08-07,300192
2014-08-07,000723
2014-08-07,002150
2014-08-07,300243
2014-08-07,600727
2014-08-07,300319
2014-08-07,000815
2014-08-07,600419
2014-08-07,300109
2014-08-07,000560
2014-08-07,002624
2014-08-07,002517
2014-08-21,600455
2014-08-21,600444
2014-08-21,000838
2014-08-21,600681
2014-08-21,002034
2014-08-21,600719
2014-08-21,300176
2014-08-21,000610
2014-08-21,600137
2014-08-21,000803
2014-08-21,600768
2014-08-21,300321
2014-08-21,300120
2014-08-21,600506
2014-08-21,300092
2014-08-21,600603
2014-08-21,000567
2014-08-21,600356
2014-08-21,000710
2014-08-21,300087
2014-08-21,600233
2014-08-21,002558
2014-08-21,300354
2014-08-21,002209
2014-08-21,600758
2014-08-21,002193
2014-08-21,300260
2014-08-21,002044
2014-08-21,000923
2014-08-21,002136
2014-08-21,300143
2014-08-21,002667
2014-08-21,600250
2014-08-21,300061
2014-08-21,300174
2014-08-21,600975
2014-08-21,000586
2014-08-21,002323
2014-08-21,002036
2014-08-21,300308
2014-08-21,600727
2014-08-21,300163
2014-08-21,000856
2014-08-21,002201
2014-08-21,002270
2014-08-21,600774
2014-08-21,002205
2014-08-21,300062
2014-08-21,000526
2014-08-21,600423
2014-08-21,002112
2014-08-21,002634
2014-08-21,300277
2014-08-21,600853
2014-08-21,600302
2014-08-21,000785
2014-08-21,600099
2014-08-21,000723
2014-08-21,300138
2014-08-21,002188
2014-08-21,000565
2014-08-21,600319
2014-08-21,300340
2014-08-21,000676
2014-08-21,000626
2014-08-21,300283
2014-08-21,000702
2014-08-21,000953
2014-08-21,002352
2014-08-21,002319
2014-08-21,002295
2014-08-21,000890
2014-08-21,300249
2014-08-21,600605
2014-08-21,002580
2014-08-21,600573
2014-08-21,600796
2014-08-21,000628
2014-08-21,002150
2014-08-21,300095
2014-08-21,002061
2014-08-21,002125
2014-08-21,600520
2014-08-21,002098
2014-08-21,002109
2014-08-21,600452
2014-08-21,600493
2014-08-21,002627
2014-08-21,300046
2014-08-21,600883
2014-08-21,600241
2014-08-21,300230
2014-08-21,300243
2014-08-21,300319
2014-08-21,000815
2014-08-21,600419
2014-08-21,300109
2014-08-21,000560
2014-08-21,002624
2014-08-21,002517
2014-09-04,600681
2014-09-04,300176
2014-09-04,000610
2014-09-04,600719
2014-09-04,002034
2014-09-04,300092
2014-09-04,300120
2014-09-04,600444
2014-09-04,600603
2014-09-04,600768
2014-09-04,600319
2014-09-04,600506
2014-09-04,600758
2014-09-04,600137
2014-09-04,002209
2014-09-04,000803
2014-09-04,300321
2014-09-04,002558
2014-09-04,002125
2014-09-04,300087
2014-09-04,600356
2014-09-04,000923
2014-09-04,600774
2014-09-04,600727
2014-09-04,002136
2014-09-04,000785
2014-09-04,300354
2014-09-04,600975
2014-09-04,002667
2014-09-04,300174
2014-09-04,600853
2014-09-04,002036
2014-09-04,000628
2014-09-04,300260
2014-09-04,002270
2014-09-04,300308
2014-09-04,000723
2014-09-04,002193
2014-09-04,000838
2014-09-04,300143
2014-09-04,002044
2014-09-04,000953
2014-09-04,600099
2014-09-04,002205
2014-09-04,002188
2014-09-04,002352
2014-09-04,600302
2014-09-04,000856
2014-09-04,002112
2014-09-04,000626
2014-09-04,002627
2014-09-04,300095
2014-09-04,300138
2014-09-04,300061
2014-09-04,000567
2014-09-04,000710
2014-09-04,300062
2014-09-04,300277
2014-09-04,000890
2014-09-04,300249
2014-09-04,000676
2014-09-04,002580
2014-09-04,300283
2014-09-04,002323
2014-09-04,002634
2014-09-04,002109
2014-09-04,600883
2014-09-04,000702
2014-09-04,000565
2014-09-04,600796
2014-09-04,002319
2014-09-04,002295
2014-09-04,600520
2014-09-04,002201
2014-09-04,600573
2014-09-04,002150
2014-09-04,600605
2014-09-04,300340
2014-09-04,002061
2014-09-04,600233
2014-09-04,600423
2014-09-04,600250
2014-09-04,600493
2014-09-04,002098
2014-09-04,300163
2014-09-04,000420
2014-09-04,002682
2014-09-04,000593
2014-09-04,600455
2014-09-04,000586
2014-09-04,000526
2014-09-04,600241
2014-09-04,300230
2014-09-04,300243
2014-09-04,300319
2014-09-04,000815
2014-09-04,600419
2014-09-04,300109
2014-09-04,000560
2014-09-04,002517
2014-09-18,300092
2014-09-18,600444
2014-09-18,002034
2014-09-18,000610
2014-09-18,600768
2014-09-18,600681
2014-09-18,600603
2014-09-18,300176
2014-09-18,600719
2014-09-18,002125
2014-09-18,000838
2014-09-18,300120
2014-09-18,000923
2014-09-18,000803
2014-09-18,300087
2014-09-18,300174
2014-09-18,300321
2014-09-18,002667
2014-09-18,002193
2014-09-18,600137
2014-09-18,002036
2014-09-18,600356
2014-09-18,600758
2014-09-18,300143
2014-09-18,002136
2014-09-18,000628
2014-09-18,600506
2014-09-18,002352
2014-09-18,600319
2014-09-18,002295
2014-09-18,002319
2014-09-18,000526
2014-09-18,000856
2014-09-18,002323
2014-09-18,600233
2014-09-18,300308
2014-09-18,600727
2014-09-18,300061
2014-09-18,000702
2014-09-18,300260
2014-09-18,002209
2014-09-18,300062
2014-09-18,002205
2014-09-18,300354
2014-09-18,000723
2014-09-18,600774
2014-09-18,002558
2014-09-18,002580
2014-09-18,300283
2014-09-18,002627
2014-09-18,000626
2014-09-18,300163
2014-09-18,600099
2014-09-18,002044
2014-09-18,002682
2014-09-18,000890
2014-09-18,002188
2014-09-18,600250
2014-09-18,002201
2014-09-18,002098
2014-09-18,000785
2014-09-18,000567
2014-09-18,000953
2014-09-18,600975
2014-09-18,300277
2014-09-18,600605
2014-09-18,600883
2014-09-18,600302
2014-09-18,002112
2014-09-18,002109
2014-09-18,002634
2014-09-18,600853
2014-09-18,002270
2014-09-18,000565
2014-09-18,000420
2014-09-18,000676
2014-09-18,600573
2014-09-18,300095
2014-09-18,600148
2014-09-18,002374
2014-09-18,300081
2014-09-18,300018
2014-09-18,600749
2014-09-18,002395
2014-09-18,300069
2014-09-18,600862
2014-09-18,300040
2014-09-18,300138
2014-09-18,000710
2014-09-18,300249
2014-09-18,600455
2014-09-18,000586
2014-09-18,600241
2014-09-18,300230
2014-09-18,300243
2014-09-18,300319
2014-09-18,000815
2014-09-18,600419
2014-09-18,300109
2014-09-18,000560
2014-10-08,000560
2014-10-08,002034
2014-10-08,600768
2014-10-08,000610
2014-10-08,002125
2014-10-08,600681
2014-10-08,600719
2014-10-08,300092
2014-10-08,300176
2014-10-08,000803
2014-10-08,600444
2014-10-08,000923
2014-10-08,000526
2014-10-08,600137
2014-10-08,300120
2014-10-08,600419
2014-10-08,600758
2014-10-08,300260
2014-10-08,300321
2014-10-08,600356
2014-10-08,002352
2014-10-08,300061
2014-10-08,300143
2014-10-08,600506
2014-10-08,000628
2014-10-08,000838
2014-10-08,600774
2014-10-08,600727
2014-10-08,300087
2014-10-08,002323
2014-10-08,600603
2014-10-08,000856
2014-10-08,000723
2014-10-08,300174
2014-10-08,002627
2014-10-08,600233
2014-10-08,002682
2014-10-08,002580
2014-10-08,002036
2014-10-08,300163
2014-10-08,002209
2014-10-08,000702
2014-10-08,002205
2014-10-08,300062
2014-10-08,600975
2014-10-08,600319
2014-10-08,002374
2014-10-08,002188
2014-10-08,000815
2014-10-08,002098
2014-10-08,000785
2014-10-08,600853
2014-10-08,002319
2014-10-08,002558
2014-10-08,600250
2014-10-08,002201
2014-10-08,002112
2014-10-08,300283
2014-10-08,002295
2014-10-08,300249
2014-10-08,300069
2014-10-08,300308
2014-10-08,000567
2014-10-08,000953
2014-10-08,600883
2014-10-08,000890
2014-10-08,002634
2014-10-08,300018
2014-10-08,000626
2014-10-08,000420
2014-10-08,300040
2014-10-08,600099
2014-10-08,300081
2014-10-08,002193
2014-10-08,600302
2014-10-08,002109
2014-10-08,600148
2014-10-08,300354
2014-10-08,300277
2014-10-08,600338
2014-10-08,002057
2014-10-08,600423
2014-10-08,300179
2014-10-08,300329
2014-10-08,600452
2014-10-08,002082
2014-10-08,600796
2014-10-08,002667
2014-10-08,002044
2014-10-08,002270
2014-10-08,600749
2014-10-08,300138
2014-10-08,000710
2014-10-08,600455
2014-10-08,000586
2014-10-08,600241
2014-10-08,300230
2014-10-08,300243
2014-10-08,300319
2014-10-08,300109
2014-10-16,600768
2014-10-16,300176
2014-10-16,002125
2014-10-16,000610
2014-10-16,002034
2014-10-16,600719
2014-10-16,300092
2014-10-16,000803
2014-10-16,600137
2014-10-16,600444
2014-10-16,600681
2014-10-16,300120
2014-10-16,600419
2014-10-16,300260
2014-10-16,600758
2014-10-16,000923
2014-10-16,000526
2014-10-16,600506
2014-10-16,000856
2014-10-16,002205
2014-10-16,300143
2014-10-16,300174
2014-10-16,600356
2014-10-16,600727
2014-10-16,000628
2014-10-16,600603
2014-10-16,600975
2014-10-16,000723
2014-10-16,002209
2014-10-16,300087
2014-10-16,300061
2014-10-16,600774
2014-10-16,600319
2014-10-16,002036
2014-10-16,000702
2014-10-16,300062
2014-10-16,600233
2014-10-16,002682
2014-10-16,300163
2014-10-16,000838
2014-10-16,002323
2014-10-16,002374
2014-10-16,002352
2014-10-16,600250
2014-10-16,300321
2014-10-16,000953
2014-10-16,000785
2014-10-16,002627
2014-10-16,002188
2014-10-16,300308
2014-10-16,002112
2014-10-16,002295
2014-10-16,300040
2014-10-16,600853
2014-10-16,002558
2014-10-16,000567
2014-10-16,002098
2014-10-16,300069
2014-10-16,300081
2014-10-16,600452
2014-10-16,000420
2014-10-16,600883
2014-10-16,300277
2014-10-16,600338
2014-10-16,002109
2014-10-16,600099
2014-10-16,002319
2014-10-16,600302
2014-10-16,600423
2014-10-16,002082
2014-10-16,002057
2014-10-16,300179
2014-10-16,300249
2014-10-16,002580
2014-10-16,300329
2014-10-16,002634
2014-10-16,300018
2014-10-16,300354
2014-10-16,300340
2014-10-16,002517
2014-10-16,600573
2014-10-16,002576
2014-10-16,002061
2014-10-16,002685
2014-10-16,300320
2014-10-16,002201
2014-10-16,300283
2014-10-16,002667
2014-10-16,002044
2014-10-16,002270
2014-10-16,600749
2014-10-16,300138
2014-10-16,000710
2014-10-16,600455
2014-10-16,000586
2014-10-16,600241
2014-10-16,300230
2014-10-16,300243
2014-10-16,300319
2014-10-16,300109
2014-10-30,600768
2014-10-30,002125
2014-10-30,000803
2014-10-30,002034
2014-10-30,300092
2014-10-30,600444
2014-10-30,000610
2014-10-30,600719
2014-10-30,600681
2014-10-30,600137
2014-10-30,300176
2014-10-30,300120
2014-10-30,300260
2014-10-30,600419
2014-10-30,000856
2014-10-30,600506
2014-10-30,300174
2014-10-30,000526
2014-10-30,600603
2014-10-30,300143
2014-10-30,002209
2014-10-30,000723
2014-10-30,000838
2014-10-30,600319
2014-10-30,600975
2014-10-30,600356
2014-10-30,000923
2014-10-30,002205
2014-10-30,000628
2014-10-30,300163
2014-10-30,300087
2014-10-30,600233
2014-10-30,002036
2014-10-30,600774
2014-10-30,002352
2014-10-30,600099
2014-10-30,300308
2014-10-30,002188
2014-10-30,300061
2014-10-30,002627
2014-10-30,600758
2014-10-30,300069
2014-10-30,000785
2014-10-30,000702
2014-10-30,600727
2014-10-30,600250
2014-10-30,300249
2014-10-30,000420
2014-10-30,002109
2014-10-30,300277
2014-10-30,002112
2014-10-30,600853
2014-10-30,002295
2014-10-30,600423
2014-10-30,002667
2014-10-30,002580
2014-10-30,600883
2014-10-30,300040
2014-10-30,000953
2014-10-30,300340
2014-10-30,300138
2014-10-30,600338
2014-10-30,600302
2014-10-30,300179
2014-10-30,000567
2014-10-30,002634
2014-10-30,002682
2014-10-30,002517
2014-10-30,002098
2014-10-30,600452
2014-10-30,600573
2014-10-30,300018
2014-10-30,300321
2014-10-30,002685
2014-10-30,002061
2014-10-30,002319
2014-10-30,300283
2014-10-30,300405
2014-10-30,000565
2014-10-30,600796
2014-10-30,000676
2014-10-30,002395
2014-10-30,002596
2014-10-30,002696
2014-10-30,002193
2014-10-30,300035
2014-10-30,002323
2014-10-30,002374
2014-10-30,002558
2014-10-30,002044
2014-10-30,002270
2014-10-30,600749
2014-10-30,000710
2014-10-30,600455
2014-10-30,000586
2014-10-30,600241
2014-10-30,300230
2014-10-30,300243
2014-10-30,300319
2014-10-30,300109
2014-11-13,002125
2014-11-13,002034
2014-11-13,300092
2014-11-13,600768
2014-11-13,600444
2014-11-13,000803
2014-11-13,600137
2014-11-13,600719
2014-11-13,600681
2014-11-13,300120
2014-11-13,600603
2014-11-13,300143
2014-11-13,300260
2014-11-13,300174
2014-11-13,000838
2014-11-13,600419
2014-11-13,600099
2014-11-13,300176
2014-11-13,300230
2014-11-13,002209
2014-11-13,000610
2014-11-13,000526
2014-11-13,600506
2014-11-13,300277
2014-11-13,600758
2014-11-13,300087
2014-11-13,000856
2014-11-13,600319
2014-11-13,600356
2014-11-13,000723
2014-11-13,300163
2014-11-13,002188
2014-11-13,002193
2014-11-13,300069
2014-11-13,300340
2014-11-13,002374
2014-11-13,002627
2014-11-13,300061
2014-11-13,000420
2014-11-13,002682
2014-11-13,002295
2014-11-13,002352
2014-11-13,300040
2014-11-13,002098
2014-11-13,300138
2014-11-13,002634
2014-11-13,000923
2014-11-13,002395
2014-11-13,300179
2014-11-13,002580
2014-11-13,000567
2014-11-13,000953
2014-11-13,600796
2014-11-13,300035
2014-11-13,600233
2014-11-13,002109
2014-11-13,002319
2014-11-13,300018
2014-11-13,002696
2014-11-13,002596
2014-11-13,000702
2014-11-13,600774
2014-11-13,000785
2014-11-13,600302
2014-11-13,600338
2014-11-13,002112
2014-11-13,600423
2014-11-13,600452
2014-11-13,002667
2014-11-13,300283
2014-11-13,600727
2014-11-13,002061
2014-11-13,002576
2014-11-13,600605
2014-11-13,300042
2014-11-13,300062
2014-11-13,300046
2014-11-13,300240
2014-11-13,300345
2014-11-13,600980
2014-11-13,600493
2014-11-13,002120
2014-11-13,600889
2014-11-13,300192
2014-11-13,002136
2014-11-13,300308
2014-11-13,002685
2014-11-13,000676
2014-11-13,002323
2014-11-13,002558
2014-11-13,002044
2014-11-13,002270
2014-11-13,600749
2014-11-13,000710
2014-11-13,600455
2014-11-13,000586
2014-11-13,600241
2014-11-13,300243
2014-11-13,300319
2014-11-13,300109
2014-11-27,600768
2014-11-27,002125
2014-11-27,002034
2014-11-27,600444
2014-11-27,300092
2014-11-27,600137
2014-11-27,600719
2014-11-27,000803
2014-11-27,000838
2014-11-27,300243
2014-11-27,600603
2014-11-27,300120
2014-11-27,300174
2014-11-27,300260
2014-11-27,600506
2014-11-27,600419
2014-11-27,000610
2014-11-27,002188
2014-11-27,300230
2014-11-27,300163
2014-11-27,000856
2014-11-27,000723
2014-11-27,600319
2014-11-27,300087
2014-11-27,300176
2014-11-27,600758
2014-11-27,600356
2014-11-27,002193
2014-11-27,000526
2014-11-27,002374
2014-11-27,600099
2014-11-27,300069
2014-11-27,002352
2014-11-27,300345
2014-11-27,002682
2014-11-27,002209
2014-11-27,002295
2014-11-27,300138
2014-11-27,300277
2014-11-27,000567
2014-11-27,600233
2014-11-27,300061
2014-11-27,300040
2014-11-27,002627
2014-11-27,002319
2014-11-27,600727
2014-11-27,002634
2014-11-27,002098
2014-11-27,000420
2014-11-27,300042
2014-11-27,002395
2014-11-27,000923
2014-11-27,300062
2014-11-27,600605
2014-11-27,002109
2014-11-27,600980
2014-11-27,300046
2014-11-27,002136
2014-11-27,300240
2014-11-27,300035
2014-11-27,600338
2014-11-27,300018
2014-11-27,600423
2014-11-27,000785
2014-11-27,300179
2014-11-27,002061
2014-11-27,600796
2014-11-27,002120
2014-11-27,002576
2014-11-27,002112
2014-11-27,600302
2014-11-27,002667
2014-11-27,300340
2014-11-27,600889
2014-11-27,000953
2014-11-27,002580
2014-11-27,002696
2014-11-27,002201
2014-11-27,300106
2014-11-27,002599
2014-11-27,002205
2014-11-27,600853
2014-11-27,000862
2014-11-27,002553
2014-11-27,000593
2014-11-27,600681
2014-11-27,300143
2014-11-27,002596
2014-11-27,300192
2014-11-27,000676
2014-11-27,002323
2014-11-27,002558
2014-11-27,002044
2014-11-27,002270
2014-11-27,600749
2014-11-27,000710
2014-11-27,600455
2014-11-27,000586
2014-11-27,600241
2014-11-27,300319
2014-12-11,600455
2014-12-11,600768
2014-12-11,300092
2014-12-11,000803
2014-12-11,600444
2014-12-11,600137
2014-12-11,002034
2014-12-11,300174
2014-12-11,600603
2014-12-11,002125
2014-12-11,300243
2014-12-11,300176
2014-12-11,300260
2014-12-11,300120
2014-12-11,000838
2014-12-11,002188
2014-12-11,300163
2014-12-11,600506
2014-12-11,600419
2014-12-11,000526
2014-12-11,600319
2014-12-11,300230
2014-12-11,002209
2014-12-11,002193
2014-12-11,600758
2014-12-11,600099
2014-12-11,000856
2014-12-11,000567
2014-12-11,600233
2014-12-11,000723
2014-12-11,002352
2014-12-11,002682
2014-12-11,600356
2014-12-11,002295
2014-12-11,002634
2014-12-11,300062
2014-12-11,600719
2014-12-11,300138
2014-12-11,300069
2014-12-11,300340
2014-12-11,300345
2014-12-11,002319
2014-12-11,300046
2014-12-11,300087
2014-12-11,600605
2014-12-11,300042
2014-12-11,300277
2014-12-11,600980
2014-12-11,002098
2014-12-11,002599
2014-12-11,002374
2014-12-11,000610
2014-12-11,600727
2014-12-11,600338
2014-12-11,002109
2014-12-11,300061
2014-12-11,002395
2014-12-11,300035
2014-12-11,000785
2014-12-11,002201
2014-12-11,000923
2014-12-11,300240
2014-12-11,600796
2014-12-11,002112
2014-12-11,300040
2014-12-11,002136
2014-12-11,300106
2014-12-11,002627
2014-12-11,600423
2014-12-11,002580
2014-12-11,002696
2014-12-11,000862
2014-12-11,002553
2014-12-11,600302
2014-12-11,002120
2014-12-11,002205
2014-12-11,000593
2014-12-11,002596
2014-12-11,002124
2014-12-11,300095
2014-12-11,300249
2014-12-11,600883
2014-12-11,300354
2014-12-11,002530
2014-12-11,002213
2014-12-11,300141
2014-12-11,300179
2014-12-11,600681
2014-12-11,300143
2014-12-11,300192
2014-12-11,000676
2014-12-11,002323
2014-12-11,002558
2014-12-11,002044
2014-12-11,002270
2014-12-11,600749
2014-12-11,000710
2014-12-11,000586
2014-12-11,600241
2014-12-11,300319
2014-12-25,600455
2014-12-25,000803
2014-12-25,600768
2014-12-25,300092
2014-12-25,002125
2014-12-25,600444
2014-12-25,300176
2014-12-25,300174
2014-12-25,000838
2014-12-25,002034
2014-12-25,002193
2014-12-25,300243
2014-12-25,600603
2014-12-25,300260
2014-12-25,600137
2014-12-25,300163
2014-12-25,600506
2014-12-25,300230
2014-12-25,000710
2014-12-25,002188
2014-12-25,600719
2014-12-25,300120
2014-12-25,600099
2014-12-25,002209
2014-12-25,000567
2014-12-25,000856
2014-12-25,002201
2014-12-25,600758
2014-12-25,600319
2014-12-25,300062
2014-12-25,300249
2014-12-25,000526
2014-12-25,300087
2014-12-25,300061
2014-12-25,300069
2014-12-25,300340
2014-12-25,002120
2014-12-25,002682
2014-12-25,300277
2014-12-25,600233
2014-12-25,600605
2014-12-25,600419
2014-12-25,002319
2014-12-25,300345
2014-12-25,300042
2014-12-25,600980
2014-12-25,002124
2014-12-25,002295
2014-12-25,002352
2014-12-25,002580
2014-12-25,600338
2014-12-25,000923
2014-12-25,300046
2014-12-25,600883
2014-12-25,002599
2014-12-25,600356
2014-12-25,300240
2014-12-25,300035
2014-12-25,000610
2014-12-25,300106
2014-12-25,600727
2014-12-25,300095
2014-12-25,300141
2014-12-25,002553
2014-12-25,300138
2014-12-25,002627
2014-12-25,002530
2014-12-25,002696
2014-12-25,002596
2014-12-25,002205
2014-12-25,300354
2014-12-25,000785
2014-12-25,002112
2014-12-25,002213
2014-12-25,002109
2014-12-25,600796
2014-12-25,000862
2014-12-25,002395
2014-12-25,300040
2014-12-25,000628
2014-12-25,300013
2014-12-25,300218
2014-12-25,600152
2014-12-25,002150
2014-12-25,300308
2014-12-25,002634
2014-12-25,002098
2014-12-25,600423
2014-12-25,600681
2014-12-25,300143
2014-12-25,300192
2014-12-25,000676
2014-12-25,002323
2014-12-25,002558
2014-12-25,002044
2014-12-25,002270
2014-12-25,600749
2014-12-25,000586
2014-12-25,600241
2014-12-25,300319
2015-01-08,600455
2015-01-08,600444
2015-01-08,600768
2015-01-08,000803
2015-01-08,002125
2015-01-08,300174
2015-01-08,300092
2015-01-08,300143
2015-01-08,002034
2015-01-08,002634
2015-01-08,300260
2015-01-08,600137
2015-01-08,000710
2015-01-08,002193
2015-01-08,000838
2015-01-08,300176
2015-01-08,600603
2015-01-08,300163
2015-01-08,300243
2015-01-08,300069
2015-01-08,300087
2015-01-08,600506
2015-01-08,300230
2015-01-08,002209
2015-01-08,000567
2015-01-08,600758
2015-01-08,600719
2015-01-08,300277
2015-01-08,300061
2015-01-08,300340
2015-01-08,002352
2015-01-08,600319
2015-01-08,000856
2015-01-08,002682
2015-01-08,600605
2015-01-08,600099
2015-01-08,002120
2015-01-08,300319
2015-01-08,300042
2015-01-08,600419
2015-01-08,300345
2015-01-08,300013
2015-01-08,300120
2015-01-08,002580
2015-01-08,600233
2015-01-08,002627
2015-01-08,002201
2015-01-08,002599
2015-01-08,600980
2015-01-08,002395
2015-01-08,300138
2015-01-08,002295
2015-01-08,300062
2015-01-08,000526
2015-01-08,000923
2015-01-08,300354
2015-01-08,300035
2015-01-08,000628
2015-01-08,002319
2015-01-08,002112
2015-01-08,300095
2015-01-08,300240
2015-01-08,600356
2015-01-08,600883
2015-01-08,002124
2015-01-08,600152
2015-01-08,002205
2015-01-08,600727
2015-01-08,300249
2015-01-08,300046
2015-01-08,300308
2015-01-08,002150
2015-01-08,002696
2015-01-08,000785
2015-01-08,300106
2015-01-08,300141
2015-01-08,000610
2015-01-08,002213
2015-01-08,002530
2015-01-08,600338
2015-01-08,002553
2015-01-08,300218
2015-01-08,600796
2015-01-08,300153
2015-01-08,300283
2015-01-08,600493
2015-01-08,300264
2015-01-08,002188
2015-01-08,002098
2015-01-08,600423
2015-01-08,600681
2015-01-08,300192
2015-01-08,000676
2015-01-08,002323
2015-01-08,002558
2015-01-08,002044
2015-01-08,002270
2015-01-08,600749
2015-01-08,000586
2015-01-08,600241
2015-01-22,600455
2015-01-22,600444
2015-01-22,600768
2015-01-22,000803
2015-01-22,300092
2015-01-22,300174
2015-01-22,002125
2015-01-22,300143
2015-01-22,002034
2015-01-22,600137
2015-01-22,300176
2015-01-22,600719
2015-01-22,300260
2015-01-22,300243
2015-01-22,600419
2015-01-22,000710
2015-01-22,300163
2015-01-22,000838
2015-01-22,600241
2015-01-22,300087
2015-01-22,300069
2015-01-22,000567
2015-01-22,300230
2015-01-22,600319
2015-01-22,600506
2015-01-22,300340
2015-01-22,600758
2015-01-22,600099
2015-01-22,000856
2015-01-22,600233
2015-01-22,002682
2015-01-22,600681
2015-01-22,002352
2015-01-22,300277
2015-01-22,300062
2015-01-22,600605
2015-01-22,002209
2015-01-22,300013
2015-01-22,600727
2015-01-22,300345
2015-01-22,600980
2015-01-22,000610
2015-01-22,000628
2015-01-22,002120
2015-01-22,300319
2015-01-22,000785
2015-01-22,300138
2015-01-22,300153
2015-01-22,300042
2015-01-22,002580
2015-01-22,000526
2015-01-22,300120
2015-01-22,002627
2015-01-22,002395
2015-01-22,600356
2015-01-22,300035
2015-01-22,600883
2015-01-22,600152
2015-01-22,300106
2015-01-22,300240
2015-01-22,002599
2015-01-22,000923
2015-01-22,002112
2015-01-22,002205
2015-01-22,300095
2015-01-22,002201
2015-01-22,002213
2015-01-22,002553
2015-01-22,002696
2015-01-22,300046
2015-01-22,600796
2015-01-22,300218
2015-01-22,002150
2015-01-22,300283
2015-01-22,002124
2015-01-22,002634
2015-01-22,002295
2015-01-22,002530
2015-01-22,600493
2015-01-22,300249
2015-01-22,600338
2015-01-22,300264
2015-01-22,300308
2015-01-22,300141
2015-01-22,603601
2015-01-22,300416
2015-01-22,300410
2015-01-22,002193
2015-01-22,600603
2015-01-22,300061
2015-01-22,002319
2015-01-22,002188
2015-01-22,600423
2015-01-22,300192
2015-01-22,000676
2015-01-22,002558
2015-01-22,002044
2015-01-22,002270
2015-01-22,600749
2015-01-22,000586
2015-02-05,600455
2015-02-05,600444
2015-02-05,300143
2015-02-05,000803
2015-02-05,300092
2015-02-05,300174
2015-02-05,600137
2015-02-05,600768
2015-02-05,300176
2015-02-05,600603
2015-02-05,600241
2015-02-05,300260
2015-02-05,300243
2015-02-05,000710
2015-02-05,600419
2015-02-05,600506
2015-02-05,300163
2015-02-05,000838
2015-02-05,002125
2015-02-05,600719
2015-02-05,300069
2015-02-05,300230
2015-02-05,600758
2015-02-05,600319
2015-02-05,000567
2015-02-05,002352
2015-02-05,002682
2015-02-05,300340
2015-02-05,300087
2015-02-05,600233
2015-02-05,600605
2015-02-05,000856
2015-02-05,300062
2015-02-05,600099
2015-02-05,603601
2015-02-05,300277
2015-02-05,300120
2015-02-05,002209
2015-02-05,600681
2015-02-05,300410
2015-02-05,000586
2015-02-05,300013
2015-02-05,002201
2015-02-05,002120
2015-02-05,000628
2015-02-05,002580
2015-02-05,300153
2015-02-05,300138
2015-02-05,600356
2015-02-05,002112
2015-02-05,300106
2015-02-05,300345
2015-02-05,002205
2015-02-05,600980
2015-02-05,002124
2015-02-05,000526
2015-02-05,002395
2015-02-05,300035
2015-02-05,000610
2015-02-05,000785
2015-02-05,002696
2015-02-05,600152
2015-02-05,002627
2015-02-05,300042
2015-02-05,000923
2015-02-05,300095
2015-02-05,300308
2015-02-05,300240
2015-02-05,002530
2015-02-05,002150
2015-02-05,300218
2015-02-05,600493
2015-02-05,600796
2015-02-05,002295
2015-02-05,300046
2015-02-05,002634
2015-02-05,002599
2015-02-05,300249
2015-02-05,600883
2015-02-05,600338
2015-02-05,002213
2015-02-05,000953
2015-02-05,000723
2015-02-05,300160
2015-02-05,300040
2015-02-05,300412
2015-02-05,002034
2015-02-05,600727
2015-02-05,300141
2015-02-05,002193
2015-02-05,300061
2015-02-05,002319
2015-02-05,002188
2015-02-05,600423
2015-02-05,300192
2015-02-05,000676
2015-02-05,002558
2015-02-05,002044
2015-02-05,002270
2015-02-05,600749
2015-02-25,600455
2015-02-25,600444
2015-02-25,300174
2015-02-25,300176
2015-02-25,600603
2015-02-25,600768
2015-02-25,600241
2015-02-25,000803
2015-02-25,300143
2015-02-25,600137
2015-02-25,600419
2015-02-25,300092
2015-02-25,600506
2015-02-25,300163
2015-02-25,300260
2015-02-25,002125
2015-02-25,000710
2015-02-25,600719
2015-02-25,000567
2015-02-25,300230
2015-02-25,300120
2015-02-25,002352
2015-02-25,300410
2015-02-25,600758
2015-02-25,000856
2015-02-25,002682
2015-02-25,600319
2015-02-25,300087
2015-02-25,300069
2015-02-25,300340
2015-02-25,600233
2015-02-25,600605
2015-02-25,600099
2015-02-25,300062
2015-02-25,300277
2015-02-25,002627
2015-02-25,600727
2015-02-25,000838
2015-02-25,300106
2015-02-25,300138
2015-02-25,002209
2015-02-25,603601
2015-02-25,000628
2015-02-25,300035
2015-02-25,300412
2015-02-25,002395
2015-02-25,600356
2015-02-25,002120
2015-02-25,002201
2015-02-25,000610
2015-02-25,002696
2015-02-25,002124
2015-02-25,002205
2015-02-25,300046
2015-02-25,300345
2015-02-25,000923
2015-02-25,300042
2015-02-25,300240
2015-02-25,300040
2015-02-25,000785
2015-02-25,000953
2015-02-25,300160
2015-02-25,002150
2015-02-25,002580
2015-02-25,000723
2015-02-25,300308
2015-02-25,600152
2015-02-25,002634
2015-02-25,600980
2015-02-25,600681
2015-02-25,002530
2015-02-25,300218
2015-02-25,300013
2015-02-25,600338
2015-02-25,002213
2015-02-25,600796
2015-02-25,600883
2015-02-25,002295
2015-02-25,300417
2015-02-25,300416
2015-02-25,002615
2015-02-25,300341
2015-02-25,002455
2015-02-25,002109
2015-02-25,300243
2015-02-25,000526
2015-02-25,300095
2015-02-25,002034
2015-02-25,300141
2015-02-25,002193
2015-02-25,300061
2015-02-25,002319
2015-02-25,002188
2015-02-25,600423
2015-02-25,300192
2015-02-25,000676
2015-02-25,002558
2015-02-25,002044
2015-02-25,002270
2015-02-25,600749
2015-03-05,600455
2015-03-05,600444
2015-03-05,600603
2015-03-05,300176
2015-03-05,000803
2015-03-05,600768
2015-03-05,600419
2015-03-05,600241
2015-03-05,300092
2015-03-05,300260
2015-03-05,300143
2015-03-05,600506
2015-03-05,300163
2015-03-05,600137
2015-03-05,600719
2015-03-05,002125
2015-03-05,600758
2015-03-05,002682
2015-03-05,002352
2015-03-05,000567
2015-03-05,000856
2015-03-05,000710
2015-03-05,300340
2015-03-05,300417
2015-03-05,300120
2015-03-05,300069
2015-03-05,300410
2015-03-05,300087
2015-03-05,600099
2015-03-05,600319
2015-03-05,300277
2015-03-05,600233
2015-03-05,300230
2015-03-05,300062
2015-03-05,300345
2015-03-05,300106
2015-03-05,300412
2015-03-05,600605
2015-03-05,002395
2015-03-05,002120
2015-03-05,300061
2015-03-05,000785
2015-03-05,002209
2015-03-05,600356
2015-03-05,300138
2015-03-05,002205
2015-03-05,000628
2015-03-05,603601
2015-03-05,000923
2015-03-05,002627
2015-03-05,300042
2015-03-05,002696
2015-03-05,000723
2015-03-05,600727
2015-03-05,300046
2015-03-05,000838
2015-03-05,002201
2015-03-05,000953
2015-03-05,002124
2015-03-05,600681
2015-03-05,002150
2015-03-05,002295
2015-03-05,300218
2015-03-05,600980
2015-03-05,002580
2015-03-05,300160
2015-03-05,600883
2015-03-05,300040
2015-03-05,600796
2015-03-05,300308
2015-03-05,002109
2015-03-05,002615
2015-03-05,002530
2015-03-05,300240
2015-03-05,002634
2015-03-05,600152
2015-03-05,002455
2015-03-05,300035
2015-03-05,300416
2015-03-05,002213
2015-03-05,002667
2015-03-05,002715
2015-03-05,600689
2015-03-05,002112
2015-03-05,300174
2015-03-05,300243
2015-03-05,000526
2015-03-05,300095
2015-03-05,002034
2015-03-05,300141
2015-03-05,002193
2015-03-05,002319
2015-03-05,002188
2015-03-05,600423
2015-03-05,300192
2015-03-05,000676
2015-03-05,002558
2015-03-05,002044
2015-03-05,002270
2015-03-05,600749
2015-03-19,600444
2015-03-19,000803
2015-03-19,300176
2015-03-19,600455
2015-03-19,600419
2015-03-19,600241
2015-03-19,600719
2015-03-19,300163
2015-03-19,600768
2015-03-19,600506
2015-03-19,002125
2015-03-19,002352
2015-03-19,000567
2015-03-19,300260
2015-03-19,300143
2015-03-19,002682
2015-03-19,600758
2015-03-19,002193
2015-03-19,600605
2015-03-19,300120
2015-03-19,600603
2015-03-19,600319
2015-03-19,600137
2015-03-19,300417
2015-03-19,300069
2015-03-19,000838
2015-03-19,600099
2015-03-19,300106
2015-03-19,002205
2015-03-19,000856
2015-03-19,300410
2015-03-19,300340
2015-03-19,002627
2015-03-19,300062
2015-03-19,300277
2015-03-19,000723
2015-03-19,600356
2015-03-19,002209
2015-03-19,300087
2015-03-19,000710
2015-03-19,002696
2015-03-19,300138
2015-03-19,300046
2015-03-19,600727
2015-03-19,300061
2015-03-19,000953
2015-03-19,002295
2015-03-19,600980
2015-03-19,002715
2015-03-19,002580
2015-03-19,002667
2015-03-19,000628
2015-03-19,300412
2015-03-19,300345
2015-03-19,300042
2015-03-19,002634
2015-03-19,600152
2015-03-19,300160
2015-03-19,002395
2015-03-19,000785
2015-03-19,600883
2015-03-19,300035
2015-03-19,002213
2015-03-19,600689
2015-03-19,600233
2015-03-19,300092
2015-03-19,002455
2015-03-19,002120
2015-03-19,002615
2015-03-19,002112
2015-03-19,300308
2015-03-19,002109
2015-03-19,000923
2015-03-19,603519
2015-03-19,300430
2015-03-19,300428
2015-03-19,300374
2015-03-19,300420
2015-03-19,300432
2015-03-19,603009
2015-03-19,002748
2015-03-19,300423
2015-03-19,300230
2015-03-19,600681
2015-03-19,300218
2015-03-19,300040
2015-03-19,300174
2015-03-19,300243
2015-03-19,000526
2015-03-19,300095
2015-03-19,002034
2015-03-19,300141
2015-03-19,002319
2015-03-19,002188
2015-03-19,600423
2015-03-19,300192
2015-03-19,000676
2015-03-19,002558
2015-03-19,002044
2015-03-19,600749
2015-04-02,600444
2015-04-02,600455
2015-04-02,300176
2015-04-02,600241
2015-04-02,600419
2015-04-02,000803
2015-04-02,002034
2015-04-02,600506
2015-04-02,002193
2015-04-02,600768
2015-04-02,000567
2015-04-02,002352
2015-04-02,300420
2015-04-02,600605
2015-04-02,300163
2015-04-02,600758
2015-04-02,300230
2015-04-02,300417
2015-04-02,600137
2015-04-02,300106
2015-04-02,600319
2015-04-02,300260
2015-04-02,002682
2015-04-02,300062
2015-04-02,300410
2015-04-02,300143
2015-04-02,300345
2015-04-02,603519
2015-04-02,000723
2015-04-02,600980
2015-04-02,300061
2015-04-02,002205
2015-04-02,600099
2015-04-02,000628
2015-04-02,300138
2015-04-02,002209
2015-04-02,300087
2015-04-02,600603
2015-04-02,300423
2015-04-02,002696
2015-04-02,600356
2015-04-02,002715
2015-04-02,300160
2015-04-02,000785
2015-04-02,002627
2015-04-02,000838
2015-04-02,002295
2015-04-02,002634
2015-04-02,600152
2015-04-02,000953
2015-04-02,603009
2015-04-02,000856
2015-04-02,300120
2015-04-02,300277
2015-04-02,600727
2015-04-02,002667
2015-04-02,300340
2015-04-02,300046
2015-04-02,300218
2015-04-02,002109
2015-04-02,002112
2015-04-02,002120
2015-04-02,300042
2015-04-02,002395
2015-04-02,300035
2015-04-02,300374
2015-04-02,002615
2015-04-02,600233
2015-04-02,300421
2015-04-02,002082
2015-04-02,603600
2015-04-02,603088
2015-04-02,600520
2015-04-02,000586
2015-04-02,300319
2015-04-02,002734
2015-04-02,600746
2015-04-02,002599
2015-04-02,600302
2015-04-02,002136
2015-04-02,300239
2015-04-02,600573
2015-04-02,600719
2015-04-02,002125
2015-04-02,300069
2015-04-02,002213
2015-04-02,600689
2015-04-02,300308
2015-04-02,600681
2015-04-02,300040
2015-04-02,300174
2015-04-02,300243
2015-04-02,000526
2015-04-02,300095
2015-04-02,300141
2015-04-02,002319
2015-04-02,002188
2015-04-02,300192
2015-04-02,000676
2015-04-02,002558
2015-04-16,600444
2015-04-16,600419
2015-04-16,600241
2015-04-16,600455
2015-04-16,002193
2015-04-16,600768
2015-04-16,300260
2015-04-16,300176
2015-04-16,000567
2015-04-16,300420
2015-04-16,300106
2015-04-16,600758
2015-04-16,600137
2015-04-16,000803
2015-04-16,002205
2015-04-16,300061
2015-04-16,300243
2015-04-16,002352
2015-04-16,000838
2015-04-16,600506
2015-04-16,002682
2015-04-16,002209
2015-04-16,300417
2015-04-16,600605
2015-04-16,002034
2015-04-16,300410
2015-04-16,002696
2015-04-16,000586
2015-04-16,300138
2015-04-16,002112
2015-04-16,603519
2015-04-16,603009
2015-04-16,300087
2015-04-16,300277
2015-04-16,300062
2015-04-16,600603
2015-04-16,000953
2015-04-16,300340
2015-04-16,300319
2015-04-16,600980
2015-04-16,002395
2015-04-16,300230
2015-04-16,603600
2015-04-16,002715
2015-04-16,000856
2015-04-16,300160
2015-04-16,300423
2015-04-16,300174
2015-04-16,600319
2015-04-16,000723
2015-04-16,300421
2015-04-16,000785
2015-04-16,002295
2015-04-16,300239
2015-04-16,002120
2015-04-16,600356
2015-04-16,000628
2015-04-16,002627
2015-04-16,300035
2015-04-16,002734
2015-04-16,002082
2015-04-16,300042
2015-04-16,300374
2015-04-16,002109
2015-04-16,300218
2015-04-16,002634
2015-04-16,002136
2015-04-16,600746
2015-04-16,002615
2015-04-16,600152
2015-04-16,300345
2015-04-16,600573
2015-04-16,300069
2015-04-16,300046
2015-04-16,603088
2015-04-16,000779
2015-04-16,600338
2015-04-16,002729
2015-04-16,300092
2015-04-16,300321
2015-04-16,002723
2015-04-16,000710
2015-04-16,300143
2015-04-16,600099
2015-04-16,002667
2015-04-16,600719
2015-04-16,002125
2015-04-16,002213
2015-04-16,600689
2015-04-16,300308
2015-04-16,600681
2015-04-16,300040
2015-04-16,000526
2015-04-16,300095
2015-04-16,300141
2015-04-16,002319
2015-04-16,002188
2015-04-16,300192
2015-04-16,000676
2015-04-16,002558
2015-04-30,600241
2015-04-30,600419
2015-04-30,002193
2015-04-30,600455
2015-04-30,002352
2015-04-30,300176
2015-04-30,002205
2015-04-30,600137
2015-04-30,600768
2015-04-30,600605
2015-04-30,600603
2015-04-30,300260
2015-04-30,300106
2015-04-30,300410
2015-04-30,000838
2015-04-30,002209
2015-04-30,300061
2015-04-30,300138
2015-04-30,300062
2015-04-30,300087
2015-04-30,300417
2015-04-30,002034
2015-04-30,300420
2015-04-30,002696
2015-04-30,300230
2015-04-30,300092
2015-04-30,600506
2015-04-30,300423
2015-04-30,002682
2015-04-30,002627
2015-04-30,603009
2015-04-30,600980
2015-04-30,000723
2015-04-30,600758
2015-04-30,002125
2015-04-30,002729
2015-04-30,002213
2015-04-30,603519
2015-04-30,000785
2015-04-30,002082
2015-04-30,600338
2015-04-30,000953
2015-04-30,300160
2015-04-30,002615
2015-04-30,300421
2015-04-30,002136
2015-04-30,300321
2015-04-30,300345
2015-04-30,300319
2015-04-30,002734
2015-04-30,600319
2015-04-30,002723
2015-04-30,000856
2015-04-30,002120
2015-04-30,300218
2015-04-30,600356
2015-04-30,002634
2015-04-30,300174
2015-04-30,002109
2015-04-30,600573
2015-04-30,600746
2015-04-30,300277
2015-04-30,000710
2015-04-30,300243
2015-04-30,002715
2015-04-30,603088
2015-04-30,600152
2015-04-30,000593
2015-04-30,002365
2015-04-30,300200
2015-04-30,002735
2015-04-30,300405
2015-04-30,002591
2015-04-30,300327
2015-04-30,002536
2015-04-30,002323
2015-04-30,600883
2015-04-30,002560
2015-04-30,000565
2015-04-30,002492
2015-04-30,603601
2015-04-30,300247
2015-04-30,300371
2015-04-30,000610
2015-04-30,000586
2015-04-30,300143
2015-04-30,600099
2015-04-30,002667
2015-04-30,600719
2015-04-30,600689
2015-04-30,600681
2015-04-30,300040
2015-04-30,000526
2015-04-30,300095
2015-04-30,300141
2015-04-30,002319
2015-04-30,002188
2015-04-30,300192
2015-04-30,000676
2015-04-30,002558
2015-05-14,600419
2015-05-14,002193
2015-05-14,002205
2015-05-14,600241
2015-05-14,300106
2015-05-14,600758
2015-05-14,600768
2015-05-14,600603
2015-05-14,002034
2015-05-14,600605
2015-05-14,300176
2015-05-14,002352
2015-05-14,300260
2015-05-14,000838
2015-05-14,600506
2015-05-14,600980
2015-05-14,300087
2015-05-14,000856
2015-05-14,002627
2015-05-14,002082
2015-05-14,300138
2015-05-14,300062
2015-05-14,300061
2015-05-14,603009
2015-05-14,000710
2015-05-14,300092
2015-05-14,000586
2015-05-14,600746
2015-05-14,600573
2015-05-14,000785
2015-05-14,300230
2015-05-14,300417
2015-05-14,002136
2015-05-14,300410
2015-05-14,300160
2015-05-14,300200
2015-05-14,002492
2015-05-14,600455
2015-05-14,002365
2015-05-14,300321
2015-05-14,600338
2015-05-14,000723
2015-05-14,002634
2015-05-14,000565
2015-05-14,002120
2015-05-14,002591
2015-05-14,002209
2015-05-14,002729
2015-05-14,600356
2015-05-14,002723
2015-05-14,300371
2015-05-14,300218
2015-05-14,000953
2015-05-14,002125
2015-05-14,300423
2015-05-14,002615
2015-05-14,300277
2015-05-14,002560
2015-05-14,000610
2015-05-14,002735
2015-05-14,300247
2015-05-14,300327
2015-05-14,603088
2015-05-14,603519
2015-05-14,002536
2015-05-14,300421
2015-05-14,300243
2015-05-14,300451
2015-05-14,300457
2015-05-14,300456
2015-05-14,002637
2015-05-14,300120
2015-05-14,600097
2015-05-14,300308
2015-05-14,002150
2015-05-14,000702
2015-05-14,002201
2015-05-14,002066
2015-05-14,300239
2015-05-14,600137
2015-05-14,300420
2015-05-14,002696
2015-05-14,300319
2015-05-14,600319
2015-05-14,002109
2015-05-14,002323
2015-05-14,300143
2015-05-14,600099
2015-05-14,002667
2015-05-14,600719
2015-05-14,600689
2015-05-14,600681
2015-05-14,300040
2015-05-14,000526
2015-05-14,300141
2015-05-14,002319
2015-05-14,002188
2015-05-14,300192
2015-05-14,000676
2015-05-14,002558
2015-05-28,002188
2015-05-28,300192
2015-05-28,600419
2015-05-28,002193
2015-05-28,002205
2015-05-28,600506
2015-05-28,600455
2015-05-28,600241
2015-05-28,300106
2015-05-28,000856
2015-05-28,000710
2015-05-28,002696
2015-05-28,600603
2015-05-28,300451
2015-05-28,300457
2015-05-28,300260
2015-05-28,600605
2015-05-28,600573
2015-05-28,000785
2015-05-28,002136
2015-05-28,002352
2015-05-28,300120
2015-05-28,600980
2015-05-28,300062
2015-05-28,002627
2015-05-28,600768
2015-05-28,600758
2015-05-28,000702
2015-05-28,600746
2015-05-28,002120
2015-05-28,002560
2015-05-28,300138
2015-05-28,000723
2015-05-28,600356
2015-05-28,000953
2015-05-28,002082
2015-05-28,300200
2015-05-28,002492
2015-05-28,300319
2015-05-28,002591
2015-05-28,300176
2015-05-28,002150
2015-05-28,600137
2015-05-28,002323
2015-05-28,300230
2015-05-28,002066
2015-05-28,300239
2015-05-28,002125
2015-05-28,300321
2015-05-28,300218
2015-05-28,300456
2015-05-28,000610
2015-05-28,300092
2015-05-28,300087
2015-05-28,300141
2015-05-28,300466
2015-05-28,603918
2015-05-28,002759
2015-05-28,300465
2015-05-28,002213
2015-05-28,600448
2015-05-28,002134
2015-05-28,600250
2015-05-28,002088
2015-05-28,000779
2015-05-28,300099
2015-05-28,002234
2015-05-28,600778
2015-05-28,600148
2015-05-28,002141
2015-05-28,300283
2015-05-28,002105
2015-05-28,600727
2015-05-28,600233
2015-05-28,002395
2015-05-28,603669
2015-05-28,600992
2015-05-28,600493
2015-05-28,000567
2015-05-28,000838
2015-05-28,300061
2015-05-28,603009
2015-05-28,000586
2015-05-28,300247
2015-05-28,300421
2015-05-28,300308
2015-05-28,300420
2015-05-28,600319
2015-05-28,002109
2015-05-28,300143
2015-05-28,600099
2015-05-28,002667
2015-05-28,600719
2015-05-28,600689
2015-05-28,600681
2015-05-28,300040
2015-05-28,000526
2015-05-28,002319
2015-05-28,000676
2015-05-28,002558
2015-06-11,300466
2015-06-11,603918
2015-06-11,600455
2015-06-11,600241
2015-06-11,600419
2015-06-11,002205
2015-06-11,600768
2015-06-11,600605
2015-06-11,600506
2015-06-11,600980
2015-06-11,002759
2015-06-11,300260
2015-06-11,300176
2015-06-11,002193
2015-06-11,000856
2015-06-11,002352
2015-06-11,600233
2015-06-11,002125
2015-06-11,600758
2015-06-11,600603
2015-06-11,300106
2015-06-11,300092
2015-06-11,300230
2015-06-11,300138
2015-06-11,000702
2015-06-11,002150
2015-06-11,002134
2015-06-11,002213
2015-06-11,600356
2015-06-11,300192
2015-06-11,002323
2015-06-11,300319
2015-06-11,002627
2015-06-11,300200
2015-06-11,000567
2015-06-11,002560
2015-06-11,000710
2015-06-11,600250
2015-06-11,600148
2015-06-11,300040
2015-06-11,600573
2015-06-11,002696
2015-06-11,002234
2015-06-11,002082
2015-06-11,300061
2015-06-11,000779
2015-06-11,000785
2015-06-11,002088
2015-06-11,600746
2015-06-11,002319
2015-06-11,600727
2015-06-11,300218
2015-06-11,300469
2015-06-11,002760
2015-06-11,603066
2015-06-11,603616
2015-06-11,300476
2015-06-11,601968
2015-06-11,300405
2015-06-11,300340
2015-06-11,002735
2015-06-11,300232
2015-06-11,300046
2015-06-11,300277
2015-06-11,300410
2015-06-11,300423
2015-06-11,600452
2015-06-11,002729
2015-06-11,300417
2015-06-11,603519
2015-06-11,300371
2015-06-11,002661
2015-06-11,002201
2015-06-11,300095
2015-06-11,300327
2015-06-11,000593
2015-06-11,600985
2015-06-11,002679
2015-06-11,300121
2015-06-11,600774
2015-06-11,002136
2015-06-11,300062
2015-06-11,600137
2015-06-11,300087
2015-06-11,600778
2015-06-11,000586
2015-06-11,300247
2015-06-11,300421
2015-06-11,300420
2015-06-11,600319
2015-06-11,002109
2015-06-11,300143
2015-06-11,600099
2015-06-11,002667
2015-06-11,600719
2015-06-11,600689
2015-06-11,600681
2015-06-11,000526
2015-06-11,000676
2015-06-11,002558
2015-06-25,300469
2015-06-25,002760
2015-06-25,600419
2015-06-25,600241
2015-06-25,300176
2015-06-25,600506
2015-06-25,300138
2015-06-25,600605
2015-06-25,300092
2015-06-25,002352
2015-06-25,300466
2015-06-25,600233
2015-06-25,002136
2015-06-25,600455
2015-06-25,300405
2015-06-25,300062
2015-06-25,600980
2015-06-25,300046
2015-06-25,300277
2015-06-25,300340
2015-06-25,002213
2015-06-25,002125
2015-06-25,002323
2015-06-25,002735
2015-06-25,002134
2015-06-25,002205
2015-06-25,300200
2015-06-25,000702
2015-06-25,600768
2015-06-25,600603
2015-06-25,000710
2015-06-25,600758
2015-06-25,300106
2015-06-25,300260
2015-06-25,600356
2015-06-25,002082
2015-06-25,300218
2015-06-25,600573
2015-06-25,300417
2015-06-25,300423
2015-06-25,300095
2015-06-25,600250
2015-06-25,300410
2015-06-25,600148
2015-06-25,002759
2015-06-25,000856
2015-06-25,000779
2015-06-25,603066
2015-06-25,300040
2015-06-25,002150
2015-06-25,300371
2015-06-25,300061
2015-06-25,002696
2015-06-25,002560
2015-06-25,300327
2015-06-25,000593
2015-06-25,600985
2015-06-25,600452
2015-06-25,002661
2015-06-25,002679
2015-06-25,300121
2015-06-25,002088
2015-06-25,300461
2015-06-25,002755
2015-06-25,300042
2015-06-25,002034
2015-06-25,300459
2015-06-25,603088
2015-06-25,300305
2015-06-25,300239
2015-06-25,300241
2015-06-25,603022
2015-06-25,002691
2015-06-25,002723
2015-06-25,002120
2015-06-25,000952
2015-06-25,000663
2015-06-25,600749
2015-06-25,002112
2015-06-25,000803
2015-06-25,600714
2015-06-25,000953
2015-06-25,000567
2015-06-25,600137
2015-06-25,300087
2015-06-25,600778
2015-06-25,000586
2015-06-25,300421
2015-06-25,300420
2015-06-25,600319
2015-06-25,002109
2015-06-25,300143
2015-06-25,600099
2015-06-25,002667
2015-06-25,600719
2015-06-25,600689
2015-06-25,600681
2015-06-25,000526
2015-06-25,000676
2015-06-25,002558
2015-07-09,600506
2015-07-09,002136
2015-07-09,600455
2015-07-09,600768
2015-07-09,300176
2015-07-09,600233
2015-07-09,300340
2015-07-09,000702
2015-07-09,000803
2015-07-09,600148
2015-07-09,300092
2015-07-09,300046
2015-07-09,600573
2015-07-09,000779
2015-07-09,600250
2015-07-09,000663
2015-07-09,600758
2015-07-09,600749
2015-07-09,300200
2015-07-09,600980
2015-07-09,000953
2015-07-09,002112
2015-07-09,002323
2015-07-09,300417
2015-07-09,300461
2015-07-09,600241
2015-07-09,002150
2015-07-09,300423
2015-07-09,300277
2015-07-09,002213
2015-07-09,300138
2015-07-09,002760
2015-07-09,300371
2015-07-09,002735
2015-07-09,300241
2015-07-09,002352
2015-07-09,603066
2015-07-09,300239
2015-07-09,300061
2015-07-09,300327
2015-07-09,300121
2015-07-09,002082
2015-07-09,000952
2015-07-09,603088
2015-07-09,002134
2015-07-09,002205
2015-07-09,002679
2015-07-09,600985
2015-07-09,600452
2015-07-09,600605
2015-07-09,300466
2015-07-09,300062
2015-07-09,002125
2015-07-09,600603
2015-07-09,000710
2015-07-09,300106
2015-07-09,300260
2015-07-09,600356
2015-07-09,300095
2015-07-09,300410
2015-07-09,000856
2015-07-09,300040
2015-07-09,002696
2015-07-09,002560
2015-07-09,000593
2015-07-09,002088
2015-07-09,002034
2015-07-09,300459
2015-07-09,603022
2015-07-09,002723
2015-07-09,002120
2015-07-09,600714
2015-07-09,000567
2015-07-09,600137
2015-07-09,300087
2015-07-09,600778
2015-07-09,000586
2015-07-09,300421
2015-07-09,300420
2015-07-09,600319
2015-07-09,002109
2015-07-09,300143
2015-07-09,600099
2015-07-09,002667
2015-07-09,600719
2015-07-09,600689
2015-07-09,600681
2015-07-09,000526
2015-07-09,000676
2015-07-09,002558
2015-07-23,002723
2015-07-23,600241
2015-07-23,600506
2015-07-23,300095
2015-07-23,600605
2015-07-23,300176
2015-07-23,002136
2015-07-23,600768
2015-07-23,600455
2015-07-23,002088
2015-07-23,300046
2015-07-23,600603
2015-07-23,000702
2015-07-23,000710
2015-07-23,300260
2015-07-23,300340
2015-07-23,000856
2015-07-23,000803
2015-07-23,002125
2015-07-23,300200
2015-07-23,000779
2015-07-23,002205
2015-07-23,600573
2015-07-23,600980
2015-07-23,002760
2015-07-23,002034
2015-07-23,002735
2015-07-23,002213
2015-07-23,002679
2015-07-23,002082
2015-07-23,002150
2015-07-23,600250
2015-07-23,300417
2015-07-23,300461
2015-07-23,300241
2015-07-23,000586
2015-07-23,300239
2015-07-23,300138
2015-07-23,002134
2015-07-23,000953
2015-07-23,300371
2015-07-23,300092
2015-07-23,002120
2015-07-23,300106
2015-07-23,300040
2015-07-23,603088
2015-07-23,000593
2015-07-23,300423
2015-07-23,300121
2015-07-23,300061
2015-07-23,300277
2015-07-23,600452
2015-07-23,002352
2015-07-23,600419
2015-07-23,002193
2015-07-23,603006
2015-07-23,600152
2015-07-23,300035
2015-07-23,002607
2015-07-23,002634
2015-07-23,002606
2015-07-23,600367
2015-07-23,600423
2015-07-23,000785
2015-07-23,600796
2015-07-23,002637
2015-07-23,600731
2015-07-23,300405
2015-07-23,600802
2015-07-23,000610
2015-07-23,600727
2015-07-23,300283
2015-07-23,300192
2015-07-23,600233
2015-07-23,000663
2015-07-23,600758
2015-07-23,600749
2015-07-23,002112
2015-07-23,300466
2015-07-23,300062
2015-07-23,600356
2015-07-23,300410
2015-07-23,002696
2015-07-23,002560
2015-07-23,000567
2015-07-23,600137
2015-07-23,300087
2015-07-23,600778
2015-07-23,300420
2015-07-23,600319
2015-07-23,002109
2015-07-23,300143
2015-07-23,600099
2015-07-23,002667
2015-07-23,600719
2015-07-23,600689
2015-07-23,600681
2015-07-23,000526
2015-07-23,000676
2015-07-23,002558
2015-08-06,600241
2015-08-06,600603
2015-08-06,002193
2015-08-06,600605
2015-08-06,600758
2015-08-06,600506
2015-08-06,600152
2015-08-06,300192
2015-08-06,600419
2015-08-06,300260
2015-08-06,002034
2015-08-06,300046
2015-08-06,000779
2015-08-06,300035
2015-08-06,000803
2015-08-06,300092
2015-08-06,600768
2015-08-06,000785
2015-08-06,300200
2015-08-06,002679
2015-08-06,002136
2015-08-06,300176
2015-08-06,002205
2015-08-06,002125
2015-08-06,300340
2015-08-06,300239
2015-08-06,600423
2015-08-06,002150
2015-08-06,600796
2015-08-06,002134
2015-08-06,600731
2015-08-06,300106
2015-08-06,002120
2015-08-06,300138
2015-08-06,600250
2015-08-06,000663
2015-08-06,000702
2015-08-06,600233
2015-08-06,300040
2015-08-06,600573
2015-08-06,300061
2015-08-06,300283
2015-08-06,300121
2015-08-06,603006
2015-08-06,002088
2015-08-06,300241
2015-08-06,600727
2015-08-06,000856
2015-08-06,000593
2015-08-06,002637
2015-08-06,000610
2015-08-06,300405
2015-08-06,300417
2015-08-06,002606
2015-08-06,000953
2015-08-06,000710
2015-08-06,002634
2015-08-06,600681
2015-08-06,300095
2015-08-06,002560
2015-08-06,600455
2015-08-06,002735
2015-08-06,300277
2015-08-06,603088
2015-08-06,002607
2015-08-06,300461
2015-08-06,002082
2015-08-06,600980
2015-08-06,300371
2015-08-06,300174
2015-08-06,600774
2015-08-06,600302
2015-08-06,600706
2015-08-06,600520
2015-08-06,300321
2015-08-06,002627
2015-08-06,300243
2015-08-06,600235
2015-08-06,600883
2015-08-06,300218
2015-08-06,002112
2015-08-06,300466
2015-08-06,300062
2015-08-06,600356
2015-08-06,300410
2015-08-06,002696
2015-08-06,600137
2015-08-06,300087
2015-08-06,600778
2015-08-06,300420
2015-08-06,600319
2015-08-06,002109
2015-08-06,300143
2015-08-06,600099
2015-08-06,002667
2015-08-06,600719
2015-08-06,600689
2015-08-06,000526
2015-08-06,000676
2015-08-06,002558
2015-08-20,600241
2015-08-20,002193
2015-08-20,600605
2015-08-20,600758
2015-08-20,300260
2015-08-20,000803
2015-08-20,600506
2015-08-20,300035
2015-08-20,300046
2015-08-20,300200
2015-08-20,300174
2015-08-20,600152
2015-08-20,300092
2015-08-20,300417
2015-08-20,600455
2015-08-20,300420
2015-08-20,600603
2015-08-20,000593
2015-08-20,600423
2015-08-20,300176
2015-08-20,600520
2015-08-20,603006
2015-08-20,600419
2015-08-20,300321
2015-08-20,002136
2015-08-20,300239
2015-08-20,002120
2015-08-20,300405
2015-08-20,300040
2015-08-20,600980
2015-08-20,300340
2015-08-20,300371
2015-08-20,600774
2015-08-20,600233
2015-08-20,002034
2015-08-20,300461
2015-08-20,002150
2015-08-20,000856
2015-08-20,002134
2015-08-20,600768
2015-08-20,300192
2015-08-20,600302
2015-08-20,300241
2015-08-20,300283
2015-08-20,600681
2015-08-20,000785
2015-08-20,002696
2015-08-20,600250
2015-08-20,000779
2015-08-20,002606
2015-08-20,000702
2015-08-20,002735
2015-08-20,300138
2015-08-20,300095
2015-08-20,300121
2015-08-20,600706
2015-08-20,300243
2015-08-20,300277
2015-08-20,300106
2015-08-20,000610
2015-08-20,000710
2015-08-20,002205
2015-08-20,600727
2015-08-20,600731
2015-08-20,300218
2015-08-20,002627
2015-08-20,603088
2015-08-20,002679
2015-08-20,300483
2015-08-20,300481
2015-08-20,300464
2015-08-20,300478
2015-08-20,300423
2015-08-20,300069
2015-08-20,300327
2015-08-20,300452
2015-08-20,002615
2015-08-20,300489
2015-08-20,300390
2015-08-20,000567
2015-08-20,603519
2015-08-20,002722
2015-08-20,000953
2015-08-20,002112
2015-08-20,300466
2015-08-20,300062
2015-08-20,600356
2015-08-20,300410
2015-08-20,600137
2015-08-20,300087
2015-08-20,600778
2015-08-20,600319
2015-08-20,002109
2015-08-20,300143
2015-08-20,600099
2015-08-20,002667
2015-08-20,600719
2015-08-20,600689
2015-08-20,000676
2015-08-20,002558
2015-09-07,300176
2015-09-07,600768
2015-09-07,002193
2015-09-07,300340
2015-09-07,600758
2015-09-07,300106
2015-09-07,600137
2015-09-07,002134
2015-09-07,300035
2015-09-07,300143
2015-09-07,300092
2015-09-07,000803
2015-09-07,300192
2015-09-07,300174
2015-09-07,002120
2015-09-07,600605
2015-09-07,300260
2015-09-07,000856
2015-09-07,300277
2015-09-07,600241
2015-09-07,600520
2015-09-07,002679
2015-09-07,600980
2015-09-07,300239
2015-09-07,300069
2015-09-07,603006
2015-09-07,000785
2015-09-07,000567
2015-09-07,600506
2015-09-07,600152
2015-09-07,300046
2015-09-07,300405
2015-09-07,300417
2015-09-07,300200
2015-09-07,300241
2015-09-07,600423
2015-09-07,300461
2015-09-07,002627
2015-09-07,002205
2015-09-07,002615
2015-09-07,300478
2015-09-07,002606
2015-09-07,002696
2015-09-07,000953
2015-09-07,002150
2015-09-07,002034
2015-09-07,300390
2015-09-07,300483
2015-09-07,300040
2015-09-07,300243
2015-09-07,300481
2015-09-07,600731
2015-09-07,600302
2015-09-07,300423
2015-09-07,000593
2015-09-07,300121
2015-09-07,300371
2015-09-07,600233
2015-09-07,600727
2015-09-07,300138
2015-09-07,300095
2015-09-07,002735
2015-09-07,300218
2015-09-07,600250
2015-09-07,002715
2015-09-07,002270
2015-09-07,300308
2015-09-07,300141
2015-09-07,002352
2015-09-07,002599
2015-09-07,002634
2015-09-07,300329
2015-09-07,600561
2015-09-07,002105
2015-09-07,300061
2015-09-07,300387
2015-09-07,002213
2015-09-07,600573
2015-09-07,002125
2015-09-07,002365
2015-09-07,002637
2015-09-07,002725
2015-09-07,300247
2015-09-07,600603
2015-09-07,300464
2015-09-07,002112
2015-09-07,300466
2015-09-07,300062
2015-09-07,600356
2015-09-07,300410
2015-09-07,300087
2015-09-07,600778
2015-09-07,600319
2015-09-07,002109
2015-09-07,600099
2015-09-07,002667
2015-09-07,600719
2015-09-07,600689
2015-09-07,000676
2015-09-07,002558
2015-09-17,600768
2015-09-17,300176
2015-09-17,600137
2015-09-17,300340
2015-09-17,600758
2015-09-17,002034
2015-09-17,000803
2015-09-17,300260
2015-09-17,002193
2015-09-17,000856
2015-09-17,300092
2015-09-17,300035
2015-09-17,300106
2015-09-17,002715
2015-09-17,600980
2015-09-17,300174
2015-09-17,002679
2015-09-17,002134
2015-09-17,300239
2015-09-17,300417
2015-09-17,300069
2015-09-17,002205
2015-09-17,002120
2015-09-17,300046
2015-09-17,600241
2015-09-17,600152
2015-09-17,300483
2015-09-17,002696
2015-09-17,600423
2015-09-17,002627
2015-09-17,300277
2015-09-17,300387
2015-09-17,603006
2015-09-17,300461
2015-09-17,300143
2015-09-17,002125
2015-09-17,002606
2015-09-17,000785
2015-09-17,000567
2015-09-17,002150
2015-09-17,600250
2015-09-17,000593
2015-09-17,600302
2015-09-17,600506
2015-09-17,002352
2015-09-17,300478
2015-09-17,600520
2015-09-17,002105
2015-09-17,300062
2015-09-17,300241
2015-09-17,600727
2015-09-17,300121
2015-09-17,002599
2015-09-17,600731
2015-09-17,300329
2015-09-17,300243
2015-09-17,300405
2015-09-17,002637
2015-09-17,300200
2015-09-17,300308
2015-09-17,300481
2015-09-17,300141
2015-09-17,300061
2015-09-17,300040
2015-09-17,002615
2015-09-17,002725
2015-09-17,300371
2015-09-17,300390
2015-09-17,300095
2015-09-17,300138
2015-09-17,002213
2015-09-17,600561
2015-09-17,000953
2015-09-17,002735
2015-09-17,000723
2015-09-17,600714
2015-09-17,002136
2015-09-17,300120
2015-09-17,300321
2015-09-17,002513
2015-09-17,300264
2015-09-17,002576
2015-09-17,300013
2015-09-17,000923
2015-09-17,600605
2015-09-17,002270
2015-09-17,600603
2015-09-17,002112
2015-09-17,300466
2015-09-17,600356
2015-09-17,300410
2015-09-17,300087
2015-09-17,600778
2015-09-17,600319
2015-09-17,002109
2015-09-17,600099
2015-09-17,002667
2015-09-17,600719
2015-09-17,000676
2015-09-17,002558
2015-10-15,300176
2015-10-15,600137
2015-10-15,600768
2015-10-15,000856
2015-10-15,002193
2015-10-15,002034
2015-10-15,600758
2015-10-15,000803
2015-10-15,600241
2015-10-15,300340
2015-10-15,600719
2015-10-15,300260
2015-10-15,300035
2015-10-15,002134
2015-10-15,300106
2015-10-15,600980
2015-10-15,300046
2015-10-15,002715
2015-10-15,600520
2015-10-15,600605
2015-10-15,600506
2015-10-15,300387
2015-10-15,002125
2015-10-15,300239
2015-10-15,000785
2015-10-15,300174
2015-10-15,002120
2015-10-15,600423
2015-10-15,000723
2015-10-15,300483
2015-10-15,300241
2015-10-15,002679
2015-10-15,300461
2015-10-15,002696
2015-10-15,300478
2015-10-15,002627
2015-10-15,000593
2015-10-15,300405
2015-10-15,600152
2015-10-15,300277
2015-10-15,002352
2015-10-15,600302
2015-10-15,300069
2015-10-15,300417
2015-10-15,002205
2015-10-15,002606
2015-10-15,002637
2015-10-15,002213
2015-10-15,300481
2015-10-15,002105
2015-10-15,000953
2015-10-15,002725
2015-10-15,002136
2015-10-15,600250
2015-10-15,600727
2015-10-15,600731
2015-10-15,300308
2015-10-15,600561
2015-10-15,300121
2015-10-15,300138
2015-10-15,300243
2015-10-15,002735
2015-10-15,002615
2015-10-15,300371
2015-10-15,002270
2015-10-15,300264
2015-10-15,600714
2015-10-15,000923
2015-10-15,300120
2015-10-15,600233
2015-10-15,000715
2015-10-15,600706
2015-10-15,600802
2015-10-15,000610
2015-10-15,300464
2015-10-15,600080
2015-10-15,300218
2015-10-15,002088
2015-10-15,002591
2015-10-15,600796
2015-10-15,600230
2015-10-15,600367
2015-10-15,002634
2015-10-15,603519
2015-10-15,603006
2015-10-15,000567
2015-10-15,002150
2015-10-15,300061
2015-10-15,300390
2015-10-15,002513
2015-10-15,600603
2015-10-15,002112
2015-10-15,300466
2015-10-15,600356
2015-10-15,300087
2015-10-15,600319
2015-10-15,002109
2015-10-15,600099
2015-10-15,002667
2015-10-15,002558
2015-10-29,600137
2015-10-29,300176
2015-10-29,600758
2015-10-29,600768
2015-10-29,300260
2015-10-29,000856
2015-10-29,002715
2015-10-29,000803
2015-10-29,600719
2015-10-29,300035
2015-10-29,002193
2015-10-29,300106
2015-10-29,300340
2015-10-29,002134
2015-10-29,000723
2015-10-29,002205
2015-10-29,600506
2015-10-29,002034
2015-10-29,300046
2015-10-29,600241
2015-10-29,002352
2015-10-29,300387
2015-10-29,000785
2015-10-29,600152
2015-10-29,600605
2015-10-29,300461
2015-10-29,300483
2015-10-29,300174
2015-10-29,002627
2015-10-29,600423
2015-10-29,002696
2015-10-29,600980
2015-10-29,600731
2015-10-29,002606
2015-10-29,000593
2015-10-29,300241
2015-10-29,600302
2015-10-29,000610
2015-10-29,600706
2015-10-29,600714
2015-10-29,600802
2015-10-29,300405
2015-10-29,600233
2015-10-29,300478
2015-10-29,002637
2015-10-29,002735
2015-10-29,600520
2015-10-29,600727
2015-10-29,300417
2015-10-29,300481
2015-10-29,002513
2015-10-29,000715
2015-10-29,002136
2015-10-29,600356
2015-10-29,002679
2015-10-29,002120
2015-10-29,000923
2015-10-29,600796
2015-10-29,002634
2015-10-29,002725
2015-10-29,600080
2015-10-29,300218
2015-10-29,002270
2015-10-29,600230
2015-10-29,603006
2015-10-29,600367
2015-10-29,300121
2015-10-29,600561
2015-10-29,002591
2015-10-29,002105
2015-10-29,002088
2015-10-29,300243
2015-10-29,300138
2015-10-29,600250
2015-10-29,603519
2015-10-29,300143
2015-10-29,600681
2015-10-29,002645
2015-10-29,000702
2015-10-29,300092
2015-10-29,000713
2015-10-29,002492
2015-10-29,002365
2015-10-29,600051
2015-10-29,600419
2015-10-29,300239
2015-10-29,300277
2015-10-29,300069
2015-10-29,000567
2015-10-29,002150
2015-10-29,300061
2015-10-29,600603
2015-10-29,002112
2015-10-29,300466
2015-10-29,300087
2015-10-29,600319
2015-10-29,002109
2015-10-29,600099
2015-10-29,002667
2015-10-29,002558
2015-11-12,002558
2015-11-12,002193
2015-11-12,600758
2015-11-12,600768
2015-11-12,300176
2015-11-12,600719
2015-11-12,600506
2015-11-12,600423
2015-11-12,000856
2015-11-12,600152
2015-11-12,300239
2015-11-12,600241
2015-11-12,000785
2015-11-12,600137
2015-11-12,300340
2015-11-12,002134
2015-11-12,300046
2015-11-12,000723
2015-11-12,300035
2015-11-12,600731
2015-11-12,002627
2015-11-12,600802
2015-11-12,600605
2015-11-12,300260
2015-11-12,002679
2015-11-12,300241
2015-11-12,000593
2015-11-12,600233
2015-11-12,600356
2015-11-12,600714
2015-11-12,002034
2015-11-12,600681
2015-11-12,600727
2015-11-12,002352
2015-11-12,600706
2015-11-12,300092
2015-11-12,000803
2015-11-12,002715
2015-11-12,000715
2015-11-12,002606
2015-11-12,300174
2015-11-12,000923
2015-11-12,600419
2015-11-12,002120
2015-11-12,002645
2015-11-12,002205
2015-11-12,002365
2015-11-12,600080
2015-11-12,600796
2015-11-12,002637
2015-11-12,300218
2015-11-12,002136
2015-11-12,300106
2015-11-12,002492
2015-11-12,600051
2015-11-12,000702
2015-11-12,000713
2015-11-12,600561
2015-11-12,300405
2015-11-12,300143
2015-11-12,300138
2015-11-12,600302
2015-11-12,600367
2015-11-12,300387
2015-11-12,300121
2015-11-12,000610
2015-11-12,002270
2015-11-12,002105
2015-11-12,002591
2015-11-12,600230
2015-11-12,600319
2015-11-12,002088
2015-11-12,002634
2015-11-12,600689
2015-11-12,002319
2015-11-12,600281
2015-11-12,002057
2015-11-12,300192
2015-11-12,600738
2015-11-12,300308
2015-11-12,300132
2015-11-12,002272
2015-11-12,300214
2015-11-12,600778
2015-11-12,300200
2015-11-12,600985
2015-11-12,600113
2015-11-12,600128
2015-11-12,002395
2015-11-12,600293
2015-11-12,300069
2015-11-12,002150
2015-11-12,300061
2015-11-12,600603
2015-11-12,002112
2015-11-12,300466
2015-11-12,300087
2015-11-12,002109
2015-11-12,600099
2015-11-12,002667
2015-11-26,002193
2015-11-26,300176
2015-11-26,000856
2015-11-26,300260
2015-11-26,600423
2015-11-26,600506
2015-11-26,300106
2015-11-26,600768
2015-11-26,000723
2015-11-26,600319
2015-11-26,600719
2015-11-26,000803
2015-11-26,600241
2015-11-26,002679
2015-11-26,002057
2015-11-26,000593
2015-11-26,300340
2015-11-26,600802
2015-11-26,300174
2015-11-26,002715
2015-11-26,600152
2015-11-26,600356
2015-11-26,300035
2015-11-26,600419
2015-11-26,600605
2015-11-26,600681
2015-11-26,600727
2015-11-26,600302
2015-11-26,600714
2015-11-26,002627
2015-11-26,600731
2015-11-26,002667
2015-11-26,300218
2015-11-26,600738
2015-11-26,600796
2015-11-26,002352
2015-11-26,000610
2015-11-26,600367
2015-11-26,002136
2015-11-26,600281
2015-11-26,300387
2015-11-26,300405
2015-11-26,300241
2015-11-26,000713
2015-11-26,002105
2015-11-26,300132
2015-11-26,002365
2015-11-26,600230
2015-11-26,002134
2015-11-26,300200
2015-11-26,000785
2015-11-26,600985
2015-11-26,300239
2015-11-26,300138
2015-11-26,300121
2015-11-26,000702
2015-11-26,300214
2015-11-26,600706
2015-11-26,002272
2015-11-26,600778
2015-11-26,002270
2015-11-26,002606
2015-11-26,000923
2015-11-26,002205
2015-11-26,002034
2015-11-26,600689
2015-11-26,600113
2015-11-26,300192
2015-11-26,300087
2015-11-26,600128
2015-11-26,000715
2015-11-26,002120
2015-11-26,002645
2015-11-26,600051
2015-11-26,002319
2015-11-26,300308
2015-11-26,600233
2015-11-26,600980
2015-11-26,002213
2015-11-26,002125
2015-11-26,300040
2015-11-26,600774
2015-11-26,300483
2015-11-26,002725
2015-11-26,000692
2015-11-26,300283
2015-11-26,002735
2015-11-26,600992
2015-11-26,300371
2015-11-26,600883
2015-11-26,300092
2015-11-26,300143
2015-11-26,300069
2015-11-26,002150
2015-11-26,300061
2015-11-26,600603
2015-11-26,002112
2015-11-26,300466
2015-11-26,002109
2015-11-26,600099
2015-12-10,600768
2015-12-10,600319
2015-12-10,300176
2015-12-10,000856
2015-12-10,002057
2015-12-10,300106
2015-12-10,002715
2015-12-10,002193
2015-12-10,002136
2015-12-10,000723
2015-12-10,600423
2015-12-10,600719
2015-12-10,600506
2015-12-10,300260
2015-12-10,600241
2015-12-10,600302
2015-12-10,600152
2015-12-10,300340
2015-12-10,600681
2015-12-10,600774
2015-12-10,600980
2015-12-10,300241
2015-12-10,300200
2015-12-10,600367
2015-12-10,002352
2015-12-10,002270
2015-12-10,600992
2015-12-10,000803
2015-12-10,300387
2015-12-10,300218
2015-12-10,000610
2015-12-10,600802
2015-12-10,002034
2015-12-10,600233
2015-12-10,300087
2015-12-10,600706
2015-12-10,002679
2015-12-10,300121
2015-12-10,600727
2015-12-10,600356
2015-12-10,600419
2015-12-10,300405
2015-12-10,600985
2015-12-10,600605
2015-12-10,000593
2015-12-10,600230
2015-12-10,300040
2015-12-10,300138
2015-12-10,300283
2015-12-10,600128
2015-12-10,000923
2015-12-10,002606
2015-12-10,002134
2015-12-10,002735
2015-12-10,000692
2015-12-10,600778
2015-12-10,300192
2015-12-10,600731
2015-12-10,002627
2015-12-10,002725
2015-12-10,000713
2015-12-10,000785
2015-12-10,600796
2015-12-10,600281
2015-12-10,002365
2015-12-10,300035
2015-12-10,000715
2015-12-10,300174
2015-12-10,600051
2015-12-10,300214
2015-12-10,600738
2015-12-10,300143
2015-12-10,300493
2015-12-10,603800
2015-12-10,300120
2015-12-10,600561
2015-12-10,300046
2015-12-10,300496
2015-12-10,002061
2015-12-10,603999
2015-12-10,300084
2015-12-10,600520
2015-12-10,002513
2015-12-10,002088
2015-12-10,000993
2015-12-10,600448
2015-12-10,002615
2015-12-10,600513
2015-12-10,600148
2015-12-10,600543
2015-12-10,000968
2015-12-10,600714
2015-12-10,300092
2015-12-10,300069
2015-12-10,002150
2015-12-10,300061
2015-12-10,600603
2015-12-10,002112
2015-12-10,002109
2015-12-10,600099
2015-12-24,300493
2015-12-24,600319
2015-12-24,002193
2015-12-24,300176
2015-12-24,600719
2015-12-24,600241
2015-12-24,002715
2015-12-24,002057
2015-12-24,600768
2015-12-24,300106
2015-12-24,300046
2015-12-24,600681
2015-12-24,000856
2015-12-24,600152
2015-12-24,600506
2015-12-24,300260
2015-12-24,000610
2015-12-24,300200
2015-12-24,600302
2015-12-24,002034
2015-12-24,300120
2015-12-24,600423
2015-12-24,600980
2015-12-24,002513
2015-12-24,000692
2015-12-24,600419
2015-12-24,600985
2015-12-24,300340
2015-12-24,600992
2015-12-24,300087
2015-12-24,600731
2015-12-24,002627
2015-12-24,002270
2015-12-24,000923
2015-12-24,300138
2015-12-24,002606
2015-12-24,300035
2015-12-24,600796
2015-12-24,600356
2015-12-24,002352
2015-12-24,600367
2015-12-24,600561
2015-12-24,300218
2015-12-24,600448
2015-12-24,600148
2015-12-24,600778
2015-12-24,300405
2015-12-24,300241
2015-12-24,600281
2015-12-24,300084
2015-12-24,600727
2015-12-24,300121
2015-12-24,300283
2015-12-24,002136
2015-12-24,000713
2015-12-24,000593
2015-12-24,600128
2015-12-24,600605
2015-12-24,000993
2015-12-24,600051
2015-12-24,300387
2015-12-24,002679
2015-12-24,600774
2015-12-24,002061
2015-12-24,002088
2015-12-24,300174
2015-12-24,000715
2015-12-24,300214
2015-12-24,300192
2015-12-24,600233
2015-12-24,002615
2015-12-24,000785
2015-12-24,600513
2015-12-24,002365
2015-12-24,002725
2015-12-24,002125
2015-12-24,300239
2015-12-24,600137
2015-12-24,002110
2015-12-24,600097
2015-12-24,600853
2015-12-24,600505
2015-12-24,000702
2015-12-24,600810
2015-12-24,002213
2015-12-24,300107
2015-12-24,600883
2015-12-24,000635
2015-12-24,300141
2015-12-24,002580
2015-12-24,000803
2015-12-24,000968
2015-12-24,600714
2015-12-24,300092
2015-12-24,300069
2015-12-24,002150
2015-12-24,600603
2015-12-24,002112
2015-12-24,002109
2015-12-24,600099
2016-01-07,600099
2016-01-07,600319
2016-01-07,002193
2016-01-07,300176
2016-01-07,600719
2016-01-07,300106
2016-01-07,600681
2016-01-07,600768
2016-01-07,002057
2016-01-07,300260
2016-01-07,000856
2016-01-07,300340
2016-01-07,600506
2016-01-07,002109
2016-01-07,000923
2016-01-07,600241
2016-01-07,300120
2016-01-07,600152
2016-01-07,600980
2016-01-07,600423
2016-01-07,300200
2016-01-07,600137
2016-01-07,002136
2016-01-07,600419
2016-01-07,600985
2016-01-07,002034
2016-01-07,600302
2016-01-07,002125
2016-01-07,600367
2016-01-07,600605
2016-01-07,002606
2016-01-07,300387
2016-01-07,002627
2016-01-07,000610
2016-01-07,002679
2016-01-07,300084
2016-01-07,300046
2016-01-07,002150
2016-01-07,300035
2016-01-07,300087
2016-01-07,600778
2016-01-07,600731
2016-01-07,002352
2016-01-07,600097
2016-01-07,600356
2016-01-07,000715
2016-01-07,600796
2016-01-07,300192
2016-01-07,600727
2016-01-07,000692
2016-01-07,600992
2016-01-07,600148
2016-01-07,002365
2016-01-07,600505
2016-01-07,600281
2016-01-07,300218
2016-01-07,002715
2016-01-07,600853
2016-01-07,300241
2016-01-07,600128
2016-01-07,300239
2016-01-07,300174
2016-01-07,300283
2016-01-07,000713
2016-01-07,002088
2016-01-07,000993
2016-01-07,000593
2016-01-07,000785
2016-01-07,002061
2016-01-07,002725
2016-01-07,300405
2016-01-07,600810
2016-01-07,002110
2016-01-07,600883
2016-01-07,600051
2016-01-07,600561
2016-01-07,300483
2016-01-07,603088
2016-01-07,600189
2016-01-07,600540
2016-01-07,300022
2016-01-07,300243
2016-01-07,002513
2016-01-07,002270
2016-01-07,300138
2016-01-07,300121
2016-01-07,600774
2016-01-07,300214
2016-01-07,600233
2016-01-07,600513
2016-01-07,000702
2016-01-07,002213
2016-01-07,300141
2016-01-07,000803
2016-01-07,000968
2016-01-07,600714
2016-01-07,300092
2016-01-07,300069
2016-01-07,600603
2016-01-07,002112
2016-01-21,002057
2016-01-21,000856
2016-01-21,600099
2016-01-21,002109
2016-01-21,002193
2016-01-21,600719
2016-01-21,300106
2016-01-21,300092
2016-01-21,002715
2016-01-21,000923
2016-01-21,300405
2016-01-21,600768
2016-01-21,600423
2016-01-21,300260
2016-01-21,600605
2016-01-21,300176
2016-01-21,600302
2016-01-21,002627
2016-01-21,600796
2016-01-21,600985
2016-01-21,000610
2016-01-21,300241
2016-01-21,300200
2016-01-21,600731
2016-01-21,300120
2016-01-21,600980
2016-01-21,600241
2016-01-21,300084
2016-01-21,600137
2016-01-21,002034
2016-01-21,600367
2016-01-21,300046
2016-01-21,600148
2016-01-21,002136
2016-01-21,000713
2016-01-21,600506
2016-01-21,000715
2016-01-21,600189
2016-01-21,002513
2016-01-21,002352
2016-01-21,600727
2016-01-21,002679
2016-01-21,300035
2016-01-21,600281
2016-01-21,300483
2016-01-21,600419
2016-01-21,600097
2016-01-21,000593
2016-01-21,603088
2016-01-21,300087
2016-01-21,300174
2016-01-21,300239
2016-01-21,600356
2016-01-21,600561
2016-01-21,600853
2016-01-21,002606
2016-01-21,600505
2016-01-21,600152
2016-01-21,300387
2016-01-21,300192
2016-01-21,300218
2016-01-21,600992
2016-01-21,300022
2016-01-21,600778
2016-01-21,000702
2016-01-21,600774
2016-01-21,600540
2016-01-21,002088
2016-01-21,600128
2016-01-21,300121
2016-01-21,002365
2016-01-21,002150
2016-01-21,600051
2016-01-21,000692
2016-01-21,000993
2016-01-21,600883
2016-01-21,002061
2016-01-21,600746
2016-01-21,300321
2016-01-21,002205
2016-01-21,600448
2016-01-21,600802
2016-01-21,002134
2016-01-21,002105
2016-01-21,002319
2016-01-21,002492
2016-01-21,300371
2016-01-21,002120
2016-01-21,000617
2016-01-21,600706
2016-01-21,600319
2016-01-21,600681
2016-01-21,300340
2016-01-21,600233
2016-01-21,000803
2016-01-21,000968
2016-01-21,600714
2016-01-21,300069
2016-01-21,600603
2016-01-21,002112
2016-02-04,000856
2016-02-04,300092
2016-02-04,600099
2016-02-04,600423
2016-02-04,002193
2016-02-04,002109
2016-02-04,600719
2016-02-04,002057
2016-02-04,600746
2016-02-04,000803
2016-02-04,300260
2016-02-04,600768
2016-02-04,600681
2016-02-04,300176
2016-02-04,600137
2016-02-04,300174
2016-02-04,002205
2016-02-04,600605
2016-02-04,300046
2016-02-04,600302
2016-02-04,600985
2016-02-04,600796
2016-02-04,600367
2016-02-04,600448
2016-02-04,300218
2016-02-04,300120
2016-02-04,002715
2016-02-04,300321
2016-02-04,002627
2016-02-04,600731
2016-02-04,002352
2016-02-04,300483
2016-02-04,300241
2016-02-04,600419
2016-02-04,600241
2016-02-04,300200
2016-02-04,600152
2016-02-04,600727
2016-02-04,600778
2016-02-04,600189
2016-02-04,600356
2016-02-04,000692
2016-02-04,603088
2016-02-04,002150
2016-02-04,300084
2016-02-04,600506
2016-02-04,600853
2016-02-04,600802
2016-02-04,002105
2016-02-04,000923
2016-02-04,600148
2016-02-04,600281
2016-02-04,002136
2016-02-04,300121
2016-02-04,000617
2016-02-04,000610
2016-02-04,600603
2016-02-04,600561
2016-02-04,000593
2016-02-04,600992
2016-02-04,000713
2016-02-04,300371
2016-02-04,002061
2016-02-04,002679
2016-02-04,002034
2016-02-04,002606
2016-02-04,000993
2016-02-04,002120
2016-02-04,600097
2016-02-04,300035
2016-02-04,002088
2016-02-04,600540
2016-02-04,002365
2016-02-04,600128
2016-02-04,600980
2016-02-04,600706
2016-02-04,000702
2016-02-04,600051
2016-02-04,600505
2016-02-04,300387
2016-02-04,300239
2016-02-04,600774
2016-02-04,300501
2016-02-04,300500
2016-02-04,300062
2016-02-04,000785
2016-02-04,002735
2016-02-04,300283
2016-02-04,000721
2016-02-04,600095
2016-02-04,600080
2016-02-04,300106
2016-02-04,300405
2016-02-04,600319
2016-02-04,300340
2016-02-04,600233
2016-02-04,000968
2016-02-04,600714
2016-02-04,300069
2016-02-04,002112
2016-02-18,300106
2016-02-18,600319
2016-02-18,600099
2016-02-18,002193
2016-02-18,002109
2016-02-18,002057
2016-02-18,000856
2016-02-18,600746
2016-02-18,600423
2016-02-18,300092
2016-02-18,600719
2016-02-18,300260
2016-02-18,600681
2016-02-18,300176
2016-02-18,000803
2016-02-18,600768
2016-02-18,600137
2016-02-18,300174
2016-02-18,300046
2016-02-18,002205
2016-02-18,600605
2016-02-18,600302
2016-02-18,600448
2016-02-18,300218
2016-02-18,300120
2016-02-18,002627
2016-02-18,600731
2016-02-18,600985
2016-02-18,600367
2016-02-18,600796
2016-02-18,300200
2016-02-18,300501
2016-02-18,600419
2016-02-18,600241
2016-02-18,000692
2016-02-18,300084
2016-02-18,000785
2016-02-18,600727
2016-02-18,002352
2016-02-18,300483
2016-02-18,603088
2016-02-18,300321
2016-02-18,300062
2016-02-18,600778
2016-02-18,600506
2016-02-18,600281
2016-02-18,000923
2016-02-18,600853
2016-02-18,600356
2016-02-18,002715
2016-02-18,600802
2016-02-18,600095
2016-02-18,002735
2016-02-18,600992
2016-02-18,000610
2016-02-18,002034
2016-02-18,600152
2016-02-18,300500
2016-02-18,600561
2016-02-18,000721
2016-02-18,300121
2016-02-18,000713
2016-02-18,600540
2016-02-18,300371
2016-02-18,002105
2016-02-18,600080
2016-02-18,000617
2016-02-18,300035
2016-02-18,300387
2016-02-18,600505
2016-02-18,002150
2016-02-18,000993
2016-02-18,002606
2016-02-18,000593
2016-02-18,600051
2016-02-18,002679
2016-02-18,002365
2016-02-18,600980
2016-02-18,002061
2016-02-18,600706
2016-02-18,002088
2016-02-18,300283
2016-02-18,002136
2016-02-18,600128
2016-02-18,600189
2016-02-18,002120
2016-02-18,300239
2016-02-18,300192
2016-02-18,000798
2016-02-18,600543
2016-02-18,002598
2016-02-18,002725
2016-02-18,600810
2016-02-18,600791
2016-02-18,300405
2016-02-18,300340
2016-02-18,600233
2016-02-18,000968
2016-02-18,600714
2016-02-18,002112
2016-03-03,002193
2016-03-03,600099
2016-03-03,300092
2016-03-03,600319
2016-03-03,002057
2016-03-03,002205
2016-03-03,300260
2016-03-03,600719
2016-03-03,000803
2016-03-03,600768
2016-03-03,002715
2016-03-03,000856
2016-03-03,002627
2016-03-03,300174
2016-03-03,000785
2016-03-03,300218
2016-03-03,300062
2016-03-03,600137
2016-03-03,300035
2016-03-03,300200
2016-03-03,300176
2016-03-03,600605
2016-03-03,300483
2016-03-03,600302
2016-03-03,000923
2016-03-03,600985
2016-03-03,002352
2016-03-03,300321
2016-03-03,300046
2016-03-03,600561
2016-03-03,600152
2016-03-03,600796
2016-03-03,600423
2016-03-03,300106
2016-03-03,600992
2016-03-03,600367
2016-03-03,300387
2016-03-03,002034
2016-03-03,300371
2016-03-03,002120
2016-03-03,002105
2016-03-03,000610
2016-03-03,600778
2016-03-03,000692
2016-03-03,600356
2016-03-03,300120
2016-03-03,600506
2016-03-03,000593
2016-03-03,600448
2016-03-03,300084
2016-03-03,002150
2016-03-03,300283
2016-03-03,002735
2016-03-03,300121
2016-03-03,600281
2016-03-03,002725
2016-03-03,603088
2016-03-03,600727
2016-03-03,002136
2016-03-03,600681
2016-03-03,002365
2016-03-03,600746
2016-03-03,600853
2016-03-03,600505
2016-03-03,600980
2016-03-03,000713
2016-03-03,300239
2016-03-03,002598
2016-03-03,600189
2016-03-03,600051
2016-03-03,600706
2016-03-03,600128
2016-03-03,300502
2016-03-03,300069
2016-03-03,600455
2016-03-03,300417
2016-03-03,300275
2016-03-03,002040
2016-03-03,300022
2016-03-03,002134
2016-03-03,300241
2016-03-03,300492
2016-03-03,300461
2016-03-03,300243
2016-03-03,300478
2016-03-03,300421
2016-03-03,002743
2016-03-03,002637
2016-03-03,300308
2016-03-03,300281
2016-03-03,300423
2016-03-03,002159
2016-03-03,600080
2016-03-03,002606
2016-03-03,300405
2016-03-03,300340
2016-03-03,600233
2016-03-03,000968
2016-03-03,600714
2016-03-03,002112
2016-03-17,600099
2016-03-17,002057
2016-03-17,002193
2016-03-17,600319
2016-03-17,002205
2016-03-17,300092
2016-03-17,600455
2016-03-17,002627
2016-03-17,600719
2016-03-17,300321
2016-03-17,300174
2016-03-17,300260
2016-03-17,600746
2016-03-17,300069
2016-03-17,000803
2016-03-17,300035
2016-03-17,600768
2016-03-17,300062
2016-03-17,300200
2016-03-17,300483
2016-03-17,300176
2016-03-17,600985
2016-03-17,600367
2016-03-17,000923
2016-03-17,000856
2016-03-17,002136
2016-03-17,600992
2016-03-17,600302
2016-03-17,300218
2016-03-17,002715
2016-03-17,300387
2016-03-17,300417
2016-03-17,600561
2016-03-17,600137
2016-03-17,600448
2016-03-17,600778
2016-03-17,000713
2016-03-17,300492
2016-03-17,300106
2016-03-17,000692
2016-03-17,600796
2016-03-17,300243
2016-03-17,300022
2016-03-17,600853
2016-03-17,600605
2016-03-17,600152
2016-03-17,002352
2016-03-17,300371
2016-03-17,000610
2016-03-17,002040
2016-03-17,000593
2016-03-17,603088
2016-03-17,600727
2016-03-17,002034
2016-03-17,600506
2016-03-17,600980
2016-03-17,300423
2016-03-17,600281
2016-03-17,600356
2016-03-17,600714
2016-03-17,300461
2016-03-17,000785
2016-03-17,300478
2016-03-17,002134
2016-03-17,300275
2016-03-17,600505
2016-03-17,002598
2016-03-17,300241
2016-03-17,600706
2016-03-17,600128
2016-03-17,300120
2016-03-17,600051
2016-03-17,002159
2016-03-17,300084
2016-03-17,002150
2016-03-17,002120
2016-03-17,002637
2016-03-17,300121
2016-03-17,002725
2016-03-17,600080
2016-03-17,600731
2016-03-17,600148
2016-03-17,600802
2016-03-17,600167
2016-03-17,002319
2016-03-17,300227
2016-03-17,300489
2016-03-17,300320
2016-03-17,600791
2016-03-17,600095
2016-03-17,000798
2016-03-17,300046
2016-03-17,300283
2016-03-17,002735
2016-03-17,300308
2016-03-17,300405
2016-03-17,300340
2016-03-17,600233
2016-03-17,000968
2016-03-17,002112
2016-03-31,600099
2016-03-31,002193
2016-03-31,002205
2016-03-31,000856
2016-03-31,600455
2016-03-31,300092
2016-03-31,002715
2016-03-31,002627
2016-03-31,300176
2016-03-31,300260
2016-03-31,600746
2016-03-31,300106
2016-03-31,600719
2016-03-31,300218
2016-03-31,000923
2016-03-31,300483
2016-03-31,000785
2016-03-31,000610
2016-03-31,300200
2016-03-31,300243
2016-03-31,000803
2016-03-31,300022
2016-03-31,600778
2016-03-31,300321
2016-03-31,300174
2016-03-31,600561
2016-03-31,600302
2016-03-31,300062
2016-03-31,600367
2016-03-31,300371
2016-03-31,000692
2016-03-31,600853
2016-03-31,600980
2016-03-31,002034
2016-03-31,300035
2016-03-31,600796
2016-03-31,600281
2016-03-31,300492
2016-03-31,300387
2016-03-31,600448
2016-03-31,002136
2016-03-31,603088
2016-03-31,000713
2016-03-31,000593
2016-03-31,600148
2016-03-31,002159
2016-03-31,600802
2016-03-31,300069
2016-03-31,600605
2016-03-31,600992
2016-03-31,600356
2016-03-31,600791
2016-03-31,600505
2016-03-31,002725
2016-03-31,600051
2016-03-31,300227
2016-03-31,600152
2016-03-31,002040
2016-03-31,002352
2016-03-31,300120
2016-03-31,600128
2016-03-31,600706
2016-03-31,300275
2016-03-31,300461
2016-03-31,600167
2016-03-31,600714
2016-03-31,002735
2016-03-31,002319
2016-03-31,300084
2016-03-31,600506
2016-03-31,002150
2016-03-31,002598
2016-03-31,600137
2016-03-31,300417
2016-03-31,600080
2016-03-31,000798
2016-03-31,002134
2016-03-31,603028
2016-03-31,002679
2016-03-31,600540
2016-03-31,300132
2016-03-31,002350
2016-03-31,300095
2016-03-31,300164
2016-03-31,000993
2016-03-31,002057
2016-03-31,600319
2016-03-31,600768
2016-03-31,600985
2016-03-31,600727
2016-03-31,300423
2016-03-31,600731
2016-03-31,300046
2016-03-31,300283
2016-03-31,300308
2016-03-31,300405
2016-03-31,300340
2016-03-31,600233
2016-03-31,000968
2016-03-31,002112
2016-04-14,600099
2016-04-14,600455
2016-04-14,300092
2016-04-14,002193
2016-04-14,600731
2016-04-14,002627
2016-04-14,002205
2016-04-14,300260
2016-04-14,300106
2016-04-14,300174
2016-04-14,000785
2016-04-14,300218
2016-04-14,300035
2016-04-14,300243
2016-04-14,000692
2016-04-14,300483
2016-04-14,600561
2016-04-14,600719
2016-04-14,600448
2016-04-14,300200
2016-04-14,600778
2016-04-14,600746
2016-04-14,603028
2016-04-14,002715
2016-04-14,300022
2016-04-14,600727
2016-04-14,300120
2016-04-14,002679
2016-04-14,600367
2016-04-14,300132
2016-04-14,300387
2016-04-14,300321
2016-04-14,000803
2016-04-14,600853
2016-04-14,300164
2016-04-14,600505
2016-04-14,600128
2016-04-14,300062
2016-04-14,600980
2016-04-14,000713
2016-04-14,300069
2016-04-14,600051
2016-04-14,600167
2016-04-14,002136
2016-04-14,000593
2016-04-14,600356
2016-04-14,300371
2016-04-14,600992
2016-04-14,600148
2016-04-14,300417
2016-04-14,300275
2016-04-14,300227
2016-04-14,002150
2016-04-14,600302
2016-04-14,600506
2016-04-14,002034
2016-04-14,600137
2016-04-14,002159
2016-04-14,300176
2016-04-14,600802
2016-04-14,300095
2016-04-14,600706
2016-04-14,600605
2016-04-14,603088
2016-04-14,002319
2016-04-14,002350
2016-04-14,600796
2016-04-14,300492
2016-04-14,300084
2016-04-14,600281
2016-04-14,600540
2016-04-14,600152
2016-04-14,002598
2016-04-14,600791
2016-04-14,002040
2016-04-14,600080
2016-04-14,300214
2016-04-14,600241
2016-04-14,000890
2016-04-14,600520
2016-04-14,000856
2016-04-14,000923
2016-04-14,000610
2016-04-14,002725
2016-04-14,002352
2016-04-14,300461
2016-04-14,002735
2016-04-14,000993
2016-04-14,002057
2016-04-14,600319
2016-04-14,600768
2016-04-14,600985
2016-04-14,300423
2016-04-14,300046
2016-04-14,300283
2016-04-14,300308
2016-04-14,300405
2016-04-14,300340
2016-04-14,000968
2016-04-14,002112
2016-04-28,600099
2016-04-28,300092
2016-04-28,002057
2016-04-28,002193
2016-04-28,300260
2016-04-28,300174
2016-04-28,002205
2016-04-28,300106
2016-04-28,002627
2016-04-28,300218
2016-04-28,300120
2016-04-28,300483
2016-04-28,600985
2016-04-28,600455
2016-04-28,300321
2016-04-28,300062
2016-04-28,600719
2016-04-28,000692
2016-04-28,600561
2016-04-28,600448
2016-04-28,300200
2016-04-28,300417
2016-04-28,600731
2016-04-28,300371
2016-04-28,300022
2016-04-28,300387
2016-04-28,600148
2016-04-28,300492
2016-04-28,002679
2016-04-28,300461
2016-04-28,000713
2016-04-28,000785
2016-04-28,002319
2016-04-28,600853
2016-04-28,300132
2016-04-28,300214
2016-04-28,600051
2016-04-28,002040
2016-04-28,300243
2016-04-28,000593
2016-04-28,300095
2016-04-28,002034
2016-04-28,600727
2016-04-28,600302
2016-04-28,002715
2016-04-28,002159
2016-04-28,603088
2016-04-28,002150
2016-04-28,600367
2016-04-28,300035
2016-04-28,300227
2016-04-28,600505
2016-04-28,600980
2016-04-28,600128
2016-04-28,600992
2016-04-28,600152
2016-04-28,600241
2016-04-28,300069
2016-04-28,600746
2016-04-28,600167
2016-04-28,600605
2016-04-28,300283
2016-04-28,002725
2016-04-28,002136
2016-04-28,600791
2016-04-28,600281
2016-04-28,600778
2016-04-28,600137
2016-04-28,000803
2016-04-28,600356
2016-04-28,600796
2016-04-28,002795
2016-04-28,600444
2016-04-28,300320
2016-04-28,300400
2016-04-28,300489
2016-04-28,300421
2016-04-28,000153
2016-04-28,300354
2016-04-28,600513
2016-04-28,600097
2016-04-28,600774
2016-04-28,600423
2016-04-28,002365
2016-04-28,300281
2016-04-28,300164
2016-04-28,300176
2016-04-28,000923
2016-04-28,000610
2016-04-28,002352
2016-04-28,002735
2016-04-28,000993
2016-04-28,600768
2016-04-28,300423
2016-04-28,300046
2016-04-28,300308
2016-04-28,300405
2016-04-28,300340
2016-04-28,000968
2016-04-28,002112
2016-05-12,600099
2016-05-12,002057
2016-05-12,300092
2016-05-12,002193
2016-05-12,002205
2016-05-12,600444
2016-05-12,000803
2016-05-12,600731
2016-05-12,600985
2016-05-12,300120
2016-05-12,300174
2016-05-12,000785
2016-05-12,300106
2016-05-12,600137
2016-05-12,600746
2016-05-12,600605
2016-05-12,300022
2016-05-12,600302
2016-05-12,002715
2016-05-12,600448
2016-05-12,600719
2016-05-12,600152
2016-05-12,300035
2016-05-12,600367
2016-05-12,600992
2016-05-12,300321
2016-05-12,600148
2016-05-12,600561
2016-05-12,002627
2016-05-12,600853
2016-05-12,000692
2016-05-12,002679
2016-05-12,600241
2016-05-12,603088
2016-05-12,300200
2016-05-12,600774
2016-05-12,002040
2016-05-12,002150
2016-05-12,300132
2016-05-12,002136
2016-05-12,000153
2016-05-12,600791
2016-05-12,600727
2016-05-12,300417
2016-05-12,000713
2016-05-12,600051
2016-05-12,600796
2016-05-12,600128
2016-05-12,002365
2016-05-12,300260
2016-05-12,300214
2016-05-12,300492
2016-05-12,300387
2016-05-12,300227
2016-05-12,300461
2016-05-12,002159
2016-05-12,300218
2016-05-12,002725
2016-05-12,300354
2016-05-12,300164
2016-05-12,600513
2016-05-12,300400
2016-05-12,000993
2016-05-12,300281
2016-05-12,300371
2016-05-12,300489
2016-05-12,600356
2016-05-12,600505
2016-05-12,300243
2016-05-12,600980
2016-05-12,300320
2016-05-12,300483
2016-05-12,600281
2016-05-12,300421
2016-05-12,300095
2016-05-12,600802
2016-05-12,600706
2016-05-12,300275
2016-05-12,600250
2016-05-12,300121
2016-05-12,600080
2016-05-12,002350
2016-05-12,002598
2016-05-12,002105
2016-05-12,600455
2016-05-12,300062
2016-05-12,002319
2016-05-12,600097
2016-05-12,300176
2016-05-12,000923
2016-05-12,000610
2016-05-12,002352
2016-05-12,002735
2016-05-12,600768
2016-05-12,300423
2016-05-12,300046
2016-05-12,300308
2016-05-12,300405
2016-05-12,000968
2016-05-12,002112
2016-05-26,600099
2016-05-26,002193
2016-05-26,300092
2016-05-26,002205
2016-05-26,300120
2016-05-26,002627
2016-05-26,600444
2016-05-26,600985
2016-05-26,000785
2016-05-26,300106
2016-05-26,600448
2016-05-26,600746
2016-05-26,300022
2016-05-26,600719
2016-05-26,600605
2016-05-26,600731
2016-05-26,600302
2016-05-26,600561
2016-05-26,600152
2016-05-26,600853
2016-05-26,600137
2016-05-26,600148
2016-05-26,000692
2016-05-26,300200
2016-05-26,000803
2016-05-26,300214
2016-05-26,600051
2016-05-26,600992
2016-05-26,600281
2016-05-26,000153
2016-05-26,600774
2016-05-26,002136
2016-05-26,600796
2016-05-26,600513
2016-05-26,600706
2016-05-26,000713
2016-05-26,600802
2016-05-26,600128
2016-05-26,300354
2016-05-26,002365
2016-05-26,300321
2016-05-26,300164
2016-05-26,002679
2016-05-26,600727
2016-05-26,600241
2016-05-26,600356
2016-05-26,300405
2016-05-26,002040
2016-05-26,300275
2016-05-26,002319
2016-05-26,600097
2016-05-26,300387
2016-05-26,603088
2016-05-26,002159
2016-05-26,000993
2016-05-26,300243
2016-05-26,002150
2016-05-26,300371
2016-05-26,300260
2016-05-26,002057
2016-05-26,600505
2016-05-26,300174
2016-05-26,002715
2016-05-26,300421
2016-05-26,600080
2016-05-26,300132
2016-05-26,300281
2016-05-26,600791
2016-05-26,600250
2016-05-26,300121
2016-05-26,002105
2016-05-26,300417
2016-05-26,002725
2016-05-26,300218
2016-05-26,300492
2016-05-26,300227
2016-05-26,300400
2016-05-26,300320
2016-05-26,002696
2016-05-26,600714
2016-05-26,300192
2016-05-26,600778
2016-05-26,002201
2016-05-26,600689
2016-05-26,600810
2016-05-26,300035
2016-05-26,300461
2016-05-26,600455
2016-05-26,300062
2016-05-26,300176
2016-05-26,000923
2016-05-26,000610
2016-05-26,002352
2016-05-26,002735
2016-05-26,600768
2016-05-26,300423
2016-05-26,300046
2016-05-26,300308
2016-05-26,000968
2016-05-26,002112
2016-06-13,600099
2016-06-13,002193
2016-06-13,002205
2016-06-13,002627
2016-06-13,000785
2016-06-13,300120
2016-06-13,600985
2016-06-13,600605
2016-06-13,600448
2016-06-13,600444
2016-06-13,300106
2016-06-13,600561
2016-06-13,600853
2016-06-13,600148
2016-06-13,300405
2016-06-13,600302
2016-06-13,600137
2016-06-13,002040
2016-06-13,300192
2016-06-13,300022
2016-06-13,002715
2016-06-13,300321
2016-06-13,000692
2016-06-13,600152
2016-06-13,600746
2016-06-13,300062
2016-06-13,300260
2016-06-13,000803
2016-06-13,600714
2016-06-13,600731
2016-06-13,002696
2016-06-13,300243
2016-06-13,600128
2016-06-13,600778
2016-06-13,300214
2016-06-13,000713
2016-06-13,300200
2016-06-13,600992
2016-06-13,000153
2016-06-13,600719
2016-06-13,600802
2016-06-13,600513
2016-06-13,600281
2016-06-13,600791
2016-06-13,300132
2016-06-13,600051
2016-06-13,002201
2016-06-13,300387
2016-06-13,300417
2016-06-13,600356
2016-06-13,600689
2016-06-13,002365
2016-06-13,600097
2016-06-13,002679
2016-06-13,600505
2016-06-13,603088
2016-06-13,300164
2016-06-13,300354
2016-06-13,300092
2016-06-13,300421
2016-06-13,600810
2016-06-13,600080
2016-06-13,300371
2016-06-13,600727
2016-06-13,300320
2016-06-13,300174
2016-06-13,300281
2016-06-13,300121
2016-06-13,300218
2016-06-13,300227
2016-06-13,600250
2016-06-13,002725
2016-06-13,002159
2016-06-13,000993
2016-06-13,002105
2016-06-13,600706
2016-06-13,300275
2016-06-13,002136
2016-06-13,002743
2016-06-13,600889
2016-06-13,002576
2016-06-13,600796
2016-06-13,600241
2016-06-13,002319
2016-06-13,002150
2016-06-13,002057
2016-06-13,300035
2016-06-13,300461
2016-06-13,600455
2016-06-13,300176
2016-06-13,000923
2016-06-13,000610
2016-06-13,002352
2016-06-13,002735
2016-06-13,600768
2016-06-13,300423
2016-06-13,300046
2016-06-13,300308
2016-06-13,000968
2016-06-13,002112
2016-06-23,600099
2016-06-23,002193
2016-06-23,002205
2016-06-23,000785
2016-06-23,002627
2016-06-23,600448
2016-06-23,600853
2016-06-23,600605
2016-06-23,600137
2016-06-23,600985
2016-06-23,600302
2016-06-23,600561
2016-06-23,002679
2016-06-23,000692
2016-06-23,300321
2016-06-23,300120
2016-06-23,600444
2016-06-23,600746
2016-06-23,300405
2016-06-23,300192
2016-06-23,600148
2016-06-23,300022
2016-06-23,600778
2016-06-23,300106
2016-06-23,300132
2016-06-23,600250
2016-06-23,600689
2016-06-23,600719
2016-06-23,000713
2016-06-23,600802
2016-06-23,600992
2016-06-23,300214
2016-06-23,002696
2016-06-23,600128
2016-06-23,600097
2016-06-23,300243
2016-06-23,600356
2016-06-23,300164
2016-06-23,600051
2016-06-23,600791
2016-06-23,600513
2016-06-23,600281
2016-06-23,600727
2016-06-23,600706
2016-06-23,600889
2016-06-23,600152
2016-06-23,600505
2016-06-23,002040
2016-06-23,002715
2016-06-23,300260
2016-06-23,000153
2016-06-23,300218
2016-06-23,600810
2016-06-23,300417
2016-06-23,002743
2016-06-23,002365
2016-06-23,300320
2016-06-23,000993
2016-06-23,300174
2016-06-23,300354
2016-06-23,300200
2016-06-23,600731
2016-06-23,603088
2016-06-23,300421
2016-06-23,002136
2016-06-23,300387
2016-06-23,002159
2016-06-23,600080
2016-06-23,600423
2016-06-23,002633
2016-06-23,600769
2016-06-23,600774
2016-06-23,600573
2016-06-23,002760
2016-06-23,600506
2016-06-23,600857
2016-06-23,300087
2016-06-23,600883
2016-06-23,000637
2016-06-23,600095
2016-06-23,000678
2016-06-23,600615
2016-06-23,000803
2016-06-23,300227
2016-06-23,002576
2016-06-23,600796
2016-06-23,002319
2016-06-23,002057
2016-06-23,300035
2016-06-23,300461
2016-06-23,600455
2016-06-23,300176
2016-06-23,000923
2016-06-23,000610
2016-06-23,002735
2016-06-23,600768
2016-06-23,300423
2016-06-23,300046
2016-06-23,300308
2016-06-23,000968
2016-07-07,600099
2016-07-07,002193
2016-07-07,600423
2016-07-07,600853
2016-07-07,002205
2016-07-07,600448
2016-07-07,600137
2016-07-07,000785
2016-07-07,600985
2016-07-07,002627
2016-07-07,600561
2016-07-07,600605
2016-07-07,300120
2016-07-07,000692
2016-07-07,600444
2016-07-07,600719
2016-07-07,600302
2016-07-07,300321
2016-07-07,300106
2016-07-07,600778
2016-07-07,300022
2016-07-07,600746
2016-07-07,300214
2016-07-07,300132
2016-07-07,600689
2016-07-07,002679
2016-07-07,002715
2016-07-07,600727
2016-07-07,600802
2016-07-07,600992
2016-07-07,600774
2016-07-07,000713
2016-07-07,600791
2016-07-07,600706
2016-07-07,600250
2016-07-07,600152
2016-07-07,300192
2016-07-07,600148
2016-07-07,600857
2016-07-07,600097
2016-07-07,300174
2016-07-07,300164
2016-07-07,600731
2016-07-07,600356
2016-07-07,300243
2016-07-07,300405
2016-07-07,000153
2016-07-07,600505
2016-07-07,600281
2016-07-07,600513
2016-07-07,002696
2016-07-07,300200
2016-07-07,600506
2016-07-07,002633
2016-07-07,600810
2016-07-07,002760
2016-07-07,000993
2016-07-07,300260
2016-07-07,300218
2016-07-07,600095
2016-07-07,600051
2016-07-07,600769
2016-07-07,600573
2016-07-07,600128
2016-07-07,000678
2016-07-07,002040
2016-07-07,000637
2016-07-07,600080
2016-07-07,600615
2016-07-07,300087
2016-07-07,300417
2016-07-07,300387
2016-07-07,002159
2016-07-07,600883
2016-07-07,300320
2016-07-07,300421
2016-07-07,002805
2016-07-07,000702
2016-07-07,002105
2016-07-07,300107
2016-07-07,000721
2016-07-07,000605
2016-07-07,000803
2016-07-07,300227
2016-07-07,002576
2016-07-07,600796
2016-07-07,002319
2016-07-07,002057
2016-07-07,300035
2016-07-07,300461
2016-07-07,600455
2016-07-07,300176
2016-07-07,000923
2016-07-07,000610
2016-07-07,002735
2016-07-07,600768
2016-07-07,300423
2016-07-07,300046
2016-07-07,300308
2016-07-07,000968
2016-07-21,002805
2016-07-21,600099
2016-07-21,600423
2016-07-21,002193
2016-07-21,600448
2016-07-21,600444
2016-07-21,600853
2016-07-21,002205
2016-07-21,002627
2016-07-21,002715
2016-07-21,600561
2016-07-21,600985
2016-07-21,600137
2016-07-21,600778
2016-07-21,600605
2016-07-21,600302
2016-07-21,000692
2016-07-21,600719
2016-07-21,300120
2016-07-21,300106
2016-07-21,300321
2016-07-21,300405
2016-07-21,300214
2016-07-21,600152
2016-07-21,600802
2016-07-21,300022
2016-07-21,600992
2016-07-21,000713
2016-07-21,600727
2016-07-21,002679
2016-07-21,300192
2016-07-21,300243
2016-07-21,600148
2016-07-21,600791
2016-07-21,600746
2016-07-21,600857
2016-07-21,300132
2016-07-21,600505
2016-07-21,600774
2016-07-21,300164
2016-07-21,600097
2016-07-21,600706
2016-07-21,600281
2016-07-21,600356
2016-07-21,000153
2016-07-21,600051
2016-07-21,600689
2016-07-21,600731
2016-07-21,300260
2016-07-21,600506
2016-07-21,600128
2016-07-21,000993
2016-07-21,300200
2016-07-21,600810
2016-07-21,600573
2016-07-21,000785
2016-07-21,600095
2016-07-21,600513
2016-07-21,000702
2016-07-21,000637
2016-07-21,600250
2016-07-21,002696
2016-07-21,300417
2016-07-21,300107
2016-07-21,600615
2016-07-21,600080
2016-07-21,300087
2016-07-21,002040
2016-07-21,300320
2016-07-21,300174
2016-07-21,600883
2016-07-21,300421
2016-07-21,300387
2016-07-21,000678
2016-07-21,000721
2016-07-21,002159
2016-07-21,600738
2016-07-21,300483
2016-07-21,300275
2016-07-21,300092
2016-07-21,000953
2016-07-21,300126
2016-07-21,002760
2016-07-21,000803
2016-07-21,300227
2016-07-21,002576
2016-07-21,600796
2016-07-21,002319
2016-07-21,002057
2016-07-21,300035
2016-07-21,300461
2016-07-21,600455
2016-07-21,300176
2016-07-21,000923
2016-07-21,000610
2016-07-21,002735
2016-07-21,600768
2016-07-21,300423
2016-07-21,300046
2016-07-21,300308
2016-08-04,600099
2016-08-04,600423
2016-08-04,002715
2016-08-04,002205
2016-08-04,600444
2016-08-04,300321
2016-08-04,300106
2016-08-04,600853
2016-08-04,002627
2016-08-04,600448
2016-08-04,600137
2016-08-04,600985
2016-08-04,600605
2016-08-04,002193
2016-08-04,300022
2016-08-04,600719
2016-08-04,600302
2016-08-04,300192
2016-08-04,000692
2016-08-04,600152
2016-08-04,600561
2016-08-04,000610
2016-08-04,300126
2016-08-04,600778
2016-08-04,300483
2016-08-04,300132
2016-08-04,300243
2016-08-04,600746
2016-08-04,300214
2016-08-04,600727
2016-08-04,600738
2016-08-04,300260
2016-08-04,600992
2016-08-04,600802
2016-08-04,600148
2016-08-04,000713
2016-08-04,300164
2016-08-04,600774
2016-08-04,600281
2016-08-04,600857
2016-08-04,002679
2016-08-04,300092
2016-08-04,300275
2016-08-04,600731
2016-08-04,600051
2016-08-04,600706
2016-08-04,000953
2016-08-04,600689
2016-08-04,000702
2016-08-04,600356
2016-08-04,600573
2016-08-04,000153
2016-08-04,600791
2016-08-04,600128
2016-08-04,600513
2016-08-04,600505
2016-08-04,300200
2016-08-04,600095
2016-08-04,300417
2016-08-04,600506
2016-08-04,000993
2016-08-04,002040
2016-08-04,002696
2016-08-04,000637
2016-08-04,600080
2016-08-04,300107
2016-08-04,600883
2016-08-04,600810
2016-08-04,002159
2016-08-04,300387
2016-08-04,300087
2016-08-04,300421
2016-08-04,000798
2016-08-04,300169
2016-08-04,002136
2016-08-04,300489
2016-08-04,002272
2016-08-04,600560
2016-08-04,600371
2016-08-04,300478
2016-08-04,300120
2016-08-04,300405
2016-08-04,600250
2016-08-04,002760
2016-08-04,000803
2016-08-04,300227
2016-08-04,002576
2016-08-04,600796
2016-08-04,002319
2016-08-04,002057
2016-08-04,300035
2016-08-04,300461
2016-08-04,600455
2016-08-04,300176
2016-08-04,000923
2016-08-04,002735
2016-08-04,600768
2016-08-04,300423
2016-08-04,300046
2016-08-04,300308
2016-08-18,600099
2016-08-18,002715
2016-08-18,600423
2016-08-18,002205
2016-08-18,600444
2016-08-18,600448
2016-08-18,300321
2016-08-18,600985
2016-08-18,600719
2016-08-18,300022
2016-08-18,600853
2016-08-18,600152
2016-08-18,600605
2016-08-18,600561
2016-08-18,300192
2016-08-18,000692
2016-08-18,600727
2016-08-18,600778
2016-08-18,300483
2016-08-18,300243
2016-08-18,300405
2016-08-18,300214
2016-08-18,600148
2016-08-18,300132
2016-08-18,600857
2016-08-18,300126
2016-08-18,300260
2016-08-18,600992
2016-08-18,600746
2016-08-18,300275
2016-08-18,600302
2016-08-18,300106
2016-08-18,600731
2016-08-18,600689
2016-08-18,600051
2016-08-18,300092
2016-08-18,000702
2016-08-18,600774
2016-08-18,600281
2016-08-18,600738
2016-08-18,600802
2016-08-18,600573
2016-08-18,600706
2016-08-18,000798
2016-08-18,000153
2016-08-18,300169
2016-08-18,000953
2016-08-18,600356
2016-08-18,600513
2016-08-18,600137
2016-08-18,600505
2016-08-18,002136
2016-08-18,300164
2016-08-18,600095
2016-08-18,002760
2016-08-18,002679
2016-08-18,600506
2016-08-18,600791
2016-08-18,002696
2016-08-18,300200
2016-08-18,000993
2016-08-18,300417
2016-08-18,300489
2016-08-18,600560
2016-08-18,002272
2016-08-18,000713
2016-08-18,000637
2016-08-18,300421
2016-08-18,600371
2016-08-18,600250
2016-08-18,600883
2016-08-18,300087
2016-08-18,300107
2016-08-18,300478
2016-08-18,600810
2016-08-18,600128
2016-08-18,002040
2016-08-18,600080
2016-08-18,002159
2016-08-18,300532
2016-08-18,603986
2016-08-18,002134
2016-08-18,002627
2016-08-18,300120
2016-08-18,000803
2016-08-18,300227
2016-08-18,002576
2016-08-18,600796
2016-08-18,002319
2016-08-18,002057
2016-08-18,300035
2016-08-18,300461
2016-08-18,600455
2016-08-18,300176
2016-08-18,000923
2016-08-18,002735
2016-08-18,600768
2016-08-18,300423
2016-08-18,300046
2016-08-18,300308
2016-09-01,600099
2016-09-01,002205
2016-09-01,600444
2016-09-01,600448
2016-09-01,002627
2016-09-01,600719
2016-09-01,600423
2016-09-01,300321
2016-09-01,600605
2016-09-01,002715
2016-09-01,600561
2016-09-01,300192
2016-09-01,300022
2016-09-01,300405
2016-09-01,600778
2016-09-01,300243
2016-09-01,300483
2016-09-01,600985
2016-09-01,600727
2016-09-01,000692
2016-09-01,300126
2016-09-01,600137
2016-09-01,300260
2016-09-01,600857
2016-09-01,300214
2016-09-01,600731
2016-09-01,600302
2016-09-01,600148
2016-09-01,600992
2016-09-01,300275
2016-09-01,300092
2016-09-01,002134
2016-09-01,600051
2016-09-01,600746
2016-09-01,000713
2016-09-01,600802
2016-09-01,300106
2016-09-01,600689
2016-09-01,300132
2016-09-01,600774
2016-09-01,600505
2016-09-01,600356
2016-09-01,300169
2016-09-01,600706
2016-09-01,002136
2016-09-01,600853
2016-09-01,600791
2016-09-01,600573
2016-09-01,000798
2016-09-01,600738
2016-09-01,600152
2016-09-01,300164
2016-09-01,000953
2016-09-01,600513
2016-09-01,300200
2016-09-01,002040
2016-09-01,000702
2016-09-01,300417
2016-09-01,000993
2016-09-01,300421
2016-09-01,600128
2016-09-01,600560
2016-09-01,600371
2016-09-01,600250
2016-09-01,300489
2016-09-01,600883
2016-09-01,002679
2016-09-01,000153
2016-09-01,000637
2016-09-01,300107
2016-09-01,600506
2016-09-01,600080
2016-09-01,002272
2016-09-01,600810
2016-09-01,000610
2016-09-01,000755
2016-09-01,002633
2016-09-01,000159
2016-09-01,000785
2016-09-01,000695
2016-09-01,300235
2016-09-01,600281
2016-09-01,002696
2016-09-01,300120
2016-09-01,000803
2016-09-01,300227
2016-09-01,002576
2016-09-01,600796
2016-09-01,002319
2016-09-01,002057
2016-09-01,300035
2016-09-01,300461
2016-09-01,600455
2016-09-01,300176
2016-09-01,000923
2016-09-01,002735
2016-09-01,600768
2016-09-01,300423
2016-09-01,300046
2016-09-01,300308
2016-09-19,600099
2016-09-19,002715
2016-09-19,600444
2016-09-19,002057
2016-09-19,600719
2016-09-19,300483
2016-09-19,600605
2016-09-19,600423
2016-09-19,300192
2016-09-19,600448
2016-09-19,300321
2016-09-19,600455
2016-09-19,002627
2016-09-19,300405
2016-09-19,600985
2016-09-19,300126
2016-09-19,600727
2016-09-19,300243
2016-09-19,300260
2016-09-19,600778
2016-09-19,300022
2016-09-19,600561
2016-09-19,000692
2016-09-19,300275
2016-09-19,000713
2016-09-19,300214
2016-09-19,600992
2016-09-19,002134
2016-09-19,600731
2016-09-19,600148
2016-09-19,600302
2016-09-19,002136
2016-09-19,600857
2016-09-19,600774
2016-09-19,600573
2016-09-19,000798
2016-09-19,000785
2016-09-19,600051
2016-09-19,002040
2016-09-19,002205
2016-09-19,300200
2016-09-19,300169
2016-09-19,300164
2016-09-19,300417
2016-09-19,600738
2016-09-19,000610
2016-09-19,600137
2016-09-19,600356
2016-09-19,600513
2016-09-19,300092
2016-09-19,002679
2016-09-19,600802
2016-09-19,600505
2016-09-19,600689
2016-09-19,600706
2016-09-19,600371
2016-09-19,002696
2016-09-19,000153
2016-09-19,000993
2016-09-19,300489
2016-09-19,000702
2016-09-19,000695
2016-09-19,600560
2016-09-19,002272
2016-09-19,000159
2016-09-19,600250
2016-09-19,600791
2016-09-19,300235
2016-09-19,600080
2016-09-19,300106
2016-09-19,600152
2016-09-19,600810
2016-09-19,600128
2016-09-19,300421
2016-09-19,600540
2016-09-19,300402
2016-09-19,002682
2016-09-19,000779
2016-09-19,600359
2016-09-19,002159
2016-09-19,600097
2016-09-19,002105
2016-09-19,600615
2016-09-19,600889
2016-09-19,002598
2016-09-19,002633
2016-09-19,600281
2016-09-19,300120
2016-09-19,000803
2016-09-19,300227
2016-09-19,002576
2016-09-19,600796
2016-09-19,300461
2016-09-19,300176
2016-09-19,000923
2016-09-19,002735
2016-09-19,600768
2016-09-19,300423
2016-09-19,300046
2016-09-19,300308
2016-09-29,002715
2016-09-29,002057
2016-09-29,600099
2016-09-29,300126
2016-09-29,600444
2016-09-29,600719
2016-09-29,002627
2016-09-29,600448
2016-09-29,300192
2016-09-29,600605
2016-09-29,300321
2016-09-29,600985
2016-09-29,002136
2016-09-29,300483
2016-09-29,300275
2016-09-29,000692
2016-09-29,600148
2016-09-29,600778
2016-09-29,600731
2016-09-29,300260
2016-09-29,002134
2016-09-29,300022
2016-09-29,600774
2016-09-29,600561
2016-09-29,600727
2016-09-29,600857
2016-09-29,000713
2016-09-29,600302
2016-09-29,000798
2016-09-29,300092
2016-09-29,600738
2016-09-29,600152
2016-09-29,300046
2016-09-29,300489
2016-09-29,002205
2016-09-29,600802
2016-09-29,300169
2016-09-29,600051
2016-09-29,600706
2016-09-29,600423
2016-09-29,600992
2016-09-29,000785
2016-09-29,600356
2016-09-29,300200
2016-09-29,600540
2016-09-29,300214
2016-09-29,600513
2016-09-29,600455
2016-09-29,300417
2016-09-29,600573
2016-09-29,300164
2016-09-29,600137
2016-09-29,002040
2016-09-29,600359
2016-09-29,002696
2016-09-29,000153
2016-09-29,600505
2016-09-29,600560
2016-09-29,600889
2016-09-29,000993
2016-09-29,000702
2016-09-29,600689
2016-09-29,002679
2016-09-29,600250
2016-09-29,300106
2016-09-29,600128
2016-09-29,600097
2016-09-29,300235
2016-09-29,600080
2016-09-29,600371
2016-09-29,600791
2016-09-29,300405
2016-09-29,600615
2016-09-29,000610
2016-09-29,000779
2016-09-29,000695
2016-09-29,300402
2016-09-29,002633
2016-09-29,002598
2016-09-29,002272
2016-09-29,002682
2016-09-29,600853
2016-09-29,300354
2016-09-29,300371
2016-09-29,002015
2016-09-29,300243
2016-09-29,300421
2016-09-29,600281
2016-09-29,300120
2016-09-29,000803
2016-09-29,300227
2016-09-29,002576
2016-09-29,600796
2016-09-29,300461
2016-09-29,300176
2016-09-29,000923
2016-09-29,002735
2016-09-29,600768
2016-09-29,300423
2016-09-29,300308
2016-10-13,600099
2016-10-13,300126
2016-10-13,600444
2016-10-13,002715
2016-10-13,600719
2016-10-13,002057
2016-10-13,002627
2016-10-13,300192
2016-10-13,600605
2016-10-13,600778
2016-10-13,000692
2016-10-13,600448
2016-10-13,600727
2016-10-13,600148
2016-10-13,300483
2016-10-13,300321
2016-10-13,600561
2016-10-13,300260
2016-10-13,600857
2016-10-13,002136
2016-10-13,000713
2016-10-13,600985
2016-10-13,600774
2016-10-13,300275
2016-10-13,600731
2016-10-13,300214
2016-10-13,600051
2016-10-13,300092
2016-10-13,300046
2016-10-13,600738
2016-10-13,300022
2016-10-13,300106
2016-10-13,600706
2016-10-13,600423
2016-10-13,600356
2016-10-13,300489
2016-10-13,600992
2016-10-13,600802
2016-10-13,600152
2016-10-13,000798
2016-10-13,300169
2016-10-13,600302
2016-10-13,300200
2016-10-13,300417
2016-10-13,600540
2016-10-13,000785
2016-10-13,000153
2016-10-13,000702
2016-10-13,600573
2016-10-13,600359
2016-10-13,600137
2016-10-13,002205
2016-10-13,600455
2016-10-13,002040
2016-10-13,300421
2016-10-13,600560
2016-10-13,600889
2016-10-13,000779
2016-10-13,600513
2016-10-13,600097
2016-10-13,600128
2016-10-13,600505
2016-10-13,300227
2016-10-13,002696
2016-10-13,600371
2016-10-13,600080
2016-10-13,300402
2016-10-13,000695
2016-10-13,002633
2016-10-13,600689
2016-10-13,300235
2016-10-13,300354
2016-10-13,300371
2016-10-13,000610
2016-10-13,300164
2016-10-13,600250
2016-10-13,002598
2016-10-13,600853
2016-10-13,600791
2016-10-13,600615
2016-10-13,002159
2016-10-13,300305
2016-10-13,002457
2016-10-13,002144
2016-10-13,600883
2016-10-13,000159
2016-10-13,002066
2016-10-13,600241
2016-10-13,600095
2016-10-13,300243
2016-10-13,600281
2016-10-13,300120
2016-10-13,000803
2016-10-13,002576
2016-10-13,600796
2016-10-13,300461
2016-10-13,300176
2016-10-13,000923
2016-10-13,002735
2016-10-13,600768
2016-10-27,600099
2016-10-27,002715
2016-10-27,002057
2016-10-27,002627
2016-10-27,300126
2016-10-27,600444
2016-10-27,300321
2016-10-27,600448
2016-10-27,600719
2016-10-27,300275
2016-10-27,600561
2016-10-27,000692
2016-10-27,600605
2016-10-27,300192
2016-10-27,300461
2016-10-27,600774
2016-10-27,300214
2016-10-27,600778
2016-10-27,300483
2016-10-27,600152
2016-10-27,300092
2016-10-27,300176
2016-10-27,600727
2016-10-27,002205
2016-10-27,300260
2016-10-27,002136
2016-10-27,300022
2016-10-27,000713
2016-10-27,600992
2016-10-27,600731
2016-10-27,300046
2016-10-27,600706
2016-10-27,600738
2016-10-27,600423
2016-10-27,000798
2016-10-27,300489
2016-10-27,600281
2016-10-27,000785
2016-10-27,600985
2016-10-27,300169
2016-10-27,600857
2016-10-27,600540
2016-10-27,300417
2016-10-27,300227
2016-10-27,600356
2016-10-27,600689
2016-10-27,000610
2016-10-27,600148
2016-10-27,600359
2016-10-27,300106
2016-10-27,600560
2016-10-27,002159
2016-10-27,600051
2016-10-27,600302
2016-10-27,600573
2016-10-27,600853
2016-10-27,600802
2016-10-27,000779
2016-10-27,600889
2016-10-27,600513
2016-10-27,002633
2016-10-27,000153
2016-10-27,600097
2016-10-27,000923
2016-10-27,600615
2016-10-27,300354
2016-10-27,002696
2016-10-27,600241
2016-10-27,000702
2016-10-27,300164
2016-10-27,300235
2016-10-27,600791
2016-10-27,002066
2016-10-27,600883
2016-10-27,600455
2016-10-27,300305
2016-10-27,600080
2016-10-27,300371
2016-10-27,000695
2016-10-27,600128
2016-10-27,002598
2016-10-27,002457
2016-10-27,000159
2016-10-27,002682
2016-10-27,002015
2016-10-27,300035
2016-10-27,300103
2016-10-27,300405
2016-10-27,300239
2016-10-27,300387
2016-10-27,002591
2016-10-27,300200
2016-10-27,002040
2016-10-27,300243
2016-10-27,300120
2016-10-27,000803
2016-10-27,002576
2016-10-27,600796
2016-10-27,002735
2016-10-27,600768
2016-11-10,600099
2016-11-10,002057
2016-11-10,600719
2016-11-10,300275
2016-11-10,600444
2016-11-10,000692
2016-11-10,002627
2016-11-10,600448
2016-11-10,300126
2016-11-10,002205
2016-11-10,600778
2016-11-10,002715
2016-11-10,600774
2016-11-10,600152
2016-11-10,300214
2016-11-10,300176
2016-11-10,600992
2016-11-10,300022
2016-11-10,300321
2016-11-10,300227
2016-11-10,300260
2016-11-10,000713
2016-11-10,600727
2016-11-10,300483
2016-11-10,600605
2016-11-10,600731
2016-11-10,000785
2016-11-10,600706
2016-11-10,300192
2016-11-10,600302
2016-11-10,600561
2016-11-10,300092
2016-11-10,002136
2016-11-10,300035
2016-11-10,600738
2016-11-10,300046
2016-11-10,600853
2016-11-10,600359
2016-11-10,002633
2016-11-10,600356
2016-11-10,000779
2016-11-10,000610
2016-11-10,600148
2016-11-10,600560
2016-11-10,300489
2016-11-10,000702
2016-11-10,002159
2016-11-10,600985
2016-11-10,600540
2016-11-10,600513
2016-11-10,600097
2016-11-10,600241
2016-11-10,600802
2016-11-10,000798
2016-11-10,600573
2016-11-10,300354
2016-11-10,000153
2016-11-10,600889
2016-11-10,002015
2016-11-10,002066
2016-11-10,600051
2016-11-10,000695
2016-11-10,600615
2016-11-10,300164
2016-11-10,600281
2016-11-10,600791
2016-11-10,600883
2016-11-10,600455
2016-11-10,600423
2016-11-10,300417
2016-11-10,300106
2016-11-10,002682
2016-11-10,002457
2016-11-10,600689
2016-11-10,300305
2016-11-10,002598
2016-11-10,600080
2016-11-10,300387
2016-11-10,300169
2016-11-10,300239
2016-11-10,002040
2016-11-10,000159
2016-11-10,600505
2016-11-10,002105
2016-11-10,000993
2016-11-10,600371
2016-11-10,300218
2016-11-10,000526
2016-11-10,000637
2016-11-10,600980
2016-11-10,300087
2016-11-10,002760
2016-11-10,600095
2016-11-10,000923
2016-11-10,300200
2016-11-10,300243
2016-11-10,300120
2016-11-10,000803
2016-11-10,002576
2016-11-10,600768
2016-11-24,600099
2016-11-24,002057
2016-11-24,600444
2016-11-24,300275
2016-11-24,300022
2016-11-24,300176
2016-11-24,300126
2016-11-24,600448
2016-11-24,600778
2016-11-24,600561
2016-11-24,002136
2016-11-24,300092
2016-11-24,300192
2016-11-24,000713
2016-11-24,002627
2016-11-24,300214
2016-11-24,000692
2016-11-24,600731
2016-11-24,002205
2016-11-24,600738
2016-11-24,000610
2016-11-24,600605
2016-11-24,600727
2016-11-24,300483
2016-11-24,300260
2016-11-24,002715
2016-11-24,300227
2016-11-24,300321
2016-11-24,600706
2016-11-24,600853
2016-11-24,300046
2016-11-24,000779
2016-11-24,000785
2016-11-24,000702
2016-11-24,600359
2016-11-24,002015
2016-11-24,300106
2016-11-24,002040
2016-11-24,600560
2016-11-24,300035
2016-11-24,600719
2016-11-24,600513
2016-11-24,600241
2016-11-24,600985
2016-11-24,300489
2016-11-24,300354
2016-11-24,600302
2016-11-24,600455
2016-11-24,600540
2016-11-24,600356
2016-11-24,600573
2016-11-24,600992
2016-11-24,000798
2016-11-24,000695
2016-11-24,300417
2016-11-24,300087
2016-11-24,600802
2016-11-24,600371
2016-11-24,300239
2016-11-24,002066
2016-11-24,600889
2016-11-24,002633
2016-11-24,300305
2016-11-24,000526
2016-11-24,600791
2016-11-24,002159
2016-11-24,600615
2016-11-24,600980
2016-11-24,600689
2016-11-24,002457
2016-11-24,000159
2016-11-24,000153
2016-11-24,600423
2016-11-24,600505
2016-11-24,600774
2016-11-24,600097
2016-11-24,600051
2016-11-24,002760
2016-11-24,603336
2016-11-24,002823
2016-11-24,600793
2016-11-24,002134
2016-11-24,600796
2016-11-24,002591
2016-11-24,600128
2016-11-24,300423
2016-11-24,600854
2016-11-24,300112
2016-11-24,300139
2016-11-24,300235
2016-11-24,600152
2016-11-24,300200
2016-11-24,300243
2016-11-24,300120
2016-11-24,000803
2016-11-24,002576
2016-11-24,600768
2016-12-08,600099
2016-12-08,002057
2016-12-08,600793
2016-12-08,600448
2016-12-08,600444
2016-12-08,002205
2016-12-08,300176
2016-12-08,002627
2016-12-08,600719
2016-12-08,600561
2016-12-08,002715
2016-12-08,300092
2016-12-08,600731
2016-12-08,300275
2016-12-08,000692
2016-12-08,300321
2016-12-08,000610
2016-12-08,300022
2016-12-08,300227
2016-12-08,300260
2016-12-08,002136
2016-12-08,600605
2016-12-08,300483
2016-12-08,600727
2016-12-08,000713
2016-12-08,300192
2016-12-08,300214
2016-12-08,300046
2016-12-08,000798
2016-12-08,600423
2016-12-08,000779
2016-12-08,000785
2016-12-08,600774
2016-12-08,600706
2016-12-08,600302
2016-12-08,600778
2016-12-08,300106
2016-12-08,300354
2016-12-08,002015
2016-12-08,600359
2016-12-08,600853
2016-12-08,300489
2016-12-08,002134
2016-12-08,600560
2016-12-08,600738
2016-12-08,600540
2016-12-08,600356
2016-12-08,300126
2016-12-08,000702
2016-12-08,600796
2016-12-08,600128
2016-12-08,000695
2016-12-08,600802
2016-12-08,300305
2016-12-08,600513
2016-12-08,300417
2016-12-08,600241
2016-12-08,600505
2016-12-08,002040
2016-12-08,002760
2016-12-08,600889
2016-12-08,300139
2016-12-08,300239
2016-12-08,600573
2016-12-08,600791
2016-12-08,600371
2016-12-08,600051
2016-12-08,000159
2016-12-08,002457
2016-12-08,600455
2016-12-08,300235
2016-12-08,600689
2016-12-08,300112
2016-12-08,600980
2016-12-08,600615
2016-12-08,600854
2016-12-08,600097
2016-12-08,002633
2016-12-08,300573
2016-12-08,603990
2016-12-08,002828
2016-12-08,300218
2016-12-08,600281
2016-12-08,002682
2016-12-08,300405
2016-12-08,000637
2016-12-08,600883
2016-12-08,600080
2016-12-08,002248
2016-12-08,002598
2016-12-08,600101
2016-12-08,300035
2016-12-08,000526
2016-12-08,600152
2016-12-08,300200
2016-12-08,300243
2016-12-08,300120
2016-12-08,000803
2016-12-08,002576
2016-12-08,600768
2016-12-22,300573
2016-12-22,603990
2016-12-22,002057
2016-12-22,300176
2016-12-22,600448
2016-12-22,600793
2016-12-22,600561
2016-12-22,600099
2016-12-22,600719
2016-12-22,300120
2016-12-22,300092
2016-12-22,600444
2016-12-22,002627
2016-12-22,002205
2016-12-22,002715
2016-12-22,300260
2016-12-22,300227
2016-12-22,300321
2016-12-22,000610
2016-12-22,300483
2016-12-22,600731
2016-12-22,000692
2016-12-22,300489
2016-12-22,300046
2016-12-22,000713
2016-12-22,600605
2016-12-22,300106
2016-12-22,600853
2016-12-22,600778
2016-12-22,300275
2016-12-22,600706
2016-12-22,000785
2016-12-22,600241
2016-12-22,300035
2016-12-22,300218
2016-12-22,300354
2016-12-22,300417
2016-12-22,002760
2016-12-22,000779
2016-12-22,000798
2016-12-22,300214
2016-12-22,600359
2016-12-22,002015
2016-12-22,600796
2016-12-22,600560
2016-12-22,000695
2016-12-22,300405
2016-12-22,600302
2016-12-22,600356
2016-12-22,600738
2016-12-22,000702
2016-12-22,300022
2016-12-22,300235
2016-12-22,600513
2016-12-22,002248
2016-12-22,300239
2016-12-22,300139
2016-12-22,600727
2016-12-22,300192
2016-12-22,300305
2016-12-22,600540
2016-12-22,600505
2016-12-22,600791
2016-12-22,600281
2016-12-22,600980
2016-12-22,600080
2016-12-22,600128
2016-12-22,600423
2016-12-22,600774
2016-12-22,002457
2016-12-22,600455
2016-12-22,002576
2016-12-22,600573
2016-12-22,600854
2016-12-22,600802
2016-12-22,300112
2016-12-22,002134
2016-12-22,300126
2016-12-22,600101
2016-12-22,002136
2016-12-22,603577
2016-12-22,300486
2016-12-22,300220
2016-12-22,300453
2016-12-22,600367
2016-12-22,600235
2016-12-22,300464
2016-12-22,600746
2016-12-22,300040
2016-12-22,002112
2016-12-22,002667
2016-12-22,600889
2016-12-22,002682
2016-12-22,600152
2016-12-22,300243
2016-12-22,000803
2016-12-22,600768
2017-01-05,300120
2017-01-05,300176
2017-01-05,600793
2017-01-05,300483
2017-01-05,002627
2017-01-05,600448
2017-01-05,002715
2017-01-05,600561
2017-01-05,300092
2017-01-05,300260
2017-01-05,300354
2017-01-05,600719
2017-01-05,300321
2017-01-05,600444
2017-01-05,300227
2017-01-05,000692
2017-01-05,300489
2017-01-05,002057
2017-01-05,300106
2017-01-05,002015
2017-01-05,002205
2017-01-05,002760
2017-01-05,600778
2017-01-05,600731
2017-01-05,600605
2017-01-05,000610
2017-01-05,000713
2017-01-05,300046
2017-01-05,300243
2017-01-05,600706
2017-01-05,300035
2017-01-05,000785
2017-01-05,300573
2017-01-05,300275
2017-01-05,600241
2017-01-05,002248
2017-01-05,300218
2017-01-05,600853
2017-01-05,600455
2017-01-05,600359
2017-01-05,300192
2017-01-05,300486
2017-01-05,600513
2017-01-05,300405
2017-01-05,300214
2017-01-05,600356
2017-01-05,300126
2017-01-05,000702
2017-01-05,300139
2017-01-05,300305
2017-01-05,300220
2017-01-05,600980
2017-01-05,002682
2017-01-05,000779
2017-01-05,600235
2017-01-05,300453
2017-01-05,300239
2017-01-05,600791
2017-01-05,300235
2017-01-05,002136
2017-01-05,600560
2017-01-05,600128
2017-01-05,600727
2017-01-05,600505
2017-01-05,000798
2017-01-05,600080
2017-01-05,300417
2017-01-05,600540
2017-01-05,002112
2017-01-05,300112
2017-01-05,600423
2017-01-05,002457
2017-01-05,002667
2017-01-05,300464
2017-01-05,000695
2017-01-05,600573
2017-01-05,600854
2017-01-05,300588
2017-01-05,300587
2017-01-05,300423
2017-01-05,600371
2017-01-05,300387
2017-01-05,600883
2017-01-05,300200
2017-01-05,300478
2017-01-05,300452
2017-01-05,300013
2017-01-05,000632
2017-01-05,600738
2017-01-05,600152
2017-01-05,000803
2017-01-05,600768
2017-01-19,300588
2017-01-19,300120
2017-01-19,300321
2017-01-19,300483
2017-01-19,002057
2017-01-19,300354
2017-01-19,300092
2017-01-19,600561
2017-01-19,600444
2017-01-19,600455
2017-01-19,300243
2017-01-19,002715
2017-01-19,002627
2017-01-19,300489
2017-01-19,300260
2017-01-19,002248
2017-01-19,600448
2017-01-19,300106
2017-01-19,600719
2017-01-19,300046
2017-01-19,300486
2017-01-19,300192
2017-01-19,002205
2017-01-19,000610
2017-01-19,002760
2017-01-19,300220
2017-01-19,000695
2017-01-19,600778
2017-01-19,002015
2017-01-19,000692
2017-01-19,000713
2017-01-19,300035
2017-01-19,300452
2017-01-19,300227
2017-01-19,600423
2017-01-19,600980
2017-01-19,300126
2017-01-19,600241
2017-01-19,300387
2017-01-19,600738
2017-01-19,300305
2017-01-19,000785
2017-01-19,300423
2017-01-19,300235
2017-01-19,600731
2017-01-19,600706
2017-01-19,600605
2017-01-19,600513
2017-01-19,300112
2017-01-19,300453
2017-01-19,300405
2017-01-19,600883
2017-01-19,600853
2017-01-19,300214
2017-01-19,300478
2017-01-19,600560
2017-01-19,300139
2017-01-19,002112
2017-01-19,300573
2017-01-19,002682
2017-01-19,002136
2017-01-19,600793
2017-01-19,600727
2017-01-19,300218
2017-01-19,600791
2017-01-19,300013
2017-01-19,600505
2017-01-19,600080
2017-01-19,002842
2017-01-19,300596
2017-01-19,300586
2017-01-19,300585
2017-01-19,002836
2017-01-19,300576
2017-01-19,300374
2017-01-19,002778
2017-01-19,600302
2017-01-19,300572
2017-01-19,300539
2017-01-19,600189
2017-01-19,300553
2017-01-19,600985
2017-01-19,600689
2017-01-19,300560
2017-01-19,600796
2017-01-19,300538
2017-01-19,300141
2017-01-19,600359
2017-01-19,600152
2017-01-19,000803
2017-01-19,600768
2017-02-03,000803
2017-02-03,300483
2017-02-03,300120
2017-02-03,002842
2017-02-03,300321
2017-02-03,300354
2017-02-03,002057
2017-02-03,600561
2017-02-03,002715
2017-02-03,300092
2017-02-03,600444
2017-02-03,300243
2017-02-03,002248
2017-02-03,002627
2017-02-03,300260
2017-02-03,600455
2017-02-03,300489
2017-02-03,600448
2017-02-03,000713
2017-02-03,300227
2017-02-03,600423
2017-02-03,002760
2017-02-03,600778
2017-02-03,300106
2017-02-03,300046
2017-02-03,300452
2017-02-03,300588
2017-02-03,300035
2017-02-03,000692
2017-02-03,300220
2017-02-03,002205
2017-02-03,000610
2017-02-03,000695
2017-02-03,600980
2017-02-03,300585
2017-02-03,002112
2017-02-03,002015
2017-02-03,300576
2017-02-03,300218
2017-02-03,300126
2017-02-03,300387
2017-02-03,300405
2017-02-03,600731
2017-02-03,600719
2017-02-03,300478
2017-02-03,600706
2017-02-03,600738
2017-02-03,300235
2017-02-03,300214
2017-02-03,300423
2017-02-03,002136
2017-02-03,000785
2017-02-03,300192
2017-02-03,600605
2017-02-03,600883
2017-02-03,600560
2017-02-03,300586
2017-02-03,600513
2017-02-03,300374
2017-02-03,300596
2017-02-03,300453
2017-02-03,600689
2017-02-03,300539
2017-02-03,600985
2017-02-03,600853
2017-02-03,600241
2017-02-03,002778
2017-02-03,600793
2017-02-03,600302
2017-02-03,600189
2017-02-03,300305
2017-02-03,002836
2017-02-03,300553
2017-02-03,600796
2017-02-03,300112
2017-02-03,300538
2017-02-03,300573
2017-02-03,600847
2017-02-03,600540
2017-02-03,300584
2017-02-03,300371
2017-02-03,300492
2017-02-03,000779
2017-02-03,300176
2017-02-03,300486
2017-02-03,600359
2017-02-03,600152
2017-02-03,600768
2017-02-16,000803
2017-02-16,300321
2017-02-16,300483
2017-02-16,300354
2017-02-16,002715
2017-02-16,300489
2017-02-16,300120
2017-02-16,600561
2017-02-16,002627
2017-02-16,002057
2017-02-16,600455
2017-02-16,600444
2017-02-16,300092
2017-02-16,300227
2017-02-16,300260
2017-02-16,600423
2017-02-16,600448
2017-02-16,000713
2017-02-16,002760
2017-02-16,002248
2017-02-16,300452
2017-02-16,600847
2017-02-16,300220
2017-02-16,300243
2017-02-16,600980
2017-02-16,300035
2017-02-16,600605
2017-02-16,000610
2017-02-16,300405
2017-02-16,300106
2017-02-16,300046
2017-02-16,300371
2017-02-16,002112
2017-02-16,000695
2017-02-16,000785
2017-02-16,300218
2017-02-16,300126
2017-02-16,600719
2017-02-16,002015
2017-02-16,300423
2017-02-16,300305
2017-02-16,300453
2017-02-16,300387
2017-02-16,300576
2017-02-16,300214
2017-02-16,600706
2017-02-16,300585
2017-02-16,600513
2017-02-16,000692
2017-02-16,600560
2017-02-16,600883
2017-02-16,600738
2017-02-16,300112
2017-02-16,300235
2017-02-16,300478
2017-02-16,600778
2017-02-16,600189
2017-02-16,600302
2017-02-16,600731
2017-02-16,002205
2017-02-16,300538
2017-02-16,300539
2017-02-16,600985
2017-02-16,000779
2017-02-16,600796
2017-02-16,300586
2017-02-16,300584
2017-02-16,600689
2017-02-16,600241
2017-02-16,300573
2017-02-16,300417
2017-02-16,600080
2017-02-16,300169
2017-02-16,300200
2017-02-16,300022
2017-02-16,600506
2017-02-16,002209
2017-02-16,002660
2017-02-16,300141
2017-02-16,002159
2017-02-16,300572
2017-02-16,600371
2017-02-16,300486
2017-02-16,600359
2017-02-16,600152
2017-02-16,600768
2017-03-02,300321
2017-03-02,300483
2017-03-02,300354
2017-03-02,600423
2017-03-02,300489
2017-03-02,600561
2017-03-02,002715
2017-03-02,300120
2017-03-02,600455
2017-03-02,600444
2017-03-02,300092
2017-03-02,002627
2017-03-02,300106
2017-03-02,600448
2017-03-02,300227
2017-03-02,300260
2017-03-02,000713
2017-03-02,002760
2017-03-02,300046
2017-03-02,000779
2017-03-02,600847
2017-03-02,002015
2017-03-02,600605
2017-03-02,000610
2017-03-02,300452
2017-03-02,300243
2017-03-02,300218
2017-03-02,300126
2017-03-02,000785
2017-03-02,600883
2017-03-02,600980
2017-03-02,000695
2017-03-02,300220
2017-03-02,300405
2017-03-02,300035
2017-03-02,600719
2017-03-02,000692
2017-03-02,300305
2017-03-02,600706
2017-03-02,300371
2017-03-02,600689
2017-03-02,002112
2017-03-02,300417
2017-03-02,600778
2017-03-02,600513
2017-03-02,600796
2017-03-02,600506
2017-03-02,600560
2017-03-02,300576
2017-03-02,300387
2017-03-02,300214
2017-03-02,300022
2017-03-02,600189
2017-03-02,300453
2017-03-02,600731
2017-03-02,002205
2017-03-02,600738
2017-03-02,600985
2017-03-02,002209
2017-03-02,600241
2017-03-02,600080
2017-03-02,300169
2017-03-02,002660
2017-03-02,600371
2017-03-02,300585
2017-03-02,300112
2017-03-02,300478
2017-03-02,600302
2017-03-02,300538
2017-03-02,300539
2017-03-02,300584
2017-03-02,002159
2017-03-02,002633
2017-03-02,300192
2017-03-02,002725
2017-03-02,600727
2017-03-02,300139
2017-03-02,002778
2017-03-02,600128
2017-03-02,002682
2017-03-02,300179
2017-03-02,600615
2017-03-02,300553
2017-03-02,300329
2017-03-02,000702
2017-03-02,300578
2017-03-02,300464
2017-03-02,300374
2017-03-02,600853
2017-03-02,600791
2017-03-02,000803
2017-03-02,002057
2017-03-02,002248
2017-03-02,300423
2017-03-02,300235
2017-03-02,300200
2017-03-02,300486
2017-03-02,600359
2017-03-02,600152
2017-03-02,600768
2017-03-16,300321
2017-03-16,600768
2017-03-16,600423
2017-03-16,300483
2017-03-16,002057
2017-03-16,300354
2017-03-16,002715
2017-03-16,600444
2017-03-16,300120
2017-03-16,300092
2017-03-16,002627
2017-03-16,300489
2017-03-16,600455
2017-03-16,600448
2017-03-16,600561
2017-03-16,000713
2017-03-16,300106
2017-03-16,300227
2017-03-16,000610
2017-03-16,002633
2017-03-16,300243
2017-03-16,000779
2017-03-16,300260
2017-03-16,600605
2017-03-16,300046
2017-03-16,600980
2017-03-16,002760
2017-03-16,600778
2017-03-16,600689
2017-03-16,000785
2017-03-16,002112
2017-03-16,600719
2017-03-16,300417
2017-03-16,300022
2017-03-16,300218
2017-03-16,000695
2017-03-16,600883
2017-03-16,600796
2017-03-16,000692
2017-03-16,300371
2017-03-16,600706
2017-03-16,600847
2017-03-16,600513
2017-03-16,300305
2017-03-16,300126
2017-03-16,600506
2017-03-16,300220
2017-03-16,300452
2017-03-16,300214
2017-03-16,300169
2017-03-16,600080
2017-03-16,600359
2017-03-16,300405
2017-03-16,002205
2017-03-16,600727
2017-03-16,600128
2017-03-16,600738
2017-03-16,600371
2017-03-16,300179
2017-03-16,002015
2017-03-16,600302
2017-03-16,002660
2017-03-16,300387
2017-03-16,002725
2017-03-16,600731
2017-03-16,002778
2017-03-16,600615
2017-03-16,002682
2017-03-16,300139
2017-03-16,300200
2017-03-16,002209
2017-03-16,300478
2017-03-16,600853
2017-03-16,600560
2017-03-16,600241
2017-03-16,000702
2017-03-16,300235
2017-03-16,600791
2017-03-16,300329
2017-03-16,300621
2017-03-16,002667
2017-03-16,600235
2017-03-16,600573
2017-03-16,600319
2017-03-16,000798
2017-03-16,300239
2017-03-16,600356
2017-03-16,002758
2017-03-16,600250
2017-03-16,600189
2017-03-16,300453
2017-03-16,300192
2017-03-16,000803
2017-03-16,002248
2017-03-16,300423
2017-03-16,300486
2017-03-30,600768
2017-03-30,300321
2017-03-30,002667
2017-03-30,600423
2017-03-30,600455
2017-03-30,300483
2017-03-30,002633
2017-03-30,002715
2017-03-30,300354
2017-03-30,002057
2017-03-30,300092
2017-03-30,600444
2017-03-30,002627
2017-03-30,600561
2017-03-30,300243
2017-03-30,600448
2017-03-30,300218
2017-03-30,600847
2017-03-30,600605
2017-03-30,002760
2017-03-30,000713
2017-03-30,300405
2017-03-30,002778
2017-03-30,000779
2017-03-30,300260
2017-03-30,600689
2017-03-30,300046
2017-03-30,300169
2017-03-30,300022
2017-03-30,300371
2017-03-30,300227
2017-03-30,600980
2017-03-30,300417
2017-03-30,300489
2017-03-30,002112
2017-03-30,000785
2017-03-30,300126
2017-03-30,600778
2017-03-30,300220
2017-03-30,000695
2017-03-30,300120
2017-03-30,600796
2017-03-30,300305
2017-03-30,300452
2017-03-30,600189
2017-03-30,300387
2017-03-30,600727
2017-03-30,600615
2017-03-30,600302
2017-03-30,600319
2017-03-30,002725
2017-03-30,300214
2017-03-30,000692
2017-03-30,002015
2017-03-30,600883
2017-03-30,600513
2017-03-30,600573
2017-03-30,000702
2017-03-30,600371
2017-03-30,600235
2017-03-30,600506
2017-03-30,300179
2017-03-30,600731
2017-03-30,600738
2017-03-30,600080
2017-03-30,002209
2017-03-30,300453
2017-03-30,600250
2017-03-30,002660
2017-03-30,600128
2017-03-30,300200
2017-03-30,300106
2017-03-30,300329
2017-03-30,300139
2017-03-30,600560
2017-03-30,000610
2017-03-30,300239
2017-03-30,600791
2017-03-30,600356
2017-03-30,600241
2017-03-30,002205
2017-03-30,603041
2017-03-30,600152
2017-03-30,300132
2017-03-30,600746
2017-03-30,300112
2017-03-30,300464
2017-03-30,600857
2017-03-30,000014
2017-03-30,300141
2017-03-30,300107
2017-03-30,300286
2017-03-30,300478
2017-03-30,300235
2017-03-30,300192
2017-03-30,000803
2017-03-30,002248
2017-03-30,300423
2017-03-30,300486
2017-04-13,600423
2017-04-13,600768
2017-04-13,300483
2017-04-13,300321
2017-04-13,300354
2017-04-13,002667
2017-04-13,300243
2017-04-13,002633
2017-04-13,300489
2017-04-13,002715
2017-04-13,002057
2017-04-13,600444
2017-04-13,600847
2017-04-13,002627
2017-04-13,000779
2017-04-13,600506
2017-04-13,300405
2017-04-13,600455
2017-04-13,600605
2017-04-13,300106
2017-04-13,300218
2017-04-13,300092
2017-04-13,600778
2017-04-13,600448
2017-04-13,600561
2017-04-13,000713
2017-04-13,300260
2017-04-13,002760
2017-04-13,300387
2017-04-13,300022
2017-04-13,600152
2017-04-13,600796
2017-04-13,600980
2017-04-13,300220
2017-04-13,600689
2017-04-13,300227
2017-04-13,300417
2017-04-13,002112
2017-04-13,300169
2017-04-13,300046
2017-04-13,300126
2017-04-13,000785
2017-04-13,300452
2017-04-13,600573
2017-04-13,600189
2017-04-13,300305
2017-04-13,002725
2017-04-13,002778
2017-04-13,300120
2017-04-13,600319
2017-04-13,600371
2017-04-13,000610
2017-04-13,600241
2017-04-13,600883
2017-04-13,600302
2017-04-13,300200
2017-04-13,600731
2017-04-13,300464
2017-04-13,600513
2017-04-13,300329
2017-04-13,300214
2017-04-13,600080
2017-04-13,002660
2017-04-13,000695
2017-04-13,002015
2017-04-13,300139
2017-04-13,000702
2017-04-13,600128
2017-04-13,002209
2017-04-13,600235
2017-04-13,600615
2017-04-13,300179
2017-04-13,300112
2017-04-13,600738
2017-04-13,000692
2017-04-13,300638
2017-04-13,603797
2017-04-13,002861
2017-04-13,600099
2017-04-13,300538
2017-04-13,300553
2017-04-13,300576
2017-04-13,600706
2017-04-13,300584
2017-04-13,300573
2017-04-13,300578
2017-04-13,300626
2017-04-13,300586
2017-04-13,300605
2017-04-13,300606
2017-04-13,300622
2017-04-13,300478
2017-04-13,300235
2017-04-13,300192
2017-04-13,002248
2017-04-13,300423
2017-04-13,300486
2017-04-27,300321
2017-04-27,600768
2017-04-27,600423
2017-04-27,002633
2017-04-27,300354
2017-04-27,300483
2017-04-27,600561
2017-04-27,300243
2017-04-27,300489
2017-04-27,300106
2017-04-27,600605
2017-04-27,600847
2017-04-27,600444
2017-04-27,002057
2017-04-27,002667
2017-04-27,002715
2017-04-27,300405
2017-04-27,600448
2017-04-27,000779
2017-04-27,600506
2017-04-27,300218
2017-04-27,002760
2017-04-27,300260
2017-04-27,000713
2017-04-27,300220
2017-04-27,002627
2017-04-27,600689
2017-04-27,600778
2017-04-27,300022
2017-04-27,300120
2017-04-27,600189
2017-04-27,600573
2017-04-27,600152
2017-04-27,300046
2017-04-27,600796
2017-04-27,600302
2017-04-27,002778
2017-04-27,300417
2017-04-27,600371
2017-04-27,002660
2017-04-27,000785
2017-04-27,300305
2017-04-27,600980
2017-04-27,300387
2017-04-27,600455
2017-04-27,300227
2017-04-27,300126
2017-04-27,600615
2017-04-27,002725
2017-04-27,600883
2017-04-27,300464
2017-04-27,600235
2017-04-27,600128
2017-04-27,300169
2017-04-27,300452
2017-04-27,000610
2017-04-27,000695
2017-04-27,600080
2017-04-27,300214
2017-04-27,600731
2017-04-27,002112
2017-04-27,300329
2017-04-27,300139
2017-04-27,600513
2017-04-27,300179
2017-04-27,600241
2017-04-27,600738
2017-04-27,300638
2017-04-27,300538
2017-04-27,300200
2017-04-27,300553
2017-04-27,603787
2017-04-27,600540
2017-04-27,002735
2017-04-27,600520
2017-04-27,600359
2017-04-27,002272
2017-04-27,300371
2017-04-27,002687
2017-04-27,002580
2017-04-27,300277
2017-04-27,000593
2017-04-27,600560
2017-04-27,300132
2017-04-27,300540
2017-04-27,600250
2017-04-27,000586
2017-04-27,600774
2017-04-27,600493
2017-04-27,600051
2017-04-27,300092
2017-04-27,300478
2017-04-27,300235
2017-04-27,300192
2017-04-27,002248
2017-04-27,300423
2017-04-27,300486
2017-05-11,300321
2017-05-11,600768
2017-05-11,600423
2017-05-11,300489
2017-05-11,300483
2017-05-11,600561
2017-05-11,300354
2017-05-11,300417
2017-05-11,600444
2017-05-11,300106
2017-05-11,600506
2017-05-11,600605
2017-05-11,300243
2017-05-11,002057
2017-05-11,002715
2017-05-11,002760
2017-05-11,600448
2017-05-11,000695
2017-05-11,600573
2017-05-11,002667
2017-05-11,600796
2017-05-11,300405
2017-05-11,300220
2017-05-11,002627
2017-05-11,000713
2017-05-11,300218
2017-05-11,300022
2017-05-11,002633
2017-05-11,600778
2017-05-11,000610
2017-05-11,300305
2017-05-11,000779
2017-05-11,300169
2017-05-11,600128
2017-05-11,600371
2017-05-11,300046
2017-05-11,300387
2017-05-11,600980
2017-05-11,300126
2017-05-11,002660
2017-05-11,600689
2017-05-11,600152
2017-05-11,002778
2017-05-11,000785
2017-05-11,300260
2017-05-11,300277
2017-05-11,600189
2017-05-11,002580
2017-05-11,600455
2017-05-11,600235
2017-05-11,002112
2017-05-11,300214
2017-05-11,300464
2017-05-11,600513
2017-05-11,002687
2017-05-11,300329
2017-05-11,600359
2017-05-11,300227
2017-05-11,600080
2017-05-11,600615
2017-05-11,300139
2017-05-11,600738
2017-05-11,300200
2017-05-11,600883
2017-05-11,600560
2017-05-11,600731
2017-05-11,600774
2017-05-11,002725
2017-05-11,002272
2017-05-11,600051
2017-05-11,600302
2017-05-11,300540
2017-05-11,600520
2017-05-11,600493
2017-05-11,002871
2017-05-11,603086
2017-05-11,002209
2017-05-11,000702
2017-05-11,603088
2017-05-11,002492
2017-05-11,600095
2017-05-11,603029
2017-05-11,000628
2017-05-11,002857
2017-05-11,300640
2017-05-11,300622
2017-05-11,603223
2017-05-11,300605
2017-05-11,300635
2017-05-11,600356
2017-05-11,000798
2017-05-11,300120
2017-05-11,600250
2017-05-11,300092
2017-05-11,300478
2017-05-11,300235
2017-05-11,300192
2017-05-11,002248
2017-05-11,300423
2017-05-11,300486
2017-05-25,600768
2017-05-25,300321
2017-05-25,600423
2017-05-25,300483
2017-05-25,300489
2017-05-25,300354
2017-05-25,600561
2017-05-25,300417
2017-05-25,600506
2017-05-25,300243
2017-05-25,300106
2017-05-25,002627
2017-05-25,002057
2017-05-25,600605
2017-05-25,300220
2017-05-25,600796
2017-05-25,600573
2017-05-25,300387
2017-05-25,000713
2017-05-25,002667
2017-05-25,300169
2017-05-25,002209
2017-05-25,002715
2017-05-25,600778
2017-05-25,600444
2017-05-25,600448
2017-05-25,300405
2017-05-25,603029
2017-05-25,000702
2017-05-25,600371
2017-05-25,300218
2017-05-25,300305
2017-05-25,300126
2017-05-25,002778
2017-05-25,002660
2017-05-25,600980
2017-05-25,300640
2017-05-25,600615
2017-05-25,603088
2017-05-25,002725
2017-05-25,000785
2017-05-25,300635
2017-05-25,300120
2017-05-25,600689
2017-05-25,300540
2017-05-25,000695
2017-05-25,002580
2017-05-25,300605
2017-05-25,600883
2017-05-25,000779
2017-05-25,002687
2017-05-25,600128
2017-05-25,300046
2017-05-25,600455
2017-05-25,600189
2017-05-25,600302
2017-05-25,600095
2017-05-25,300329
2017-05-25,300214
2017-05-25,002760
2017-05-25,300464
2017-05-25,300260
2017-05-25,600235
2017-05-25,000798
2017-05-25,600359
2017-05-25,002876
2017-05-25,002780
2017-05-25,300452
2017-05-25,300650
2017-05-25,300554
2017-05-25,300645
2017-05-25,300538
2017-05-25,002796
2017-05-25,300586
2017-05-25,603991
2017-05-25,603701
2017-05-25,300626
2017-05-25,002806
2017-05-25,300592
2017-05-25,300551
2017-05-25,002735
2017-05-25,002862
2017-05-25,300578
2017-05-25,603031
2017-05-25,300542
2017-05-25,300638
2017-05-25,300499
2017-05-25,002800
2017-05-25,300589
2017-05-25,300584
2017-05-25,300572
2017-05-25,300022
2017-05-25,000610
2017-05-25,600250
2017-05-25,300092
2017-05-25,300478
2017-05-25,300235
2017-05-25,300192
2017-05-25,300423
2017-05-25,300486
2017-06-08,300321
2017-06-08,300483
2017-06-08,600423
2017-06-08,600768
2017-06-08,300354
2017-06-08,300489
2017-06-08,600561
2017-06-08,300417
2017-06-08,300243
2017-06-08,300106
2017-06-08,300220
2017-06-08,600605
2017-06-08,002627
2017-06-08,002057
2017-06-08,600778
2017-06-08,000713
2017-06-08,600573
2017-06-08,300387
2017-06-08,002209
2017-06-08,002667
2017-06-08,300218
2017-06-08,600980
2017-06-08,600796
2017-06-08,300169
2017-06-08,600448
2017-06-08,000779
2017-06-08,600506
2017-06-08,603029
2017-06-08,600444
2017-06-08,300126
2017-06-08,002715
2017-06-08,600689
2017-06-08,300305
2017-06-08,300452
2017-06-08,300405
2017-06-08,000695
2017-06-08,300640
2017-06-08,300650
2017-06-08,002660
2017-06-08,300120
2017-06-08,002780
2017-06-08,600883
2017-06-08,002778
2017-06-08,300538
2017-06-08,600128
2017-06-08,300540
2017-06-08,600371
2017-06-08,002580
2017-06-08,300605
2017-06-08,300046
2017-06-08,300554
2017-06-08,600235
2017-06-08,002687
2017-06-08,300578
2017-06-08,600302
2017-06-08,300260
2017-06-08,300589
2017-06-08,300551
2017-06-08,300635
2017-06-08,300586
2017-06-08,600455
2017-06-08,300592
2017-06-08,600615
2017-06-08,300235
2017-06-08,300638
2017-06-08,300214
2017-06-08,600095
2017-06-08,000785
2017-06-08,300499
2017-06-08,000798
2017-06-08,300626
2017-06-08,600189
2017-06-08,603031
2017-06-08,002725
2017-06-08,300663
2017-06-08,300662
2017-06-08,600520
2017-06-08,300553
2017-06-08,300622
2017-06-08,600152
2017-06-08,600889
2017-06-08,300573
2017-06-08,600493
2017-06-08,600560
2017-06-08,300606
2017-06-08,002272
2017-06-08,300141
2017-06-08,002395
2017-06-08,300651
2017-06-08,600156
2017-06-08,002876
2017-06-08,002796
2017-06-08,603701
2017-06-08,300022
2017-06-08,000610
2017-06-08,300092
2017-06-08,300478
2017-06-08,300192
2017-06-08,300423
2017-06-08,300486
2017-06-22,300321
2017-06-22,300483
2017-06-22,600423
2017-06-22,300489
2017-06-22,300354
2017-06-22,600768
2017-06-22,600561
2017-06-22,300417
2017-06-22,300106
2017-06-22,300243
2017-06-22,300220
2017-06-22,600605
2017-06-22,300387
2017-06-22,000713
2017-06-22,002627
2017-06-22,600506
2017-06-22,600778
2017-06-22,002057
2017-06-22,300650
2017-06-22,300218
2017-06-22,600796
2017-06-22,600448
2017-06-22,300640
2017-06-22,600573
2017-06-22,300405
2017-06-22,300169
2017-06-22,300452
2017-06-22,000779
2017-06-22,300554
2017-06-22,002778
2017-06-22,300553
2017-06-22,600980
2017-06-22,300305
2017-06-22,300622
2017-06-22,002667
2017-06-22,000695
2017-06-22,300126
2017-06-22,300538
2017-06-22,300578
2017-06-22,300651
2017-06-22,300605
2017-06-22,600371
2017-06-22,300635
2017-06-22,300586
2017-06-22,002660
2017-06-22,300540
2017-06-22,002687
2017-06-22,300551
2017-06-22,300592
2017-06-22,300046
2017-06-22,600455
2017-06-22,600152
2017-06-22,300120
2017-06-22,300260
2017-06-22,600235
2017-06-22,300606
2017-06-22,600520
2017-06-22,603701
2017-06-22,600302
2017-06-22,002780
2017-06-22,600493
2017-06-22,300214
2017-06-22,300638
2017-06-22,300573
2017-06-22,002580
2017-06-22,002725
2017-06-22,600128
2017-06-22,000785
2017-06-22,603029
2017-06-22,300589
2017-06-22,600883
2017-06-22,600560
2017-06-22,600444
2017-06-22,002272
2017-06-22,300235
2017-06-22,000798
2017-06-22,002881
2017-06-22,603380
2017-06-22,002633
2017-06-22,300656
2017-06-22,300655
2017-06-22,300464
2017-06-22,300514
2017-06-22,300576
2017-06-22,600857
2017-06-22,300632
2017-06-22,300604
2017-06-22,300277
2017-06-22,300631
2017-06-22,300542
2017-06-22,002796
2017-06-22,300022
2017-06-22,000610
2017-06-22,300092
2017-06-22,300478
2017-06-22,300192
2017-06-22,300423
2017-06-22,300486
2017-07-06,300321
2017-07-06,300483
2017-07-06,600423
2017-07-06,600768
2017-07-06,300489
2017-07-06,300354
2017-07-06,600561
2017-07-06,300417
2017-07-06,300106
2017-07-06,300243
2017-07-06,600605
2017-07-06,002633
2017-07-06,600506
2017-07-06,300220
2017-07-06,600778
2017-07-06,300405
2017-07-06,000713
2017-07-06,300387
2017-07-06,002627
2017-07-06,600448
2017-07-06,002667
2017-07-06,300218
2017-07-06,300650
2017-07-06,300169
2017-07-06,600455
2017-07-06,300452
2017-07-06,600796
2017-07-06,000695
2017-07-06,002778
2017-07-06,600573
2017-07-06,300305
2017-07-06,000779
2017-07-06,300464
2017-07-06,300640
2017-07-06,300553
2017-07-06,300126
2017-07-06,300046
2017-07-06,300260
2017-07-06,300651
2017-07-06,600444
2017-07-06,603029
2017-07-06,002660
2017-07-06,300622
2017-07-06,300578
2017-07-06,300538
2017-07-06,002687
2017-07-06,600128
2017-07-06,300655
2017-07-06,300554
2017-07-06,002780
2017-07-06,300635
2017-07-06,300540
2017-07-06,600371
2017-07-06,300631
2017-07-06,300551
2017-07-06,300214
2017-07-06,300605
2017-07-06,300120
2017-07-06,600883
2017-07-06,600980
2017-07-06,000785
2017-07-06,300573
2017-07-06,600520
2017-07-06,300586
2017-07-06,300235
2017-07-06,600302
2017-07-06,300592
2017-07-06,300576
2017-07-06,600235
2017-07-06,600857
2017-07-06,300542
2017-07-06,000798
2017-07-06,002580
2017-07-06,300277
2017-07-06,600560
2017-07-06,300665
2017-07-06,600689
2017-07-06,603031
2017-07-06,002209
2017-07-06,600731
2017-07-06,603536
2017-07-06,002715
2017-07-06,300668
2017-07-06,002871
2017-07-06,300584
2017-07-06,002857
2017-07-06,600241
2017-07-06,300587
2017-07-06,603679
2017-07-06,002862
2017-07-06,300636
2017-07-06,002878
2017-07-06,002796
2017-07-06,300022
2017-07-06,000610
2017-07-06,300092
2017-07-06,300478
2017-07-06,300192
2017-07-06,300423
2017-07-06,300486
2017-07-20,300321
2017-07-20,300483
2017-07-20,300354
2017-07-20,300489
2017-07-20,300417
2017-07-20,300106
2017-07-20,600768
2017-07-20,300243
2017-07-20,300220
2017-07-20,600423
2017-07-20,600561
2017-07-20,300665
2017-07-20,300651
2017-07-20,300650
2017-07-20,002633
2017-07-20,300387
2017-07-20,300553
2017-07-20,300640
2017-07-20,300405
2017-07-20,300578
2017-07-20,300538
2017-07-20,002778
2017-07-20,300605
2017-07-20,600455
2017-07-20,600605
2017-07-20,600778
2017-07-20,300464
2017-07-20,300551
2017-07-20,300554
2017-07-20,300631
2017-07-20,300169
2017-07-20,300622
2017-07-20,300655
2017-07-20,300573
2017-07-20,300126
2017-07-20,002667
2017-07-20,300046
2017-07-20,300218
2017-07-20,300576
2017-07-20,000713
2017-07-20,002627
2017-07-20,603536
2017-07-20,300592
2017-07-20,002660
2017-07-20,600448
2017-07-20,002857
2017-07-20,300452
2017-07-20,300305
2017-07-20,002871
2017-07-20,300635
2017-07-20,300260
2017-07-20,603679
2017-07-20,300586
2017-07-20,600444
2017-07-20,300120
2017-07-20,002878
2017-07-20,300587
2017-07-20,300542
2017-07-20,600371
2017-07-20,300540
2017-07-20,600796
2017-07-20,002687
2017-07-20,600573
2017-07-20,000695
2017-07-20,002580
2017-07-20,600520
2017-07-20,002209
2017-07-20,002862
2017-07-20,300669
2017-07-20,603286
2017-07-20,000702
2017-07-20,002883
2017-07-20,300656
2017-07-20,300667
2017-07-20,300638
2017-07-20,300637
2017-07-20,300615
2017-07-20,300598
2017-07-20,300557
2017-07-20,603617
2017-07-20,300604
2017-07-20,002886
2017-07-20,300647
2017-07-20,300653
2017-07-20,300659
2017-07-20,300517
2017-07-20,603879
2017-07-20,300139
2017-07-20,300442
2017-07-20,300670
2017-07-20,300563
2017-07-20,300645
2017-07-20,002796
2017-07-20,300022
2017-07-20,000610
2017-07-20,300092
2017-07-20,300478
2017-07-20,300192
2017-07-20,300423
2017-07-20,300486
2017-08-03,300321
2017-08-03,300483
2017-08-03,300354
2017-08-03,300489
2017-08-03,300417
2017-08-03,300106
2017-08-03,300650
2017-08-03,300665
2017-08-03,600768
2017-08-03,300669
2017-08-03,300651
2017-08-03,300640
2017-08-03,600423
2017-08-03,002633
2017-08-03,300553
2017-08-03,300220
2017-08-03,300578
2017-08-03,300243
2017-08-03,603286
2017-08-03,600561
2017-08-03,300667
2017-08-03,300538
2017-08-03,300554
2017-08-03,002667
2017-08-03,600605
2017-08-03,000702
2017-08-03,300540
2017-08-03,300631
2017-08-03,002862
2017-08-03,300551
2017-08-03,300635
2017-08-03,300605
2017-08-03,603536
2017-08-03,300592
2017-08-03,300464
2017-08-03,300218
2017-08-03,300576
2017-08-03,002778
2017-08-03,600778
2017-08-03,300656
2017-08-03,300405
2017-08-03,300655
2017-08-03,002883
2017-08-03,600455
2017-08-03,300622
2017-08-03,002857
2017-08-03,300169
2017-08-03,300598
2017-08-03,300670
2017-08-03,300126
2017-08-03,000713
2017-08-03,300452
2017-08-03,600448
2017-08-03,300586
2017-08-03,300647
2017-08-03,300638
2017-08-03,300637
2017-08-03,603879
2017-08-03,603617
2017-08-03,300557
2017-08-03,002627
2017-08-03,300573
2017-08-03,002878
2017-08-03,002886
2017-08-03,600444
2017-08-03,300587
2017-08-03,300387
2017-08-03,300615
2017-08-03,300517
2017-08-03,300139
2017-08-03,300653
2017-08-03,300305
2017-08-03,002209
2017-08-03,600371
2017-08-03,000695
2017-08-03,600520
2017-08-03,300659
2017-08-03,300542
2017-08-03,300442
2017-08-03,002687
2017-08-03,300604
2017-08-03,002660
2017-08-03,000610
2017-08-03,603330
2017-08-03,000779
2017-08-03,002780
2017-08-03,603331
2017-08-03,603226
2017-08-03,300593
2017-08-03,300608
2017-08-03,300585
2017-08-03,300536
2017-08-03,300652
2017-08-03,002881
2017-08-03,002796
2017-08-03,300022
2017-08-03,300092
2017-08-03,300478
2017-08-03,300192
2017-08-03,300486
2017-08-17,300483
2017-08-17,300321
2017-08-17,300354
2017-08-17,300669
2017-08-17,300650
2017-08-17,300665
2017-08-17,300417
2017-08-17,600768
2017-08-17,300106
2017-08-17,300640
2017-08-17,300651
2017-08-17,002862
2017-08-17,600423
2017-08-17,600561
2017-08-17,300578
2017-08-17,300489
2017-08-17,300243
2017-08-17,300667
2017-08-17,300220
2017-08-17,002633
2017-08-17,300553
2017-08-17,300635
2017-08-17,600605
2017-08-17,300538
2017-08-17,300540
2017-08-17,300631
2017-08-17,603330
2017-08-17,002886
2017-08-17,600778
2017-08-17,300655
2017-08-17,002778
2017-08-17,300551
2017-08-17,300656
2017-08-17,603617
2017-08-17,000702
2017-08-17,300218
2017-08-17,002883
2017-08-17,300622
2017-08-17,300405
2017-08-17,600455
2017-08-17,002667
2017-08-17,300670
2017-08-17,002878
2017-08-17,300592
2017-08-17,300605
2017-08-17,300637
2017-08-17,603536
2017-08-17,300573
2017-08-17,300387
2017-08-17,002627
2017-08-17,300647
2017-08-17,603879
2017-08-17,600448
2017-08-17,300615
2017-08-17,000713
2017-08-17,300169
2017-08-17,600444
2017-08-17,300638
2017-08-17,300586
2017-08-17,300557
2017-08-17,002660
2017-08-17,300587
2017-08-17,300517
2017-08-17,000695
2017-08-17,300126
2017-08-17,300604
2017-08-17,300652
2017-08-17,300576
2017-08-17,300305
2017-08-17,300139
2017-08-17,300598
2017-08-17,600520
2017-08-17,002881
2017-08-17,300452
2017-08-17,300442
2017-08-17,002687
2017-08-17,300593
2017-08-17,300659
2017-08-17,300554
2017-08-17,300680
2017-08-17,002892
2017-08-17,002888
2017-08-17,002890
2017-08-17,603860
2017-08-17,002871
2017-08-17,603041
2017-08-17,300535
2017-08-17,603031
2017-08-17,300606
2017-08-17,300671
2017-08-17,300260
2017-08-17,300509
2017-08-17,603029
2017-08-17,603286
2017-08-17,300464
2017-08-17,002857
2017-08-17,002796
2017-08-17,300022
2017-08-17,300092
2017-08-17,300192
2017-08-31,300321
2017-08-31,300354
2017-08-31,300483
2017-08-31,300106
2017-08-31,600768
2017-08-31,300417
2017-08-31,300489
2017-08-31,300243
2017-08-31,002633
2017-08-31,600778
2017-08-31,600561
2017-08-31,300220
2017-08-31,300650
2017-08-31,300387
2017-08-31,600605
2017-08-31,002667
2017-08-31,600423
2017-08-31,600455
2017-08-31,300540
2017-08-31,300218
2017-08-31,002778
2017-08-31,300640
2017-08-31,000713
2017-08-31,300538
2017-08-31,300651
2017-08-31,300553
2017-08-31,300126
2017-08-31,600448
2017-08-31,600444
2017-08-31,300665
2017-08-31,300169
2017-08-31,300669
2017-08-31,000695
2017-08-31,300551
2017-08-31,002627
2017-08-31,300622
2017-08-31,300139
2017-08-31,300517
2017-08-31,300305
2017-08-31,300573
2017-08-31,300631
2017-08-31,603330
2017-08-31,603031
2017-08-31,300656
2017-08-31,300452
2017-08-31,002687
2017-08-31,300442
2017-08-31,002660
2017-08-31,002862
2017-08-31,300554
2017-08-31,300576
2017-08-31,300655
2017-08-31,002857
2017-08-31,300535
2017-08-31,300405
2017-08-31,000702
2017-08-31,600520
2017-08-31,300605
2017-08-31,300260
2017-08-31,603536
2017-08-31,300557
2017-08-31,300637
2017-08-31,300509
2017-08-31,300578
2017-08-31,300586
2017-08-31,300587
2017-08-31,002890
2017-08-31,300638
2017-08-31,300598
2017-08-31,603286
2017-08-31,603041
2017-08-31,300680
2017-08-31,300606
2017-08-31,300698
2017-08-31,300046
2017-08-31,300235
2017-08-31,002760
2017-08-31,603991
2017-08-31,600371
2017-08-31,300254
2017-08-31,000779
2017-08-31,600128
2017-08-31,600883
2017-08-31,000610
2017-08-31,600573
2017-08-31,600099
2017-08-31,300329
2017-08-31,300120
2017-08-31,600796
2017-08-31,600731
2017-08-31,300277
2017-08-31,000785
2017-08-31,600241
2017-08-31,002800
2017-08-31,002892
2017-08-31,603029
2017-08-31,300464
2017-08-31,300022
2017-08-31,300092
2017-08-31,300192
2017-09-14,300321
2017-09-14,300483
2017-09-14,300354
2017-09-14,300106
2017-09-14,300417
2017-09-14,600768
2017-09-14,300489
2017-09-14,002633
2017-09-14,600423
2017-09-14,300650
2017-09-14,300665
2017-09-14,300243
2017-09-14,300669
2017-09-14,600561
2017-09-14,600455
2017-09-14,300540
2017-09-14,600605
2017-09-14,300387
2017-09-14,300640
2017-09-14,300651
2017-09-14,002778
2017-09-14,300218
2017-09-14,000702
2017-09-14,300538
2017-09-14,300553
2017-09-14,002667
2017-09-14,300622
2017-09-14,600444
2017-09-14,300551
2017-09-14,603330
2017-09-14,300169
2017-09-14,300452
2017-09-14,300680
2017-09-14,300405
2017-09-14,000713
2017-09-14,002890
2017-09-14,002862
2017-09-14,300126
2017-09-14,600448
2017-09-14,300573
2017-09-14,300220
2017-09-14,002857
2017-09-14,300517
2017-09-14,300305
2017-09-14,300235
2017-09-14,603286
2017-09-14,300557
2017-09-14,300535
2017-09-14,600099
2017-09-14,300656
2017-09-14,300046
2017-09-14,002627
2017-09-14,603031
2017-09-14,300586
2017-09-14,300631
2017-09-14,300442
2017-09-14,300587
2017-09-14,600573
2017-09-14,300578
2017-09-14,603991
2017-09-14,603041
2017-09-14,300655
2017-09-14,002760
2017-09-14,600796
2017-09-14,300605
2017-09-14,300637
2017-09-14,300509
2017-09-14,300139
2017-09-14,600371
2017-09-14,300576
2017-09-14,600128
2017-09-14,002687
2017-09-14,000695
2017-09-14,002800
2017-09-14,300638
2017-09-14,300606
2017-09-14,000779
2017-09-14,300329
2017-09-14,600731
2017-09-14,000785
2017-09-14,300275
2017-09-14,600189
2017-09-14,300652
2017-09-14,300592
2017-09-14,002871
2017-09-14,300636
2017-09-14,300615
2017-09-14,603226
2017-09-14,002395
2017-09-14,300584
2017-09-14,300536
2017-09-14,300563
2017-09-14,002209
2017-09-14,600778
2017-09-14,600883
2017-09-14,603029
2017-09-14,300464
2017-09-14,300022
2017-09-14,300092
2017-09-14,300192
2017-09-28,300483
2017-09-28,300321
2017-09-28,300354
2017-09-28,300106
2017-09-28,600768
2017-09-28,600423
2017-09-28,300417
2017-09-28,300489
2017-09-28,002633
2017-09-28,600561
2017-09-28,300540
2017-09-28,300665
2017-09-28,600605
2017-09-28,300650
2017-09-28,000702
2017-09-28,300669
2017-09-28,300243
2017-09-28,300680
2017-09-28,600455
2017-09-28,002778
2017-09-28,300640
2017-09-28,300218
2017-09-28,600778
2017-09-28,603286
2017-09-28,300126
2017-09-28,300538
2017-09-28,300387
2017-09-28,300553
2017-09-28,300169
2017-09-28,002857
2017-09-28,603330
2017-09-28,000713
2017-09-28,300405
2017-09-28,002890
2017-09-28,300275
2017-09-28,300517
2017-09-28,300535
2017-09-28,300622
2017-09-28,600099
2017-09-28,300551
2017-09-28,300220
2017-09-28,600573
2017-09-28,300452
2017-09-28,002627
2017-09-28,300305
2017-09-28,600448
2017-09-28,603031
2017-09-28,000695
2017-09-28,002862
2017-09-28,300651
2017-09-28,300509
2017-09-28,002395
2017-09-28,600796
2017-09-28,600883
2017-09-28,600189
2017-09-28,300235
2017-09-28,300587
2017-09-28,300329
2017-09-28,300637
2017-09-28,002687
2017-09-28,300573
2017-09-28,600731
2017-09-28,300606
2017-09-28,603041
2017-09-28,603226
2017-09-28,002209
2017-09-28,300652
2017-09-28,300536
2017-09-28,300586
2017-09-28,600128
2017-09-28,300442
2017-09-28,300139
2017-09-28,002800
2017-09-28,600371
2017-09-28,000779
2017-09-28,002871
2017-09-28,002888
2017-09-28,603090
2017-09-28,603617
2017-09-28,603679
2017-09-28,600506
2017-09-28,603880
2017-09-28,300120
2017-09-28,002810
2017-09-28,002883
2017-09-28,300539
2017-09-28,300260
2017-09-28,603536
2017-09-28,002758
2017-09-28,600302
2017-09-28,600493
2017-09-28,002865
2017-09-28,600857
2017-09-28,600156
2017-09-28,600520
2017-09-28,002667
2017-09-28,603029
2017-09-28,300464
2017-09-28,300022
2017-09-28,300092
2017-10-12,300321
2017-10-12,300354
2017-10-12,600768
2017-10-12,002633
2017-10-12,600423
2017-10-12,300489
2017-10-12,300417
2017-10-12,300106
2017-10-12,600561
2017-10-12,300665
2017-10-12,300650
2017-10-12,600605
2017-10-12,300540
2017-10-12,600455
2017-10-12,300669
2017-10-12,000702
2017-10-12,600778
2017-10-12,002778
2017-10-12,300218
2017-10-12,300640
2017-10-12,300680
2017-10-12,603286
2017-10-12,300464
2017-10-12,300538
2017-10-12,300622
2017-10-12,300553
2017-10-12,000713
2017-10-12,300405
2017-10-12,300387
2017-10-12,603330
2017-10-12,002667
2017-10-12,300126
2017-10-12,002857
2017-10-12,300651
2017-10-12,002890
2017-10-12,300243
2017-10-12,300169
2017-10-12,002888
2017-10-12,300551
2017-10-12,300517
2017-10-12,002627
2017-10-12,300535
2017-10-12,600099
2017-10-12,300220
2017-10-12,300452
2017-10-12,300092
2017-10-12,603031
2017-10-12,300305
2017-10-12,600573
2017-10-12,603090
2017-10-12,600506
2017-10-12,603679
2017-10-12,600448
2017-10-12,603617
2017-10-12,300573
2017-10-12,300509
2017-10-12,603536
2017-10-12,002209
2017-10-12,002862
2017-10-12,002395
2017-10-12,600189
2017-10-12,603226
2017-10-12,600796
2017-10-12,300637
2017-10-12,300587
2017-10-12,603041
2017-10-12,002687
2017-10-12,600731
2017-10-12,300120
2017-10-12,002810
2017-10-12,300442
2017-10-12,300652
2017-10-12,600128
2017-10-12,600520
2017-10-12,300329
2017-10-12,002883
2017-10-12,300235
2017-10-12,600302
2017-10-12,600857
2017-10-12,600493
2017-10-12,300139
2017-10-12,002871
2017-10-12,600883
2017-10-12,300586
2017-10-12,600156
2017-10-12,300536
2017-10-12,600371
2017-10-12,603991
2017-10-12,600444
2017-10-12,300557
2017-10-12,600241
2017-10-12,002886
2017-10-12,300576
2017-10-12,300046
2017-10-12,600980
2017-10-12,002205
2017-10-12,300483
2017-10-12,000695
2017-10-12,603029
2017-10-12,300022
2017-10-26,300106
2017-10-26,300321
2017-10-26,002633
2017-10-26,600768
2017-10-26,600423
2017-10-26,300489
2017-10-26,600561
2017-10-26,600778
2017-10-26,300417
2017-10-26,000702
2017-10-26,300354
2017-10-26,600605
2017-10-26,300218
2017-10-26,300540
2017-10-26,300405
2017-10-26,000713
2017-10-26,002778
2017-10-26,300387
2017-10-26,300126
2017-10-26,300680
2017-10-26,300092
2017-10-26,300553
2017-10-26,600444
2017-10-26,300220
2017-10-26,300464
2017-10-26,300551
2017-10-26,300169
2017-10-26,600455
2017-10-26,300640
2017-10-26,300139
2017-10-26,300243
2017-10-26,300538
2017-10-26,603286
2017-10-26,300305
2017-10-26,600573
2017-10-26,300669
2017-10-26,002667
2017-10-26,300442
2017-10-26,600796
2017-10-26,002857
2017-10-26,002209
2017-10-26,603090
2017-10-26,603031
2017-10-26,300235
2017-10-26,002687
2017-10-26,603330
2017-10-26,603991
2017-10-26,300517
2017-10-26,002395
2017-10-26,300651
2017-10-26,600241
2017-10-26,600099
2017-10-26,600506
2017-10-26,300452
2017-10-26,600448
2017-10-26,600493
2017-10-26,600371
2017-10-26,300557
2017-10-26,603536
2017-10-26,300509
2017-10-26,300329
2017-10-26,300535
2017-10-26,600156
2017-10-26,600128
2017-10-26,300573
2017-10-26,600731
2017-10-26,300576
2017-10-26,002862
2017-10-26,603679
2017-10-26,603041
2017-10-26,002205
2017-10-26,600857
2017-10-26,300046
2017-10-26,603617
2017-10-26,300637
2017-10-26,600980
2017-10-26,600520
2017-10-26,002890
2017-10-26,600883
2017-10-26,600189
2017-10-26,300120
2017-10-26,002909
2017-10-26,300715
2017-10-26,300254
2017-10-26,002758
2017-10-26,002272
2017-10-26,600379
2017-10-26,600095
2017-10-26,300592
2017-10-26,300371
2017-10-26,600560
2017-10-26,002725
2017-10-26,300647
2017-10-26,600538
2017-10-26,300483
2017-10-26,000695
2017-10-26,603029
2017-10-26,300022
2017-11-09,300106
2017-11-09,300354
2017-11-09,002633
2017-11-09,600561
2017-11-09,600778
2017-11-09,300489
2017-11-09,000702
2017-11-09,300218
2017-11-09,600768
2017-11-09,300405
2017-11-09,603029
2017-11-09,300092
2017-11-09,300540
2017-11-09,600423
2017-11-09,600605
2017-11-09,000713
2017-11-09,300321
2017-11-09,300387
2017-11-09,300022
2017-11-09,300169
2017-11-09,300126
2017-11-09,300464
2017-11-09,300551
2017-11-09,300243
2017-11-09,300553
2017-11-09,300139
2017-11-09,600573
2017-11-09,300305
2017-11-09,002667
2017-11-09,603031
2017-11-09,300417
2017-11-09,002205
2017-11-09,300557
2017-11-09,300517
2017-11-09,300669
2017-11-09,300538
2017-11-09,603090
2017-11-09,600796
2017-11-09,603286
2017-11-09,300442
2017-11-09,600448
2017-11-09,600444
2017-11-09,600506
2017-11-09,300509
2017-11-09,300640
2017-11-09,603330
2017-11-09,002778
2017-11-09,600099
2017-11-09,600156
2017-11-09,600371
2017-11-09,600455
2017-11-09,600095
2017-11-09,600493
2017-11-09,002857
2017-11-09,002395
2017-11-09,300235
2017-11-09,600857
2017-11-09,300329
2017-11-09,300254
2017-11-09,600241
2017-11-09,603991
2017-11-09,002209
2017-11-09,600128
2017-11-09,002758
2017-11-09,600189
2017-11-09,300651
2017-11-09,600731
2017-11-09,300576
2017-11-09,600883
2017-11-09,300573
2017-11-09,300452
2017-11-09,600980
2017-11-09,300220
2017-11-09,002862
2017-11-09,600560
2017-11-09,603041
2017-11-09,600538
2017-11-09,300371
2017-11-09,300647
2017-11-09,603536
2017-11-09,300120
2017-11-09,002810
2017-11-09,300062
2017-11-09,002780
2017-11-09,600615
2017-11-09,300283
2017-11-09,300622
2017-11-09,000785
2017-11-09,603701
2017-11-09,000890
2017-11-09,002796
2017-11-09,600235
2017-11-09,600356
2017-11-09,300521
2017-11-09,300539
2017-11-09,300615
2017-11-09,300680
2017-11-09,002909
2017-11-09,300483
2017-11-09,000695
2017-11-23,300106
2017-11-23,300354
2017-11-23,603029
2017-11-23,600423
2017-11-23,300489
2017-11-23,300417
2017-11-23,600561
2017-11-23,300405
2017-11-23,300551
2017-11-23,600778
2017-11-23,300540
2017-11-23,600768
2017-11-23,300022
2017-11-23,300092
2017-11-23,603031
2017-11-23,300169
2017-11-23,300321
2017-11-23,000702
2017-11-23,300218
2017-11-23,603090
2017-11-23,600605
2017-11-23,300387
2017-11-23,002633
2017-11-23,002810
2017-11-23,300126
2017-11-23,300669
2017-11-23,300517
2017-11-23,300640
2017-11-23,600444
2017-11-23,600099
2017-11-23,000713
2017-11-23,300553
2017-11-23,002205
2017-11-23,300538
2017-11-23,300557
2017-11-23,600573
2017-11-23,600796
2017-11-23,300139
2017-11-23,600506
2017-11-23,600493
2017-11-23,002778
2017-11-23,300305
2017-11-23,300442
2017-11-23,300576
2017-11-23,300464
2017-11-23,300509
2017-11-23,600095
2017-11-23,600156
2017-11-23,300235
2017-11-23,300254
2017-11-23,603041
2017-11-23,300521
2017-11-23,300622
2017-11-23,002758
2017-11-23,300573
2017-11-23,300062
2017-11-23,600883
2017-11-23,002395
2017-11-23,300329
2017-11-23,300243
2017-11-23,600371
2017-11-23,600455
2017-11-23,603701
2017-11-23,002862
2017-11-23,600560
2017-11-23,300371
2017-11-23,002796
2017-11-23,600980
2017-11-23,600448
2017-11-23,300539
2017-11-23,600128
2017-11-23,002209
2017-11-23,603991
2017-11-23,000890
2017-11-23,300647
2017-11-23,600731
2017-11-23,600241
2017-11-23,300283
2017-11-23,600235
2017-11-23,300615
2017-11-23,300665
2017-11-23,300275
2017-11-23,603617
2017-11-23,300654
2017-11-23,603633
2017-11-23,300592
2017-11-23,600793
2017-11-23,002888
2017-11-23,603819
2017-11-23,002800
2017-11-23,603028
2017-11-23,603859
2017-11-23,002865
2017-11-23,300542
2017-11-23,002890
2017-11-23,603499
2017-11-23,300220
2017-11-23,300680
2017-11-23,300483
2017-11-23,000695
2017-12-07,300106
2017-12-07,600423
2017-12-07,603029
2017-12-07,600778
2017-12-07,300354
2017-12-07,000702
2017-12-07,603031
2017-12-07,300218
2017-12-07,300540
2017-12-07,002633
2017-12-07,300022
2017-12-07,300489
2017-12-07,600506
2017-12-07,300551
2017-12-07,600561
2017-12-07,300417
2017-12-07,600605
2017-12-07,300405
2017-12-07,300669
2017-12-07,600444
2017-12-07,300235
2017-12-07,600768
2017-12-07,603090
2017-12-07,300509
2017-12-07,603991
2017-12-07,300553
2017-12-07,300665
2017-12-07,300092
2017-12-07,300538
2017-12-07,300576
2017-12-07,002810
2017-12-07,603819
2017-12-07,300321
2017-12-07,300640
2017-12-07,603617
2017-12-07,300517
2017-12-07,002205
2017-12-07,603633
2017-12-07,300387
2017-12-07,600099
2017-12-07,002778
2017-12-07,300126
2017-12-07,300592
2017-12-07,300573
2017-12-07,300169
2017-12-07,300254
2017-12-07,600156
2017-12-07,002888
2017-12-07,300442
2017-12-07,002890
2017-12-07,600095
2017-12-07,300557
2017-12-07,603041
2017-12-07,600796
2017-12-07,000713
2017-12-07,300062
2017-12-07,600493
2017-12-07,300139
2017-12-07,603499
2017-12-07,300305
2017-12-07,300275
2017-12-07,300647
2017-12-07,002800
2017-12-07,603028
2017-12-07,603701
2017-12-07,002862
2017-12-07,300371
2017-12-07,300539
2017-12-07,300521
2017-12-07,600573
2017-12-07,002395
2017-12-07,002758
2017-12-07,600731
2017-12-07,600980
2017-12-07,600371
2017-12-07,300622
2017-12-07,300329
2017-12-07,600128
2017-12-07,600560
2017-12-07,603330
2017-12-07,300720
2017-12-07,300717
2017-12-07,300650
2017-12-07,600302
2017-12-07,300605
2017-12-07,603860
2017-12-07,002883
2017-12-07,002909
2017-12-07,603536
2017-12-07,002871
2017-12-07,002857
2017-12-07,300535
2017-12-07,300631
2017-12-07,603033
2017-12-07,300670
2017-12-07,300598
2017-12-07,002864
2017-12-07,300680
2017-12-07,300483
2017-12-07,000695
2017-12-21,300106
2017-12-21,002633
2017-12-21,300354
2017-12-21,300489
2017-12-21,603029
2017-12-21,600778
2017-12-21,000702
2017-12-21,603031
2017-12-21,300405
2017-12-21,300417
2017-12-21,300218
2017-12-21,300551
2017-12-21,300540
2017-12-21,603090
2017-12-21,600561
2017-12-21,603819
2017-12-21,300235
2017-12-21,300573
2017-12-21,300509
2017-12-21,300576
2017-12-21,300169
2017-12-21,300517
2017-12-21,300387
2017-12-21,300538
2017-12-21,600506
2017-12-21,002205
2017-12-21,300669
2017-12-21,300553
2017-12-21,300640
2017-12-21,600605
2017-12-21,300092
2017-12-21,600768
2017-12-21,300321
2017-12-21,600423
2017-12-21,603991
2017-12-21,600444
2017-12-21,300254
2017-12-21,002778
2017-12-21,603330
2017-12-21,300126
2017-12-21,300442
2017-12-21,300557
2017-12-21,300592
2017-12-21,300717
2017-12-21,603633
2017-12-21,300062
2017-12-21,002758
2017-12-21,000713
2017-12-21,300665
2017-12-21,600099
2017-12-21,600493
2017-12-21,300720
2017-12-21,300535
2017-12-21,300139
2017-12-21,600796
2017-12-21,603041
2017-12-21,002864
2017-12-21,600302
2017-12-21,600156
2017-12-21,600095
2017-12-21,300650
2017-12-21,002890
2017-12-21,002810
2017-12-21,300022
2017-12-21,002395
2017-12-21,300275
2017-12-21,002857
2017-12-21,603701
2017-12-21,300305
2017-12-21,002862
2017-12-21,300329
2017-12-21,603860
2017-12-21,002800
2017-12-21,600980
2017-12-21,300539
2017-12-21,603028
2017-12-21,300605
2017-12-21,002883
2017-12-21,300622
2017-12-21,603499
2017-12-21,002871
2017-12-21,002888
2017-12-21,600560
2017-12-21,300647
2017-12-21,600573
2017-12-21,603536
2017-12-21,600128
2017-12-21,600731
2017-12-21,300598
2017-12-21,002209
2017-12-21,000014
2017-12-21,300715
2017-12-21,300214
2017-12-21,600769
2017-12-21,002725
2017-12-21,600883
2017-12-21,600857
2017-12-21,300680
2017-12-21,300483
2017-12-21,000695
2018-01-04,300106
2018-01-04,002633
2018-01-04,300354
2018-01-04,300489
2018-01-04,600778
2018-01-04,300417
2018-01-04,000702
2018-01-04,300551
2018-01-04,300553
2018-01-04,603029
2018-01-04,300405
2018-01-04,300169
2018-01-04,300573
2018-01-04,300218
2018-01-04,600768
2018-01-04,603031
2018-01-04,300540
2018-01-04,603090
2018-01-04,300517
2018-01-04,600605
2018-01-04,300092
2018-01-04,600561
2018-01-04,300669
2018-01-04,300235
2018-01-04,300576
2018-01-04,603819
2018-01-04,300387
2018-01-04,300538
2018-01-04,300640
2018-01-04,600506
2018-01-04,000713
2018-01-04,300509
2018-01-04,603991
2018-01-04,600302
2018-01-04,300592
2018-01-04,300557
2018-01-04,300126
2018-01-04,300321
2018-01-04,600423
2018-01-04,300665
2018-01-04,600099
2018-01-04,600857
2018-01-04,300442
2018-01-04,603330
2018-01-04,300254
2018-01-04,300139
2018-01-04,600156
2018-01-04,603633
2018-01-04,300062
2018-01-04,002857
2018-01-04,002209
2018-01-04,300214
2018-01-04,600444
2018-01-04,600493
2018-01-04,300535
2018-01-04,300622
2018-01-04,002205
2018-01-04,300720
2018-01-04,300329
2018-01-04,000014
2018-01-04,002862
2018-01-04,002890
2018-01-04,002888
2018-01-04,300305
2018-01-04,002758
2018-01-04,603041
2018-01-04,600796
2018-01-04,002810
2018-01-04,002778
2018-01-04,600769
2018-01-04,600573
2018-01-04,300717
2018-01-04,600095
2018-01-04,603701
2018-01-04,300275
2018-01-04,002725
2018-01-04,300605
2018-01-04,300539
2018-01-04,002395
2018-01-04,603028
2018-01-04,600560
2018-01-04,300022
2018-01-04,600883
2018-01-04,002871
2018-01-04,600731
2018-01-04,600128
2018-01-04,002800
2018-01-04,603536
2018-01-04,002667
2018-01-04,300464
2018-01-04,600455
2018-01-04,600235
2018-01-04,300390
2018-01-04,300283
2018-01-04,600202
2018-01-04,300631
2018-01-04,300501
2018-01-04,300680
2018-01-04,300483
2018-01-04,000695
2018-01-18,300106
2018-01-18,300354
2018-01-18,300489
2018-01-18,002633
2018-01-18,600778
2018-01-18,300551
2018-01-18,600768
2018-01-18,000702
2018-01-18,300417
2018-01-18,603029
2018-01-18,300540
2018-01-18,300405
2018-01-18,300092
2018-01-18,300218
2018-01-18,603031
2018-01-18,300517
2018-01-18,002209
2018-01-18,603090
2018-01-18,600561
2018-01-18,300553
2018-01-18,300169
2018-01-18,600605
2018-01-18,300509
2018-01-18,300235
2018-01-18,600099
2018-01-18,300576
2018-01-18,000713
2018-01-18,600302
2018-01-18,300640
2018-01-18,300442
2018-01-18,300139
2018-01-18,002205
2018-01-18,300573
2018-01-18,300464
2018-01-18,300126
2018-01-18,603819
2018-01-18,600857
2018-01-18,300062
2018-01-18,300557
2018-01-18,300669
2018-01-18,300538
2018-01-18,300321
2018-01-18,300022
2018-01-18,300254
2018-01-18,300665
2018-01-18,603330
2018-01-18,300214
2018-01-18,600796
2018-01-18,300622
2018-01-18,000695
2018-01-18,603991
2018-01-18,600455
2018-01-18,002758
2018-01-18,600423
2018-01-18,002395
2018-01-18,300483
2018-01-18,300535
2018-01-18,300387
2018-01-18,002778
2018-01-18,300592
2018-01-18,002667
2018-01-18,600156
2018-01-18,600560
2018-01-18,300305
2018-01-18,600883
2018-01-18,603701
2018-01-18,002862
2018-01-18,603633
2018-01-18,600573
2018-01-18,300283
2018-01-18,002800
2018-01-18,300390
2018-01-18,002857
2018-01-18,600444
2018-01-18,300329
2018-01-18,002890
2018-01-18,600235
2018-01-18,300605
2018-01-18,603041
2018-01-18,600095
2018-01-18,300539
2018-01-18,600769
2018-01-18,002725
2018-01-18,300624
2018-01-18,300521
2018-01-18,300220
2018-01-18,603617
2018-01-18,300499
2018-01-18,600137
2018-01-18,300598
2018-01-18,002272
2018-01-18,600980
2018-01-18,300371
2018-01-18,600371
2018-01-18,603033
2018-01-18,300593
2018-01-18,002105
2018-01-18,600689
2018-01-18,603028
2018-01-18,300680
2018-02-01,300106
2018-02-01,300354
2018-02-01,300489
2018-02-01,002633
2018-02-01,600778
2018-02-01,600768
2018-02-01,300139
2018-02-01,300551
2018-02-01,300540
2018-02-01,300218
2018-02-01,002209
2018-02-01,300405
2018-02-01,300417
2018-02-01,603090
2018-02-01,300321
2018-02-01,300553
2018-02-01,300573
2018-02-01,300220
2018-02-01,300235
2018-02-01,600561
2018-02-01,600156
2018-02-01,300062
2018-02-01,300483
2018-02-01,300464
2018-02-01,300592
2018-02-01,603029
2018-02-01,300576
2018-02-01,000713
2018-02-01,300665
2018-02-01,300022
2018-02-01,600302
2018-02-01,603330
2018-02-01,300538
2018-02-01,300669
2018-02-01,603819
2018-02-01,300509
2018-02-01,300535
2018-02-01,300126
2018-02-01,300442
2018-02-01,603991
2018-02-01,300557
2018-02-01,600423
2018-02-01,603031
2018-02-01,300521
2018-02-01,002205
2018-02-01,000702
2018-02-01,300169
2018-02-01,300254
2018-02-01,300517
2018-02-01,002758
2018-02-01,600605
2018-02-01,300640
2018-02-01,300622
2018-02-01,300598
2018-02-01,002667
2018-02-01,002857
2018-02-01,600796
2018-02-01,002890
2018-02-01,300387
2018-02-01,002778
2018-02-01,603633
2018-02-01,600689
2018-02-01,600095
2018-02-01,002272
2018-02-01,002800
2018-02-01,603041
2018-02-01,300283
2018-02-01,300605
2018-02-01,600099
2018-02-01,603701
2018-02-01,600769
2018-02-01,603617
2018-02-01,002395
2018-02-01,600857
2018-02-01,300499
2018-02-01,300305
2018-02-01,600371
2018-02-01,300329
2018-02-01,000695
2018-02-01,600235
2018-02-01,600980
2018-02-01,603506
2018-02-01,300404
2018-02-01,300615
2018-02-01,002888
2018-02-01,300076
2018-02-01,300563
2018-02-01,603859
2018-02-01,002849
2018-02-01,300720
2018-02-01,002066
2018-02-01,600493
2018-02-01,300717
2018-02-01,603860
2018-02-01,300589
2018-02-01,002576
2018-02-01,603033
2018-02-01,300593
2018-02-01,603028
2018-02-01,300680
2018-03-01,300106
2018-03-01,002633
2018-03-01,300489
2018-03-01,300354
2018-03-01,300321
2018-03-01,600778
2018-03-01,603029
2018-03-01,300540
2018-03-01,300551
2018-03-01,603090
2018-03-01,600768
2018-03-01,300517
2018-03-01,002778
2018-03-01,000702
2018-03-01,300553
2018-03-01,300218
2018-03-01,300417
2018-03-01,300573
2018-03-01,600099
2018-03-01,300220
2018-03-01,300405
2018-03-01,300139
2018-03-01,603991
2018-03-01,300669
2018-03-01,600156
2018-03-01,002209
2018-03-01,603031
2018-03-01,300538
2018-03-01,603330
2018-03-01,300592
2018-03-01,603819
2018-03-01,300464
2018-03-01,300535
2018-03-01,300665
2018-03-01,002667
2018-03-01,300235
2018-03-01,300576
2018-03-01,300598
2018-03-01,002758
2018-03-01,002205
2018-03-01,300126
2018-03-01,300557
2018-03-01,300680
2018-03-01,600302
2018-03-01,300062
2018-03-01,300254
2018-03-01,300521
2018-03-01,300615
2018-03-01,300720
2018-03-01,300622
2018-03-01,002890
2018-03-01,300442
2018-03-01,002800
2018-03-01,603633
2018-03-01,600605
2018-03-01,300483
2018-03-01,600689
2018-03-01,600796
2018-03-01,603041
2018-03-01,300563
2018-03-01,300387
2018-03-01,300022
2018-03-01,000713
2018-03-01,600423
2018-03-01,300717
2018-03-01,600561
2018-03-01,002888
2018-03-01,002395
2018-03-01,600769
2018-03-01,300499
2018-03-01,600493
2018-03-01,603617
2018-03-01,300509
2018-03-01,603701
2018-03-01,300169
2018-03-01,300605
2018-03-01,002066
2018-03-01,300589
2018-03-01,300404
2018-03-01,300283
2018-03-01,600095
2018-03-01,300305
2018-03-01,002576
2018-03-01,300092
2018-03-01,002715
2018-03-01,600883
2018-03-01,600573
2018-03-01,300539
2018-03-01,600379
2018-03-01,300647
2018-03-01,002858
2018-03-01,300192
2018-03-01,300452
2018-03-01,002810
2018-03-01,002760
2018-03-01,600455
2018-03-01,300640
2018-03-01,002857
2018-03-01,603033
2018-03-01,300593
2018-03-15,300106
2018-03-15,300489
2018-03-15,300354
2018-03-15,600778
2018-03-15,603029
2018-03-15,300321
2018-03-15,002633
2018-03-15,300540
2018-03-15,300551
2018-03-15,603090
2018-03-15,300405
2018-03-15,600768
2018-03-15,300417
2018-03-15,300553
2018-03-15,603991
2018-03-15,002778
2018-03-15,300218
2018-03-15,300573
2018-03-15,000702
2018-03-15,300092
2018-03-15,300220
2018-03-15,603330
2018-03-15,300517
2018-03-15,300665
2018-03-15,603031
2018-03-15,002715
2018-03-15,300535
2018-03-15,300139
2018-03-15,300680
2018-03-15,300669
2018-03-15,300538
2018-03-15,002667
2018-03-15,002209
2018-03-15,300592
2018-03-15,603819
2018-03-15,600099
2018-03-15,600605
2018-03-15,600156
2018-03-15,002758
2018-03-15,300235
2018-03-15,300576
2018-03-15,300442
2018-03-15,300557
2018-03-15,300521
2018-03-15,002890
2018-03-15,300126
2018-03-15,300062
2018-03-15,300254
2018-03-15,002800
2018-03-15,600302
2018-03-15,603041
2018-03-15,300598
2018-03-15,300615
2018-03-15,300720
2018-03-15,300022
2018-03-15,600796
2018-03-15,603633
2018-03-15,002205
2018-03-15,300622
2018-03-15,600573
2018-03-15,002888
2018-03-15,600561
2018-03-15,300387
2018-03-15,300192
2018-03-15,300509
2018-03-15,300539
2018-03-15,600883
2018-03-15,300499
2018-03-15,600455
2018-03-15,300169
2018-03-15,600689
2018-03-15,300305
2018-03-15,000713
2018-03-15,300563
2018-03-15,300483
2018-03-15,603701
2018-03-15,300589
2018-03-15,300605
2018-03-15,002858
2018-03-15,300452
2018-03-15,600493
2018-03-15,603617
2018-03-15,300283
2018-03-15,600095
2018-03-15,300717
2018-03-15,600769
2018-03-15,300404
2018-03-15,603908
2018-03-15,000695
2018-03-15,002780
2018-03-15,600444
2018-03-15,603879
2018-03-15,002272
2018-03-15,300453
2018-03-15,300464
2018-03-15,600423
2018-03-15,300640
2018-03-15,002857
2018-03-15,603033
2018-03-15,300593
2018-03-29,300106
2018-03-29,002633
2018-03-29,600778
2018-03-29,300489
2018-03-29,300354
2018-03-29,300321
2018-03-29,300405
2018-03-29,300417
2018-03-29,002209
2018-03-29,300139
2018-03-29,300218
2018-03-29,300540
2018-03-29,300551
2018-03-29,002778
2018-03-29,000702
2018-03-29,300092
2018-03-29,600768
2018-03-29,603090
2018-03-29,600605
2018-03-29,300220
2018-03-29,603991
2018-03-29,603031
2018-03-29,300573
2018-03-29,603819
2018-03-29,300022
2018-03-29,300126
2018-03-29,300535
2018-03-29,300553
2018-03-29,300062
2018-03-29,300538
2018-03-29,300592
2018-03-29,603330
2018-03-29,300640
2018-03-29,600156
2018-03-29,002667
2018-03-29,603029
2018-03-29,300665
2018-03-29,600573
2018-03-29,300387
2018-03-29,600561
2018-03-29,300622
2018-03-29,300680
2018-03-29,300442
2018-03-29,002205
2018-03-29,600493
2018-03-29,002715
2018-03-29,600099
2018-03-29,600796
2018-03-29,300235
2018-03-29,300576
2018-03-29,603908
2018-03-29,300169
2018-03-29,603041
2018-03-29,300539
2018-03-29,002800
2018-03-29,300521
2018-03-29,300305
2018-03-29,600455
2018-03-29,000713
2018-03-29,300192
2018-03-29,300254
2018-03-29,300669
2018-03-29,300563
2018-03-29,300557
2018-03-29,002272
2018-03-29,002758
2018-03-29,300615
2018-03-29,300283
2018-03-29,002890
2018-03-29,600302
2018-03-29,002780
2018-03-29,300499
2018-03-29,600444
2018-03-29,603701
2018-03-29,300452
2018-03-29,300517
2018-03-29,300720
2018-03-29,300483
2018-03-29,002888
2018-03-29,300453
2018-03-29,603879
2018-03-29,002760
2018-03-29,002112
2018-03-29,300329
2018-03-29,603088
2018-03-29,600137
2018-03-29,600793
2018-03-29,300076
2018-03-29,002862
2018-03-29,000692
2018-03-29,002725
2018-03-29,600506
2018-03-29,600889
2018-03-29,300515
2018-03-29,300598
2018-03-29,600689
2018-03-29,300464
2018-03-29,600423
2018-03-29,002857
2018-03-29,603033
2018-04-12,300106
2018-04-12,002633
2018-04-12,300321
2018-04-12,300489
2018-04-12,300218
2018-04-12,300139
2018-04-12,000702
2018-04-12,600768
2018-04-12,300354
2018-04-12,300022
2018-04-12,300540
2018-04-12,600605
2018-04-12,300405
2018-04-12,300220
2018-04-12,300092
2018-04-12,002209
2018-04-12,603090
2018-04-12,600156
2018-04-12,002715
2018-04-12,002205
2018-04-12,300417
2018-04-12,300553
2018-04-12,300126
2018-04-12,600561
2018-04-12,002778
2018-04-12,603029
2018-04-12,300169
2018-04-12,600099
2018-04-12,600778
2018-04-12,603031
2018-04-12,300235
2018-04-12,300062
2018-04-12,002760
2018-04-12,600573
2018-04-12,300573
2018-04-12,600455
2018-04-12,300551
2018-04-12,300442
2018-04-12,603819
2018-04-12,600796
2018-04-12,603330
2018-04-12,600302
2018-04-12,603088
2018-04-12,603991
2018-04-12,600493
2018-04-12,002800
2018-04-12,600506
2018-04-12,600137
2018-04-12,300640
2018-04-12,300592
2018-04-12,002667
2018-04-12,300387
2018-04-12,002112
2018-04-12,300305
2018-04-12,300254
2018-04-12,000713
2018-04-12,300517
2018-04-12,300557
2018-04-12,300329
2018-04-12,300538
2018-04-12,300521
2018-04-12,002272
2018-04-12,300483
2018-04-12,603041
2018-04-12,300192
2018-04-12,300283
2018-04-12,600444
2018-04-12,300622
2018-04-12,300680
2018-04-12,300535
2018-04-12,603908
2018-04-12,300499
2018-04-12,002780
2018-04-12,300615
2018-04-12,300539
2018-04-12,002725
2018-04-12,300669
2018-04-12,002862
2018-04-12,000692
2018-04-12,300515
2018-04-12,600883
2018-04-12,600615
2018-04-12,600379
2018-04-12,603633
2018-04-12,600095
2018-04-12,300025
2018-04-12,300275
2018-04-12,000695
2018-04-12,300345
2018-04-12,002066
2018-04-12,603028
2018-04-12,300402
2018-04-12,600235
2018-04-12,603022
2018-04-12,002888
2018-04-12,300598
2018-04-12,300464
2018-04-12,600423
2018-04-12,002857
2018-04-12,603033
2018-04-26,300106
2018-04-26,002633
2018-04-26,300321
2018-04-26,300489
2018-04-26,300354
2018-04-26,300218
2018-04-26,600768
2018-04-26,603090
2018-04-26,000702
2018-04-26,300405
2018-04-26,300022
2018-04-26,002205
2018-04-26,300417
2018-04-26,600156
2018-04-26,002715
2018-04-26,300062
2018-04-26,300092
2018-04-26,600605
2018-04-26,300540
2018-04-26,300126
2018-04-26,300573
2018-04-26,300169
2018-04-26,600099
2018-04-26,600455
2018-04-26,002112
2018-04-26,600561
2018-04-26,300592
2018-04-26,002800
2018-04-26,600302
2018-04-26,600796
2018-04-26,002760
2018-04-26,002667
2018-04-26,300551
2018-04-26,603330
2018-04-26,300220
2018-04-26,600137
2018-04-26,300553
2018-04-26,600506
2018-04-26,603819
2018-04-26,300442
2018-04-26,603031
2018-04-26,300521
2018-04-26,600444
2018-04-26,300557
2018-04-26,300254
2018-04-26,603991
2018-04-26,603088
2018-04-26,600095
2018-04-26,300499
2018-04-26,300622
2018-04-26,603041
2018-04-26,603028
2018-04-26,600493
2018-04-26,300305
2018-04-26,300535
2018-04-26,300539
2018-04-26,300669
2018-04-26,300192
2018-04-26,603908
2018-04-26,603029
2018-04-26,002066
2018-04-26,600883
2018-04-26,002862
2018-04-26,300538
2018-04-26,603022
2018-04-26,002780
2018-04-26,600379
2018-04-26,600235
2018-04-26,002209
2018-04-26,300275
2018-04-26,600573
2018-04-26,000695
2018-04-26,300402
2018-04-26,002272
2018-04-26,300283
2018-04-26,000692
2018-04-26,600615
2018-04-26,300387
2018-04-26,300235
2018-04-26,300329
2018-04-26,603633
2018-04-26,300345
2018-04-26,000586
2018-04-26,600540
2018-04-26,002758
2018-04-26,002576
2018-04-26,600793
2018-04-26,000159
2018-04-26,603577
2018-04-26,600371
2018-04-26,002295
2018-04-26,603701
2018-04-26,002778
2018-04-26,000713
2018-04-26,300680
2018-04-26,300598
2018-04-26,300464
2018-04-26,600423
2018-04-26,002857
2018-04-26,603033
2018-05-10,300106
2018-05-10,002633
2018-05-10,300321
2018-05-10,300489
2018-05-10,300354
2018-05-10,600768
2018-05-10,300218
2018-05-10,600156
2018-05-10,300022
2018-05-10,002205
2018-05-10,300405
2018-05-10,000702
2018-05-10,600605
2018-05-10,603090
2018-05-10,002715
2018-05-10,600561
2018-05-10,600455
2018-05-10,300092
2018-05-10,300126
2018-05-10,300573
2018-05-10,300062
2018-05-10,300540
2018-05-10,300417
2018-05-10,300169
2018-05-10,600302
2018-05-10,600137
2018-05-10,600099
2018-05-10,300551
2018-05-10,002209
2018-05-10,603330
2018-05-10,300592
2018-05-10,300557
2018-05-10,600095
2018-05-10,600506
2018-05-10,600444
2018-05-10,600615
2018-05-10,002800
2018-05-10,603041
2018-05-10,603991
2018-05-10,300442
2018-05-10,600493
2018-05-10,002112
2018-05-10,300535
2018-05-10,002667
2018-05-10,002576
2018-05-10,600540
2018-05-10,002760
2018-05-10,603819
2018-05-10,002862
2018-05-10,600235
2018-05-10,300669
2018-05-10,300305
2018-05-10,300622
2018-05-10,600379
2018-05-10,603031
2018-05-10,002272
2018-05-10,300275
2018-05-10,300499
2018-05-10,603908
2018-05-10,600573
2018-05-10,300680
2018-05-10,300345
2018-05-10,002295
2018-05-10,300220
2018-05-10,600371
2018-05-10,000692
2018-05-10,000159
2018-05-10,600883
2018-05-10,300387
2018-05-10,300283
2018-05-10,300402
2018-05-10,002758
2018-05-10,603022
2018-05-10,603028
2018-05-10,603088
2018-05-10,002066
2018-05-10,300254
2018-05-10,603029
2018-05-10,300538
2018-05-10,300139
2018-05-10,600746
2018-05-10,600847
2018-05-10,002134
2018-05-10,600250
2018-05-10,300069
2018-05-10,600128
2018-05-10,300665
2018-05-10,300163
2018-05-10,002105
2018-05-10,600448
2018-05-10,600505
2018-05-10,600731
2018-05-10,600769
2018-05-10,600796
2018-05-10,002778
2018-05-10,000713
2018-05-10,300464
2018-05-10,600423
2018-05-10,002857
2018-05-10,603033
2018-05-24,300106
2018-05-24,300321
2018-05-24,600768
2018-05-24,300489
2018-05-24,300354
2018-05-24,300218
2018-05-24,600156
2018-05-24,603029
2018-05-24,600605
2018-05-24,000702
2018-05-24,002205
2018-05-24,600455
2018-05-24,002112
2018-05-24,002715
2018-05-24,300022
2018-05-24,600561
2018-05-24,600302
2018-05-24,002633
2018-05-24,300405
2018-05-24,300169
2018-05-24,300126
2018-05-24,300092
2018-05-24,300417
2018-05-24,600847
2018-05-24,603088
2018-05-24,600137
2018-05-24,300062
2018-05-24,300573
2018-05-24,300069
2018-05-24,600095
2018-05-24,603090
2018-05-24,600883
2018-05-24,600099
2018-05-24,600444
2018-05-24,002209
2018-05-24,300557
2018-05-24,300220
2018-05-24,002667
2018-05-24,600493
2018-05-24,600615
2018-05-24,300275
2018-05-24,300592
2018-05-24,002576
2018-05-24,002134
2018-05-24,600235
2018-05-24,603330
2018-05-24,300551
2018-05-24,300305
2018-05-24,600379
2018-05-24,002105
2018-05-24,002800
2018-05-24,300442
2018-05-24,603041
2018-05-24,600371
2018-05-24,002758
2018-05-24,300345
2018-05-24,300139
2018-05-24,002272
2018-05-24,603991
2018-05-24,002862
2018-05-24,002066
2018-05-24,600746
2018-05-24,600128
2018-05-24,002760
2018-05-24,002295
2018-05-24,300669
2018-05-24,600448
2018-05-24,603022
2018-05-24,000692
2018-05-24,603819
2018-05-24,300665
2018-05-24,300387
2018-05-24,300402
2018-05-24,300163
2018-05-24,600505
2018-05-24,300254
2018-05-24,600731
2018-05-24,000159
2018-05-24,600573
2018-05-24,300535
2018-05-24,603908
2018-05-24,300538
2018-05-24,300622
2018-05-24,600540
2018-05-24,603028
2018-05-24,603031
2018-05-24,300553
2018-05-24,600793
2018-05-24,000679
2018-05-24,600232
2018-05-24,600356
2018-05-24,002150
2018-05-24,600506
2018-05-24,600796
2018-05-24,002778
2018-05-24,000713
2018-05-24,300464
2018-05-24,600423
2018-05-24,002857
2018-05-24,603033
2018-06-07,300106
2018-06-07,300354
2018-06-07,600768
2018-06-07,300321
2018-06-07,002112
2018-06-07,300489
2018-06-07,002715
2018-06-07,600605
2018-06-07,300218
2018-06-07,002205
2018-06-07,002209
2018-06-07,600156
2018-06-07,300022
2018-06-07,300405
2018-06-07,000702
2018-06-07,300092
2018-06-07,300069
2018-06-07,600561
2018-06-07,600302
2018-06-07,300220
2018-06-07,300126
2018-06-07,300417
2018-06-07,603029
2018-06-07,600455
2018-06-07,300275
2018-06-07,300573
2018-06-07,002667
2018-06-07,002576
2018-06-07,300169
2018-06-07,600095
2018-06-07,600615
2018-06-07,603031
2018-06-07,002857
2018-06-07,600883
2018-06-07,002633
2018-06-07,600137
2018-06-07,000713
2018-06-07,300592
2018-06-07,603088
2018-06-07,002134
2018-06-07,600444
2018-06-07,300557
2018-06-07,002760
2018-06-07,600493
2018-06-07,300442
2018-06-07,300551
2018-06-07,600379
2018-06-07,600099
2018-06-07,002066
2018-06-07,603090
2018-06-07,300305
2018-06-07,300163
2018-06-07,600128
2018-06-07,002272
2018-06-07,002105
2018-06-07,002295
2018-06-07,600746
2018-06-07,600235
2018-06-07,000679
2018-06-07,002862
2018-06-07,603991
2018-06-07,600847
2018-06-07,300387
2018-06-07,603330
2018-06-07,000692
2018-06-07,300402
2018-06-07,000159
2018-06-07,600793
2018-06-07,603819
2018-06-07,603041
2018-06-07,600448
2018-06-07,603028
2018-06-07,600573
2018-06-07,600505
2018-06-07,600356
2018-06-07,600731
2018-06-07,300669
2018-06-07,300535
2018-06-07,002150
2018-06-07,300553
2018-06-07,300062
2018-06-07,300139
2018-06-07,000610
2018-06-07,600250
2018-06-07,300483
2018-06-07,300499
2018-06-07,300521
2018-06-07,002755
2018-06-07,300576
2018-06-07,002729
2018-06-07,002347
2018-06-07,300025
2018-06-07,600719
2018-06-07,300345
2018-06-07,600232
2018-06-07,600506
2018-06-07,600796
2018-06-07,002778
2018-06-07,300464
2018-06-07,600423
2018-06-21,300106
2018-06-21,300321
2018-06-21,002112
2018-06-21,300489
2018-06-21,600605
2018-06-21,600455
2018-06-21,300405
2018-06-21,300354
2018-06-21,000610
2018-06-21,002633
2018-06-21,300069
2018-06-21,002667
2018-06-21,002715
2018-06-21,002205
2018-06-21,002760
2018-06-21,300169
2018-06-21,002209
2018-06-21,600137
2018-06-21,300275
2018-06-21,300022
2018-06-21,603031
2018-06-21,600561
2018-06-21,600302
2018-06-21,300092
2018-06-21,300551
2018-06-21,300126
2018-06-21,603029
2018-06-21,002576
2018-06-21,603090
2018-06-21,300417
2018-06-21,300218
2018-06-21,600095
2018-06-21,603088
2018-06-21,300573
2018-06-21,300592
2018-06-21,002729
2018-06-21,300220
2018-06-21,300062
2018-06-21,002857
2018-06-21,600793
2018-06-21,600156
2018-06-21,300557
2018-06-21,600883
2018-06-21,002134
2018-06-21,300163
2018-06-21,300442
2018-06-21,002105
2018-06-21,600099
2018-06-21,300521
2018-06-21,600250
2018-06-21,300499
2018-06-21,000692
2018-06-21,300483
2018-06-21,300553
2018-06-21,600235
2018-06-21,002295
2018-06-21,002755
2018-06-21,600444
2018-06-21,603028
2018-06-21,600128
2018-06-21,600573
2018-06-21,002066
2018-06-21,000702
2018-06-21,300305
2018-06-21,600719
2018-06-21,002862
2018-06-21,600615
2018-06-21,300535
2018-06-21,600379
2018-06-21,300669
2018-06-21,600505
2018-06-21,603330
2018-06-21,603041
2018-06-21,000679
2018-06-21,600731
2018-06-21,000159
2018-06-21,600448
2018-06-21,002347
2018-06-21,600493
2018-06-21,300576
2018-06-21,300025
2018-06-21,603991
2018-06-21,002272
2018-06-21,603536
2018-06-21,300665
2018-06-21,002800
2018-06-21,603022
2018-06-21,002580
2018-06-21,300235
2018-06-21,002835
2018-06-21,600768
2018-06-21,300387
2018-06-21,300139
2018-06-21,300345
2018-06-21,600232
2018-06-21,600506
2018-06-21,600796
2018-06-21,002778
2018-06-21,300464
2018-06-21,600423
2018-07-05,300106
2018-07-05,002112
2018-07-05,300321
2018-07-05,600455
2018-07-05,600605
2018-07-05,300489
2018-07-05,300354
2018-07-05,002715
2018-07-05,002633
2018-07-05,300405
2018-07-05,600099
2018-07-05,002760
2018-07-05,002205
2018-07-05,300069
2018-07-05,300169
2018-07-05,600137
2018-07-05,002209
2018-07-05,300551
2018-07-05,000610
2018-07-05,600561
2018-07-05,603031
2018-07-05,603088
2018-07-05,600793
2018-07-05,300022
2018-07-05,300275
2018-07-05,603029
2018-07-05,300218
2018-07-05,300092
2018-07-05,002667
2018-07-05,300417
2018-07-05,300387
2018-07-05,300126
2018-07-05,600302
2018-07-05,300573
2018-07-05,002857
2018-07-05,002576
2018-07-05,600883
2018-07-05,603090
2018-07-05,002800
2018-07-05,000702
2018-07-05,300592
2018-07-05,300220
2018-07-05,300163
2018-07-05,600095
2018-07-05,000692
2018-07-05,300557
2018-07-05,600573
2018-07-05,002862
2018-07-05,002105
2018-07-05,300665
2018-07-05,603991
2018-07-05,603536
2018-07-05,600235
2018-07-05,600615
2018-07-05,600444
2018-07-05,600156
2018-07-05,600505
2018-07-05,300442
2018-07-05,002295
2018-07-05,002729
2018-07-05,002755
2018-07-05,600379
2018-07-05,600128
2018-07-05,603028
2018-07-05,603330
2018-07-05,603022
2018-07-05,300521
2018-07-05,300553
2018-07-05,000679
2018-07-05,300483
2018-07-05,300305
2018-07-05,000159
2018-07-05,300535
2018-07-05,002066
2018-07-05,300669
2018-07-05,603041
2018-07-05,002347
2018-07-05,600250
2018-07-05,002835
2018-07-05,300235
2018-07-05,600731
2018-07-05,600493
2018-07-05,300025
2018-07-05,300062
2018-07-05,600719
2018-07-05,600746
2018-07-05,603879
2018-07-05,603286
2018-07-05,000633
2018-07-05,300453
2018-07-05,603908
2018-07-05,600980
2018-07-05,002150
2018-07-05,600768
2018-07-05,600232
2018-07-05,600506
2018-07-05,600796
2018-07-05,002778
2018-07-05,300464
2018-07-05,600423
2018-07-19,300106
2018-07-19,300321
2018-07-19,300069
2018-07-19,300489
2018-07-19,300405
2018-07-19,600455
2018-07-19,600605
2018-07-19,300354
2018-07-19,002633
2018-07-19,600099
2018-07-19,000610
2018-07-19,300551
2018-07-19,603031
2018-07-19,600561
2018-07-19,002205
2018-07-19,300218
2018-07-19,300275
2018-07-19,300169
2018-07-19,300126
2018-07-19,002800
2018-07-19,300573
2018-07-19,002667
2018-07-19,300092
2018-07-19,603088
2018-07-19,002715
2018-07-19,002760
2018-07-19,600095
2018-07-19,603090
2018-07-19,300592
2018-07-19,600137
2018-07-19,600302
2018-07-19,002576
2018-07-19,002857
2018-07-19,300417
2018-07-19,000702
2018-07-19,002862
2018-07-19,300557
2018-07-19,002105
2018-07-19,603029
2018-07-19,600793
2018-07-19,600883
2018-07-19,300483
2018-07-19,000692
2018-07-19,000679
2018-07-19,300163
2018-07-19,600746
2018-07-19,600444
2018-07-19,300022
2018-07-19,300442
2018-07-19,600505
2018-07-19,603991
2018-07-19,600235
2018-07-19,300665
2018-07-19,600573
2018-07-19,603536
2018-07-19,600615
2018-07-19,300220
2018-07-19,603022
2018-07-19,600379
2018-07-19,300521
2018-07-19,002295
2018-07-19,600493
2018-07-19,300025
2018-07-19,300553
2018-07-19,300535
2018-07-19,603028
2018-07-19,603286
2018-07-19,603330
2018-07-19,000159
2018-07-19,600128
2018-07-19,600731
2018-07-19,600719
2018-07-19,300305
2018-07-19,002066
2018-07-19,603879
2018-07-19,300235
2018-07-19,300669
2018-07-19,603908
2018-07-19,002729
2018-07-19,300453
2018-07-19,002209
2018-07-19,002150
2018-07-19,002347
2018-07-19,603041
2018-07-19,600156
2018-07-19,600359
2018-07-19,002785
2018-07-19,300234
2018-07-19,600540
2018-07-19,300499
2018-07-19,600769
2018-07-19,603519
2018-07-19,000715
2018-07-19,002755
2018-07-19,600768
2018-07-19,600232
2018-07-19,600506
2018-07-19,600796
2018-07-19,002778
2018-07-19,600423
2018-08-02,300321
2018-08-02,300489
2018-08-02,300405
2018-08-02,002633
2018-08-02,002715
2018-08-02,300354
2018-08-02,600455
2018-08-02,600605
2018-08-02,300106
2018-08-02,300275
2018-08-02,300069
2018-08-02,002760
2018-08-02,603088
2018-08-02,300592
2018-08-02,300573
2018-08-02,300551
2018-08-02,600561
2018-08-02,002667
2018-08-02,300169
2018-08-02,603031
2018-08-02,000610
2018-08-02,603029
2018-08-02,603090
2018-08-02,300417
2018-08-02,300483
2018-08-02,300092
2018-08-02,300218
2018-08-02,600099
2018-08-02,600137
2018-08-02,300665
2018-08-02,300220
2018-08-02,300557
2018-08-02,603286
2018-08-02,300126
2018-08-02,600302
2018-08-02,002857
2018-08-02,002576
2018-08-02,002800
2018-08-02,600095
2018-08-02,000702
2018-08-02,002209
2018-08-02,002778
2018-08-02,603536
2018-08-02,600493
2018-08-02,002105
2018-08-02,600573
2018-08-02,603991
2018-08-02,603022
2018-08-02,002729
2018-08-02,600793
2018-08-02,300442
2018-08-02,300521
2018-08-02,300553
2018-08-02,300499
2018-08-02,300453
2018-08-02,603330
2018-08-02,300235
2018-08-02,603908
2018-08-02,600379
2018-08-02,600128
2018-08-02,600156
2018-08-02,603879
2018-08-02,603028
2018-08-02,600444
2018-08-02,300022
2018-08-02,000679
2018-08-02,300535
2018-08-02,300025
2018-08-02,002295
2018-08-02,000692
2018-08-02,600615
2018-08-02,300305
2018-08-02,002150
2018-08-02,600883
2018-08-02,600235
2018-08-02,002862
2018-08-02,603519
2018-08-02,300163
2018-08-02,300234
2018-08-02,300669
2018-08-02,600731
2018-08-02,600719
2018-08-02,002112
2018-08-02,300680
2018-08-02,002890
2018-08-02,300626
2018-08-02,300254
2018-08-02,300622
2018-08-02,002134
2018-08-02,300640
2018-08-02,300062
2018-08-02,300636
2018-08-02,600250
2018-08-02,300650
2018-08-02,002755
2018-08-02,600768
2018-08-02,600232
2018-08-02,600506
2018-08-02,600796
2018-08-02,600423
2018-08-16,300106
2018-08-16,300321
2018-08-16,002715
2018-08-16,300069
2018-08-16,300489
2018-08-16,300405
2018-08-16,002633
2018-08-16,002760
2018-08-16,300354
2018-08-16,600605
2018-08-16,300592
2018-08-16,300573
2018-08-16,603088
2018-08-16,300275
2018-08-16,300551
2018-08-16,002209
2018-08-16,603029
2018-08-16,002112
2018-08-16,002890
2018-08-16,300417
2018-08-16,002800
2018-08-16,002667
2018-08-16,300665
2018-08-16,603286
2018-08-16,600561
2018-08-16,300483
2018-08-16,300092
2018-08-16,300521
2018-08-16,600099
2018-08-16,603090
2018-08-16,600137
2018-08-16,300680
2018-08-16,300220
2018-08-16,300169
2018-08-16,002576
2018-08-16,300557
2018-08-16,600095
2018-08-16,300218
2018-08-16,603536
2018-08-16,600455
2018-08-16,300535
2018-08-16,002862
2018-08-16,300442
2018-08-16,300126
2018-08-16,000702
2018-08-16,002778
2018-08-16,002729
2018-08-16,300626
2018-08-16,002857
2018-08-16,002105
2018-08-16,600493
2018-08-16,300453
2018-08-16,603879
2018-08-16,600573
2018-08-16,603991
2018-08-16,600302
2018-08-16,300553
2018-08-16,600793
2018-08-16,300640
2018-08-16,000610
2018-08-16,300622
2018-08-16,600379
2018-08-16,603028
2018-08-16,600883
2018-08-16,603908
2018-08-16,300636
2018-08-16,000679
2018-08-16,300650
2018-08-16,600128
2018-08-16,300022
2018-08-16,603330
2018-08-16,002295
2018-08-16,300062
2018-08-16,300254
2018-08-16,300235
2018-08-16,300025
2018-08-16,600235
2018-08-16,603031
2018-08-16,600444
2018-08-16,300499
2018-08-16,603022
2018-08-16,300163
2018-08-16,300305
2018-08-16,600615
2018-08-16,000692
2018-08-16,002150
2018-08-16,002780
2018-08-16,300464
2018-08-16,300517
2018-08-16,600319
2018-08-16,603701
2018-08-16,300509
2018-08-16,300536
2018-08-16,002205
2018-08-16,002755
2018-08-16,600768
2018-08-16,600232
2018-08-16,600506
2018-08-16,600796
2018-08-16,600423
2018-08-30,300069
2018-08-30,300321
2018-08-30,300489
2018-08-30,300405
2018-08-30,002633
2018-08-30,002760
2018-08-30,300106
2018-08-30,300354
2018-08-30,300592
2018-08-30,300573
2018-08-30,002715
2018-08-30,002209
2018-08-30,603088
2018-08-30,300275
2018-08-30,603029
2018-08-30,603286
2018-08-30,600605
2018-08-30,300551
2018-08-30,002112
2018-08-30,300665
2018-08-30,600137
2018-08-30,002890
2018-08-30,300521
2018-08-30,300417
2018-08-30,300218
2018-08-30,600561
2018-08-30,300169
2018-08-30,603090
2018-08-30,300557
2018-08-30,300092
2018-08-30,603991
2018-08-30,002667
2018-08-30,300535
2018-08-30,600455
2018-08-30,300220
2018-08-30,300126
2018-08-30,002862
2018-08-30,603536
2018-08-30,600099
2018-08-30,002205
2018-08-30,002576
2018-08-30,300680
2018-08-30,300483
2018-08-30,600302
2018-08-30,000702
2018-08-30,600493
2018-08-30,600095
2018-08-30,603031
2018-08-30,300626
2018-08-30,002857
2018-08-30,002780
2018-08-30,300163
2018-08-30,300640
2018-08-30,002729
2018-08-30,603879
2018-08-30,600883
2018-08-30,002105
2018-08-30,600506
2018-08-30,603908
2018-08-30,300553
2018-08-30,300442
2018-08-30,300453
2018-08-30,600444
2018-08-30,600573
2018-08-30,000679
2018-08-30,300499
2018-08-30,300622
2018-08-30,300517
2018-08-30,002800
2018-08-30,300636
2018-08-30,300650
2018-08-30,603330
2018-08-30,600128
2018-08-30,600319
2018-08-30,300022
2018-08-30,603028
2018-08-30,000610
2018-08-30,300509
2018-08-30,603701
2018-08-30,600379
2018-08-30,300235
2018-08-30,300536
2018-08-30,300254
2018-08-30,002295
2018-08-30,300464
2018-08-30,300025
2018-08-30,000692
2018-08-30,300062
2018-08-30,300305
2018-08-30,600235
2018-08-30,002778
2018-08-30,603041
2018-08-30,002134
2018-08-30,002785
2018-08-30,300610
2018-08-30,002817
2018-08-30,600768
2018-08-30,600232
2018-08-30,600796
2018-08-30,600423
2018-09-13,300321
2018-09-13,002633
2018-09-13,300405
2018-09-13,300592
2018-09-13,002715
2018-09-13,300573
2018-09-13,603029
2018-09-13,300354
2018-09-13,300551
2018-09-13,300665
2018-09-13,002862
2018-09-13,002209
2018-09-13,300417
2018-09-13,600605
2018-09-13,300521
2018-09-13,300489
2018-09-13,002760
2018-09-13,300106
2018-09-13,300069
2018-09-13,002890
2018-09-13,603088
2018-09-13,300275
2018-09-13,603991
2018-09-13,600137
2018-09-13,603090
2018-09-13,300169
2018-09-13,002205
2018-09-13,600455
2018-09-13,600561
2018-09-13,300218
2018-09-13,300680
2018-09-13,002857
2018-09-13,300483
2018-09-13,300557
2018-09-13,002112
2018-09-13,300092
2018-09-13,600099
2018-09-13,300535
2018-09-13,600302
2018-09-13,603908
2018-09-13,300126
2018-09-13,002780
2018-09-13,002800
2018-09-13,600095
2018-09-13,002667
2018-09-13,000679
2018-09-13,603041
2018-09-13,603879
2018-09-13,000702
2018-09-13,600883
2018-09-13,300626
2018-09-13,603286
2018-09-13,300220
2018-09-13,300464
2018-09-13,300499
2018-09-13,002105
2018-09-13,600573
2018-09-13,603536
2018-09-13,600506
2018-09-13,300622
2018-09-13,300022
2018-09-13,002134
2018-09-13,603330
2018-09-13,300442
2018-09-13,300453
2018-09-13,300163
2018-09-13,600444
2018-09-13,600319
2018-09-13,300636
2018-09-13,300650
2018-09-13,600128
2018-09-13,603701
2018-09-13,603031
2018-09-13,600493
2018-09-13,002576
2018-09-13,300517
2018-09-13,300509
2018-09-13,603028
2018-09-13,300536
2018-09-13,002295
2018-09-13,300640
2018-09-13,300254
2018-09-13,300553
2018-09-13,002729
2018-09-13,600235
2018-09-13,000610
2018-09-13,600379
2018-09-13,300235
2018-09-13,002778
2018-09-13,002785
2018-09-13,000692
2018-09-13,000586
2018-09-13,300606
2018-09-13,300538
2018-09-13,600371
2018-09-13,600746
2018-09-13,600156
2018-09-13,600768
2018-09-13,600796
2018-09-13,600423
2018-09-27,002633
2018-09-27,300321
2018-09-27,300592
2018-09-27,300405
2018-09-27,300069
2018-09-27,300665
2018-09-27,002760
2018-09-27,300354
2018-09-27,300573
2018-09-27,002715
2018-09-27,300551
2018-09-27,300489
2018-09-27,300106
2018-09-27,300417
2018-09-27,002209
2018-09-27,300521
2018-09-27,002862
2018-09-27,603088
2018-09-27,600137
2018-09-27,300680
2018-09-27,002890
2018-09-27,002112
2018-09-27,300275
2018-09-27,600605
2018-09-27,603090
2018-09-27,002857
2018-09-27,603991
2018-09-27,603286
2018-09-27,002729
2018-09-27,300218
2018-09-27,600561
2018-09-27,300557
2018-09-27,600455
2018-09-27,300535
2018-09-27,300640
2018-09-27,603879
2018-09-27,000679
2018-09-27,300126
2018-09-27,600319
2018-09-27,600099
2018-09-27,300169
2018-09-27,600493
2018-09-27,300220
2018-09-27,600095
2018-09-27,002576
2018-09-27,300442
2018-09-27,002800
2018-09-27,603536
2018-09-27,300622
2018-09-27,000702
2018-09-27,603029
2018-09-27,300517
2018-09-27,002134
2018-09-27,603041
2018-09-27,002105
2018-09-27,300650
2018-09-27,600883
2018-09-27,603330
2018-09-27,603908
2018-09-27,300626
2018-09-27,300163
2018-09-27,600444
2018-09-27,600573
2018-09-27,600506
2018-09-27,300235
2018-09-27,300538
2018-09-27,600128
2018-09-27,600302
2018-09-27,600156
2018-09-27,300606
2018-09-27,300499
2018-09-27,002778
2018-09-27,300636
2018-09-27,300553
2018-09-27,600371
2018-09-27,300453
2018-09-27,000610
2018-09-27,603031
2018-09-27,603028
2018-09-27,300254
2018-09-27,002785
2018-09-27,600235
2018-09-27,300464
2018-09-27,300022
2018-09-27,600379
2018-09-27,300509
2018-09-27,002295
2018-09-27,002780
2018-09-27,603633
2018-09-27,300576
2018-09-27,002805
2018-09-27,002817
2018-09-27,603729
2018-09-27,603860
2018-09-27,002205
2018-09-27,002667
2018-09-27,000586
2018-09-27,600768
2018-09-27,600796
2018-09-27,600423
2018-10-11,002633
2018-10-11,300321
2018-10-11,300069
2018-10-11,300592
2018-10-11,300405
2018-10-11,300489
2018-10-11,300573
2018-10-11,300106
2018-10-11,300354
2018-10-11,002890
2018-10-11,300665
2018-10-11,002760
2018-10-11,603088
2018-10-11,300521
2018-10-11,002209
2018-10-11,002112
2018-10-11,002862
2018-10-11,300417
2018-10-11,300275
2018-10-11,600137
2018-10-11,002715
2018-10-11,300218
2018-10-11,600455
2018-10-11,600605
2018-10-11,002729
2018-10-11,603090
2018-10-11,603286
2018-10-11,603029
2018-10-11,600099
2018-10-11,000679
2018-10-11,300557
2018-10-11,600561
2018-10-11,300551
2018-10-11,603991
2018-10-11,600319
2018-10-11,300680
2018-10-11,002800
2018-10-11,300126
2018-10-11,002205
2018-10-11,603536
2018-10-11,603879
2018-10-11,002105
2018-10-11,300622
2018-10-11,600493
2018-10-11,600095
2018-10-11,300442
2018-10-11,300640
2018-10-11,300235
2018-10-11,300453
2018-10-11,000610
2018-10-11,000702
2018-10-11,600128
2018-10-11,300220
2018-10-11,300169
2018-10-11,603908
2018-10-11,300163
2018-10-11,002857
2018-10-11,300464
2018-10-11,002576
2018-10-11,600883
2018-10-11,600768
2018-10-11,603330
2018-10-11,300535
2018-10-11,300606
2018-10-11,300022
2018-10-11,300636
2018-10-11,600506
2018-10-11,300650
2018-10-11,002780
2018-10-11,300553
2018-10-11,300254
2018-10-11,300517
2018-10-11,600444
2018-10-11,603729
2018-10-11,002817
2018-10-11,600371
2018-10-11,600573
2018-10-11,002805
2018-10-11,300538
2018-10-11,600302
2018-10-11,600379
2018-10-11,002295
2018-10-11,600235
2018-10-11,603028
2018-10-11,002778
2018-10-11,603041
2018-10-11,002660
2018-10-11,300536
2018-10-11,603022
2018-10-11,300062
2018-10-11,603519
2018-10-11,300483
2018-10-11,600847
2018-10-11,603577
2018-10-11,300669
2018-10-11,002134
2018-10-11,002667
2018-10-11,000586
2018-10-11,600796
2018-10-11,600423
2018-10-25,300069
2018-10-25,300489
2018-10-25,300592
2018-10-25,300405
2018-10-25,300321
2018-10-25,300106
2018-10-25,300354
2018-10-25,002633
2018-10-25,600768
2018-10-25,300665
2018-10-25,300573
2018-10-25,300275
2018-10-25,002760
2018-10-25,300557
2018-10-25,002890
2018-10-25,600137
2018-10-25,300220
2018-10-25,300521
2018-10-25,300417
2018-10-25,603286
2018-10-25,600099
2018-10-25,300218
2018-10-25,603029
2018-10-25,603090
2018-10-25,300126
2018-10-25,603879
2018-10-25,000679
2018-10-25,300680
2018-10-25,002800
2018-10-25,603088
2018-10-25,603991
2018-10-25,600605
2018-10-25,002729
2018-10-25,002209
2018-10-25,600319
2018-10-25,002778
2018-10-25,600561
2018-10-25,600371
2018-10-25,002205
2018-10-25,600128
2018-10-25,300517
2018-10-25,300169
2018-10-25,002780
2018-10-25,002715
2018-10-25,000610
2018-10-25,300551
2018-10-25,600095
2018-10-25,000702
2018-10-25,600506
2018-10-25,300442
2018-10-25,300022
2018-10-25,300254
2018-10-25,300606
2018-10-25,603536
2018-10-25,600455
2018-10-25,002105
2018-10-25,002805
2018-10-25,600493
2018-10-25,603022
2018-10-25,300453
2018-10-25,600302
2018-10-25,002660
2018-10-25,300640
2018-10-25,300636
2018-10-25,603041
2018-10-25,603729
2018-10-25,002112
2018-10-25,002134
2018-10-25,600444
2018-10-25,300163
2018-10-25,300622
2018-10-25,002295
2018-10-25,300235
2018-10-25,600235
2018-10-25,603908
2018-10-25,300536
2018-10-25,603028
2018-10-25,600573
2018-10-25,300483
2018-10-25,002862
2018-10-25,002667
2018-10-25,300062
2018-10-25,600883
2018-10-25,300553
2018-10-25,600379
2018-10-25,000586
2018-10-25,300669
2018-10-25,300535
2018-10-25,000692
2018-10-25,600156
2018-10-25,300585
2018-10-25,300092
2018-10-25,300540
2018-10-25,002758
2018-10-25,300371
2018-10-25,600250
2018-10-25,000633
2018-10-25,600505
2018-10-25,600796
2018-10-25,600423
2018-11-08,300489
2018-11-08,300321
2018-11-08,300592
2018-11-08,300106
2018-11-08,300069
2018-11-08,300354
2018-11-08,300665
2018-11-08,600768
2018-11-08,300275
2018-11-08,002633
2018-11-08,002890
2018-11-08,300417
2018-11-08,300573
2018-11-08,300521
2018-11-08,300405
2018-11-08,300557
2018-11-08,300220
2018-11-08,603029
2018-11-08,603088
2018-11-08,002760
2018-11-08,603286
2018-11-08,600137
2018-11-08,300551
2018-11-08,600099
2018-11-08,603991
2018-11-08,603090
2018-11-08,600605
2018-11-08,600561
2018-11-08,300218
2018-11-08,002209
2018-11-08,600506
2018-11-08,002205
2018-11-08,002715
2018-11-08,300442
2018-11-08,300680
2018-11-08,002778
2018-11-08,603536
2018-11-08,000610
2018-11-08,300517
2018-11-08,300606
2018-11-08,300622
2018-11-08,300169
2018-11-08,300022
2018-11-08,600455
2018-11-08,300640
2018-11-08,000702
2018-11-08,300453
2018-11-08,603041
2018-11-08,300535
2018-11-08,002780
2018-11-08,002805
2018-11-08,300254
2018-11-08,300636
2018-11-08,300235
2018-11-08,002729
2018-11-08,603879
2018-11-08,603022
2018-11-08,600444
2018-11-08,603908
2018-11-08,600095
2018-11-08,002112
2018-11-08,600302
2018-11-08,002105
2018-11-08,600371
2018-11-08,300163
2018-11-08,300092
2018-11-08,300536
2018-11-08,002800
2018-11-08,300553
2018-11-08,300585
2018-11-08,300669
2018-11-08,000679
2018-11-08,603729
2018-11-08,300062
2018-11-08,000692
2018-11-08,300371
2018-11-08,603028
2018-11-08,002660
2018-11-08,002134
2018-11-08,002758
2018-11-08,600883
2018-11-08,600573
2018-11-08,600493
2018-11-08,600379
2018-11-08,600319
2018-11-08,300483
2018-11-08,000713
2018-11-08,002817
2018-11-08,603031
2018-11-08,002576
2018-11-08,300650
2018-11-08,000803
2018-11-08,600980
2018-11-08,300710
2018-11-08,002835
2018-11-08,603488
2018-11-08,603330
2018-11-08,603139
2018-11-08,300549
2018-11-08,600423
2018-11-22,300489
2018-11-22,300321
2018-11-22,300405
2018-11-22,300592
2018-11-22,300354
2018-11-22,300106
2018-11-22,300665
2018-11-22,300275
2018-11-22,300069
2018-11-22,002633
2018-11-22,300417
2018-11-22,002890
2018-11-22,300551
2018-11-22,300557
2018-11-22,603286
2018-11-22,603029
2018-11-22,300680
2018-11-22,600137
2018-11-22,603090
2018-11-22,603088
2018-11-22,300573
2018-11-22,300521
2018-11-22,600605
2018-11-22,600768
2018-11-22,600099
2018-11-22,603991
2018-11-22,002760
2018-11-22,002800
2018-11-22,002715
2018-11-22,300220
2018-11-22,600561
2018-11-22,300442
2018-11-22,300535
2018-11-22,300218
2018-11-22,300640
2018-11-22,603536
2018-11-22,603031
2018-11-22,002778
2018-11-22,603879
2018-11-22,002805
2018-11-22,300022
2018-11-22,300092
2018-11-22,002209
2018-11-22,600506
2018-11-22,300517
2018-11-22,000702
2018-11-22,002729
2018-11-22,000713
2018-11-22,300453
2018-11-22,300235
2018-11-22,600302
2018-11-22,300650
2018-11-22,300169
2018-11-22,300254
2018-11-22,600455
2018-11-22,300536
2018-11-22,600319
2018-11-22,600371
2018-11-22,603041
2018-11-22,002134
2018-11-22,000679
2018-11-22,603908
2018-11-22,300585
2018-11-22,002205
2018-11-22,002105
2018-11-22,300636
2018-11-22,603022
2018-11-22,300669
2018-11-22,300622
2018-11-22,300371
2018-11-22,002112
2018-11-22,600095
2018-11-22,002780
2018-11-22,300163
2018-11-22,300062
2018-11-22,600379
2018-11-22,300606
2018-11-22,600980
2018-11-22,000692
2018-11-22,300710
2018-11-22,603729
2018-11-22,600883
2018-11-22,600444
2018-11-22,603488
2018-11-22,000803
2018-11-22,600573
2018-11-22,002857
2018-11-22,300464
2018-11-22,002862
2018-11-22,600156
2018-11-22,300717
2018-11-22,600359
2018-11-22,603829
2018-11-22,603110
2018-11-22,300635
2018-11-22,002667
2018-11-22,000586
2018-11-22,300539
2018-11-22,300499
2018-11-22,600423
2018-12-06,300489
2018-12-06,300069
2018-12-06,300592
2018-12-06,300405
2018-12-06,300665
2018-12-06,300354
2018-12-06,300106
2018-12-06,300321
2018-12-06,002890
2018-12-06,300680
2018-12-06,300417
2018-12-06,300275
2018-12-06,603286
2018-12-06,002633
2018-12-06,300557
2018-12-06,300551
2018-12-06,300521
2018-12-06,002800
2018-12-06,300220
2018-12-06,002760
2018-12-06,600137
2018-12-06,603090
2018-12-06,600768
2018-12-06,603088
2018-12-06,603029
2018-12-06,600605
2018-12-06,603991
2018-12-06,002112
2018-12-06,002209
2018-12-06,600561
2018-12-06,300442
2018-12-06,600099
2018-12-06,603879
2018-12-06,603031
2018-12-06,300573
2018-12-06,002805
2018-12-06,300218
2018-12-06,002780
2018-12-06,002729
2018-12-06,300535
2018-12-06,600444
2018-12-06,300453
2018-12-06,300640
2018-12-06,603536
2018-12-06,000713
2018-12-06,600319
2018-12-06,300650
2018-12-06,002857
2018-12-06,000702
2018-12-06,300464
2018-12-06,600302
2018-12-06,300517
2018-12-06,300636
2018-12-06,600095
2018-12-06,002862
2018-12-06,300254
2018-12-06,300022
2018-12-06,600455
2018-12-06,300092
2018-12-06,000679
2018-12-06,603022
2018-12-06,300536
2018-12-06,600371
2018-12-06,300669
2018-12-06,600506
2018-12-06,603041
2018-12-06,300235
2018-12-06,000692
2018-12-06,603729
2018-12-06,002205
2018-12-06,002134
2018-12-06,300717
2018-12-06,002778
2018-12-06,300585
2018-12-06,000586
2018-12-06,002105
2018-12-06,603908
2018-12-06,300622
2018-12-06,600883
2018-12-06,300710
2018-12-06,603829
2018-12-06,002667
2018-12-06,300635
2018-12-06,300371
2018-12-06,600980
2018-12-06,300062
2018-12-06,600156
2018-12-06,002817
2018-12-06,300553
2018-12-06,600493
2018-12-06,300576
2018-12-06,002835
2018-12-06,603860
2018-12-06,603577
2018-12-06,603139
2018-12-06,300549
2018-12-06,603028
2018-12-06,300126
2018-12-06,002576
2018-12-06,600423
2018-12-20,300489
2018-12-20,300592
2018-12-20,300106
2018-12-20,300354
2018-12-20,300321
2018-12-20,300069
2018-12-20,300405
2018-12-20,300665
2018-12-20,300557
2018-12-20,300417
2018-12-20,002890
2018-12-20,002633
2018-12-20,300680
2018-12-20,300275
2018-12-20,603286
2018-12-20,002800
2018-12-20,603088
2018-12-20,600137
2018-12-20,600605
2018-12-20,603029
2018-12-20,600768
2018-12-20,300220
2018-12-20,600561
2018-12-20,300442
2018-12-20,603090
2018-12-20,600099
2018-12-20,300521
2018-12-20,603991
2018-12-20,002760
2018-12-20,300254
2018-12-20,603031
2018-12-20,002780
2018-12-20,000702
2018-12-20,002805
2018-12-20,300551
2018-12-20,603879
2018-12-20,000713
2018-12-20,300218
2018-12-20,600506
2018-12-20,300235
2018-12-20,300453
2018-12-20,002205
2018-12-20,300573
2018-12-20,300535
2018-12-20,603536
2018-12-20,300022
2018-12-20,600095
2018-12-20,603729
2018-12-20,600371
2018-12-20,002729
2018-12-20,300640
2018-12-20,002209
2018-12-20,300517
2018-12-20,002112
2018-12-20,300092
2018-12-20,300650
2018-12-20,600455
2018-12-20,300536
2018-12-20,600319
2018-12-20,002817
2018-12-20,000679
2018-12-20,603041
2018-12-20,002667
2018-12-20,603022
2018-12-20,300717
2018-12-20,002105
2018-12-20,600444
2018-12-20,300636
2018-12-20,000692
2018-12-20,002857
2018-12-20,002134
2018-12-20,603908
2018-12-20,300371
2018-12-20,000586
2018-12-20,300553
2018-12-20,600883
2018-12-20,600302
2018-12-20,300062
2018-12-20,603577
2018-12-20,603139
2018-12-20,300669
2018-12-20,600980
2018-12-20,300622
2018-12-20,002835
2018-12-20,300585
2018-12-20,300576
2018-12-20,300710
2018-12-20,300549
2018-12-20,603829
2018-12-20,603860
2018-12-20,300126
2018-12-20,002758
2018-12-20,603110
2018-12-20,600769
2018-12-20,300626
2018-12-20,300540
2018-12-20,600719
2018-12-20,002715
2018-12-20,600731
2018-12-20,600423
2019-01-03,300489
2019-01-03,300592
2019-01-03,300106
2019-01-03,300321
2019-01-03,300405
2019-01-03,300354
2019-01-03,300665
2019-01-03,002633
2019-01-03,300417
2019-01-03,300275
2019-01-03,002890
2019-01-03,300220
2019-01-03,002800
2019-01-03,300551
2019-01-03,300680
2019-01-03,603029
2019-01-03,603286
2019-01-03,002760
2019-01-03,300069
2019-01-03,600137
2019-01-03,300557
2019-01-03,300521
2019-01-03,600099
2019-01-03,603088
2019-01-03,300442
2019-01-03,300535
2019-01-03,002112
2019-01-03,600768
2019-01-03,603090
2019-01-03,600561
2019-01-03,603031
2019-01-03,002209
2019-01-03,603991
2019-01-03,300218
2019-01-03,600095
2019-01-03,300254
2019-01-03,300022
2019-01-03,300573
2019-01-03,000713
2019-01-03,600455
2019-01-03,000692
2019-01-03,002729
2019-01-03,600444
2019-01-03,002205
2019-01-03,300235
2019-01-03,603022
2019-01-03,002780
2019-01-03,000679
2019-01-03,002805
2019-01-03,300640
2019-01-03,300517
2019-01-03,603729
2019-01-03,600371
2019-01-03,603536
2019-01-03,603879
2019-01-03,300536
2019-01-03,300622
2019-01-03,300585
2019-01-03,600883
2019-01-03,300650
2019-01-03,002857
2019-01-03,603041
2019-01-03,000702
2019-01-03,300092
2019-01-03,002715
2019-01-03,300717
2019-01-03,600506
2019-01-03,002134
2019-01-03,300636
2019-01-03,300371
2019-01-03,002667
2019-01-03,600302
2019-01-03,002105
2019-01-03,600980
2019-01-03,300540
2019-01-03,600769
2019-01-03,300549
2019-01-03,002817
2019-01-03,603860
2019-01-03,600731
2019-01-03,300669
2019-01-03,300126
2019-01-03,603139
2019-01-03,002758
2019-01-03,600605
2019-01-03,603829
2019-01-03,603110
2019-01-03,300464
2019-01-03,603330
2019-01-03,300404
2019-01-03,002778
2019-01-03,603880
2019-01-03,603488
2019-01-03,300611
2019-01-03,000803
2019-01-03,600796
2019-01-03,603316
2019-01-03,600379
2019-01-03,603028
2019-01-03,300552
2019-01-17,300592
2019-01-17,300489
2019-01-17,300106
2019-01-17,300354
2019-01-17,300321
2019-01-17,300405
2019-01-17,002633
2019-01-17,300417
2019-01-17,300069
2019-01-17,300665
2019-01-17,002890
2019-01-17,300220
2019-01-17,002800
2019-01-17,300551
2019-01-17,300557
2019-01-17,603029
2019-01-17,002760
2019-01-17,600137
2019-01-17,600099
2019-01-17,300680
2019-01-17,603088
2019-01-17,300442
2019-01-17,002112
2019-01-17,002209
2019-01-17,300535
2019-01-17,603031
2019-01-17,600768
2019-01-17,300521
2019-01-17,603090
2019-01-17,600561
2019-01-17,002780
2019-01-17,603991
2019-01-17,300218
2019-01-17,600455
2019-01-17,300573
2019-01-17,600605
2019-01-17,603879
2019-01-17,300254
2019-01-17,002729
2019-01-17,300640
2019-01-17,000713
2019-01-17,300022
2019-01-17,603022
2019-01-17,300235
2019-01-17,600095
2019-01-17,300517
2019-01-17,603729
2019-01-17,300717
2019-01-17,002805
2019-01-17,000702
2019-01-17,300585
2019-01-17,603536
2019-01-17,002778
2019-01-17,603041
2019-01-17,300622
2019-01-17,000679
2019-01-17,600371
2019-01-17,300536
2019-01-17,300650
2019-01-17,300464
2019-01-17,002857
2019-01-17,600444
2019-01-17,300636
2019-01-17,000692
2019-01-17,603330
2019-01-17,300092
2019-01-17,002134
2019-01-17,002715
2019-01-17,603880
2019-01-17,002105
2019-01-17,300371
2019-01-17,300669
2019-01-17,300404
2019-01-17,603139
2019-01-17,600506
2019-01-17,002205
2019-01-17,300540
2019-01-17,603110
2019-01-17,002758
2019-01-17,300126
2019-01-17,603316
2019-01-17,600769
2019-01-17,300611
2019-01-17,600883
2019-01-17,603829
2019-01-17,603488
2019-01-17,002817
2019-01-17,600319
2019-01-17,300169
2019-01-17,300721
2019-01-17,300710
2019-01-17,603655
2019-01-17,600793
2019-01-17,300626
2019-01-17,603908
2019-01-17,603633
2019-01-17,300402
2019-01-17,300631
2019-01-17,300275
2019-01-17,603286
2019-01-31,300489
2019-01-31,300592
2019-01-31,300405
2019-01-31,300321
2019-01-31,002633
2019-01-31,300106
2019-01-31,002890
2019-01-31,603286
2019-01-31,300665
2019-01-31,300680
2019-01-31,300354
2019-01-31,300417
2019-01-31,300220
2019-01-31,300069
2019-01-31,300442
2019-01-31,002800
2019-01-31,603029
2019-01-31,300275
2019-01-31,300521
2019-01-31,300535
2019-01-31,600137
2019-01-31,002760
2019-01-31,603031
2019-01-31,002209
2019-01-31,600099
2019-01-31,300557
2019-01-31,603090
2019-01-31,002112
2019-01-31,300551
2019-01-31,603729
2019-01-31,600561
2019-01-31,002729
2019-01-31,603991
2019-01-31,603088
2019-01-31,002805
2019-01-31,600319
2019-01-31,600455
2019-01-31,000679
2019-01-31,300540
2019-01-31,300710
2019-01-31,300517
2019-01-31,300254
2019-01-31,300573
2019-01-31,300126
2019-01-31,300235
2019-01-31,603536
2019-01-31,603879
2019-01-31,600095
2019-01-31,300717
2019-01-31,300640
2019-01-31,300218
2019-01-31,300585
2019-01-31,603041
2019-01-31,300464
2019-01-31,600768
2019-01-31,002857
2019-01-31,600605
2019-01-31,300626
2019-01-31,300721
2019-01-31,600371
2019-01-31,300022
2019-01-31,603633
2019-01-31,002134
2019-01-31,603655
2019-01-31,300636
2019-01-31,300536
2019-01-31,300650
2019-01-31,000702
2019-01-31,603908
2019-01-31,300622
2019-01-31,603022
2019-01-31,603880
2019-01-31,300404
2019-01-31,600883
2019-01-31,603829
2019-01-31,002105
2019-01-31,600444
2019-01-31,600506
2019-01-31,300611
2019-01-31,603139
2019-01-31,603110
2019-01-31,002817
2019-01-31,603316
2019-01-31,300169
2019-01-31,000692
2019-01-31,002862
2019-01-31,002660
2019-01-31,000803
2019-01-31,300606
2019-01-31,300736
2019-01-31,002667
2019-01-31,600796
2019-01-31,300554
2019-01-31,300030
2019-01-31,002835
2019-01-31,300553
2019-01-31,603725
2019-01-31,600359
2019-01-31,300345
2019-01-31,603330
2019-02-14,300489
2019-02-14,300592
2019-02-14,300405
2019-02-14,300321
2019-02-14,002633
2019-02-14,300106
2019-02-14,300680
2019-02-14,300354
2019-02-14,603286
2019-02-14,300665
2019-02-14,300417
2019-02-14,002890
2019-02-14,603029
2019-02-14,300275
2019-02-14,300442
2019-02-14,300220
2019-02-14,600137
2019-02-14,002800
2019-02-14,300535
2019-02-14,300551
2019-02-14,603031
2019-02-14,600099
2019-02-14,300521
2019-02-14,002209
2019-02-14,300557
2019-02-14,002760
2019-02-14,603090
2019-02-14,300069
2019-02-14,603088
2019-02-14,603729
2019-02-14,600561
2019-02-14,002112
2019-02-14,002805
2019-02-14,300573
2019-02-14,002729
2019-02-14,603991
2019-02-14,600455
2019-02-14,600768
2019-02-14,600319
2019-02-14,000679
2019-02-14,300254
2019-02-14,603536
2019-02-14,603041
2019-02-14,300218
2019-02-14,300710
2019-02-14,300640
2019-02-14,300717
2019-02-14,300517
2019-02-14,603879
2019-02-14,300626
2019-02-14,300585
2019-02-14,002857
2019-02-14,600605
2019-02-14,300235
2019-02-14,300721
2019-02-14,300540
2019-02-14,603022
2019-02-14,300126
2019-02-14,603908
2019-02-14,603655
2019-02-14,300606
2019-02-14,300636
2019-02-14,300464
2019-02-14,300536
2019-02-14,600371
2019-02-14,000702
2019-02-14,300622
2019-02-14,600095
2019-02-14,000803
2019-02-14,300022
2019-02-14,002134
2019-02-14,600444
2019-02-14,002862
2019-02-14,600506
2019-02-14,300650
2019-02-14,002105
2019-02-14,000692
2019-02-14,600883
2019-02-14,300736
2019-02-14,002667
2019-02-14,603880
2019-02-14,603316
2019-02-14,603139
2019-02-14,300553
2019-02-14,600796
2019-02-14,603633
2019-02-14,603725
2019-02-14,002817
2019-02-14,603829
2019-02-14,300611
2019-02-14,300404
2019-02-14,600359
2019-02-14,300030
2019-02-14,300554
2019-02-14,002835
2019-02-14,300669
2019-02-14,002715
2019-02-14,600769
2019-02-14,600793
2019-02-14,603330
2019-02-28,300489
2019-02-28,300592
2019-02-28,300405
2019-02-28,300321
2019-02-28,300106
2019-02-28,002633
2019-02-28,603286
2019-02-28,300680
2019-02-28,002890
2019-02-28,300665
2019-02-28,300417
2019-02-28,300354
2019-02-28,603029
2019-02-28,300535
2019-02-28,300551
2019-02-28,002800
2019-02-28,603031
2019-02-28,600137
2019-02-28,002760
2019-02-28,300442
2019-02-28,600099
2019-02-28,300557
2019-02-28,603090
2019-02-28,300275
2019-02-28,300573
2019-02-28,600561
2019-02-28,002209
2019-02-28,603088
2019-02-28,600455
2019-02-28,600768
2019-02-28,603991
2019-02-28,300220
2019-02-28,002729
2019-02-28,603536
2019-02-28,603879
2019-02-28,603041
2019-02-28,002805
2019-02-28,603729
2019-02-28,300069
2019-02-28,300254
2019-02-28,300640
2019-02-28,300517
2019-02-28,300636
2019-02-28,300218
2019-02-28,300626
2019-02-28,600605
2019-02-28,603908
2019-02-28,300521
2019-02-28,600444
2019-02-28,300540
2019-02-28,300721
2019-02-28,300622
2019-02-28,002857
2019-02-28,600095
2019-02-28,300536
2019-02-28,300585
2019-02-28,300650
2019-02-28,603655
2019-02-28,002715
2019-02-28,000679
2019-02-28,300235
2019-02-28,600506
2019-02-28,600319
2019-02-28,603022
2019-02-28,600883
2019-02-28,300669
2019-02-28,002134
2019-02-28,002817
2019-02-28,300717
2019-02-28,000692
2019-02-28,600371
2019-02-28,000702
2019-02-28,603316
2019-02-28,000803
2019-02-28,300736
2019-02-28,300022
2019-02-28,002105
2019-02-28,300553
2019-02-28,300126
2019-02-28,603829
2019-02-28,603880
2019-02-28,603139
2019-02-28,300611
2019-02-28,300606
2019-02-28,600796
2019-02-28,600769
2019-02-28,300554
2019-02-28,600793
2019-02-28,603330
2019-02-28,002667
2019-02-28,002835
2019-02-28,300404
2019-02-28,300092
2019-02-28,002205
2019-02-28,600493
2019-02-28,300371
2019-02-28,300631
2019-02-28,603038
2019-02-28,603860
2019-02-28,002112
2019-03-14,300489
2019-03-14,300405
2019-03-14,300592
2019-03-14,300321
2019-03-14,300665
2019-03-14,002633
2019-03-14,002890
2019-03-14,300106
2019-03-14,603286
2019-03-14,300680
2019-03-14,603031
2019-03-14,300354
2019-03-14,300417
2019-03-14,300535
2019-03-14,603029
2019-03-14,600768
2019-03-14,300442
2019-03-14,600137
2019-03-14,300573
2019-03-14,002800
2019-03-14,002760
2019-03-14,603088
2019-03-14,600099
2019-03-14,300069
2019-03-14,603991
2019-03-14,300275
2019-03-14,600561
2019-03-14,603090
2019-03-14,603536
2019-03-14,300636
2019-03-14,600455
2019-03-14,600444
2019-03-14,300540
2019-03-14,300517
2019-03-14,300622
2019-03-14,002729
2019-03-14,300521
2019-03-14,603041
2019-03-14,603879
2019-03-14,300640
2019-03-14,603908
2019-03-14,600605
2019-03-14,300721
2019-03-14,002209
2019-03-14,300717
2019-03-14,300254
2019-03-14,300650
2019-03-14,603655
2019-03-14,300551
2019-03-14,300626
2019-03-14,002715
2019-03-14,002805
2019-03-14,300585
2019-03-14,300557
2019-03-14,300218
2019-03-14,002817
2019-03-14,300669
2019-03-14,300536
2019-03-14,002112
2019-03-14,000679
2019-03-14,300235
2019-03-14,002857
2019-03-14,300092
2019-03-14,300022
2019-03-14,600506
2019-03-14,600319
2019-03-14,300553
2019-03-14,300606
2019-03-14,603139
2019-03-14,600793
2019-03-14,002205
2019-03-14,000702
2019-03-14,600883
2019-03-14,603880
2019-03-14,600796
2019-03-14,002134
2019-03-14,600371
2019-03-14,600493
2019-03-14,300736
2019-03-14,300371
2019-03-14,002105
2019-03-14,603330
2019-03-14,603829
2019-03-14,300611
2019-03-14,603316
2019-03-14,603038
2019-03-14,600769
2019-03-14,300631
2019-03-14,300126
2019-03-14,000692
2019-03-14,603860
2019-03-14,002835
2019-03-14,603725
2019-03-14,002919
2019-03-14,300169
2019-03-14,603110
2019-03-14,603488
2019-03-14,603028
2019-03-14,603729
2019-03-14,000803
2019-03-28,300592
2019-03-28,300106
2019-03-28,300405
2019-03-28,300665
2019-03-28,300489
2019-03-28,300680
2019-03-28,300321
2019-03-28,300069
2019-03-28,002890
2019-03-28,603286
2019-03-28,600768
2019-03-28,300417
2019-03-28,300354
2019-03-28,300535
2019-03-28,300442
2019-03-28,002760
2019-03-28,002800
2019-03-28,603031
2019-03-28,603029
2019-03-28,300275
2019-03-28,300573
2019-03-28,600099
2019-03-28,603088
2019-03-28,002633
2019-03-28,600561
2019-03-28,002209
2019-03-28,002112
2019-03-28,300557
2019-03-28,300626
2019-03-28,300551
2019-03-28,002715
2019-03-28,603041
2019-03-28,600605
2019-03-28,600444
2019-03-28,300585
2019-03-28,300636
2019-03-28,300650
2019-03-28,300235
2019-03-28,300736
2019-03-28,300022
2019-03-28,300517
2019-03-28,603536
2019-03-28,603090
2019-03-28,300521
2019-03-28,300640
2019-03-28,300622
2019-03-28,300553
2019-03-28,000679
2019-03-28,603991
2019-03-28,600137
2019-03-28,603908
2019-03-28,002817
2019-03-28,000702
2019-03-28,603655
2019-03-28,300254
2019-03-28,600455
2019-03-28,603879
2019-03-28,300218
2019-03-28,000692
2019-03-28,002729
2019-03-28,300669
2019-03-28,600883
2019-03-28,603139
2019-03-28,603330
2019-03-28,002105
2019-03-28,600793
2019-03-28,300611
2019-03-28,600319
2019-03-28,603880
2019-03-28,600371
2019-03-28,600506
2019-03-28,300169
2019-03-28,300371
2019-03-28,600796
2019-03-28,002919
2019-03-28,300631
2019-03-28,300721
2019-03-28,603725
2019-03-28,603028
2019-03-28,603316
2019-03-28,300092
2019-03-28,603038
2019-03-28,603488
2019-03-28,002857
2019-03-28,300606
2019-03-28,603860
2019-03-28,300554
2019-03-28,600095
2019-03-28,300549
2019-03-28,002778
2019-03-28,603356
2019-03-28,603319
2019-03-28,603022
2019-03-28,600980
2019-03-28,000713
2019-03-28,002136
2019-03-28,002899
2019-03-28,002660
2019-03-28,603701
2019-03-28,002205
2019-04-11,300592
2019-04-11,300665
2019-04-11,300405
2019-04-11,300321
2019-04-11,002890
2019-04-11,300106
2019-04-11,603286
2019-04-11,300069
2019-04-11,300680
2019-04-11,603029
2019-04-11,300535
2019-04-11,300442
2019-04-11,603031
2019-04-11,600768
2019-04-11,300354
2019-04-11,300417
2019-04-11,002633
2019-04-11,002209
2019-04-11,603088
2019-04-11,600137
2019-04-11,300557
2019-04-11,603991
2019-04-11,300626
2019-04-11,300551
2019-04-11,002800
2019-04-11,603041
2019-04-11,300517
2019-04-11,300585
2019-04-11,300650
2019-04-11,002760
2019-04-11,300736
2019-04-11,002112
2019-04-11,600561
2019-04-11,600605
2019-04-11,300521
2019-04-11,300636
2019-04-11,300218
2019-04-11,300640
2019-04-11,002715
2019-04-11,300022
2019-04-11,300622
2019-04-11,600319
2019-04-11,300235
2019-04-11,603908
2019-04-11,002778
2019-04-11,300553
2019-04-11,300606
2019-04-11,600371
2019-04-11,600444
2019-04-11,300721
2019-04-11,603725
2019-04-11,603090
2019-04-11,603330
2019-04-11,600099
2019-04-11,002857
2019-04-11,603880
2019-04-11,603139
2019-04-11,600095
2019-04-11,600455
2019-04-11,002817
2019-04-11,600883
2019-04-11,000679
2019-04-11,000702
2019-04-11,300669
2019-04-11,300631
2019-04-11,603316
2019-04-11,603860
2019-04-11,300611
2019-04-11,603879
2019-04-11,600506
2019-04-11,300371
2019-04-11,300254
2019-04-11,600980
2019-04-11,300169
2019-04-11,600796
2019-04-11,603022
2019-04-11,300573
2019-04-11,002899
2019-04-11,603319
2019-04-11,603356
2019-04-11,300092
2019-04-11,603038
2019-04-11,603536
2019-04-11,603655
2019-04-11,000692
2019-04-11,300717
2019-04-11,000803
2019-04-11,300629
2019-04-11,002921
2019-04-11,002134
2019-04-11,300576
2019-04-11,600493
2019-04-11,300720
2019-04-11,300619
2019-04-11,603076
2019-04-11,002909
2019-04-11,603578
2019-04-11,002893
2019-04-11,002667
2019-04-11,300489
2019-04-25,300592
2019-04-25,300665
2019-04-25,002890
2019-04-25,603286
2019-04-25,300354
2019-04-25,300321
2019-04-25,002633
2019-04-25,300535
2019-04-25,300442
2019-04-25,600768
2019-04-25,603031
2019-04-25,300680
2019-04-25,603029
2019-04-25,600137
2019-04-25,002209
2019-04-25,002800
2019-04-25,300417
2019-04-25,300626
2019-04-25,300106
2019-04-25,603090
2019-04-25,300557
2019-04-25,002112
2019-04-25,603088
2019-04-25,300405
2019-04-25,300069
2019-04-25,300585
2019-04-25,300517
2019-04-25,300736
2019-04-25,300650
2019-04-25,002760
2019-04-25,300489
2019-04-25,300636
2019-04-25,300218
2019-04-25,600605
2019-04-25,300606
2019-04-25,000679
2019-04-25,002715
2019-04-25,603041
2019-04-25,300721
2019-04-25,300717
2019-04-25,300521
2019-04-25,600561
2019-04-25,603880
2019-04-25,603991
2019-04-25,603725
2019-04-25,002857
2019-04-25,603330
2019-04-25,603879
2019-04-25,300553
2019-04-25,300235
2019-04-25,603655
2019-04-25,002921
2019-04-25,300631
2019-04-25,603139
2019-04-25,600371
2019-04-25,002817
2019-04-25,600883
2019-04-25,603356
2019-04-25,300611
2019-04-25,600099
2019-04-25,600444
2019-04-25,300551
2019-04-25,600796
2019-04-25,600319
2019-04-25,300169
2019-04-25,300092
2019-04-25,300619
2019-04-25,603022
2019-04-25,600506
2019-04-25,002893
2019-04-25,600095
2019-04-25,300669
2019-04-25,600455
2019-04-25,603316
2019-04-25,002899
2019-04-25,000692
2019-04-25,300576
2019-04-25,603578
2019-04-25,002909
2019-04-25,300640
2019-04-25,002134
2019-04-25,603319
2019-04-25,603038
2019-04-25,600980
2019-04-25,300371
2019-04-25,300629
2019-04-25,603860
2019-04-25,600493
2019-04-25,300275
2019-04-25,300554
2019-04-25,300126
2019-04-25,002105
2019-04-25,300644
2019-04-25,603829
2019-04-25,002919
2019-04-25,603729
2019-04-25,603633
2019-04-25,300022
2019-04-25,300254
2019-04-25,603536
2019-05-09,300592
2019-05-09,002890
2019-05-09,300665
2019-05-09,603286
2019-05-09,300354
2019-05-09,300442
2019-05-09,603029
2019-05-09,300321
2019-05-09,300535
2019-05-09,603031
2019-05-09,300680
2019-05-09,002633
2019-05-09,300626
2019-05-09,002209
2019-05-09,600137
2019-05-09,603991
2019-05-09,600768
2019-05-09,300585
2019-05-09,002800
2019-05-09,300557
2019-05-09,300521
2019-05-09,000679
2019-05-09,603090
2019-05-09,603088
2019-05-09,600605
2019-05-09,300489
2019-05-09,300736
2019-05-09,002715
2019-05-09,300636
2019-05-09,300106
2019-05-09,300721
2019-05-09,300218
2019-05-09,300606
2019-05-09,300275
2019-05-09,300650
2019-05-09,300235
2019-05-09,600561
2019-05-09,002857
2019-05-09,300554
2019-05-09,600319
2019-05-09,300553
2019-05-09,603041
2019-05-09,603330
2019-05-09,002760
2019-05-09,300517
2019-05-09,603725
2019-05-09,002899
2019-05-09,300254
2019-05-09,300631
2019-05-09,300551
2019-05-09,002921
2019-05-09,603829
2019-05-09,600883
2019-05-09,603879
2019-05-09,603536
2019-05-09,603880
2019-05-09,603139
2019-05-09,603729
2019-05-09,600099
2019-05-09,300417
2019-05-09,002112
2019-05-09,300611
2019-05-09,600444
2019-05-09,603356
2019-05-09,300169
2019-05-09,002817
2019-05-09,603316
2019-05-09,603655
2019-05-09,002909
2019-05-09,300619
2019-05-09,603022
2019-05-09,600796
2019-05-09,600506
2019-05-09,603860
2019-05-09,300717
2019-05-09,000692
2019-05-09,002105
2019-05-09,300126
2019-05-09,300669
2019-05-09,300644
2019-05-09,300092
2019-05-09,603578
2019-05-09,300629
2019-05-09,002919
2019-05-09,603908
2019-05-09,002778
2019-05-09,603683
2019-05-09,600119
2019-05-09,300700
2019-05-09,300549
2019-05-09,002213
2019-05-09,002136
2019-05-09,300622
2019-05-09,603955
2019-05-09,603042
2019-05-09,002862
2019-05-09,300720
2019-05-09,603488
2019-05-09,300710
2019-05-09,300062
2019-05-23,002890
2019-05-23,300665
2019-05-23,603286
2019-05-23,603029
2019-05-23,300592
2019-05-23,603031
2019-05-23,300321
2019-05-23,002633
2019-05-23,600137
2019-05-23,002209
2019-05-23,300442
2019-05-23,603991
2019-05-23,300489
2019-05-23,000679
2019-05-23,300535
2019-05-23,300680
2019-05-23,002800
2019-05-23,600768
2019-05-23,300585
2019-05-23,600119
2019-05-23,300521
2019-05-23,300554
2019-05-23,603090
2019-05-23,300606
2019-05-23,300736
2019-05-23,300721
2019-05-23,600605
2019-05-23,300106
2019-05-23,603908
2019-05-23,300626
2019-05-23,603729
2019-05-23,300650
2019-05-23,300557
2019-05-23,603041
2019-05-23,603088
2019-05-23,002715
2019-05-23,300218
2019-05-23,600319
2019-05-23,600561
2019-05-23,002857
2019-05-23,603330
2019-05-23,603879
2019-05-23,603725
2019-05-23,002778
2019-05-23,300553
2019-05-23,300275
2019-05-23,300636
2019-05-23,300517
2019-05-23,300700
2019-05-23,002817
2019-05-23,300631
2019-05-23,603683
2019-05-23,300417
2019-05-23,603316
2019-05-23,603829
2019-05-23,603536
2019-05-23,600099
2019-05-23,300622
2019-05-23,002921
2019-05-23,603356
2019-05-23,603022
2019-05-23,002760
2019-05-23,300254
2019-05-23,603880
2019-05-23,300611
2019-05-23,000692
2019-05-23,002105
2019-05-23,600444
2019-05-23,300717
2019-05-23,600883
2019-05-23,600796
2019-05-23,300235
2019-05-23,002112
2019-05-23,300619
2019-05-23,002213
2019-05-23,603139
2019-05-23,002909
2019-05-23,603955
2019-05-23,603578
2019-05-23,603488
2019-05-23,600506
2019-05-23,300644
2019-05-23,300629
2019-05-23,603655
2019-05-23,300354
2019-05-23,002136
2019-05-23,603042
2019-05-23,300551
2019-05-23,002899
2019-05-23,300092
2019-05-23,300069
2019-05-23,000702
2019-05-23,600455
2019-05-23,600778
2019-05-23,300030
2019-05-23,300412
2019-05-23,603958
2019-05-23,600241
2019-05-23,603038
2019-05-23,603076
2019-06-06,603029
2019-06-06,300665
2019-06-06,002209
2019-06-06,600119
2019-06-06,603286
2019-06-06,000679
2019-06-06,002890
2019-06-06,300321
2019-06-06,300680
2019-06-06,002800
2019-06-06,300442
2019-06-06,002112
2019-06-06,600137
2019-06-06,300275
2019-06-06,002633
2019-06-06,600768
2019-06-06,603090
2019-06-06,300354
2019-06-06,300521
2019-06-06,300721
2019-06-06,600319
2019-06-06,300535
2019-06-06,603031
2019-06-06,603991
2019-06-06,300626
2019-06-06,300557
2019-06-06,600561
2019-06-06,300554
2019-06-06,603729
2019-06-06,300585
2019-06-06,603725
2019-06-06,300218
2019-06-06,002213
2019-06-06,603880
2019-06-06,300489
2019-06-06,300517
2019-06-06,600778
2019-06-06,300254
2019-06-06,603356
2019-06-06,600883
2019-06-06,002760
2019-06-06,000692
2019-06-06,600605
2019-06-06,300700
2019-06-06,300636
2019-06-06,002778
2019-06-06,002105
2019-06-06,300606
2019-06-06,300553
2019-06-06,603041
2019-06-06,603536
2019-06-06,603022
2019-06-06,603908
2019-06-06,002899
2019-06-06,300650
2019-06-06,300622
2019-06-06,603879
2019-06-06,600099
2019-06-06,300030
2019-06-06,603330
2019-06-06,000702
2019-06-06,300717
2019-06-06,603088
2019-06-06,300417
2019-06-06,002817
2019-06-06,600796
2019-06-06,603488
2019-06-06,300235
2019-06-06,300619
2019-06-06,002921
2019-06-06,600444
2019-06-06,603955
2019-06-06,603829
2019-06-06,002715
2019-06-06,300106
2019-06-06,603139
2019-06-06,603316
2019-06-06,300092
2019-06-06,603578
2019-06-06,300412
2019-06-06,600241
2019-06-06,603683
2019-06-06,300736
2019-06-06,603958
2019-06-06,600455
2019-06-06,002857
2019-06-06,002136
2019-06-06,600493
2019-06-06,300163
2019-06-06,300703
2019-06-06,300022
2019-06-06,300640
2019-06-06,300371
2019-06-06,300549
2019-06-06,002862
2019-06-06,300126
2019-06-06,002660
2019-06-06,300592
2019-06-06,300611
2019-06-06,603042
2019-06-20,300665
2019-06-20,300321
2019-06-20,603029
2019-06-20,603286
2019-06-20,002890
2019-06-20,300592
2019-06-20,600119
2019-06-20,002112
2019-06-20,300680
2019-06-20,000679
2019-06-20,002633
2019-06-20,300442
2019-06-20,600137
2019-06-20,300521
2019-06-20,002800
2019-06-20,300489
2019-06-20,600768
2019-06-20,603031
2019-06-20,300721
2019-06-20,300535
2019-06-20,300354
2019-06-20,300275
2019-06-20,300626
2019-06-20,603991
2019-06-20,603090
2019-06-20,002209
2019-06-20,300218
2019-06-20,300557
2019-06-20,603729
2019-06-20,300554
2019-06-20,600561
2019-06-20,600319
2019-06-20,002715
2019-06-20,002778
2019-06-20,600883
2019-06-20,300585
2019-06-20,603725
2019-06-20,300606
2019-06-20,002213
2019-06-20,300700
2019-06-20,603041
2019-06-20,300650
2019-06-20,603879
2019-06-20,600605
2019-06-20,300717
2019-06-20,300636
2019-06-20,603536
2019-06-20,603088
2019-06-20,000692
2019-06-20,002760
2019-06-20,300611
2019-06-20,300254
2019-06-20,002899
2019-06-20,300622
2019-06-20,603330
2019-06-20,300517
2019-06-20,300736
2019-06-20,002105
2019-06-20,603022
2019-06-20,300106
2019-06-20,600796
2019-06-20,300030
2019-06-20,603880
2019-06-20,600778
2019-06-20,002862
2019-06-20,300553
2019-06-20,600493
2019-06-20,002921
2019-06-20,300619
2019-06-20,600099
2019-06-20,000702
2019-06-20,300235
2019-06-20,603139
2019-06-20,300703
2019-06-20,300371
2019-06-20,600444
2019-06-20,300163
2019-06-20,603829
2019-06-20,300417
2019-06-20,603683
2019-06-20,603488
2019-06-20,002857
2019-06-20,603578
2019-06-20,300640
2019-06-20,600455
2019-06-20,300092
2019-06-20,600241
2019-06-20,300412
2019-06-20,603316
2019-06-20,300549
2019-06-20,002660
2019-06-20,603958
2019-06-20,002817
2019-06-20,002909
2019-06-20,300551
2019-06-20,002667
2019-06-20,603655
2019-06-20,300669
2019-06-20,300720
2019-06-20,603633
2019-07-04,300592
2019-07-04,002890
2019-07-04,300321
2019-07-04,300665
2019-07-04,002209
2019-07-04,603029
2019-07-04,603286
2019-07-04,002633
2019-07-04,000679
2019-07-04,300442
2019-07-04,002112
2019-07-04,300521
2019-07-04,300680
2019-07-04,300535
2019-07-04,603991
2019-07-04,603031
2019-07-04,600137
2019-07-04,603090
2019-07-04,600119
2019-07-04,300626
2019-07-04,300354
2019-07-04,600768
2019-07-04,300557
2019-07-04,002800
2019-07-04,300721
2019-07-04,603729
2019-07-04,002715
2019-07-04,600561
2019-07-04,002213
2019-07-04,300554
2019-07-04,603725
2019-07-04,600319
2019-07-04,300218
2019-07-04,300650
2019-07-04,300717
2019-07-04,603879
2019-07-04,300489
2019-07-04,603330
2019-07-04,300254
2019-07-04,603088
2019-07-04,002899
2019-07-04,300636
2019-07-04,300700
2019-07-04,600778
2019-07-04,000692
2019-07-04,000702
2019-07-04,600605
2019-07-04,603880
2019-07-04,002862
2019-07-04,300106
2019-07-04,603041
2019-07-04,002778
2019-07-04,300517
2019-07-04,600883
2019-07-04,600796
2019-07-04,002857
2019-07-04,300736
2019-07-04,002909
2019-07-04,603536
2019-07-04,300553
2019-07-04,603655
2019-07-04,002105
2019-07-04,300030
2019-07-04,300703
2019-07-04,600493
2019-07-04,603139
2019-07-04,300611
2019-07-04,300549
2019-07-04,300622
2019-07-04,300235
2019-07-04,600444
2019-07-04,002921
2019-07-04,002760
2019-07-04,603683
2019-07-04,600099
2019-07-04,002667
2019-07-04,603316
2019-07-04,300606
2019-07-04,603578
2019-07-04,603829
2019-07-04,603488
2019-07-04,002817
2019-07-04,603958
2019-07-04,300640
2019-07-04,300412
2019-07-04,300619
2019-07-04,300275
2019-07-04,600241
2019-07-04,300417
2019-07-04,300585
2019-07-04,603022
2019-07-04,603356
2019-07-04,300126
2019-07-04,300022
2019-07-04,300069
2019-07-04,300169
2019-07-04,002136
2019-07-04,600506
2019-07-04,300405
2019-07-04,002843
2019-07-18,300665
2019-07-18,300592
2019-07-18,002890
2019-07-18,000679
2019-07-18,002209
2019-07-18,603029
2019-07-18,002633
2019-07-18,603286
2019-07-18,300321
2019-07-18,002112
2019-07-18,300442
2019-07-18,600768
2019-07-18,603729
2019-07-18,300680
2019-07-18,603991
2019-07-18,300521
2019-07-18,603090
2019-07-18,600561
2019-07-18,300535
2019-07-18,002800
2019-07-18,300626
2019-07-18,300736
2019-07-18,300557
2019-07-18,603088
2019-07-18,603031
2019-07-18,300489
2019-07-18,300721
2019-07-18,300218
2019-07-18,603879
2019-07-18,300022
2019-07-18,603330
2019-07-18,300517
2019-07-18,300606
2019-07-18,000692
2019-07-18,600137
2019-07-18,002778
2019-07-18,002715
2019-07-18,300275
2019-07-18,002899
2019-07-18,002921
2019-07-18,300354
2019-07-18,300611
2019-07-18,603536
2019-07-18,600099
2019-07-18,002213
2019-07-18,600778
2019-07-18,002667
2019-07-18,603880
2019-07-18,300636
2019-07-18,300650
2019-07-18,603041
2019-07-18,600605
2019-07-18,603356
2019-07-18,002760
2019-07-18,300254
2019-07-18,300126
2019-07-18,300069
2019-07-18,600796
2019-07-18,603655
2019-07-18,300553
2019-07-18,603683
2019-07-18,603958
2019-07-18,603725
2019-07-18,300235
2019-07-18,600883
2019-07-18,300030
2019-07-18,300405
2019-07-18,603139
2019-07-18,603829
2019-07-18,600493
2019-07-18,002857
2019-07-18,600119
2019-07-18,600241
2019-07-18,600319
2019-07-18,002862
2019-07-18,603578
2019-07-18,300640
2019-07-18,600444
2019-07-18,300703
2019-07-18,000702
2019-07-18,002843
2019-07-18,300106
2019-07-18,600506
2019-07-18,300169
2019-07-18,002909
2019-07-18,603022
2019-07-18,300720
2019-07-18,603917
2019-07-18,300092
2019-07-18,300421
2019-07-18,300062
2019-07-18,002883
2019-07-18,002805
2019-07-18,300141
2019-07-18,300693
2019-07-18,603633
2019-07-18,600302
2019-07-18,300652
2019-07-18,600455
2019-07-18,002105
2019-08-01,300665
2019-08-01,300592
2019-08-01,002890
2019-08-01,002633
2019-08-01,002209
2019-08-01,300321
2019-08-01,603029
2019-08-01,000679
2019-08-01,002112
2019-08-01,603286
2019-08-01,603729
2019-08-01,600768
2019-08-01,300442
2019-08-01,603991
2019-08-01,002715
2019-08-01,300535
2019-08-01,600561
2019-08-01,600137
2019-08-01,300626
2019-08-01,002800
2019-08-01,300680
2019-08-01,603090
2019-08-01,300521
2019-08-01,000692
2019-08-01,603088
2019-08-01,603330
2019-08-01,300736
2019-08-01,603879
2019-08-01,300489
2019-08-01,600099
2019-08-01,600778
2019-08-01,002778
2019-08-01,300022
2019-08-01,002899
2019-08-01,002213
2019-08-01,002760
2019-08-01,300218
2019-08-01,300069
2019-08-01,002667
2019-08-01,300517
2019-08-01,300606
2019-08-01,603041
2019-08-01,002862
2019-08-01,600796
2019-08-01,000702
2019-08-01,600493
2019-08-01,300557
2019-08-01,603031
2019-08-01,603725
2019-08-01,603958
2019-08-01,300611
2019-08-01,002921
2019-08-01,300721
2019-08-01,600241
2019-08-01,300636
2019-08-01,600883
2019-08-01,603655
2019-08-01,300169
2019-08-01,600506
2019-08-01,603880
2019-08-01,002105
2019-08-01,603139
2019-08-01,300650
2019-08-01,300126
2019-08-01,300421
2019-08-01,603536
2019-08-01,300720
2019-08-01,600319
2019-08-01,300106
2019-08-01,300693
2019-08-01,300141
2019-08-01,603917
2019-08-01,603356
2019-08-01,600119
2019-08-01,600444
2019-08-01,300092
2019-08-01,600302
2019-08-01,300405
2019-08-01,300254
2019-08-01,300030
2019-08-01,603683
2019-08-01,002843
2019-08-01,002805
2019-08-01,603578
2019-08-01,603022
2019-08-01,300640
2019-08-01,002883
2019-08-01,300062
2019-08-01,600455
2019-08-01,002857
2019-08-01,603908
2019-08-01,002817
2019-08-01,600250
2019-08-01,300412
2019-08-01,600714
2019-08-01,603477
2019-08-01,600791
2019-08-01,600235
2019-08-01,300717
2019-08-01,603955
2019-08-15,300665
2019-08-15,300592
2019-08-15,002633
2019-08-15,002209
2019-08-15,300321
2019-08-15,002890
2019-08-15,000679
2019-08-15,603286
2019-08-15,603029
2019-08-15,002112
2019-08-15,603729
2019-08-15,300442
2019-08-15,603088
2019-08-15,002715
2019-08-15,300626
2019-08-15,300680
2019-08-15,603991
2019-08-15,600561
2019-08-15,300521
2019-08-15,603879
2019-08-15,300535
2019-08-15,600099
2019-08-15,000692
2019-08-15,603725
2019-08-15,600768
2019-08-15,300106
2019-08-15,300069
2019-08-15,600319
2019-08-15,600778
2019-08-15,002213
2019-08-15,002921
2019-08-15,002667
2019-08-15,300557
2019-08-15,300022
2019-08-15,300218
2019-08-15,002778
2019-08-15,002800
2019-08-15,300517
2019-08-15,300606
2019-08-15,603330
2019-08-15,000702
2019-08-15,600137
2019-08-15,603041
2019-08-15,002862
2019-08-15,002760
2019-08-15,600796
2019-08-15,600493
2019-08-15,300126
2019-08-15,300611
2019-08-15,002899
2019-08-15,300721
2019-08-15,300169
2019-08-15,600883
2019-08-15,300092
2019-08-15,300736
2019-08-15,603958
2019-08-15,600119
2019-08-15,600241
2019-08-15,002817
2019-08-15,603917
2019-08-15,300720
2019-08-15,300254
2019-08-15,603880
2019-08-15,300141
2019-08-15,600506
2019-08-15,600302
2019-08-15,002805
2019-08-15,603683
2019-08-15,300693
2019-08-15,300405
2019-08-15,603022
2019-08-15,600235
2019-08-15,600250
2019-08-15,300412
2019-08-15,603356
2019-08-15,002843
2019-08-15,300640
2019-08-15,600714
2019-08-15,603090
2019-08-15,600444
2019-08-15,300636
2019-08-15,600791
2019-08-15,603578
2019-08-15,603139
2019-08-15,300489
2019-08-15,603955
2019-08-15,002883
2019-08-15,300421
2019-08-15,300062
2019-08-15,002105
2019-08-15,300030
2019-08-15,300275
2019-08-15,603829
2019-08-15,603159
2019-08-15,300554
2019-08-15,300235
2019-08-15,002576
2019-08-15,300654
2019-08-15,600573
2019-08-15,603488
2019-08-29,300665
2019-08-29,002633
2019-08-29,002209
2019-08-29,300592
2019-08-29,300321
2019-08-29,002890
2019-08-29,603029
2019-08-29,603286
2019-08-29,000679
2019-08-29,002112
2019-08-29,300442
2019-08-29,603088
2019-08-29,603729
2019-08-29,300535
2019-08-29,002715
2019-08-29,603991
2019-08-29,600561
2019-08-29,300626
2019-08-29,603330
2019-08-29,300680
2019-08-29,600768
2019-08-29,603725
2019-08-29,300521
2019-08-29,002778
2019-08-29,600099
2019-08-29,600119
2019-08-29,002921
2019-08-29,300022
2019-08-29,300736
2019-08-29,603879
2019-08-29,300106
2019-08-29,300721
2019-08-29,300517
2019-08-29,300557
2019-08-29,002760
2019-08-29,600137
2019-08-29,002667
2019-08-29,300606
2019-08-29,600778
2019-08-29,600319
2019-08-29,300218
2019-08-29,603090
2019-08-29,603041
2019-08-29,002862
2019-08-29,600493
2019-08-29,300275
2019-08-29,300092
2019-08-29,600883
2019-08-29,600302
2019-08-29,600241
2019-08-29,300554
2019-08-29,603022
2019-08-29,600796
2019-08-29,603880
2019-08-29,300421
2019-08-29,300611
2019-08-29,600444
2019-08-29,603829
2019-08-29,300126
2019-08-29,603917
2019-08-29,300169
2019-08-29,002817
2019-08-29,002899
2019-08-29,300405
2019-08-29,002805
2019-08-29,000692
2019-08-29,300720
2019-08-29,603356
2019-08-29,300141
2019-08-29,600250
2019-08-29,300069
2019-08-29,603683
2019-08-29,603159
2019-08-29,603958
2019-08-29,600235
2019-08-29,000702
2019-08-29,603578
2019-08-29,300254
2019-08-29,300412
2019-08-29,002800
2019-08-29,002883
2019-08-29,300640
2019-08-29,600714
2019-08-29,603139
2019-08-29,600506
2019-08-29,603955
2019-08-29,300693
2019-08-29,300062
2019-08-29,002843
2019-08-29,603488
2019-08-29,300654
2019-08-29,002576
2019-08-29,600605
2019-08-29,000633
2019-08-29,603319
2019-08-29,300650
2019-08-29,600678
2019-08-29,300717
2019-08-29,600889
2019-08-29,002723
2019-09-12,300665
2019-09-12,002633
2019-09-12,002890
2019-09-12,300321
2019-09-12,603029
2019-09-12,300592
2019-09-12,603286
2019-09-12,002209
2019-09-12,000679
2019-09-12,603088
2019-09-12,600561
2019-09-12,603991
2019-09-12,002715
2019-09-12,603729
2019-09-12,300442
2019-09-12,300106
2019-09-12,600137
2019-09-12,300535
2019-09-12,002112
2019-09-12,300626
2019-09-12,603330
2019-09-12,600768
2019-09-12,603879
2019-09-12,300680
2019-09-12,002921
2019-09-12,000692
2019-09-12,300521
2019-09-12,300517
2019-09-12,600099
2019-09-12,300721
2019-09-12,002778
2019-09-12,600778
2019-09-12,600119
2019-09-12,300736
2019-09-12,002760
2019-09-12,300606
2019-09-12,600319
2019-09-12,603725
2019-09-12,300557
2019-09-12,300022
2019-09-12,603090
2019-09-12,002667
2019-09-12,600493
2019-09-12,002862
2019-09-12,300069
2019-09-12,600605
2019-09-12,603958
2019-09-12,300218
2019-09-12,603041
2019-09-12,603829
2019-09-12,002817
2019-09-12,600883
2019-09-12,600241
2019-09-12,600302
2019-09-12,600796
2019-09-12,600444
2019-09-12,603880
2019-09-12,002899
2019-09-12,603356
2019-09-12,300126
2019-09-12,603022
2019-09-12,603159
2019-09-12,603917
2019-09-12,300611
2019-09-12,300092
2019-09-12,603683
2019-09-12,603139
2019-09-12,300275
2019-09-12,600506
2019-09-12,300412
2019-09-12,300693
2019-09-12,300254
2019-09-12,300640
2019-09-12,002800
2019-09-12,300720
2019-09-12,603578
2019-09-12,300141
2019-09-12,600714
2019-09-12,603319
2019-09-12,300717
2019-09-12,002805
2019-09-12,000633
2019-09-12,300062
2019-09-12,002843
2019-09-12,603955
2019-09-12,603488
2019-09-12,600235
2019-09-12,300169
2019-09-12,002883
2019-09-12,300421
2019-09-12,600889
2019-09-12,600678
2019-09-12,600455
2019-09-12,603536
2019-09-12,603031
2019-09-12,300478
2019-09-12,600573
2019-09-12,603076
2019-09-12,600791
2019-09-12,600847
2019-09-26,300665
2019-09-26,002633
2019-09-26,000679
2019-09-26,300321
2019-09-26,300592
2019-09-26,002890
2019-09-26,603286
2019-09-26,002209
2019-09-26,603029
2019-09-26,002112
2019-09-26,603729
2019-09-26,603088
2019-09-26,603991
2019-09-26,600561
2019-09-26,002715
2019-09-26,600137
2019-09-26,600768
2019-09-26,300535
2019-09-26,300626
2019-09-26,300680
2019-09-26,300106
2019-09-26,002921
2019-09-26,600099
2019-09-26,300521
2019-09-26,603330
2019-09-26,300442
2019-09-26,600319
2019-09-26,002778
2019-09-26,600778
2019-09-26,002760
2019-09-26,000692
2019-09-26,600241
2019-09-26,300557
2019-09-26,600796
2019-09-26,002862
2019-09-26,600605
2019-09-26,002667
2019-09-26,300736
2019-09-26,300069
2019-09-26,600493
2019-09-26,300022
2019-09-26,600883
2019-09-26,300126
2019-09-26,600302
2019-09-26,300092
2019-09-26,002817
2019-09-26,600235
2019-09-26,300611
2019-09-26,600444
2019-09-26,300517
2019-09-26,600119
2019-09-26,300606
2019-09-26,600506
2019-09-26,000633
2019-09-26,603829
2019-09-26,300693
2019-09-26,600455
2019-09-26,603041
2019-09-26,603725
2019-09-26,603022
2019-09-26,300275
2019-09-26,603917
2019-09-26,603880
2019-09-26,603090
2019-09-26,300169
2019-09-26,603356
2019-09-26,300254
2019-09-26,300218
2019-09-26,603879
2019-09-26,603031
2019-09-26,603139
2019-09-26,300717
2019-09-26,603683
2019-09-26,600714
2019-09-26,603536
2019-09-26,002899
2019-09-26,603578
2019-09-26,300062
2019-09-26,300412
2019-09-26,600791
2019-09-26,002883
2019-09-26,600678
2019-09-26,002843
2019-09-26,603958
2019-09-26,300720
2019-09-26,600889
2019-09-26,300721
2019-09-26,300141
2019-09-26,603955
2019-09-26,300478
2019-09-26,603488
2019-09-26,000702
2019-09-26,300489
2019-09-26,300163
2019-09-26,300554
2019-09-26,300539
2019-09-26,300030
2019-09-26,300405
2019-09-26,300654
2019-09-26,600250
2019-10-10,300665
2019-10-10,002633
2019-10-10,300592
2019-10-10,000679
2019-10-10,002209
2019-10-10,603286
2019-10-10,002890
2019-10-10,300321
2019-10-10,603729
2019-10-10,603029
2019-10-10,002112
2019-10-10,300022
2019-10-10,002715
2019-10-10,603991
2019-10-10,603088
2019-10-10,600561
2019-10-10,600137
2019-10-10,300535
2019-10-10,300626
2019-10-10,300106
2019-10-10,002921
2019-10-10,300721
2019-10-10,600099
2019-10-10,300069
2019-10-10,002778
2019-10-10,600768
2019-10-10,600319
2019-10-10,600241
2019-10-10,300736
2019-10-10,300557
2019-10-10,603330
2019-10-10,600796
2019-10-10,300680
2019-10-10,000692
2019-10-10,600883
2019-10-10,002760
2019-10-10,600493
2019-10-10,002862
2019-10-10,600605
2019-10-10,300442
2019-10-10,300126
2019-10-10,600302
2019-10-10,000633
2019-10-10,300693
2019-10-10,300517
2019-10-10,600444
2019-10-10,603031
2019-10-10,300611
2019-10-10,300554
2019-10-10,300218
2019-10-10,300092
2019-10-10,002817
2019-10-10,600235
2019-10-10,603917
2019-10-10,300169
2019-10-10,600506
2019-10-10,002667
2019-10-10,603829
2019-10-10,600119
2019-10-10,603536
2019-10-10,603356
2019-10-10,300478
2019-10-10,300489
2019-10-10,603139
2019-10-10,600455
2019-10-10,300717
2019-10-10,300539
2019-10-10,300521
2019-10-10,300654
2019-10-10,600778
2019-10-10,300163
2019-10-10,603725
2019-10-10,300275
2019-10-10,603958
2019-10-10,300062
2019-10-10,300412
2019-10-10,300254
2019-10-10,000702
2019-10-10,600714
2019-10-10,603880
2019-10-10,600791
2019-10-10,300405
2019-10-10,600889
2019-10-10,603041
2019-10-10,300606
2019-10-10,002899
2019-10-10,603578
2019-10-10,600678
2019-10-10,002883
2019-10-10,600250
2019-10-10,603022
2019-10-10,600615
2019-10-10,600847
2019-10-10,600573
2019-10-10,002144
2019-10-10,002576
2019-10-10,600156
2019-10-10,300235
2019-10-10,300551
2019-10-10,600992
2019-10-24,300665
2019-10-24,002209
2019-10-24,002633
2019-10-24,603286
2019-10-24,002890
2019-10-24,300592
2019-10-24,603729
2019-10-24,603029
2019-10-24,603991
2019-10-24,600137
2019-10-24,002715
2019-10-24,600561
2019-10-24,600615
2019-10-24,002112
2019-10-24,000679
2019-10-24,300736
2019-10-24,603088
2019-10-24,300721
2019-10-24,600768
2019-10-24,300478
2019-10-24,600099
2019-10-24,002921
2019-10-24,600241
2019-10-24,300557
2019-10-24,300069
2019-10-24,300680
2019-10-24,300535
2019-10-24,600302
2019-10-24,002778
2019-10-24,300106
2019-10-24,600883
2019-10-24,300626
2019-10-24,600796
2019-10-24,600493
2019-10-24,002862
2019-10-24,300442
2019-10-24,000692
2019-10-24,603330
2019-10-24,300521
2019-10-24,300489
2019-10-24,300405
2019-10-24,600444
2019-10-24,002760
2019-10-24,300321
2019-10-24,603725
2019-10-24,002899
2019-10-24,300517
2019-10-24,002817
2019-10-24,300022
2019-10-24,300611
2019-10-24,603829
2019-10-24,002883
2019-10-24,603917
2019-10-24,600506
2019-10-24,300654
2019-10-24,600573
2019-10-24,600605
2019-10-24,002667
2019-10-24,600319
2019-10-24,600714
2019-10-24,603139
2019-10-24,600778
2019-10-24,603958
2019-10-24,300126
2019-10-24,300693
2019-10-24,600847
2019-10-24,600119
2019-10-24,600235
2019-10-24,603041
2019-10-24,603578
2019-10-24,600791
2019-10-24,002144
2019-10-24,300218
2019-10-24,600455
2019-10-24,000633
2019-10-24,300554
2019-10-24,600156
2019-10-24,600678
2019-10-24,600250
2019-10-24,002576
2019-10-24,603536
2019-10-24,600889
2019-10-24,300539
2019-10-24,600992
2019-10-24,300092
2019-10-24,000702
2019-10-24,300254
2019-10-24,300062
2019-10-24,603090
2019-10-24,603159
2019-10-24,300720
2019-10-24,002136
2019-10-24,002857
2019-10-24,603683
2019-10-24,300141
2019-10-24,603076
2019-10-24,300534
2019-10-24,300553
2019-10-24,000695
2019-10-24,603320
2019-11-07,002633
2019-11-07,300665
2019-11-07,603991
2019-11-07,002209
2019-11-07,603088
2019-11-07,000679
2019-11-07,603286
2019-11-07,603029
2019-11-07,603729
2019-11-07,002112
2019-11-07,600561
2019-11-07,600137
2019-11-07,600768
2019-11-07,300106
2019-11-07,002890
2019-11-07,300626
2019-11-07,300069
2019-11-07,002715
2019-11-07,300736
2019-11-07,600302
2019-11-07,300022
2019-11-07,300535
2019-11-07,600099
2019-11-07,002921
2019-11-07,300721
2019-11-07,603330
2019-11-07,600241
2019-11-07,300442
2019-11-07,002778
2019-11-07,300592
2019-11-07,300521
2019-11-07,300680
2019-11-07,300478
2019-11-07,300321
2019-11-07,600796
2019-11-07,600493
2019-11-07,600506
2019-11-07,300405
2019-11-07,600883
2019-11-07,603725
2019-11-07,600444
2019-11-07,002760
2019-11-07,300557
2019-11-07,000692
2019-11-07,300517
2019-11-07,603958
2019-11-07,300554
2019-11-07,603090
2019-11-07,300539
2019-11-07,000633
2019-11-07,300654
2019-11-07,603159
2019-11-07,002576
2019-11-07,600235
2019-11-07,300611
2019-11-07,600615
2019-11-07,603917
2019-11-07,600714
2019-11-07,600778
2019-11-07,600791
2019-11-07,603829
2019-11-07,600847
2019-11-07,600250
2019-11-07,002899
2019-11-07,002857
2019-11-07,300720
2019-11-07,600119
2019-11-07,600573
2019-11-07,002136
2019-11-07,002667
2019-11-07,300489
2019-11-07,300092
2019-11-07,002862
2019-11-07,600889
2019-11-07,300218
2019-11-07,000702
2019-11-07,600605
2019-11-07,002883
2019-11-07,300062
2019-11-07,000695
2019-11-07,300254
2019-11-07,603683
2019-11-07,300141
2019-11-07,600156
2019-11-07,600992
2019-11-07,600678
2019-11-07,603320
2019-11-07,603578
2019-11-07,300126
2019-11-07,300553
2019-11-07,300717
2019-11-07,000663
2019-11-07,300700
2019-11-07,300421
2019-11-07,002896
2019-11-07,300163
2019-11-07,300412
2019-11-07,300652
2019-11-07,603633
2019-11-07,603356
2019-11-21,002633
2019-11-21,603991
2019-11-21,300665
2019-11-21,603029
2019-11-21,603286
2019-11-21,603088
2019-11-21,000679
2019-11-21,002209
2019-11-21,603729
2019-11-21,600561
2019-11-21,300106
2019-11-21,002112
2019-11-21,300321
2019-11-21,600768
2019-11-21,600137
2019-11-21,300069
2019-11-21,300535
2019-11-21,002921
2019-11-21,600099
2019-11-21,300592
2019-11-21,600241
2019-11-21,002715
2019-11-21,300721
2019-11-21,300022
2019-11-21,300442
2019-11-21,600883
2019-11-21,300557
2019-11-21,600493
2019-11-21,603330
2019-11-21,300521
2019-11-21,300478
2019-11-21,300680
2019-11-21,300736
2019-11-21,002760
2019-11-21,300405
2019-11-21,600444
2019-11-21,600302
2019-11-21,002890
2019-11-21,300626
2019-11-21,600506
2019-11-21,603725
2019-11-21,603958
2019-11-21,002576
2019-11-21,000692
2019-11-21,000702
2019-11-21,300554
2019-11-21,000633
2019-11-21,300654
2019-11-21,300539
2019-11-21,002857
2019-11-21,002667
2019-11-21,603159
2019-11-21,603917
2019-11-21,000663
2019-11-21,600889
2019-11-21,603356
2019-11-21,002899
2019-11-21,300517
2019-11-21,600796
2019-11-21,300218
2019-11-21,300720
2019-11-21,600573
2019-11-21,600847
2019-11-21,300421
2019-11-21,002136
2019-11-21,300092
2019-11-21,600778
2019-11-21,600714
2019-11-21,600791
2019-11-21,603090
2019-11-21,600992
2019-11-21,000695
2019-11-21,300126
2019-11-21,300717
2019-11-21,002778
2019-11-21,300700
2019-11-21,300062
2019-11-21,600235
2019-11-21,603829
2019-11-21,600678
2019-11-21,300141
2019-11-21,603320
2019-11-21,600605
2019-11-21,300611
2019-11-21,600250
2019-11-21,300254
2019-11-21,300412
2019-11-21,300163
2019-11-21,600156
2019-11-21,600119
2019-11-21,603683
2019-11-21,002896
2019-11-21,603139
2019-11-21,603880
2019-11-21,600520
2019-11-21,603041
2019-11-21,002319
2019-11-21,603908
2019-11-21,002159
2019-11-21,603518
2019-12-05,002633
2019-12-05,300665
2019-12-05,603991
2019-12-05,603029
2019-12-05,603286
2019-12-05,603088
2019-12-05,300321
2019-12-05,000679
2019-12-05,002112
2019-12-05,300106
2019-12-05,300069
2019-12-05,600137
2019-12-05,300592
2019-12-05,600561
2019-12-05,600768
2019-12-05,300535
2019-12-05,300736
2019-12-05,600099
2019-12-05,300442
2019-12-05,300521
2019-12-05,300626
2019-12-05,002921
2019-12-05,603729
2019-12-05,300022
2019-12-05,002209
2019-12-05,300721
2019-12-05,600493
2019-12-05,002715
2019-12-05,600241
2019-12-05,002890
2019-12-05,300557
2019-12-05,600883
2019-12-05,300478
2019-12-05,600506
2019-12-05,300517
2019-12-05,002760
2019-12-05,300554
2019-12-05,600444
2019-12-05,300680
2019-12-05,603330
2019-12-05,300405
2019-12-05,603725
2019-12-05,300654
2019-12-05,000702
2019-12-05,000633
2019-12-05,603958
2019-12-05,603090
2019-12-05,002667
2019-12-05,002899
2019-12-05,300700
2019-12-05,603159
2019-12-05,600573
2019-12-05,000692
2019-12-05,002576
2019-12-05,000663
2019-12-05,300720
2019-12-05,300218
2019-12-05,603356
2019-12-05,600847
2019-12-05,300717
2019-12-05,600889
2019-12-05,603917
2019-12-05,603880
2019-12-05,300539
2019-12-05,002319
2019-12-05,300092
2019-12-05,002136
2019-12-05,300126
2019-12-05,300163
2019-12-05,603041
2019-12-05,603683
2019-12-05,600250
2019-12-05,000695
2019-12-05,300062
2019-12-05,600605
2019-12-05,300141
2019-12-05,002896
2019-12-05,300412
2019-12-05,600778
2019-12-05,600235
2019-12-05,603320
2019-12-05,300611
2019-12-05,603908
2019-12-05,600992
2019-12-05,300421
2019-12-05,600796
2019-12-05,300254
2019-12-05,603139
2019-12-05,600156
2019-12-05,600714
2019-12-05,002857
2019-12-05,300354
2019-12-05,300489
2019-12-05,300588
2019-12-05,300619
2019-12-05,300640
2019-12-05,002805
2019-12-05,603076
2019-12-05,300693
2019-12-05,300631
2019-12-19,002633
2019-12-19,300665
2019-12-19,603991
2019-12-19,603286
2019-12-19,000679
2019-12-19,603029
2019-12-19,603088
2019-12-19,300106
2019-12-19,002209
2019-12-19,300321
2019-12-19,600561
2019-12-19,600137
2019-12-19,002112
2019-12-19,300535
2019-12-19,600099
2019-12-19,300736
2019-12-19,002921
2019-12-19,002890
2019-12-19,300626
2019-12-19,600241
2019-12-19,300442
2019-12-19,300592
2019-12-19,600493
2019-12-19,300721
2019-12-19,603729
2019-12-19,300022
2019-12-19,600883
2019-12-19,600768
2019-12-19,300557
2019-12-19,300405
2019-12-19,600444
2019-12-19,002760
2019-12-19,603725
2019-12-19,300478
2019-12-19,000702
2019-12-19,300554
2019-12-19,000692
2019-12-19,300517
2019-12-19,002715
2019-12-19,300654
2019-12-19,603090
2019-12-19,000633
2019-12-19,300539
2019-12-19,603159
2019-12-19,002136
2019-12-19,002576
2019-12-19,002857
2019-12-19,000663
2019-12-19,600573
2019-12-19,603917
2019-12-19,300069
2019-12-19,300680
2019-12-19,300521
2019-12-19,300717
2019-12-19,300700
2019-12-19,603880
2019-12-19,600506
2019-12-19,600605
2019-12-19,002667
2019-12-19,603356
2019-12-19,600847
2019-12-19,300720
2019-12-19,002899
2019-12-19,000695
2019-12-19,300062
2019-12-19,603320
2019-12-19,300421
2019-12-19,603908
2019-12-19,300218
2019-12-19,300412
2019-12-19,600235
2019-12-19,600992
2019-12-19,300092
2019-12-19,300126
2019-12-19,603958
2019-12-19,603076
2019-12-19,600250
2019-12-19,600778
2019-12-19,300254
2019-12-19,603139
2019-12-19,300489
2019-12-19,002805
2019-12-19,603683
2019-12-19,300619
2019-12-19,300141
2019-12-19,300588
2019-12-19,603041
2019-12-19,600796
2019-12-19,300611
2019-12-19,300640
2019-12-19,600889
2019-12-19,603330
2019-12-19,002896
2019-12-19,600119
2019-12-19,600520
2019-12-19,002159
2019-12-19,300807
2019-12-19,002144
2019-12-19,002843
2019-12-19,002066
2020-01-02,002633
2020-01-02,603991
2020-01-02,300665
2020-01-02,000679
2020-01-02,603029
2020-01-02,002209
2020-01-02,603286
2020-01-02,002112
2020-01-02,600561
2020-01-02,603088
2020-01-02,300106
2020-01-02,300321
2020-01-02,300535
2020-01-02,300592
2020-01-02,300736
2020-01-02,600099
2020-01-02,002921
2020-01-02,300022
2020-01-02,600506
2020-01-02,600241
2020-01-02,300626
2020-01-02,600493
2020-01-02,300478
2020-01-02,300442
2020-01-02,300405
2020-01-02,603729
2020-01-02,300521
2020-01-02,300721
2020-01-02,000702
2020-01-02,600137
2020-01-02,600444
2020-01-02,300554
2020-01-02,000692
2020-01-02,603725
2020-01-02,300557
2020-01-02,002857
2020-01-02,002760
2020-01-02,300654
2020-01-02,000633
2020-01-02,300539
2020-01-02,300517
2020-01-02,000663
2020-01-02,603958
2020-01-02,002667
2020-01-02,002576
2020-01-02,603159
2020-01-02,600796
2020-01-02,600605
2020-01-02,603090
2020-01-02,002136
2020-01-02,600573
2020-01-02,300588
2020-01-02,300700
2020-01-02,002899
2020-01-02,300720
2020-01-02,000695
2020-01-02,603917
2020-01-02,600119
2020-01-02,300680
2020-01-02,300717
2020-01-02,300062
2020-01-02,600768
2020-01-02,603320
2020-01-02,600992
2020-01-02,603908
2020-01-02,300092
2020-01-02,600778
2020-01-02,300254
2020-01-02,300421
2020-01-02,002715
2020-01-02,603330
2020-01-02,002159
2020-01-02,600889
2020-01-02,300412
2020-01-02,300141
2020-01-02,002805
2020-01-02,603139
2020-01-02,300218
2020-01-02,300611
2020-01-02,600520
2020-01-02,600847
2020-01-02,002843
2020-01-02,603683
2020-01-02,300619
2020-01-02,002890
2020-01-02,603041
2020-01-02,002144
2020-01-02,300126
2020-01-02,600714
2020-01-02,300210
2020-01-02,002205
2020-01-02,300084
2020-01-02,600302
2020-01-02,600791
2020-01-02,603829
2020-01-02,300354
2020-01-02,002883
2020-01-02,300652
2020-01-02,300163
2020-01-02,300553
2020-01-16,300665
2020-01-16,002633
2020-01-16,603991
2020-01-16,600241
2020-01-16,603029
2020-01-16,002112
2020-01-16,300106
2020-01-16,002209
2020-01-16,600561
2020-01-16,300736
2020-01-16,000679
2020-01-16,600099
2020-01-16,300321
2020-01-16,300535
2020-01-16,603286
2020-01-16,002921
2020-01-16,600137
2020-01-16,600493
2020-01-16,603088
2020-01-16,000702
2020-01-16,603725
2020-01-16,300022
2020-01-16,600444
2020-01-16,300405
2020-01-16,300478
2020-01-16,300557
2020-01-16,000663
2020-01-16,600506
2020-01-16,300554
2020-01-16,300521
2020-01-16,300442
2020-01-16,002857
2020-01-16,603958
2020-01-16,603090
2020-01-16,000692
2020-01-16,600796
2020-01-16,600573
2020-01-16,300654
2020-01-16,000633
2020-01-16,600302
2020-01-16,300626
2020-01-16,300539
2020-01-16,002899
2020-01-16,300700
2020-01-16,002667
2020-01-16,002136
2020-01-16,300720
2020-01-16,300210
2020-01-16,600768
2020-01-16,300717
2020-01-16,600992
2020-01-16,300721
2020-01-16,603320
2020-01-16,002576
2020-01-16,300354
2020-01-16,002205
2020-01-16,300421
2020-01-16,603917
2020-01-16,603159
2020-01-16,600791
2020-01-16,300680
2020-01-16,603683
2020-01-16,600714
2020-01-16,603908
2020-01-16,002760
2020-01-16,603829
2020-01-16,300062
2020-01-16,600520
2020-01-16,300254
2020-01-16,300588
2020-01-16,002159
2020-01-16,600847
2020-01-16,300517
2020-01-16,600778
2020-01-16,603330
2020-01-16,603139
2020-01-16,600605
2020-01-16,300163
2020-01-16,300084
2020-01-16,002883
2020-01-16,300092
2020-01-16,000695
2020-01-16,300611
2020-01-16,002843
2020-01-16,600889
2020-01-16,300412
2020-01-16,002144
2020-01-16,300218
2020-01-16,603041
2020-01-16,002890
2020-01-16,300652
2020-01-16,002319
2020-01-16,603518
2020-01-16,300534
2020-01-16,600156
2020-01-16,300640
2020-01-16,300243
2020-01-16,300549
2020-01-16,002066
2020-01-16,300592
2020-02-03,300106
2020-02-03,300665
2020-02-03,000679
2020-02-03,603991
2020-02-03,600561
2020-02-03,002633
2020-02-03,300592
2020-02-03,600241
2020-02-03,002112
2020-02-03,002209
2020-02-03,603029
2020-02-03,300736
2020-02-03,600099
2020-02-03,300535
2020-02-03,600137
2020-02-03,300405
2020-02-03,603725
2020-02-03,000663
2020-02-03,600506
2020-02-03,000702
2020-02-03,002921
2020-02-03,300478
2020-02-03,300554
2020-02-03,600493
2020-02-03,300557
2020-02-03,300022
2020-02-03,600444
2020-02-03,000633
2020-02-03,300700
2020-02-03,300210
2020-02-03,603286
2020-02-03,600302
2020-02-03,300521
2020-02-03,603088
2020-02-03,300626
2020-02-03,002205
2020-02-03,002667
2020-02-03,000692
2020-02-03,600573
2020-02-03,002857
2020-02-03,002136
2020-02-03,300539
2020-02-03,002159
2020-02-03,002576
2020-02-03,600768
2020-02-03,600791
2020-02-03,300720
2020-02-03,300421
2020-02-03,600796
2020-02-03,603159
2020-02-03,600714
2020-02-03,300588
2020-02-03,603908
2020-02-03,603683
2020-02-03,300717
2020-02-03,002899
2020-02-03,300321
2020-02-03,603320
2020-02-03,002760
2020-02-03,600778
2020-02-03,603917
2020-02-03,600992
2020-02-03,300517
2020-02-03,603958
2020-02-03,300062
2020-02-03,002319
2020-02-03,300680
2020-02-03,300092
2020-02-03,600605
2020-02-03,603090
2020-02-03,000695
2020-02-03,300163
2020-02-03,603330
2020-02-03,600847
2020-02-03,002843
2020-02-03,300084
2020-02-03,603829
2020-02-03,300354
2020-02-03,300611
2020-02-03,300218
2020-02-03,600889
2020-02-03,300640
2020-02-03,002883
2020-02-03,300243
2020-02-03,600520
2020-02-03,603518
2020-02-03,600156
2020-02-03,002144
2020-02-03,300721
2020-02-03,300442
2020-02-03,603729
2020-02-03,300540
2020-02-03,603076
2020-02-03,300412
2020-02-03,603041
2020-02-03,002890
2020-02-03,300652
2020-02-03,300534
2020-02-03,300549
2020-02-03,002066
2020-02-13,600561
2020-02-13,300665
2020-02-13,603991
2020-02-13,300106
2020-02-13,002633
2020-02-13,300736
2020-02-13,000679
2020-02-13,600241
2020-02-13,300592
2020-02-13,002112
2020-02-13,603029
2020-02-13,002209
2020-02-13,600099
2020-02-13,603725
2020-02-13,300535
2020-02-13,000663
2020-02-13,300554
2020-02-13,300405
2020-02-13,600506
2020-02-13,300700
2020-02-13,300557
2020-02-13,300022
2020-02-13,600444
2020-02-13,603729
2020-02-13,600137
2020-02-13,000633
2020-02-13,603286
2020-02-13,603088
2020-02-13,300478
2020-02-13,300521
2020-02-13,002921
2020-02-13,002667
2020-02-13,000702
2020-02-13,300210
2020-02-13,002857
2020-02-13,600493
2020-02-13,300421
2020-02-13,600302
2020-02-13,600768
2020-02-13,300539
2020-02-13,600573
2020-02-13,002205
2020-02-13,300717
2020-02-13,002576
2020-02-13,600778
2020-02-13,603683
2020-02-13,300626
2020-02-13,603917
2020-02-13,000692
2020-02-13,600714
2020-02-13,300680
2020-02-13,603908
2020-02-13,603076
2020-02-13,603829
2020-02-13,300517
2020-02-13,300720
2020-02-13,600791
2020-02-13,603958
2020-02-13,300092
2020-02-13,600992
2020-02-13,600605
2020-02-13,300640
2020-02-13,002159
2020-02-13,300062
2020-02-13,300588
2020-02-13,002760
2020-02-13,600520
2020-02-13,002319
2020-02-13,002136
2020-02-13,603090
2020-02-13,603320
2020-02-13,300354
2020-02-13,002843
2020-02-13,002899
2020-02-13,300084
2020-02-13,300163
2020-02-13,300611
2020-02-13,300321
2020-02-13,300243
2020-02-13,300549
2020-02-13,300218
2020-02-13,002066
2020-02-13,000695
2020-02-13,603330
2020-02-13,002144
2020-02-13,603329
2020-02-13,002830
2020-02-13,300650
2020-02-13,002719
2020-02-13,300733
2020-02-13,002865
2020-02-13,300169
2020-02-13,002748
2020-02-13,000803
2020-02-13,300126
2020-02-13,600706
2020-02-13,300069
2020-02-13,600235
2020-02-13,300402
2020-02-13,603316
2020-02-27,600561
2020-02-27,002633
2020-02-27,300665
2020-02-27,603991
2020-02-27,000679
2020-02-27,300106
2020-02-27,600241
2020-02-27,002209
2020-02-27,603029
2020-02-27,300736
2020-02-27,300592
2020-02-27,002112
2020-02-27,300535
2020-02-27,600506
2020-02-27,600099
2020-02-27,603725
2020-02-27,000663
2020-02-27,300405
2020-02-27,603088
2020-02-27,600493
2020-02-27,600444
2020-02-27,600137
2020-02-27,000702
2020-02-27,603729
2020-02-27,002921
2020-02-27,300557
2020-02-27,600768
2020-02-27,600302
2020-02-27,002667
2020-02-27,000692
2020-02-27,300626
2020-02-27,000633
2020-02-27,603958
2020-02-27,300478
2020-02-27,300554
2020-02-27,300210
2020-02-27,002857
2020-02-27,300521
2020-02-27,300700
2020-02-27,600714
2020-02-27,300421
2020-02-27,603286
2020-02-27,300022
2020-02-27,600573
2020-02-27,600778
2020-02-27,300517
2020-02-27,603683
2020-02-27,002576
2020-02-27,002205
2020-02-27,600992
2020-02-27,600605
2020-02-27,600791
2020-02-27,603829
2020-02-27,300717
2020-02-27,002760
2020-02-27,002899
2020-02-27,002319
2020-02-27,603329
2020-02-27,002843
2020-02-27,002159
2020-02-27,603917
2020-02-27,300720
2020-02-27,300611
2020-02-27,603908
2020-02-27,002719
2020-02-27,002830
2020-02-27,603320
2020-02-27,300084
2020-02-27,603076
2020-02-27,600706
2020-02-27,002748
2020-02-27,300640
2020-02-27,300539
2020-02-27,300549
2020-02-27,300092
2020-02-27,002136
2020-02-27,603090
2020-02-27,300243
2020-02-27,000695
2020-02-27,300733
2020-02-27,300650
2020-02-27,300321
2020-02-27,600520
2020-02-27,002066
2020-02-27,300062
2020-02-27,603316
2020-02-27,002865
2020-02-27,002144
2020-02-27,300218
2020-02-27,002883
2020-02-27,600250
2020-02-27,300721
2020-02-27,600796
2020-02-27,002723
2020-02-27,600719
2020-02-27,600543
2020-02-27,600615
2020-02-27,300540
2020-02-27,000014
2020-02-27,300169
2020-03-12,600241
2020-03-12,600561
2020-03-12,300106
2020-03-12,300665
2020-03-12,002633
2020-03-12,002209
2020-03-12,300736
2020-03-12,600506
2020-03-12,603029
2020-03-12,300535
2020-03-12,603725
2020-03-12,000679
2020-03-12,300405
2020-03-12,603729
2020-03-12,300554
2020-03-12,600768
2020-03-12,600137
2020-03-12,000702
2020-03-12,300700
2020-03-12,600444
2020-03-12,603088
2020-03-12,000633
2020-03-12,600099
2020-03-12,000663
2020-03-12,002921
2020-03-12,603958
2020-03-12,002205
2020-03-12,300421
2020-03-12,000692
2020-03-12,600573
2020-03-12,300626
2020-03-12,002857
2020-03-12,603286
2020-03-12,600302
2020-03-12,600714
2020-03-12,600605
2020-03-12,600493
2020-03-12,603683
2020-03-12,002667
2020-03-12,300521
2020-03-12,600520
2020-03-12,300717
2020-03-12,002319
2020-03-12,600778
2020-03-12,300210
2020-03-12,603329
2020-03-12,603917
2020-03-12,600992
2020-03-12,300611
2020-03-12,600791
2020-03-12,002719
2020-03-12,300557
2020-03-12,002830
2020-03-12,603908
2020-03-12,300517
2020-03-12,603076
2020-03-12,603829
2020-03-12,300720
2020-03-12,300721
2020-03-12,300022
2020-03-12,002576
2020-03-12,002843
2020-03-12,300084
2020-03-12,300549
2020-03-12,002760
2020-03-12,002883
2020-03-12,603320
2020-03-12,002899
2020-03-12,600719
2020-03-12,002748
2020-03-12,300092
2020-03-12,002723
2020-03-12,600615
2020-03-12,300321
2020-03-12,000014
2020-03-12,300650
2020-03-12,600796
2020-03-12,002136
2020-03-12,300478
2020-03-12,300540
2020-03-12,300243
2020-03-12,300218
2020-03-12,600543
2020-03-12,002159
2020-03-12,600455
2020-03-12,600148
2020-03-12,603330
2020-03-12,300680
2020-03-12,002836
2020-03-12,300254
2020-03-12,002715
2020-03-12,603159
2020-03-12,002858
2020-03-12,600272
2020-03-12,002295
2020-03-12,300619
2020-03-12,600119
2020-03-12,000978
2020-03-12,300442
2020-03-12,300592
2020-03-26,600241
2020-03-26,600561
2020-03-26,002633
2020-03-26,000679
2020-03-26,300736
2020-03-26,002209
2020-03-26,300665
2020-03-26,600506
2020-03-26,300554
2020-03-26,300700
2020-03-26,300535
2020-03-26,603725
2020-03-26,300405
2020-03-26,300106
2020-03-26,603729
2020-03-26,603029
2020-03-26,600099
2020-03-26,000633
2020-03-26,300592
2020-03-26,600768
2020-03-26,603286
2020-03-26,600444
2020-03-26,002319
2020-03-26,000663
2020-03-26,000702
2020-03-26,600302
2020-03-26,603958
2020-03-26,002205
2020-03-26,603683
2020-03-26,600493
2020-03-26,000692
2020-03-26,002857
2020-03-26,002667
2020-03-26,300421
2020-03-26,300557
2020-03-26,600605
2020-03-26,603329
2020-03-26,300717
2020-03-26,600137
2020-03-26,600714
2020-03-26,600520
2020-03-26,002921
2020-03-26,300720
2020-03-26,600573
2020-03-26,603320
2020-03-26,300210
2020-03-26,300611
2020-03-26,603076
2020-03-26,603159
2020-03-26,002159
2020-03-26,600455
2020-03-26,300321
2020-03-26,603088
2020-03-26,600992
2020-03-26,300540
2020-03-26,600615
2020-03-26,002719
2020-03-26,603917
2020-03-26,603908
2020-03-26,300022
2020-03-26,300626
2020-03-26,600791
2020-03-26,300650
2020-03-26,300084
2020-03-26,600778
2020-03-26,002883
2020-03-26,300478
2020-03-26,002295
2020-03-26,600719
2020-03-26,300549
2020-03-26,600148
2020-03-26,002899
2020-03-26,002830
2020-03-26,000014
2020-03-26,300721
2020-03-26,002836
2020-03-26,300254
2020-03-26,002760
2020-03-26,002715
2020-03-26,002858
2020-03-26,603829
2020-03-26,002576
2020-03-26,300517
2020-03-26,300521
2020-03-26,002112
2020-03-26,603991
2020-03-26,300539
2020-03-26,300640
2020-03-26,600235
2020-03-26,300354
2020-03-26,600847
2020-03-26,300733
2020-03-26,600706
2020-03-26,300668
2020-03-26,002144
2020-03-26,000890
2020-03-26,603090
2020-03-26,600202
2020-03-26,603178
2020-03-26,000509
2020-04-09,600241
2020-04-09,000679
2020-04-09,600561
2020-04-09,300665
2020-04-09,002633
2020-04-09,002209
2020-04-09,300736
2020-04-09,300592
2020-04-09,603729
2020-04-09,300554
2020-04-09,300700
2020-04-09,603029
2020-04-09,300535
2020-04-09,600768
2020-04-09,603725
2020-04-09,300405
2020-04-09,002319
2020-04-09,600099
2020-04-09,603286
2020-04-09,002921
2020-04-09,600137
2020-04-09,600520
2020-04-09,000663
2020-04-09,603088
2020-04-09,600444
2020-04-09,600506
2020-04-09,603958
2020-04-09,300421
2020-04-09,300557
2020-04-09,002667
2020-04-09,600493
2020-04-09,002857
2020-04-09,002112
2020-04-09,000692
2020-04-09,000633
2020-04-09,603329
2020-04-09,002159
2020-04-09,000890
2020-04-09,600302
2020-04-09,603159
2020-04-09,300521
2020-04-09,600605
2020-04-09,300611
2020-04-09,300720
2020-04-09,300106
2020-04-09,300549
2020-04-09,603908
2020-04-09,300717
2020-04-09,002576
2020-04-09,300321
2020-04-09,603683
2020-04-09,600455
2020-04-09,300022
2020-04-09,002899
2020-04-09,600992
2020-04-09,300539
2020-04-09,300721
2020-04-09,300650
2020-04-09,600714
2020-04-09,300084
2020-04-09,600615
2020-04-09,600573
2020-04-09,002760
2020-04-09,600791
2020-04-09,603076
2020-04-09,600847
2020-04-09,600706
2020-04-09,300733
2020-04-09,300640
2020-04-09,002883
2020-04-09,002836
2020-04-09,300254
2020-04-09,300626
2020-04-09,002144
2020-04-09,300210
2020-04-09,300668
2020-04-09,600778
2020-04-09,002858
2020-04-09,300354
2020-04-09,603917
2020-04-09,603090
2020-04-09,000014
2020-04-09,002295
2020-04-09,600202
2020-04-09,603178
2020-04-09,002715
2020-04-09,603330
2020-04-09,300092
2020-04-09,600212
2020-04-09,002800
2020-04-09,600128
2020-04-09,002893
2020-04-09,600689
2020-04-09,300588
2020-04-09,300619
2020-04-09,002748
2020-04-09,300652
2020-04-09,603161
2020-04-09,002896
2020-04-09,300743
2020-04-23,600241
2020-04-23,000679
2020-04-23,002633
2020-04-23,600561
2020-04-23,002319
2020-04-23,002209
2020-04-23,300665
2020-04-23,600520
2020-04-23,603029
2020-04-23,300736
2020-04-23,300700
2020-04-23,300554
2020-04-23,000890
2020-04-23,300405
2020-04-23,300592
2020-04-23,600768
2020-04-23,603729
2020-04-23,603286
2020-04-23,600137
2020-04-23,600506
2020-04-23,600099
2020-04-23,603725
2020-04-23,603958
2020-04-23,600493
2020-04-23,300421
2020-04-23,600302
2020-04-23,300557
2020-04-23,000692
2020-04-23,300521
2020-04-23,000663
2020-04-23,002667
2020-04-23,600444
2020-04-23,300535
2020-04-23,002159
2020-04-23,600212
2020-04-23,002576
2020-04-23,300611
2020-04-23,603329
2020-04-23,002921
2020-04-23,300717
2020-04-23,600455
2020-04-23,300721
2020-04-23,002112
2020-04-23,300106
2020-04-23,300084
2020-04-23,300321
2020-04-23,603908
2020-04-23,002857
2020-04-23,603159
2020-04-23,600714
2020-04-23,603683
2020-04-23,300539
2020-04-23,600778
2020-04-23,300549
2020-04-23,002899
2020-04-23,300720
2020-04-23,300650
2020-04-23,600605
2020-04-23,002800
2020-04-23,600992
2020-04-23,000633
2020-04-23,300588
2020-04-23,300354
2020-04-23,600573
2020-04-23,300619
2020-04-23,603917
2020-04-23,300254
2020-04-23,600791
2020-04-23,603090
2020-04-23,603076
2020-04-23,603088
2020-04-23,300743
2020-04-23,600615
2020-04-23,300022
2020-04-23,002144
2020-04-23,600128
2020-04-23,600847
2020-04-23,002858
2020-04-23,300733
2020-04-23,300626
2020-04-23,603178
2020-04-23,600202
2020-04-23,002893
2020-04-23,300668
2020-04-23,002896
2020-04-23,002535
2020-04-23,300442
2020-04-23,000702
2020-04-23,603320
2020-04-23,002830
2020-04-23,300163
2020-04-23,600235
2020-04-23,603829
2020-04-23,600119
2020-04-23,000695
2020-04-23,300218
2020-04-23,300710
2020-04-23,603518
2020-04-23,300243
2020-04-23,002865
2020-05-07,600561
2020-05-07,002209
2020-05-07,300736
2020-05-07,002633
2020-05-07,300665
2020-05-07,600520
2020-05-07,300405
2020-05-07,600768
2020-05-07,300535
2020-05-07,300592
2020-05-07,603029
2020-05-07,600506
2020-05-07,300700
2020-05-07,600099
2020-05-07,300554
2020-05-07,600137
2020-05-07,603286
2020-05-07,002112
2020-05-07,300106
2020-05-07,600493
2020-05-07,600778
2020-05-07,300421
2020-05-07,603725
2020-05-07,000692
2020-05-07,300611
2020-05-07,600444
2020-05-07,600302
2020-05-07,300254
2020-05-07,000633
2020-05-07,603729
2020-05-07,300084
2020-05-07,603958
2020-05-07,000702
2020-05-07,600455
2020-05-07,300557
2020-05-07,300619
2020-05-07,300717
2020-05-07,002576
2020-05-07,300721
2020-05-07,300539
2020-05-07,300321
2020-05-07,603159
2020-05-07,600714
2020-05-07,300549
2020-05-07,603329
2020-05-07,600615
2020-05-07,300733
2020-05-07,600992
2020-05-07,002159
2020-05-07,002921
2020-05-07,002667
2020-05-07,002857
2020-05-07,300743
2020-05-07,300588
2020-05-07,300218
2020-05-07,002899
2020-05-07,603908
2020-05-07,603917
2020-05-07,002800
2020-05-07,600791
2020-05-07,300650
2020-05-07,603090
2020-05-07,300720
2020-05-07,300354
2020-05-07,603178
2020-05-07,600605
2020-05-07,002830
2020-05-07,002858
2020-05-07,300442
2020-05-07,000695
2020-05-07,300668
2020-05-07,600847
2020-05-07,002144
2020-05-07,002865
2020-05-07,603320
2020-05-07,603829
2020-05-07,603518
2020-05-07,600202
2020-05-07,300710
2020-05-07,002896
2020-05-07,600128
2020-05-07,300243
2020-05-07,600573
2020-05-07,603683
2020-05-07,300540
2020-05-07,002205
2020-05-07,600706
2020-05-07,002836
2020-05-07,300210
2020-05-07,300553
2020-05-07,600689
2020-05-07,603177
2020-05-07,300478
2020-05-07,002748
2020-05-07,300654
2020-05-07,603037
2020-05-07,300153
2020-05-07,300521
2020-05-07,300022
2020-05-07,002535
2020-05-21,600561
2020-05-21,300736
2020-05-21,002633
2020-05-21,002209
2020-05-21,300665
2020-05-21,300535
2020-05-21,300405
2020-05-21,300592
2020-05-21,600768
2020-05-21,603029
2020-05-21,600520
2020-05-21,300254
2020-05-21,600099
2020-05-21,000692
2020-05-21,300700
2020-05-21,002112
2020-05-21,000633
2020-05-21,600302
2020-05-21,600778
2020-05-21,600493
2020-05-21,603286
2020-05-21,603725
2020-05-21,300611
2020-05-21,600444
2020-05-21,603958
2020-05-21,300084
2020-05-21,300554
2020-05-21,600137
2020-05-21,600455
2020-05-21,000702
2020-05-21,002667
2020-05-21,300421
2020-05-21,002159
2020-05-21,002800
2020-05-21,300588
2020-05-21,300619
2020-05-21,300557
2020-05-21,300549
2020-05-21,600615
2020-05-21,300478
2020-05-21,300717
2020-05-21,002921
2020-05-21,300743
2020-05-21,002857
2020-05-21,600791
2020-05-21,600992
2020-05-21,300540
2020-05-21,300539
2020-05-21,300354
2020-05-21,300218
2020-05-21,603159
2020-05-21,002205
2020-05-21,002576
2020-05-21,603908
2020-05-21,603329
2020-05-21,300668
2020-05-21,603729
2020-05-21,603320
2020-05-21,600605
2020-05-21,300210
2020-05-21,603178
2020-05-21,603683
2020-05-21,002865
2020-05-21,300442
2020-05-21,300654
2020-05-21,002899
2020-05-21,600128
2020-05-21,603917
2020-05-21,300321
2020-05-21,300733
2020-05-21,600706
2020-05-21,600202
2020-05-21,000695
2020-05-21,002144
2020-05-21,300720
2020-05-21,300553
2020-05-21,300243
2020-05-21,002836
2020-05-21,002896
2020-05-21,300710
2020-05-21,603518
2020-05-21,002830
2020-05-21,600847
2020-05-21,300521
2020-05-21,600689
2020-05-21,002748
2020-05-21,603177
2020-05-21,600796
2020-05-21,300062
2020-05-21,002694
2020-05-21,600719
2020-05-21,000978
2020-05-21,600119
2020-05-21,600235
2020-05-21,300335
2020-05-21,600156
2020-05-21,300652
2020-05-21,002295
2020-05-21,600506
2020-05-21,300106
2020-06-04,002633
2020-06-04,300736
2020-06-04,002209
2020-06-04,300665
2020-06-04,600561
2020-06-04,300535
2020-06-04,300405
2020-06-04,300592
2020-06-04,002112
2020-06-04,000692
2020-06-04,300254
2020-06-04,600768
2020-06-04,600493
2020-06-04,000633
2020-06-04,300700
2020-06-04,603029
2020-06-04,603725
2020-06-04,000702
2020-06-04,600444
2020-06-04,600302
2020-06-04,300554
2020-06-04,600099
2020-06-04,603286
2020-06-04,600778
2020-06-04,300611
2020-06-04,600455
2020-06-04,600506
2020-06-04,300084
2020-06-04,300421
2020-06-04,300619
2020-06-04,002667
2020-06-04,002159
2020-06-04,300557
2020-06-04,300539
2020-06-04,300743
2020-06-04,002800
2020-06-04,300717
2020-06-04,300478
2020-06-04,300588
2020-06-04,300549
2020-06-04,603729
2020-06-04,300354
2020-06-04,300540
2020-06-04,603683
2020-06-04,600520
2020-06-04,600791
2020-06-04,300668
2020-06-04,603159
2020-06-04,002576
2020-06-04,300218
2020-06-04,002830
2020-06-04,600992
2020-06-04,603958
2020-06-04,300321
2020-06-04,600137
2020-06-04,300106
2020-06-04,002921
2020-06-04,002144
2020-06-04,002899
2020-06-04,300733
2020-06-04,600202
2020-06-04,603320
2020-06-04,300210
2020-06-04,600796
2020-06-04,603917
2020-06-04,603908
2020-06-04,300243
2020-06-04,300062
2020-06-04,002205
2020-06-04,600128
2020-06-04,002748
2020-06-04,300720
2020-06-04,002836
2020-06-04,600235
2020-06-04,603518
2020-06-04,600605
2020-06-04,000978
2020-06-04,300652
2020-06-04,600719
2020-06-04,600706
2020-06-04,600689
2020-06-04,600156
2020-06-04,300335
2020-06-04,300553
2020-06-04,600615
2020-06-04,002694
2020-06-04,300710
2020-06-04,002295
2020-06-04,600080
2020-06-04,600714
2020-06-04,300022
2020-06-04,300721
2020-06-04,300650
2020-06-04,300153
2020-06-04,000755
2020-06-04,603090
2020-06-04,300092
2020-06-04,603860
2020-06-04,300654
2020-06-04,300521
2020-06-18,600561
2020-06-18,300665
2020-06-18,300736
2020-06-18,002209
2020-06-18,300535
2020-06-18,002633
2020-06-18,600520
2020-06-18,300405
2020-06-18,600768
2020-06-18,600493
2020-06-18,300700
2020-06-18,000692
2020-06-18,300554
2020-06-18,000702
2020-06-18,000633
2020-06-18,600778
2020-06-18,600099
2020-06-18,603029
2020-06-18,603286
2020-06-18,600506
2020-06-18,600455
2020-06-18,300421
2020-06-18,300478
2020-06-18,300619
2020-06-18,300254
2020-06-18,600444
2020-06-18,002159
2020-06-18,300611
2020-06-18,600137
2020-06-18,300084
2020-06-18,002667
2020-06-18,300549
2020-06-18,300106
2020-06-18,600714
2020-06-18,002112
2020-06-18,603958
2020-06-18,300717
2020-06-18,300588
2020-06-18,603725
2020-06-18,300539
2020-06-18,603729
2020-06-18,600302
2020-06-18,600992
2020-06-18,603683
2020-06-18,002800
2020-06-18,600706
2020-06-18,300210
2020-06-18,300218
2020-06-18,603159
2020-06-18,300668
2020-06-18,300592
2020-06-18,300743
2020-06-18,300022
2020-06-18,002899
2020-06-18,603090
2020-06-18,002205
2020-06-18,300540
2020-06-18,300062
2020-06-18,600202
2020-06-18,600796
2020-06-18,300354
2020-06-18,600791
2020-06-18,002830
2020-06-18,300733
2020-06-18,002144
2020-06-18,300557
2020-06-18,603908
2020-06-18,600605
2020-06-18,002748
2020-06-18,002921
2020-06-18,600128
2020-06-18,000978
2020-06-18,600156
2020-06-18,603518
2020-06-18,300335
2020-06-18,603320
2020-06-18,600719
2020-06-18,300650
2020-06-18,300553
2020-06-18,300720
2020-06-18,300652
2020-06-18,300153
2020-06-18,002694
2020-06-18,600689
2020-06-18,600615
2020-06-18,300721
2020-06-18,300710
2020-06-18,002857
2020-06-18,002865
2020-06-18,002843
2020-06-18,600847
2020-06-18,000573
2020-06-18,600573
2020-06-18,603829
2020-06-18,603316
2020-06-18,002691
2020-06-18,000782
2020-06-18,300283
2020-06-18,603037
2020-06-18,300547
2020-07-02,002633
2020-07-02,300665
2020-07-02,002209
2020-07-02,300736
2020-07-02,300535
2020-07-02,600768
2020-07-02,300405
2020-07-02,600520
2020-07-02,600561
2020-07-02,600493
2020-07-02,000692
2020-07-02,300700
2020-07-02,000633
2020-07-02,600778
2020-07-02,300254
2020-07-02,300478
2020-07-02,600302
2020-07-02,300106
2020-07-02,600099
2020-07-02,603029
2020-07-02,300554
2020-07-02,600444
2020-07-02,300421
2020-07-02,603286
2020-07-02,000702
2020-07-02,600455
2020-07-02,300611
2020-07-02,002159
2020-07-02,600137
2020-07-02,300619
2020-07-02,300549
2020-07-02,603958
2020-07-02,300022
2020-07-02,002667
2020-07-02,002800
2020-07-02,600506
2020-07-02,300717
2020-07-02,600992
2020-07-02,300539
2020-07-02,300588
2020-07-02,600706
2020-07-02,600714
2020-07-02,300557
2020-07-02,600796
2020-07-02,603683
2020-07-02,603725
2020-07-02,603090
2020-07-02,300668
2020-07-02,600202
2020-07-02,002899
2020-07-02,300743
2020-07-02,600791
2020-07-02,002144
2020-07-02,603320
2020-07-02,603518
2020-07-02,300062
2020-07-02,300218
2020-07-02,002830
2020-07-02,002843
2020-07-02,002865
2020-07-02,600605
2020-07-02,300210
2020-07-02,600689
2020-07-02,300153
2020-07-02,002857
2020-07-02,300733
2020-07-02,600847
2020-07-02,000978
2020-07-02,000782
2020-07-02,300553
2020-07-02,603159
2020-07-02,600156
2020-07-02,300354
2020-07-02,600128
2020-07-02,300540
2020-07-02,300592
2020-07-02,002748
2020-07-02,300335
2020-07-02,002691
2020-07-02,603316
2020-07-02,000573
2020-07-02,002205
2020-07-02,002112
2020-07-02,603908
2020-07-02,002921
2020-07-02,300652
2020-07-02,600615
2020-07-02,300547
2020-07-02,300283
2020-07-02,002694
2020-07-02,600719
2020-07-02,300720
2020-07-02,002207
2020-07-02,000695
2020-07-02,603917
2020-07-02,300654
2020-07-02,603178
2020-07-02,300446
2020-07-02,000755
2020-07-02,300084
2020-07-16,002209
2020-07-16,300665
2020-07-16,300736
2020-07-16,002633
2020-07-16,300535
2020-07-16,600768
2020-07-16,600561
2020-07-16,300405
2020-07-16,600520
2020-07-16,600493
2020-07-16,000692
2020-07-16,000633
2020-07-16,600302
2020-07-16,300254
2020-07-16,300700
2020-07-16,000702
2020-07-16,600099
2020-07-16,300478
2020-07-16,300554
2020-07-16,603029
2020-07-16,300106
2020-07-16,600444
2020-07-16,300421
2020-07-16,603286
2020-07-16,002800
2020-07-16,002207
2020-07-16,300549
2020-07-16,600506
2020-07-16,600455
2020-07-16,300022
2020-07-16,300619
2020-07-16,002159
2020-07-16,300539
2020-07-16,603683
2020-07-16,603958
2020-07-16,300743
2020-07-16,300717
2020-07-16,300588
2020-07-16,600992
2020-07-16,603725
2020-07-16,600778
2020-07-16,002857
2020-07-16,002899
2020-07-16,300557
2020-07-16,600202
2020-07-16,002830
2020-07-16,603159
2020-07-16,002144
2020-07-16,603320
2020-07-16,300733
2020-07-16,600796
2020-07-16,600706
2020-07-16,603518
2020-07-16,300084
2020-07-16,603090
2020-07-16,600615
2020-07-16,300062
2020-07-16,600689
2020-07-16,600714
2020-07-16,300153
2020-07-16,600847
2020-07-16,300540
2020-07-16,300218
2020-07-16,603178
2020-07-16,600128
2020-07-16,600137
2020-07-16,300335
2020-07-16,002865
2020-07-16,002843
2020-07-16,300652
2020-07-16,603908
2020-07-16,300654
2020-07-16,002667
2020-07-16,603316
2020-07-16,600156
2020-07-16,000782
2020-07-16,603917
2020-07-16,300553
2020-07-16,300354
2020-07-16,000755
2020-07-16,002748
2020-07-16,600719
2020-07-16,300611
2020-07-16,300668
2020-07-16,000695
2020-07-16,600791
2020-07-16,002694
2020-07-16,300547
2020-07-16,000573
2020-07-16,000978
2020-07-16,603729
2020-07-16,300321
2020-07-16,600573
2020-07-16,603356
2020-07-16,603829
2020-07-16,300650
2020-07-16,300710
2020-07-16,300626
2020-07-16,002691
2020-07-16,002205
2020-07-30,002633
2020-07-30,002209
2020-07-30,300665
2020-07-30,300535
2020-07-30,300736
2020-07-30,600768
2020-07-30,600520
2020-07-30,600561
2020-07-30,300405
2020-07-30,300478
2020-07-30,600493
2020-07-30,603029
2020-07-30,600099
2020-07-30,300254
2020-07-30,600455
2020-07-30,000692
2020-07-30,600506
2020-07-30,000702
2020-07-30,600444
2020-07-30,603286
2020-07-30,000633
2020-07-30,300700
2020-07-30,600778
2020-07-30,600302
2020-07-30,300421
2020-07-30,002857
2020-07-30,300619
2020-07-30,002159
2020-07-30,600706
2020-07-30,300539
2020-07-30,300549
2020-07-30,603958
2020-07-30,300321
2020-07-30,300743
2020-07-30,300084
2020-07-30,603683
2020-07-30,002800
2020-07-30,603725
2020-07-30,300022
2020-07-30,300588
2020-07-30,603729
2020-07-30,300626
2020-07-30,300106
2020-07-30,600992
2020-07-30,002144
2020-07-30,600615
2020-07-30,603356
2020-07-30,600796
2020-07-30,300062
2020-07-30,002667
2020-07-30,002207
2020-07-30,300557
2020-07-30,600689
2020-07-30,603908
2020-07-30,600202
2020-07-30,600156
2020-07-30,603159
2020-07-30,600719
2020-07-30,600128
2020-07-30,603320
2020-07-30,300654
2020-07-30,300153
2020-07-30,000978
2020-07-30,002694
2020-07-30,600847
2020-07-30,600137
2020-07-30,300554
2020-07-30,300668
2020-07-30,300553
2020-07-30,300611
2020-07-30,603518
2020-07-30,000755
2020-07-30,300733
2020-07-30,002843
2020-07-30,603316
2020-07-30,600573
2020-07-30,300335
2020-07-30,002748
2020-07-30,300717
2020-07-30,600714
2020-07-30,300218
2020-07-30,002205
2020-07-30,300652
2020-07-30,603917
2020-07-30,002865
2020-07-30,300710
2020-07-30,603090
2020-07-30,603161
2020-07-30,002805
2020-07-30,002921
2020-07-30,300721
2020-07-30,300720
2020-07-30,300210
2020-07-30,300283
2020-07-30,603329
2020-07-30,600408
2020-07-30,000586
2020-07-30,603037
2020-07-30,002357
2020-07-30,300540
2020-08-13,300736
2020-08-13,002633
2020-08-13,300665
2020-08-13,300535
2020-08-13,002209
2020-08-13,600768
2020-08-13,300478
2020-08-13,600561
2020-08-13,600520
2020-08-13,600493
2020-08-13,300405
2020-08-13,300254
2020-08-13,600455
2020-08-13,600778
2020-08-13,600302
2020-08-13,600444
2020-08-13,603029
2020-08-13,603286
2020-08-13,300619
2020-08-13,603729
2020-08-13,600099
2020-08-13,603958
2020-08-13,603725
2020-08-13,300700
2020-08-13,300106
2020-08-13,000633
2020-08-13,300626
2020-08-13,002857
2020-08-13,300421
2020-08-13,300321
2020-08-13,300539
2020-08-13,300743
2020-08-13,000702
2020-08-13,600506
2020-08-13,300717
2020-08-13,300588
2020-08-13,002800
2020-08-13,300549
2020-08-13,300084
2020-08-13,603908
2020-08-13,600137
2020-08-13,000692
2020-08-13,600573
2020-08-13,300654
2020-08-13,603356
2020-08-13,603320
2020-08-13,603090
2020-08-13,300062
2020-08-13,600689
2020-08-13,600992
2020-08-13,002159
2020-08-13,300720
2020-08-13,600202
2020-08-13,603159
2020-08-13,600796
2020-08-13,600719
2020-08-13,300553
2020-08-13,603917
2020-08-13,600706
2020-08-13,300733
2020-08-13,300153
2020-08-13,603161
2020-08-13,300652
2020-08-13,600847
2020-08-13,600156
2020-08-13,300668
2020-08-13,002205
2020-08-13,002694
2020-08-13,002921
2020-08-13,603037
2020-08-13,603329
2020-08-13,600408
2020-08-13,600714
2020-08-13,300557
2020-08-13,603316
2020-08-13,600128
2020-08-13,300335
2020-08-13,300210
2020-08-13,603683
2020-08-13,300611
2020-08-13,000978
2020-08-13,002805
2020-08-13,002207
2020-08-13,300540
2020-08-13,300022
2020-08-13,002830
2020-08-13,002899
2020-08-13,300069
2020-08-13,002836
2020-08-13,603177
2020-08-13,300517
2020-08-13,002112
2020-08-13,002295
2020-08-13,002576
2020-08-13,000593
2020-08-13,002875
2020-08-13,600615
2020-08-13,603518
2020-08-13,000755
2020-08-13,002748
2020-08-27,002209
2020-08-27,002633
2020-08-27,600768
2020-08-27,600520
2020-08-27,300736
2020-08-27,300665
2020-08-27,300535
2020-08-27,600778
2020-08-27,600561
2020-08-27,300478
2020-08-27,600493
2020-08-27,600302
2020-08-27,603029
2020-08-27,600506
2020-08-27,600455
2020-08-27,600444
2020-08-27,603958
2020-08-27,603725
2020-08-27,000633
2020-08-27,300700
2020-08-27,300619
2020-08-27,600099
2020-08-27,600615
2020-08-27,000702
2020-08-27,603729
2020-08-27,300321
2020-08-27,603286
2020-08-27,300405
2020-08-27,603518
2020-08-27,600719
2020-08-27,300254
2020-08-27,002748
2020-08-27,002207
2020-08-27,603908
2020-08-27,002159
2020-08-27,600128
2020-08-27,600796
2020-08-27,600714
2020-08-27,300421
2020-08-27,002836
2020-08-27,600689
2020-08-27,600202
2020-08-27,600137
2020-08-27,603090
2020-08-27,600992
2020-08-27,002112
2020-08-27,603320
2020-08-27,600706
2020-08-27,603356
2020-08-27,002800
2020-08-27,002694
2020-08-27,300557
2020-08-27,002205
2020-08-27,002857
2020-08-27,603037
2020-08-27,002830
2020-08-27,603316
2020-08-27,002805
2020-08-27,603159
2020-08-27,300717
2020-08-27,300668
2020-08-27,000978
2020-08-27,300539
2020-08-27,300549
2020-08-27,002295
2020-08-27,603177
2020-08-27,300084
2020-08-27,300626
2020-08-27,300553
2020-08-27,603917
2020-08-27,600847
2020-08-27,300611
2020-08-27,300588
2020-08-27,002921
2020-08-27,603329
2020-08-27,600408
2020-08-27,600573
2020-08-27,002899
2020-08-27,300743
2020-08-27,000593
2020-08-27,300652
2020-08-27,300540
2020-08-27,300517
2020-08-27,603683
2020-08-27,000586
2020-08-27,000782
2020-08-27,603829
2020-08-27,002144
2020-08-27,600235
2020-08-27,603196
2020-08-27,002691
2020-08-27,002193
2020-08-27,000573
2020-08-27,002357
2020-08-27,603045
2020-08-27,002494
2020-08-27,300554
2020-08-27,002760
2020-08-27,002849
2020-08-27,603139
2020-09-10,002633
2020-09-10,002209
2020-09-10,600520
2020-09-10,600768
2020-09-10,600561
2020-09-10,300736
2020-09-10,603029
2020-09-10,000702
2020-09-10,600302
2020-09-10,603286
2020-09-10,300535
2020-09-10,600455
2020-09-10,600444
2020-09-10,600506
2020-09-10,603958
2020-09-10,600099
2020-09-10,600493
2020-09-10,002857
2020-09-10,300700
2020-09-10,600778
2020-09-10,002207
2020-09-10,600137
2020-09-10,300557
2020-09-10,600615
2020-09-10,600689
2020-09-10,002159
2020-09-10,300619
2020-09-10,002112
2020-09-10,002205
2020-09-10,603729
2020-09-10,300549
2020-09-10,000586
2020-09-10,600706
2020-09-10,002899
2020-09-10,603090
2020-09-10,600796
2020-09-10,600714
2020-09-10,603725
2020-09-10,603908
2020-09-10,300254
2020-09-10,300421
2020-09-10,300478
2020-09-10,300553
2020-09-10,002921
2020-09-10,603316
2020-09-10,603320
2020-09-10,300717
2020-09-10,603518
2020-09-10,300321
2020-09-10,600128
2020-09-10,002800
2020-09-10,600573
2020-09-10,603177
2020-09-10,603037
2020-09-10,600202
2020-09-10,002748
2020-09-10,603917
2020-09-10,600719
2020-09-10,600992
2020-09-10,300626
2020-09-10,300743
2020-09-10,300668
2020-09-10,603683
2020-09-10,603139
2020-09-10,002836
2020-09-10,002805
2020-09-10,300539
2020-09-10,603159
2020-09-10,300554
2020-09-10,300084
2020-09-10,300588
2020-09-10,600235
2020-09-10,002295
2020-09-10,600408
2020-09-10,000782
2020-09-10,002691
2020-09-10,002760
2020-09-10,000593
2020-09-10,603045
2020-09-10,000978
2020-09-10,002193
2020-09-10,002694
2020-09-10,603329
2020-09-10,002849
2020-09-10,002830
2020-09-10,000692
2020-09-10,002843
2020-09-10,000755
2020-09-10,002667
2020-09-10,002858
2020-09-10,600605
2020-09-10,300062
2020-09-10,300654
2020-09-10,000695
2020-09-10,002828
2020-09-10,603860
2020-09-10,002576
2020-09-10,300665
2020-09-10,000633
2020-09-10,300405
2020-09-24,002633
2020-09-24,600520
2020-09-24,002209
2020-09-24,600768
2020-09-24,600561
2020-09-24,300665
2020-09-24,603286
2020-09-24,603029
2020-09-24,000702
2020-09-24,600099
2020-09-24,300736
2020-09-24,600493
2020-09-24,600444
2020-09-24,600455
2020-09-24,600302
2020-09-24,600615
2020-09-24,603729
2020-09-24,300478
2020-09-24,600689
2020-09-24,603958
2020-09-24,600137
2020-09-24,600506
2020-09-24,600714
2020-09-24,300535
2020-09-24,000633
2020-09-24,600706
2020-09-24,600128
2020-09-24,603320
2020-09-24,002159
2020-09-24,603090
2020-09-24,600796
2020-09-24,002857
2020-09-24,000586
2020-09-24,002843
2020-09-24,300619
2020-09-24,603908
2020-09-24,603159
2020-09-24,603518
2020-09-24,600992
2020-09-24,002921
2020-09-24,002205
2020-09-24,002112
2020-09-24,600202
2020-09-24,603037
2020-09-24,000692
2020-09-24,002800
2020-09-24,300254
2020-09-24,603316
2020-09-24,600719
2020-09-24,600778
2020-09-24,000755
2020-09-24,002858
2020-09-24,002760
2020-09-24,600235
2020-09-24,000695
2020-09-24,300321
2020-09-24,603725
2020-09-24,002748
2020-09-24,300557
2020-09-24,600408
2020-09-24,002193
2020-09-24,300626
2020-09-24,300717
2020-09-24,002836
2020-09-24,603329
2020-09-24,300553
2020-09-24,300421
2020-09-24,603860
2020-09-24,300549
2020-09-24,603177
2020-09-24,000593
2020-09-24,300084
2020-09-24,002295
2020-09-24,300668
2020-09-24,600573
2020-09-24,603045
2020-09-24,002899
2020-09-24,002691
2020-09-24,300700
2020-09-24,002828
2020-09-24,002694
2020-09-24,603917
2020-09-24,603683
2020-09-24,002830
2020-09-24,603139
2020-09-24,300654
2020-09-24,002805
2020-09-24,600605
2020-09-24,600847
2020-09-24,603356
2020-09-24,002779
2020-09-24,002865
2020-09-24,300069
2020-09-24,002875
2020-09-24,603717
2020-09-24,000573
2020-09-24,600791
2020-09-24,300611
2020-09-24,600250
2020-09-24,000782
2020-10-09,600520
2020-10-09,600768
2020-10-09,002209
2020-10-09,002633
2020-10-09,603029
2020-10-09,600506
2020-10-09,603286
2020-10-09,600561
2020-10-09,300665
2020-10-09,600099
2020-10-09,000702
2020-10-09,600444
2020-10-09,600455
2020-10-09,000586
2020-10-09,603958
2020-10-09,600615
2020-10-09,600302
2020-10-09,603729
2020-10-09,300478
2020-10-09,600137
2020-10-09,600493
2020-10-09,600689
2020-10-09,300736
2020-10-09,600706
2020-10-09,300535
2020-10-09,600847
2020-10-09,600714
2020-10-09,600778
2020-10-09,002800
2020-10-09,002159
2020-10-09,000633
2020-10-09,603908
2020-10-09,603090
2020-10-09,603320
2020-10-09,600128
2020-10-09,603356
2020-10-09,603518
2020-10-09,000695
2020-10-09,300619
2020-10-09,002205
2020-10-09,002843
2020-10-09,600202
2020-10-09,603725
2020-10-09,002112
2020-10-09,002857
2020-10-09,600796
2020-10-09,600719
2020-10-09,603037
2020-10-09,603159
2020-10-09,002921
2020-10-09,300321
2020-10-09,600992
2020-10-09,300557
2020-10-09,002836
2020-10-09,603860
2020-10-09,000755
2020-10-09,002748
2020-10-09,000692
2020-10-09,603329
2020-10-09,603316
2020-10-09,002858
2020-10-09,600235
2020-10-09,300700
2020-10-09,603045
2020-10-09,300668
2020-10-09,600408
2020-10-09,300717
2020-10-09,002691
2020-10-09,300553
2020-10-09,002193
2020-10-09,002694
2020-10-09,600605
2020-10-09,300626
2020-10-09,002760
2020-10-09,002875
2020-10-09,300254
2020-10-09,002779
2020-10-09,000593
2020-10-09,002295
2020-10-09,002805
2020-10-09,002828
2020-10-09,002899
2020-10-09,000782
2020-10-09,300421
2020-10-09,600250
2020-10-09,002830
2020-10-09,603683
2020-10-09,600573
2020-10-09,600791
2020-10-09,603717
2020-10-09,603177
2020-10-09,300611
2020-10-09,300069
2020-10-09,300084
2020-10-09,603196
2020-10-09,000978
2020-10-09,002357
2020-10-09,002494
2020-10-09,300640
2020-10-09,300720
2020-10-22,600520
2020-10-22,600768
2020-10-22,002633
2020-10-22,002209
2020-10-22,603029
2020-10-22,000702
2020-10-22,600778
2020-10-22,603286
2020-10-22,600506
2020-10-22,600455
2020-10-22,600444
2020-10-22,603958
2020-10-22,600615
2020-10-22,000586
2020-10-22,600706
2020-10-22,600099
2020-10-22,600847
2020-10-22,600302
2020-10-22,600137
2020-10-22,600689
2020-10-22,000695
2020-10-22,000633
2020-10-22,002159
2020-10-22,600714
2020-10-22,603729
2020-10-22,603725
2020-10-22,600796
2020-10-22,603196
2020-10-22,002205
2020-10-22,600561
2020-10-22,002843
2020-10-22,600719
2020-10-22,600202
2020-10-22,300665
2020-10-22,603356
2020-10-22,002857
2020-10-22,603860
2020-10-22,600992
2020-10-22,600128
2020-10-22,603320
2020-10-22,603090
2020-10-22,603159
2020-10-22,000692
2020-10-22,603908
2020-10-22,603316
2020-10-22,000755
2020-10-22,603037
2020-10-22,002800
2020-10-22,300478
2020-10-22,000978
2020-10-22,600605
2020-10-22,002830
2020-10-22,002112
2020-10-22,600235
2020-10-22,600250
2020-10-22,603045
2020-10-22,002760
2020-10-22,002691
2020-10-22,600408
2020-10-22,002748
2020-10-22,002694
2020-10-22,000782
2020-10-22,002875
2020-10-22,603518
2020-10-22,603329
2020-10-22,600493
2020-10-22,002295
2020-10-22,002193
2020-10-22,002828
2020-10-22,603177
2020-10-22,002779
2020-10-22,002836
2020-10-22,300321
2020-10-22,300736
2020-10-22,300535
2020-10-22,002357
2020-10-22,603717
2020-10-22,002921
2020-10-22,002899
2020-10-22,002805
2020-10-22,002494
2020-10-22,000593
2020-10-22,002667
2020-10-22,600793
2020-10-22,000573
2020-10-22,603088
2020-10-22,603829
2020-10-22,603917
2020-10-22,603036
2020-10-22,603616
2020-10-22,603139
2020-10-22,603331
2020-10-22,603038
2020-10-22,600272
2020-10-22,600379
2020-10-22,002883
2020-10-22,600883
2020-10-22,603041
2020-10-22,000798
2020-10-22,600156
2020-11-05,600520
2020-11-05,600768
2020-11-05,002633
2020-11-05,600778
2020-11-05,603029
2020-11-05,000702
2020-11-05,600506
2020-11-05,000695
2020-11-05,603958
2020-11-05,600455
2020-11-05,600302
2020-11-05,603518
2020-11-05,600615
2020-11-05,600444
2020-11-05,600099
2020-11-05,600137
2020-11-05,002209
2020-11-05,600561
2020-11-05,603286
2020-11-05,600847
2020-11-05,600689
2020-11-05,603196
2020-11-05,600796
2020-11-05,000633
2020-11-05,600719
2020-11-05,600714
2020-11-05,603729
2020-11-05,600706
2020-11-05,000586
2020-11-05,600202
2020-11-05,600493
2020-11-05,002205
2020-11-05,000692
2020-11-05,002800
2020-11-05,603177
2020-11-05,002830
2020-11-05,600992
2020-11-05,603320
2020-11-05,002748
2020-11-05,002857
2020-11-05,002694
2020-11-05,603725
2020-11-05,002760
2020-11-05,000978
2020-11-05,603090
2020-11-05,603860
2020-11-05,002828
2020-11-05,002843
2020-11-05,002494
2020-11-05,000755
2020-11-05,603356
2020-11-05,000782
2020-11-05,603616
2020-11-05,002159
2020-11-05,002691
2020-11-05,002875
2020-11-05,002667
2020-11-05,600128
2020-11-05,600250
2020-11-05,600793
2020-11-05,002836
2020-11-05,600235
2020-11-05,300665
2020-11-05,002193
2020-11-05,603088
2020-11-05,002805
2020-11-05,600605
2020-11-05,000573
2020-11-05,603917
2020-11-05,300478
2020-11-05,603908
2020-11-05,603045
2020-11-05,603316
2020-11-05,603037
2020-11-05,603159
2020-11-05,002295
2020-11-05,002899
2020-11-05,600272
2020-11-05,600379
2020-11-05,603331
2020-11-05,603717
2020-11-05,603038
2020-11-05,000593
2020-11-05,002357
2020-11-05,603829
2020-11-05,603036
2020-11-05,600883
2020-11-05,603329
2020-11-05,002883
2020-11-05,600408
2020-11-05,000798
2020-11-05,002921
2020-11-05,600791
2020-11-05,600476
2020-11-05,600257
2020-11-05,002098
2020-11-05,002316
2020-11-05,002652
2020-11-05,002893
2020-11-05,000014
2020-11-19,600520
2020-11-19,002633
2020-11-19,600768
2020-11-19,600778
2020-11-19,603029
2020-11-19,600561
2020-11-19,000702
2020-11-19,600506
2020-11-19,600455
2020-11-19,603518
2020-11-19,300478
2020-11-19,600302
2020-11-19,002209
2020-11-19,603729
2020-11-19,600137
2020-11-19,000695
2020-11-19,600615
2020-11-19,600493
2020-11-19,600847
2020-11-19,600796
2020-11-19,603196
2020-11-19,002205
2020-11-19,600099
2020-11-19,000586
2020-11-19,600444
2020-11-19,603286
2020-11-19,002830
2020-11-19,600719
2020-11-19,000692
2020-11-19,600689
2020-11-19,600706
2020-11-19,002857
2020-11-19,600202
2020-11-19,002800
2020-11-19,603090
2020-11-19,300665
2020-11-19,603725
2020-11-19,002691
2020-11-19,603320
2020-11-19,600714
2020-11-19,600992
2020-11-19,002748
2020-11-19,002494
2020-11-19,002694
2020-11-19,002667
2020-11-19,603356
2020-11-19,000755
2020-11-19,603860
2020-11-19,600793
2020-11-19,002843
2020-11-19,002875
2020-11-19,000978
2020-11-19,000633
2020-11-19,603958
2020-11-19,603616
2020-11-19,002159
2020-11-19,603177
2020-11-19,002828
2020-11-19,603917
2020-11-19,600128
2020-11-19,002193
2020-11-19,002760
2020-11-19,002836
2020-11-19,603037
2020-11-19,600235
2020-11-19,000573
2020-11-19,002652
2020-11-19,603159
2020-11-19,603088
2020-11-19,603045
2020-11-19,600605
2020-11-19,002899
2020-11-19,603316
2020-11-19,600250
2020-11-19,603717
2020-11-19,002893
2020-11-19,000014
2020-11-19,002357
2020-11-19,600379
2020-11-19,603908
2020-11-19,600272
2020-11-19,600476
2020-11-19,002316
2020-11-19,600883
2020-11-19,600408
2020-11-19,603331
2020-11-19,002098
2020-11-19,000782
2020-11-19,002805
2020-11-19,300736
2020-11-19,300535
2020-11-19,002112
2020-11-19,300254
2020-11-19,300557
2020-11-19,603683
2020-11-19,002890
2020-11-19,002849
2020-11-19,600156
2020-11-19,300700
2020-11-19,603139
2020-12-03,002633
2020-12-03,600520
2020-12-03,600768
2020-12-03,300478
2020-12-03,600778
2020-12-03,600561
2020-12-03,603029
2020-12-03,600455
2020-12-03,300736
2020-12-03,600493
2020-12-03,600506
2020-12-03,600099
2020-12-03,603729
2020-12-03,600137
2020-12-03,600615
2020-12-03,002209
2020-12-03,603518
2020-12-03,000695
2020-12-03,600796
2020-12-03,603196
2020-12-03,600689
2020-12-03,600302
2020-12-03,300665
2020-12-03,000702
2020-12-03,002205
2020-12-03,600444
2020-12-03,000586
2020-12-03,600719
2020-12-03,600847
2020-12-03,000633
2020-12-03,002800
2020-12-03,002830
2020-12-03,300535
2020-12-03,603725
2020-12-03,000692
2020-12-03,600714
2020-12-03,603286
2020-12-03,600202
2020-12-03,600992
2020-12-03,603320
2020-12-03,002694
2020-12-03,600706
2020-12-03,002748
2020-12-03,600793
2020-12-03,002760
2020-12-03,002691
2020-12-03,002890
2020-12-03,603090
2020-12-03,603958
2020-12-03,002875
2020-12-03,603356
2020-12-03,002667
2020-12-03,002857
2020-12-03,002836
2020-12-03,603177
2020-12-03,300700
2020-12-03,002494
2020-12-03,002843
2020-12-03,000755
2020-12-03,000978
2020-12-03,002899
2020-12-03,603860
2020-12-03,300254
2020-12-03,603917
2020-12-03,300557
2020-12-03,600128
2020-12-03,002159
2020-12-03,603037
2020-12-03,603159
2020-12-03,603683
2020-12-03,002112
2020-12-03,603616
2020-12-03,603908
2020-12-03,600235
2020-12-03,600605
2020-12-03,600156
2020-12-03,603088
2020-12-03,603139
2020-12-03,603316
2020-12-03,603331
2020-12-03,000782
2020-12-03,000014
2020-12-03,600250
2020-12-03,002828
2020-12-03,600883
2020-12-03,603045
2020-12-03,600379
2020-12-03,600272
2020-12-03,002849
2020-12-03,300553
2020-12-03,603829
2020-12-03,002921
2020-12-03,300743
2020-12-03,300668
2020-12-03,603329
2020-12-03,300588
2020-12-03,002295
2020-12-03,300321
2020-12-03,300069
2020-12-03,603499
2020-12-17,600520
2020-12-17,002633
2020-12-17,600768
2020-12-17,300478
2020-12-17,600778
2020-12-17,600561
2020-12-17,600455
2020-12-17,600615
2020-12-17,603029
2020-12-17,300736
2020-12-17,600506
2020-12-17,600099
2020-12-17,002209
2020-12-17,000695
2020-12-17,300665
2020-12-17,600493
2020-12-17,002205
2020-12-17,603729
2020-12-17,600137
2020-12-17,600796
2020-12-17,603286
2020-12-17,603518
2020-12-17,603196
2020-12-17,600689
2020-12-17,002830
2020-12-17,000586
2020-12-17,002800
2020-12-17,600444
2020-12-17,600302
2020-12-17,603725
2020-12-17,600719
2020-12-17,600793
2020-12-17,002857
2020-12-17,603958
2020-12-17,600714
2020-12-17,002691
2020-12-17,300535
2020-12-17,002748
2020-12-17,603316
2020-12-17,002875
2020-12-17,002760
2020-12-17,600992
2020-12-17,600202
2020-12-17,603356
2020-12-17,600706
2020-12-17,603917
2020-12-17,603860
2020-12-17,002890
2020-12-17,002694
2020-12-17,002836
2020-12-17,300700
2020-12-17,603908
2020-12-17,002494
2020-12-17,300557
2020-12-17,000755
2020-12-17,002667
2020-12-17,002843
2020-12-17,300254
2020-12-17,000702
2020-12-17,600847
2020-12-17,603320
2020-12-17,600128
2020-12-17,300553
2020-12-17,603683
2020-12-17,300668
2020-12-17,000014
2020-12-17,600156
2020-12-17,002849
2020-12-17,000633
2020-12-17,300588
2020-12-17,000978
2020-12-17,002899
2020-12-17,603090
2020-12-17,000782
2020-12-17,600250
2020-12-17,603159
2020-12-17,603177
2020-12-17,300069
2020-12-17,002921
2020-12-17,300743
2020-12-17,603829
2020-12-17,600605
2020-12-17,000692
2020-12-17,603139
2020-12-17,300321
2020-12-17,603045
2020-12-17,600379
2020-12-17,002295
2020-12-17,603499
2020-12-17,002862
2020-12-17,002316
2020-12-17,300264
2020-12-17,002883
2020-12-17,002779
2020-12-17,002207
2020-12-17,300640
2020-12-17,002893
2020-12-17,600889
2020-12-17,300275
2020-12-17,603036
2020-12-31,600520
2020-12-31,002633
2020-12-31,600768
2020-12-31,300736
2020-12-31,603029
2020-12-31,600778
2020-12-31,600615
2020-12-31,300478
2020-12-31,600455
2020-12-31,600561
2020-12-31,002862
2020-12-31,603729
2020-12-31,603518
2020-12-31,002209
2020-12-31,600137
2020-12-31,300665
2020-12-31,603958
2020-12-31,603286
2020-12-31,600099
2020-12-31,603196
2020-12-31,002205
2020-12-31,600493
2020-12-31,600444
2020-12-31,000586
2020-12-31,600689
2020-12-31,002830
2020-12-31,600793
2020-12-31,002800
2020-12-31,300535
2020-12-31,603320
2020-12-31,603725
2020-12-31,300553
2020-12-31,603860
2020-12-31,600796
2020-12-31,002760
2020-12-31,600506
2020-12-31,603316
2020-12-31,002748
2020-12-31,603090
2020-12-31,600847
2020-12-31,300557
2020-12-31,603356
2020-12-31,002494
2020-12-31,002694
2020-12-31,300668
2020-12-31,603917
2020-12-31,600706
2020-12-31,002875
2020-12-31,300743
2020-12-31,000692
2020-12-31,603908
2020-12-31,603159
2020-12-31,000702
2020-12-31,600714
2020-12-31,002691
2020-12-31,002316
2020-12-31,002899
2020-12-31,300254
2020-12-31,002836
2020-12-31,000695
2020-12-31,600302
2020-12-31,002667
2020-12-31,300264
2020-12-31,600128
2020-12-31,002921
2020-12-31,600889
2020-12-31,600719
2020-12-31,002849
2020-12-31,300588
2020-12-31,300321
2020-12-31,002207
2020-12-31,300640
2020-12-31,600202
2020-12-31,603683
2020-12-31,000755
2020-12-31,002890
2020-12-31,000978
2020-12-31,603499
2020-12-31,002843
2020-12-31,002883
2020-12-31,600156
2020-12-31,603045
2020-12-31,600250
2020-12-31,000014
2020-12-31,002779
2020-12-31,603139
2020-12-31,300275
2020-12-31,002858
2020-12-31,300084
2020-12-31,002767
2020-12-31,300626
2020-12-31,603038
2020-12-31,603329
2020-12-31,002112
2020-12-31,300539
2020-12-31,002159
2020-12-31,300163
2020-12-31,603709
2020-12-31,600476
2020-12-31,002857
2021-01-14,600520
2021-01-14,300736
2021-01-14,300478
2021-01-14,600615
2021-01-14,600768
2021-01-14,002862
2021-01-14,600561
2021-01-14,600778
2021-01-14,603029
2021-01-14,600455
2021-01-14,603958
2021-01-14,000695
2021-01-14,002830
2021-01-14,600506
2021-01-14,002209
2021-01-14,600137
2021-01-14,603286
2021-01-14,603518
2021-01-14,603090
2021-01-14,002633
2021-01-14,300588
2021-01-14,600099
2021-01-14,300665
2021-01-14,603196
2021-01-14,002205
2021-01-14,300535
2021-01-14,603729
2021-01-14,300553
2021-01-14,600493
2021-01-14,300264
2021-01-14,002858
2021-01-14,002748
2021-01-14,300668
2021-01-14,002800
2021-01-14,000586
2021-01-14,600689
2021-01-14,600444
2021-01-14,300254
2021-01-14,603320
2021-01-14,002694
2021-01-14,300557
2021-01-14,300743
2021-01-14,603860
2021-01-14,002494
2021-01-14,603316
2021-01-14,002316
2021-01-14,600847
2021-01-14,600719
2021-01-14,603908
2021-01-14,002667
2021-01-14,600302
2021-01-14,002890
2021-01-14,603356
2021-01-14,600706
2021-01-14,300626
2021-01-14,002836
2021-01-14,600714
2021-01-14,300640
2021-01-14,300539
2021-01-14,603159
2021-01-14,002691
2021-01-14,002760
2021-01-14,002849
2021-01-14,600128
2021-01-14,603917
2021-01-14,603725
2021-01-14,600202
2021-01-14,600889
2021-01-14,603045
2021-01-14,002112
2021-01-14,002899
2021-01-14,300084
2021-01-14,603499
2021-01-14,002159
2021-01-14,002779
2021-01-14,000692
2021-01-14,300163
2021-01-14,002767
2021-01-14,600476
2021-01-14,603329
2021-01-14,002875
2021-01-14,000755
2021-01-14,603139
2021-01-14,002857
2021-01-14,600156
2021-01-14,002207
2021-01-14,000007
2021-01-14,300700
2021-01-14,300345
2021-01-14,300619
2021-01-14,300270
2021-01-14,002893
2021-01-14,300022
2021-01-14,002591
2021-01-14,600992
2021-01-14,603616
2021-01-14,300654
2021-01-14,300611
2021-01-14,002248
2021-01-14,600796
2021-01-28,002633
2021-01-28,300736
2021-01-28,000007
2021-01-28,300478
2021-01-28,002862
2021-01-28,600615
2021-01-28,600768
2021-01-28,603029
2021-01-28,600778
2021-01-28,600520
2021-01-28,000695
2021-01-28,603958
2021-01-28,600561
2021-01-28,600455
2021-01-28,600506
2021-01-28,603518
2021-01-28,603729
2021-01-28,603286
2021-01-28,002209
2021-01-28,300665
2021-01-28,600493
2021-01-28,603316
2021-01-28,600137
2021-01-28,603090
2021-01-28,603196
2021-01-28,002205
2021-01-28,300588
2021-01-28,000586
2021-01-28,600689
2021-01-28,002800
2021-01-28,600719
2021-01-28,300553
2021-01-28,300254
2021-01-28,300535
2021-01-28,300668
2021-01-28,603320
2021-01-28,603860
2021-01-28,002830
2021-01-28,600099
2021-01-28,002748
2021-01-28,300557
2021-01-28,002494
2021-01-28,002316
2021-01-28,002694
2021-01-28,300700
2021-01-28,600847
2021-01-28,600706
2021-01-28,002890
2021-01-28,300743
2021-01-28,600302
2021-01-28,600202
2021-01-28,600796
2021-01-28,000692
2021-01-28,002875
2021-01-28,600714
2021-01-28,603908
2021-01-28,300619
2021-01-28,300626
2021-01-28,002779
2021-01-28,002248
2021-01-28,300264
2021-01-28,600992
2021-01-28,002112
2021-01-28,603917
2021-01-28,300640
2021-01-28,300084
2021-01-28,002893
2021-01-28,002899
2021-01-28,002836
2021-01-28,603045
2021-01-28,000755
2021-01-28,002857
2021-01-28,600156
2021-01-28,002667
2021-01-28,603356
2021-01-28,603499
2021-01-28,002858
2021-01-28,300539
2021-01-28,603159
2021-01-28,603616
2021-01-28,002849
2021-01-28,300022
2021-01-28,002207
2021-01-28,600128
2021-01-28,600444
2021-01-28,002767
2021-01-28,002591
2021-01-28,603725
2021-01-28,600476
2021-01-28,600889
2021-01-28,603139
2021-01-28,000702
2021-01-28,600250
2021-01-28,002357
2021-01-28,002193
2021-01-28,300417
2021-01-28,000782
2021-01-28,603080
2021-01-28,300534
2021-01-28,000632
2021-02-25,002633
2021-02-25,300736
2021-02-25,600768
2021-02-25,603029
2021-02-25,300478
2021-02-25,600520
2021-02-25,600778
2021-02-25,603729
2021-02-25,600455
2021-02-25,600506
2021-02-25,002862
2021-02-25,002209
2021-02-25,000695
2021-02-25,603286
2021-02-25,603090
2021-02-25,600615
2021-02-25,600561
2021-02-25,300588
2021-02-25,002830
2021-02-25,300665
2021-02-25,600137
2021-02-25,600493
2021-02-25,603518
2021-02-25,603196
2021-02-25,600689
2021-02-25,300557
2021-02-25,603958
2021-02-25,600444
2021-02-25,300254
2021-02-25,603320
2021-02-25,000007
2021-02-25,300553
2021-02-25,002205
2021-02-25,600719
2021-02-25,600847
2021-02-25,002316
2021-02-25,002800
2021-02-25,300700
2021-02-25,002494
2021-02-25,600099
2021-02-25,603860
2021-02-25,000586
2021-02-25,603316
2021-02-25,002694
2021-02-25,002748
2021-02-25,600796
2021-02-25,002890
2021-02-25,000702
2021-02-25,002875
2021-02-25,300619
2021-02-25,300535
2021-02-25,300668
2021-02-25,300626
2021-02-25,300743
2021-02-25,002112
2021-02-25,600202
2021-02-25,300264
2021-02-25,603908
2021-02-25,002836
2021-02-25,002893
2021-02-25,000692
2021-02-25,002779
2021-02-25,600706
2021-02-25,600250
2021-02-25,600992
2021-02-25,002357
2021-02-25,002207
2021-02-25,600302
2021-02-25,002667
2021-02-25,002857
2021-02-25,603917
2021-02-25,300640
2021-02-25,002849
2021-02-25,603356
2021-02-25,600128
2021-02-25,000755
2021-02-25,300084
2021-02-25,002193
2021-02-25,002767
2021-02-25,600156
2021-02-25,600476
2021-02-25,603045
2021-02-25,603080
2021-02-25,603616
2021-02-25,300417
2021-02-25,002248
2021-02-25,002591
2021-02-25,603499
2021-02-25,002899
2021-02-25,002691
2021-02-25,300717
2021-02-25,002921
2021-02-25,002871
2021-02-25,002943
2021-02-25,603088
2021-02-25,300654
2021-02-25,300025
2021-02-25,300270
2021-02-25,002843
2021-02-25,688215
2021-03-11,002633
2021-03-11,300736
2021-03-11,300478
2021-03-11,600768
2021-03-11,603029
2021-03-11,600778
2021-03-11,600520
2021-03-11,600561
2021-03-11,603729
2021-03-11,600506
2021-03-11,600455
2021-03-11,603090
2021-03-11,603286
2021-03-11,600615
2021-03-11,002209
2021-03-11,000695
2021-03-11,002830
2021-03-11,002862
2021-03-11,603196
2021-03-11,600137
2021-03-11,600493
2021-03-11,600847
2021-03-11,600444
2021-03-11,300553
2021-03-11,600689
2021-03-11,300588
2021-03-11,300665
2021-03-11,002748
2021-03-11,603316
2021-03-11,300700
2021-03-11,603320
2021-03-11,603518
2021-03-11,300254
2021-03-11,300668
2021-03-11,600099
2021-03-11,002800
2021-03-11,600719
2021-03-11,300557
2021-03-11,002205
2021-03-11,002691
2021-03-11,000586
2021-03-11,002316
2021-03-11,002494
2021-03-11,300535
2021-03-11,000702
2021-03-11,002694
2021-03-11,603860
2021-03-11,000692
2021-03-11,603958
2021-03-11,300264
2021-03-11,600796
2021-03-11,002875
2021-03-11,300626
2021-03-11,300743
2021-03-11,002112
2021-03-11,002893
2021-03-11,000007
2021-03-11,002248
2021-03-11,600706
2021-03-11,603908
2021-03-11,600992
2021-03-11,603917
2021-03-11,600202
2021-03-11,002857
2021-03-11,002779
2021-03-11,600250
2021-03-11,300640
2021-03-11,002591
2021-03-11,600128
2021-03-11,300717
2021-03-11,603356
2021-03-11,002667
2021-03-11,600156
2021-03-11,600302
2021-03-11,300654
2021-03-11,002943
2021-03-11,002767
2021-03-11,002843
2021-03-11,002871
2021-03-11,603499
2021-03-11,002193
2021-03-11,600476
2021-03-11,603080
2021-03-11,688215
2021-03-11,002849
2021-03-11,603088
2021-03-11,002899
2021-03-11,002357
2021-03-11,300619
2021-03-11,603045
2021-03-11,002921
2021-03-11,000755
2021-03-11,300084
2021-03-11,300069
2021-03-11,300554
2021-03-11,300275
2021-03-11,300405
2021-03-11,600791
2021-03-11,603139
2021-03-11,002890
2021-03-25,300736
2021-03-25,002633
2021-03-25,600768
2021-03-25,600520
2021-03-25,603029
2021-03-25,300478
2021-03-25,600561
2021-03-25,002862
2021-03-25,600778
2021-03-25,603729
2021-03-25,002209
2021-03-25,603286
2021-03-25,600455
2021-03-25,600615
2021-03-25,600493
2021-03-25,600506
2021-03-25,002748
2021-03-25,600847
2021-03-25,300700
2021-03-25,300553
2021-03-25,002205
2021-03-25,000007
2021-03-25,600444
2021-03-25,600689
2021-03-25,300254
2021-03-25,600099
2021-03-25,603320
2021-03-25,603958
2021-03-25,300668
2021-03-25,603518
2021-03-25,300264
2021-03-25,002691
2021-03-25,300588
2021-03-25,300535
2021-03-25,000586
2021-03-25,000702
2021-03-25,603090
2021-03-25,002830
2021-03-25,002800
2021-03-25,002494
2021-03-25,002779
2021-03-25,300626
2021-03-25,002694
2021-03-25,603860
2021-03-25,600796
2021-03-25,600137
2021-03-25,300743
2021-03-25,603196
2021-03-25,000695
2021-03-25,300665
2021-03-25,600202
2021-03-25,300717
2021-03-25,600719
2021-03-25,002112
2021-03-25,002248
2021-03-25,600992
2021-03-25,002357
2021-03-25,300554
2021-03-25,603908
2021-03-25,603316
2021-03-25,300557
2021-03-25,300084
2021-03-25,300619
2021-03-25,002875
2021-03-25,000755
2021-03-25,603917
2021-03-25,002767
2021-03-25,600250
2021-03-25,603356
2021-03-25,002857
2021-03-25,002193
2021-03-25,002899
2021-03-25,600302
2021-03-25,600791
2021-03-25,600156
2021-03-25,600706
2021-03-25,002943
2021-03-25,002871
2021-03-25,603045
2021-03-25,000692
2021-03-25,002849
2021-03-25,002591
2021-03-25,300405
2021-03-25,688215
2021-03-25,603080
2021-03-25,603088
2021-03-25,002843
2021-03-25,300654
2021-03-25,300640
2021-03-25,603499
2021-03-25,002836
2021-03-25,002806
2021-03-25,300539
2021-03-25,002760
2021-03-25,300329
2021-03-25,002828
2021-03-25,300321
2021-03-25,300611
2021-03-25,300025
2021-03-25,002893
2021-04-08,300736
2021-04-08,002633
2021-04-08,300478
2021-04-08,600768
2021-04-08,600778
2021-04-08,600520
2021-04-08,603029
2021-04-08,600615
2021-04-08,600455
2021-04-08,603729
2021-04-08,603286
2021-04-08,603090
2021-04-08,600561
2021-04-08,002209
2021-04-08,000695
2021-04-08,002862
2021-04-08,300588
2021-04-08,300700
2021-04-08,300264
2021-04-08,300668
2021-04-08,300254
2021-04-08,600506
2021-04-08,600444
2021-04-08,600847
2021-04-08,600493
2021-04-08,600689
2021-04-08,300535
2021-04-08,002830
2021-04-08,603316
2021-04-08,300553
2021-04-08,300665
2021-04-08,002748
2021-04-08,300743
2021-04-08,002205
2021-04-08,002691
2021-04-08,300626
2021-04-08,600137
2021-04-08,000007
2021-04-08,600099
2021-04-08,603320
2021-04-08,002494
2021-04-08,000586
2021-04-08,603860
2021-04-08,000702
2021-04-08,002694
2021-04-08,002800
2021-04-08,300717
2021-04-08,002836
2021-04-08,603908
2021-04-08,600796
2021-04-08,002248
2021-04-08,603518
2021-04-08,300619
2021-04-08,300554
2021-04-08,603958
2021-04-08,002112
2021-04-08,600202
2021-04-08,300654
2021-04-08,603917
2021-04-08,600719
2021-04-08,002899
2021-04-08,002760
2021-04-08,002357
2021-04-08,600250
2021-04-08,300539
2021-04-08,300321
2021-04-08,002779
2021-04-08,600992
2021-04-08,300084
2021-04-08,300025
2021-04-08,603356
2021-04-08,002767
2021-04-08,000755
2021-04-08,300557
2021-04-08,600156
2021-04-08,603045
2021-04-08,600706
2021-04-08,600302
2021-04-08,603088
2021-04-08,688215
2021-04-08,300329
2021-04-08,002871
2021-04-08,002875
2021-04-08,002943
2021-04-08,300611
2021-04-08,002849
2021-04-08,603196
2021-04-08,600791
2021-04-08,300069
2021-04-08,300270
2021-04-08,300163
2021-04-08,002883
2021-04-08,002144
2021-04-08,002295
2021-04-08,000014
2021-04-08,600128
2021-04-08,603709
2021-04-08,300153
2021-04-08,300534
2021-04-08,002207
2021-04-22,300736
2021-04-22,300478
2021-04-22,002633
2021-04-22,600506
2021-04-22,600768
2021-04-22,600778
2021-04-22,600520
2021-04-22,600615
2021-04-22,603029
2021-04-22,600561
2021-04-22,000695
2021-04-22,603729
2021-04-22,603090
2021-04-22,603286
2021-04-22,600455
2021-04-22,600137
2021-04-22,002209
2021-04-22,300700
2021-04-22,000007
2021-04-22,300668
2021-04-22,002205
2021-04-22,600444
2021-04-22,002862
2021-04-22,600493
2021-04-22,002830
2021-04-22,300588
2021-04-22,000702
2021-04-22,603196
2021-04-22,300626
2021-04-22,300535
2021-04-22,600847
2021-04-22,600099
2021-04-22,002494
2021-04-22,600689
2021-04-22,603958
2021-04-22,300553
2021-04-22,002800
2021-04-22,300254
2021-04-22,300717
2021-04-22,600719
2021-04-22,000586
2021-04-22,300619
2021-04-22,002694
2021-04-22,002207
2021-04-22,603860
2021-04-22,603356
2021-04-22,002691
2021-04-22,603320
2021-04-22,600796
2021-04-22,300743
2021-04-22,002836
2021-04-22,300264
2021-04-22,300554
2021-04-22,603908
2021-04-22,300665
2021-04-22,300069
2021-04-22,002112
2021-04-22,300270
2021-04-22,300557
2021-04-22,603316
2021-04-22,300321
2021-04-22,300025
2021-04-22,300084
2021-04-22,600156
2021-04-22,002760
2021-04-22,002357
2021-04-22,002767
2021-04-22,603917
2021-04-22,300654
2021-04-22,002899
2021-04-22,002144
2021-04-22,300539
2021-04-22,603045
2021-04-22,000755
2021-04-22,688215
2021-04-22,600992
2021-04-22,002779
2021-04-22,002883
2021-04-22,002871
2021-04-22,600128
2021-04-22,600250
2021-04-22,002849
2021-04-22,600202
2021-04-22,603088
2021-04-22,002943
2021-04-22,600302
2021-04-22,002748
2021-04-22,300611
2021-04-22,603709
2021-04-22,000014
2021-04-22,300163
2021-04-22,002193
2021-04-22,002856
2021-04-22,300022
2021-04-22,002843
2021-04-22,002890
2021-04-22,000632
2021-04-22,603139
2021-04-22,300405
2021-04-22,603725
2021-05-06,300736
2021-05-06,002633
2021-05-06,300478
2021-05-06,600520
2021-05-06,600768
2021-05-06,603729
2021-05-06,600455
2021-05-06,603029
2021-05-06,600561
2021-05-06,600778
2021-05-06,603090
2021-05-06,300700
2021-05-06,000695
2021-05-06,603286
2021-05-06,300668
2021-05-06,002205
2021-05-06,002209
2021-05-06,600137
2021-05-06,002830
2021-05-06,300535
2021-05-06,000702
2021-05-06,603356
2021-05-06,300553
2021-05-06,600493
2021-05-06,600847
2021-05-06,002862
2021-05-06,000586
2021-05-06,600444
2021-05-06,300619
2021-05-06,600099
2021-05-06,002494
2021-05-06,300554
2021-05-06,603958
2021-05-06,300557
2021-05-06,300588
2021-05-06,300717
2021-05-06,002112
2021-05-06,002691
2021-05-06,300264
2021-05-06,600719
2021-05-06,002836
2021-05-06,300665
2021-05-06,300654
2021-05-06,300626
2021-05-06,600796
2021-05-06,002694
2021-05-06,600156
2021-05-06,300743
2021-05-06,002800
2021-05-06,600250
2021-05-06,300270
2021-05-06,002207
2021-05-06,300025
2021-05-06,600689
2021-05-06,002849
2021-05-06,600202
2021-05-06,603917
2021-05-06,600302
2021-05-06,300321
2021-05-06,603196
2021-05-06,603320
2021-05-06,002779
2021-05-06,603045
2021-05-06,603908
2021-05-06,300084
2021-05-06,002193
2021-05-06,603860
2021-05-06,300405
2021-05-06,688215
2021-05-06,002767
2021-05-06,002899
2021-05-06,300069
2021-05-06,603316
2021-05-06,000014
2021-05-06,002357
2021-05-06,300539
2021-05-06,002890
2021-05-06,600128
2021-05-06,002943
2021-05-06,002144
2021-05-06,002843
2021-05-06,002883
2021-05-06,002748
2021-05-06,300611
2021-05-06,000755
2021-05-06,603725
2021-05-06,300022
2021-05-06,603709
2021-05-06,300163
2021-05-06,000679
2021-05-06,600706
2021-05-06,600476
2021-05-06,603616
2021-05-06,300807
2021-05-06,300275
2021-05-06,600791
2021-05-06,300329
2021-05-06,688096
2021-05-06,300514
2021-05-06,000007
2021-05-20,603729
2021-05-20,002633
2021-05-20,600768
2021-05-20,600455
2021-05-20,600520
2021-05-20,300478
2021-05-20,603029
2021-05-20,300736
2021-05-20,600561
2021-05-20,000695
2021-05-20,600778
2021-05-20,603286
2021-05-20,002830
2021-05-20,300700
2021-05-20,300668
2021-05-20,603090
2021-05-20,002205
2021-05-20,600493
2021-05-20,002209
2021-05-20,603356
2021-05-20,300553
2021-05-20,300535
2021-05-20,000702
2021-05-20,000586
2021-05-20,300665
2021-05-20,600099
2021-05-20,600847
2021-05-20,603958
2021-05-20,300557
2021-05-20,002494
2021-05-20,002836
2021-05-20,002691
2021-05-20,300619
2021-05-20,600689
2021-05-20,600796
2021-05-20,002112
2021-05-20,603316
2021-05-20,603709
2021-05-20,002779
2021-05-20,603320
2021-05-20,300654
2021-05-20,300588
2021-05-20,600706
2021-05-20,002207
2021-05-20,002800
2021-05-20,002694
2021-05-20,600444
2021-05-20,002862
2021-05-20,603917
2021-05-20,603860
2021-05-20,600302
2021-05-20,300321
2021-05-20,600202
2021-05-20,600719
2021-05-20,603908
2021-05-20,600156
2021-05-20,300743
2021-05-20,300270
2021-05-20,002943
2021-05-20,002357
2021-05-20,002193
2021-05-20,688215
2021-05-20,600250
2021-05-20,300025
2021-05-20,002748
2021-05-20,603725
2021-05-20,300069
2021-05-20,002883
2021-05-20,002144
2021-05-20,300554
2021-05-20,300717
2021-05-20,000014
2021-05-20,300275
2021-05-20,603045
2021-05-20,300405
2021-05-20,603616
2021-05-20,300084
2021-05-20,002843
2021-05-20,688096
2021-05-20,000755
2021-05-20,300626
2021-05-20,600476
2021-05-20,002767
2021-05-20,300163
2021-05-20,600137
2021-05-20,300807
2021-05-20,600791
2021-05-20,300611
2021-05-20,002899
2021-05-20,603196
2021-05-20,600241
2021-05-20,300779
2021-05-20,688078
2021-05-20,300606
2021-05-20,603499
2021-05-20,603042
2021-05-20,002856
2021-05-20,002760
2021-05-20,688081
2021-05-20,600992
2021-06-03,603729
2021-06-03,002633
2021-06-03,600455
2021-06-03,600768
2021-06-03,600561
2021-06-03,603029
2021-06-03,300478
2021-06-03,600778
2021-06-03,603286
2021-06-03,600520
2021-06-03,300668
2021-06-03,002830
2021-06-03,603090
2021-06-03,000702
2021-06-03,603356
2021-06-03,002209
2021-06-03,600493
2021-06-03,300700
2021-06-03,002205
2021-06-03,000695
2021-06-03,600847
2021-06-03,300553
2021-06-03,300535
2021-06-03,600444
2021-06-03,000586
2021-06-03,002779
2021-06-03,002836
2021-06-03,002800
2021-06-03,300557
2021-06-03,600796
2021-06-03,600099
2021-06-03,002691
2021-06-03,002112
2021-06-03,603709
2021-06-03,603860
2021-06-03,603958
2021-06-03,002494
2021-06-03,603320
2021-06-03,002748
2021-06-03,300736
2021-06-03,300654
2021-06-03,300665
2021-06-03,600302
2021-06-03,600706
2021-06-03,600689
2021-06-03,603908
2021-06-03,603917
2021-06-03,300626
2021-06-03,002694
2021-06-03,600719
2021-06-03,603316
2021-06-03,600241
2021-06-03,600202
2021-06-03,300321
2021-06-03,002357
2021-06-03,300717
2021-06-03,002883
2021-06-03,300619
2021-06-03,600250
2021-06-03,002899
2021-06-03,600992
2021-06-03,603045
2021-06-03,300743
2021-06-03,603616
2021-06-03,300275
2021-06-03,300270
2021-06-03,600156
2021-06-03,002207
2021-06-03,300779
2021-06-03,002144
2021-06-03,002767
2021-06-03,000014
2021-06-03,002193
2021-06-03,603725
2021-06-03,603499
2021-06-03,600476
2021-06-03,002760
2021-06-03,300606
2021-06-03,688096
2021-06-03,300163
2021-06-03,002856
2021-06-03,002843
2021-06-03,600791
2021-06-03,300084
2021-06-03,300405
2021-06-03,300025
2021-06-03,000755
2021-06-03,300807
2021-06-03,603042
2021-06-03,000679
2021-06-03,002849
2021-06-03,300254
2021-06-03,600128
2021-06-03,300539
2021-06-03,002871
2021-06-03,002921
2021-06-03,603637
2021-06-03,603037
2021-06-03,300345
2021-06-03,603829
2021-06-17,002633
2021-06-17,600768
2021-06-17,603729
2021-06-17,600455
2021-06-17,600561
2021-06-17,603029
2021-06-17,600778
2021-06-17,300478
2021-06-17,000702
2021-06-17,600520
2021-06-17,600689
2021-06-17,002830
2021-06-17,603090
2021-06-17,600493
2021-06-17,002209
2021-06-17,002205
2021-06-17,002800
2021-06-17,603356
2021-06-17,600444
2021-06-17,002779
2021-06-17,002494
2021-06-17,600847
2021-06-17,002836
2021-06-17,300700
2021-06-17,300668
2021-06-17,600099
2021-06-17,002691
2021-06-17,000586
2021-06-17,300535
2021-06-17,000695
2021-06-17,300553
2021-06-17,603709
2021-06-17,002112
2021-06-17,600719
2021-06-17,603320
2021-06-17,603860
2021-06-17,600302
2021-06-17,002694
2021-06-17,300557
2021-06-17,600706
2021-06-17,600202
2021-06-17,600796
2021-06-17,603917
2021-06-17,300665
2021-06-17,603908
2021-06-17,002883
2021-06-17,300254
2021-06-17,603958
2021-06-17,600250
2021-06-17,300736
2021-06-17,300654
2021-06-17,300321
2021-06-17,600156
2021-06-17,300717
2021-06-17,603316
2021-06-17,000014
2021-06-17,603499
2021-06-17,000679
2021-06-17,002899
2021-06-17,002357
2021-06-17,603616
2021-06-17,300743
2021-06-17,300619
2021-06-17,002193
2021-06-17,603725
2021-06-17,600791
2021-06-17,603045
2021-06-17,002871
2021-06-17,002144
2021-06-17,002856
2021-06-17,300626
2021-06-17,002748
2021-06-17,688096
2021-06-17,000755
2021-06-17,002849
2021-06-17,600128
2021-06-17,002921
2021-06-17,300779
2021-06-17,002207
2021-06-17,603829
2021-06-17,603037
2021-06-17,300606
2021-06-17,002843
2021-06-17,603042
2021-06-17,600137
2021-06-17,002890
2021-06-17,300554
2021-06-17,002943
2021-06-17,002652
2021-06-17,002826
2021-06-17,002295
2021-06-17,688215
2021-06-17,603139
2021-06-17,603036
2021-06-17,000632
2021-06-17,300329
2021-06-17,688156
2021-06-17,002828
2021-06-17,000593
2021-06-17,603286
2021-07-01,002633
2021-07-01,600455
2021-07-01,600768
2021-07-01,600561
2021-07-01,300478
2021-07-01,603029
2021-07-01,603286
2021-07-01,000702
2021-07-01,002830
2021-07-01,002205
2021-07-01,000695
2021-07-01,603729
2021-07-01,002209
2021-07-01,603090
2021-07-01,603356
2021-07-01,600493
2021-07-01,600689
2021-07-01,300700
2021-07-01,002800
2021-07-01,600520
2021-07-01,300736
2021-07-01,002836
2021-07-01,603860
2021-07-01,300668
2021-07-01,600778
2021-07-01,300535
2021-07-01,002494
2021-07-01,600099
2021-07-01,000586
2021-07-01,600847
2021-07-01,002112
2021-07-01,603316
2021-07-01,002779
2021-07-01,603709
2021-07-01,002691
2021-07-01,300553
2021-07-01,600444
2021-07-01,300557
2021-07-01,600719
2021-07-01,600202
2021-07-01,603917
2021-07-01,600250
2021-07-01,600137
2021-07-01,000679
2021-07-01,603320
2021-07-01,002883
2021-07-01,600302
2021-07-01,002748
2021-07-01,600156
2021-07-01,002694
2021-07-01,300665
2021-07-01,300717
2021-07-01,300654
2021-07-01,002207
2021-07-01,600706
2021-07-01,603725
2021-07-01,603499
2021-07-01,603908
2021-07-01,002193
2021-07-01,600791
2021-07-01,002357
2021-07-01,000755
2021-07-01,603616
2021-07-01,000014
2021-07-01,600796
2021-07-01,002899
2021-07-01,300321
2021-07-01,002856
2021-07-01,002871
2021-07-01,603045
2021-07-01,002144
2021-07-01,688096
2021-07-01,002943
2021-07-01,300743
2021-07-01,002890
2021-07-01,600128
2021-07-01,000632
2021-07-01,002921
2021-07-01,002843
2021-07-01,300626
2021-07-01,002295
2021-07-01,002849
2021-07-01,002828
2021-07-01,688215
2021-07-01,300254
2021-07-01,603829
2021-07-01,300779
2021-07-01,300554
2021-07-01,300606
2021-07-01,603042
2021-07-01,000593
2021-07-01,002652
2021-07-01,600476
2021-07-01,300163
2021-07-01,300025
2021-07-01,300539
2021-07-01,002591
2021-07-01,600605
2021-07-01,300084
2021-07-01,603088
2021-07-15,600455
2021-07-15,002633
2021-07-15,600768
2021-07-15,600561
2021-07-15,600520
2021-07-15,000702
2021-07-15,603029
2021-07-15,002830
2021-07-15,002209
2021-07-15,300478
2021-07-15,600493
2021-07-15,603286
2021-07-15,300736
2021-07-15,600689
2021-07-15,002205
2021-07-15,000695
2021-07-15,603090
2021-07-15,002800
2021-07-15,002836
2021-07-15,600778
2021-07-15,603729
2021-07-15,603860
2021-07-15,300700
2021-07-15,603356
2021-07-15,300668
2021-07-15,600719
2021-07-15,603316
2021-07-15,002112
2021-07-15,603709
2021-07-15,600137
2021-07-15,002494
2021-07-15,002883
2021-07-15,000679
2021-07-15,002890
2021-07-15,600706
2021-07-15,002779
2021-07-15,002691
2021-07-15,600302
2021-07-15,600250
2021-07-15,000586
2021-07-15,300553
2021-07-15,600099
2021-07-15,600202
2021-07-15,300665
2021-07-15,002856
2021-07-15,600156
2021-07-15,002193
2021-07-15,300654
2021-07-15,600847
2021-07-15,603725
2021-07-15,300535
2021-07-15,603320
2021-07-15,300557
2021-07-15,600791
2021-07-15,000014
2021-07-15,002899
2021-07-15,603616
2021-07-15,600796
2021-07-15,002207
2021-07-15,300254
2021-07-15,002694
2021-07-15,300717
2021-07-15,000755
2021-07-15,300554
2021-07-15,002849
2021-07-15,300321
2021-07-15,002748
2021-07-15,603917
2021-07-15,002871
2021-07-15,002921
2021-07-15,000632
2021-07-15,603908
2021-07-15,603499
2021-07-15,002843
2021-07-15,688215
2021-07-15,688096
2021-07-15,002828
2021-07-15,002652
2021-07-15,603045
2021-07-15,002144
2021-07-15,600605
2021-07-15,002357
2021-07-15,300626
2021-07-15,300743
2021-07-15,002295
2021-07-15,600128
2021-07-15,002591
2021-07-15,603088
2021-07-15,002862
2021-07-15,600539
2021-07-15,603036
2021-07-15,300594
2021-07-15,603037
2021-07-15,603041
2021-07-15,002513
2021-07-15,002696
2021-07-15,688156
2021-07-15,603139
2021-07-15,002826
2021-07-15,002875
2021-07-29,600455
2021-07-29,002633
2021-07-29,603729
2021-07-29,000702
2021-07-29,600768
2021-07-29,600561
2021-07-29,603029
2021-07-29,002830
2021-07-29,600689
2021-07-29,600493
2021-07-29,000679
2021-07-29,002836
2021-07-29,300478
2021-07-29,002209
2021-07-29,603286
2021-07-29,002205
2021-07-29,600778
2021-07-29,002800
2021-07-29,603860
2021-07-29,300668
2021-07-29,002883
2021-07-29,600719
2021-07-29,603709
2021-07-29,603316
2021-07-29,002494
2021-07-29,600520
2021-07-29,600706
2021-07-29,603356
2021-07-29,002890
2021-07-29,300736
2021-07-29,002779
2021-07-29,600302
2021-07-29,600250
2021-07-29,600202
2021-07-29,300654
2021-07-29,600156
2021-07-29,000014
2021-07-29,002193
2021-07-29,002691
2021-07-29,600137
2021-07-29,603725
2021-07-29,002862
2021-07-29,603917
2021-07-29,600099
2021-07-29,600791
2021-07-29,300321
2021-07-29,002207
2021-07-29,002856
2021-07-29,300700
2021-07-29,002899
2021-07-29,603499
2021-07-29,300665
2021-07-29,603090
2021-07-29,002112
2021-07-29,300535
2021-07-29,600539
2021-07-29,002828
2021-07-29,002849
2021-07-29,300557
2021-07-29,002591
2021-07-29,603908
2021-07-29,000755
2021-07-29,000632
2021-07-29,600847
2021-07-29,603320
2021-07-29,300554
2021-07-29,002513
2021-07-29,603036
2021-07-29,002921
2021-07-29,300254
2021-07-29,000586
2021-07-29,600796
2021-07-29,002871
2021-07-29,688096
2021-07-29,603037
2021-07-29,603088
2021-07-29,002694
2021-07-29,600605
2021-07-29,603041
2021-07-29,603139
2021-07-29,002652
2021-07-29,300594
2021-07-29,002357
2021-07-29,300743
2021-07-29,688215
2021-07-29,002826
2021-07-29,002696
2021-07-29,002144
2021-07-29,002295
2021-07-29,000692
2021-07-29,300606
2021-07-29,300652
2021-07-29,603536
2021-07-29,688679
2021-07-29,603958
2021-07-29,002787
2021-07-29,600272
2021-07-29,002718
2021-07-29,603895
2021-07-29,600476
2021-08-12,603729
2021-08-12,600455
2021-08-12,002633
2021-08-12,000702
2021-08-12,600561
2021-08-12,300478
2021-08-12,600768
2021-08-12,600493
2021-08-12,002830
2021-08-12,600778
2021-08-12,002836
2021-08-12,002800
2021-08-12,603860
2021-08-12,000679
2021-08-12,603709
2021-08-12,600689
2021-08-12,002205
2021-08-12,600520
2021-08-12,603316
2021-08-12,002883
2021-08-12,603356
2021-08-12,300736
2021-08-12,600706
2021-08-12,002494
2021-08-12,600719
2021-08-12,603029
2021-08-12,600250
2021-08-12,600137
2021-08-12,603286
2021-08-12,300668
2021-08-12,002209
2021-08-12,300654
2021-08-12,000014
2021-08-12,002193
2021-08-12,600302
2021-08-12,002856
2021-08-12,002207
2021-08-12,603499
2021-08-12,600156
2021-08-12,600202
2021-08-12,002890
2021-08-12,603917
2021-08-12,600791
2021-08-12,002779
2021-08-12,603725
2021-08-12,002691
2021-08-12,600099
2021-08-12,603320
2021-08-12,002112
2021-08-12,002828
2021-08-12,000755
2021-08-12,000632
2021-08-12,603090
2021-08-12,600539
2021-08-12,300700
2021-08-12,600847
2021-08-12,002849
2021-08-12,603036
2021-08-12,603958
2021-08-12,600605
2021-08-12,002591
2021-08-12,603908
2021-08-12,002921
2021-08-12,300254
2021-08-12,002652
2021-08-12,600476
2021-08-12,000692
2021-08-12,002513
2021-08-12,002696
2021-08-12,600796
2021-08-12,300557
2021-08-12,603041
2021-08-12,000586
2021-08-12,002826
2021-08-12,603139
2021-08-12,603536
2021-08-12,002357
2021-08-12,002718
2021-08-12,688096
2021-08-12,300535
2021-08-12,002871
2021-08-12,002862
2021-08-12,300665
2021-08-12,002694
2021-08-12,300606
2021-08-12,002787
2021-08-12,300554
2021-08-12,688679
2021-08-12,600272
2021-08-12,002144
2021-08-12,002875
2021-08-12,000953
2021-08-12,300553
2021-08-12,600082
2021-08-12,002888
2021-08-12,600235
2021-08-12,600128
2021-08-12,600463
2021-08-12,000978
2021-08-12,688501
2021-08-26,603729
2021-08-26,600455
2021-08-26,300478
2021-08-26,000702
2021-08-26,002633
2021-08-26,600768
2021-08-26,600493
2021-08-26,002836
2021-08-26,000679
2021-08-26,600778
2021-08-26,603709
2021-08-26,603356
2021-08-26,603860
2021-08-26,600520
2021-08-26,603029
2021-08-26,600689
2021-08-26,600561
2021-08-26,002883
2021-08-26,002830
2021-08-26,002205
2021-08-26,300736
2021-08-26,002800
2021-08-26,603316
2021-08-26,000014
2021-08-26,600250
2021-08-26,600137
2021-08-26,002193
2021-08-26,600719
2021-08-26,600847
2021-08-26,002856
2021-08-26,002494
2021-08-26,300668
2021-08-26,002890
2021-08-26,300654
2021-08-26,603499
2021-08-26,002209
2021-08-26,600706
2021-08-26,600791
2021-08-26,002207
2021-08-26,600302
2021-08-26,603286
2021-08-26,600156
2021-08-26,603917
2021-08-26,600539
2021-08-26,000632
2021-08-26,603536
2021-08-26,002875
2021-08-26,002779
2021-08-26,002112
2021-08-26,600099
2021-08-26,002828
2021-08-26,300254
2021-08-26,300557
2021-08-26,600605
2021-08-26,002696
2021-08-26,002921
2021-08-26,603958
2021-08-26,603090
2021-08-26,603036
2021-08-26,002849
2021-08-26,002513
2021-08-26,000586
2021-08-26,300700
2021-08-26,002691
2021-08-26,002591
2021-08-26,002826
2021-08-26,002652
2021-08-26,600202
2021-08-26,600796
2021-08-26,600476
2021-08-26,603139
2021-08-26,002718
2021-08-26,688096
2021-08-26,000755
2021-08-26,600272
2021-08-26,688501
2021-08-26,603041
2021-08-26,603725
2021-08-26,603320
2021-08-26,300665
2021-08-26,600082
2021-08-26,300535
2021-08-26,688679
2021-08-26,300554
2021-08-26,000692
2021-08-26,000953
2021-08-26,002871
2021-08-26,600235
2021-08-26,002787
2021-08-26,002888
2021-08-26,600128
2021-08-26,002862
2021-08-26,688215
2021-08-26,300807
2021-08-26,603955
2021-08-26,002316
2021-08-26,002899
2021-08-26,300321
2021-08-26,002725
2021-08-26,300594
2021-09-09,603729
2021-09-09,300478
2021-09-09,002633
2021-09-09,600455
2021-09-09,000702
2021-09-09,600768
2021-09-09,603709
2021-09-09,603029
2021-09-09,002836
2021-09-09,600520
2021-09-09,603860
2021-09-09,002209
2021-09-09,600689
2021-09-09,600847
2021-09-09,603316
2021-09-09,002800
2021-09-09,600493
2021-09-09,002830
2021-09-09,002883
2021-09-09,600137
2021-09-09,000679
2021-09-09,300654
2021-09-09,000014
2021-09-09,603499
2021-09-09,300668
2021-09-09,002193
2021-09-09,002205
2021-09-09,600561
2021-09-09,603286
2021-09-09,600778
2021-09-09,600250
2021-09-09,603356
2021-09-09,603917
2021-09-09,300736
2021-09-09,002856
2021-09-09,300557
2021-09-09,002494
2021-09-09,600719
2021-09-09,603090
2021-09-09,002779
2021-09-09,300254
2021-09-09,300700
2021-09-09,000586
2021-09-09,300535
2021-09-09,600302
2021-09-09,688215
2021-09-09,002875
2021-09-09,002890
2021-09-09,600099
2021-09-09,000632
2021-09-09,002691
2021-09-09,603958
2021-09-09,603536
2021-09-09,600706
2021-09-09,600791
2021-09-09,002112
2021-09-09,600156
2021-09-09,600539
2021-09-09,002849
2021-09-09,002696
2021-09-09,002826
2021-09-09,002591
2021-09-09,002871
2021-09-09,688096
2021-09-09,002718
2021-09-09,688501
2021-09-09,002207
2021-09-09,603139
2021-09-09,300554
2021-09-09,300594
2021-09-09,002316
2021-09-09,603036
2021-09-09,600605
2021-09-09,300665
2021-09-09,300807
2021-09-09,002652
2021-09-09,600476
2021-09-09,002921
2021-09-09,600272
2021-09-09,603041
2021-09-09,688679
2021-09-09,603955
2021-09-09,002725
2021-09-09,603320
2021-09-09,002862
2021-09-09,002828
2021-09-09,002888
2021-09-09,603725
2021-09-09,300743
2021-09-09,300235
2021-09-09,300717
2021-09-09,300553
2021-09-09,603829
2021-09-09,002715
2021-09-09,300836
2021-09-09,300779
2021-09-09,688156
2021-09-09,300609
2021-09-09,603037
2021-09-09,600148
2021-09-23,603729
2021-09-23,300478
2021-09-23,002633
2021-09-23,600768
2021-09-23,000702
2021-09-23,600455
2021-09-23,603029
2021-09-23,603709
2021-09-23,600520
2021-09-23,002209
2021-09-23,002836
2021-09-23,600137
2021-09-23,603860
2021-09-23,600847
2021-09-23,603286
2021-09-23,002800
2021-09-23,002883
2021-09-23,300654
2021-09-23,600689
2021-09-23,002830
2021-09-23,603316
2021-09-23,000679
2021-09-23,600778
2021-09-23,600493
2021-09-23,600706
2021-09-23,300700
2021-09-23,603499
2021-09-23,002205
2021-09-23,600561
2021-09-23,002193
2021-09-23,600250
2021-09-23,000014
2021-09-23,300557
2021-09-23,002856
2021-09-23,688215
2021-09-23,300254
2021-09-23,300736
2021-09-23,002890
2021-09-23,603958
2021-09-23,600302
2021-09-23,300743
2021-09-23,300554
2021-09-23,002875
2021-09-23,002691
2021-09-23,600719
2021-09-23,600099
2021-09-23,002779
2021-09-23,002494
2021-09-23,002316
2021-09-23,300668
2021-09-23,300807
2021-09-23,000632
2021-09-23,300235
2021-09-23,600539
2021-09-23,002207
2021-09-23,603536
2021-09-23,002112
2021-09-23,603090
2021-09-23,002871
2021-09-23,300553
2021-09-23,688096
2021-09-23,002718
2021-09-23,688156
2021-09-23,002849
2021-09-23,600156
2021-09-23,600605
2021-09-23,688501
2021-09-23,300594
2021-09-23,002591
2021-09-23,002826
2021-09-23,002696
2021-09-23,300836
2021-09-23,002652
2021-09-23,300535
2021-09-23,002725
2021-09-23,600476
2021-09-23,600272
2021-09-23,603139
2021-09-23,603036
2021-09-23,002921
2021-09-23,600791
2021-09-23,603917
2021-09-23,600148
2021-09-23,300609
2021-09-23,002828
2021-09-23,603037
2021-09-23,603955
2021-09-23,300717
2021-09-23,300025
2021-09-23,603196
2021-09-23,300539
2021-09-23,300652
2021-09-23,002513
2021-09-23,002899
2021-09-23,600128
2021-09-23,688218
2021-09-23,003007
2021-09-23,300845
2021-09-23,300606
2021-09-23,000586
2021-10-08,603729
2021-10-08,300478
2021-10-08,002633
2021-10-08,600768
2021-10-08,000702
2021-10-08,603029
2021-10-08,600455
2021-10-08,600520
2021-10-08,603709
2021-10-08,002836
2021-10-08,002209
2021-10-08,603860
2021-10-08,603316
2021-10-08,603286
2021-10-08,002883
2021-10-08,600137
2021-10-08,002800
2021-10-08,600847
2021-10-08,300700
2021-10-08,300654
2021-10-08,600689
2021-10-08,002830
2021-10-08,600493
2021-10-08,600778
2021-10-08,603499
2021-10-08,000679
2021-10-08,002193
2021-10-08,688215
2021-10-08,002205
2021-10-08,300557
2021-10-08,600706
2021-10-08,300254
2021-10-08,000014
2021-10-08,002890
2021-10-08,002856
2021-10-08,603958
2021-10-08,600561
2021-10-08,600250
2021-10-08,600302
2021-10-08,300668
2021-10-08,300736
2021-10-08,300554
2021-10-08,300743
2021-10-08,603090
2021-10-08,002112
2021-10-08,688501
2021-10-08,600099
2021-10-08,688096
2021-10-08,300535
2021-10-08,000632
2021-10-08,000586
2021-10-08,300717
2021-10-08,002875
2021-10-08,600539
2021-10-08,002494
2021-10-08,002591
2021-10-08,688156
2021-10-08,300807
2021-10-08,002316
2021-10-08,002513
2021-10-08,002871
2021-10-08,600476
2021-10-08,300235
2021-10-08,002921
2021-10-08,300553
2021-10-08,600605
2021-10-08,002826
2021-10-08,002849
2021-10-08,002691
2021-10-08,300594
2021-10-08,600156
2021-10-08,300539
2021-10-08,002718
2021-10-08,600272
2021-10-08,600128
2021-10-08,688218
2021-10-08,002779
2021-10-08,300025
2021-10-08,002652
2021-10-08,300836
2021-10-08,600719
2021-10-08,002725
2021-10-08,603955
2021-10-08,600148
2021-10-08,300652
2021-10-08,600791
2021-10-08,603725
2021-10-08,603041
2021-10-08,002715
2021-10-08,300640
2021-10-08,300665
2021-10-08,603356
2021-10-08,688679
2021-10-08,002295
2021-10-08,603829
2021-10-08,600444
2021-10-08,300611
2021-10-08,688367
2021-10-08,688701
2021-10-08,300779
2021-10-21,603729
2021-10-21,002633
2021-10-21,300478
2021-10-21,600768
2021-10-21,600455
2021-10-21,603029
2021-10-21,600520
2021-10-21,002209
2021-10-21,000702
2021-10-21,002830
2021-10-21,603709
2021-10-21,603316
2021-10-21,600778
2021-10-21,002205
2021-10-21,600847
2021-10-21,603860
2021-10-21,002883
2021-10-21,603286
2021-10-21,600561
2021-10-21,002836
2021-10-21,300654
2021-10-21,300700
2021-10-21,600137
2021-10-21,002193
2021-10-21,300668
2021-10-21,600689
2021-10-21,300254
2021-10-21,000014
2021-10-21,300743
2021-10-21,603958
2021-10-21,000679
2021-10-21,002112
2021-10-21,688215
2021-10-21,600493
2021-10-21,300557
2021-10-21,603499
2021-10-21,688096
2021-10-21,300535
2021-10-21,600302
2021-10-21,002800
2021-10-21,002890
2021-10-21,002591
2021-10-21,002691
2021-10-21,300717
2021-10-21,300554
2021-10-21,600250
2021-10-21,000632
2021-10-21,002856
2021-10-21,688501
2021-10-21,600539
2021-10-21,300640
2021-10-21,300539
2021-10-21,002875
2021-10-21,002494
2021-10-21,300779
2021-10-21,002513
2021-10-21,002871
2021-10-21,300235
2021-10-21,688156
2021-10-21,300736
2021-10-21,002316
2021-10-21,603725
2021-10-21,300553
2021-10-21,002921
2021-10-21,600605
2021-10-21,688679
2021-10-21,300025
2021-10-21,002718
2021-10-21,603829
2021-10-21,600099
2021-10-21,002715
2021-10-21,300611
2021-10-21,600156
2021-10-21,600444
2021-10-21,002826
2021-10-21,600791
2021-10-21,300807
2021-10-21,300594
2021-10-21,600128
2021-10-21,600706
2021-10-21,002725
2021-10-21,300836
2021-10-21,002849
2021-10-21,600272
2021-10-21,688218
2021-10-21,300652
2021-10-21,603356
2021-10-21,600476
2021-10-21,600719
2021-10-21,002357
2021-10-21,300022
2021-10-21,002144
2021-10-21,002207
2021-10-21,000953
2021-10-21,300163
2021-10-21,300210
2021-10-21,300321
2021-10-21,688565
2021-10-21,002787
2021-10-21,002888
2021-11-04,603729
2021-11-04,002633
2021-11-04,600768
2021-11-04,603029
2021-11-04,002209
2021-11-04,002830
2021-11-04,300478
2021-11-04,600561
2021-11-04,000702
2021-11-04,600520
2021-11-04,603709
2021-11-04,603316
2021-11-04,002205
2021-11-04,600778
2021-11-04,600689
2021-11-04,688215
2021-11-04,002883
2021-11-04,600847
2021-11-04,002836
2021-11-04,603860
2021-11-04,600455
2021-11-04,603958
2021-11-04,300654
2021-11-04,300700
2021-11-04,603286
2021-11-04,002193
2021-11-04,300668
2021-11-04,600137
2021-11-04,600250
2021-11-04,002856
2021-11-04,000679
2021-11-04,300254
2021-11-04,600302
2021-11-04,002691
2021-11-04,300743
2021-11-04,000014
2021-11-04,002112
2021-11-04,002207
2021-11-04,002890
2021-11-04,688096
2021-11-04,300554
2021-11-04,000632
2021-11-04,002316
2021-11-04,002800
2021-11-04,688501
2021-11-04,300717
2021-11-04,300557
2021-11-04,603725
2021-11-04,300535
2021-11-04,600791
2021-11-04,600156
2021-11-04,002875
2021-11-04,600539
2021-11-04,002494
2021-11-04,002591
2021-11-04,600719
2021-11-04,300553
2021-11-04,002513
2021-11-04,603499
2021-11-04,600444
2021-11-04,002357
2021-11-04,002718
2021-11-04,688679
2021-11-04,300640
2021-11-04,002849
2021-11-04,688565
2021-11-04,300807
2021-11-04,300539
2021-11-04,300235
2021-11-04,600099
2021-11-04,600493
2021-11-04,300836
2021-11-04,600128
2021-11-04,300779
2021-11-04,002921
2021-11-04,300210
2021-11-04,600706
2021-11-04,300321
2021-11-04,002715
2021-11-04,688156
2021-11-04,300022
2021-11-04,002725
2021-11-04,300025
2021-11-04,002871
2021-11-04,600272
2021-11-04,300611
2021-11-04,300163
2021-11-04,002144
2021-11-04,300665
2021-11-04,603320
2021-11-04,300417
2021-11-04,002828
2021-11-04,002295
2021-11-04,688701
2021-11-04,300703
2021-11-04,603041
2021-11-04,002899
2021-11-04,600202
2021-11-04,002652
2021-11-04,600212
2021-11-18,603729
2021-11-18,002633
2021-11-18,600768
2021-11-18,002209
2021-11-18,603029
2021-11-18,300478
2021-11-18,603709
2021-11-18,000702
2021-11-18,600561
2021-11-18,002205
2021-11-18,600778
2021-11-18,600689
2021-11-18,002830
2021-11-18,002883
2021-11-18,600520
2021-11-18,600455
2021-11-18,603958
2021-11-18,603316
2021-11-18,688215
2021-11-18,603860
2021-11-18,002836
2021-11-18,600847
2021-11-18,300654
2021-11-18,600250
2021-11-18,000679
2021-11-18,000014
2021-11-18,600137
2021-11-18,002207
2021-11-18,002691
2021-11-18,600302
2021-11-18,300700
2021-11-18,002494
2021-11-18,002890
2021-11-18,688096
2021-11-18,000632
2021-11-18,002856
2021-11-18,300554
2021-11-18,300254
2021-11-18,002875
2021-11-18,600791
2021-11-18,300743
2021-11-18,002316
2021-11-18,300717
2021-11-18,300535
2021-11-18,600493
2021-11-18,300557
2021-11-18,688501
2021-11-18,002800
2021-11-18,600539
2021-11-18,603725
2021-11-18,002357
2021-11-18,002112
2021-11-18,002591
2021-11-18,002828
2021-11-18,600156
2021-11-18,603499
2021-11-18,300665
2021-11-18,600128
2021-11-18,300807
2021-11-18,300553
2021-11-18,300022
2021-11-18,600719
2021-11-18,300417
2021-11-18,688679
2021-11-18,002849
2021-11-18,002295
2021-11-18,002513
2021-11-18,600202
2021-11-18,300668
2021-11-18,688565
2021-11-18,002144
2021-11-18,600272
2021-11-18,603041
2021-11-18,002921
2021-11-18,002715
2021-11-18,300779
2021-11-18,002652
2021-11-18,600099
2021-11-18,300539
2021-11-18,688156
2021-11-18,300321
2021-11-18,603320
2021-11-18,002725
2021-11-18,300836
2021-11-18,002899
2021-11-18,300163
2021-11-18,688701
2021-11-18,600444
2021-11-18,002871
2021-11-18,600706
2021-11-18,300210
2021-11-18,603536
2021-11-18,000953
2021-11-18,603196
2021-11-18,300736
2021-11-18,688309
2021-11-18,603955
2021-11-18,600605
2021-11-18,002862
2021-11-18,300534
2021-12-02,603729
2021-12-02,002633
2021-12-02,002209
2021-12-02,600768
2021-12-02,603029
2021-12-02,000702
2021-12-02,603709
2021-12-02,002205
2021-12-02,600778
2021-12-02,002830
2021-12-02,600561
2021-12-02,300478
2021-12-02,002883
2021-12-02,600689
2021-12-02,603316
2021-12-02,603860
2021-12-02,603958
2021-12-02,000679
2021-12-02,600455
2021-12-02,600520
2021-12-02,600250
2021-12-02,688215
2021-12-02,000014
2021-12-02,600137
2021-12-02,300654
2021-12-02,002836
2021-12-02,002691
2021-12-02,002856
2021-12-02,300700
2021-12-02,002112
2021-12-02,600791
2021-12-02,300254
2021-12-02,688096
2021-12-02,600719
2021-12-02,300554
2021-12-02,002494
2021-12-02,600156
2021-12-02,600539
2021-12-02,300736
2021-12-02,002800
2021-12-02,002357
2021-12-02,002591
2021-12-02,002875
2021-12-02,002828
2021-12-02,300743
2021-12-02,002207
2021-12-02,002890
2021-12-02,688501
2021-12-02,600099
2021-12-02,000632
2021-12-02,300535
2021-12-02,002316
2021-12-02,300717
2021-12-02,300557
2021-12-02,002513
2021-12-02,600128
2021-12-02,600493
2021-12-02,600272
2021-12-02,688679
2021-12-02,688309
2021-12-02,600706
2021-12-02,002652
2021-12-02,002849
2021-12-02,600302
2021-12-02,688156
2021-12-02,600202
2021-12-02,002295
2021-12-02,300553
2021-12-02,300665
2021-12-02,603041
2021-12-02,603955
2021-12-02,688565
2021-12-02,002921
2021-12-02,603536
2021-12-02,000953
2021-12-02,603725
2021-12-02,600444
2021-12-02,002144
2021-12-02,300417
2021-12-02,002862
2021-12-02,002715
2021-12-02,300210
2021-12-02,600605
2021-12-02,002871
2021-12-02,002899
2021-12-02,002725
2021-12-02,300163
2021-12-02,603320
2021-12-02,300539
2021-12-02,300321
2021-12-02,300779
2021-12-02,688701
2021-12-02,300534
2021-12-02,002718
2021-12-02,600149
2021-12-02,000586
2021-12-02,002893
2021-12-02,000978
2021-12-02,300235
2021-12-02,000619
2021-12-16,603729
2021-12-16,002633
2021-12-16,600768
2021-12-16,002209
2021-12-16,000702
2021-12-16,300478
2021-12-16,603029
2021-12-16,603709
2021-12-16,600778
2021-12-16,600689
2021-12-16,600455
2021-12-16,002883
2021-12-16,002830
2021-12-16,603316
2021-12-16,603860
2021-12-16,688215
2021-12-16,600561
2021-12-16,002205
2021-12-16,600520
2021-12-16,603958
2021-12-16,600137
2021-12-16,002836
2021-12-16,300254
2021-12-16,300700
2021-12-16,600250
2021-12-16,688096
2021-12-16,000014
2021-12-16,002856
2021-12-16,002207
2021-12-16,300554
2021-12-16,002494
2021-12-16,300736
2021-12-16,002890
2021-12-16,002875
2021-12-16,300743
2021-12-16,300717
2021-12-16,300654
2021-12-16,688501
2021-12-16,600493
2021-12-16,300535
2021-12-16,000679
2021-12-16,600156
2021-12-16,300557
2021-12-16,002828
2021-12-16,002316
2021-12-16,000632
2021-12-16,600719
2021-12-16,002591
2021-12-16,002718
2021-12-16,002862
2021-12-16,600791
2021-12-16,688679
2021-12-16,002112
2021-12-16,688565
2021-12-16,688309
2021-12-16,300665
2021-12-16,002849
2021-12-16,603725
2021-12-16,600272
2021-12-16,688156
2021-12-16,002513
2021-12-16,603041
2021-12-16,002295
2021-12-16,002144
2021-12-16,603320
2021-12-16,002871
2021-12-16,002800
2021-12-16,600202
2021-12-16,603955
2021-12-16,300210
2021-12-16,000953
2021-12-16,600128
2021-12-16,300417
2021-12-16,000586
2021-12-16,688701
2021-12-16,300321
2021-12-16,002652
2021-12-16,002899
2021-12-16,002715
2021-12-16,600706
2021-12-16,300779
2021-12-16,300163
2021-12-16,603536
2021-12-16,002921
2021-12-16,300539
2021-12-16,600302
2021-12-16,600099
2021-12-16,300534
2021-12-16,000978
2021-12-16,600605
2021-12-16,002193
2021-12-16,688218
2021-12-16,603356
2021-12-16,600796
2021-12-16,603499
2021-12-16,688067
2021-12-16,300668
2021-12-16,300836
2021-12-16,603286
2021-12-16,003007
2021-12-30,603729
2021-12-30,600768
2021-12-30,002633
2021-12-30,300478
2021-12-30,000702
2021-12-30,603029
2021-12-30,002209
2021-12-30,603709
2021-12-30,600520
2021-12-30,600778
2021-12-30,688215
2021-12-30,002830
2021-12-30,600137
2021-12-30,600689
2021-12-30,600455
2021-12-30,600561
2021-12-30,603316
2021-12-30,002205
2021-12-30,603958
2021-12-30,002207
2021-12-30,300736
2021-12-30,002856
2021-12-30,603860
2021-12-30,002836
2021-12-30,000014
2021-12-30,000679
2021-12-30,688096
2021-12-30,300554
2021-12-30,300700
2021-12-30,600250
2021-12-30,300743
2021-12-30,002875
2021-12-30,300717
2021-12-30,300535
2021-12-30,002890
2021-12-30,002800
2021-12-30,002193
2021-12-30,002112
2021-12-30,600493
2021-12-30,300654
2021-12-30,688679
2021-12-30,300417
2021-12-30,600719
2021-12-30,002862
2021-12-30,002718
2021-12-30,600156
2021-12-30,688309
2021-12-30,002849
2021-12-30,300665
2021-12-30,603725
2021-12-30,000632
2021-12-30,002513
2021-12-30,000586
2021-12-30,002591
2021-12-30,603320
2021-12-30,300779
2021-12-30,688565
2021-12-30,603356
2021-12-30,600302
2021-12-30,300836
2021-12-30,002715
2021-12-30,300557
2021-12-30,002828
2021-12-30,603041
2021-12-30,002883
2021-12-30,603286
2021-12-30,002295
2021-12-30,300321
2021-12-30,002871
2021-12-30,688218
2021-12-30,688156
2021-12-30,002144
2021-12-30,002494
2021-12-30,603955
2021-12-30,600791
2021-12-30,300539
2021-12-30,300210
2021-12-30,002921
2021-12-30,600272
2021-12-30,600128
2021-12-30,002899
2021-12-30,002652
2021-12-30,002316
2021-12-30,300163
2021-12-30,600202
2021-12-30,688701
2021-12-30,600706
2021-12-30,300594
2021-12-30,002691
2021-12-30,300606
2021-12-30,002893
2021-12-30,300626
2021-12-30,002719
2021-12-30,300553
2021-12-30,300849
2021-12-30,688081
2021-12-30,688517
2021-12-30,300509
2021-12-30,002767
2021-12-30,002290
2022-01-13,603729
2022-01-13,600768
2022-01-13,603029
2022-01-13,000702
2022-01-13,002209
2022-01-13,603709
2022-01-13,300478
2022-01-13,600520
2022-01-13,688215
2022-01-13,002633
2022-01-13,002830
2022-01-13,600455
2022-01-13,600689
2022-01-13,600561
2022-01-13,603860
2022-01-13,603316
2022-01-13,600778
2022-01-13,600137
2022-01-13,603958
2022-01-13,002883
2022-01-13,002207
2022-01-13,002205
2022-01-13,002836
2022-01-13,600250
2022-01-13,300554
2022-01-13,688096
2022-01-13,300736
2022-01-13,300654
2022-01-13,000679
2022-01-13,300700
2022-01-13,300743
2022-01-13,002890
2022-01-13,603286
2022-01-13,600719
2022-01-13,300535
2022-01-13,002800
2022-01-13,688309
2022-01-13,002112
2022-01-13,002193
2022-01-13,300557
2022-01-13,300417
2022-01-13,300594
2022-01-13,688679
2022-01-13,600156
2022-01-13,300717
2022-01-13,002591
2022-01-13,002856
2022-01-13,000586
2022-01-13,603725
2022-01-13,300779
2022-01-13,000014
2022-01-13,603356
2022-01-13,002719
2022-01-13,002718
2022-01-13,002862
2022-01-13,002828
2022-01-13,688565
2022-01-13,002849
2022-01-13,603320
2022-01-13,300836
2022-01-13,600493
2022-01-13,600302
2022-01-13,300665
2022-01-13,300321
2022-01-13,300606
2022-01-13,300626
2022-01-13,603041
2022-01-13,000632
2022-01-13,688218
2022-01-13,002893
2022-01-13,603955
2022-01-13,688081
2022-01-13,002494
2022-01-13,002295
2022-01-13,002144
2022-01-13,002871
2022-01-13,002513
2022-01-13,002691
2022-01-13,300539
2022-01-13,300163
2022-01-13,002899
2022-01-13,300210
2022-01-13,300553
2022-01-13,600791
2022-01-13,002290
2022-01-13,688701
2022-01-13,300509
2022-01-13,300849
2022-01-13,688156
2022-01-13,002767
2022-01-13,002652
2022-01-13,002629
2022-01-13,300807
2022-01-13,300254
2022-01-13,003007
2022-01-13,600099
2022-01-13,603499
2022-01-13,688379
2022-01-13,300640
2022-01-13,300025
2022-01-27,600768
2022-01-27,603729
2022-01-27,603029
2022-01-27,000702
2022-01-27,688309
2022-01-27,002209
2022-01-27,603709
2022-01-27,002633
2022-01-27,600520
2022-01-27,600455
2022-01-27,600137
2022-01-27,600778
2022-01-27,688215
2022-01-27,603958
2022-01-27,600689
2022-01-27,300478
2022-01-27,002205
2022-01-27,002883
2022-01-27,603316
2022-01-27,600561
2022-01-27,000679
2022-01-27,002836
2022-01-27,603860
2022-01-27,300654
2022-01-27,688096
2022-01-27,300736
2022-01-27,002207
2022-01-27,300554
2022-01-27,600719
2022-01-27,002112
2022-01-27,002890
2022-01-27,002862
2022-01-27,002800
2022-01-27,600493
2022-01-27,002719
2022-01-27,300743
2022-01-27,002193
2022-01-27,002629
2022-01-27,300417
2022-01-27,300836
2022-01-27,000586
2022-01-27,600250
2022-01-27,600156
2022-01-27,603356
2022-01-27,300779
2022-01-27,002591
2022-01-27,603286
2022-01-27,300535
2022-01-27,300665
2022-01-27,002513
2022-01-27,300557
2022-01-27,688679
2022-01-27,300717
2022-01-27,603725
2022-01-27,688565
2022-01-27,300594
2022-01-27,300606
2022-01-27,000014
2022-01-27,600302
2022-01-27,002828
2022-01-27,300626
2022-01-27,300807
2022-01-27,603499
2022-01-27,688218
2022-01-27,002893
2022-01-27,002899
2022-01-27,002830
2022-01-27,603320
2022-01-27,300321
2022-01-27,002849
2022-01-27,002718
2022-01-27,002691
2022-01-27,688081
2022-01-27,002856
2022-01-27,002295
2022-01-27,300210
2022-01-27,002871
2022-01-27,000632
2022-01-27,300553
2022-01-27,002144
2022-01-27,300163
2022-01-27,300849
2022-01-27,603041
2022-01-27,600099
2022-01-27,300539
2022-01-27,002652
2022-01-27,688701
2022-01-27,002290
2022-01-27,003007
2022-01-27,603955
2022-01-27,688379
2022-01-27,603161
2022-01-27,002715
2022-01-27,300703
2022-01-27,603196
2022-01-27,600605
2022-01-27,688067
2022-01-27,300749
2022-01-27,603139
2022-01-27,300013
2022-02-10,603729
2022-02-10,600768
2022-02-10,688309
2022-02-10,002633
2022-02-10,603709
2022-02-10,002209
2022-02-10,688215
2022-02-10,603029
2022-02-10,600455
2022-02-10,600137
2022-02-10,600778
2022-02-10,000702
2022-02-10,600520
2022-02-10,603958
2022-02-10,000679
2022-02-10,300736
2022-02-10,600689
2022-02-10,300654
2022-02-10,002836
2022-02-10,002629
2022-02-10,600561
2022-02-10,300478
2022-02-10,688096
2022-02-10,603316
2022-02-10,002830
2022-02-10,002883
2022-02-10,002800
2022-02-10,002112
2022-02-10,603286
2022-02-10,002193
2022-02-10,600719
2022-02-10,002719
2022-02-10,603725
2022-02-10,300554
2022-02-10,002862
2022-02-10,002856
2022-02-10,603860
2022-02-10,002890
2022-02-10,300417
2022-02-10,600493
2022-02-10,300665
2022-02-10,603499
2022-02-10,300779
2022-02-10,300717
2022-02-10,002718
2022-02-10,002513
2022-02-10,600156
2022-02-10,300535
2022-02-10,688679
2022-02-10,603356
2022-02-10,300557
2022-02-10,300807
2022-02-10,300594
2022-02-10,300606
2022-02-10,300743
2022-02-10,688081
2022-02-10,600302
2022-02-10,002591
2022-02-10,002205
2022-02-10,002207
2022-02-10,603320
2022-02-10,002899
2022-02-10,300321
2022-02-10,000014
2022-02-10,000586
2022-02-10,688565
2022-02-10,002715
2022-02-10,300626
2022-02-10,300553
2022-02-10,688218
2022-02-10,002691
2022-02-10,300749
2022-02-10,603161
2022-02-10,600250
2022-02-10,002144
2022-02-10,002849
2022-02-10,300210
2022-02-10,300849
2022-02-10,300163
2022-02-10,002871
2022-02-10,688379
2022-02-10,603139
2022-02-10,002652
2022-02-10,603041
2022-02-10,600099
2022-02-10,300013
2022-02-10,002295
2022-02-10,002290
2022-02-10,300836
2022-02-10,300539
2022-02-10,688067
2022-02-10,603196
2022-02-10,000632
2022-02-10,600539
2022-02-10,300254
2022-02-10,603536
2022-02-10,603880
2022-02-10,002888
2022-02-10,300611
2022-02-10,002893
2022-02-24,603729
2022-02-24,688309
2022-02-24,002633
2022-02-24,603709
2022-02-24,000702
2022-02-24,600768
2022-02-24,688215
2022-02-24,600778
2022-02-24,002209
2022-02-24,600137
2022-02-24,603958
2022-02-24,000679
2022-02-24,600455
2022-02-24,300736
2022-02-24,600689
2022-02-24,300478
2022-02-24,002193
2022-02-24,002883
2022-02-24,002862
2022-02-24,002830
2022-02-24,688096
2022-02-24,300654
2022-02-24,002513
2022-02-24,603286
2022-02-24,002719
2022-02-24,002629
2022-02-24,002836
2022-02-24,600719
2022-02-24,002800
2022-02-24,603356
2022-02-24,603499
2022-02-24,002856
2022-02-24,603860
2022-02-24,600520
2022-02-24,600493
2022-02-24,603725
2022-02-24,002205
2022-02-24,300417
2022-02-24,300554
2022-02-24,603536
2022-02-24,300836
2022-02-24,300779
2022-02-24,002899
2022-02-24,600156
2022-02-24,600250
2022-02-24,300606
2022-02-24,002890
2022-02-24,300807
2022-02-24,300321
2022-02-24,002691
2022-02-24,688679
2022-02-24,600302
2022-02-24,002718
2022-02-24,002112
2022-02-24,600561
2022-02-24,300717
2022-02-24,300013
2022-02-24,603161
2022-02-24,300849
2022-02-24,300743
2022-02-24,300535
2022-02-24,300749
2022-02-24,000586
2022-02-24,688081
2022-02-24,002652
2022-02-24,002591
2022-02-24,000632
2022-02-24,002290
2022-02-24,002144
2022-02-24,603196
2022-02-24,300626
2022-02-24,000014
2022-02-24,688379
2022-02-24,688565
2022-02-24,688218
2022-02-24,603880
2022-02-24,603139
2022-02-24,300665
2022-02-24,603320
2022-02-24,600539
2022-02-24,300210
2022-02-24,603041
2022-02-24,002207
2022-02-24,300557
2022-02-24,002295
2022-02-24,300611
2022-02-24,002871
2022-02-24,002888
2022-02-24,300594
2022-02-24,300553
2022-02-24,002849
2022-02-24,688501
2022-02-24,300703
2022-02-24,600605
2022-02-24,002494
2022-02-24,002357
2022-02-24,600128
2022-02-24,688004
2022-02-24,603029
2022-02-24,603316
2022-03-10,688309
2022-03-10,603709
2022-03-10,002633
2022-03-10,600768
2022-03-10,000702
2022-03-10,688215
2022-03-10,002209
2022-03-10,603958
2022-03-10,603729
2022-03-10,600137
2022-03-10,300736
2022-03-10,300478
2022-03-10,600455
2022-03-10,600778
2022-03-10,000679
2022-03-10,002193
2022-03-10,002883
2022-03-10,603286
2022-03-10,002856
2022-03-10,002719
2022-03-10,002890
2022-03-10,300417
2022-03-10,300717
2022-03-10,603499
2022-03-10,603725
2022-03-10,688081
2022-03-10,300836
2022-03-10,000586
2022-03-10,688096
2022-03-10,603029
2022-03-10,603536
2022-03-10,002862
2022-03-10,002513
2022-03-10,300849
2022-03-10,300779
2022-03-10,688679
2022-03-10,600493
2022-03-10,600719
2022-03-10,300606
2022-03-10,688218
2022-03-10,300554
2022-03-10,300535
2022-03-10,300749
2022-03-10,603356
2022-03-10,688379
2022-03-10,002718
2022-03-10,300321
2022-03-10,300013
2022-03-10,002830
2022-03-10,002899
2022-03-10,300553
2022-03-10,600689
2022-03-10,603860
2022-03-10,600156
2022-03-10,600561
2022-03-10,300594
2022-03-10,603161
2022-03-10,300557
2022-03-10,300210
2022-03-10,002836
2022-03-10,002290
2022-03-10,688565
2022-03-10,002205
2022-03-10,002591
2022-03-10,300665
2022-03-10,603041
2022-03-10,600302
2022-03-10,000014
2022-03-10,002494
2022-03-10,002888
2022-03-10,688004
2022-03-10,002691
2022-03-10,002112
2022-03-10,300626
2022-03-10,300743
2022-03-10,002144
2022-03-10,300611
2022-03-10,688501
2022-03-10,002652
2022-03-10,300654
2022-03-10,603196
2022-03-10,002357
2022-03-10,600605
2022-03-10,002295
2022-03-10,603139
2022-03-10,002629
2022-03-10,603880
2022-03-10,002871
2022-03-10,688092
2022-03-10,300163
2022-03-10,300025
2022-03-10,688067
2022-03-10,603037
2022-03-10,002921
2022-03-10,688681
2022-03-10,300169
2022-03-10,603829
2022-03-10,688616
2022-03-10,600791
2022-03-10,688517
2022-03-24,688309
2022-03-24,603729
2022-03-24,600455
2022-03-24,600768
2022-03-24,603709
2022-03-24,688215
2022-03-24,300736
2022-03-24,600137
2022-03-24,300478
2022-03-24,603958
2022-03-24,002633
2022-03-24,000702
2022-03-24,300717
2022-03-24,002883
2022-03-24,002209
2022-03-24,002862
2022-03-24,688096
2022-03-24,000679
2022-03-24,002890
2022-03-24,300779
2022-03-24,002856
2022-03-24,300417
2022-03-24,002719
2022-03-24,603499
2022-03-24,688081
2022-03-24,603286
2022-03-24,688218
2022-03-24,600778
2022-03-24,688679
2022-03-24,300535
2022-03-24,002830
2022-03-24,300836
2022-03-24,300606
2022-03-24,600493
2022-03-24,603725
2022-03-24,300849
2022-03-24,002513
2022-03-24,600719
2022-03-24,603029
2022-03-24,300665
2022-03-24,300013
2022-03-24,688379
2022-03-24,300554
2022-03-24,603536
2022-03-24,300321
2022-03-24,688501
2022-03-24,300553
2022-03-24,603860
2022-03-24,300654
2022-03-24,300594
2022-03-24,002899
2022-03-24,603161
2022-03-24,603041
2022-03-24,000586
2022-03-24,002205
2022-03-24,600561
2022-03-24,002193
2022-03-24,002290
2022-03-24,300626
2022-03-24,688092
2022-03-24,688681
2022-03-24,002836
2022-03-24,688067
2022-03-24,600689
2022-03-24,002888
2022-03-24,002295
2022-03-24,002144
2022-03-24,603356
2022-03-24,688616
2022-03-24,002494
2022-03-24,002718
2022-03-24,688565
2022-03-24,688004
2022-03-24,002629
2022-03-24,300611
2022-03-24,002357
2022-03-24,603037
2022-03-24,603196
2022-03-24,300557
2022-03-24,603829
2022-03-24,300169
2022-03-24,002652
2022-03-24,002112
2022-03-24,002871
2022-03-24,002767
2022-03-24,002715
2022-03-24,688701
2022-03-24,002893
2022-03-24,600520
2022-03-24,300405
2022-03-24,300637
2022-03-24,002828
2022-03-24,688466
2022-03-24,688178
2022-03-24,300845
2022-03-24,688659
2022-03-24,600250
2022-03-24,300644
2022-03-24,300270
2022-03-24,603656
2022-04-07,688309
2022-04-07,603729
2022-04-07,600768
2022-04-07,688215
2022-04-07,603709
2022-04-07,600455
2022-04-07,002633
2022-04-07,300478
2022-04-07,002862
2022-04-07,300736
2022-04-07,603958
2022-04-07,300717
2022-04-07,002883
2022-04-07,300779
2022-04-07,002209
2022-04-07,002890
2022-04-07,300417
2022-04-07,688081
2022-04-07,000702
2022-04-07,600520
2022-04-07,600137
2022-04-07,603286
2022-04-07,688096
2022-04-07,688218
2022-04-07,300836
2022-04-07,300606
2022-04-07,688679
2022-04-07,600689
2022-04-07,300553
2022-04-07,300594
2022-04-07,300665
2022-04-07,600778
2022-04-07,603860
2022-04-07,002112
2022-04-07,002719
2022-04-07,002193
2022-04-07,002629
2022-04-07,688501
2022-04-07,603499
2022-04-07,002836
2022-04-07,603029
2022-04-07,000586
2022-04-07,688379
2022-04-07,300321
2022-04-07,300013
2022-04-07,603161
2022-04-07,002767
2022-04-07,300554
2022-04-07,000679
2022-04-07,002856
2022-04-07,688681
2022-04-07,300557
2022-04-07,600719
2022-04-07,688565
2022-04-07,300626
2022-04-07,603725
2022-04-07,002893
2022-04-07,300535
2022-04-07,603356
2022-04-07,600493
2022-04-07,300849
2022-04-07,603041
2022-04-07,688004
2022-04-07,002828
2022-04-07,002899
2022-04-07,300405
2022-04-07,002513
2022-04-07,002652
2022-04-07,300169
2022-04-07,300611
2022-04-07,603536
2022-04-07,688701
2022-04-07,600561
2022-04-07,688616
2022-04-07,002715
2022-04-07,688092
2022-04-07,688067
2022-04-07,300845
2022-04-07,300644
2022-04-07,002290
2022-04-07,002718
2022-04-07,688659
2022-04-07,603196
2022-04-07,002830
2022-04-07,300270
2022-04-07,002295
2022-04-07,603829
2022-04-07,300637
2022-04-07,688466
2022-04-07,688178
2022-04-07,603037
2022-04-07,603322
2022-04-07,603320
2022-04-07,002849
2022-04-07,300807
2022-04-07,688367
2022-04-07,300703
2022-04-07,688517
2022-04-07,300025
2022-04-07,300539
2022-04-21,688309
2022-04-21,603729
2022-04-21,002633
2022-04-21,688215
2022-04-21,600768
2022-04-21,600455
2022-04-21,603709
2022-04-21,002209
2022-04-21,600520
2022-04-21,688081
2022-04-21,300478
2022-04-21,002862
2022-04-21,300554
2022-04-21,002883
2022-04-21,300665
2022-04-21,300417
2022-04-21,300779
2022-04-21,300836
2022-04-21,300717
2022-04-21,688096
2022-04-21,688218
2022-04-21,002856
2022-04-21,603958
2022-04-21,002652
2022-04-21,603029
2022-04-21,002836
2022-04-21,603286
2022-04-21,002112
2022-04-21,688679
2022-04-21,300594
2022-04-21,688501
2022-04-21,300321
2022-04-21,002830
2022-04-21,300553
2022-04-21,603860
2022-04-21,603322
2022-04-21,300807
2022-04-21,603499
2022-04-21,688681
2022-04-21,000586
2022-04-21,300736
2022-04-21,688379
2022-04-21,002828
2022-04-21,002849
2022-04-21,603161
2022-04-21,300626
2022-04-21,300169
2022-04-21,002193
2022-04-21,600561
2022-04-21,002767
2022-04-21,603356
2022-04-21,000702
2022-04-21,000679
2022-04-21,688004
2022-04-21,300606
2022-04-21,300025
2022-04-21,688092
2022-04-21,300703
2022-04-21,002629
2022-04-21,603041
2022-04-21,300405
2022-04-21,300270
2022-04-21,603725
2022-04-21,600137
2022-04-21,002893
2022-04-21,688517
2022-04-21,600778
2022-04-21,688701
2022-04-21,688067
2022-04-21,603320
2022-04-21,300845
2022-04-21,002715
2022-04-21,688367
2022-04-21,688659
2022-04-21,300539
2022-04-21,300535
2022-04-21,688616
2022-04-21,300611
2022-04-21,300644
2022-04-21,300849
2022-04-21,300637
2022-04-21,688565
2022-04-21,002899
2022-04-21,600539
2022-04-21,300743
2022-04-21,002591
2022-04-21,603679
2022-04-21,002871
2022-04-21,603316
2022-04-21,300749
2022-04-21,300449
2022-04-21,003003
2022-04-21,688260
2022-04-21,688038
2022-04-21,300640
2022-04-21,300163
2022-04-21,688316
2022-04-21,603139
2022-04-21,603683
2022-04-21,600719
2022-05-05,600768
2022-05-05,688215
2022-05-05,600455
2022-05-05,002633
2022-05-05,603729
2022-05-05,300736
2022-05-05,603709
2022-05-05,002209
2022-05-05,603958
2022-05-05,000702
2022-05-05,600520
2022-05-05,300417
2022-05-05,300554
2022-05-05,603286
2022-05-05,688218
2022-05-05,300665
2022-05-05,002862
2022-05-05,300779
2022-05-05,002856
2022-05-05,300717
2022-05-05,002883
2022-05-05,688681
2022-05-05,603725
2022-05-05,688004
2022-05-05,603161
2022-05-05,688096
2022-05-05,603499
2022-05-05,603029
2022-05-05,688379
2022-05-05,300535
2022-05-05,300321
2022-05-05,688679
2022-05-05,300807
2022-05-05,688081
2022-05-05,300594
2022-05-05,002112
2022-05-05,002652
2022-05-05,002830
2022-05-05,300836
2022-05-05,603860
2022-05-05,600561
2022-05-05,600539
2022-05-05,002899
2022-05-05,300478
2022-05-05,300169
2022-05-05,002828
2022-05-05,002715
2022-05-05,688501
2022-05-05,000586
2022-05-05,603322
2022-05-05,300449
2022-05-05,300553
2022-05-05,002836
2022-05-05,300845
2022-05-05,600137
2022-05-05,002629
2022-05-05,603320
2022-05-05,002193
2022-05-05,688092
2022-05-05,300743
2022-05-05,300626
2022-05-05,603679
2022-05-05,300749
2022-05-05,688067
2022-05-05,002767
2022-05-05,688701
2022-05-05,688616
2022-05-05,688659
2022-05-05,002849
2022-05-05,300405
2022-05-05,300025
2022-05-05,002591
2022-05-05,300270
2022-05-05,688038
2022-05-05,000679
2022-05-05,688565
2022-05-05,300611
2022-05-05,300703
2022-05-05,603356
2022-05-05,688316
2022-05-05,003003
2022-05-05,688517
2022-05-05,002890
2022-05-05,002719
2022-05-05,603196
2022-05-05,600493
2022-05-05,603829
2022-05-05,688156
2022-05-05,603042
2022-05-05,600250
2022-05-05,002494
2022-05-05,688159
2022-05-05,002691
2022-05-05,688600
2022-05-05,688013
2022-05-05,002888
2022-05-05,688118
2022-05-05,603880
2022-05-05,688655
2022-05-05,002295
2022-05-19,600455
2022-05-19,688215
2022-05-19,600768
2022-05-19,300736
2022-05-19,603709
2022-05-19,002862
2022-05-19,603958
2022-05-19,000702
2022-05-19,002633
2022-05-19,300417
2022-05-19,300779
2022-05-19,688218
2022-05-19,002209
2022-05-19,603729
2022-05-19,300554
2022-05-19,603286
2022-05-19,600137
2022-05-19,600520
2022-05-19,300665
2022-05-19,688004
2022-05-19,300717
2022-05-19,603725
2022-05-19,300321
2022-05-19,688379
2022-05-19,688679
2022-05-19,002890
2022-05-19,300535
2022-05-19,002652
2022-05-19,688681
2022-05-19,002856
2022-05-19,002112
2022-05-19,688081
2022-05-19,603029
2022-05-19,002899
2022-05-19,688096
2022-05-19,300836
2022-05-19,300807
2022-05-19,688565
2022-05-19,300594
2022-05-19,603860
2022-05-19,603499
2022-05-19,600561
2022-05-19,002719
2022-05-19,002836
2022-05-19,002830
2022-05-19,600539
2022-05-19,300478
2022-05-19,300449
2022-05-19,603161
2022-05-19,300845
2022-05-19,300749
2022-05-19,600493
2022-05-19,603320
2022-05-19,688659
2022-05-19,002849
2022-05-19,300626
2022-05-19,002591
2022-05-19,603679
2022-05-19,688092
2022-05-19,002629
2022-05-19,300743
2022-05-19,300553
2022-05-19,688501
2022-05-19,603042
2022-05-19,002828
2022-05-19,603196
2022-05-19,002767
2022-05-19,688067
2022-05-19,002193
2022-05-19,688517
2022-05-19,688013
2022-05-19,000586
2022-05-19,688038
2022-05-19,002494
2022-05-19,688655
2022-05-19,688616
2022-05-19,603829
2022-05-19,300270
2022-05-19,688600
2022-05-19,000679
2022-05-19,300405
2022-05-19,688118
2022-05-19,688701
2022-05-19,300169
2022-05-19,002691
2022-05-19,002295
2022-05-19,002888
2022-05-19,688395
2022-05-19,002144
2022-05-19,688178
2022-05-19,300521
2022-05-19,688466
2022-05-19,300644
2022-05-19,688260
2022-05-19,603536
2022-05-19,300606
2022-05-19,300210
2022-05-19,002290
2022-05-19,300640
2022-05-19,688109
2022-06-02,600768
2022-06-02,600455
2022-06-02,688215
2022-06-02,603709
2022-06-02,300736
2022-06-02,603958
2022-06-02,002633
2022-06-02,002652
2022-06-02,002862
2022-06-02,300417
2022-06-02,300554
2022-06-02,603729
2022-06-02,600137
2022-06-02,300717
2022-06-02,300779
2022-06-02,300665
2022-06-02,300478
2022-06-02,603286
2022-06-02,600520
2022-06-02,603725
2022-06-02,300321
2022-06-02,002830
2022-06-02,300535
2022-06-02,002890
2022-06-02,000702
2022-06-02,002209
2022-06-02,002899
2022-06-02,000679
2022-06-02,600493
2022-06-02,600539
2022-06-02,688379
2022-06-02,002629
2022-06-02,300845
2022-06-02,688679
2022-06-02,300807
2022-06-02,300749
2022-06-02,300449
2022-06-02,002836
2022-06-02,688004
2022-06-02,300836
2022-06-02,002828
2022-06-02,002591
2022-06-02,300594
2022-06-02,002112
2022-06-02,688096
2022-06-02,300169
2022-06-02,600561
2022-06-02,603679
2022-06-02,603320
2022-06-02,300743
2022-06-02,603029
2022-06-02,603860
2022-06-02,002494
2022-06-02,000586
2022-06-02,688081
2022-06-02,688681
2022-06-02,002849
2022-06-02,603499
2022-06-02,002193
2022-06-02,002767
2022-06-02,688501
2022-06-02,688565
2022-06-02,603196
2022-06-02,688067
2022-06-02,002144
2022-06-02,300626
2022-06-02,300606
2022-06-02,300405
2022-06-02,688659
2022-06-02,603042
2022-06-02,300521
2022-06-02,300640
2022-06-02,688218
2022-06-02,603161
2022-06-02,688701
2022-06-02,688092
2022-06-02,002719
2022-06-02,688013
2022-06-02,300210
2022-06-02,002295
2022-06-02,002290
2022-06-02,300644
2022-06-02,002856
2022-06-02,688178
2022-06-02,688517
2022-06-02,603829
2022-06-02,688616
2022-06-02,300163
2022-06-02,003003
2022-06-02,603863
2022-06-02,300703
2022-06-02,600605
2022-06-02,002861
2022-06-02,002871
2022-06-02,603316
2022-06-02,603880
2022-06-02,002778
2022-06-02,603685
2022-06-02,300789
2022-06-02,300539
2022-06-16,688215
2022-06-16,600768
2022-06-16,600455
2022-06-16,603709
2022-06-16,603729
2022-06-16,300736
2022-06-16,002862
2022-06-16,002633
2022-06-16,002652
2022-06-16,300478
2022-06-16,603958
2022-06-16,600520
2022-06-16,300417
2022-06-16,300779
2022-06-16,002856
2022-06-16,688681
2022-06-16,600137
2022-06-16,300717
2022-06-16,002830
2022-06-16,300665
2022-06-16,688679
2022-06-16,603725
2022-06-16,300321
2022-06-16,603286
2022-06-16,300535
2022-06-16,688379
2022-06-16,002209
2022-06-16,002890
2022-06-16,688067
2022-06-16,000679
2022-06-16,300836
2022-06-16,600539
2022-06-16,300594
2022-06-16,002899
2022-06-16,688004
2022-06-16,300807
2022-06-16,603161
2022-06-16,688081
2022-06-16,600561
2022-06-16,002828
2022-06-16,300749
2022-06-16,603679
2022-06-16,300449
2022-06-16,300845
2022-06-16,688218
2022-06-16,300554
2022-06-16,600493
2022-06-16,603029
2022-06-16,688096
2022-06-16,002112
2022-06-16,000586
2022-06-16,688659
2022-06-16,603499
2022-06-16,603860
2022-06-16,002591
2022-06-16,603320
2022-06-16,002193
2022-06-16,300626
2022-06-16,002767
2022-06-16,688701
2022-06-16,688092
2022-06-16,603196
2022-06-16,688178
2022-06-16,300163
2022-06-16,300743
2022-06-16,002849
2022-06-16,002719
2022-06-16,688517
2022-06-16,300606
2022-06-16,688013
2022-06-16,002494
2022-06-16,688501
2022-06-16,688565
2022-06-16,002629
2022-06-16,002861
2022-06-16,003003
2022-06-16,002871
2022-06-16,300521
2022-06-16,603829
2022-06-16,600605
2022-06-16,603042
2022-06-16,300644
2022-06-16,603863
2022-06-16,300405
2022-06-16,688616
2022-06-16,002295
2022-06-16,300640
2022-06-16,300789
2022-06-16,002144
2022-06-16,603685
2022-06-16,300210
2022-06-16,002778
2022-06-16,603880
2022-06-16,688466
2022-06-16,600250
2022-06-16,301024
2022-06-16,002888
2022-06-16,688038
2022-06-16,002820
2022-06-16,000702
2022-06-30,600455
2022-06-30,688215
2022-06-30,600768
2022-06-30,603729
2022-06-30,603709
2022-06-30,300736
2022-06-30,002209
2022-06-30,300779
2022-06-30,300417
2022-06-30,300478
2022-06-30,002862
2022-06-30,002633
2022-06-30,603958
2022-06-30,002856
2022-06-30,300717
2022-06-30,002719
2022-06-30,600520
2022-06-30,688681
2022-06-30,600137
2022-06-30,688004
2022-06-30,002828
2022-06-30,002830
2022-06-30,688067
2022-06-30,688379
2022-06-30,300665
2022-06-30,688679
2022-06-30,300321
2022-06-30,300535
2022-06-30,000702
2022-06-30,603029
2022-06-30,603860
2022-06-30,688096
2022-06-30,688501
2022-06-30,002629
2022-06-30,603725
2022-06-30,603286
2022-06-30,002899
2022-06-30,600539
2022-06-30,002652
2022-06-30,603161
2022-06-30,300449
2022-06-30,300845
2022-06-30,300807
2022-06-30,600493
2022-06-30,688659
2022-06-30,300554
2022-06-30,300749
2022-06-30,002591
2022-06-30,688092
2022-06-30,688081
2022-06-30,688565
2022-06-30,300594
2022-06-30,603196
2022-06-30,600561
2022-06-30,603679
2022-06-30,002193
2022-06-30,603320
2022-06-30,002890
2022-06-30,688178
2022-06-30,300836
2022-06-30,688013
2022-06-30,603499
2022-06-30,002849
2022-06-30,002767
2022-06-30,688517
2022-06-30,000679
2022-06-30,688701
2022-06-30,000586
2022-06-30,002494
2022-06-30,300743
2022-06-30,300626
2022-06-30,300163
2022-06-30,688466
2022-06-30,300521
2022-06-30,002144
2022-06-30,003003
2022-06-30,002778
2022-06-30,688038
2022-06-30,688218
2022-06-30,603042
2022-06-30,002861
2022-06-30,002295
2022-06-30,301024
2022-06-30,603829
2022-06-30,300789
2022-06-30,300640
2022-06-30,300405
2022-06-30,300210
2022-06-30,002871
2022-06-30,600605
2022-06-30,300606
2022-06-30,600250
2022-06-30,002836
2022-06-30,688118
2022-06-30,603316
2022-06-30,002893
2022-06-30,688500
2022-06-30,300703
2022-06-30,002883
2022-06-30,688109
2022-07-14,002719
2022-07-14,600455
2022-07-14,600768
2022-07-14,688215
2022-07-14,603729
2022-07-14,603709
2022-07-14,300736
2022-07-14,300478
2022-07-14,002862
2022-07-14,300779
2022-07-14,603958
2022-07-14,688004
2022-07-14,300717
2022-07-14,600137
2022-07-14,002828
2022-07-14,688067
2022-07-14,300535
2022-07-14,603286
2022-07-14,002209
2022-07-14,300417
2022-07-14,300665
2022-07-14,002830
2022-07-14,002629
2022-07-14,300321
2022-07-14,688096
2022-07-14,600539
2022-07-14,688379
2022-07-14,688679
2022-07-14,002633
2022-07-14,300845
2022-07-14,688501
2022-07-14,002652
2022-07-14,002899
2022-07-14,002856
2022-07-14,603725
2022-07-14,688659
2022-07-14,688092
2022-07-14,300749
2022-07-14,688038
2022-07-14,688701
2022-07-14,603029
2022-07-14,300807
2022-07-14,603860
2022-07-14,300554
2022-07-14,688565
2022-07-14,000679
2022-07-14,002836
2022-07-14,300521
2022-07-14,600493
2022-07-14,603196
2022-07-14,002890
2022-07-14,688118
2022-07-14,300449
2022-07-14,603499
2022-07-14,002778
2022-07-14,002849
2022-07-14,300836
2022-07-14,688178
2022-07-14,300594
2022-07-14,688500
2022-07-14,603042
2022-07-14,688109
2022-07-14,003003
2022-07-14,600520
2022-07-14,000702
2022-07-14,603316
2022-07-14,000586
2022-07-14,688081
2022-07-14,300163
2022-07-14,603679
2022-07-14,002193
2022-07-14,300640
2022-07-14,688681
2022-07-14,301024
2022-07-14,603320
2022-07-14,600561
2022-07-14,002861
2022-07-14,600605
2022-07-14,300210
2022-07-14,300743
2022-07-14,300789
2022-07-14,300626
2022-07-14,002883
2022-07-14,002494
2022-07-14,688466
2022-07-14,600250
2022-07-14,688013
2022-07-14,688316
2022-07-14,603038
2022-07-14,002820
2022-07-14,688655
2022-07-14,688616
2022-07-14,688367
2022-07-14,688600
2022-07-14,300609
2022-07-14,603037
2022-07-14,300169
2022-07-14,002800
2022-07-14,300644
2022-07-14,300329
2022-07-28,002719
2022-07-28,600768
2022-07-28,603709
2022-07-28,600455
2022-07-28,688215
2022-07-28,603729
2022-07-28,300736
2022-07-28,300478
2022-07-28,603958
2022-07-28,600137
2022-07-28,002862
2022-07-28,688067
2022-07-28,688004
2022-07-28,300779
2022-07-28,300717
2022-07-28,300417
2022-07-28,300535
2022-07-28,300321
2022-07-28,002830
2022-07-28,600539
2022-07-28,688679
2022-07-28,300665
2022-07-28,002899
2022-07-28,002828
2022-07-28,688501
2022-07-28,000702
2022-07-28,603029
2022-07-28,002629
2022-07-28,603725
2022-07-28,688096
2022-07-28,603860
2022-07-28,600493
2022-07-28,688379
2022-07-28,300807
2022-07-28,300845
2022-07-28,688701
2022-07-28,688038
2022-07-28,300749
2022-07-28,002633
2022-07-28,000679
2022-07-28,002652
2022-07-28,688081
2022-07-28,603316
2022-07-28,688681
2022-07-28,600250
2022-07-28,688367
2022-07-28,301024
2022-07-28,002820
2022-07-28,300594
2022-07-28,600561
2022-07-28,600520
2022-07-28,002778
2022-07-28,002890
2022-07-28,688178
2022-07-28,603286
2022-07-28,603042
2022-07-28,603196
2022-07-28,002856
2022-07-28,688092
2022-07-28,300163
2022-07-28,300521
2022-07-28,603499
2022-07-28,002836
2022-07-28,000586
2022-07-28,688500
2022-07-28,688565
2022-07-28,603038
2022-07-28,002849
2022-07-28,603320
2022-07-28,688118
2022-07-28,003003
2022-07-28,688316
2022-07-28,688013
2022-07-28,002494
2022-07-28,002209
2022-07-28,688616
2022-07-28,688466
2022-07-28,002861
2022-07-28,603679
2022-07-28,300609
2022-07-28,300836
2022-07-28,688109
2022-07-28,300169
2022-07-28,002193
2022-07-28,300789
2022-07-28,300743
2022-07-28,300210
2022-07-28,300626
2022-07-28,600605
2022-07-28,600506
2022-07-28,603161
2022-07-28,603536
2022-07-28,688229
2022-07-28,300254
2022-07-28,002858
2022-07-28,002144
2022-07-28,001211
2022-07-28,603685
2022-07-28,300295
2022-07-28,002883
2022-08-11,603729
2022-08-11,603709
2022-08-11,688215
2022-08-11,600455
2022-08-11,600768
2022-08-11,300478
2022-08-11,688096
2022-08-11,300736
2022-08-11,600137
2022-08-11,002862
2022-08-11,688067
2022-08-11,603958
2022-08-11,002899
2022-08-11,300417
2022-08-11,300717
2022-08-11,688004
2022-08-11,600561
2022-08-11,300535
2022-08-11,688679
2022-08-11,002629
2022-08-11,600493
2022-08-11,002828
2022-08-11,300321
2022-08-11,300779
2022-08-11,600539
2022-08-11,600506
2022-08-11,603860
2022-08-11,002652
2022-08-11,002830
2022-08-11,603316
2022-08-11,600250
2022-08-11,603029
2022-08-11,603725
2022-08-11,002209
2022-08-11,000702
2022-08-11,300749
2022-08-11,300845
2022-08-11,002633
2022-08-11,301024
2022-08-11,002883
2022-08-11,603196
2022-08-11,002719
2022-08-11,300665
2022-08-11,002778
2022-08-11,688701
2022-08-11,688178
2022-08-11,002820
2022-08-11,603499
2022-08-11,000679
2022-08-11,688367
2022-08-11,603536
2022-08-11,002494
2022-08-11,300163
2022-08-11,002858
2022-08-11,688013
2022-08-11,003003
2022-08-11,603038
2022-08-11,300836
2022-08-11,002836
2022-08-11,300743
2022-08-11,603320
2022-08-11,300254
2022-08-11,002144
2022-08-11,002849
2022-08-11,688038
2022-08-11,001211
2022-08-11,688565
2022-08-11,688316
2022-08-11,300789
2022-08-11,603161
2022-08-11,688500
2022-08-11,002856
2022-08-11,300295
2022-08-11,300210
2022-08-11,002193
2022-08-11,300169
2022-08-11,300626
2022-08-11,688229
2022-08-11,300594
2022-08-11,600605
2022-08-11,688681
2022-08-11,688092
2022-08-11,688081
2022-08-11,688466
2022-08-11,603679
2022-08-11,600689
2022-08-11,300844
2022-08-11,300621
2022-08-11,300849
2022-08-11,300106
2022-08-11,603880
2022-08-11,002188
2022-08-11,301043
2022-08-11,301070
2022-08-11,000526
2022-08-11,002800
2022-08-11,300022
2022-08-11,300449
2022-08-11,002767
2022-08-11,300521
2022-08-25,688215
2022-08-25,600455
2022-08-25,603709
2022-08-25,600768
2022-08-25,603729
2022-08-25,688096
2022-08-25,300478
2022-08-25,002719
2022-08-25,688004
2022-08-25,600137
2022-08-25,688067
2022-08-25,300736
2022-08-25,300417
2022-08-25,688081
2022-08-25,002862
2022-08-25,002899
2022-08-25,300717
2022-08-25,603029
2022-08-25,603860
2022-08-25,002830
2022-08-25,300535
2022-08-25,688679
2022-08-25,300665
2022-08-25,002652
2022-08-25,688316
2022-08-25,300779
2022-08-25,300321
2022-08-25,300845
2022-08-25,688500
2022-08-25,603725
2022-08-25,301024
2022-08-25,603316
2022-08-25,300749
2022-08-25,600493
2022-08-25,600539
2022-08-25,603958
2022-08-25,688013
2022-08-25,002633
2022-08-25,688229
2022-08-25,688367
2022-08-25,603196
2022-08-25,600250
2022-08-25,300836
2022-08-25,688092
2022-08-25,600506
2022-08-25,603499
2022-08-25,002820
2022-08-25,002858
2022-08-25,600561
2022-08-25,001211
2022-08-25,688178
2022-08-25,300163
2022-08-25,002836
2022-08-25,002883
2022-08-25,603038
2022-08-25,300743
2022-08-25,003003
2022-08-25,002629
2022-08-25,300594
2022-08-25,688038
2022-08-25,300169
2022-08-25,603536
2022-08-25,000679
2022-08-25,300844
2022-08-25,300210
2022-08-25,300254
2022-08-25,300626
2022-08-25,688701
2022-08-25,603320
2022-08-25,002828
2022-08-25,002856
2022-08-25,300449
2022-08-25,301043
2022-08-25,300295
2022-08-25,002188
2022-08-25,603161
2022-08-25,603880
2022-08-25,002494
2022-08-25,688466
2022-08-25,002144
2022-08-25,000526
2022-08-25,300807
2022-08-25,688379
2022-08-25,000586
2022-08-25,688118
2022-08-25,300753
2022-08-25,300609
2022-08-25,688109
2022-08-25,600615
2022-08-25,603042
2022-08-25,300235
2022-08-25,300405
2022-08-25,300329
2022-08-25,603685
2022-08-25,688129
2022-08-25,688528
2022-08-25,300823
2022-08-25,002780
2022-08-25,300923
2022-08-25,300912
2022-09-08,688215
2022-09-08,688004
2022-09-08,603729
2022-09-08,600455
2022-09-08,688081
2022-09-08,603709
2022-09-08,600768
2022-09-08,002719
2022-09-08,300478
2022-09-08,688096
2022-09-08,688067
2022-09-08,688316
2022-09-08,600137
2022-09-08,300417
2022-09-08,300665
2022-09-08,688367
2022-09-08,300736
2022-09-08,603029
2022-09-08,300321
2022-09-08,688092
2022-09-08,002862
2022-09-08,688379
2022-09-08,300535
2022-09-08,002830
2022-09-08,002633
2022-09-08,002652
2022-09-08,300717
2022-09-08,300594
2022-09-08,300807
2022-09-08,603958
2022-09-08,002899
2022-09-08,603860
2022-09-08,301024
2022-09-08,300836
2022-09-08,688500
2022-09-08,688701
2022-09-08,300779
2022-09-08,688038
2022-09-08,688118
2022-09-08,300845
2022-09-08,300912
2022-09-08,300749
2022-09-08,300626
2022-09-08,603499
2022-09-08,600539
2022-09-08,688109
2022-09-08,688013
2022-09-08,603725
2022-09-08,603316
2022-09-08,688229
2022-09-08,300449
2022-09-08,603196
2022-09-08,600493
2022-09-08,300753
2022-09-08,002856
2022-09-08,603320
2022-09-08,002188
2022-09-08,600506
2022-09-08,300169
2022-09-08,688129
2022-09-08,600250
2022-09-08,002883
2022-09-08,688679
2022-09-08,603038
2022-09-08,600561
2022-09-08,300235
2022-09-08,688178
2022-09-08,001211
2022-09-08,300210
2022-09-08,603536
2022-09-08,300254
2022-09-08,300163
2022-09-08,603042
2022-09-08,003003
2022-09-08,002836
2022-09-08,688466
2022-09-08,603880
2022-09-08,300329
2022-09-08,301043
2022-09-08,688528
2022-09-08,300923
2022-09-08,300823
2022-09-08,300609
2022-09-08,000586
2022-09-08,603685
2022-09-08,300405
2022-09-08,300295
2022-09-08,688681
2022-09-08,603679
2022-09-08,300521
2022-09-08,301070
2022-09-08,002778
2022-09-08,603286
2022-09-08,300995
2022-09-08,688655
2022-09-08,002849
2022-09-08,688159
2022-09-08,002861
2022-09-08,688616
2022-09-08,688310
2022-09-22,688215
2022-09-22,688004
2022-09-22,600455
2022-09-22,603729
2022-09-22,603709
2022-09-22,600768
2022-09-22,300478
2022-09-22,688081
2022-09-22,002719
2022-09-22,688096
2022-09-22,688067
2022-09-22,600137
2022-09-22,300417
2022-09-22,688316
2022-09-22,603029
2022-09-22,300321
2022-09-22,300665
2022-09-22,688367
2022-09-22,300535
2022-09-22,688701
2022-09-22,300717
2022-09-22,603860
2022-09-22,300807
2022-09-22,603958
2022-09-22,300594
2022-09-22,300836
2022-09-22,002899
2022-09-22,002856
2022-09-22,688092
2022-09-22,688379
2022-09-22,603499
2022-09-22,301024
2022-09-22,300626
2022-09-22,300749
2022-09-22,688681
2022-09-22,600493
2022-09-22,300779
2022-09-22,300169
2022-09-22,002830
2022-09-22,688038
2022-09-22,603679
2022-09-22,300736
2022-09-22,603320
2022-09-22,603725
2022-09-22,300521
2022-09-22,688013
2022-09-22,603316
2022-09-22,002652
2022-09-22,688109
2022-09-22,300254
2022-09-22,688500
2022-09-22,300210
2022-09-22,600561
2022-09-22,688178
2022-09-22,300912
2022-09-22,300753
2022-09-22,603042
2022-09-22,688129
2022-09-22,301070
2022-09-22,688159
2022-09-22,688679
2022-09-22,600506
2022-09-22,300405
2022-09-22,600539
2022-09-22,688655
2022-09-22,300845
2022-09-22,603286
2022-09-22,300449
2022-09-22,300995
2022-09-22,002862
2022-09-22,600250
2022-09-22,603196
2022-09-22,002883
2022-09-22,300329
2022-09-22,688310
2022-09-22,000586
2022-09-22,688229
2022-09-22,603038
2022-09-22,300923
2022-09-22,603880
2022-09-22,300235
2022-09-22,002861
2022-09-22,301043
2022-09-22,688528
2022-09-22,001211
2022-09-22,603536
2022-09-22,003003
2022-09-22,002836
2022-09-22,603685
2022-09-22,300823
2022-09-22,300163
2022-09-22,300743
2022-09-22,002209
2022-09-22,002767
2022-09-22,300844
2022-09-22,002820
2022-09-22,300644
2022-09-22,300270
2022-09-22,300637
2022-09-22,002494
2022-10-10,688215
2022-10-10,688004
2022-10-10,600768
2022-10-10,600455
2022-10-10,688081
2022-10-10,603729
2022-10-10,603709
2022-10-10,002719
2022-10-10,688096
2022-10-10,688316
2022-10-10,300417
2022-10-10,688701
2022-10-10,300321
2022-10-10,300478
2022-10-10,300535
2022-10-10,688067
2022-10-10,603029
2022-10-10,002856
2022-10-10,300717
2022-10-10,603860
2022-10-10,688092
2022-10-10,300807
2022-10-10,002652
2022-10-10,300836
2022-10-10,300779
2022-10-10,300665
2022-10-10,688379
2022-10-10,600137
2022-10-10,300169
2022-10-10,603499
2022-10-10,688367
2022-10-10,603958
2022-10-10,300626
2022-10-10,600493
2022-10-10,300594
2022-10-10,002830
2022-10-10,300521
2022-10-10,688500
2022-10-10,688681
2022-10-10,603286
2022-10-10,603725
2022-10-10,603316
2022-10-10,688159
2022-10-10,600506
2022-10-10,300845
2022-10-10,600561
2022-10-10,300912
2022-10-10,002209
2022-10-10,301024
2022-10-10,600250
2022-10-10,688038
2022-10-10,603320
2022-10-10,300995
2022-10-10,688655
2022-10-10,688229
2022-10-10,300405
2022-10-10,300210
2022-10-10,300449
2022-10-10,688178
2022-10-10,300235
2022-10-10,301070
2022-10-10,000586
2022-10-10,603038
2022-10-10,300743
2022-10-10,688109
2022-10-10,603042
2022-10-10,300749
2022-10-10,002899
2022-10-10,300163
2022-10-10,002767
2022-10-10,300844
2022-10-10,300923
2022-10-10,300254
2022-10-10,001211
2022-10-10,002862
2022-10-10,300329
2022-10-10,300823
2022-10-10,002861
2022-10-10,300644
2022-10-10,688129
2022-10-10,300736
2022-10-10,603536
2022-10-10,300270
2022-10-10,300753
2022-10-10,002836
2022-10-10,003003
2022-10-10,002494
2022-10-10,603679
2022-10-10,002820
2022-10-10,002633
2022-10-10,688616
2022-10-10,300609
2022-10-10,300606
2022-10-10,300669
2022-10-10,300549
2022-10-10,688466
2022-10-10,688272
2022-10-10,688021
2022-10-10,300295
2022-10-10,603037
2022-10-20,688004
2022-10-20,688215
2022-10-20,603709
2022-10-20,603729
2022-10-20,600768
2022-10-20,600455
2022-10-20,688081
2022-10-20,300478
2022-10-20,002719
2022-10-20,688096
2022-10-20,300535
2022-10-20,688701
2022-10-20,300321
2022-10-20,002856
2022-10-20,603958
2022-10-20,300417
2022-10-20,688067
2022-10-20,002633
2022-10-20,603860
2022-10-20,300717
2022-10-20,603029
2022-10-20,600137
2022-10-20,300836
2022-10-20,300665
2022-10-20,600493
2022-10-20,603499
2022-10-20,600561
2022-10-20,688316
2022-10-20,300807
2022-10-20,002652
2022-10-20,300594
2022-10-20,688367
2022-10-20,688379
2022-10-20,300169
2022-10-20,688092
2022-10-20,300736
2022-10-20,603316
2022-10-20,600250
2022-10-20,300626
2022-10-20,603725
2022-10-20,603286
2022-10-20,688500
2022-10-20,688681
2022-10-20,300779
2022-10-20,002830
2022-10-20,300749
2022-10-20,688178
2022-10-20,603038
2022-10-20,300912
2022-10-20,600506
2022-10-20,300210
2022-10-20,688038
2022-10-20,002899
2022-10-20,603320
2022-10-20,300521
2022-10-20,300844
2022-10-20,300163
2022-10-20,002209
2022-10-20,688159
2022-10-20,001211
2022-10-20,300995
2022-10-20,688229
2022-10-20,300405
2022-10-20,603536
2022-10-20,301024
2022-10-20,002820
2022-10-20,300923
2022-10-20,301070
2022-10-20,603679
2022-10-20,002862
2022-10-20,688466
2022-10-20,300329
2022-10-20,300449
2022-10-20,688129
2022-10-20,300743
2022-10-20,000586
2022-10-20,300823
2022-10-20,300644
2022-10-20,688655
2022-10-20,300295
2022-10-20,688616
2022-10-20,300669
2022-10-20,002861
2022-10-20,603037
2022-10-20,688109
2022-10-20,002767
2022-10-20,688021
2022-10-20,600593
2022-10-20,002883
2022-10-20,301043
2022-10-20,002890
2022-10-20,688679
2022-10-20,000679
2022-10-20,301052
2022-10-20,688528
2022-10-20,300929
2022-10-20,000702
2022-10-20,600689
2022-10-20,002295
2022-10-20,003003
2022-11-03,603729
2022-11-03,603709
2022-11-03,600768
2022-11-03,300478
2022-11-03,688215
2022-11-03,600455
2022-11-03,002719
2022-11-03,688701
2022-11-03,688004
2022-11-03,002856
2022-11-03,300535
2022-11-03,300321
2022-11-03,603958
2022-11-03,002652
2022-11-03,688379
2022-11-03,688096
2022-11-03,600137
2022-11-03,600561
2022-11-03,002633
2022-11-03,688067
2022-11-03,300417
2022-11-03,600493
2022-11-03,603860
2022-11-03,300836
2022-11-03,300594
2022-11-03,688081
2022-11-03,603286
2022-11-03,603725
2022-11-03,603316
2022-11-03,300169
2022-11-03,300717
2022-11-03,300626
2022-11-03,001211
2022-11-03,600506
2022-11-03,603499
2022-11-03,688367
2022-11-03,300779
2022-11-03,300210
2022-11-03,300749
2022-11-03,300912
2022-11-03,300736
2022-11-03,600250
2022-11-03,688092
2022-11-03,300163
2022-11-03,300665
2022-11-03,688679
2022-11-03,688681
2022-11-03,002899
2022-11-03,002830
2022-11-03,603038
2022-11-03,300807
2022-11-03,000702
2022-11-03,300929
2022-11-03,300405
2022-11-03,300521
2022-11-03,300844
2022-11-03,688178
2022-11-03,688038
2022-11-03,688500
2022-11-03,002862
2022-11-03,002209
2022-11-03,002820
2022-11-03,688129
2022-11-03,300295
2022-11-03,301070
2022-11-03,300449
2022-11-03,300329
2022-11-03,300823
2022-11-03,301043
2022-11-03,688159
2022-11-03,600689
2022-11-03,603320
2022-11-03,688466
2022-11-03,300995
2022-11-03,603536
2022-11-03,000586
2022-11-03,300669
2022-11-03,002295
2022-11-03,603679
2022-11-03,301052
2022-11-03,300743
2022-11-03,688316
2022-11-03,300923
2022-11-03,002883
2022-11-03,000679
2022-11-03,300644
2022-11-03,600593
2022-11-03,002193
2022-11-03,600539
2022-11-03,002494
2022-11-03,300789
2022-11-03,300069
2022-11-03,688565
2022-11-03,300084
2022-11-03,300621
2022-11-03,300254
2022-11-03,603042
2022-11-03,300920
2022-11-03,300854
2022-11-03,002780
2022-11-17,688215
2022-11-17,603709
2022-11-17,300478
2022-11-17,600768
2022-11-17,603729
2022-11-17,600455
2022-11-17,688701
2022-11-17,688004
2022-11-17,002719
2022-11-17,300535
2022-11-17,688096
2022-11-17,688067
2022-11-17,688081
2022-11-17,002856
2022-11-17,300321
2022-11-17,300836
2022-11-17,603958
2022-11-17,600137
2022-11-17,002633
2022-11-17,688367
2022-11-17,600493
2022-11-17,688681
2022-11-17,300417
2022-11-17,603286
2022-11-17,688379
2022-11-17,002652
2022-11-17,600506
2022-11-17,300717
2022-11-17,600561
2022-11-17,300626
2022-11-17,603316
2022-11-17,300169
2022-11-17,300210
2022-11-17,300594
2022-11-17,300665
2022-11-17,600539
2022-11-17,603725
2022-11-17,688679
2022-11-17,300807
2022-11-17,300749
2022-11-17,688178
2022-11-17,002899
2022-11-17,001211
2022-11-17,300736
2022-11-17,688092
2022-11-17,300069
2022-11-17,002830
2022-11-17,300844
2022-11-17,603499
2022-11-17,688129
2022-11-17,603860
2022-11-17,603038
2022-11-17,300929
2022-11-17,688038
2022-11-17,688500
2022-11-17,002209
2022-11-17,300163
2022-11-17,603320
2022-11-17,301070
2022-11-17,300521
2022-11-17,300789
2022-11-17,002820
2022-11-17,000586
2022-11-17,300405
2022-11-17,300995
2022-11-17,688159
2022-11-17,300644
2022-11-17,300449
2022-11-17,300923
2022-11-17,000702
2022-11-17,301043
2022-11-17,002883
2022-11-17,688466
2022-11-17,002494
2022-11-17,002862
2022-11-17,300823
2022-11-17,688316
2022-11-17,603042
2022-11-17,300669
2022-11-17,300329
2022-11-17,600250
2022-11-17,002295
2022-11-17,603536
2022-11-17,300854
2022-11-17,300084
2022-11-17,600689
2022-11-17,300743
2022-11-17,301024
2022-11-17,301079
2022-11-17,300637
2022-11-17,603685
2022-11-17,002861
2022-11-17,603037
2022-11-17,300106
2022-11-17,688655
2022-11-17,688517
2022-11-17,688395
2022-11-17,002890
2022-11-17,300549
2022-11-17,002875
2022-12-01,688701
2022-12-01,688215
2022-12-01,688004
2022-12-01,600768
2022-12-01,603729
2022-12-01,603709
2022-12-01,300478
2022-12-01,600455
2022-12-01,688067
2022-12-01,002719
2022-12-01,300836
2022-12-01,300535
2022-12-01,688096
2022-12-01,300321
2022-12-01,002856
2022-12-01,688081
2022-12-01,688367
2022-12-01,688681
2022-12-01,300417
2022-12-01,688379
2022-12-01,002633
2022-12-01,603286
2022-12-01,688092
2022-12-01,600137
2022-12-01,688038
2022-12-01,300169
2022-12-01,688159
2022-12-01,300807
2022-12-01,603958
2022-12-01,688500
2022-12-01,300449
2022-12-01,301024
2022-12-01,600539
2022-12-01,300626
2022-12-01,300521
2022-12-01,300665
2022-12-01,688316
2022-12-01,300717
2022-12-01,300210
2022-12-01,688679
2022-12-01,603725
2022-12-01,603316
2022-12-01,002830
2022-12-01,600493
2022-12-01,300749
2022-12-01,600561
2022-12-01,001211
2022-12-01,300995
2022-12-01,300789
2022-12-01,603860
2022-12-01,300844
2022-12-01,002899
2022-12-01,603038
2022-12-01,300069
2022-12-01,603320
2022-12-01,300163
2022-12-01,688178
2022-12-01,688466
2022-12-01,300644
2022-12-01,301070
2022-12-01,300929
2022-12-01,300405
2022-12-01,301079
2022-12-01,603042
2022-12-01,688395
2022-12-01,300823
2022-12-01,300923
2022-12-01,002652
2022-12-01,002209
2022-12-01,603499
2022-12-01,300669
2022-12-01,688129
2022-12-01,688655
2022-12-01,600506
2022-12-01,002820
2022-12-01,002861
2022-12-01,300743
2022-12-01,000702
2022-12-01,600689
2022-12-01,603685
2022-12-01,300637
2022-12-01,300329
2022-12-01,002494
2022-12-01,300854
2022-12-01,603037
2022-12-01,688272
2022-12-01,688565
2022-12-01,688229
2022-12-01,688328
2022-12-01,300920
2022-12-01,688109
2022-12-01,002193
2022-12-01,300220
2022-12-01,300254
2022-12-01,301001
2022-12-01,300270
2022-12-01,688616
2022-12-01,300509
2022-12-01,300886
2022-12-01,300931
2022-12-15,688701
2022-12-15,688004
2022-12-15,688215
2022-12-15,300478
2022-12-15,603709
2022-12-15,688081
2022-12-15,603729
2022-12-15,600768
2022-12-15,600455
2022-12-15,300836
2022-12-15,688096
2022-12-15,300417
2022-12-15,002719
2022-12-15,300321
2022-12-15,688067
2022-12-15,688681
2022-12-15,688367
2022-12-15,002856
2022-12-15,603286
2022-12-15,688159
2022-12-15,688092
2022-12-15,301024
2022-12-15,002633
2022-12-15,688038
2022-12-15,300169
2022-12-15,002652
2022-12-15,300521
2022-12-15,300449
2022-12-15,603958
2022-12-15,688316
2022-12-15,300210
2022-12-15,688679
2022-12-15,300626
2022-12-15,300807
2022-12-15,300665
2022-12-15,688565
2022-12-15,300535
2022-12-15,688229
2022-12-15,603725
2022-12-15,600137
2022-12-15,000702
2022-12-15,300929
2022-12-15,300844
2022-12-15,300163
2022-12-15,300717
2022-12-15,688178
2022-12-15,300789
2022-12-15,300749
2022-12-15,300069
2022-12-15,002899
2022-12-15,603038
2022-12-15,603042
2022-12-15,688272
2022-12-15,603316
2022-12-15,300823
2022-12-15,301070
2022-12-15,688109
2022-12-15,301079
2022-12-15,688395
2022-12-15,300644
2022-12-15,002830
2022-12-15,600539
2022-12-15,688129
2022-12-15,300923
2022-12-15,688466
2022-12-15,300405
2022-12-15,001211
2022-12-15,600506
2022-12-15,603499
2022-12-15,688379
2022-12-15,603320
2022-12-15,300854
2022-12-15,300669
2022-12-15,600561
2022-12-15,688616
2022-12-15,300220
2022-12-15,300637
2022-12-15,300931
2022-12-15,002209
2022-12-15,002861
2022-12-15,603860
2022-12-15,688655
2022-12-15,300743
2022-12-15,300270
2022-12-15,603685
2022-12-15,600689
2022-12-15,688500
2022-12-15,300886
2022-12-15,603037
2022-12-15,688517
2022-12-15,300912
2022-12-15,301043
2022-12-15,300606
2022-12-15,301052
2022-12-15,000586
2022-12-15,300295
2022-12-15,300549
2022-12-15,688171
2022-12-15,300826
2022-12-15,300984
2022-12-29,688701
2022-12-29,688004
2022-12-29,300478
2022-12-29,688215
2022-12-29,603729
2022-12-29,603709
2022-12-29,600768
2022-12-29,688081
2022-12-29,688067
2022-12-29,300836
2022-12-29,688096
2022-12-29,300321
2022-12-29,300417
2022-12-29,002856
2022-12-29,688316
2022-12-29,688159
2022-12-29,300535
2022-12-29,688681
2022-12-29,300169
2022-12-29,600455
2022-12-29,603286
2022-12-29,688038
2022-12-29,688092
2022-12-29,603958
2022-12-29,300449
2022-12-29,688367
2022-12-29,002652
2022-12-29,300807
2022-12-29,301024
2022-12-29,688679
2022-12-29,300665
2022-12-29,688565
2022-12-29,300521
2022-12-29,300626
2022-12-29,300210
2022-12-29,600137
2022-12-29,688379
2022-12-29,603725
2022-12-29,300163
2022-12-29,300717
2022-12-29,300844
2022-12-29,600539
2022-12-29,300789
2022-12-29,002633
2022-12-29,000702
2022-12-29,603042
2022-12-29,300749
2022-12-29,603038
2022-12-29,688272
2022-12-29,688178
2022-12-29,300644
2022-12-29,300929
2022-12-29,002899
2022-12-29,002830
2022-12-29,300823
2022-12-29,300069
2022-12-29,300912
2022-12-29,300854
2022-12-29,688109
2022-12-29,603316
2022-12-29,300405
2022-12-29,300637
2022-12-29,688229
2022-12-29,603499
2022-12-29,688655
2022-12-29,603320
2022-12-29,688466
2022-12-29,002209
2022-12-29,301070
2022-12-29,300923
2022-12-29,603860
2022-12-29,300669
2022-12-29,301079
2022-12-29,688395
2022-12-29,002861
2022-12-29,300220
2022-12-29,301052
2022-12-29,300931
2022-12-29,688517
2022-12-29,001211
2022-12-29,300984
2022-12-29,688616
2022-12-29,603685
2022-12-29,300743
2022-12-29,688171
2022-12-29,300606
2022-12-29,301043
2022-12-29,300270
2022-12-29,600561
2022-12-29,000586
2022-12-29,688129
2022-12-29,300886
2022-12-29,300995
2022-12-29,300920
2022-12-29,300594
2022-12-29,301178
2022-12-29,688013
2022-12-29,002890
2022-12-29,301037
2022-12-29,300509
2023-01-12,688701
2023-01-12,300478
2023-01-12,600768
2023-01-12,688004
2023-01-12,688081
2023-01-12,603729
2023-01-12,688215
2023-01-12,603709
2023-01-12,688067
2023-01-12,688565
2023-01-12,688096
2023-01-12,002856
2023-01-12,300321
2023-01-12,300417
2023-01-12,300535
2023-01-12,300836
2023-01-12,002652
2023-01-12,688316
2023-01-12,300169
2023-01-12,301024
2023-01-12,603958
2023-01-12,002633
2023-01-12,688159
2023-01-12,300665
2023-01-12,688038
2023-01-12,600137
2023-01-12,688681
2023-01-12,600455
2023-01-12,300210
2023-01-12,688367
2023-01-12,688092
2023-01-12,688679
2023-01-12,300844
2023-01-12,300449
2023-01-12,600539
2023-01-12,603286
2023-01-12,000702
2023-01-12,002899
2023-01-12,300163
2023-01-12,300807
2023-01-12,603725
2023-01-12,300626
2023-01-12,688272
2023-01-12,300789
2023-01-12,300929
2023-01-12,300995
2023-01-12,300069
2023-01-12,300823
2023-01-12,300405
2023-01-12,600561
2023-01-12,300644
2023-01-12,300717
2023-01-12,603038
2023-01-12,688178
2023-01-12,300912
2023-01-12,688109
2023-01-12,300854
2023-01-12,603860
2023-01-12,688229
2023-01-12,603042
2023-01-12,001211
2023-01-12,300669
2023-01-12,300637
2023-01-12,688466
2023-01-12,300923
2023-01-12,301070
2023-01-12,002830
2023-01-12,688395
2023-01-12,603685
2023-01-12,301043
2023-01-12,300931
2023-01-12,002861
2023-01-12,688655
2023-01-12,300920
2023-01-12,301079
2023-01-12,301052
2023-01-12,300749
2023-01-12,300984
2023-01-12,300270
2023-01-12,301037
2023-01-12,688379
2023-01-12,688013
2023-01-12,301178
2023-01-12,002209
2023-01-12,300220
2023-01-12,603316
2023-01-12,688129
2023-01-12,300509
2023-01-12,300743
2023-01-12,688517
2023-01-12,002890
2023-01-12,600493
2023-01-12,000890
2023-01-12,600250
2023-01-12,603536
2023-01-12,301001
2023-01-12,301036
2023-01-12,300906
2023-01-12,300992
2023-01-12,300521
2023-01-30,688701
2023-01-30,300478
2023-01-30,603729
2023-01-30,603709
2023-01-30,600768
2023-01-30,688004
2023-01-30,688215
2023-01-30,688096
2023-01-30,688067
2023-01-30,688565
2023-01-30,300535
2023-01-30,300417
2023-01-30,002856
2023-01-30,300321
2023-01-30,002652
2023-01-30,603958
2023-01-30,300836
2023-01-30,688367
2023-01-30,301024
2023-01-30,300665
2023-01-30,688081
2023-01-30,688159
2023-01-30,603286
2023-01-30,600455
2023-01-30,002633
2023-01-30,300169
2023-01-30,300210
2023-01-30,688038
2023-01-30,688681
2023-01-30,600137
2023-01-30,688679
2023-01-30,600539
2023-01-30,300626
2023-01-30,002899
2023-01-30,688316
2023-01-30,300163
2023-01-30,688092
2023-01-30,000702
2023-01-30,603725
2023-01-30,300929
2023-01-30,300449
2023-01-30,600561
2023-01-30,300717
2023-01-30,300807
2023-01-30,300069
2023-01-30,600493
2023-01-30,300844
2023-01-30,001211
2023-01-30,300823
2023-01-30,300995
2023-01-30,300405
2023-01-30,300854
2023-01-30,300912
2023-01-30,603042
2023-01-30,603038
2023-01-30,300644
2023-01-30,301070
2023-01-30,300749
2023-01-30,300637
2023-01-30,688109
2023-01-30,688466
2023-01-30,300669
2023-01-30,603860
2023-01-30,603316
2023-01-30,002830
2023-01-30,688379
2023-01-30,688229
2023-01-30,603536
2023-01-30,300923
2023-01-30,301043
2023-01-30,000890
2023-01-30,603685
2023-01-30,300931
2023-01-30,688129
2023-01-30,002861
2023-01-30,688178
2023-01-30,300920
2023-01-30,300984
2023-01-30,301001
2023-01-30,688272
2023-01-30,301037
2023-01-30,300220
2023-01-30,688013
2023-01-30,688655
2023-01-30,301036
2023-01-30,301178
2023-01-30,688395
2023-01-30,300743
2023-01-30,301052
2023-01-30,300992
2023-01-30,002890
2023-01-30,300509
2023-01-30,300254
2023-01-30,603320
2023-01-30,000692
2023-01-30,300606
2023-01-30,300549
2023-01-30,600615
2023-01-30,003017
2023-01-30,603037
2023-02-09,688701
2023-02-09,300478
2023-02-09,603729
2023-02-09,603709
2023-02-09,688096
2023-02-09,688067
2023-02-09,002856
2023-02-09,688215
2023-02-09,688565
2023-02-09,300417
2023-02-09,002652
2023-02-09,600455
2023-02-09,603958
2023-02-09,300321
2023-02-09,300535
2023-02-09,300836
2023-02-09,301024
2023-02-09,600768
2023-02-09,300665
2023-02-09,600137
2023-02-09,688367
2023-02-09,300169
2023-02-09,688004
2023-02-09,603286
2023-02-09,603725
2023-02-09,300626
2023-02-09,300210
2023-02-09,600539
2023-02-09,002633
2023-02-09,300929
2023-02-09,688679
2023-02-09,000702
2023-02-09,300163
2023-02-09,688159
2023-02-09,300844
2023-02-09,300717
2023-02-09,600493
2023-02-09,688092
2023-02-09,001211
2023-02-09,600561
2023-02-09,300823
2023-02-09,300854
2023-02-09,300069
2023-02-09,688681
2023-02-09,688178
2023-02-09,603860
2023-02-09,300254
2023-02-09,300995
2023-02-09,603038
2023-02-09,300749
2023-02-09,603316
2023-02-09,002899
2023-02-09,300807
2023-02-09,688038
2023-02-09,300912
2023-02-09,300405
2023-02-09,301070
2023-02-09,688081
2023-02-09,603536
2023-02-09,300669
2023-02-09,300923
2023-02-09,301043
2023-02-09,002830
2023-02-09,300931
2023-02-09,603042
2023-02-09,300984
2023-02-09,300637
2023-02-09,688129
2023-02-09,688466
2023-02-09,000890
2023-02-09,603685
2023-02-09,688272
2023-02-09,300644
2023-02-09,600615
2023-02-09,603320
2023-02-09,301037
2023-02-09,000692
2023-02-09,301036
2023-02-09,300920
2023-02-09,300992
2023-02-09,688395
2023-02-09,688013
2023-02-09,003017
2023-02-09,002890
2023-02-09,688655
2023-02-09,688109
2023-02-09,300743
2023-02-09,002861
2023-02-09,300606
2023-02-09,300220
2023-02-09,600593
2023-02-09,600543
2023-02-09,600689
2023-02-09,301098
2023-02-09,300906
2023-02-09,688448
2023-02-09,600250
2023-02-09,300865
2023-02-09,002893
2023-02-09,300635
2023-02-23,688701
2023-02-23,300478
2023-02-23,603729
2023-02-23,688215
2023-02-23,688096
2023-02-23,002856
2023-02-23,688067
2023-02-23,688565
2023-02-23,603709
2023-02-23,002652
2023-02-23,300417
2023-02-23,600455
2023-02-23,300535
2023-02-23,300321
2023-02-23,600768
2023-02-23,603958
2023-02-23,300665
2023-02-23,300169
2023-02-23,600137
2023-02-23,300210
2023-02-23,603286
2023-02-23,002633
2023-02-23,603725
2023-02-23,688367
2023-02-23,300626
2023-02-23,688004
2023-02-23,600539
2023-02-23,688038
2023-02-23,300836
2023-02-23,300163
2023-02-23,603860
2023-02-23,688092
2023-02-23,000702
2023-02-23,300929
2023-02-23,300717
2023-02-23,603316
2023-02-23,688679
2023-02-23,300807
2023-02-23,301024
2023-02-23,001211
2023-02-23,600493
2023-02-23,300405
2023-02-23,300995
2023-02-23,300823
2023-02-23,002899
2023-02-23,688081
2023-02-23,300069
2023-02-23,600561
2023-02-23,300844
2023-02-23,300854
2023-02-23,688159
2023-02-23,603038
2023-02-23,300254
2023-02-23,000890
2023-02-23,603042
2023-02-23,300637
2023-02-23,688178
2023-02-23,301043
2023-02-23,300220
2023-02-23,603320
2023-02-23,300931
2023-02-23,300749
2023-02-23,002830
2023-02-23,688681
2023-02-23,300923
2023-02-23,603536
2023-02-23,301070
2023-02-23,002890
2023-02-23,688129
2023-02-23,300992
2023-02-23,603685
2023-02-23,300920
2023-02-23,688109
2023-02-23,301037
2023-02-23,600689
2023-02-23,301036
2023-02-23,300743
2023-02-23,301098
2023-02-23,600593
2023-02-23,300984
2023-02-23,688448
2023-02-23,300669
2023-02-23,600250
2023-02-23,600615
2023-02-23,688655
2023-02-23,003017
2023-02-23,300906
2023-02-23,688272
2023-02-23,300635
2023-02-23,688013
2023-02-23,002893
2023-02-23,688379
2023-02-23,301001
2023-02-23,688171
2023-02-23,301052
2023-02-23,002883
2023-02-23,688316
2023-02-23,000586
2023-02-23,301125
2023-02-23,002862
2023-03-09,688701
2023-03-09,300478
2023-03-09,603729
2023-03-09,603709
2023-03-09,688215
2023-03-09,688565
2023-03-09,688096
2023-03-09,688067
2023-03-09,600768
2023-03-09,603958
2023-03-09,002652
2023-03-09,002856
2023-03-09,600455
2023-03-09,300169
2023-03-09,300321
2023-03-09,300535
2023-03-09,300417
2023-03-09,600137
2023-03-09,603286
2023-03-09,300836
2023-03-09,603725
2023-03-09,300210
2023-03-09,002633
2023-03-09,000702
2023-03-09,300665
2023-03-09,600539
2023-03-09,300626
2023-03-09,688367
2023-03-09,300069
2023-03-09,300163
2023-03-09,300717
2023-03-09,300254
2023-03-09,688679
2023-03-09,688092
2023-03-09,001211
2023-03-09,688081
2023-03-09,600493
2023-03-09,300929
2023-03-09,688178
2023-03-09,301024
2023-03-09,300405
2023-03-09,002899
2023-03-09,300749
2023-03-09,300854
2023-03-09,300995
2023-03-09,603320
2023-03-09,603038
2023-03-09,600561
2023-03-09,300823
2023-03-09,688681
2023-03-09,603536
2023-03-09,300807
2023-03-09,603316
2023-03-09,300220
2023-03-09,002890
2023-03-09,688004
2023-03-09,300984
2023-03-09,688379
2023-03-09,688038
2023-03-09,002830
2023-03-09,300923
2023-03-09,688129
2023-03-09,600615
2023-03-09,300920
2023-03-09,301043
2023-03-09,600250
2023-03-09,600689
2023-03-09,301037
2023-03-09,300992
2023-03-09,002862
2023-03-09,300669
2023-03-09,688272
2023-03-09,300931
2023-03-09,002893
2023-03-09,301001
2023-03-09,600593
2023-03-09,300637
2023-03-09,003017
2023-03-09,301052
2023-03-09,301125
2023-03-09,688109
2023-03-09,000890
2023-03-09,688655
2023-03-09,600543
2023-03-09,002828
2023-03-09,002861
2023-03-09,300644
2023-03-09,002494
2023-03-09,000692
2023-03-09,002295
2023-03-09,300886
2023-03-09,600883
2023-03-09,300329
2023-03-09,300106
2023-03-09,300549
2023-03-09,603139
2023-03-09,688395
2023-03-09,603037
2023-03-09,300022
2023-03-09,603332
2023-03-23,688701
2023-03-23,300478
2023-03-23,688215
2023-03-23,603709
2023-03-23,688565
2023-03-23,603729
2023-03-23,002652
2023-03-23,002856
2023-03-23,603958
2023-03-23,688096
2023-03-23,688067
2023-03-23,300169
2023-03-23,600768
2023-03-23,603286
2023-03-23,688272
2023-03-23,300417
2023-03-23,300321
2023-03-23,600137
2023-03-23,000702
2023-03-23,300535
2023-03-23,603725
2023-03-23,600455
2023-03-23,300210
2023-03-23,002633
2023-03-23,688367
2023-03-23,300836
2023-03-23,300163
2023-03-23,300254
2023-03-23,300665
2023-03-23,688081
2023-03-23,300069
2023-03-23,301024
2023-03-23,688092
2023-03-23,300405
2023-03-23,300717
2023-03-23,300929
2023-03-23,600561
2023-03-23,600493
2023-03-23,300626
2023-03-23,300854
2023-03-23,001211
2023-03-23,688681
2023-03-23,600543
2023-03-23,603536
2023-03-23,000692
2023-03-23,600539
2023-03-23,603316
2023-03-23,688178
2023-03-23,300749
2023-03-23,300823
2023-03-23,002899
2023-03-23,603038
2023-03-23,600615
2023-03-23,603320
2023-03-23,688679
2023-03-23,688379
2023-03-23,300984
2023-03-23,300992
2023-03-23,002890
2023-03-23,688129
2023-03-23,002830
2023-03-23,301043
2023-03-23,688395
2023-03-23,600883
2023-03-23,300807
2023-03-23,603139
2023-03-23,600593
2023-03-23,300644
2023-03-23,300923
2023-03-23,002893
2023-03-23,003017
2023-03-23,300106
2023-03-23,002295
2023-03-23,300920
2023-03-23,300995
2023-03-23,301037
2023-03-23,300329
2023-03-23,600689
2023-03-23,002494
2023-03-23,300886
2023-03-23,603332
2023-03-23,600250
2023-03-23,300220
2023-03-23,002862
2023-03-23,301125
2023-03-23,002629
2023-03-23,603880
2023-03-23,300849
2023-03-23,300521
2023-03-23,301131
2023-03-23,603356
2023-03-23,300753
2023-03-23,301098
2023-03-23,605318
2023-03-23,300013
2023-03-23,002921
2023-03-23,002207
2023-03-23,688528
2023-03-23,603608
2023-03-23,002778
2023-04-06,688701
2023-04-06,300478
2023-04-06,603709
2023-04-06,002652
2023-04-06,603729
2023-04-06,688565
2023-04-06,002856
2023-04-06,603958
2023-04-06,300169
2023-04-06,600768
2023-04-06,603286
2023-04-06,688096
2023-04-06,603725
2023-04-06,688215
2023-04-06,300417
2023-04-06,300535
2023-04-06,600137
2023-04-06,600455
2023-04-06,688272
2023-04-06,300210
2023-04-06,000702
2023-04-06,300321
2023-04-06,600561
2023-04-06,300163
2023-04-06,300665
2023-04-06,603316
2023-04-06,688067
2023-04-06,600539
2023-04-06,300717
2023-04-06,300405
2023-04-06,301024
2023-04-06,300626
2023-04-06,300069
2023-04-06,300254
2023-04-06,300929
2023-04-06,600615
2023-04-06,600493
2023-04-06,001211
2023-04-06,300836
2023-04-06,603536
2023-04-06,300854
2023-04-06,688367
2023-04-06,002899
2023-04-06,603038
2023-04-06,002633
2023-04-06,603356
2023-04-06,000692
2023-04-06,300749
2023-04-06,688679
2023-04-06,300823
2023-04-06,688081
2023-04-06,600543
2023-04-06,002629
2023-04-06,688681
2023-04-06,002830
2023-04-06,688379
2023-04-06,688178
2023-04-06,002890
2023-04-06,603320
2023-04-06,603880
2023-04-06,603608
2023-04-06,300995
2023-04-06,301043
2023-04-06,688129
2023-04-06,301037
2023-04-06,002295
2023-04-06,688092
2023-04-06,300920
2023-04-06,300923
2023-04-06,600883
2023-04-06,002494
2023-04-06,002893
2023-04-06,300849
2023-04-06,300992
2023-04-06,300106
2023-04-06,003017
2023-04-06,301098
2023-04-06,605318
2023-04-06,603139
2023-04-06,688395
2023-04-06,300807
2023-04-06,600689
2023-04-06,300329
2023-04-06,300220
2023-04-06,002921
2023-04-06,300886
2023-04-06,600250
2023-04-06,300521
2023-04-06,600593
2023-04-06,301131
2023-04-06,300736
2023-04-06,600156
2023-04-06,600889
2023-04-06,605303
2023-04-06,300844
2023-04-06,600302
2023-04-06,300635
2023-04-06,003003
2023-04-06,300022
2023-04-06,300931
2023-04-20,688701
2023-04-20,300478
2023-04-20,603709
2023-04-20,002652
2023-04-20,688565
2023-04-20,002856
2023-04-20,300169
2023-04-20,300417
2023-04-20,603729
2023-04-20,603958
2023-04-20,603286
2023-04-20,603725
2023-04-20,300535
2023-04-20,000702
2023-04-20,688215
2023-04-20,300210
2023-04-20,300321
2023-04-20,688096
2023-04-20,300736
2023-04-20,600137
2023-04-20,688272
2023-04-20,688067
2023-04-20,600455
2023-04-20,300069
2023-04-20,600615
2023-04-20,300405
2023-04-20,301024
2023-04-20,600768
2023-04-20,300665
2023-04-20,300254
2023-04-20,603316
2023-04-20,300717
2023-04-20,600493
2023-04-20,300626
2023-04-20,300163
2023-04-20,300836
2023-04-20,600561
2023-04-20,300929
2023-04-20,300995
2023-04-20,688367
2023-04-20,688081
2023-04-20,300749
2023-04-20,300854
2023-04-20,000692
2023-04-20,603536
2023-04-20,001211
2023-04-20,002899
2023-04-20,603880
2023-04-20,603320
2023-04-20,603139
2023-04-20,600539
2023-04-20,300823
2023-04-20,002830
2023-04-20,688178
2023-04-20,300849
2023-04-20,002890
2023-04-20,688681
2023-04-20,002494
2023-04-20,300220
2023-04-20,300920
2023-04-20,300992
2023-04-20,002633
2023-04-20,301043
2023-04-20,688129
2023-04-20,688092
2023-04-20,301037
2023-04-20,002629
2023-04-20,600689
2023-04-20,300106
2023-04-20,600543
2023-04-20,002295
2023-04-20,603038
2023-04-20,600250
2023-04-20,300329
2023-04-20,600156
2023-04-20,600889
2023-04-20,600302
2023-04-20,605318
2023-04-20,600883
2023-04-20,300931
2023-04-20,688379
2023-04-20,002893
2023-04-20,603608
2023-04-20,300635
2023-04-20,301131
2023-04-20,300844
2023-04-20,300886
2023-04-20,300923
2023-04-20,605303
2023-04-20,002921
2023-04-20,600234
2023-04-20,300984
2023-04-20,002828
2023-04-20,300549
2023-04-20,300611
2023-04-20,000679
2023-04-20,002883
2023-04-20,301125
2023-04-20,603499
2023-04-20,688038
2023-05-04,688701
2023-05-04,300478
2023-05-04,688565
2023-05-04,300169
2023-05-04,603709
2023-05-04,300417
2023-05-04,600768
2023-05-04,002856
2023-05-04,002652
2023-05-04,688215
2023-05-04,600455
2023-05-04,603729
2023-05-04,603286
2023-05-04,000702
2023-05-04,300321
2023-05-04,300535
2023-05-04,688067
2023-05-04,603958
2023-05-04,300210
2023-05-04,688096
2023-05-04,600539
2023-05-04,688367
2023-05-04,600137
2023-05-04,300405
2023-05-04,300626
2023-05-04,300736
2023-05-04,688092
2023-05-04,300665
2023-05-04,300929
2023-05-04,603316
2023-05-04,603725
2023-05-04,301024
2023-05-04,600493
2023-05-04,300254
2023-05-04,600615
2023-05-04,300163
2023-05-04,300995
2023-05-04,001211
2023-05-04,002633
2023-05-04,300717
2023-05-04,300854
2023-05-04,600561
2023-05-04,688681
2023-05-04,688178
2023-05-04,002899
2023-05-04,300920
2023-05-04,300836
2023-05-04,688379
2023-05-04,301037
2023-05-04,688038
2023-05-04,300923
2023-05-04,603536
2023-05-04,603320
2023-05-04,002830
2023-05-04,300069
2023-05-04,688129
2023-05-04,600234
2023-05-04,603139
2023-05-04,002295
2023-05-04,300749
2023-05-04,002890
2023-05-04,300849
2023-05-04,002828
2023-05-04,300992
2023-05-04,300886
2023-05-04,002629
2023-05-04,300931
2023-05-04,301131
2023-05-04,300823
2023-05-04,300106
2023-05-04,600543
2023-05-04,603038
2023-05-04,600889
2023-05-04,300329
2023-05-04,301125
2023-05-04,605318
2023-05-04,300635
2023-05-04,300549
2023-05-04,600689
2023-05-04,002494
2023-05-04,600302
2023-05-04,300807
2023-05-04,688251
2023-05-04,688528
2023-05-04,002861
2023-05-04,300637
2023-05-04,688328
2023-05-04,300703
2023-05-04,300644
2023-05-04,301105
2023-05-04,603037
2023-05-04,002207
2023-05-04,301113
2023-05-04,688616
2023-05-04,002778
2023-05-04,301007
2023-05-04,002719
2023-05-04,688655
2023-05-04,603356
2023-05-04,603272
2023-05-18,300478
2023-05-18,688701
2023-05-18,688565
2023-05-18,300169
2023-05-18,603729
2023-05-18,002856
2023-05-18,002652
2023-05-18,603709
2023-05-18,000702
2023-05-18,300417
2023-05-18,600455
2023-05-18,603286
2023-05-18,300535
2023-05-18,600768
2023-05-18,300321
2023-05-18,300210
2023-05-18,688215
2023-05-18,300736
2023-05-18,688096
2023-05-18,300405
2023-05-18,600539
2023-05-18,600493
2023-05-18,300163
2023-05-18,300929
2023-05-18,688367
2023-05-18,300665
2023-05-18,600137
2023-05-18,300254
2023-05-18,001211
2023-05-18,600561
2023-05-18,603316
2023-05-18,603958
2023-05-18,603536
2023-05-18,603725
2023-05-18,301024
2023-05-18,300626
2023-05-18,300995
2023-05-18,002633
2023-05-18,300854
2023-05-18,300717
2023-05-18,600615
2023-05-18,688067
2023-05-18,688178
2023-05-18,300069
2023-05-18,603139
2023-05-18,300807
2023-05-18,688092
2023-05-18,002629
2023-05-18,300920
2023-05-18,600543
2023-05-18,002719
2023-05-18,688038
2023-05-18,301037
2023-05-18,300637
2023-05-18,002830
2023-05-18,688129
2023-05-18,002828
2023-05-18,688328
2023-05-18,600234
2023-05-18,688251
2023-05-18,688528
2023-05-18,688379
2023-05-18,002295
2023-05-18,300886
2023-05-18,300923
2023-05-18,300849
2023-05-18,603272
2023-05-18,002861
2023-05-18,603320
2023-05-18,688681
2023-05-18,300106
2023-05-18,002890
2023-05-18,002899
2023-05-18,300992
2023-05-18,600889
2023-05-18,300931
2023-05-18,300703
2023-05-18,301105
2023-05-18,603038
2023-05-18,605318
2023-05-18,002494
2023-05-18,301131
2023-05-18,002778
2023-05-18,603037
2023-05-18,300749
2023-05-18,300644
2023-05-18,002207
2023-05-18,300635
2023-05-18,301007
2023-05-18,600689
2023-05-18,301125
2023-05-18,600302
2023-05-18,002316
2023-05-18,688309
2023-05-18,688081
2023-05-18,688193
2023-05-18,688448
2023-05-18,002513
2023-05-18,600883
2023-05-18,603332
2023-06-01,300478
2023-06-01,688701
2023-06-01,688565
2023-06-01,002652
2023-06-01,300169
2023-06-01,002856
2023-06-01,603709
2023-06-01,603729
2023-06-01,000702
2023-06-01,300417
2023-06-01,600455
2023-06-01,300321
2023-06-01,600768
2023-06-01,300535
2023-06-01,600493
2023-06-01,300210
2023-06-01,603286
2023-06-01,688096
2023-06-01,688215
2023-06-01,600137
2023-06-01,600539
2023-06-01,600561
2023-06-01,300163
2023-06-01,300405
2023-06-01,688067
2023-06-01,603316
2023-06-01,300929
2023-06-01,603725
2023-06-01,688367
2023-06-01,002633
2023-06-01,300254
2023-06-01,001211
2023-06-01,301024
2023-06-01,300854
2023-06-01,603536
2023-06-01,300665
2023-06-01,300626
2023-06-01,002629
2023-06-01,300736
2023-06-01,600615
2023-06-01,600234
2023-06-01,002830
2023-06-01,300069
2023-06-01,300995
2023-06-01,002295
2023-06-01,002828
2023-06-01,300717
2023-06-01,002719
2023-06-01,603038
2023-06-01,600889
2023-06-01,688129
2023-06-01,002494
2023-06-01,688178
2023-06-01,300920
2023-06-01,603139
2023-06-01,603958
2023-06-01,688681
2023-06-01,600543
2023-06-01,688092
2023-06-01,300849
2023-06-01,605318
2023-06-01,300637
2023-06-01,301037
2023-06-01,300106
2023-06-01,603272
2023-06-01,300703
2023-06-01,002513
2023-06-01,603320
2023-06-01,300807
2023-06-01,688379
2023-06-01,300749
2023-06-01,300923
2023-06-01,300992
2023-06-01,603037
2023-06-01,688309
2023-06-01,600883
2023-06-01,002899
2023-06-01,688038
2023-06-01,600302
2023-06-01,002890
2023-06-01,600689
2023-06-01,002861
2023-06-01,300886
2023-06-01,300931
2023-06-01,002778
2023-06-01,301105
2023-06-01,002193
2023-06-01,002188
2023-06-01,000679
2023-06-01,603608
2023-06-01,605303
2023-06-01,600156
2023-06-01,000890
2023-06-01,300329
2023-06-01,603226
2023-06-01,002883
2023-06-01,002715
2023-06-01,300823
2023-06-01,003003
2023-06-01,600847
2023-06-15,688701
2023-06-15,688565
2023-06-15,300478
2023-06-15,300169
2023-06-15,002856
2023-06-15,002652
2023-06-15,603709
2023-06-15,300417
2023-06-15,600768
2023-06-15,300210
2023-06-15,300321
2023-06-15,000702
2023-06-15,688096
2023-06-15,600455
2023-06-15,688067
2023-06-15,600561
2023-06-15,688367
2023-06-15,300535
2023-06-15,603729
2023-06-15,600493
2023-06-15,688215
2023-06-15,002633
2023-06-15,300929
2023-06-15,300254
2023-06-15,600539
2023-06-15,300405
2023-06-15,300163
2023-06-15,300736
2023-06-15,300854
2023-06-15,300069
2023-06-15,001211
2023-06-15,603316
2023-06-15,603286
2023-06-15,002629
2023-06-15,688309
2023-06-15,600137
2023-06-15,600234
2023-06-15,300665
2023-06-15,301024
2023-06-15,603139
2023-06-15,600615
2023-06-15,688681
2023-06-15,603536
2023-06-15,002830
2023-06-15,603725
2023-06-15,002828
2023-06-15,300717
2023-06-15,300626
2023-06-15,688178
2023-06-15,300637
2023-06-15,600889
2023-06-15,688129
2023-06-15,300849
2023-06-15,603958
2023-06-15,300995
2023-06-15,688379
2023-06-15,688092
2023-06-15,002295
2023-06-15,300703
2023-06-15,000890
2023-06-15,300920
2023-06-15,002494
2023-06-15,002899
2023-06-15,002193
2023-06-15,300923
2023-06-15,300931
2023-06-15,600156
2023-06-15,002719
2023-06-15,688038
2023-06-15,301037
2023-06-15,300106
2023-06-15,002861
2023-06-15,603272
2023-06-15,600302
2023-06-15,300886
2023-06-15,300749
2023-06-15,605303
2023-06-15,600543
2023-06-15,603320
2023-06-15,300992
2023-06-15,300329
2023-06-15,002883
2023-06-15,600847
2023-06-15,300823
2023-06-15,002890
2023-06-15,003003
2023-06-15,600883
2023-06-15,603226
2023-06-15,605318
2023-06-15,301105
2023-06-15,002188
2023-06-15,688607
2023-06-15,002207
2023-06-15,688193
2023-06-15,688251
2023-06-15,603332
2023-06-15,688528
2023-06-15,300521
2023-06-15,301027
2023-06-15,002513
2023-06-29,688701
2023-06-29,300478
2023-06-29,688565
2023-06-29,002856
2023-06-29,300169
2023-06-29,002652
2023-06-29,603729
2023-06-29,600455
2023-06-29,603709
2023-06-29,300321
2023-06-29,600768
2023-06-29,300417
2023-06-29,000702
2023-06-29,300210
2023-06-29,600561
2023-06-29,600493
2023-06-29,688096
2023-06-29,688067
2023-06-29,300929
2023-06-29,300163
2023-06-29,600539
2023-06-29,300535
2023-06-29,688367
2023-06-29,300736
2023-06-29,002633
2023-06-29,300405
2023-06-29,603536
2023-06-29,300069
2023-06-29,300854
2023-06-29,600234
2023-06-29,001211
2023-06-29,300849
2023-06-29,002719
2023-06-29,002629
2023-06-29,688215
2023-06-29,300254
2023-06-29,301024
2023-06-29,603316
2023-06-29,603139
2023-06-29,688178
2023-06-29,600615
2023-06-29,603958
2023-06-29,002828
2023-06-29,300665
2023-06-29,688309
2023-06-29,688129
2023-06-29,300637
2023-06-29,688607
2023-06-29,002830
2023-06-29,000890
2023-06-29,300106
2023-06-29,002193
2023-06-29,688681
2023-06-29,600889
2023-06-29,002207
2023-06-29,300920
2023-06-29,300995
2023-06-29,002295
2023-06-29,600137
2023-06-29,002494
2023-06-29,300886
2023-06-29,300703
2023-06-29,688193
2023-06-29,300717
2023-06-29,603272
2023-06-29,688379
2023-06-29,300626
2023-06-29,600156
2023-06-29,688038
2023-06-29,301037
2023-06-29,002861
2023-06-29,603725
2023-06-29,300329
2023-06-29,605303
2023-06-29,603226
2023-06-29,600883
2023-06-29,688092
2023-06-29,600543
2023-06-29,688251
2023-06-29,603332
2023-06-29,300923
2023-06-29,688528
2023-06-29,605318
2023-06-29,002899
2023-06-29,603286
2023-06-29,301027
2023-06-29,300749
2023-06-29,600302
2023-06-29,600847
2023-06-29,300992
2023-06-29,002883
2023-06-29,002247
2023-06-29,000679
2023-06-29,300013
2023-06-29,002778
2023-06-29,603038
2023-06-29,300269
2023-06-29,603221
2023-06-29,300635
2023-06-29,301228
2023-07-13,688701
2023-07-13,688565
2023-07-13,300478
2023-07-13,002856
2023-07-13,300169
2023-07-13,002652
2023-07-13,603729
2023-07-13,600455
2023-07-13,688096
2023-07-13,300417
2023-07-13,603709
2023-07-13,600768
2023-07-13,300321
2023-07-13,688067
2023-07-13,600561
2023-07-13,300210
2023-07-13,300163
2023-07-13,300929
2023-07-13,000702
2023-07-13,600539
2023-07-13,688215
2023-07-13,002633
2023-07-13,300535
2023-07-13,688367
2023-07-13,001211
2023-07-13,300405
2023-07-13,300069
2023-07-13,300854
2023-07-13,002629
2023-07-13,688038
2023-07-13,600493
2023-07-13,600234
2023-07-13,301024
2023-07-13,688309
2023-07-13,688178
2023-07-13,600137
2023-07-13,603536
2023-07-13,300665
2023-07-13,600615
2023-07-13,688681
2023-07-13,300849
2023-07-13,002828
2023-07-13,300736
2023-07-13,300637
2023-07-13,603139
2023-07-13,002719
2023-07-13,603958
2023-07-13,002193
2023-07-13,688092
2023-07-13,002830
2023-07-13,603286
2023-07-13,000890
2023-07-13,688129
2023-07-13,300703
2023-07-13,300106
2023-07-13,688251
2023-07-13,300626
2023-07-13,002295
2023-07-13,600889
2023-07-13,300920
2023-07-13,300013
2023-07-13,603272
2023-07-13,300717
2023-07-13,300886
2023-07-13,300995
2023-07-13,002247
2023-07-13,688193
2023-07-13,300329
2023-07-13,300749
2023-07-13,600543
2023-07-13,300254
2023-07-13,002494
2023-07-13,603725
2023-07-13,688379
2023-07-13,688607
2023-07-13,600156
2023-07-13,688528
2023-07-13,002899
2023-07-13,002861
2023-07-13,301037
2023-07-13,301027
2023-07-13,300635
2023-07-13,605318
2023-07-13,603038
2023-07-13,300992
2023-07-13,605303
2023-07-13,600302
2023-07-13,300269
2023-07-13,603332
2023-07-13,002207
2023-07-13,600883
2023-07-13,002883
2023-07-13,301228
2023-07-13,688081
2023-07-13,300836
2023-07-13,300521
2023-07-13,301336
2023-07-13,300931
2023-07-13,002836
2023-07-13,603860
2023-07-27,688701
2023-07-27,688565
2023-07-27,300478
2023-07-27,600455
2023-07-27,002856
2023-07-27,603729
2023-07-27,002652
2023-07-27,300417
2023-07-27,600768
2023-07-27,688215
2023-07-27,688096
2023-07-27,688067
2023-07-27,300321
2023-07-27,300169
2023-07-27,688367
2023-07-27,600561
2023-07-27,688681
2023-07-27,300535
2023-07-27,600539
2023-07-27,300929
2023-07-27,002633
2023-07-27,300210
2023-07-27,300163
2023-07-27,603286
2023-07-27,000702
2023-07-27,001211
2023-07-27,600493
2023-07-27,688038
2023-07-27,603709
2023-07-27,300069
2023-07-27,688081
2023-07-27,688178
2023-07-27,300405
2023-07-27,600137
2023-07-27,002828
2023-07-27,688251
2023-07-27,603536
2023-07-27,603139
2023-07-27,600615
2023-07-27,300637
2023-07-27,603958
2023-07-27,688379
2023-07-27,688607
2023-07-27,300836
2023-07-27,300717
2023-07-27,600543
2023-07-27,002629
2023-07-27,300854
2023-07-27,300849
2023-07-27,300626
2023-07-27,688528
2023-07-27,300886
2023-07-27,300920
2023-07-27,688129
2023-07-27,300013
2023-07-27,688092
2023-07-27,002295
2023-07-27,002861
2023-07-27,688309
2023-07-27,300703
2023-07-27,688193
2023-07-27,002830
2023-07-27,002207
2023-07-27,300665
2023-07-27,300736
2023-07-27,300106
2023-07-27,603272
2023-07-27,600889
2023-07-27,600302
2023-07-27,600156
2023-07-27,300329
2023-07-27,002193
2023-07-27,300992
2023-07-27,300269
2023-07-27,300254
2023-07-27,002494
2023-07-27,300749
2023-07-27,603332
2023-07-27,600234
2023-07-27,002899
2023-07-27,300521
2023-07-27,301037
2023-07-27,002836
2023-07-27,605318
2023-07-27,688004
2023-07-27,603356
2023-07-27,688171
2023-07-27,002209
2023-07-27,300923
2023-07-27,688013
2023-07-27,603320
2023-07-27,002778
2023-07-27,301131
2023-07-27,300644
2023-07-27,688616
2023-07-27,688296
2023-07-27,002890
2023-07-27,688260
2023-07-27,301105
2023-07-27,002719
2023-08-10,688701
2023-08-10,688565
2023-08-10,300478
2023-08-10,600455
2023-08-10,688215
2023-08-10,002856
2023-08-10,688096
2023-08-10,603729
2023-08-10,600768
2023-08-10,688067
2023-08-10,300321
2023-08-10,688681
2023-08-10,688367
2023-08-10,002633
2023-08-10,603709
2023-08-10,300535
2023-08-10,603286
2023-08-10,600539
2023-08-10,300929
2023-08-10,001211
2023-08-10,300665
2023-08-10,688178
2023-08-10,600137
2023-08-10,300163
2023-08-10,002652
2023-08-10,300210
2023-08-10,600561
2023-08-10,600493
2023-08-10,300417
2023-08-10,688607
2023-08-10,688081
2023-08-10,300626
2023-08-10,300405
2023-08-10,300717
2023-08-10,688251
2023-08-10,603958
2023-08-10,300836
2023-08-10,300736
2023-08-10,600615
2023-08-10,300069
2023-08-10,688379
2023-08-10,300637
2023-08-10,300920
2023-08-10,688038
2023-08-10,688528
2023-08-10,688092
2023-08-10,688013
2023-08-10,603139
2023-08-10,300854
2023-08-10,688193
2023-08-10,300849
2023-08-10,688004
2023-08-10,002193
2023-08-10,600543
2023-08-10,688129
2023-08-10,300749
2023-08-10,002830
2023-08-10,300329
2023-08-10,603272
2023-08-10,002295
2023-08-10,603356
2023-08-10,300703
2023-08-10,688616
2023-08-10,300992
2023-08-10,603320
2023-08-10,002629
2023-08-10,002861
2023-08-10,300644
2023-08-10,002209
2023-08-10,002778
2023-08-10,300886
2023-08-10,600302
2023-08-10,002899
2023-08-10,002828
2023-08-10,301131
2023-08-10,603332
2023-08-10,002494
2023-08-10,688309
2023-08-10,002890
2023-08-10,600156
2023-08-10,300923
2023-08-10,002836
2023-08-10,688171
2023-08-10,300106
2023-08-10,301037
2023-08-10,300013
2023-08-10,300254
2023-08-10,301105
2023-08-10,600889
2023-08-10,300823
2023-08-10,300931
2023-08-10,002883
2023-08-10,603316
2023-08-10,301036
2023-08-10,603499
2023-08-10,688021
2023-08-10,300640
2023-08-10,603860
2023-08-10,603725
2023-08-10,300984
2023-08-24,688701
2023-08-24,300478
2023-08-24,688565
2023-08-24,002856
2023-08-24,600768
2023-08-24,688215
2023-08-24,688067
2023-08-24,002652
2023-08-24,688096
2023-08-24,002633
2023-08-24,688681
2023-08-24,688367
2023-08-24,600455
2023-08-24,300321
2023-08-24,603729
2023-08-24,603709
2023-08-24,300535
2023-08-24,300736
2023-08-24,001211
2023-08-24,300665
2023-08-24,300417
2023-08-24,300163
2023-08-24,600493
2023-08-24,600137
2023-08-24,603286
2023-08-24,600539
2023-08-24,600615
2023-08-24,600561
2023-08-24,688178
2023-08-24,300210
2023-08-24,688038
2023-08-24,300069
2023-08-24,300405
2023-08-24,300929
2023-08-24,300626
2023-08-24,300637
2023-08-24,688129
2023-08-24,688081
2023-08-24,300836
2023-08-24,603356
2023-08-24,688528
2023-08-24,688607
2023-08-24,300717
2023-08-24,002193
2023-08-24,300849
2023-08-24,603139
2023-08-24,688251
2023-08-24,002830
2023-08-24,603272
2023-08-24,300329
2023-08-24,002295
2023-08-24,300854
2023-08-24,688616
2023-08-24,688013
2023-08-24,300013
2023-08-24,688193
2023-08-24,688004
2023-08-24,002861
2023-08-24,002209
2023-08-24,002828
2023-08-24,002890
2023-08-24,600156
2023-08-24,603958
2023-08-24,300749
2023-08-24,603320
2023-08-24,002629
2023-08-24,603332
2023-08-24,600543
2023-08-24,300703
2023-08-24,688092
2023-08-24,300644
2023-08-24,300920
2023-08-24,002883
2023-08-24,603316
2023-08-24,688309
2023-08-24,600889
2023-08-24,688379
2023-08-24,002836
2023-08-24,002494
2023-08-24,603499
2023-08-24,300886
2023-08-24,301131
2023-08-24,300640
2023-08-24,600302
2023-08-24,301105
2023-08-24,300992
2023-08-24,002899
2023-08-24,600847
2023-08-24,301336
2023-08-24,688328
2023-08-24,300269
2023-08-24,300521
2023-08-24,002188
2023-08-24,688296
2023-08-24,002247
2023-08-24,002207
2023-08-24,300449
2023-08-24,300995
2023-08-24,002921
2023-08-24,300906
2023-09-07,688701
2023-09-07,688565
2023-09-07,300478
2023-09-07,688215
2023-09-07,600768
2023-09-07,600455
2023-09-07,688096
2023-09-07,002856
2023-09-07,603729
2023-09-07,688067
2023-09-07,688367
2023-09-07,688681
2023-09-07,688178
2023-09-07,300417
2023-09-07,300929
2023-09-07,300321
2023-09-07,002652
2023-09-07,002633
2023-09-07,600539
2023-09-07,603286
2023-09-07,600561
2023-09-07,300736
2023-09-07,688038
2023-09-07,300163
2023-09-07,300665
2023-09-07,600493
2023-09-07,001211
2023-09-07,600137
2023-09-07,002193
2023-09-07,300210
2023-09-07,300535
2023-09-07,603709
2023-09-07,688081
2023-09-07,300405
2023-09-07,300069
2023-09-07,600615
2023-09-07,300626
2023-09-07,300836
2023-09-07,688607
2023-09-07,300854
2023-09-07,603316
2023-09-07,688013
2023-09-07,688004
2023-09-07,300849
2023-09-07,600847
2023-09-07,300013
2023-09-07,688251
2023-09-07,300717
2023-09-07,603139
2023-09-07,603356
2023-09-07,688528
2023-09-07,002629
2023-09-07,688129
2023-09-07,600543
2023-09-07,688193
2023-09-07,603272
2023-09-07,002828
2023-09-07,300329
2023-09-07,002830
2023-09-07,300449
2023-09-07,002890
2023-09-07,688092
2023-09-07,002247
2023-09-07,300886
2023-09-07,300992
2023-09-07,688296
2023-09-07,603958
2023-09-07,002883
2023-09-07,600302
2023-09-07,600156
2023-09-07,002295
2023-09-07,002899
2023-09-07,603320
2023-09-07,688309
2023-09-07,002188
2023-09-07,600889
2023-09-07,300920
2023-09-07,300703
2023-09-07,002836
2023-09-07,300995
2023-09-07,301105
2023-09-07,301131
2023-09-07,688379
2023-09-07,002494
2023-09-07,688616
2023-09-07,002778
2023-09-07,603860
2023-09-07,300635
2023-09-07,300254
2023-09-07,600883
2023-09-07,301024
2023-09-07,605303
2023-09-07,301098
2023-09-07,003017
2023-09-07,300823
2023-09-07,300984
2023-09-07,600778
2023-09-07,000890
2023-09-07,688229
2023-09-07,002861
2023-09-21,688701
2023-09-21,688565
2023-09-21,300478
2023-09-21,688215
2023-09-21,600768
2023-09-21,600455
2023-09-21,002856
2023-09-21,688096
2023-09-21,603729
2023-09-21,688367
2023-09-21,002652
2023-09-21,300417
2023-09-21,688681
2023-09-21,688067
2023-09-21,688038
2023-09-21,300929
2023-09-21,600539
2023-09-21,688178
2023-09-21,002633
2023-09-21,300321
2023-09-21,603286
2023-09-21,300665
2023-09-21,300736
2023-09-21,688081
2023-09-21,603709
2023-09-21,001211
2023-09-21,600493
2023-09-21,300836
2023-09-21,600561
2023-09-21,002193
2023-09-21,300405
2023-09-21,300626
2023-09-21,300163
2023-09-21,300069
2023-09-21,688607
2023-09-21,300535
2023-09-21,688004
2023-09-21,600137
2023-09-21,600847
2023-09-21,300717
2023-09-21,688296
2023-09-21,603316
2023-09-21,300854
2023-09-21,688251
2023-09-21,603860
2023-09-21,300013
2023-09-21,300449
2023-09-21,603356
2023-09-21,002778
2023-09-21,002629
2023-09-21,688528
2023-09-21,300635
2023-09-21,300329
2023-09-21,300849
2023-09-21,603272
2023-09-21,688092
2023-09-21,300210
2023-09-21,688129
2023-09-21,688309
2023-09-21,688229
2023-09-21,002247
2023-09-21,688013
2023-09-21,002830
2023-09-21,002883
2023-09-21,300886
2023-09-21,300995
2023-09-21,603139
2023-09-21,603958
2023-09-21,002890
2023-09-21,603320
2023-09-21,600302
2023-09-21,300992
2023-09-21,002861
2023-09-21,002836
2023-09-21,000890
2023-09-21,301098
2023-09-21,300823
2023-09-21,002188
2023-09-21,301024
2023-09-21,002899
2023-09-21,688616
2023-09-21,300703
2023-09-21,600156
2023-09-21,600883
2023-09-21,300984
2023-09-21,688193
2023-09-21,003017
2023-09-21,301131
2023-09-21,300920
2023-09-21,605303
2023-09-21,301336
2023-09-21,688655
2023-09-21,301027
2023-09-21,688171
2023-09-21,688021
2023-09-21,603499
2023-09-21,300640
2023-09-21,300923
2023-09-21,300961
2023-09-21,688328
2023-10-09,688701
2023-10-09,688565
2023-10-09,300478
2023-10-09,600768
2023-10-09,002856
2023-10-09,688096
2023-10-09,600455
2023-10-09,688215
2023-10-09,603729
2023-10-09,688367
2023-10-09,600539
2023-10-09,002652
2023-10-09,300321
2023-10-09,688178
2023-10-09,002633
2023-10-09,688038
2023-10-09,300929
2023-10-09,688681
2023-10-09,001211
2023-10-09,300417
2023-10-09,688067
2023-10-09,600493
2023-10-09,603709
2023-10-09,002193
2023-10-09,300405
2023-10-09,603316
2023-10-09,300665
2023-10-09,600561
2023-10-09,688081
2023-10-09,300163
2023-10-09,688296
2023-10-09,600137
2023-10-09,300849
2023-10-09,300535
2023-10-09,603356
2023-10-09,600847
2023-10-09,300069
2023-10-09,688004
2023-10-09,002778
2023-10-09,688607
2023-10-09,300626
2023-10-09,300013
2023-10-09,300329
2023-10-09,603272
2023-10-09,300854
2023-10-09,300635
2023-10-09,300717
2023-10-09,688251
2023-10-09,002247
2023-10-09,301336
2023-10-09,300836
2023-10-09,002188
2023-10-09,688528
2023-10-09,688129
2023-10-09,002836
2023-10-09,300736
2023-10-09,605303
2023-10-09,600156
2023-10-09,300886
2023-10-09,603139
2023-10-09,002830
2023-10-09,300449
2023-10-09,002899
2023-10-09,603860
2023-10-09,002883
2023-10-09,300210
2023-10-09,000890
2023-10-09,688193
2023-10-09,002890
2023-10-09,688013
2023-10-09,003017
2023-10-09,603499
2023-10-09,688229
2023-10-09,301027
2023-10-09,600883
2023-10-09,002629
2023-10-09,603320
2023-10-09,301098
2023-10-09,300992
2023-10-09,300703
2023-10-09,300995
2023-10-09,688092
2023-10-09,688309
2023-10-09,300961
2023-10-09,300640
2023-10-09,600302
2023-10-09,600530
2023-10-09,301105
2023-10-09,600543
2023-10-09,600889
2023-10-09,002719
2023-10-09,600615
2023-10-09,002295
2023-10-09,002494
2023-10-09,002780
2023-10-09,600678
2023-10-09,600234
2023-10-09,600778
2023-10-09,688679
2023-10-09,603608
2023-10-19,688701
2023-10-19,688565
2023-10-19,688096
2023-10-19,688215
2023-10-19,300478
2023-10-19,600768
2023-10-19,002856
2023-10-19,600455
2023-10-19,603729
2023-10-19,688367
2023-10-19,300929
2023-10-19,688681
2023-10-19,600539
2023-10-19,688067
2023-10-19,002633
2023-10-19,688178
2023-10-19,300321
2023-10-19,688038
2023-10-19,300417
2023-10-19,002652
2023-10-19,001211
2023-10-19,300665
2023-10-19,300405
2023-10-19,688296
2023-10-19,688004
2023-10-19,603709
2023-10-19,600493
2023-10-19,002193
2023-10-19,688081
2023-10-19,688607
2023-10-19,300854
2023-10-19,600847
2023-10-19,603316
2023-10-19,002778
2023-10-19,600561
2023-10-19,300163
2023-10-19,300626
2023-10-19,300836
2023-10-19,300849
2023-10-19,600137
2023-10-19,300535
2023-10-19,603356
2023-10-19,300013
2023-10-19,300069
2023-10-19,300717
2023-10-19,300635
2023-10-19,301027
2023-10-19,600530
2023-10-19,688679
2023-10-19,603860
2023-10-19,688251
2023-10-19,300449
2023-10-19,301336
2023-10-19,002188
2023-10-19,603272
2023-10-19,002247
2023-10-19,300329
2023-10-19,688528
2023-10-19,300886
2023-10-19,002883
2023-10-19,002899
2023-10-19,002719
2023-10-19,688092
2023-10-19,600302
2023-10-19,688193
2023-10-19,600543
2023-10-19,002890
2023-10-19,300992
2023-10-19,002830
2023-10-19,300995
2023-10-19,000890
2023-10-19,003017
2023-10-19,688013
2023-10-19,600156
2023-10-19,301098
2023-10-19,603320
2023-10-19,002836
2023-10-19,300736
2023-10-19,688309
2023-10-19,600889
2023-10-19,688229
2023-10-19,300961
2023-10-19,605303
2023-10-19,600883
2023-10-19,603499
2023-10-19,600778
2023-10-19,688129
2023-10-19,002629
2023-10-19,300640
2023-10-19,300703
2023-10-19,002494
2023-10-19,600234
2023-10-19,300984
2023-10-19,301167
2023-10-19,688659
2023-10-19,301024
2023-10-19,300923
2023-10-19,300106
2023-10-19,300749
2023-10-19,688021
2023-11-02,688701
2023-11-02,688565
2023-11-02,688215
2023-11-02,600768
2023-11-02,688096
2023-11-02,600455
2023-11-02,002856
2023-11-02,688367
2023-11-02,300478
2023-11-02,688038
2023-11-02,688296
2023-11-02,688681
2023-11-02,300929
2023-11-02,688178
2023-11-02,600539
2023-11-02,300321
2023-11-02,002633
2023-11-02,688067
2023-11-02,300417
2023-11-02,688004
2023-11-02,300665
2023-11-02,688021
2023-11-02,688081
2023-11-02,688309
2023-11-02,688251
2023-11-02,002652
2023-11-02,603709
2023-11-02,688092
2023-11-02,002778
2023-11-02,603316
2023-11-02,300717
2023-11-02,300405
2023-11-02,001211
2023-11-02,300069
2023-11-02,300836
2023-11-02,600530
2023-11-02,002193
2023-11-02,600847
2023-11-02,603729
2023-11-02,600493
2023-11-02,300449
2023-11-02,300635
2023-11-02,600561
2023-11-02,300849
2023-11-02,688607
2023-11-02,300854
2023-11-02,301336
2023-11-02,688013
2023-11-02,300013
2023-11-02,300535
2023-11-02,603356
2023-11-02,600137
2023-11-02,300886
2023-11-02,688528
2023-11-02,603860
2023-11-02,002629
2023-11-02,603272
2023-11-02,300626
2023-11-02,301027
2023-11-02,002719
2023-11-02,002883
2023-11-02,300329
2023-11-02,301098
2023-11-02,600543
2023-11-02,688659
2023-11-02,301024
2023-11-02,002890
2023-11-02,300736
2023-11-02,688679
2023-11-02,300995
2023-11-02,300992
2023-11-02,002830
2023-11-02,301167
2023-11-02,600302
2023-11-02,605303
2023-11-02,002188
2023-11-02,300106
2023-11-02,300749
2023-11-02,300984
2023-11-02,603320
2023-11-02,300923
2023-11-02,300961
2023-11-02,600156
2023-11-02,003017
2023-11-02,002836
2023-11-02,688229
2023-11-02,300163
2023-11-02,002247
2023-11-02,603499
2023-11-02,688379
2023-11-02,301105
2023-11-02,301040
2023-11-02,301125
2023-11-02,688335
2023-11-02,600615
2023-11-02,300594
2023-11-02,688655
2023-11-02,600678
2023-11-02,002295
2023-11-02,002205
2023-11-16,688701
2023-11-16,688565
2023-11-16,688215
2023-11-16,600768
2023-11-16,688096
2023-11-16,002856
2023-11-16,300478
2023-11-16,600455
2023-11-16,688367
2023-11-16,688178
2023-11-16,300929
2023-11-16,688681
2023-11-16,002633
2023-11-16,300321
2023-11-16,300417
2023-11-16,600539
2023-11-16,688067
2023-11-16,688038
2023-11-16,002652
2023-11-16,300665
2023-11-16,603709
2023-11-16,688081
2023-11-16,688679
2023-11-16,688251
2023-11-16,688021
2023-11-16,001211
2023-11-16,688309
2023-11-16,300405
2023-11-16,002778
2023-11-16,300849
2023-11-16,600561
2023-11-16,300854
2023-11-16,688607
2023-11-16,300069
2023-11-16,300717
2023-11-16,002193
2023-11-16,600493
2023-11-16,600847
2023-11-16,603316
2023-11-16,301336
2023-11-16,300635
2023-11-16,300736
2023-11-16,300836
2023-11-16,300535
2023-11-16,688013
2023-11-16,300163
2023-11-16,688004
2023-11-16,603272
2023-11-16,300886
2023-11-16,603356
2023-11-16,600137
2023-11-16,300329
2023-11-16,002629
2023-11-16,300013
2023-11-16,688296
2023-11-16,300626
2023-11-16,688092
2023-11-16,688379
2023-11-16,688528
2023-11-16,002883
2023-11-16,301027
2023-11-16,301098
2023-11-16,301105
2023-11-16,002890
2023-11-16,300995
2023-11-16,003017
2023-11-16,300449
2023-11-16,300106
2023-11-16,301167
2023-11-16,300749
2023-11-16,600302
2023-11-16,603860
2023-11-16,002295
2023-11-16,600543
2023-11-16,301040
2023-11-16,301024
2023-11-16,300961
2023-11-16,300923
2023-11-16,002836
2023-11-16,002830
2023-11-16,002188
2023-11-16,300594
2023-11-16,605303
2023-11-16,600156
2023-11-16,301125
2023-11-16,300984
2023-11-16,603729
2023-11-16,002247
2023-11-16,600678
2023-11-16,603499
2023-11-16,688659
2023-11-16,300992
2023-11-16,688193
2023-11-16,002207
2023-11-16,600883
2023-11-16,002899
2023-11-16,600778
2023-11-16,002494
2023-11-16,000890
2023-11-16,600697
2023-11-30,688701
2023-11-30,688565
2023-11-30,688096
2023-11-30,688215
2023-11-30,600768
2023-11-30,600455
2023-11-30,300478
2023-11-30,688367
2023-11-30,300929
2023-11-30,688178
2023-11-30,688681
2023-11-30,002633
2023-11-30,688067
2023-11-30,300321
2023-11-30,300665
2023-11-30,600539
2023-11-30,300417
2023-11-30,002652
2023-11-30,688679
2023-11-30,688038
2023-11-30,688081
2023-11-30,603709
2023-11-30,688021
2023-11-30,688251
2023-11-30,688004
2023-11-30,300405
2023-11-30,688309
2023-11-30,300717
2023-11-30,300736
2023-11-30,001211
2023-11-30,301336
2023-11-30,603729
2023-11-30,300854
2023-11-30,300635
2023-11-30,300013
2023-11-30,603356
2023-11-30,600847
2023-11-30,300849
2023-11-30,600561
2023-11-30,603272
2023-11-30,603316
2023-11-30,300535
2023-11-30,300836
2023-11-30,600493
2023-11-30,301027
2023-11-30,002629
2023-11-30,300163
2023-11-30,002778
2023-11-30,688607
2023-11-30,300069
2023-11-30,688379
2023-11-30,688013
2023-11-30,300886
2023-11-30,300329
2023-11-30,301098
2023-11-30,300995
2023-11-30,600137
2023-11-30,688092
2023-11-30,300449
2023-11-30,600543
2023-11-30,002883
2023-11-30,301024
2023-11-30,301105
2023-11-30,301167
2023-11-30,301040
2023-11-30,688528
2023-11-30,300626
2023-11-30,003017
2023-11-30,002207
2023-11-30,002890
2023-11-30,688193
2023-11-30,300594
2023-11-30,300961
2023-11-30,605303
2023-11-30,300749
2023-11-30,301125
2023-11-30,002188
2023-11-30,002247
2023-11-30,002193
2023-11-30,600156
2023-11-30,300923
2023-11-30,600678
2023-11-30,002856
2023-11-30,600302
2023-11-30,002295
2023-11-30,002836
2023-11-30,000890
2023-11-30,002830
2023-11-30,600883
2023-11-30,300992
2023-11-30,002494
2023-11-30,002205
2023-11-30,301079
2023-11-30,600234
2023-11-30,002862
2023-11-30,688171
2023-11-30,301273
2023-11-30,688655
2023-11-30,688335
2023-11-30,300640
2023-12-14,688701
2023-12-14,688565
2023-12-14,688096
2023-12-14,688215
2023-12-14,688178
2023-12-14,600768
2023-12-14,688367
2023-12-14,300478
2023-12-14,688681
2023-12-14,300929
2023-12-14,688309
2023-12-14,688021
2023-12-14,300665
2023-12-14,688067
2023-12-14,002633
2023-12-14,600455
2023-12-14,300321
2023-12-14,688251
2023-12-14,002652
2023-12-14,300417
2023-12-14,603709
2023-12-14,688379
2023-12-14,300717
2023-12-14,600539
2023-12-14,688679
2023-12-14,688038
2023-12-14,300736
2023-12-14,688081
2023-12-14,688013
2023-12-14,301336
2023-12-14,002629
2023-12-14,300405
2023-12-14,300995
2023-12-14,001211
2023-12-14,300836
2023-12-14,300854
2023-12-14,603272
2023-12-14,300635
2023-12-14,300013
2023-12-14,300535
2023-12-14,688607
2023-12-14,300886
2023-12-14,600847
2023-12-14,688092
2023-12-14,688528
2023-12-14,300163
2023-12-14,688193
2023-12-14,300069
2023-12-14,301040
2023-12-14,002193
2023-12-14,301098
2023-12-14,301105
2023-12-14,688004
2023-12-14,600137
2023-12-14,603356
2023-12-14,603316
2023-12-14,301027
2023-12-14,300594
2023-12-14,300849
2023-12-14,301079
2023-12-14,301125
2023-12-14,600543
2023-12-14,002890
2023-12-14,300749
2023-12-14,300923
2023-12-14,002207
2023-12-14,600493
2023-12-14,002778
2023-12-14,300329
2023-12-14,301024
2023-12-14,300626
2023-12-14,300449
2023-12-14,003017
2023-12-14,301167
2023-12-14,300961
2023-12-14,301273
2023-12-14,688171
2023-12-14,688335
2023-12-14,002188
2023-12-14,300992
2023-12-14,688655
2023-12-14,000890
2023-12-14,605303
2023-12-14,002830
2023-12-14,002205
2023-12-14,300640
2023-12-14,688659
2023-12-14,301037
2023-12-14,300816
2023-12-14,688395
2023-12-14,301057
2023-12-14,603139
2023-12-14,300823
2023-12-14,600778
2023-12-14,301209
2023-12-14,688129
2023-12-14,301300
2023-12-14,688296
2023-12-14,002719
2023-12-14,603955
2023-12-28,688701
2023-12-28,688565
2023-12-28,688096
2023-12-28,688215
2023-12-28,600455
2023-12-28,688178
2023-12-28,688367
2023-12-28,600768
2023-12-28,300478
2023-12-28,688309
2023-12-28,688067
2023-12-28,688681
2023-12-28,688021
2023-12-28,688038
2023-12-28,300929
2023-12-28,002652
2023-12-28,300665
2023-12-28,600539
2023-12-28,688004
2023-12-28,300736
2023-12-28,300417
2023-12-28,002633
2023-12-28,688679
2023-12-28,300321
2023-12-28,603709
2023-12-28,300635
2023-12-28,300717
2023-12-28,688013
2023-12-28,002193
2023-12-28,688251
2023-12-28,001211
2023-12-28,688081
2023-12-28,300013
2023-12-28,002629
2023-12-28,600137
2023-12-28,688379
2023-12-28,603272
2023-12-28,300854
2023-12-28,301336
2023-12-28,300995
2023-12-28,688193
2023-12-28,603316
2023-12-28,688607
2023-12-28,300163
2023-12-28,688092
2023-12-28,300836
2023-12-28,300535
2023-12-28,600493
2023-12-28,688528
2023-12-28,300886
2023-12-28,300329
2023-12-28,600847
2023-12-28,300069
2023-12-28,300405
2023-12-28,688171
2023-12-28,002207
2023-12-28,301027
2023-12-28,301105
2023-12-28,301024
2023-12-28,688296
2023-12-28,603139
2023-12-28,301098
2023-12-28,300749
2023-12-28,301167
2023-12-28,002778
2023-12-28,301040
2023-12-28,603356
2023-12-28,301079
2023-12-28,301125
2023-12-28,002188
2023-12-28,300923
2023-12-28,688335
2023-12-28,300594
2023-12-28,600543
2023-12-28,002830
2023-12-28,300626
2023-12-28,300992
2023-12-28,600778
2023-12-28,300961
2023-12-28,688395
2023-12-28,688655
2023-12-28,301057
2023-12-28,300816
2023-12-28,002719
2023-12-28,301037
2023-12-28,300849
2023-12-28,002890
2023-12-28,301209
2023-12-28,688659
2023-12-28,300640
2023-12-28,600561
2023-12-28,002883
2023-12-28,688329
2023-12-28,603958
2023-12-28,600156
2023-12-28,002247
2023-12-28,002899
2023-12-28,002780
2023-12-28,600302
2023-12-28,688217
2024-01-11,688701
2024-01-11,688565
2024-01-11,688215
2024-01-11,688096
2024-01-11,688367
2024-01-11,600768
2024-01-11,688021
2024-01-11,688178
2024-01-11,600455
2024-01-11,688681
2024-01-11,688309
2024-01-11,688067
2024-01-11,688004
2024-01-11,688038
2024-01-11,688081
2024-01-11,300929
2024-01-11,300736
2024-01-11,300665
2024-01-11,300478
2024-01-11,300417
2024-01-11,300013
2024-01-11,002633
2024-01-11,688251
2024-01-11,600539
2024-01-11,688013
2024-01-11,688607
2024-01-11,002652
2024-01-11,603709
2024-01-11,300717
2024-01-11,300321
2024-01-11,300635
2024-01-11,688296
2024-01-11,688379
2024-01-11,688679
2024-01-11,600137
2024-01-11,301336
2024-01-11,002193
2024-01-11,002629
2024-01-11,001211
2024-01-11,688193
2024-01-11,300836
2024-01-11,300854
2024-01-11,688092
2024-01-11,603272
2024-01-11,600847
2024-01-11,688171
2024-01-11,688329
2024-01-11,300995
2024-01-11,688655
2024-01-11,300535
2024-01-11,300886
2024-01-11,300163
2024-01-11,002207
2024-01-11,603316
2024-01-11,301040
2024-01-11,688335
2024-01-11,688528
2024-01-11,301027
2024-01-11,600561
2024-01-11,301125
2024-01-11,301105
2024-01-11,301079
2024-01-11,300329
2024-01-11,688659
2024-01-11,300069
2024-01-11,002778
2024-01-11,603139
2024-01-11,301098
2024-01-11,300923
2024-01-11,600493
2024-01-11,301167
2024-01-11,301024
2024-01-11,688217
2024-01-11,688395
2024-01-11,002188
2024-01-11,002883
2024-01-11,300992
2024-01-11,300594
2024-01-11,600543
2024-01-11,300749
2024-01-11,300626
2024-01-11,603356
2024-01-11,301209
2024-01-11,002890
2024-01-11,301057
2024-01-11,300849
2024-01-11,301273
2024-01-11,002856
2024-01-11,300521
2024-01-11,688129
2024-01-11,300906
2024-01-11,301228
2024-01-11,301010
2024-01-11,300106
2024-01-11,688485
2024-01-11,003017
2024-01-11,300931
2024-01-11,688501
2024-01-11,300823
2024-01-11,603958
2024-01-25,688701
2024-01-25,688565
2024-01-25,688215
2024-01-25,688096
2024-01-25,688681
2024-01-25,688081
2024-01-25,688067
2024-01-25,688367
2024-01-25,688038
2024-01-25,688309
2024-01-25,688021
2024-01-25,600768
2024-01-25,688004
2024-01-25,600455
2024-01-25,688178
2024-01-25,002633
2024-01-25,688251
2024-01-25,300417
2024-01-25,300929
2024-01-25,688607
2024-01-25,300478
2024-01-25,002856
2024-01-25,300321
2024-01-25,300717
2024-01-25,002652
2024-01-25,600539
2024-01-25,688013
2024-01-25,300665
2024-01-25,300836
2024-01-25,688193
2024-01-25,688296
2024-01-25,688379
2024-01-25,688679
2024-01-25,603709
2024-01-25,300995
2024-01-25,301336
2024-01-25,300635
2024-01-25,301040
2024-01-25,001211
2024-01-25,688659
2024-01-25,600847
2024-01-25,600137
2024-01-25,603272
2024-01-25,300013
2024-01-25,688171
2024-01-25,002193
2024-01-25,300886
2024-01-25,300854
2024-01-25,688655
2024-01-25,002629
2024-01-25,300163
2024-01-25,300535
2024-01-25,688092
2024-01-25,688485
2024-01-25,688528
2024-01-25,300329
2024-01-25,301125
2024-01-25,688329
2024-01-25,300069
2024-01-25,301079
2024-01-25,300923
2024-01-25,603316
2024-01-25,300992
2024-01-25,603139
2024-01-25,688395
2024-01-25,301057
2024-01-25,688217
2024-01-25,300749
2024-01-25,300626
2024-01-25,300594
2024-01-25,301027
2024-01-25,002778
2024-01-25,003017
2024-01-25,301105
2024-01-25,002207
2024-01-25,002890
2024-01-25,301167
2024-01-25,300521
2024-01-25,301209
2024-01-25,002188
2024-01-25,300736
2024-01-25,300931
2024-01-25,688129
2024-01-25,603356
2024-01-25,600561
2024-01-25,301098
2024-01-25,002719
2024-01-25,002862
2024-01-25,688115
2024-01-25,002295
2024-01-25,300816
2024-01-25,688229
2024-01-25,605303
2024-01-25,002591
2024-01-25,000953
2024-01-25,300912
2024-01-25,002899
2024-01-25,688616
2024-01-25,300845
2024-01-25,603958
2024-02-08,688701
2024-02-08,688565
2024-02-08,688096
2024-02-08,300417
2024-02-08,688038
2024-02-08,002633
2024-02-08,002856
2024-02-08,688215
2024-02-08,688004
2024-02-08,688021
2024-02-08,688081
2024-02-08,600539
2024-02-08,600847
2024-02-08,300995
2024-02-08,002193
2024-02-08,688681
2024-02-08,300929
2024-02-08,600768
2024-02-08,688178
2024-02-08,300013
2024-02-08,688309
2024-02-08,300321
2024-02-08,002652
2024-02-08,688067
2024-02-08,300854
2024-02-08,600455
2024-02-08,001211
2024-02-08,300886
2024-02-08,300329
2024-02-08,300626
2024-02-08,300069
2024-02-08,688528
2024-02-08,300836
2024-02-08,300665
2024-02-08,603316
2024-02-08,688367
2024-02-08,300163
2024-02-08,603272
2024-02-08,300635
2024-02-08,603709
2024-02-08,688659
2024-02-08,301125
2024-02-08,688679
2024-02-08,301040
2024-02-08,300478
2024-02-08,688655
2024-02-08,301079
2024-02-08,301027
2024-02-08,002629
2024-02-08,688251
2024-02-08,002719
2024-02-08,600561
2024-02-08,301105
2024-02-08,300717
2024-02-08,300535
2024-02-08,300749
2024-02-08,603139
2024-02-08,300923
2024-02-08,688296
2024-02-08,002778
2024-02-08,688171
2024-02-08,000953
2024-02-08,002591
2024-02-08,301336
2024-02-08,002207
2024-02-08,002188
2024-02-08,605303
2024-02-08,688607
2024-02-08,600137
2024-02-08,300931
2024-02-08,002862
2024-02-08,300845
2024-02-08,301209
2024-02-08,300521
2024-02-08,301098
2024-02-08,688229
2024-02-08,688193
2024-02-08,300912
2024-02-08,301228
2024-02-08,301037
2024-02-08,301024
2024-02-08,300865
2024-02-08,301273
2024-02-08,300103
2024-02-08,301182
2024-02-08,301049
2024-02-08,300807
2024-02-08,002861
2024-02-08,002494
2024-02-08,002247
2024-02-08,605069
2024-02-08,300956
2024-02-08,002830
2024-02-08,002836
2024-02-08,300935
2024-02-08,300844
2024-02-08,301010
2024-02-08,301178
2024-02-08,600234
2024-02-08,600302
2024-02-22,688701
2024-02-22,688565
2024-02-22,688096
2024-02-22,688215
2024-02-22,688021
2024-02-22,688038
2024-02-22,688081
2024-02-22,688178
2024-02-22,300417
2024-02-22,002856
2024-02-22,688681
2024-02-22,002633
2024-02-22,688067
2024-02-22,600539
2024-02-22,002193
2024-02-22,600847
2024-02-22,300929
2024-02-22,600768
2024-02-22,688367
2024-02-22,600455
2024-02-22,300013
2024-02-22,688309
2024-02-22,002652
2024-02-22,603316
2024-02-22,001211
2024-02-22,300854
2024-02-22,300995
2024-02-22,688004
2024-02-22,300665
2024-02-22,688251
2024-02-22,300069
2024-02-22,300886
2024-02-22,688659
2024-02-22,300329
2024-02-22,688679
2024-02-22,688607
2024-02-22,300626
2024-02-22,688528
2024-02-22,300717
2024-02-22,300535
2024-02-22,603272
2024-02-22,300163
2024-02-22,301040
2024-02-22,301079
2024-02-22,688655
2024-02-22,600561
2024-02-22,002629
2024-02-22,600137
2024-02-22,301125
2024-02-22,603709
2024-02-22,301024
2024-02-22,688193
2024-02-22,688296
2024-02-22,301273
2024-02-22,688171
2024-02-22,002188
2024-02-22,301105
2024-02-22,300749
2024-02-22,002719
2024-02-22,301037
2024-02-22,301027
2024-02-22,301228
2024-02-22,002207
2024-02-22,300103
2024-02-22,301336
2024-02-22,300923
2024-02-22,002778
2024-02-22,300478
2024-02-22,300836
2024-02-22,002247
2024-02-22,300931
2024-02-22,605303
2024-02-22,000953
2024-02-22,300865
2024-02-22,603139
2024-02-22,300321
2024-02-22,301098
2024-02-22,002591
2024-02-22,301049
2024-02-22,301010
2024-02-22,300635
2024-02-22,301209
2024-02-22,002494
2024-02-22,002830
2024-02-22,002861
2024-02-22,688229
2024-02-22,301182
2024-02-22,300521
2024-02-22,605069
2024-02-22,002836
2024-02-22,600778
2024-02-22,688013
2024-02-22,688329
2024-02-22,688379
2024-02-22,688395
2024-02-22,301167
2024-02-22,301057
2024-02-22,000679
2024-02-22,300594
2024-02-22,300961
2024-03-07,688701
2024-03-07,688565
2024-03-07,688096
2024-03-07,688021
2024-03-07,688178
2024-03-07,688038
2024-03-07,002856
2024-03-07,688081
2024-03-07,688681
2024-03-07,688067
2024-03-07,600539
2024-03-07,002633
2024-03-07,688215
2024-03-07,300417
2024-03-07,300929
2024-03-07,600768
2024-03-07,600847
2024-03-07,001211
2024-03-07,688679
2024-03-07,002193
2024-03-07,688296
2024-03-07,688659
2024-03-07,688367
2024-03-07,688004
2024-03-07,600455
2024-03-07,603316
2024-03-07,002652
2024-03-07,300854
2024-03-07,300665
2024-03-07,688607
2024-03-07,603709
2024-03-07,300329
2024-03-07,688193
2024-03-07,300069
2024-03-07,300886
2024-03-07,300995
2024-03-07,002778
2024-03-07,600561
2024-03-07,300635
2024-03-07,300535
2024-03-07,300717
2024-03-07,301336
2024-03-07,300163
2024-03-07,688309
2024-03-07,301027
2024-03-07,603139
2024-03-07,688528
2024-03-07,300321
2024-03-07,688251
2024-03-07,600137
2024-03-07,300749
2024-03-07,301273
2024-03-07,301098
2024-03-07,002629
2024-03-07,301024
2024-03-07,605303
2024-03-07,603272
2024-03-07,002188
2024-03-07,688329
2024-03-07,300626
2024-03-07,301040
2024-03-07,301079
2024-03-07,301037
2024-03-07,301228
2024-03-07,000953
2024-03-07,002247
2024-03-07,688655
2024-03-07,002207
2024-03-07,002719
2024-03-07,301105
2024-03-07,688013
2024-03-07,301167
2024-03-07,688229
2024-03-07,301010
2024-03-07,600778
2024-03-07,300923
2024-03-07,300478
2024-03-07,300865
2024-03-07,301057
2024-03-07,688171
2024-03-07,688379
2024-03-07,002830
2024-03-07,002494
2024-03-07,301209
2024-03-07,000679
2024-03-07,300013
2024-03-07,300103
2024-03-07,688395
2024-03-07,300931
2024-03-07,002836
2024-03-07,300521
2024-03-07,300920
2024-03-07,688217
2024-03-07,301300
2024-03-07,000702
2024-03-07,600493
2024-03-07,300816
2024-03-07,300948
2024-03-07,688485
2024-03-07,603226
2024-03-21,688701
2024-03-21,688565
2024-03-21,688096
2024-03-21,688178
2024-03-21,688021
2024-03-21,688038
2024-03-21,688215
2024-03-21,002856
2024-03-21,300417
2024-03-21,688081
2024-03-21,688681
2024-03-21,688367
2024-03-21,600539
2024-03-21,001211
2024-03-21,600768
2024-03-21,300929
2024-03-21,002193
2024-03-21,002633
2024-03-21,688679
2024-03-21,688296
2024-03-21,688659
2024-03-21,600455
2024-03-21,688004
2024-03-21,300854
2024-03-21,600847
2024-03-21,688309
2024-03-21,300665
2024-03-21,300886
2024-03-21,688193
2024-03-21,688251
2024-03-21,688607
2024-03-21,300163
2024-03-21,603272
2024-03-21,688067
2024-03-21,603316
2024-03-21,300329
2024-03-21,600137
2024-03-21,002629
2024-03-21,300635
2024-03-21,002652
2024-03-21,603709
2024-03-21,301336
2024-03-21,300069
2024-03-21,301040
2024-03-21,300717
2024-03-21,688528
2024-03-21,002778
2024-03-21,300535
2024-03-21,600561
2024-03-21,301027
2024-03-21,002207
2024-03-21,300478
2024-03-21,301105
2024-03-21,301079
2024-03-21,301098
2024-03-21,300749
2024-03-21,688655
2024-03-21,301273
2024-03-21,605303
2024-03-21,300013
2024-03-21,688171
2024-03-21,301228
2024-03-21,300626
2024-03-21,301024
2024-03-21,300103
2024-03-21,000953
2024-03-21,002719
2024-03-21,301037
2024-03-21,300923
2024-03-21,600778
2024-03-21,301167
2024-03-21,688013
2024-03-21,002188
2024-03-21,688379
2024-03-21,300321
2024-03-21,301010
2024-03-21,688485
2024-03-21,300865
2024-03-21,002247
2024-03-21,000679
2024-03-21,301057
2024-03-21,688229
2024-03-21,301209
2024-03-21,688395
2024-03-21,002830
2024-03-21,002494
2024-03-21,300920
2024-03-21,300931
2024-03-21,300948
2024-03-21,301300
2024-03-21,603139
2024-03-21,002836
2024-03-21,300995
2024-03-21,600493
2024-03-21,688622
2024-03-21,605069
2024-03-21,002205
2024-03-21,300594
2024-03-21,301198
2024-03-21,688616
2024-04-08,688701
2024-04-08,688565
2024-04-08,688096
2024-04-08,688021
2024-04-08,688038
2024-04-08,688178
2024-04-08,688215
2024-04-08,688081
2024-04-08,688681
2024-04-08,688004
2024-04-08,688659
2024-04-08,688296
2024-04-08,688067
2024-04-08,300417
2024-04-08,002856
2024-04-08,688367
2024-04-08,600539
2024-04-08,002633
2024-04-08,002193
2024-04-08,300013
2024-04-08,688679
2024-04-08,300929
2024-04-08,688251
2024-04-08,688193
2024-04-08,688607
2024-04-08,600455
2024-04-08,300886
2024-04-08,600847
2024-04-08,001211
2024-04-08,300163
2024-04-08,688309
2024-04-08,300854
2024-04-08,300635
2024-04-08,002629
2024-04-08,688229
2024-04-08,300069
2024-04-08,301336
2024-04-08,300329
2024-04-08,603272
2024-04-08,301273
2024-04-08,300478
2024-04-08,688171
2024-04-08,300665
2024-04-08,603709
2024-04-08,688528
2024-04-08,688622
2024-04-08,301105
2024-04-08,301040
2024-04-08,600137
2024-04-08,688655
2024-04-08,301098
2024-04-08,300626
2024-04-08,301079
2024-04-08,002652
2024-04-08,300749
2024-04-08,688013
2024-04-08,300865
2024-04-08,300717
2024-04-08,300535
2024-04-08,300923
2024-04-08,603316
2024-04-08,605303
2024-04-08,002247
2024-04-08,688485
2024-04-08,301027
2024-04-08,000953
2024-04-08,301167
2024-04-08,301024
2024-04-08,688395
2024-04-08,002188
2024-04-08,600561
2024-04-08,600768
2024-04-08,688379
2024-04-08,600778
2024-04-08,301037
2024-04-08,301057
2024-04-08,301010
2024-04-08,002778
2024-04-08,300931
2024-04-08,002205
2024-04-08,000679
2024-04-08,300948
2024-04-08,300594
2024-04-08,002830
2024-04-08,301198
2024-04-08,301209
2024-04-08,002494
2024-04-08,600234
2024-04-08,300405
2024-04-08,301125
2024-04-08,300836
2024-04-08,688217
2024-04-08,301178
2024-04-08,688329
2024-04-08,688115
2024-04-08,688288
2024-04-08,300845
2024-04-08,300030
2024-04-08,300935
2024-04-08,301001
2024-04-18,688701
2024-04-18,688565
2024-04-18,688096
2024-04-18,688021
2024-04-18,688038
2024-04-18,688178
2024-04-18,688081
2024-04-18,002856
2024-04-18,688215
2024-04-18,300417
2024-04-18,688004
2024-04-18,002193
2024-04-18,688296
2024-04-18,300163
2024-04-18,002633
2024-04-18,688659
2024-04-18,688681
2024-04-18,300013
2024-04-18,600539
2024-04-18,688067
2024-04-18,600847
2024-04-18,002629
2024-04-18,300929
2024-04-18,600234
2024-04-18,688367
2024-04-18,300329
2024-04-18,688607
2024-04-18,600455
2024-04-18,002652
2024-04-18,300886
2024-04-18,300854
2024-04-18,688251
2024-04-18,688679
2024-04-18,300069
2024-04-18,300635
2024-04-18,603316
2024-04-18,600768
2024-04-18,301040
2024-04-18,000953
2024-04-18,688309
2024-04-18,688229
2024-04-18,688193
2024-04-18,603272
2024-04-18,002247
2024-04-18,300626
2024-04-18,001211
2024-04-18,300405
2024-04-18,688622
2024-04-18,301105
2024-04-18,600561
2024-04-18,301336
2024-04-18,301273
2024-04-18,000679
2024-04-18,688655
2024-04-18,300478
2024-04-18,301027
2024-04-18,605303
2024-04-18,603709
2024-04-18,301098
2024-04-18,688171
2024-04-18,300665
2024-04-18,300535
2024-04-18,300749
2024-04-18,600137
2024-04-18,301024
2024-04-18,600778
2024-04-18,301178
2024-04-18,301079
2024-04-18,301037
2024-04-18,002188
2024-04-18,300935
2024-04-18,688288
2024-04-18,301010
2024-04-18,300865
2024-04-18,688115
2024-04-18,002205
2024-04-18,688528
2024-04-18,688013
2024-04-18,300836
2024-04-18,688485
2024-04-18,688379
2024-04-18,002494
2024-04-18,688395
2024-04-18,300923
2024-04-18,301125
2024-04-18,688217
2024-04-18,301167
2024-04-18,300103
2024-04-18,002719
2024-04-18,002591
2024-04-18,300521
2024-04-18,300912
2024-04-18,300385
2024-04-18,300106
2024-04-18,301228
2024-04-18,300920
2024-04-18,688051
2024-04-18,603616
2024-04-18,000702
2024-04-18,605069
2024-05-06,688701
2024-05-06,688565
2024-05-06,688021
2024-05-06,688096
2024-05-06,688178
2024-05-06,688215
2024-05-06,688081
2024-05-06,002856
2024-05-06,688004
2024-05-06,300417
2024-05-06,002193
2024-05-06,688681
2024-05-06,002633
2024-05-06,002629
2024-05-06,600539
2024-05-06,688038
2024-05-06,600455
2024-05-06,688067
2024-05-06,600768
2024-05-06,688659
2024-05-06,600847
2024-05-06,300929
2024-05-06,688679
2024-05-06,300329
2024-05-06,300635
2024-05-06,688296
2024-05-06,688367
2024-05-06,688309
2024-05-06,300854
2024-05-06,603316
2024-05-06,000679
2024-05-06,300665
2024-05-06,300069
2024-05-06,688251
2024-05-06,688607
2024-05-06,300478
2024-05-06,002247
2024-05-06,603272
2024-05-06,000953
2024-05-06,301040
2024-05-06,002652
2024-05-06,301027
2024-05-06,600561
2024-05-06,688229
2024-05-06,300103
2024-05-06,002719
2024-05-06,001211
2024-05-06,300405
2024-05-06,605303
2024-05-06,688655
2024-05-06,688193
2024-05-06,300749
2024-05-06,688622
2024-05-06,301273
2024-05-06,300886
2024-05-06,301079
2024-05-06,301098
2024-05-06,603709
2024-05-06,301336
2024-05-06,600137
2024-05-06,301228
2024-05-06,002188
2024-05-06,301105
2024-05-06,300912
2024-05-06,688171
2024-05-06,002591
2024-05-06,603616
2024-05-06,300935
2024-05-06,301178
2024-05-06,002205
2024-05-06,600778
2024-05-06,688485
2024-05-06,300535
2024-05-06,300521
2024-05-06,301024
2024-05-06,301125
2024-05-06,300626
2024-05-06,301037
2024-05-06,688395
2024-05-06,301167
2024-05-06,300106
2024-05-06,688013
2024-05-06,301010
2024-05-06,300385
2024-05-06,688379
2024-05-06,300923
2024-05-06,688115
2024-05-06,002494
2024-05-06,300865
2024-05-06,688528
2024-05-06,300948
2024-05-06,605178
2024-05-06,688329
2024-05-06,002207
2024-05-06,002072
2024-05-06,600493
2024-05-06,603226
2024-05-06,603139
2024-05-06,002861
2024-05-06,600234
2024-05-16,688701
2024-05-16,688565
2024-05-16,688021
2024-05-16,688096
2024-05-16,688215
2024-05-16,688004
2024-05-16,688081
2024-05-16,002629
2024-05-16,688178
2024-05-16,300417
2024-05-16,002193
2024-05-16,002633
2024-05-16,688038
2024-05-16,688681
2024-05-16,002856
2024-05-16,600539
2024-05-16,600455
2024-05-16,688067
2024-05-16,688659
2024-05-16,688367
2024-05-16,688251
2024-05-16,688309
2024-05-16,600768
2024-05-16,300929
2024-05-16,688679
2024-05-16,300329
2024-05-16,300665
2024-05-16,688296
2024-05-16,300478
2024-05-16,688607
2024-05-16,603272
2024-05-16,300854
2024-05-16,000953
2024-05-16,000679
2024-05-16,002247
2024-05-16,600847
2024-05-16,301040
2024-05-16,688229
2024-05-16,688655
2024-05-16,300635
2024-05-16,002652
2024-05-16,002719
2024-05-16,301027
2024-05-16,600561
2024-05-16,300405
2024-05-16,001211
2024-05-16,300912
2024-05-16,688329
2024-05-16,688193
2024-05-16,688485
2024-05-16,300103
2024-05-16,688622
2024-05-16,301273
2024-05-16,301079
2024-05-16,603316
2024-05-16,300948
2024-05-16,300521
2024-05-16,688171
2024-05-16,301228
2024-05-16,600137
2024-05-16,002591
2024-05-16,002207
2024-05-16,300886
2024-05-16,688379
2024-05-16,301336
2024-05-16,301178
2024-05-16,688395
2024-05-16,301098
2024-05-16,300749
2024-05-16,300935
2024-05-16,688013
2024-05-16,300069
2024-05-16,301125
2024-05-16,301024
2024-05-16,300535
2024-05-16,603616
2024-05-16,688115
2024-05-16,301105
2024-05-16,688528
2024-05-16,300923
2024-05-16,002205
2024-05-16,300626
2024-05-16,605178
2024-05-16,600778
2024-05-16,605303
2024-05-16,002072
2024-05-16,603709
2024-05-16,600493
2024-05-16,603226
2024-05-16,300385
2024-05-16,603139
2024-05-16,301037
2024-05-16,002861
2024-05-16,300106
2024-05-16,688217
2024-05-16,688335
2024-05-16,688288
2024-05-16,300030
2024-05-16,000890
2024-05-16,688118
2024-05-30,688701
2024-05-30,688565
2024-05-30,688021
2024-05-30,688096
2024-05-30,688004
2024-05-30,002193
2024-05-30,002629
2024-05-30,688215
2024-05-30,688081
2024-05-30,300417
2024-05-30,002633
2024-05-30,688178
2024-05-30,600539
2024-05-30,688681
2024-05-30,688067
2024-05-30,603272
2024-05-30,000679
2024-05-30,600455
2024-05-30,688309
2024-05-30,688679
2024-05-30,300329
2024-05-30,600847
2024-05-30,688038
2024-05-30,600768
2024-05-30,300478
2024-05-30,002856
2024-05-30,000953
2024-05-30,300929
2024-05-30,688659
2024-05-30,688251
2024-05-30,300665
2024-05-30,300635
2024-05-30,688229
2024-05-30,603316
2024-05-30,300854
2024-05-30,688367
2024-05-30,301027
2024-05-30,301040
2024-05-30,002652
2024-05-30,688607
2024-05-30,002247
2024-05-30,600561
2024-05-30,688655
2024-05-30,002207
2024-05-30,001211
2024-05-30,300749
2024-05-30,688296
2024-05-30,000890
2024-05-30,688193
2024-05-30,605303
2024-05-30,300103
2024-05-30,301228
2024-05-30,301273
2024-05-30,300912
2024-05-30,605178
2024-05-30,603226
2024-05-30,603616
2024-05-30,301336
2024-05-30,301079
2024-05-30,002719
2024-05-30,688329
2024-05-30,002591
2024-05-30,603709
2024-05-30,688485
2024-05-30,600137
2024-05-30,300948
2024-05-30,301098
2024-05-30,002072
2024-05-30,688013
2024-05-30,300935
2024-05-30,300886
2024-05-30,688622
2024-05-30,688217
2024-05-30,688288
2024-05-30,002205
2024-05-30,301125
2024-05-30,300923
2024-05-30,688171
2024-05-30,301037
2024-05-30,688379
2024-05-30,600493
2024-05-30,600778
2024-05-30,301178
2024-05-30,300385
2024-05-30,301105
2024-05-30,300030
2024-05-30,002861
2024-05-30,688395
2024-05-30,688335
2024-05-30,300535
2024-05-30,688115
2024-05-30,301024
2024-05-30,603139
2024-05-30,300242
2024-05-30,603716
2024-05-30,002494
2024-05-30,301167
2024-05-30,600302
2024-05-30,002778
2024-05-30,002316
2024-06-13,688701
2024-06-13,688021
2024-06-13,688565
2024-06-13,002193
2024-06-13,002629
2024-06-13,688096
2024-06-13,688004
2024-06-13,600539
2024-06-13,002633
2024-06-13,000679
2024-06-13,688081
2024-06-13,603272
2024-06-13,688178
2024-06-13,000953
2024-06-13,688215
2024-06-13,300329
2024-06-13,600455
2024-06-13,300665
2024-06-13,600768
2024-06-13,688679
2024-06-13,688309
2024-06-13,600847
2024-06-13,300478
2024-06-13,688659
2024-06-13,688067
2024-06-13,688681
2024-06-13,603316
2024-06-13,300929
2024-06-13,300635
2024-06-13,301027
2024-06-13,301040
2024-06-13,300854
2024-06-13,002719
2024-06-13,600561
2024-06-13,688296
2024-06-13,002247
2024-06-13,300417
2024-06-13,688367
2024-06-13,688038
2024-06-13,300912
2024-06-13,000890
2024-06-13,002207
2024-06-13,300749
2024-06-13,688251
2024-06-13,603616
2024-06-13,688607
2024-06-13,605178
2024-06-13,605303
2024-06-13,603226
2024-06-13,301273
2024-06-13,688229
2024-06-13,001211
2024-06-13,002072
2024-06-13,688193
2024-06-13,002205
2024-06-13,002591
2024-06-13,300242
2024-06-13,301228
2024-06-13,300385
2024-06-13,688622
2024-06-13,002652
2024-06-13,301336
2024-06-13,300030
2024-06-13,600778
2024-06-13,688329
2024-06-13,600137
2024-06-13,301098
2024-06-13,600493
2024-06-13,688485
2024-06-13,300948
2024-06-13,002494
2024-06-13,301024
2024-06-13,603716
2024-06-13,300935
2024-06-13,300886
2024-06-13,603709
2024-06-13,301105
2024-06-13,301079
2024-06-13,688217
2024-06-13,002316
2024-06-13,688013
2024-06-13,600302
2024-06-13,688395
2024-06-13,301037
2024-06-13,301125
2024-06-13,301178
2024-06-13,300535
2024-06-13,688335
2024-06-13,688379
2024-06-13,603139
2024-06-13,300923
2024-06-13,300103
2024-06-13,300405
2024-06-13,002775
2024-06-13,002910
2024-06-13,002622
2024-06-13,603955
2024-06-13,300640
2024-06-13,300069
2024-06-13,301010
2024-06-27,002629
2024-06-27,688565
2024-06-27,688021
2024-06-27,688701
2024-06-27,002193
2024-06-27,688096
2024-06-27,600539
2024-06-27,000679
2024-06-27,000953
2024-06-27,002633
2024-06-27,688004
2024-06-27,688178
2024-06-27,603272
2024-06-27,688081
2024-06-27,300329
2024-06-27,600455
2024-06-27,688679
2024-06-27,600768
2024-06-27,688215
2024-06-27,688659
2024-06-27,600847
2024-06-27,688309
2024-06-27,300665
2024-06-27,603316
2024-06-27,300929
2024-06-27,688067
2024-06-27,300478
2024-06-27,301040
2024-06-27,300405
2024-06-27,300854
2024-06-27,300635
2024-06-27,688681
2024-06-27,600561
2024-06-27,002719
2024-06-27,688296
2024-06-27,000890
2024-06-27,688193
2024-06-27,688367
2024-06-27,300912
2024-06-27,002207
2024-06-27,300749
2024-06-27,002072
2024-06-27,300242
2024-06-27,605303
2024-06-27,300417
2024-06-27,688251
2024-06-27,688622
2024-06-27,688038
2024-06-27,688607
2024-06-27,002591
2024-06-27,001211
2024-06-27,002247
2024-06-27,688217
2024-06-27,301273
2024-06-27,301228
2024-06-27,300385
2024-06-27,002775
2024-06-27,688329
2024-06-27,300030
2024-06-27,688229
2024-06-27,600137
2024-06-27,603716
2024-06-27,300069
2024-06-27,002205
2024-06-27,688485
2024-06-27,603226
2024-06-27,301336
2024-06-27,603955
2024-06-27,603709
2024-06-27,600493
2024-06-27,002622
2024-06-27,002494
2024-06-27,603616
2024-06-27,600302
2024-06-27,688013
2024-06-27,688335
2024-06-27,300886
2024-06-27,002910
2024-06-27,600778
2024-06-27,688379
2024-06-27,301098
2024-06-27,300948
2024-06-27,300640
2024-06-27,688395
2024-06-27,301037
2024-06-27,301010
2024-06-27,300535
2024-06-27,301024
2024-06-27,603880
2024-06-27,300220
2024-06-27,002667
2024-06-27,002486
2024-06-27,600149
2024-06-27,688272
2024-06-27,600448
2024-06-27,002513
2024-06-27,688171
2024-06-27,002094
2024-06-27,603729
2024-06-27,600156
2024-07-11,688701
2024-07-11,688021
2024-07-11,002629
2024-07-11,688096
2024-07-11,688565
2024-07-11,002193
2024-07-11,688004
2024-07-11,688178
2024-07-11,600539
2024-07-11,603272
2024-07-11,688679
2024-07-11,600455
2024-07-11,688215
2024-07-11,002633
2024-07-11,688659
2024-07-11,600768
2024-07-11,688081
2024-07-11,000953
2024-07-11,688309
2024-07-11,603316
2024-07-11,301040
2024-07-11,300478
2024-07-11,300929
2024-07-11,300665
2024-07-11,688067
2024-07-11,000679
2024-07-11,688681
2024-07-11,300329
2024-07-11,603880
2024-07-11,688251
2024-07-11,688367
2024-07-11,688296
2024-07-11,300635
2024-07-11,300405
2024-07-11,300854
2024-07-11,688038
2024-07-11,600847
2024-07-11,002719
2024-07-11,605303
2024-07-11,688607
2024-07-11,688193
2024-07-11,688217
2024-07-11,002207
2024-07-11,000890
2024-07-11,002072
2024-07-11,300749
2024-07-11,002622
2024-07-11,688329
2024-07-11,002591
2024-07-11,603955
2024-07-11,603616
2024-07-11,001211
2024-07-11,688485
2024-07-11,300220
2024-07-11,688622
2024-07-11,301273
2024-07-11,300030
2024-07-11,300385
2024-07-11,603716
2024-07-11,002205
2024-07-11,002775
2024-07-11,002494
2024-07-11,600561
2024-07-11,600137
2024-07-11,688272
2024-07-11,603709
2024-07-11,600778
2024-07-11,603729
2024-07-11,600302
2024-07-11,301098
2024-07-11,301336
2024-07-11,002667
2024-07-11,688171
2024-07-11,600493
2024-07-11,002910
2024-07-11,688379
2024-07-11,002513
2024-07-11,600156
2024-07-11,688013
2024-07-11,688395
2024-07-11,688335
2024-07-11,688229
2024-07-11,603226
2024-07-11,300069
2024-07-11,300640
2024-07-11,002486
2024-07-11,300535
2024-07-11,301010
2024-07-11,300886
2024-07-11,300417
2024-07-11,301024
2024-07-11,002856
2024-07-11,301027
2024-07-11,300736
2024-07-11,002652
2024-07-11,002188
2024-07-11,605178
2024-07-11,301105
2024-07-11,002316
2024-07-11,300935
2024-07-25,688701
2024-07-25,688021
2024-07-25,002629
2024-07-25,688096
2024-07-25,688217
2024-07-25,688565
2024-07-25,688004
2024-07-25,688178
2024-07-25,603272
2024-07-25,600539
2024-07-25,688659
2024-07-25,688679
2024-07-25,002193
2024-07-25,688215
2024-07-25,600768
2024-07-25,600455
2024-07-25,688681
2024-07-25,688081
2024-07-25,688067
2024-07-25,300929
2024-07-25,603316
2024-07-25,300478
2024-07-25,688296
2024-07-25,300329
2024-07-25,688309
2024-07-25,300665
2024-07-25,002856
2024-07-25,603880
2024-07-25,688607
2024-07-25,300405
2024-07-25,300635
2024-07-25,300417
2024-07-25,688251
2024-07-25,002207
2024-07-25,688038
2024-07-25,000953
2024-07-25,688193
2024-07-25,688329
2024-07-25,002719
2024-07-25,002072
2024-07-25,300854
2024-07-25,300749
2024-07-25,002633
2024-07-25,603955
2024-07-25,000890
2024-07-25,002622
2024-07-25,300736
2024-07-25,605303
2024-07-25,600847
2024-07-25,688367
2024-07-25,688272
2024-07-25,688622
2024-07-25,001211
2024-07-25,300220
2024-07-25,603709
2024-07-25,301273
2024-07-25,301027
2024-07-25,002775
2024-07-25,000679
2024-07-25,603729
2024-07-25,002494
2024-07-25,300030
2024-07-25,300385
2024-07-25,002591
2024-07-25,002205
2024-07-25,603616
2024-07-25,301040
2024-07-25,301098
2024-07-25,600137
2024-07-25,600493
2024-07-25,688229
2024-07-25,600302
2024-07-25,300069
2024-07-25,300535
2024-07-25,688379
2024-07-25,603226
2024-07-25,688171
2024-07-25,688013
2024-07-25,688395
2024-07-25,002667
2024-07-25,301336
2024-07-25,688335
2024-07-25,600156
2024-07-25,300640
2024-07-25,002188
2024-07-25,605178
2024-07-25,002486
2024-07-25,301010
2024-07-25,300912
2024-07-25,688328
2024-07-25,300242
2024-07-25,300591
2024-07-25,002247
2024-07-25,688655
2024-07-25,002778
2024-07-25,301228
2024-07-25,603139
2024-07-25,301167
2024-07-25,600857
2024-07-25,600319
2024-08-08,688021
2024-08-08,688701
2024-08-08,688096
2024-08-08,688565
2024-08-08,002629
2024-08-08,688004
2024-08-08,688178
2024-08-08,688217
2024-08-08,688215
2024-08-08,688659
2024-08-08,688679
2024-08-08,600539
2024-08-08,688681
2024-08-08,603272
2024-08-08,300478
2024-08-08,688081
2024-08-08,688296
2024-08-08,688067
2024-08-08,600455
2024-08-08,002193
2024-08-08,688309
2024-08-08,300929
2024-08-08,688607
2024-08-08,300665
2024-08-08,603316
2024-08-08,002856
2024-08-08,301040
2024-08-08,600768
2024-08-08,300417
2024-08-08,688251
2024-08-08,688038
2024-08-08,603880
2024-08-08,300854
2024-08-08,688193
2024-08-08,300635
2024-08-08,688367
2024-08-08,300405
2024-08-08,300220
2024-08-08,600847
2024-08-08,605303
2024-08-08,688329
2024-08-08,002633
2024-08-08,300749
2024-08-08,688272
2024-08-08,002719
2024-08-08,300736
2024-08-08,301273
2024-08-08,300912
2024-08-08,301027
2024-08-08,001211
2024-08-08,300329
2024-08-08,688171
2024-08-08,688622
2024-08-08,000890
2024-08-08,688655
2024-08-08,600137
2024-08-08,603709
2024-08-08,688395
2024-08-08,688328
2024-08-08,688379
2024-08-08,603616
2024-08-08,688229
2024-08-08,603226
2024-08-08,300535
2024-08-08,603955
2024-08-08,301336
2024-08-08,301098
2024-08-08,301228
2024-08-08,300385
2024-08-08,600493
2024-08-08,688013
2024-08-08,002622
2024-08-08,002207
2024-08-08,002494
2024-08-08,688335
2024-08-08,002591
2024-08-08,603729
2024-08-08,002188
2024-08-08,300640
2024-08-08,301010
2024-08-08,301167
2024-08-08,002247
2024-08-08,002205
2024-08-08,300591
2024-08-08,688485
2024-08-08,688118
2024-08-08,688619
2024-08-08,300995
2024-08-08,300948
2024-08-08,688528
2024-08-08,002513
2024-08-08,688227
2024-08-08,688156
2024-08-08,301105
2024-08-08,002910
2024-08-08,300955
2024-08-08,688669
2024-08-08,688316
2024-08-08,301037
2024-08-08,300877
2024-08-22,688021
2024-08-22,688701
2024-08-22,688565
2024-08-22,002629
2024-08-22,688096
2024-08-22,688178
2024-08-22,688004
2024-08-22,688215
2024-08-22,688659
2024-08-22,688679
2024-08-22,688217
2024-08-22,600539
2024-08-22,688681
2024-08-22,688081
2024-08-22,603272
2024-08-22,688067
2024-08-22,688607
2024-08-22,002856
2024-08-22,688296
2024-08-22,600768
2024-08-22,688309
2024-08-22,600455
2024-08-22,300929
2024-08-22,603316
2024-08-22,688038
2024-08-22,688251
2024-08-22,300635
2024-08-22,300854
2024-08-22,002193
2024-08-22,605303
2024-08-22,688367
2024-08-22,688193
2024-08-22,002719
2024-08-22,300478
2024-08-22,603880
2024-08-22,688329
2024-08-22,300329
2024-08-22,300736
2024-08-22,300665
2024-08-22,603955
2024-08-22,300220
2024-08-22,688272
2024-08-22,300405
2024-08-22,300749
2024-08-22,001211
2024-08-22,000890
2024-08-22,300417
2024-08-22,301027
2024-08-22,300912
2024-08-22,688171
2024-08-22,301273
2024-08-22,600847
2024-08-22,688485
2024-08-22,603616
2024-08-22,603709
2024-08-22,603226
2024-08-22,688622
2024-08-22,301336
2024-08-22,002205
2024-08-22,603729
2024-08-22,688328
2024-08-22,688335
2024-08-22,002622
2024-08-22,300535
2024-08-22,002633
2024-08-22,688379
2024-08-22,688655
2024-08-22,600137
2024-08-22,600493
2024-08-22,301098
2024-08-22,688118
2024-08-22,002494
2024-08-22,688395
2024-08-22,688013
2024-08-22,002188
2024-08-22,301040
2024-08-22,002207
2024-08-22,002591
2024-08-22,688619
2024-08-22,300948
2024-08-22,688156
2024-08-22,688528
2024-08-22,688669
2024-08-22,300995
2024-08-22,300955
2024-08-22,688227
2024-08-22,301167
2024-08-22,300640
2024-08-22,002910
2024-08-22,000679
2024-08-22,002778
2024-08-22,603139
2024-08-22,600857
2024-08-22,688051
2024-08-22,000632
2024-08-22,600149
2024-08-22,600302
2024-08-22,002798
2024-08-22,003011
2024-08-22,600448
2024-09-05,688701
2024-09-05,688021
2024-09-05,688565
2024-09-05,688178
2024-09-05,688096
2024-09-05,002629
2024-09-05,688217
2024-09-05,688215
2024-09-05,688004
2024-09-05,688679
2024-09-05,688659
2024-09-05,600539
2024-09-05,688309
2024-09-05,002856
2024-09-05,300478
2024-09-05,688296
2024-09-05,688081
2024-09-05,603272
2024-09-05,688067
2024-09-05,688681
2024-09-05,600768
2024-09-05,300929
2024-09-05,688607
2024-09-05,300665
2024-09-05,603316
2024-09-05,688193
2024-09-05,605303
2024-09-05,603955
2024-09-05,688329
2024-09-05,600455
2024-09-05,002719
2024-09-05,688272
2024-09-05,603880
2024-09-05,002193
2024-09-05,688038
2024-09-05,688367
2024-09-05,300220
2024-09-05,300635
2024-09-05,300854
2024-09-05,300736
2024-09-05,301273
2024-09-05,688156
2024-09-05,300405
2024-09-05,000890
2024-09-05,001211
2024-09-05,603709
2024-09-05,688171
2024-09-05,301040
2024-09-05,000679
2024-09-05,300749
2024-09-05,301336
2024-09-05,300329
2024-09-05,603226
2024-09-05,688528
2024-09-05,002207
2024-09-05,300912
2024-09-05,603616
2024-09-05,002494
2024-09-05,300995
2024-09-05,300417
2024-09-05,688485
2024-09-05,688619
2024-09-05,688118
2024-09-05,688335
2024-09-05,600137
2024-09-05,301027
2024-09-05,603729
2024-09-05,688395
2024-09-05,002633
2024-09-05,301098
2024-09-05,300948
2024-09-05,002205
2024-09-05,688622
2024-09-05,688655
2024-09-05,600493
2024-09-05,002188
2024-09-05,002778
2024-09-05,603139
2024-09-05,002910
2024-09-05,688328
2024-09-05,300955
2024-09-05,000632
2024-09-05,688051
2024-09-05,300535
2024-09-05,600857
2024-09-05,002622
2024-09-05,002591
2024-09-05,300385
2024-09-05,688316
2024-09-05,688448
2024-09-05,301125
2024-09-05,688671
2024-09-05,300649
2024-09-05,002718
2024-09-05,301105
2024-09-05,688450
2024-09-05,603716
2024-09-05,000953
2024-09-05,688011
2024-09-05,600847
2024-09-19,688701
2024-09-19,688021
2024-09-19,688565
2024-09-19,688178
2024-09-19,688096
2024-09-19,688217
2024-09-19,688215
2024-09-19,002629
2024-09-19,688004
2024-09-19,688679
2024-09-19,688659
2024-09-19,688309
2024-09-19,688296
2024-09-19,688067
2024-09-19,600539
2024-09-19,603272
2024-09-19,688081
2024-09-19,300478
2024-09-19,688607
2024-09-19,300929
2024-09-19,688681
2024-09-19,688193
2024-09-19,300665
2024-09-19,688329
2024-09-19,603955
2024-09-19,605303
2024-09-19,002856
2024-09-19,688272
2024-09-19,002719
2024-09-19,603880
2024-09-19,300220
2024-09-19,688367
2024-09-19,603316
2024-09-19,688171
2024-09-19,600768
2024-09-19,301273
2024-09-19,002193
2024-09-19,688038
2024-09-19,001211
2024-09-19,300854
2024-09-19,603709
2024-09-19,300329
2024-09-19,301040
2024-09-19,688156
2024-09-19,300405
2024-09-19,301336
2024-09-19,300749
2024-09-19,300995
2024-09-19,000890
2024-09-19,603226
2024-09-19,300417
2024-09-19,688619
2024-09-19,600455
2024-09-19,603729
2024-09-19,300736
2024-09-19,603616
2024-09-19,002633
2024-09-19,688118
2024-09-19,688448
2024-09-19,688328
2024-09-19,688671
2024-09-19,600137
2024-09-19,002494
2024-09-19,688395
2024-09-19,688335
2024-09-19,688316
2024-09-19,688655
2024-09-19,688528
2024-09-19,301027
2024-09-19,603716
2024-09-19,301105
2024-09-19,000679
2024-09-19,301098
2024-09-19,688011
2024-09-19,600493
2024-09-19,300955
2024-09-19,300385
2024-09-19,603139
2024-09-19,688051
2024-09-19,300649
2024-09-19,688450
2024-09-19,301125
2024-09-19,002778
2024-09-19,300535
2024-09-19,300912
2024-09-19,002718
2024-09-19,002188
2024-09-19,688622
2024-09-19,600847
2024-09-19,688251
2024-09-19,688350
2024-09-19,688669
2024-09-19,688013
2024-09-19,002921
2024-09-19,301024
2024-09-19,688670
2024-09-19,301037
2024-09-19,301228
2024-09-19,605069
2024-09-19,688638
2024-10-08,688701
2024-10-08,688021
2024-10-08,688565
2024-10-08,688178
2024-10-08,002629
2024-10-08,603272
2024-10-08,600539
2024-10-08,688096
2024-10-08,688215
2024-10-08,688679
2024-10-08,688217
2024-10-08,688309
2024-10-08,300929
2024-10-08,688067
2024-10-08,600768
2024-10-08,688681
2024-10-08,300478
2024-10-08,002719
2024-10-08,688607
2024-10-08,688659
2024-10-08,603955
2024-10-08,600455
2024-10-08,603880
2024-10-08,605303
2024-10-08,688081
2024-10-08,001211
2024-10-08,603709
2024-10-08,688296
2024-10-08,002193
2024-10-08,300665
2024-10-08,688004
2024-10-08,688193
2024-10-08,002856
2024-10-08,688329
2024-10-08,002633
2024-10-08,603226
2024-10-08,688367
2024-10-08,301273
2024-10-08,300854
2024-10-08,688156
2024-10-08,600137
2024-10-08,600493
2024-10-08,603139
2024-10-08,600847
2024-10-08,301336
2024-10-08,002494
2024-10-08,603316
2024-10-08,688272
2024-10-08,300749
2024-10-08,603729
2024-10-08,000890
2024-10-08,000679
2024-10-08,300405
2024-10-08,002188
2024-10-08,605069
2024-10-08,300220
2024-10-08,002921
2024-10-08,300995
2024-10-08,603616
2024-10-08,688171
2024-10-08,301040
2024-10-08,603716
2024-10-08,688335
2024-10-08,002718
2024-10-08,002778
2024-10-08,300417
2024-10-08,688395
2024-10-08,301105
2024-10-08,300955
2024-10-08,301098
2024-10-08,300535
2024-10-08,301125
2024-10-08,301037
2024-10-08,688013
2024-10-08,688655
2024-10-08,301027
2024-10-08,688038
2024-10-08,688669
2024-10-08,688485
2024-10-08,003011
2024-10-08,600561
2024-10-08,603022
2024-10-08,600857
2024-10-08,002910
2024-10-08,001336
2024-10-08,002857
2024-10-08,002830
2024-10-08,002295
2024-10-08,002798
2024-10-08,600883
2024-10-08,002591
2024-10-08,002513
2024-10-08,000590
2024-10-08,600149
2024-10-08,000632
2024-10-08,603159
2024-10-08,301010
2024-10-08,003003
2024-10-17,688701
2024-10-17,688021
2024-10-17,688565
2024-10-17,688178
2024-10-17,002629
2024-10-17,688217
2024-10-17,688215
2024-10-17,688679
2024-10-17,600539
2024-10-17,603272
2024-10-17,688309
2024-10-17,300478
2024-10-17,688607
2024-10-17,688067
2024-10-17,688659
2024-10-17,300929
2024-10-17,688681
2024-10-17,688096
2024-10-17,603955
2024-10-17,002719
2024-10-17,688329
2024-10-17,688004
2024-10-17,605303
2024-10-17,600768
2024-10-17,300665
2024-10-17,603709
2024-10-17,001211
2024-10-17,002633
2024-10-17,688193
2024-10-17,603880
2024-10-17,002193
2024-10-17,688296
2024-10-17,688081
2024-10-17,301273
2024-10-17,688272
2024-10-17,688367
2024-10-17,603226
2024-10-17,300854
2024-10-17,000679
2024-10-17,600493
2024-10-17,300749
2024-10-17,000890
2024-10-17,688156
2024-10-17,002856
2024-10-17,002188
2024-10-17,300220
2024-10-17,300995
2024-10-17,002494
2024-10-17,688335
2024-10-17,300405
2024-10-17,600137
2024-10-17,600455
2024-10-17,603729
2024-10-17,600847
2024-10-17,603139
2024-10-17,002921
2024-10-17,688171
2024-10-17,603316
2024-10-17,688485
2024-10-17,688395
2024-10-17,603716
2024-10-17,301040
2024-10-17,600857
2024-10-17,002910
2024-10-17,603022
2024-10-17,605069
2024-10-17,001336
2024-10-17,301125
2024-10-17,688013
2024-10-17,600561
2024-10-17,301336
2024-10-17,603616
2024-10-17,301105
2024-10-17,301037
2024-10-17,002295
2024-10-17,002857
2024-10-17,688655
2024-10-17,002718
2024-10-17,688669
2024-10-17,002513
2024-10-17,300955
2024-10-17,002591
2024-10-17,002798
2024-10-17,301010
2024-10-17,300736
2024-10-17,300912
2024-10-17,688671
2024-10-17,300329
2024-10-17,002207
2024-10-17,688251
2024-10-17,300635
2024-10-17,002652
2024-10-17,688350
2024-10-17,300385
2024-10-17,603810
2024-10-17,688619
2024-10-17,300321
2024-10-17,688638
2024-10-17,300970
2024-10-17,002853
2024-10-31,688701
2024-10-31,688021
2024-10-31,688565
2024-10-31,688178
2024-10-31,688217
2024-10-31,688309
2024-10-31,688215
2024-10-31,002629
2024-10-31,688067
2024-10-31,688329
2024-10-31,688679
2024-10-31,688681
2024-10-31,688607
2024-10-31,603880
2024-10-31,002719
2024-10-31,300665
2024-10-31,688156
2024-10-31,300929
2024-10-31,603709
2024-10-31,603272
2024-10-31,002193
2024-10-31,688296
2024-10-31,301273
2024-10-31,300478
2024-10-31,600768
2024-10-31,688659
2024-10-31,605303
2024-10-31,300854
2024-10-31,001211
2024-10-31,688367
2024-10-31,300749
2024-10-31,002856
2024-10-31,688272
2024-10-31,603955
2024-10-31,600539
2024-10-31,300912
2024-10-31,301336
2024-10-31,688096
2024-10-31,688485
2024-10-31,000679
2024-10-31,688335
2024-10-31,002188
2024-10-31,300736
2024-10-31,600493
2024-10-31,603139
2024-10-31,600137
2024-10-31,300405
2024-10-31,300220
2024-10-31,300995
2024-10-31,002921
2024-10-31,002857
2024-10-31,301037
2024-10-31,000890
2024-10-31,301105
2024-10-31,603716
2024-10-31,603226
2024-10-31,603729
2024-10-31,001336
2024-10-31,603022
2024-10-31,002910
2024-10-31,688013
2024-10-31,300329
2024-10-31,300635
2024-10-31,688395
2024-10-31,300955
2024-10-31,688669
2024-10-31,600857
2024-10-31,301010
2024-10-31,002494
2024-10-31,600455
2024-10-31,688655
2024-10-31,688171
2024-10-31,002718
2024-10-31,002207
2024-10-31,603616
2024-10-31,688638
2024-10-31,688251
2024-10-31,688350
2024-10-31,600847
2024-10-31,300970
2024-10-31,603316
2024-10-31,301125
2024-10-31,688619
2024-10-31,603810
2024-10-31,688671
2024-10-31,688004
2024-10-31,002798
2024-10-31,002591
2024-10-31,300948
2024-10-31,300535
2024-10-31,301167
2024-10-31,688573
2024-10-31,001259
2024-10-31,300886
2024-10-31,300717
2024-10-31,301231
2024-10-31,688450
2024-10-31,301228
2024-10-31,301372
2024-10-31,003017
2024-11-14,688701
2024-11-14,688021
2024-11-14,688565
2024-11-14,688178
2024-11-14,688309
2024-11-14,688217
2024-11-14,688215
2024-11-14,688067
2024-11-14,688681
2024-11-14,002193
2024-11-14,688679
2024-11-14,603880
2024-11-14,300929
2024-11-14,688329
2024-11-14,600768
2024-11-14,688659
2024-11-14,688607
2024-11-14,300478
2024-11-14,300665
2024-11-14,001211
2024-11-14,603709
2024-11-14,688156
2024-11-14,605303
2024-11-14,301336
2024-11-14,300854
2024-11-14,002856
2024-11-14,688296
2024-11-14,300749
2024-11-14,600455
2024-11-14,300736
2024-11-14,301273
2024-11-14,688096
2024-11-14,600137
2024-11-14,688367
2024-11-14,688272
2024-11-14,002719
2024-11-14,002188
2024-11-14,603316
2024-11-14,688335
2024-11-14,300405
2024-11-14,600493
2024-11-14,300995
2024-11-14,603729
2024-11-14,688485
2024-11-14,603272
2024-11-14,002629
2024-11-14,300948
2024-11-14,000890
2024-11-14,600847
2024-11-14,300912
2024-11-14,002207
2024-11-14,688013
2024-11-14,301105
2024-11-14,002494
2024-11-14,002921
2024-11-14,603022
2024-11-14,300535
2024-11-14,001336
2024-11-14,301010
2024-11-14,688251
2024-11-14,300329
2024-11-14,301167
2024-11-14,301037
2024-11-14,603616
2024-11-14,688671
2024-11-14,603139
2024-11-14,002910
2024-11-14,300955
2024-11-14,301125
2024-11-14,301228
2024-11-14,300970
2024-11-14,688669
2024-11-14,300717
2024-11-14,003017
2024-11-14,688395
2024-11-14,688655
2024-11-14,002857
2024-11-14,600857
2024-11-14,002591
2024-11-14,301372
2024-11-14,002798
2024-11-14,300635
2024-11-14,300886
2024-11-14,688350
2024-11-14,688450
2024-11-14,688004
2024-11-14,301231
2024-11-14,688171
2024-11-14,002718
2024-11-14,688081
2024-11-14,600561
2024-11-14,301098
2024-11-14,300640
2024-11-14,300649
2024-11-14,600883
2024-11-14,688038
2024-11-14,001231
2024-11-14,002883
2024-11-14,301057
2024-11-14,300931
2024-11-28,688701
2024-11-28,688021
2024-11-28,688565
2024-11-28,688309
2024-11-28,688178
2024-11-28,688217
2024-11-28,688215
2024-11-28,688681
2024-11-28,688067
2024-11-28,688329
2024-11-28,300929
2024-11-28,600768
2024-11-28,688659
2024-11-28,688156
2024-11-28,300665
2024-11-28,688607
2024-11-28,300478
2024-11-28,688096
2024-11-28,688296
2024-11-28,688679
2024-11-28,603880
2024-11-28,002856
2024-11-28,002629
2024-11-28,688272
2024-11-28,300854
2024-11-28,002193
2024-11-28,301273
2024-11-28,301336
2024-11-28,605303
2024-11-28,603709
2024-11-28,603316
2024-11-28,300749
2024-11-28,688367
2024-11-28,688004
2024-11-28,600455
2024-11-28,688485
2024-11-28,002188
2024-11-28,600137
2024-11-28,688335
2024-11-28,300995
2024-11-28,002719
2024-11-28,300912
2024-11-28,001211
2024-11-28,300405
2024-11-28,688081
2024-11-28,600847
2024-11-28,688655
2024-11-28,002207
2024-11-28,301105
2024-11-28,688038
2024-11-28,600493
2024-11-28,301010
2024-11-28,688013
2024-11-28,002921
2024-11-28,300635
2024-11-28,688671
2024-11-28,300886
2024-11-28,000890
2024-11-28,301037
2024-11-28,688171
2024-11-28,603139
2024-11-28,688251
2024-11-28,300535
2024-11-28,688450
2024-11-28,603616
2024-11-28,688395
2024-11-28,301167
2024-11-28,300736
2024-11-28,300955
2024-11-28,603022
2024-11-28,002494
2024-11-28,603272
2024-11-28,301125
2024-11-28,300717
2024-11-28,300329
2024-11-28,688350
2024-11-28,300970
2024-11-28,301098
2024-11-28,300948
2024-11-28,600561
2024-11-28,301372
2024-11-28,301228
2024-11-28,002798
2024-11-28,003017
2024-11-28,002910
2024-11-28,300931
2024-11-28,301057
2024-11-28,600857
2024-11-28,301040
2024-11-28,300417
2024-11-28,600539
2024-11-28,002205
2024-11-28,688638
2024-11-28,688328
2024-11-28,301075
2024-11-28,301024
2024-11-28,300321
2024-11-28,688193
2024-11-28,603716
2024-11-28,300923
2024-12-12,688701
2024-12-12,688021
2024-12-12,688565
2024-12-12,688217
2024-12-12,688309
2024-12-12,688178
2024-12-12,688215
2024-12-12,688096
2024-12-12,688681
2024-12-12,688067
2024-12-12,688659
2024-12-12,688329
2024-12-12,300929
2024-12-12,600768
2024-12-12,688607
2024-12-12,688156
2024-12-12,688679
2024-12-12,688272
2024-12-12,300665
2024-12-12,301273
2024-12-12,300854
2024-12-12,688296
2024-12-12,002856
2024-12-12,300478
2024-12-12,001211
2024-12-12,688485
2024-12-12,688335
2024-12-12,301336
2024-12-12,600455
2024-12-12,603709
2024-12-12,605303
2024-12-12,688004
2024-12-12,600137
2024-12-12,603316
2024-12-12,688367
2024-12-12,600847
2024-12-12,300995
2024-12-12,300912
2024-12-12,688013
2024-12-12,301040
2024-12-12,301105
2024-12-12,688251
2024-12-12,688671
2024-12-12,300948
2024-12-12,688038
2024-12-12,002207
2024-12-12,300749
2024-12-12,603880
2024-12-12,688171
2024-12-12,688655
2024-12-12,300405
2024-12-12,300886
2024-12-12,688193
2024-12-12,301167
2024-12-12,300535
2024-12-12,600493
2024-12-12,300635
2024-12-12,603139
2024-12-12,688395
2024-12-12,301037
2024-12-12,300717
2024-12-12,301372
2024-12-12,301228
2024-12-12,301098
2024-12-12,603022
2024-12-12,300329
2024-12-12,300970
2024-12-12,688638
2024-12-12,301057
2024-12-12,002921
2024-12-12,688328
2024-12-12,301075
2024-12-12,603272
2024-12-12,603616
2024-12-12,688450
2024-12-12,300736
2024-12-12,300923
2024-12-12,600539
2024-12-12,002494
2024-12-12,003017
2024-12-12,600561
2024-12-12,688350
2024-12-12,300321
2024-12-12,002188
2024-12-12,000890
2024-12-12,002910
2024-12-12,300931
2024-12-12,001336
2024-12-12,300649
2024-12-12,002633
2024-12-12,603729
2024-12-12,300594
2024-12-12,301231
2024-12-12,688501
2024-12-12,001259
2024-12-12,603177
2024-12-12,300069
2024-12-12,688528
2024-12-12,603810
2024-12-12,002857
2024-12-26,688701
2024-12-26,688021
2024-12-26,688565
2024-12-26,688309
2024-12-26,688217
2024-12-26,688215
2024-12-26,688178
2024-12-26,688329
2024-12-26,300929
2024-12-26,688659
2024-12-26,688096
2024-12-26,300478
2024-12-26,688067
2024-12-26,688681
2024-12-26,600768
2024-12-26,688607
2024-12-26,605303
2024-12-26,300665
2024-12-26,603316
2024-12-26,603880
2024-12-26,688296
2024-12-26,300854
2024-12-26,688272
2024-12-26,301273
2024-12-26,688004
2024-12-26,688335
2024-12-26,301040
2024-12-26,600847
2024-12-26,002207
2024-12-26,300749
2024-12-26,688156
2024-12-26,600455
2024-12-26,300736
2024-12-26,688485
2024-12-26,300329
2024-12-26,002856
2024-12-26,000890
2024-12-26,300948
2024-12-26,688367
2024-12-26,603709
2024-12-26,301037
2024-12-26,300995
2024-12-26,300912
2024-12-26,688671
2024-12-26,688679
2024-12-26,603616
2024-12-26,600137
2024-12-26,300535
2024-12-26,300635
2024-12-26,301372
2024-12-26,600493
2024-12-26,688251
2024-12-26,002910
2024-12-26,603729
2024-12-26,300886
2024-12-26,603139
2024-12-26,301098
2024-12-26,002921
2024-12-26,001336
2024-12-26,002188
2024-12-26,300970
2024-12-26,301167
2024-12-26,688013
2024-12-26,688450
2024-12-26,300649
2024-12-26,688171
2024-12-26,688038
2024-12-26,603022
2024-12-26,300717
2024-12-26,002494
2024-12-26,688328
2024-12-26,301105
2024-12-26,301075
2024-12-26,688193
2024-12-26,300405
2024-12-26,688528
2024-12-26,603272
2024-12-26,301057
2024-12-26,603810
2024-12-26,001211
2024-12-26,688395
2024-12-26,603177
2024-12-26,688655
2024-12-26,300069
2024-12-26,301231
2024-12-26,002719
2024-12-26,605178
2024-12-26,603716
2024-12-26,002629
2024-12-26,600543
2024-12-26,002652
2024-12-26,002591
2024-12-26,002798
2024-12-26,002193
2024-12-26,301024
2024-12-26,688670
2024-12-26,600883
2024-12-26,301227
2024-12-26,002634
2024-12-26,300955
2025-01-09,688701
2025-01-09,688021
2025-01-09,688565
2025-01-09,688309
2025-01-09,688329
2025-01-09,688217
2025-01-09,688215
2025-01-09,688659
2025-01-09,688178
2025-01-09,300929
2025-01-09,688681
2025-01-09,688067
2025-01-09,300478
2025-01-09,600768
2025-01-09,688296
2025-01-09,300665
2025-01-09,688607
2025-01-09,603316
2025-01-09,688004
2025-01-09,002856
2025-01-09,301040
2025-01-09,688679
2025-01-09,300854
2025-01-09,605303
2025-01-09,688096
2025-01-09,688272
2025-01-09,603880
2025-01-09,300749
2025-01-09,300736
2025-01-09,688335
2025-01-09,600847
2025-01-09,300912
2025-01-09,688485
2025-01-09,002207
2025-01-09,600455
2025-01-09,300948
2025-01-09,300405
2025-01-09,688367
2025-01-09,000890
2025-01-09,300995
2025-01-09,002719
2025-01-09,300329
2025-01-09,301273
2025-01-09,301105
2025-01-09,603729
2025-01-09,300635
2025-01-09,301372
2025-01-09,603616
2025-01-09,688171
2025-01-09,688328
2025-01-09,688156
2025-01-09,603716
2025-01-09,603709
2025-01-09,688671
2025-01-09,300886
2025-01-09,301167
2025-01-09,688655
2025-01-09,688251
2025-01-09,300970
2025-01-09,688450
2025-01-09,300535
2025-01-09,603272
2025-01-09,300649
2025-01-09,600493
2025-01-09,001336
2025-01-09,688193
2025-01-09,002188
2025-01-09,603139
2025-01-09,688528
2025-01-09,301098
2025-01-09,600137
2025-01-09,300717
2025-01-09,002652
2025-01-09,688038
2025-01-09,301075
2025-01-09,301057
2025-01-09,002798
2025-01-09,301024
2025-01-09,688013
2025-01-09,603022
2025-01-09,301231
2025-01-09,002921
2025-01-09,600543
2025-01-09,002910
2025-01-09,300955
2025-01-09,688670
2025-01-09,688395
2025-01-09,603177
2025-01-09,603810
2025-01-09,301227
2025-01-09,002591
2025-01-09,300614
2025-01-09,003011
2025-01-09,688011
2025-01-09,688316
2025-01-09,300417
2025-01-09,688573
2025-01-09,002800
2025-01-09,300923
2025-01-09,002494
2025-01-23,688701
2025-01-23,688021
2025-01-23,688565
2025-01-23,688309
2025-01-23,688659
2025-01-23,688217
2025-01-23,300929
2025-01-23,688178
2025-01-23,688329
2025-01-23,300478
2025-01-23,603316
2025-01-23,600768
2025-01-23,688215
2025-01-23,300736
2025-01-23,688067
2025-01-23,300665
2025-01-23,605303
2025-01-23,002856
2025-01-23,688681
2025-01-23,688004
2025-01-23,688296
2025-01-23,301040
2025-01-23,688096
2025-01-23,600847
2025-01-23,688607
2025-01-23,688335
2025-01-23,603880
2025-01-23,000890
2025-01-23,300854
2025-01-23,300948
2025-01-23,002719
2025-01-23,688156
2025-01-23,688679
2025-01-23,300749
2025-01-23,603716
2025-01-23,300405
2025-01-23,301372
2025-01-23,300635
2025-01-23,688272
2025-01-23,600455
2025-01-23,688193
2025-01-23,300912
2025-01-23,002207
2025-01-23,603616
2025-01-23,688328
2025-01-23,300995
2025-01-23,300649
2025-01-23,688367
2025-01-23,301273
2025-01-23,301024
2025-01-23,603139
2025-01-23,300970
2025-01-23,002188
2025-01-23,688171
2025-01-23,688670
2025-01-23,300329
2025-01-23,301105
2025-01-23,300535
2025-01-23,688671
2025-01-23,688450
2025-01-23,600137
2025-01-23,002494
2025-01-23,600493
2025-01-23,603709
2025-01-23,301167
2025-01-23,002910
2025-01-23,002652
2025-01-23,300614
2025-01-23,002798
2025-01-23,301231
2025-01-23,603729
2025-01-23,301075
2025-01-23,301098
2025-01-23,688528
2025-01-23,300886
2025-01-23,301057
2025-01-23,688655
2025-01-23,300955
2025-01-23,001336
2025-01-23,300717
2025-01-23,688485
2025-01-23,003011
2025-01-23,600543
2025-01-23,300417
2025-01-23,688011
2025-01-23,002591
2025-01-23,603022
2025-01-23,688395
2025-01-23,603177
2025-01-23,002800
2025-01-23,688251
2025-01-23,300923
2025-01-23,688038
2025-01-23,002921
2025-01-23,605069
2025-01-23,301037
2025-01-23,002634
2025-01-23,688051
2025-01-23,002205
2025-01-23,300591
2025-02-06,688701
2025-02-06,688021
2025-02-06,688565
2025-02-06,688309
2025-02-06,688659
2025-02-06,688217
2025-02-06,300929
2025-02-06,688329
2025-02-06,300478
2025-02-06,002856
2025-02-06,688215
2025-02-06,600768
2025-02-06,688067
2025-02-06,603316
2025-02-06,688681
2025-02-06,300665
2025-02-06,300736
2025-02-06,688178
2025-02-06,301040
2025-02-06,688607
2025-02-06,002719
2025-02-06,600847
2025-02-06,688096
2025-02-06,605303
2025-02-06,688335
2025-02-06,688679
2025-02-06,688272
2025-02-06,300854
2025-02-06,688156
2025-02-06,300948
2025-02-06,000890
2025-02-06,688296
2025-02-06,603616
2025-02-06,300405
2025-02-06,002207
2025-02-06,688004
2025-02-06,300749
2025-02-06,301372
2025-02-06,300635
2025-02-06,603880
2025-02-06,600455
2025-02-06,301024
2025-02-06,301273
2025-02-06,300995
2025-02-06,688367
2025-02-06,688193
2025-02-06,301105
2025-02-06,300649
2025-02-06,300535
2025-02-06,300970
2025-02-06,603139
2025-02-06,600493
2025-02-06,600137
2025-02-06,603709
2025-02-06,300329
2025-02-06,688671
2025-02-06,300912
2025-02-06,002798
2025-02-06,002188
2025-02-06,301098
2025-02-06,002910
2025-02-06,688171
2025-02-06,603716
2025-02-06,688485
2025-02-06,300886
2025-02-06,301167
2025-02-06,688450
2025-02-06,300614
2025-02-06,301037
2025-02-06,002652
2025-02-06,002591
2025-02-06,688328
2025-02-06,688670
2025-02-06,301075
2025-02-06,688528
2025-02-06,001336
2025-02-06,300717
2025-02-06,301057
2025-02-06,603729
2025-02-06,002494
2025-02-06,600543
2025-02-06,300955
2025-02-06,002634
2025-02-06,301231
2025-02-06,002205
2025-02-06,688655
2025-02-06,003011
2025-02-06,688395
2025-02-06,603022
2025-02-06,603177
2025-02-06,002800
2025-02-06,300923
2025-02-06,688251
2025-02-06,688011
2025-02-06,688013
2025-02-06,603272
2025-02-06,301227
2025-02-06,600561
2025-02-06,300385
2025-02-06,300594
2025-02-20,688701
2025-02-20,688021
2025-02-20,688565
2025-02-20,688309
2025-02-20,688659
2025-02-20,300929
2025-02-20,002856
2025-02-20,688329
2025-02-20,688217
2025-02-20,600768
2025-02-20,688067
2025-02-20,688178
2025-02-20,300736
2025-02-20,002719
2025-02-20,688681
2025-02-20,688215
2025-02-20,300854
2025-02-20,688335
2025-02-20,605303
2025-02-20,600847
2025-02-20,603316
2025-02-20,300665
2025-02-20,301040
2025-02-20,688607
2025-02-20,300948
2025-02-20,002207
2025-02-20,688156
2025-02-20,300405
2025-02-20,603616
2025-02-20,301372
2025-02-20,300749
2025-02-20,688096
2025-02-20,300635
2025-02-20,688296
2025-02-20,688004
2025-02-20,688679
2025-02-20,600455
2025-02-20,603709
2025-02-20,600493
2025-02-20,603139
2025-02-20,300995
2025-02-20,300970
2025-02-20,688367
2025-02-20,301105
2025-02-20,301098
2025-02-20,688485
2025-02-20,002188
2025-02-20,300535
2025-02-20,301167
2025-02-20,002652
2025-02-20,600137
2025-02-20,002798
2025-02-20,301273
2025-02-20,300886
2025-02-20,300912
2025-02-20,603880
2025-02-20,300717
2025-02-20,301057
2025-02-20,301075
2025-02-20,688671
2025-02-20,001336
2025-02-20,003011
2025-02-20,000890
2025-02-20,688670
2025-02-20,688171
2025-02-20,600543
2025-02-20,301231
2025-02-20,300329
2025-02-20,688528
2025-02-20,688013
2025-02-20,603272
2025-02-20,603022
2025-02-20,002910
2025-02-20,002494
2025-02-20,002591
2025-02-20,300649
2025-02-20,688193
2025-02-20,301227
2025-02-20,688328
2025-02-20,300955
2025-02-20,603729
2025-02-20,300385
2025-02-20,301037
2025-02-20,300594
2025-02-20,002800
2025-02-20,688450
2025-02-20,300923
2025-02-20,600561
2025-02-20,603177
2025-02-20,688395
2025-02-20,688655
2025-02-20,301024
2025-02-20,002193
2025-02-20,000632
2025-02-20,605178
2025-02-20,600883
2025-02-20,688069
2025-02-20,600149
2025-02-20,300931
2025-02-20,002921
2025-03-06,688701
2025-03-06,688021
2025-03-06,688565
2025-03-06,688659
2025-03-06,688309
2025-03-06,300929
2025-03-06,002856
2025-03-06,688329
2025-03-06,300736
2025-03-06,600768
2025-03-06,688217
2025-03-06,002719
2025-03-06,688178
2025-03-06,688067
2025-03-06,300665
2025-03-06,688156
2025-03-06,688335
2025-03-06,300854
2025-03-06,603616
2025-03-06,688681
2025-03-06,300405
2025-03-06,300948
2025-03-06,688004
2025-03-06,301372
2025-03-06,002207
2025-03-06,605303
2025-03-06,688607
2025-03-06,300749
2025-03-06,688215
2025-03-06,603709
2025-03-06,688679
2025-03-06,600455
2025-03-06,300635
2025-03-06,600493
2025-03-06,300970
2025-03-06,000890
2025-03-06,301040
2025-03-06,688367
2025-03-06,600847
2025-03-06,300995
2025-03-06,002798
2025-03-06,301098
2025-03-06,002652
2025-03-06,688670
2025-03-06,603729
2025-03-06,301167
2025-03-06,301105
2025-03-06,301231
2025-03-06,600137
2025-03-06,300912
2025-03-06,300886
2025-03-06,688296
2025-03-06,300535
2025-03-06,603139
2025-03-06,603316
2025-03-06,002188
2025-03-06,300717
2025-03-06,688193
2025-03-06,003011
2025-03-06,600543
2025-03-06,301024
2025-03-06,300649
2025-03-06,001336
2025-03-06,301075
2025-03-06,603880
2025-03-06,688485
2025-03-06,688671
2025-03-06,301057
2025-03-06,000632
2025-03-06,688013
2025-03-06,688328
2025-03-06,603272
2025-03-06,603022
2025-03-06,002193
2025-03-06,301273
2025-03-06,002494
2025-03-06,002591
2025-03-06,301227
2025-03-06,300955
2025-03-06,688528
2025-03-06,002800
2025-03-06,600561
2025-03-06,300385
2025-03-06,600883
2025-03-06,300594
2025-03-06,600149
2025-03-06,300329
2025-03-06,688171
2025-03-06,688450
2025-03-06,300923
2025-03-06,603177
2025-03-06,300931
2025-03-06,688069
2025-03-06,001211
2025-03-06,002513
2025-03-06,300417
2025-03-06,002634
2025-03-06,300877
2025-03-06,001259
2025-03-06,002633
2025-03-20,688701
2025-03-20,688021
2025-03-20,688565
2025-03-20,688659
2025-03-20,300929
2025-03-20,688217
2025-03-20,688309
2025-03-20,300736
2025-03-20,002856
2025-03-20,688329
2025-03-20,688067
2025-03-20,600768
2025-03-20,300665
2025-03-20,688156
2025-03-20,688004
2025-03-20,688681
2025-03-20,688215
2025-03-20,300854
2025-03-20,300948
2025-03-20,300405
2025-03-20,600455
2025-03-20,603616
2025-03-20,002719
2025-03-20,300749
2025-03-20,688335
2025-03-20,301372
2025-03-20,688367
2025-03-20,600847
2025-03-20,688296
2025-03-20,300635
2025-03-20,600137
2025-03-20,688607
2025-03-20,603709
2025-03-20,600493
2025-03-20,300970
2025-03-20,688670
2025-03-20,603729
2025-03-20,603880
2025-03-20,688193
2025-03-20,301167
2025-03-20,300912
2025-03-20,002207
2025-03-20,301098
2025-03-20,002652
2025-03-20,688679
2025-03-20,688485
2025-03-20,300886
2025-03-20,000890
2025-03-20,688328
2025-03-20,688013
2025-03-20,300535
2025-03-20,688671
2025-03-20,600543
2025-03-20,002798
2025-03-20,002193
2025-03-20,300995
2025-03-20,300649
2025-03-20,002188
2025-03-20,001211
2025-03-20,001336
2025-03-20,301040
2025-03-20,003011
2025-03-20,688528
2025-03-20,605303
2025-03-20,688171
2025-03-20,300594
2025-03-20,301057
2025-03-20,300717
2025-03-20,002591
2025-03-20,000632
2025-03-20,301227
2025-03-20,300955
2025-03-20,603272
2025-03-20,603022
2025-03-20,301105
2025-03-20,688450
2025-03-20,300417
2025-03-20,300385
2025-03-20,600883
2025-03-20,600149
2025-03-20,002800
2025-03-20,001259
2025-03-20,600561
2025-03-20,603316
2025-03-20,002494
2025-03-20,688069
2025-03-20,300329
2025-03-20,300877
2025-03-20,300931
2025-03-20,300923
2025-03-20,002513
2025-03-20,603177
2025-03-20,301024
2025-03-20,300478
2025-03-20,688350
2025-03-20,301037
2025-03-20,688638
2025-03-20,688011
2025-03-20,688178
2025-03-20,603139
2025-04-03,688701
2025-04-03,688021
2025-04-03,688565
2025-04-03,300736
2025-04-03,300929
2025-04-03,002856
2025-04-03,688659
2025-04-03,688309
2025-04-03,688329
2025-04-03,688217
2025-04-03,002719
2025-04-03,600768
2025-04-03,300665
2025-04-03,688156
2025-04-03,688067
2025-04-03,688215
2025-04-03,688004
2025-04-03,603709
2025-04-03,300405
2025-04-03,603616
2025-04-03,688681
2025-04-03,300948
2025-04-03,300854
2025-04-03,300912
2025-04-03,000890
2025-04-03,688296
2025-04-03,301372
2025-04-03,002652
2025-04-03,688679
2025-04-03,300635
2025-04-03,688367
2025-04-03,600847
2025-04-03,600493
2025-04-03,002193
2025-04-03,603729
2025-04-03,688671
2025-04-03,600137
2025-04-03,002188
2025-04-03,688335
2025-04-03,688328
2025-04-03,300649
2025-04-03,002207
2025-04-03,688670
2025-04-03,600455
2025-04-03,301098
2025-04-03,300970
2025-04-03,605303
2025-04-03,300417
2025-04-03,301167
2025-04-03,603316
2025-04-03,688485
2025-04-03,300594
2025-04-03,300478
2025-04-03,688528
2025-04-03,002798
2025-04-03,600543
2025-04-03,603880
2025-04-03,002591
2025-04-03,688193
2025-04-03,300749
2025-04-03,003011
2025-04-03,300329
2025-04-03,001336
2025-04-03,000632
2025-04-03,300535
2025-04-03,688171
2025-04-03,300385
2025-04-03,300931
2025-04-03,688607
2025-04-03,300886
2025-04-03,001211
2025-04-03,688013
2025-04-03,300717
2025-04-03,002494
2025-04-03,002513
2025-04-03,001259
2025-04-03,600561
2025-04-03,300955
2025-04-03,301227
2025-04-03,688011
2025-04-03,301040
2025-04-03,301024
2025-04-03,688450
2025-04-03,688350
2025-04-03,600149
2025-04-03,603272
2025-04-03,688638
2025-04-03,603177
2025-04-03,600883
2025-04-03,688069
2025-04-03,002072
2025-04-03,301273
2025-04-03,002634
2025-04-03,688619
2025-04-03,300935
2025-04-03,002883
2025-04-03,688260
2025-04-03,605178
2025-04-03,301125
2025-04-03,002486
2025-04-17,688701
2025-04-17,688021
2025-04-17,688565
2025-04-17,688659
2025-04-17,300736
2025-04-17,300929
2025-04-17,002856
2025-04-17,688217
2025-04-17,688329
2025-04-17,688309
2025-04-17,301372
2025-04-17,600768
2025-04-17,688004
2025-04-17,688067
2025-04-17,688681
2025-04-17,688296
2025-04-17,300948
2025-04-17,603616
2025-04-17,688215
2025-04-17,000890
2025-04-17,300665
2025-04-17,300635
2025-04-17,300405
2025-04-17,300854
2025-04-17,688367
2025-04-17,600847
2025-04-17,300912
2025-04-17,688671
2025-04-17,603729
2025-04-17,688670
2025-04-17,002193
2025-04-17,688328
2025-04-17,002207
2025-04-17,002652
2025-04-17,600493
2025-04-17,300649
2025-04-17,605303
2025-04-17,300594
2025-04-17,688679
2025-04-17,300417
2025-04-17,688528
2025-04-17,688485
2025-04-17,301098
2025-04-17,603316
2025-04-17,688193
2025-04-17,603880
2025-04-17,600137
2025-04-17,300535
2025-04-17,002591
2025-04-17,301167
2025-04-17,688171
2025-04-17,688335
2025-04-17,001211
2025-04-17,003011
2025-04-17,688450
2025-04-17,300886
2025-04-17,001336
2025-04-17,605178
2025-04-17,688607
2025-04-17,301273
2025-04-17,300478
2025-04-17,300717
2025-04-17,300931
2025-04-17,688013
2025-04-17,300970
2025-04-17,688260
2025-04-17,002883
2025-04-17,603272
2025-04-17,600455
2025-04-17,300385
2025-04-17,603177
2025-04-17,688619
2025-04-17,301125
2025-04-17,688156
2025-04-17,002798
2025-04-17,002513
2025-04-17,002634
2025-04-17,688011
2025-04-17,000632
2025-04-17,688638
2025-04-17,300749
2025-04-17,600561
2025-04-17,002188
2025-04-17,300935
2025-04-17,600149
2025-04-17,688069
2025-04-17,002072
2025-04-17,600543
2025-04-17,301105
2025-04-17,688038
2025-04-17,688395
2025-04-17,688251
2025-04-17,688178
2025-04-17,002963
2025-04-17,300626
2025-04-17,301198
2025-04-17,002633
2025-04-17,688573
2025-04-17,301037
2025-04-17,002828
2025-05-06,688701
2025-05-06,688021
2025-05-06,688565
2025-05-06,688659
2025-05-06,300736
2025-05-06,300929
2025-05-06,688329
2025-05-06,688296
2025-05-06,688217
2025-05-06,688309
2025-05-06,688067
2025-05-06,002856
2025-05-06,688681
2025-05-06,301372
2025-05-06,300948
2025-05-06,688004
2025-05-06,603616
2025-05-06,600768
2025-05-06,300635
2025-05-06,300405
2025-05-06,002193
2025-05-06,300665
2025-05-06,688367
2025-05-06,603729
2025-05-06,000890
2025-05-06,002652
2025-05-06,600493
2025-05-06,600847
2025-05-06,688485
2025-05-06,688670
2025-05-06,688671
2025-05-06,002207
2025-05-06,688607
2025-05-06,688193
2025-05-06,300594
2025-05-06,300854
2025-05-06,600455
2025-05-06,300649
2025-05-06,688679
2025-05-06,603880
2025-05-06,600137
2025-05-06,688215
2025-05-06,605303
2025-05-06,688528
2025-05-06,300417
2025-05-06,300912
2025-05-06,300478
2025-05-06,300970
2025-05-06,301098
2025-05-06,688156
2025-05-06,001336
2025-05-06,301167
2025-05-06,001211
2025-05-06,688450
2025-05-06,301105
2025-05-06,605178
2025-05-06,300535
2025-05-06,600543
2025-05-06,300385
2025-05-06,002188
2025-05-06,300931
2025-05-06,000632
2025-05-06,002883
2025-05-06,603316
2025-05-06,002591
2025-05-06,688260
2025-05-06,688069
2025-05-06,600561
2025-05-06,300717
2025-05-06,688638
2025-05-06,603177
2025-05-06,300935
2025-05-06,002798
2025-05-06,688013
2025-05-06,688335
2025-05-06,300749
2025-05-06,002513
2025-05-06,300886
2025-05-06,002963
2025-05-06,003011
2025-05-06,301273
2025-05-06,002634
2025-05-06,002072
2025-05-06,300626
2025-05-06,603709
2025-05-06,301227
2025-05-06,001259
2025-05-06,002494
2025-05-06,603356
2025-05-06,603022
2025-05-06,002910
2025-05-06,688272
2025-05-06,300955
2025-05-06,688092
2025-05-06,002205
2025-05-06,301010
2025-05-06,688189
2025-05-06,300329
2025-05-06,600883
2025-05-06,002828
2025-05-15,688701
2025-05-15,688021
2025-05-15,688565
2025-05-15,688659
2025-05-15,300736
2025-05-15,300929
2025-05-15,688296
2025-05-15,688329
2025-05-15,688217
2025-05-15,688309
2025-05-15,688067
2025-05-15,688681
2025-05-15,300948
2025-05-15,300665
2025-05-15,600768
2025-05-15,300635
2025-05-15,301372
2025-05-15,002856
2025-05-15,603729
2025-05-15,300405
2025-05-15,688367
2025-05-15,688004
2025-05-15,688156
2025-05-15,002652
2025-05-15,002193
2025-05-15,002207
2025-05-15,000890
2025-05-15,603616
2025-05-15,688485
2025-05-15,688607
2025-05-15,688670
2025-05-15,688193
2025-05-15,603709
2025-05-15,300649
2025-05-15,688671
2025-05-15,600847
2025-05-15,300594
2025-05-15,301098
2025-05-15,600455
2025-05-15,688528
2025-05-15,300417
2025-05-15,603880
2025-05-15,688215
2025-05-15,688450
2025-05-15,001211
2025-05-15,605303
2025-05-15,001336
2025-05-15,301167
2025-05-15,300912
2025-05-15,300535
2025-05-15,301105
2025-05-15,300931
2025-05-15,600137
2025-05-15,605178
2025-05-15,300385
2025-05-15,300749
2025-05-15,301227
2025-05-15,002188
2025-05-15,300717
2025-05-15,600543
2025-05-15,300970
2025-05-15,002591
2025-05-15,688272
2025-05-15,600493
2025-05-15,688679
2025-05-15,603177
2025-05-15,688638
2025-05-15,001259
2025-05-15,002072
2025-05-15,600561
2025-05-15,688335
2025-05-15,002883
2025-05-15,300935
2025-05-15,603022
2025-05-15,688092
2025-05-15,603316
2025-05-15,002963
2025-05-15,301010
2025-05-15,688260
2025-05-15,603356
2025-05-15,301273
2025-05-15,300854
2025-05-15,002798
2025-05-15,688013
2025-05-15,002910
2025-05-15,688189
2025-05-15,002513
2025-05-15,002494
2025-05-15,300478
2025-05-15,000632
2025-05-15,300329
2025-05-15,002719
2025-05-15,301037
2025-05-15,688051
2025-05-15,688328
2025-05-15,301198
2025-05-15,603272
2025-05-15,603879
2025-05-15,300621
2025-05-15,605287
2025-05-29,688701
2025-05-29,688021
2025-05-29,688565
2025-05-29,688659
2025-05-29,300736
2025-05-29,300929
2025-05-29,688329
2025-05-29,688296
2025-05-29,688217
2025-05-29,688309
2025-05-29,688067
2025-05-29,688681
2025-05-29,600768
2025-05-29,300948
2025-05-29,300665
2025-05-29,688156
2025-05-29,301372
2025-05-29,300635
2025-05-29,300405
2025-05-29,002193
2025-05-29,603729
2025-05-29,688367
2025-05-29,002856
2025-05-29,603709
2025-05-29,688485
2025-05-29,300649
2025-05-29,688671
2025-05-29,002207
2025-05-29,002652
2025-05-29,002719
2025-05-29,600847
2025-05-29,688193
2025-05-29,603616
2025-05-29,688004
2025-05-29,688607
2025-05-29,001211
2025-05-29,603880
2025-05-29,300417
2025-05-29,300912
2025-05-29,301098
2025-05-29,600493
2025-05-29,688670
2025-05-29,600455
2025-05-29,688272
2025-05-29,688215
2025-05-29,688528
2025-05-29,300594
2025-05-29,300535
2025-05-29,688450
2025-05-29,301167
2025-05-29,300749
2025-05-29,000632
2025-05-29,300931
2025-05-29,002188
2025-05-29,001336
2025-05-29,301273
2025-05-29,002883
2025-05-29,300385
2025-05-29,605303
2025-05-29,300970
2025-05-29,002591
2025-05-29,301037
2025-05-29,301227
2025-05-29,603272
2025-05-29,000890
2025-05-29,300717
2025-05-29,688638
2025-05-29,688260
2025-05-29,600543
2025-05-29,300935
2025-05-29,603879
2025-05-29,603177
2025-05-29,688092
2025-05-29,002963
2025-05-29,301010
2025-05-29,603316
2025-05-29,002072
2025-05-29,301105
2025-05-29,603356
2025-05-29,001259
2025-05-29,603022
2025-05-29,300854
2025-05-29,002494
2025-05-29,688051
2025-05-29,300621
2025-05-29,600561
2025-05-29,301198
2025-05-29,002513
2025-05-29,002910
2025-05-29,600137
2025-05-29,600671
2025-05-29,688011
2025-05-29,002828
2025-05-29,002634
2025-05-29,003011
2025-05-29,300626
2025-05-29,688038
2025-05-29,600883
2025-05-29,300955
2025-05-29,002205
2025-06-12,688701
2025-06-12,688021
2025-06-12,688659
2025-06-12,688565
2025-06-12,688296
2025-06-12,300736
2025-06-12,300929
2025-06-12,688329
2025-06-12,688217
2025-06-12,688309
2025-06-12,688681
2025-06-12,688067
2025-06-12,300665
2025-06-12,300948
2025-06-12,600768
2025-06-12,002856
2025-06-12,688004
2025-06-12,688367
2025-06-12,300405
2025-06-12,002193
2025-06-12,688671
2025-06-12,300635
2025-06-12,301372
2025-06-12,688485
2025-06-12,600847
2025-06-12,002719
2025-06-12,300912
2025-06-12,603729
2025-06-12,600493
2025-06-12,002652
2025-06-12,300417
2025-06-12,688450
2025-06-12,688193
2025-06-12,600671
2025-06-12,002207
2025-06-12,300649
2025-06-12,603616
2025-06-12,688528
2025-06-12,001211
2025-06-12,000890
2025-06-12,300594
2025-06-12,603709
2025-06-12,603880
2025-06-12,688272
2025-06-12,600455
2025-06-12,688670
2025-06-12,300749
2025-06-12,300535
2025-06-12,688607
2025-06-12,301273
2025-06-12,300385
2025-06-12,300854
2025-06-12,001336
2025-06-12,688156
2025-06-12,002883
2025-06-12,300931
2025-06-12,301167
2025-06-12,002591
2025-06-12,300970
2025-06-12,002188
2025-06-12,688638
2025-06-12,301037
2025-06-12,603272
2025-06-12,000632
2025-06-12,603177
2025-06-12,688092
2025-06-12,301010
2025-06-12,002494
2025-06-12,300717
2025-06-12,600137
2025-06-12,002963
2025-06-12,300621
2025-06-12,603316
2025-06-12,600543
2025-06-12,002910
2025-06-12,603356
2025-06-12,003011
2025-06-12,002828
2025-06-12,301098
2025-06-12,300935
2025-06-12,002072
2025-06-12,300626
2025-06-12,603022
2025-06-12,301198
2025-06-12,001259
2025-06-12,600883
2025-06-12,688038
2025-06-12,301105
2025-06-12,002634
2025-06-12,688051
2025-06-12,688215
2025-06-12,300163
2025-06-12,605178
2025-06-12,300478
2025-06-12,688335
2025-06-12,688251
2025-06-12,301125
2025-06-12,300823
2025-06-12,301113
2025-06-12,000692
2025-06-26,688701
2025-06-26,688021
2025-06-26,688565
2025-06-26,688296
2025-06-26,688659
2025-06-26,300736
2025-06-26,300929
2025-06-26,688217
2025-06-26,688309
2025-06-26,688329
2025-06-26,002856
2025-06-26,688681
2025-06-26,688067
2025-06-26,300948
2025-06-26,300665
2025-06-26,600768
2025-06-26,688367
2025-06-26,301372
2025-06-26,002719
2025-06-26,688004
2025-06-26,688485
2025-06-26,603729
2025-06-26,300405
2025-06-26,002193
2025-06-26,001211
2025-06-26,688193
2025-06-26,603709
2025-06-26,301098
2025-06-26,600847
2025-06-26,600671
2025-06-26,688671
2025-06-26,000890
2025-06-26,688607
2025-06-26,300594
2025-06-26,600455
2025-06-26,688670
2025-06-26,300417
2025-06-26,300912
2025-06-26,002652
2025-06-26,688156
2025-06-26,300970
2025-06-26,300749
2025-06-26,300854
2025-06-26,001336
2025-06-26,688528
2025-06-26,300535
2025-06-26,688450
2025-06-26,300478
2025-06-26,600493
2025-06-26,301273
2025-06-26,300385
2025-06-26,301167
2025-06-26,603880
2025-06-26,603272
2025-06-26,688335
2025-06-26,002883
2025-06-26,300163
2025-06-26,300931
2025-06-26,603356
2025-06-26,600137
2025-06-26,301037
2025-06-26,002188
2025-06-26,688251
2025-06-26,603616
2025-06-26,688092
2025-06-26,002910
2025-06-26,301010
2025-06-26,002591
2025-06-26,688038
2025-06-26,300621
2025-06-26,003011
2025-06-26,300717
2025-06-26,600883
2025-06-26,002494
2025-06-26,301125
2025-06-26,301105
2025-06-26,002963
2025-06-26,301113
2025-06-26,300635
2025-06-26,001259
2025-06-26,000692
2025-06-26,301198
2025-06-26,603177
2025-06-26,605178
2025-06-26,600543
2025-06-26,688051
2025-06-26,300626
2025-06-26,600561
2025-06-26,300329
2025-06-26,600234
2025-06-26,301057
2025-06-26,300877
2025-06-26,300955
2025-06-26,688260
2025-06-26,688350
2025-06-26,600149
2025-06-26,600697
2025-06-26,301231
2025-06-26,300923
2025-06-26,603073
2025-07-10,688701
2025-07-10,688021
2025-07-10,300736
2025-07-10,688659
2025-07-10,300929
2025-07-10,688565
2025-07-10,688296
2025-07-10,688217
2025-07-10,688329
2025-07-10,688067
2025-07-10,002856
2025-07-10,688681
2025-07-10,688309
2025-07-10,688004
2025-07-10,600768
2025-07-10,688367
2025-07-10,002719
2025-07-10,603729
2025-07-10,002193
2025-07-10,300948
2025-07-10,301372
2025-07-10,688485
2025-07-10,688156
2025-07-10,688607
2025-07-10,000890
2025-07-10,688671
2025-07-10,600671
2025-07-10,688193
2025-07-10,001211
2025-07-10,600847
2025-07-10,300405
2025-07-10,002652
2025-07-10,300417
2025-07-10,300594
2025-07-10,603709
2025-07-10,300635
2025-07-10,600455
2025-07-10,688670
2025-07-10,300912
2025-07-10,301098
2025-07-10,001336
2025-07-10,603272
2025-07-10,600493
2025-07-10,688335
2025-07-10,300854
2025-07-10,688450
2025-07-10,603880
2025-07-10,300970
2025-07-10,301273
2025-07-10,300665
2025-07-10,300535
2025-07-10,300749
2025-07-10,300163
2025-07-10,688038
2025-07-10,002883
2025-07-10,300385
2025-07-10,600137
2025-07-10,688251
2025-07-10,002591
2025-07-10,300478
2025-07-10,002910
2025-07-10,603356
2025-07-10,688092
2025-07-10,301037
2025-07-10,002188
2025-07-10,600561
2025-07-10,301105
2025-07-10,300717
2025-07-10,603616
2025-07-10,300931
2025-07-10,301167
2025-07-10,300955
2025-07-10,688051
2025-07-10,001259
2025-07-10,603177
2025-07-10,301198
2025-07-10,605178
2025-07-10,600883
2025-07-10,301231
2025-07-10,000692
2025-07-10,300621
2025-07-10,301113
2025-07-10,002494
2025-07-10,300626
2025-07-10,688350
2025-07-10,600697
2025-07-10,300877
2025-07-10,003011
2025-07-10,301057
2025-07-10,300923
2025-07-10,688272
2025-07-10,000632
2025-07-10,688178
2025-07-10,688081
2025-07-10,300849
2025-07-10,300710
2025-07-10,688395
2025-07-10,002207
2025-07-10,300823
2025-07-10,002634
2025-07-24,688701
2025-07-24,688021
2025-07-24,300736
2025-07-24,300929
2025-07-24,688296
2025-07-24,688659
2025-07-24,688329
2025-07-24,688565
2025-07-24,688681
2025-07-24,688217
2025-07-24,002856
2025-07-24,688004
2025-07-24,688309
2025-07-24,688067
2025-07-24,300948
2025-07-24,603729
2025-07-24,301372
2025-07-24,688367
2025-07-24,002719
2025-07-24,002193
2025-07-24,001211
2025-07-24,600768
2025-07-24,603709
2025-07-24,600671
2025-07-24,000890
2025-07-24,600847
2025-07-24,300417
2025-07-24,688671
2025-07-24,600455
2025-07-24,301098
2025-07-24,300854
2025-07-24,001336
2025-07-24,300478
2025-07-24,300749
2025-07-24,600493
2025-07-24,300635
2025-07-24,688485
2025-07-24,300163
2025-07-24,300385
2025-07-24,300912
2025-07-24,300970
2025-07-24,688038
2025-07-24,300594
2025-07-24,002591
2025-07-24,603272
2025-07-24,002188
2025-07-24,300405
2025-07-24,300717
2025-07-24,301105
2025-07-24,603356
2025-07-24,300849
2025-07-24,002652
2025-07-24,301167
2025-07-24,000632
2025-07-24,688272
2025-07-24,001259
2025-07-24,300621
2025-07-24,600561
2025-07-24,002494
2025-07-24,688670
2025-07-24,300931
2025-07-24,600883
2025-07-24,002207
2025-07-24,603880
2025-07-24,301037
2025-07-24,688092
2025-07-24,000692
2025-07-24,688251
2025-07-24,688450
2025-07-24,002634
2025-07-24,002910
2025-07-24,300710
2025-07-24,600137
2025-07-24,603177
2025-07-24,003011
2025-07-24,688178
2025-07-24,300535
2025-07-24,300626
2025-07-24,300665
2025-07-24,600697
2025-07-24,688156
2025-07-24,301113
2025-07-24,301198
2025-07-24,300923
2025-07-24,301057
2025-07-24,688528
2025-07-24,002963
2025-07-24,301010
2025-07-24,300935
2025-07-24,300640
2025-07-24,600543
2025-07-24,603022
2025-07-24,001231
2025-07-24,002828
2025-07-24,603073
2025-07-24,605303
2025-07-24,001366
2025-07-24,688679
2025-07-24,688517
2025-07-24,605178
2025-08-07,688701
2025-08-07,688021
2025-08-07,300736
2025-08-07,300929
2025-08-07,688296
2025-08-07,300163
2025-08-07,002856
2025-08-07,300948
2025-08-07,603729
2025-08-07,002193
2025-08-07,688217
2025-08-07,002719
2025-08-07,688329
2025-08-07,688565
2025-08-07,600768
2025-08-07,300854
2025-08-07,001211
2025-08-07,688367
2025-08-07,688681
2025-08-07,600847
2025-08-07,600671
2025-08-07,688659
2025-08-07,300594
2025-08-07,301098
2025-08-07,600455
2025-08-07,300749
2025-08-07,603709
2025-08-07,301372
2025-08-07,688485
2025-08-07,688067
2025-08-07,000890
2025-08-07,600493
2025-08-07,688671
2025-08-07,300970
2025-08-07,300912
2025-08-07,300405
2025-08-07,001336
2025-08-07,000632
2025-08-07,300417
2025-08-07,603356
2025-08-07,300385
2025-08-07,600137
2025-08-07,688309
2025-08-07,002188
2025-08-07,002591
2025-08-07,603272
2025-08-07,002207
2025-08-07,301167
2025-08-07,603880
2025-08-07,600561
2025-08-07,300621
2025-08-07,002910
2025-08-07,600883
2025-08-07,688528
2025-08-07,300849
2025-08-07,603177
2025-08-07,688004
2025-08-07,002652
2025-08-07,300535
2025-08-07,688450
2025-08-07,600697
2025-08-07,002494
2025-08-07,301105
2025-08-07,001259
2025-08-07,301037
2025-08-07,688670
2025-08-07,000692
2025-08-07,300635
2025-08-07,301198
2025-08-07,002963
2025-08-07,301113
2025-08-07,300710
2025-08-07,688038
2025-08-07,688092
2025-08-07,605303
2025-08-07,688178
2025-08-07,002828
2025-08-07,603022
2025-08-07,300665
2025-08-07,300931
2025-08-07,300640
2025-08-07,001366
2025-08-07,300478
2025-08-07,600543
2025-08-07,300626
2025-08-07,300923
2025-08-07,688156
2025-08-07,603073
2025-08-07,688517
2025-08-07,002883
2025-08-07,301273
2025-08-07,600778
2025-08-07,300955
2025-08-07,603903
2025-08-07,688193
2025-08-07,002513
2025-08-07,600149
2025-08-07,600448
2025-08-07,688335
2025-08-07,300823
2025-08-21,688701
2025-08-21,688021
2025-08-21,300929
2025-08-21,300736
2025-08-21,300163
2025-08-21,002856
2025-08-21,688296
2025-08-21,002193
2025-08-21,688565
2025-08-21,688217
2025-08-21,603729
2025-08-21,300948
2025-08-21,600768
2025-08-21,688329
2025-08-21,688659
2025-08-21,002719
2025-08-21,688681
2025-08-21,600455
2025-08-21,000890
2025-08-21,688367
2025-08-21,600847
2025-08-21,001211
2025-08-21,688067
2025-08-21,300405
2025-08-21,300912
2025-08-21,301098
2025-08-21,688671
2025-08-21,300594
2025-08-21,603356
2025-08-21,300417
2025-08-21,300749
2025-08-21,301167
2025-08-21,001336
2025-08-21,600493
2025-08-21,603709
2025-08-21,300970
2025-08-21,300385
2025-08-21,000632
2025-08-21,002188
2025-08-21,002883
2025-08-21,002591
2025-08-21,688528
2025-08-21,301372
2025-08-21,300854
2025-08-21,000692
2025-08-21,603880
2025-08-21,300635
2025-08-21,002652
2025-08-21,600883
2025-08-21,300621
2025-08-21,600137
2025-08-21,688004
2025-08-21,603272
2025-08-21,001259
2025-08-21,002910
2025-08-21,301105
2025-08-21,002963
2025-08-21,002494
2025-08-21,600697
2025-08-21,688038
2025-08-21,600561
2025-08-21,603177
2025-08-21,688193
2025-08-21,688670
2025-08-21,300849
2025-08-21,688450
2025-08-21,300955
2025-08-21,300710
2025-08-21,002513
2025-08-21,301037
2025-08-21,301273
2025-08-21,301113
2025-08-21,301198
2025-08-21,600543
2025-08-21,002207
2025-08-21,600671
2025-08-21,688092
2025-08-21,300626
2025-08-21,300923
2025-08-21,688335
2025-08-21,300823
2025-08-21,300640
2025-08-21,001366
2025-08-21,603022
2025-08-21,603073
2025-08-21,688485
2025-08-21,600778
2025-08-21,688517
2025-08-21,002828
2025-08-21,688178
2025-08-21,688309
2025-08-21,300838
2025-08-21,002360
2025-08-21,300935
2025-08-21,603860
2025-08-21,001231
2025-08-21,003011
2025-08-21,301010
2025-08-21,688638
2025-08-21,300958
2025-09-04,688701
2025-09-04,688021
2025-09-04,002856
2025-09-04,300929
2025-09-04,688296
2025-09-04,688565
2025-09-04,002193
2025-09-04,300948
2025-09-04,603729
2025-09-04,300736
2025-09-04,688217
2025-09-04,300594
2025-09-04,300163
2025-09-04,600768
2025-09-04,688329
2025-09-04,002719
2025-09-04,301098
2025-09-04,600455
2025-09-04,688671
2025-09-04,688367
2025-09-04,688659
2025-09-04,600847
2025-09-04,300417
2025-09-04,000890
2025-09-04,300405
2025-09-04,688681
2025-09-04,688067
2025-09-04,300970
2025-09-04,603356
2025-09-04,300385
2025-09-04,300912
2025-09-04,600493
2025-09-04,002188
2025-09-04,300749
2025-09-04,301167
2025-09-04,002591
2025-09-04,301372
2025-09-04,002883
2025-09-04,603880
2025-09-04,688038
2025-09-04,001336
2025-09-04,688528
2025-09-04,002652
2025-09-04,688004
2025-09-04,000632
2025-09-04,688450
2025-09-04,001259
2025-09-04,300710
2025-09-04,688670
2025-09-04,600137
2025-09-04,002494
2025-09-04,600883
2025-09-04,300621
2025-09-04,301105
2025-09-04,603272
2025-09-04,000692
2025-09-04,002910
2025-09-04,301273
2025-09-04,300849
2025-09-04,300935
2025-09-04,001211
2025-09-04,300626
2025-09-04,301198
2025-09-04,300635
2025-09-04,603709
2025-09-04,002513
2025-09-04,002207
2025-09-04,002963
2025-09-04,600543
2025-09-04,600561
2025-09-04,300838
2025-09-04,301113
2025-09-04,300854
2025-09-04,301037
2025-09-04,688193
2025-09-04,688092
2025-09-04,300958
2025-09-04,603073
2025-09-04,300823
2025-09-04,300640
2025-09-04,300923
2025-09-04,688485
2025-09-04,688517
2025-09-04,001231
2025-09-04,001366
2025-09-04,688178
2025-09-04,603860
2025-09-04,688309
2025-09-04,301010
2025-09-04,002360
2025-09-04,002828
2025-09-04,688272
2025-09-04,301049
2025-09-04,300535
2025-09-04,600149
2025-09-04,688096
2025-09-04,688156
2025-09-04,605567
2025-09-04,300665
2025-09-04,603177
2025-09-18,688701
2025-09-18,002856
2025-09-18,300929
2025-09-18,688021
2025-09-18,688565
2025-09-18,002193
2025-09-18,688217
2025-09-18,688296
2025-09-18,300948
2025-09-18,603729
2025-09-18,002719
2025-09-18,600768
2025-09-18,301098
2025-09-18,600455
2025-09-18,300594
2025-09-18,688671
2025-09-18,688659
2025-09-18,688329
2025-09-18,300163
2025-09-18,300385
2025-09-18,600847
2025-09-18,603356
2025-09-18,300970
2025-09-18,002591
2025-09-18,300417
2025-09-18,300405
2025-09-18,603880
2025-09-18,301372
2025-09-18,301167
2025-09-18,688038
2025-09-18,688067
2025-09-18,002883
2025-09-18,688681
2025-09-18,600493
2025-09-18,300736
2025-09-18,300749
2025-09-18,000890
2025-09-18,603709
2025-09-18,600137
2025-09-18,000632
2025-09-18,001211
2025-09-18,001336
2025-09-18,688367
2025-09-18,300710
2025-09-18,002188
2025-09-18,688193
2025-09-18,002513
2025-09-18,688450
2025-09-18,002652
2025-09-18,002494
2025-09-18,001259
2025-09-18,688004
2025-09-18,002910
2025-09-18,688272
2025-09-18,600883
2025-09-18,600543
2025-09-18,000692
2025-09-18,688670
2025-09-18,600561
2025-09-18,002963
2025-09-18,300621
2025-09-18,300626
2025-09-18,688096
2025-09-18,301198
2025-09-18,688309
2025-09-18,301273
2025-09-18,002207
2025-09-18,300838
2025-09-18,605567
2025-09-18,301037
2025-09-18,300849
2025-09-18,001366
2025-09-18,688485
2025-09-18,300535
2025-09-18,300640
2025-09-18,603272
2025-09-18,301049
2025-09-18,603073
2025-09-18,603860
2025-09-18,300823
2025-09-18,600149
2025-09-18,688156
2025-09-18,301113
2025-09-18,001231
2025-09-18,300923
2025-09-18,002360
2025-09-18,300635
2025-09-18,300935
2025-09-18,002828
2025-09-18,688517
2025-09-18,688528
2025-09-18,300958
2025-09-18,688092
2025-09-18,301010
2025-09-18,300665
2025-09-18,301231
2025-09-18,002634
2025-09-18,002316
2025-09-18,300334
2025-09-18,300717
2025-10-16,688701
2025-10-16,002193
2025-10-16,688021
2025-10-16,002856
2025-10-16,300929
2025-10-16,688565
2025-10-16,688329
2025-10-16,688217
2025-10-16,603729
2025-10-16,688296
2025-10-16,300594
2025-10-16,600455
2025-10-16,300736
2025-10-16,301098
2025-10-16,600768
2025-10-16,300163
2025-10-16,688659
2025-10-16,002719
2025-10-16,688671
2025-10-16,300385
2025-10-16,300417
2025-10-16,600847
2025-10-16,603356
2025-10-16,688067
2025-10-16,300405
2025-10-16,603880
2025-10-16,600137
2025-10-16,600493
2025-10-16,301372
2025-10-16,002883
2025-10-16,301167
2025-10-16,000632
2025-10-16,001336
2025-10-16,688450
2025-10-16,001211
2025-10-16,300749
2025-10-16,688272
2025-10-16,300970
2025-10-16,603709
2025-10-16,688670
2025-10-16,300621
2025-10-16,688681
2025-10-16,002494
2025-10-16,001259
2025-10-16,301273
2025-10-16,002591
2025-10-16,688096
2025-10-16,002188
2025-10-16,688193
2025-10-16,002652
2025-10-16,600543
2025-10-16,688309
2025-10-16,600561
2025-10-16,603272
2025-10-16,600883
2025-10-16,688367
2025-10-16,000692
2025-10-16,300626
2025-10-16,688156
2025-10-16,301198
2025-10-16,300635
2025-10-16,300535
2025-10-16,301113
2025-10-16,300640
2025-10-16,001366
2025-10-16,300823
2025-10-16,688485
2025-10-16,301049
2025-10-16,688528
2025-10-16,300838
2025-10-16,300923
2025-10-16,002910
2025-10-16,600149
2025-10-16,301231
2025-10-16,300717
2025-10-16,300849
2025-10-16,603073
2025-10-16,301037
2025-10-16,605567
2025-10-16,300665
2025-10-16,603860
2025-10-16,688092
2025-10-16,001231
2025-10-16,002360
2025-10-16,002316
2025-10-16,300958
2025-10-16,300334
2025-10-16,002828
2025-10-16,000890
2025-10-16,300854
2025-10-16,300912
2025-10-16,301336
2025-10-16,603022
2025-10-16,001373
2025-10-16,603616
2025-10-16,600778
2025-10-16,600697
2025-10-16,301390
2025-10-16,300668
2025-10-16,003011
2025-10-30,688701
2025-10-30,002193
2025-10-30,300929
2025-10-30,688021
2025-10-30,002856
2025-10-30,688565
2025-10-30,603729
2025-10-30,688217
2025-10-30,002719
2025-10-30,688296
2025-10-30,301098
2025-10-30,688329
2025-10-30,300594
2025-10-30,688659
2025-10-30,600455
2025-10-30,688671
2025-10-30,600768
2025-10-30,300405
2025-10-30,300385
2025-10-30,300736
2025-10-30,002883
2025-10-30,688450
2025-10-30,301372
2025-10-30,001211
2025-10-30,300621
2025-10-30,603880
2025-10-30,300417
2025-10-30,300912
2025-10-30,301167
2025-10-30,688067
2025-10-30,002591
2025-10-30,000632
2025-10-30,600493
2025-10-30,603709
2025-10-30,600847
2025-10-30,002652
2025-10-30,688681
2025-10-30,000890
2025-10-30,688367
2025-10-30,600137
2025-10-30,688096
2025-10-30,300749
2025-10-30,688156
2025-10-30,600883
2025-10-30,600543
2025-10-30,301273
2025-10-30,000692
2025-10-30,600561
2025-10-30,688670
2025-10-30,300635
2025-10-30,688193
2025-10-30,002188
2025-10-30,002494
2025-10-30,001336
2025-10-30,300665
2025-10-30,688272
2025-10-30,600778
2025-10-30,603356
2025-10-30,300970
2025-10-30,300854
2025-10-30,301336
2025-10-30,688309
2025-10-30,688528
2025-10-30,001259
2025-10-30,002316
2025-10-30,002910
2025-10-30,300535
2025-10-30,002360
2025-10-30,600697
2025-10-30,603616
2025-10-30,603022
2025-10-30,300838
2025-10-30,300640
2025-10-30,301037
2025-10-30,603860
2025-10-30,301049
2025-10-30,300823
2025-10-30,300923
2025-10-30,688092
2025-10-30,300958
2025-10-30,001373
2025-10-30,600149
2025-10-30,001366
2025-10-30,300717
2025-10-30,301390
2025-10-30,301113
2025-10-30,301198
2025-10-30,605567
2025-10-30,603073
2025-10-30,300849
2025-10-30,002207
2025-10-30,300886
2025-10-30,688078
2025-10-30,688517
2025-10-30,300649
2025-10-30,688038
2025-10-30,300710
2025-10-30,603879
2025-10-30,300069
2025-10-30,301515
2025-11-13,688701
2025-11-13,688021
2025-11-13,300929
2025-11-13,002193
2025-11-13,688217
2025-11-13,688565
2025-11-13,688296
2025-11-13,603729
2025-11-13,300594
2025-11-13,002856
2025-11-13,301098
2025-11-13,002719
2025-11-13,688329
2025-11-13,600455
2025-11-13,688659
2025-11-13,600768
2025-11-13,688671
2025-11-13,688272
2025-11-13,002883
2025-11-13,300417
2025-11-13,688450
2025-11-13,688156
2025-11-13,688067
2025-11-13,301372
2025-11-13,300854
2025-11-13,688096
2025-11-13,301167
2025-11-13,600137
2025-11-13,300621
2025-11-13,688038
2025-11-13,001211
2025-11-13,600847
2025-11-13,688681
2025-11-13,000890
2025-11-13,688528
2025-11-13,603880
2025-11-13,001336
2025-11-13,300385
2025-11-13,002652
2025-11-13,300749
2025-11-13,688193
2025-11-13,600883
2025-11-13,002591
2025-11-13,000692
2025-11-13,300912
2025-11-13,301273
2025-11-13,603709
2025-11-13,301336
2025-11-13,600543
2025-11-13,603356
2025-11-13,600561
2025-11-13,600493
2025-11-13,603860
2025-11-13,603022
2025-11-13,300923
2025-11-13,300665
2025-11-13,688309
2025-11-13,002188
2025-11-13,688367
2025-11-13,300838
2025-11-13,300405
2025-11-13,002494
2025-11-13,688092
2025-11-13,300635
2025-11-13,300717
2025-11-13,300823
2025-11-13,002316
2025-11-13,300535
2025-11-13,688078
2025-11-13,300649
2025-11-13,300958
2025-11-13,300970
2025-11-13,001259
2025-11-13,001373
2025-11-13,600149
2025-11-13,002360
2025-11-13,301198
2025-11-13,600778
2025-11-13,301037
2025-11-13,603879
2025-11-13,301390
2025-11-13,600697
2025-11-13,300886
2025-11-13,300640
2025-11-13,301515
2025-11-13,002207
2025-11-13,603073
2025-11-13,603616
2025-11-13,688004
2025-11-13,301105
2025-11-13,603272
2025-11-13,688178
2025-11-13,605069
2025-11-13,600671
2025-11-13,688395
2025-11-13,300614
2025-11-13,603139
2025-11-13,688058
2025-11-13,688420
2025-11-13,300626
2025-11-27,688701
2025-11-27,688021
2025-11-27,300929
2025-11-27,688217
2025-11-27,688565
2025-11-27,002193
2025-11-27,688659
2025-11-27,688296
2025-11-27,603729
2025-11-27,002719
2025-11-27,300594
2025-11-27,301098
2025-11-27,600455
2025-11-27,688156
2025-11-27,600768
2025-11-27,688329
2025-11-27,300854
2025-11-27,688067
2025-11-27,688671
2025-11-27,300417
2025-11-27,002856
2025-11-27,688450
2025-11-27,002883
2025-11-27,688681
2025-11-27,000890
2025-11-27,688096
2025-11-27,301372
2025-11-27,603356
2025-11-27,600847
2025-11-27,301167
2025-11-27,688309
2025-11-27,688528
2025-11-27,600137
2025-11-27,001211
2025-11-27,300621
2025-11-27,688193
2025-11-27,603709
2025-11-27,002652
2025-11-27,688038
2025-11-27,600561
2025-11-27,000692
2025-11-27,600883
2025-11-27,603880
2025-11-27,301273
2025-11-27,600543
2025-11-27,688272
2025-11-27,300912
2025-11-27,002188
2025-11-27,300717
2025-11-27,688092
2025-11-27,300886
2025-11-27,001336
2025-11-27,600493
2025-11-27,300923
2025-11-27,603272
2025-11-27,300838
2025-11-27,002316
2025-11-27,603022
2025-11-27,300958
2025-11-27,603860
2025-11-27,002494
2025-11-27,300405
2025-11-27,300649
2025-11-27,600149
2025-11-27,603879
2025-11-27,002207
2025-11-27,002591
2025-11-27,301037
2025-11-27,600671
2025-11-27,688395
2025-11-27,300823
2025-11-27,300970
2025-11-27,002360
2025-11-27,300535
2025-11-27,600778
2025-11-27,301198
2025-11-27,600697
2025-11-27,688178
2025-11-27,300614
2025-11-27,301336
2025-11-27,300665
2025-11-27,605069
2025-11-27,688078
2025-11-27,603073
2025-11-27,301515
2025-11-27,301390
2025-11-27,603616
2025-11-27,688420
2025-11-27,603139
2025-11-27,001373
2025-11-27,300163
2025-11-27,600448
2025-11-27,002910
2025-11-27,300169
2025-11-27,688517
2025-11-27,688638
2025-11-27,301049
2025-11-27,300103
2025-11-27,002963
2025-11-27,603028
2025-12-11,688021
2025-12-11,688217
2025-12-11,002193
2025-12-11,688296
2025-12-11,300929
2025-12-11,688701
2025-12-11,603729
2025-12-11,688659
2025-12-11,002719
2025-12-11,688565
2025-12-11,300594
2025-12-11,301098
2025-12-11,600455
2025-12-11,002856
2025-12-11,300854
2025-12-11,688329
2025-12-11,688067
2025-12-11,688156
2025-12-11,002883
2025-12-11,600768
2025-12-11,600847
2025-12-11,688096
2025-12-11,301372
2025-12-11,688528
2025-12-11,300621
2025-12-11,603356
2025-12-11,688681
2025-12-11,688450
2025-12-11,688193
2025-12-11,600543
2025-12-11,301167
2025-12-11,001211
2025-12-11,603880
2025-12-11,300912
2025-12-11,002652
2025-12-11,600561
2025-12-11,300417
2025-12-11,301273
2025-12-11,688309
2025-12-11,688038
2025-12-11,600883
2025-12-11,300649
2025-12-11,002188
2025-12-11,300535
2025-12-11,300405
2025-12-11,002316
2025-12-11,600137
2025-12-11,001336
2025-12-11,603272
2025-12-11,300717
2025-12-11,300923
2025-12-11,002360
2025-12-11,300958
2025-12-11,600149
2025-12-11,603022
2025-12-11,000692
2025-12-11,002494
2025-12-11,300886
2025-12-11,301198
2025-12-11,002591
2025-12-11,002207
2025-12-11,301037
2025-12-11,603860
2025-12-11,688078
2025-12-11,300823
2025-12-11,300838
2025-12-11,300163
2025-12-11,600448
2025-12-11,301049
2025-12-11,688092
2025-12-11,688638
2025-12-11,001373
2025-12-11,300970
2025-12-11,301390
2025-12-11,002910
2025-12-11,688395
2025-12-11,301515
2025-12-11,300665
2025-12-11,600671
2025-12-11,603616
2025-12-11,300169
2025-12-11,605069
2025-12-11,600493
2025-12-11,600778
2025-12-11,600697
2025-12-11,301336
2025-12-11,688178
2025-12-11,688420
2025-12-11,688517
2025-12-11,688004
2025-12-11,300385
2025-12-11,001259
2025-12-11,688058
2025-12-11,001366
2025-12-11,688393
2025-12-11,300246
2025-12-11,301113
2025-12-11,605177
2025-12-11,002800
2025-12-11,603879
2025-12-25,688701
2025-12-25,688021
2025-12-25,002193
2025-12-25,300929
2025-12-25,688296
2025-12-25,688217
2025-12-25,603729
2025-12-25,688659
2025-12-25,002719
2025-12-25,301098
2025-12-25,002856
2025-12-25,600455
2025-12-25,688156
2025-12-25,688565
2025-12-25,300854
2025-12-25,688329
2025-12-25,688067
2025-12-25,002883
2025-12-25,301372
2025-12-25,600543
2025-12-25,300621
2025-12-25,600847
2025-12-25,600768
2025-12-25,688528
2025-12-25,688096
2025-12-25,300594
2025-12-25,688681
2025-12-25,688450
2025-12-25,301167
2025-12-25,603880
2025-12-25,300417
2025-12-25,688309
2025-12-25,300405
2025-12-25,688004
2025-12-25,001211
2025-12-25,600137
2025-12-25,000692
2025-12-25,002316
2025-12-25,600561
2025-12-25,300649
2025-12-25,301273
2025-12-25,600883
2025-12-25,603356
2025-12-25,300912
2025-12-25,603272
2025-12-25,688038
2025-12-25,688193
2025-12-25,002207
2025-12-25,600149
2025-12-25,300886
2025-12-25,300535
2025-12-25,300163
2025-12-25,300958
2025-12-25,300717
2025-12-25,688078
2025-12-25,002360
2025-12-25,301049
2025-12-25,300923
2025-12-25,688638
2025-12-25,603860
2025-12-25,301198
2025-12-25,301037
2025-12-25,603616
2025-12-25,002591
2025-12-25,688092
2025-12-25,600448
2025-12-25,002494
2025-12-25,301390
2025-12-25,301515
2025-12-25,300823
2025-12-25,002188
2025-12-25,688395
2025-12-25,002652
2025-12-25,300169
2025-12-25,605177
2025-12-25,688178
2025-12-25,300385
2025-12-25,600671
2025-12-25,688058
2025-12-25,688420
2025-12-25,603022
2025-12-25,001373
2025-12-25,301336
2025-12-25,001336
2025-12-25,300665
2025-12-25,300838
2025-12-25,600493
2025-12-25,001366
2025-12-25,300246
2025-12-25,688671
2025-12-25,300614
2025-12-25,300736
2025-12-25,688466
2025-12-25,300069
2025-12-25,603139
2025-12-25,603709
2025-12-25,300536
2025-12-25,300334
2025-12-25,300721
2025-12-25,301163
2026-01-08,688701
2026-01-08,002193
2026-01-08,688021
2026-01-08,300929
2026-01-08,688296
2026-01-08,002719
2026-01-08,603729
2026-01-08,688659
2026-01-08,301098
2026-01-08,600455
2026-01-08,688217
2026-01-08,688156
2026-01-08,688329
2026-01-08,002856
2026-01-08,002883
2026-01-08,300854
2026-01-08,688565
2026-01-08,688067
2026-01-08,300621
2026-01-08,301372
2026-01-08,603880
2026-01-08,600543
2026-01-08,600847
2026-01-08,688528
2026-01-08,301167
2026-01-08,600561
2026-01-08,600137
2026-01-08,300405
2026-01-08,000692
2026-01-08,688681
2026-01-08,300417
2026-01-08,688450
2026-01-08,301273
2026-01-08,600883
2026-01-08,001211
2026-01-08,300649
2026-01-08,600768
2026-01-08,300535
2026-01-08,300886
2026-01-08,600149
2026-01-08,688004
2026-01-08,300594
2026-01-08,688671
2026-01-08,688309
2026-01-08,300958
2026-01-08,688193
2026-01-08,002360
2026-01-08,600493
2026-01-08,300717
2026-01-08,002652
2026-01-08,300912
2026-01-08,600448
2026-01-08,301049
2026-01-08,300665
2026-01-08,300923
2026-01-08,300614
2026-01-08,603860
2026-01-08,002316
2026-01-08,002494
2026-01-08,301037
2026-01-08,688178
2026-01-08,603356
2026-01-08,688078
2026-01-08,300823
2026-01-08,002188
2026-01-08,001336
2026-01-08,002591
2026-01-08,301390
2026-01-08,603139
2026-01-08,688466
2026-01-08,002207
2026-01-08,001366
2026-01-08,688096
2026-01-08,603022
2026-01-08,603709
2026-01-08,600671
2026-01-08,688395
2026-01-08,300169
2026-01-08,300163
2026-01-08,688638
2026-01-08,603272
2026-01-08,300069
2026-01-08,300385
2026-01-08,300334
2026-01-08,688038
2026-01-08,688420
2026-01-08,301336
2026-01-08,603616
2026-01-08,688793
2026-01-08,600778
2026-01-08,300500
2026-01-08,001259
2026-01-08,600791
2026-01-08,600697
2026-01-08,603779
2026-01-08,603073
2026-01-08,002715
2026-01-08,605122
2026-01-08,603183
2026-01-08,605567
2026-01-22,688701
2026-01-22,002193
2026-01-22,002719
2026-01-22,300929
2026-01-22,688021
2026-01-22,603729
2026-01-22,688296
2026-01-22,688659
2026-01-22,301098
2026-01-22,600455
2026-01-22,002883
2026-01-22,688217
2026-01-22,603880
2026-01-22,600543
2026-01-22,300417
2026-01-22,300621
2026-01-22,688329
2026-01-22,688067
2026-01-22,688156
2026-01-22,301372
2026-01-22,688793
2026-01-22,300405
2026-01-22,688528
2026-01-22,600561
2026-01-22,000692
2026-01-22,600883
2026-01-22,688450
2026-01-22,600137
2026-01-22,688671
2026-01-22,300854
2026-01-22,301167
2026-01-22,300665
2026-01-22,002856
2026-01-22,300649
2026-01-22,600149
2026-01-22,600847
2026-01-22,600448
2026-01-22,688565
2026-01-22,688193
2026-01-22,600493
2026-01-22,301273
2026-01-22,688004
2026-01-22,688681
2026-01-22,300886
2026-01-22,002360
2026-01-22,002652
2026-01-22,002494
2026-01-22,603860
2026-01-22,002316
2026-01-22,688178
2026-01-22,300958
2026-01-22,001336
2026-01-22,300717
2026-01-22,300535
2026-01-22,001211
2026-01-22,688466
2026-01-22,600768
2026-01-22,300923
2026-01-22,300169
2026-01-22,688096
2026-01-22,688078
2026-01-22,603139
2026-01-22,600778
2026-01-22,002188
2026-01-22,301037
2026-01-22,600697
2026-01-22,301336
2026-01-22,300069
2026-01-22,688309
2026-01-22,301390
2026-01-22,688638
2026-01-22,300500
2026-01-22,001366
2026-01-22,301049
2026-01-22,300823
2026-01-22,300594
2026-01-22,688395
2026-01-22,300334
2026-01-22,002591
2026-01-22,002207
2026-01-22,603709
2026-01-22,603022
2026-01-22,605122
2026-01-22,603183
2026-01-22,603779
2026-01-22,300163
2026-01-22,605567
2026-01-22,688272
2026-01-22,300736
2026-01-22,300670
2026-01-22,603717
2026-01-22,600303
2026-01-22,300838
2026-01-22,000890
2026-01-22,300013
2026-01-22,603908
2026-01-22,603578
2026-01-22,603879
2026-01-22,300912
2026-01-22,603616
2026-02-05,688701
2026-02-05,300929
2026-02-05,002719
2026-02-05,002883
2026-02-05,688659
2026-02-05,688217
2026-02-05,600543
2026-02-05,688296
2026-02-05,301098
2026-02-05,688021
2026-02-05,600455
2026-02-05,002193
2026-02-05,300417
2026-02-05,688067
2026-02-05,300621
2026-02-05,603880
2026-02-05,688004
2026-02-05,688671
2026-02-05,300665
2026-02-05,688156
2026-02-05,301372
2026-02-05,300405
2026-02-05,688329
2026-02-05,688565
2026-02-05,688793
2026-02-05,688528
2026-02-05,300649
2026-02-05,688450
2026-02-05,000692
2026-02-05,600561
2026-02-05,688681
2026-02-05,688193
2026-02-05,600883
2026-02-05,301167
2026-02-05,688078
2026-02-05,001211
2026-02-05,600137
2026-02-05,002856
2026-02-05,600847
2026-02-05,002360
2026-02-05,688178
2026-02-05,600448
2026-02-05,002652
2026-02-05,002494
2026-02-05,300958
2026-02-05,300717
2026-02-05,688096
2026-02-05,603860
2026-02-05,300886
2026-02-05,688466
2026-02-05,300670
2026-02-05,301273
2026-02-05,300500
2026-02-05,300069
2026-02-05,600493
2026-02-05,002316
2026-02-05,688638
2026-02-05,300854
2026-02-05,001336
2026-02-05,301037
2026-02-05,000890
2026-02-05,300013
2026-02-05,600697
2026-02-05,300535
2026-02-05,600149
2026-02-05,600303
2026-02-05,300923
2026-02-05,300838
2026-02-05,603717
2026-02-05,603879
2026-02-05,301049
2026-02-05,603022
2026-02-05,603779
2026-02-05,688395
2026-02-05,300334
2026-02-05,688272
2026-02-05,300823
2026-02-05,300169
2026-02-05,603139
2026-02-05,301390
2026-02-05,001366
2026-02-05,603908
2026-02-05,603709
2026-02-05,300594
2026-02-05,603183
2026-02-05,002591
2026-02-05,002188
2026-02-05,300635
2026-02-05,688573
2026-02-05,600476
2026-02-05,301139
2026-02-05,300295
2026-02-05,688189
2026-02-05,300883
2026-02-05,002963
2026-02-05,603272
2026-02-05,002715
2026-02-05,300220
2026-02-05,600671
2026-02-05,603729
2026-02-24,688701
2026-02-24,300929
2026-02-24,002719
2026-02-24,002883
2026-02-24,688217
2026-02-24,002193
2026-02-24,600543
2026-02-24,603729
2026-02-24,688296
2026-02-24,688659
2026-02-24,301098
2026-02-24,600455
2026-02-24,688021
2026-02-24,300665
2026-02-24,300621
2026-02-24,688671
2026-02-24,300417
2026-02-24,688004
2026-02-24,603880
2026-02-24,688793
2026-02-24,688067
2026-02-24,002856
2026-02-24,301372
2026-02-24,300635
2026-02-24,688156
2026-02-24,688329
2026-02-24,688565
2026-02-24,600561
2026-02-24,300649
2026-02-24,300405
2026-02-24,600883
2026-02-24,688528
2026-02-24,301167
2026-02-24,001211
2026-02-24,688450
2026-02-24,688681
2026-02-24,000692
2026-02-24,300295
2026-02-24,600137
2026-02-24,688193
2026-02-24,600448
2026-02-24,688078
2026-02-24,688178
2026-02-24,600847
2026-02-24,002494
2026-02-24,600697
2026-02-24,300886
2026-02-24,603860
2026-02-24,600476
2026-02-24,002316
2026-02-24,300958
2026-02-24,603879
2026-02-24,600493
2026-02-24,688096
2026-02-24,300717
2026-02-24,002360
2026-02-24,300500
2026-02-24,001336
2026-02-24,688466
2026-02-24,603717
2026-02-24,300069
2026-02-24,688638
2026-02-24,688573
2026-02-24,301139
2026-02-24,300169
2026-02-24,300670
2026-02-24,603779
2026-02-24,300013
2026-02-24,603022
2026-02-24,301273
2026-02-24,001366
2026-02-24,002652
2026-02-24,688272
2026-02-24,002963
2026-02-24,300838
2026-02-24,301037
2026-02-24,300923
2026-02-24,600149
2026-02-24,002591
2026-02-24,688189
2026-02-24,002188
2026-02-24,688395
2026-02-24,603908
2026-02-24,300535
2026-02-24,300823
2026-02-24,600303
2026-02-24,002715
2026-02-24,300854
2026-02-24,603183
2026-02-24,603709
2026-02-24,300220
2026-02-24,300334
2026-02-24,600778
2026-02-24,000610
2026-02-24,605567
2026-02-24,000632
2026-02-24,002910
2026-02-24,300614
2026-02-24,688695
2026-02-24,688058
2026-03-05,688701
2026-03-05,002883
2026-03-05,300929
2026-03-05,688217
2026-03-05,002719
2026-03-05,603729
2026-03-05,688296
2026-03-05,600543
2026-03-05,301098
2026-03-05,688659
2026-03-05,002193
2026-03-05,600455
2026-03-05,300665
2026-03-05,688671
2026-03-05,688004
2026-03-05,300621
2026-03-05,688021
2026-03-05,688793
2026-03-05,002856
2026-03-05,603880
2026-03-05,688067
2026-03-05,301372
2026-03-05,300635
2026-03-05,300417
2026-03-05,300649
2026-03-05,688528
2026-03-05,300295
2026-03-05,688329
2026-03-05,301167
2026-03-05,600561
2026-03-05,688078
2026-03-05,001211
2026-03-05,600883
2026-03-05,688193
2026-03-05,600697
2026-03-05,688565
2026-03-05,600476
2026-03-05,688573
2026-03-05,600137
2026-03-05,300405
2026-03-05,600847
2026-03-05,300500
2026-03-05,688681
2026-03-05,688178
2026-03-05,600448
2026-03-05,002494
2026-03-05,600493
2026-03-05,603860
2026-03-05,688450
2026-03-05,300169
2026-03-05,603717
2026-03-05,300886
2026-03-05,600778
2026-03-05,603879
2026-03-05,603779
2026-03-05,000692
2026-03-05,001336
2026-03-05,688638
2026-03-05,002316
2026-03-05,688189
2026-03-05,301037
2026-03-05,000610
2026-03-05,300958
2026-03-05,688156
2026-03-05,688466
2026-03-05,301139
2026-03-05,301273
2026-03-05,603022
2026-03-05,605567
2026-03-05,002591
2026-03-05,603908
2026-03-05,300838
2026-03-05,300923
2026-03-05,002715
2026-03-05,002188
2026-03-05,002360
2026-03-05,001366
2026-03-05,300717
2026-03-05,688096
2026-03-05,603709
2026-03-05,300823
2026-03-05,688395
2026-03-05,600303
2026-03-05,688695
2026-03-05,300069
2026-03-05,300220
2026-03-05,688058
2026-03-05,002910
2026-03-05,002963
2026-03-05,300670
2026-03-05,301336
2026-03-05,300675
2026-03-05,301010
2026-03-05,300106
2026-03-05,600119
2026-03-05,688670
2026-03-05,300640
2026-03-05,300556
2026-03-05,002820
2026-03-05,688420
2026-03-19,688701
2026-03-19,002883
2026-03-19,600543
2026-03-19,002856
2026-03-19,688296
2026-03-19,002719
2026-03-19,688217
2026-03-19,300929
2026-03-19,301098
2026-03-19,688659
2026-03-19,603729
2026-03-19,002193
2026-03-19,300665
2026-03-19,600455
2026-03-19,688793
2026-03-19,688671
2026-03-19,300635
2026-03-19,300621
2026-03-19,600476
2026-03-19,300417
2026-03-19,301372
2026-03-19,688004
2026-03-19,688067
2026-03-19,688528
2026-03-19,688078
2026-03-19,300405
2026-03-19,688329
2026-03-19,600561
2026-03-19,300649
2026-03-19,301167
2026-03-19,001211
2026-03-19,300295
2026-03-19,600697
2026-03-19,600883
2026-03-19,688573
2026-03-19,600493
2026-03-19,603717
2026-03-19,002494
2026-03-19,688193
2026-03-19,688565
2026-03-19,300500
2026-03-19,688681
2026-03-19,600448
2026-03-19,600778
2026-03-19,688096
2026-03-19,603860
2026-03-19,603879
2026-03-19,603880
2026-03-19,688156
2026-03-19,688189
2026-03-19,301037
2026-03-19,002715
2026-03-19,002591
2026-03-19,301336
2026-03-19,300069
2026-03-19,600137
2026-03-19,001336
2026-03-19,603779
2026-03-19,300670
2026-03-19,300169
2026-03-19,000610
2026-03-19,300923
2026-03-19,688450
2026-03-19,300886
2026-03-19,603022
2026-03-19,300838
2026-03-19,600119
2026-03-19,688670
2026-03-19,300823
2026-03-19,603709
2026-03-19,600847
2026-03-19,300717
2026-03-19,300220
2026-03-19,300106
2026-03-19,603908
2026-03-19,002188
2026-03-19,002910
2026-03-19,002316
2026-03-19,688695
2026-03-19,300958
2026-03-19,000692
2026-03-19,688466
2026-03-19,301139
2026-03-19,301273
2026-03-19,605567
2026-03-19,600303
2026-03-19,688178
2026-03-19,688420
2026-03-19,001366
2026-03-19,002820
2026-03-19,688638
2026-03-19,688058
2026-03-19,301049
2026-03-19,000632
2026-03-19,300013
2026-03-19,300535
2026-03-19,600768
2026-03-19,603214
2026-03-19,300163
2026-03-19,600149
2026-04-02,688701
2026-04-02,688296
2026-04-02,002193
2026-04-02,002856
2026-04-02,002883
2026-04-02,002719
2026-04-02,688659
2026-04-02,301098
2026-04-02,600543
2026-04-02,603729
2026-04-02,688217
2026-04-02,600455
2026-04-02,300417
2026-04-02,300929
2026-04-02,300665
2026-04-02,300621
2026-04-02,688671
2026-04-02,688004
2026-04-02,600476
2026-04-02,688078
2026-04-02,300405
2026-04-02,301372
2026-04-02,688528
2026-04-02,688067
2026-04-02,300295
2026-04-02,301167
2026-04-02,300500
2026-04-02,600561
2026-04-02,688573
2026-04-02,688329
2026-04-02,300649
2026-04-02,600697
2026-04-02,688681
2026-04-02,600883
2026-04-02,688096
2026-04-02,300635
2026-04-02,688565
2026-04-02,600847
2026-04-02,300169
2026-04-02,300670
2026-04-02,603717
2026-04-02,002494
2026-04-02,001211
2026-04-02,600778
2026-04-02,603880
2026-04-02,603879
2026-04-02,688793
2026-04-02,002715
2026-04-02,600493
2026-04-02,301336
2026-04-02,301037
2026-04-02,000610
2026-04-02,300838
2026-04-02,300535
2026-04-02,300958
2026-04-02,301049
2026-04-02,603022
2026-04-02,688193
2026-04-02,603779
2026-04-02,002591
2026-04-02,688695
2026-04-02,600448
2026-04-02,002188
2026-04-02,001336
2026-04-02,300220
2026-04-02,300106
2026-04-02,300823
2026-04-02,688058
2026-04-02,300717
2026-04-02,301273
2026-04-02,688420
2026-04-02,688466
2026-04-02,600137
2026-04-02,300886
2026-04-02,603709
2026-04-02,603860
2026-04-02,002910
2026-04-02,603908
2026-04-02,688638
2026-04-02,301139
2026-04-02,300013
2026-04-02,002316
2026-04-02,300923
2026-04-02,300163
2026-04-02,605567
2026-04-02,002820
2026-04-02,600303
2026-04-02,688670
2026-04-02,600119
2026-04-02,001366
2026-04-02,688021
2026-04-02,300614
2026-04-02,301024
2026-04-02,300556
2026-04-02,301030
2026-04-02,002963
2026-04-02,300675
2026-04-02,688395
2026-04-02,300334
2026-04-02,300640
2026-04-16,688701
2026-04-16,002719
2026-04-16,002883
2026-04-16,688296
2026-04-16,600543
2026-04-16,603729
2026-04-16,002856
2026-04-16,688217
2026-04-16,301098
2026-04-16,688659
2026-04-16,600455
2026-04-16,300929
2026-04-16,300665
2026-04-16,688671
2026-04-16,002193
2026-04-16,300417
2026-04-16,300405
2026-04-16,300621
2026-04-16,688004
2026-04-16,688078
2026-04-16,688067
2026-04-16,688528
2026-04-16,600476
2026-04-16,688793
2026-04-16,300500
2026-04-16,688021
2026-04-16,600561
2026-04-16,603880
2026-04-16,301167
2026-04-16,688329
2026-04-16,600697
2026-04-16,600883
2026-04-16,300295
2026-04-16,688565
2026-04-16,603879
2026-04-16,300169
2026-04-16,688096
2026-04-16,600778
2026-04-16,603717
2026-04-16,688681
2026-04-16,300635
2026-04-16,600493
2026-04-16,002494
2026-04-16,688193
2026-04-16,300670
2026-04-16,600448
2026-04-16,301336
2026-04-16,300649
2026-04-16,301037
2026-04-16,688695
2026-04-16,002591
2026-04-16,002316
2026-04-16,300106
2026-04-16,001336
2026-04-16,688573
2026-04-16,300958
2026-04-16,600137
2026-04-16,002820
2026-04-16,603779
2026-04-16,600303
2026-04-16,002910
2026-04-16,603022
2026-04-16,300886
2026-04-16,300614
2026-04-16,300838
2026-04-16,603860
2026-04-16,300013
2026-04-16,603908
2026-04-16,300535
2026-04-16,300220
2026-04-16,002188
2026-04-16,300717
2026-04-16,688466
2026-04-16,603709
2026-04-16,002715
2026-04-16,300823
2026-04-16,301049
2026-04-16,300923
2026-04-16,301273
2026-04-16,600119
2026-04-16,688670
2026-04-16,300640
2026-04-16,605567
2026-04-16,688420
2026-04-16,688058
2026-04-16,300334
2026-04-16,600082
2026-04-16,002207
2026-04-16,002227
2026-04-16,000838
2026-04-16,000632
2026-04-16,002622
2026-04-16,688189
2026-04-16,002524
2026-04-16,000663
2026-04-16,301390
2026-04-16,603356
2026-04-16,000056
2026-04-16,603214
2026-04-16,600149
2026-04-30,688701
2026-04-30,603729
2026-04-30,600543
2026-04-30,688217
2026-04-30,688296
2026-04-30,301098
2026-04-30,600455
2026-04-30,688659
2026-04-30,688329
2026-04-30,688004
2026-04-30,300665
2026-04-30,688671
2026-04-30,600476
2026-04-30,300929
2026-04-30,688793
2026-04-30,300621
2026-04-30,300417
2026-04-30,688067
2026-04-30,688565
2026-04-30,300405
2026-04-30,600561
2026-04-30,688096
2026-04-30,301167
2026-04-30,688078
2026-04-30,600697
2026-04-30,300500
2026-04-30,600493
2026-04-30,300635
2026-04-30,688528
2026-04-30,300169
2026-04-30,300535
2026-04-30,603879
2026-04-30,600883
2026-04-30,600778
2026-04-30,688681
2026-04-30,688573
2026-04-30,603880
2026-04-30,688695
2026-04-30,600082
2026-04-30,002316
2026-04-30,603860
2026-04-30,603717
2026-04-30,300220
2026-04-30,688670
2026-04-30,002910
2026-04-30,300614
2026-04-30,301336
2026-04-30,300886
2026-04-30,688466
2026-04-30,300958
2026-04-30,600119
2026-04-30,603908
2026-04-30,688058
2026-04-30,603022
2026-04-30,600448
2026-04-30,301390
2026-04-30,600303
2026-04-30,605567
2026-04-30,300717
2026-04-30,300923
2026-04-30,002524
2026-04-30,600137
2026-04-30,300670
2026-04-30,300640
2026-04-30,002820
2026-04-30,300013
2026-04-30,603214
2026-04-30,688021
2026-04-30,000663
2026-04-30,001336
2026-04-30,002494
2026-04-30,002622
2026-04-30,301037
2026-04-30,002188
2026-04-30,688420
2026-04-30,002715
2026-04-30,688121
2026-04-30,603359
2026-04-30,300163
2026-04-30,300605
2026-04-30,301139
2026-04-30,002743
2026-04-30,688026
2026-04-30,002809
2026-04-30,600847
2026-04-30,688393
2026-04-30,002828
2026-04-30,688426
2026-04-30,300645
2026-04-30,002696
2026-04-30,301131
2026-04-30,603282
2026-04-30,301010
2026-04-30,301515
2026-04-30,002486
2026-04-30,605177
2026-04-30,300961
2026-04-30,002883
2026-04-30,002193
2026-04-30,000056
2026-05-14,603729
2026-05-14,688701
2026-05-14,603359
2026-05-14,600543
2026-05-14,688217
2026-05-14,688296
2026-05-14,600455
2026-05-14,300621
2026-05-14,300929
2026-05-14,688004
2026-05-14,688565
2026-05-14,688659
2026-05-14,688067
2026-05-14,688078
2026-05-14,301167
2026-05-14,688329
2026-05-14,300535
2026-05-14,600476
2026-05-14,600697
2026-05-14,600493
2026-05-14,600561
2026-05-14,301098
2026-05-14,300417
2026-05-14,688671
2026-05-14,300605
2026-05-14,300405
2026-05-14,300169
2026-05-14,688793
2026-05-14,603879
2026-05-14,600778
2026-05-14,688528
2026-05-14,688681
2026-05-14,688695
2026-05-14,300500
2026-05-14,603860
2026-05-14,300635
2026-05-14,300614
2026-05-14,300665
2026-05-14,600883
2026-05-14,301336
2026-05-14,688021
2026-05-14,300163
2026-05-14,002316
2026-05-14,605567
2026-05-14,603908
2026-05-14,002910
2026-05-14,300886
2026-05-14,600303
2026-05-14,300923
2026-05-14,300220
2026-05-14,688058
2026-05-14,300717
2026-05-14,002524
2026-05-14,600448
2026-05-14,688026
2026-05-14,300958
2026-05-14,002828
2026-05-14,688466
2026-05-14,002696
2026-05-14,300645
2026-05-14,301390
2026-05-14,603214
2026-05-14,000663
2026-05-14,002188
2026-05-14,688393
2026-05-14,600137
2026-05-14,600119
2026-05-14,603022
2026-05-14,002820
2026-05-14,002622
2026-05-14,002486
2026-05-14,300670
2026-05-14,688573
2026-05-14,002743
2026-05-14,002494
2026-05-14,600847
2026-05-14,688426
2026-05-14,301131
2026-05-14,002715
2026-05-14,603717
2026-05-14,600818
2026-05-14,600080
2026-05-14,603378
2026-05-14,600180
2026-05-14,600491
2026-05-14,600423
2026-05-14,600671
2026-05-14,600706
2026-05-14,603029
2026-05-14,300517
2026-05-14,002817
2026-05-14,603183
2026-05-14,603177
2026-05-14,688657
2026-05-14,600051
2026-05-14,003008
2026-05-14,603073
2026-05-14,688121
2026-05-14,301139
2026-05-14,000056
2026-05-28,603359
2026-05-28,603729
2026-05-28,688701
2026-05-28,688217
2026-05-28,600180
2026-05-28,600543
2026-05-28,688793
2026-05-28,688296
2026-05-28,300621
2026-05-28,300929
2026-05-28,600455
2026-05-28,688565
2026-05-28,688067
2026-05-28,301167
2026-05-28,688659
2026-05-28,688078
2026-05-28,600561
2026-05-28,600697
2026-05-28,300535
2026-05-28,600493
2026-05-28,600476
2026-05-28,300417
2026-05-28,300169
2026-05-28,300886
2026-05-28,300605
2026-05-28,603879
2026-05-28,688021
2026-05-28,688681
2026-05-28,301098
2026-05-28,688329
2026-05-28,688004
2026-05-28,300923
2026-05-28,600818
2026-05-28,603860
2026-05-28,300405
2026-05-28,600778
2026-05-28,688695
2026-05-28,603717
2026-05-28,600448
2026-05-28,002828
2026-05-28,605567
2026-05-28,603908
2026-05-28,300635
2026-05-28,300614
2026-05-28,300500
2026-05-28,002910
2026-05-28,688058
2026-05-28,300717
2026-05-28,300220
2026-05-28,600491
2026-05-28,600080
2026-05-28,688528
2026-05-28,600137
2026-05-28,688026
2026-05-28,002524
2026-05-28,300645
2026-05-28,600883
2026-05-28,002316
2026-05-28,688466
2026-05-28,002820
2026-05-28,603214
2026-05-28,300958
2026-05-28,002494
2026-05-28,002188
2026-05-28,301390
2026-05-28,688393
2026-05-28,000663
2026-05-28,603183
2026-05-28,603022
2026-05-28,002486
2026-05-28,300665
2026-05-28,603029
2026-05-28,002696
2026-05-28,301336
2026-05-28,600706
2026-05-28,688671
2026-05-28,301131
2026-05-28,600119
2026-05-28,002743
2026-05-28,600051
2026-05-28,002817
2026-05-28,003008
2026-05-28,603073
2026-05-28,688426
2026-05-28,301113
2026-05-28,002809
2026-05-28,002535
2026-05-28,688193
2026-05-28,600187
2026-05-28,603709
2026-05-28,301049
2026-05-28,688670
2026-05-28,003042
2026-05-28,300949
2026-05-28,300675
2026-05-28,300112
2026-05-28,002873
2026-05-28,688638
2026-05-28,300640
2026-05-28,688121
2026-06-11,603729
2026-06-11,688701
2026-06-11,603359
2026-06-11,688217
2026-06-11,600543
2026-06-11,300949
2026-06-11,600180
2026-06-11,688296
2026-06-11,300621
2026-06-11,300929
2026-06-11,301336
2026-06-11,688067
2026-06-11,688793
2026-06-11,688659
2026-06-11,600455
2026-06-11,688565
2026-06-11,301113
2026-06-11,300417
2026-06-11,301167
2026-06-11,600561
2026-06-11,688681
2026-06-11,301098
2026-06-11,688004
2026-06-11,300535
2026-06-11,688078
2026-06-11,600493
2026-06-11,600476
2026-06-11,300605
2026-06-11,300405
2026-06-11,300169
2026-06-11,603879
2026-06-11,688021
2026-06-11,688695
2026-06-11,300886
2026-06-11,600697
2026-06-11,688329
2026-06-11,300220
2026-06-11,688058
2026-06-11,600119
2026-06-11,300500
2026-06-11,688528
2026-06-11,600778
2026-06-11,300614
2026-06-11,603860
2026-06-11,300717
2026-06-11,605567
2026-06-11,600080
2026-06-11,002316
2026-06-11,688466
2026-06-11,600137
2026-06-11,600818
2026-06-11,688026
2026-06-11,688393
2026-06-11,002828
2026-06-11,603908
2026-06-11,002188
2026-06-11,300635
2026-06-11,688670
2026-06-11,301390
2026-06-11,600448
2026-06-11,688671
2026-06-11,300958
2026-06-11,600883
2026-06-11,603022
2026-06-11,002524
2026-06-11,300645
2026-06-11,300640
2026-06-11,688638
2026-06-11,603214
2026-06-11,002820
2026-06-11,603183
2026-06-11,688426
2026-06-11,002696
2026-06-11,603717
2026-06-11,300923
2026-06-11,301049
2026-06-11,000663
2026-06-11,002494
2026-06-11,603029
2026-06-11,603709
2026-06-11,002910
2026-06-11,002809
2026-06-11,003008
2026-06-11,002486
2026-06-11,002743
2026-06-11,688189
2026-06-11,301135
2026-06-11,301156
2026-06-11,688573
2026-06-11,603307
2026-06-11,301578
2026-06-11,301353
2026-06-11,300876
2026-06-11,603177
2026-06-11,301037
2026-06-11,301298
2026-06-11,600149
2026-06-11,688092
2026-06-11,002760
2026-06-11,688121
2026-06-25,603359
2026-06-25,603729
2026-06-25,688701
2026-06-25,688217
2026-06-25,600180
2026-06-25,600543
2026-06-25,300949
2026-06-25,688296
2026-06-25,300621
2026-06-25,600455
2026-06-25,300929
2026-06-25,301113
2026-06-25,688067
2026-06-25,300417
2026-06-25,301167
2026-06-25,600476
2026-06-25,600561
2026-06-25,688793
2026-06-25,600493
2026-06-25,688565
2026-06-25,688078
2026-06-25,688681
2026-06-25,688004
2026-06-25,300535
2026-06-25,300886
2026-06-25,300405
2026-06-25,600778
2026-06-25,688021
2026-06-25,603879
2026-06-25,600119
2026-06-25,600697
2026-06-25,300169
2026-06-25,301156
2026-06-25,300605
2026-06-25,688528
2026-06-25,301098
2026-06-25,301336
2026-06-25,300500
2026-06-25,300614
2026-06-25,688329
2026-06-25,688466
2026-06-25,688695
2026-06-25,600137
2026-06-25,002316
2026-06-25,688058
2026-06-25,300220
2026-06-25,603908
2026-06-25,603860
2026-06-25,603307
2026-06-25,002188
2026-06-25,600448
2026-06-25,300876
2026-06-25,603022
2026-06-25,605567
2026-06-25,600080
2026-06-25,002809
2026-06-25,688189
2026-06-25,301353
2026-06-25,300640
2026-06-25,300923
2026-06-25,688393
2026-06-25,688670
2026-06-25,002494
2026-06-25,300958
2026-06-25,002820
2026-06-25,300635
2026-06-25,301578
2026-06-25,301049
2026-06-25,603214
2026-06-25,301037
2026-06-25,300645
2026-06-25,600883
2026-06-25,688573
2026-06-25,600149
2026-06-25,002743
2026-06-25,688659
2026-06-25,603717
2026-06-25,000663
2026-06-25,603709
2026-06-25,301298
2026-06-25,002696
2026-06-25,301135
2026-06-25,301390
2026-06-25,603183
2026-06-25,603029
2026-06-25,002524
2026-06-25,301520
2026-06-25,600491
2026-06-25,603836
2026-06-25,000702
2026-06-25,600303
2026-06-25,600082
2026-06-25,600423
2026-06-25,001211
2026-06-25,002622
2026-06-25,600202
2026-06-25,300838
2026-06-25,603073
2026-06-25,603177
2026-06-25,688121
2026-07-09,688121
2026-07-09,688701
2026-07-09,603729
2026-07-09,603359
2026-07-09,688217
2026-07-09,300949
2026-07-09,600543
2026-07-09,300621
2026-07-09,688565
2026-07-09,688793
2026-07-09,688296
2026-07-09,688067
2026-07-09,301167
2026-07-09,300417
2026-07-09,600455
2026-07-09,301113
2026-07-09,688004
2026-07-09,600561
2026-07-09,300405
2026-07-09,600476
2026-07-09,301336
2026-07-09,300535
2026-07-09,300635
2026-07-09,688528
2026-07-09,300605
2026-07-09,688021
2026-07-09,688681
2026-07-09,300169
2026-07-09,300220
2026-07-09,300500
2026-07-09,301156
2026-07-09,600180
2026-07-09,301098
2026-07-09,600697
2026-07-09,300614
2026-07-09,688466
2026-07-09,688573
2026-07-09,600778
2026-07-09,688695
2026-07-09,603879
2026-07-09,001211
2026-07-09,688078
2026-07-09,002809
2026-07-09,300886
2026-07-09,002188
2026-07-09,688329
2026-07-09,603022
2026-07-09,603908
2026-07-09,600493
2026-07-09,301037
2026-07-09,600137
2026-07-09,002316
2026-07-09,603307
2026-07-09,301135
2026-07-09,688058
2026-07-09,600448
2026-07-09,603860
2026-07-09,301353
2026-07-09,605567
2026-07-09,688659
2026-07-09,600883
2026-07-09,300923
2026-07-09,603177
2026-07-09,600119
2026-07-09,300876
2026-07-09,603836
2026-07-09,688393
2026-07-09,301578
2026-07-09,002743
2026-07-09,300645
2026-07-09,301298
2026-07-09,603709
2026-07-09,600303
2026-07-09,000663
2026-07-09,603029
2026-07-09,002820
2026-07-09,603214
2026-07-09,300958
2026-07-09,600202
2026-07-09,603073
2026-07-09,002494
2026-07-09,000702
2026-07-09,600149
2026-07-09,301049
2026-07-09,688189
2026-07-09,301233
2026-07-09,688638
2026-07-09,301010
2026-07-09,301063
2026-07-09,688288
2026-07-09,300126
2026-07-09,300675
2026-07-09,301131
2026-07-09,688051
2026-07-09,600706
2026-07-09,301515
2026-07-09,002858
2026-07-09,003042
2026-07-09,001336
2026-07-09,600491
2026-07-23,688121
2026-07-23,688701
2026-07-23,603359
2026-07-23,603729
2026-07-23,688217
2026-07-23,600543
2026-07-23,300949
2026-07-23,301113
2026-07-23,603709
2026-07-23,300417
2026-07-23,301098
2026-07-23,300621
2026-07-23,688329
2026-07-23,688067
2026-07-23,600476
2026-07-23,688793
2026-07-23,600455
2026-07-23,688659
2026-07-23,688528
2026-07-23,688021
2026-07-23,301167
2026-07-23,300405
2026-07-23,300535
2026-07-23,688573
2026-07-23,001211
2026-07-23,300635
2026-07-23,600561
2026-07-23,688695
2026-07-23,300500
2026-07-23,300220
2026-07-23,688565
2026-07-23,300876
2026-07-23,301156
2026-07-23,600493
2026-07-23,688296
2026-07-23,300605
2026-07-23,301336
2026-07-23,300169
2026-07-23,300614
2026-07-23,301135
2026-07-23,002188
2026-07-23,688466
2026-07-23,688058
2026-07-23,603879
2026-07-23,002743
2026-07-23,301037
2026-07-23,002316
2026-07-23,301233
2026-07-23,300886
2026-07-23,600180
2026-07-23,688078
2026-07-23,603307
2026-07-23,688638
2026-07-23,300923
2026-07-23,688681
2026-07-23,603022
2026-07-23,600119
2026-07-23,600137
2026-07-23,600778
2026-07-23,301353
2026-07-23,603908
2026-07-23,600697
2026-07-23,688004
2026-07-23,600448
2026-07-23,603860
2026-07-23,002809
2026-07-23,600883
2026-07-23,688393
2026-07-23,688288
2026-07-23,605567
2026-07-23,301010
2026-07-23,301131
2026-07-23,301578
2026-07-23,688051
2026-07-23,002494
2026-07-23,301298
2026-07-23,002820
2026-07-23,001336
2026-07-23,300645
2026-07-23,301049
2026-07-23,300126
2026-07-23,603029
2026-07-23,301515
2026-07-23,603836
2026-07-23,300854
2026-07-23,688671
2026-07-23,603717
2026-07-23,688651
2026-07-23,301106
2026-07-23,002830
2026-07-23,301390
2026-07-23,300838
2026-07-23,002910
2026-07-23,300549
2026-07-23,600847
2026-07-23,688092
2026-07-23,688576
2026-07-23,301006
2026-07-23,600082
2026-08-06,688121
2026-08-06,603359
2026-08-06,688701
2026-08-06,603729
2026-08-06,688217
2026-08-06,600543
2026-08-06,300949
2026-08-06,603709
2026-08-06,001336
2026-08-06,301113
2026-08-06,300417
2026-08-06,688067
2026-08-06,600455
2026-08-06,300621
2026-08-06,688329
2026-08-06,688793
2026-08-06,600476
2026-08-06,001211
2026-08-06,301167
2026-08-06,688573
2026-08-06,300405
2026-08-06,688021
2026-08-06,688659
2026-08-06,300535
2026-08-06,301098
2026-08-06,688528
2026-08-06,301156
2026-08-06,300220
2026-08-06,600561
2026-08-06,301336
2026-08-06,300500
2026-08-06,600493
2026-08-06,300635
2026-08-06,688565
2026-08-06,688466
2026-08-06,603307
2026-08-06,688695
2026-08-06,600119
2026-08-06,688078
2026-08-06,300876
2026-08-06,301135
2026-08-06,600778
2026-08-06,600697
2026-08-06,301233
2026-08-06,300614
2026-08-06,300886
2026-08-06,603022
2026-08-06,002743
2026-08-06,600180
2026-08-06,688681
2026-08-06,603908
2026-08-06,600137
2026-08-06,002809
2026-08-06,603860
2026-08-06,301106
2026-08-06,002188
2026-08-06,300854
2026-08-06,688058
2026-08-06,300605
2026-08-06,600448
2026-08-06,002494
2026-08-06,603717
2026-08-06,600883
2026-08-06,605567
2026-08-06,688393
2026-08-06,301353
2026-08-06,002316
2026-08-06,688576
2026-08-06,300169
2026-08-06,002910
2026-08-06,002830
2026-08-06,301037
2026-08-06,603836
2026-08-06,688651
2026-08-06,301298
2026-08-06,688638
2026-08-06,301390
2026-08-06,301010
2026-08-06,300923
2026-08-06,603029
2026-08-06,301049
2026-08-06,603879
2026-08-06,301131
2026-08-06,688288
2026-08-06,301515
2026-08-06,688004
2026-08-06,300838
2026-08-06,301512
2026-08-06,688501
2026-08-06,301503
2026-08-06,300958
2026-08-06,688189
2026-08-06,603272
2026-08-06,688670
2026-08-06,003017
2026-08-06,600080
2026-08-06,301063
2026-08-06,300675
2026-08-06,600149
2026-08-06,000663
2026-08-20,688121
2026-08-20,603359
2026-08-20,603729
2026-08-20,688701
2026-08-20,600543
2026-08-20,300949
2026-08-20,688217
2026-08-20,603272
2026-08-20,603709
2026-08-20,300417
2026-08-20,001336
2026-08-20,300621
2026-08-20,600476
2026-08-20,600455
2026-08-20,301113
2026-08-20,688067
2026-08-20,301167
2026-08-20,688573
2026-08-20,301098
2026-08-20,688329
2026-08-20,300405
2026-08-20,688021
2026-08-20,600561
2026-08-20,300220
2026-08-20,600493
2026-08-20,688528
2026-08-20,688501
2026-08-20,688695
2026-08-20,301512
2026-08-20,688565
2026-08-20,300500
2026-08-20,300605
2026-08-20,600119
2026-08-20,301156
2026-08-20,300876
2026-08-20,600180
2026-08-20,301233
2026-08-20,301336
2026-08-20,688659
2026-08-20,600697
2026-08-20,301135
2026-08-20,300614
2026-08-20,001211
2026-08-20,300635
2026-08-20,688466
2026-08-20,688078
2026-08-20,603307
2026-08-20,600778
2026-08-20,688651
2026-08-20,688058
2026-08-20,688004
2026-08-20,600137
2026-08-20,002316
2026-08-20,603022
2026-08-20,603860
2026-08-20,300535
2026-08-20,688681
2026-08-20,688793
2026-08-20,603908
2026-08-20,301503
2026-08-20,600080
2026-08-20,002809
2026-08-20,002188
2026-08-20,688189
2026-08-20,002830
2026-08-20,301037
2026-08-20,300854
2026-08-20,300169
2026-08-20,002494
2026-08-20,605567
2026-08-20,603717
2026-08-20,688288
2026-08-20,600448
2026-08-20,600883
2026-08-20,603836
2026-08-20,300886
2026-08-20,002910
2026-08-20,301131
2026-08-20,301390
2026-08-20,301298
2026-08-20,301353
2026-08-20,688638
2026-08-20,300675
2026-08-20,300958
2026-08-20,301063
2026-08-20,003017
2026-08-20,301010
2026-08-20,300838
2026-08-20,301049
2026-08-20,301125
2026-08-20,600082
2026-08-20,300645
2026-08-20,301578
2026-08-20,600678
2026-08-20,300717
2026-08-20,688092
2026-08-20,688118
2026-08-20,301505
2026-08-20,002760
2026-08-20,603585
2026-09-03,688121
2026-09-03,603359
2026-09-03,688701
2026-09-03,688217
2026-09-03,600543
2026-09-03,300949
2026-09-03,001336
2026-09-03,300621
2026-09-03,301167
2026-09-03,600455
2026-09-03,603709
2026-09-03,600180
2026-09-03,688021
2026-09-03,301113
2026-09-03,688067
2026-09-03,300417
2026-09-03,688793
2026-09-03,688573
2026-09-03,301098
2026-09-03,688659
2026-09-03,301336
2026-09-03,600476
2026-09-03,300405
2026-09-03,688695
2026-09-03,301512
2026-09-03,301233
2026-09-03,301156
2026-09-03,300876
2026-09-03,603307
2026-09-03,688681
2026-09-03,001211
2026-09-03,300500
2026-09-03,688501
2026-09-03,688565
2026-09-03,300614
2026-09-03,002316
2026-09-03,600493
2026-09-03,600561
2026-09-03,688528
2026-09-03,300605
2026-09-03,688329
2026-09-03,300220
2026-09-03,300886
2026-09-03,600137
2026-09-03,688466
2026-09-03,300535
2026-09-03,300635
2026-09-03,301135
2026-09-03,600697
2026-09-03,603860
2026-09-03,688004
2026-09-03,688651
2026-09-03,600080
2026-09-03,600778
2026-09-03,002494
2026-09-03,301503
2026-09-03,603908
2026-09-03,603022
2026-09-03,301131
2026-09-03,002188
2026-09-03,301037
2026-09-03,600119
2026-09-03,688189
2026-09-03,688078
2026-09-03,300169
2026-09-03,002809
2026-09-03,603717
2026-09-03,688638
2026-09-03,603272
2026-09-03,600883
2026-09-03,300854
2026-09-03,688092
2026-09-03,301298
2026-09-03,301353
2026-09-03,600082
2026-09-03,600448
2026-09-03,688058
2026-09-03,605567
2026-09-03,688288
2026-09-03,301505
2026-09-03,301063
2026-09-03,603836
2026-09-03,300717
2026-09-03,301010
2026-09-03,003017
2026-09-03,300176
2026-09-03,688576
2026-09-03,688096
2026-09-03,301163
2026-09-03,603879
2026-09-03,603214
2026-09-03,688051
2026-09-03,688393
2026-09-03,301106
2026-09-03,301515
2026-09-03,301006
2026-09-03,688592
2026-09-03,300823
2026-09-03,688193
2026-09-03,002715
2026-09-17,688701
2026-09-17,688217
2026-09-17,300949
2026-09-17,301167
2026-09-17,300621
2026-09-17,688659
2026-09-17,688021
2026-09-17,600455
2026-09-17,688573
2026-09-17,688793
2026-09-17,001336
2026-09-17,300417
2026-09-17,300854
2026-09-17,688067
2026-09-17,603709
2026-09-17,301113
2026-09-17,688681
2026-09-17,300876
2026-09-17,688695
2026-09-17,301098
2026-09-17,300405
2026-09-17,301233
2026-09-17,300500
2026-09-17,301512
2026-09-17,300614
2026-09-17,301156
2026-09-17,300535
2026-09-17,300635
2026-09-17,600561
2026-09-17,300605
2026-09-17,688565
2026-09-17,688466
2026-09-17,300220
2026-09-17,688329
2026-09-17,603307
2026-09-17,688528
2026-09-17,301503
2026-09-17,600137
2026-09-17,301336
2026-09-17,603860
2026-09-17,300176
2026-09-17,600493
2026-09-17,301037
2026-09-17,001211
2026-09-17,603717
2026-09-17,688651
2026-09-17,002316
2026-09-17,603908
2026-09-17,603022
2026-09-17,688096
2026-09-17,002494
2026-09-17,002809
2026-09-17,301135
2026-09-17,688092
2026-09-17,301131
2026-09-17,688576
2026-09-17,301163
2026-09-17,301063
2026-09-17,301298
2026-09-17,002188
2026-09-17,688288
2026-09-17,300886
2026-09-17,603879
2026-09-17,688638
2026-09-17,688058
2026-09-17,600697
2026-09-17,600778
2026-09-17,300169
2026-09-17,688393
2026-09-17,688592
2026-09-17,688501
2026-09-17,002715
2026-09-17,301006
2026-09-17,605567
2026-09-17,688193
2026-09-17,603214
2026-09-17,300717
2026-09-17,003017
2026-09-17,300823
2026-09-17,688051
2026-09-17,301353
2026-09-17,301515
2026-09-17,600883
2026-09-17,688118
2026-09-17,688013
2026-09-17,300923
2026-09-17,300928
2026-09-17,300675
2026-09-17,603073
2026-09-17,002629
2026-09-17,002760
2026-09-17,301519
2026-09-17,301049
2026-09-17,300958
2026-09-17,002144
2026-09-17,688251
2026-09-17,301125
2026-09-17,688616
2026-09-17,301192
2026-09-17,002591
