symbol,indicator,公告日期,送股,转增,派息,进度,除权除息日,股权登记日,红股上市日,配股方案,配股价格,基准股本,除权日,缴款起始日,缴款终止日,配股上市日,募集资金合计
000014,分红,2026-03-18,0.0,0.0,0.0,不分配,,,,,,,,,,,
000014,分红,2025-03-29,0.0,0.0,0.0,不分配,,,,,,,,,,,
000014,分红,1993-04-17,3.0,0.0,0.8,实施,1993-05-17,1993-05-14,,,,,,,,,
000014,分红,1994-05-17,5.0,0.0,1.0,实施,1994-05-31,1994-05-30,,,,,,,,,
000014,分红,1995-08-02,1.15,1.35,1.0,实施,1995-08-09,1995-08-08,,,,,,,,,
000014,分红,1996-07-26,0.0,0.0,0.85,实施,1996-08-01,1996-07-31,,,,,,,,,
000014,分红,2003-04-23,0.0,0.0,0.3,实施,2003-04-29,2003-04-28,,,,,,,,,
000014,分红,2004-05-15,0.0,0.0,0.32,实施,2004-05-21,2004-05-20,,,,,,,,,
000014,分红,2005-06-01,0.0,0.0,0.3,实施,2005-06-08,2005-06-07,,,,,,,,,
000014,分红,2006-07-15,0.0,5.0,0.35,实施,2006-07-21,2006-07-20,,,,,,,,,
000014,分红,2007-07-05,0.0,0.0,0.06,实施,2007-07-11,2007-07-10,,,,,,,,,
000014,分红,2008-07-10,2.0,3.0,0.25,实施,2008-07-17,2008-07-16,,,,,,,,,
000014,分红,2009-07-10,0.0,0.0,0.3,实施,2009-07-17,2009-07-16,,,,,,,,,
000014,分红,2010-08-07,0.0,0.0,0.3,实施,2010-08-13,2010-08-12,,,,,,,,,
000014,分红,2011-07-12,0.0,0.0,0.35,实施,2011-07-18,2011-07-15,,,,,,,,,
000014,分红,2012-06-12,0.0,0.0,0.2,实施,2012-06-18,2012-06-15,,,,,,,,,
000014,分红,2013-06-06,0.0,0.0,0.25,实施,2013-06-14,2013-06-13,,,,,,,,,
000014,分红,2014-05-31,0.0,0.0,0.15,实施,2014-06-10,2014-06-09,,,,,,,,,
000014,分红,2015-06-10,0.0,0.0,0.19,实施,2015-06-17,2015-06-16,,,,,,,,,
000014,分红,2016-06-14,0.0,0.0,0.37,实施,2016-06-20,2016-06-17,,,,,,,,,
000014,分红,2017-06-10,0.0,0.0,0.15,实施,2017-06-19,2017-06-16,,,,,,,,,
000014,分红,2018-06-14,0.0,0.0,0.1,实施,2018-06-22,2018-06-21,,,,,,,,,
000014,分红,2019-06-11,0.0,0.0,0.66,实施,2019-06-19,2019-06-18,,,,,,,,,
000014,分红,2020-06-04,0.0,0.0,0.11,实施,2020-06-11,2020-06-10,,,,,,,,,
000014,分红,2021-06-04,0.0,0.0,0.08,实施,2021-06-11,2021-06-10,,,,,,,,,
000014,分红,2022-05-19,2.0,0.0,0.5,实施,2022-05-27,2022-05-26,,,,,,,,,
000014,分红,2023-05-25,0.0,0.0,1.2,实施,2023-06-02,2023-06-01,,,,,,,,,
000014,分红,2024-05-30,0.0,0.0,2.16,实施,2024-06-06,2024-06-05,,,,,,,,,
000014,配股,1993-05-05,,,,,,1993-05-14,,5,9.18,0,1993-05-17,,1993-06-17,1993-06-21,
000534,分红,2026-04-21,0,0.0,0.0,不分配,,,,,,,,,,,
000534,分红,2014-05-30,0,0.0,0.0,不分配,,,,,,,,,,,
000534,分红,2007-03-30,0,0.0,0.0,不分配,,,,,,,,,,,
000534,分红,2006-02-18,0,0.0,0.0,不分配,,,,,,,,,,,
000534,分红,2005-05-21,0,0.0,0.0,不分配,,,,,,,,,,,
000534,分红,1994-04-18,1,5.0,1.0,实施,1994-04-27,1994-04-26,,,,,,,,,
000534,分红,1995-06-20,1,0.0,1.0,实施,1995-06-27,1995-06-26,,,,,,,,,
000534,分红,1996-07-02,1,0.0,1.0,实施,1996-07-10,1996-07-09,,,,,,,,,
000534,分红,1997-07-11,0,0.0,1.6,实施,1997-07-22,1997-07-21,,,,,,,,,
000534,分红,1998-07-03,0,1.0,1.0,实施,1998-07-13,1998-07-10,,,,,,,,,
000534,分红,2001-07-03,0,0.0,1.0,实施,2001-07-10,2001-07-09,,,,,,,,,
000534,分红,2004-06-16,0,0.0,1.0,实施,2004-06-23,2004-06-22,,,,,,,,,
000534,分红,2006-08-09,0,5.31,0.0,实施,2006-08-11,2006-08-10,2006-08-11,,,,,,,,
000534,分红,2008-07-03,0,0.0,1.0,实施,2008-07-11,2008-07-10,,,,,,,,,
000534,分红,2009-06-16,0,0.0,0.5,实施,2009-06-22,2009-06-19,,,,,,,,,
000534,分红,2010-05-14,0,0.0,1.5,实施,2010-05-21,2010-05-20,,,,,,,,,
000534,分红,2011-08-20,0,0.0,1.0,实施,2011-08-26,2011-08-25,,,,,,,,,
000534,分红,2012-08-17,0,0.0,0.5,实施,2012-08-24,2012-08-23,,,,,,,,,
000534,分红,2013-08-03,0,0.0,0.5,实施,2013-08-09,2013-08-08,,,,,,,,,
000534,分红,2014-12-05,0,0.0,1.0,实施,2014-12-11,2014-12-10,,,,,,,,,
000534,分红,2015-05-12,0,0.0,0.5,实施,2015-05-19,2015-05-18,,,,,,,,,
000534,分红,2016-05-31,0,0.0,0.5,实施,2016-06-08,2016-06-07,,,,,,,,,
000534,分红,2017-06-16,0,0.0,0.5,实施,2017-06-22,2017-06-21,,,,,,,,,
000534,分红,2018-07-14,0,0.0,0.5,实施,2018-07-20,2018-07-19,,,,,,,,,
000534,分红,2019-07-09,0,0.0,0.5,实施,2019-07-16,2019-07-15,,,,,,,,,
000534,分红,2020-08-21,0,0.0,0.5,实施,2020-08-27,2020-08-26,,,,,,,,,
000534,分红,2021-08-20,0,0.0,0.6,实施,2021-08-27,2021-08-26,,,,,,,,,
000534,分红,2022-08-20,0,0.0,0.5,实施,2022-08-29,2022-08-26,,,,,,,,,
000534,分红,2023-08-22,0,0.0,0.5,实施,2023-08-29,2023-08-28,,,,,,,,,
000534,分红,2024-08-20,0,0.0,1.2,实施,2024-08-27,2024-08-26,,,,,,,,,
000534,分红,2025-08-08,0,0.0,0.5,实施,2025-08-14,2025-08-13,,,,,,,,,
000560,分红,2026-04-21,0,0.0,0.0,不分配,,,,,,,,,,,
000560,分红,2024-04-26,0,0.0,0.0,不分配,,,,,,,,,,,
000560,分红,2023-04-28,0,0.0,0.0,不分配,,,,,,,,,,,
000560,分红,2012-04-19,0,0.0,0.0,不分配,,,,,,,,,,,
000560,分红,2011-03-12,0,0.0,0.0,不分配,,,,,,,,,,,
000560,分红,2010-04-10,0,0.0,0.0,不分配,,,,,,,,,,,
000560,分红,2009-04-24,0,0.0,0.0,不分配,,,,,,,,,,,
000560,分红,2008-04-17,0,0.0,0.0,不分配,,,,,,,,,,,
000560,分红,2007-03-30,0,0.0,0.0,不分配,,,,,,,,,,,
000560,分红,2006-04-21,0,0.0,0.0,不分配,,,,,,,,,,,
000560,分红,2005-06-30,0,0.0,0.0,不分配,,,,,,,,,,,
000560,分红,1994-04-25,0,0.0,1.8,实施,1994-05-31,1994-05-30,,,,,,,,,
000560,分红,1995-06-03,0,0.0,2.0,实施,1995-06-13,1995-06-12,,,,,,,,,
000560,分红,1996-06-13,0,0.0,1.0,实施,1996-06-19,1996-06-18,,,,,,,,,
000560,分红,1999-07-17,0,0.0,0.5,实施,1999-07-26,1999-07-23,,,,,,,,,
000560,分红,2013-07-11,0,0.0,0.479791,实施,2013-07-19,2013-07-18,,,,,,,,,
000560,分红,2014-08-16,0,0.0,1.0,实施,2014-08-22,2014-08-21,,,,,,,,,
000560,分红,2015-06-13,0,0.0,0.3,实施,2015-06-19,2015-06-18,,,,,,,,,
000560,分红,2015-09-01,0,15.1432,0.0,实施,2015-09-11,2015-09-10,2015-09-11,,,,,,,,
000560,分红,2016-07-05,0,0.0,0.05,实施,2016-07-13,2016-07-12,,,,,,,,,
000560,分红,2017-07-20,0,0.0,0.14,实施,2017-07-27,2017-07-26,,,,,,,,,
000560,分红,2018-06-20,0,3.0,0.1,实施,2018-06-27,2018-06-26,,,,,,,,,
000560,分红,2019-06-12,0,0.0,0.7,实施,2019-06-19,2019-06-18,,,,,,,,,
000560,分红,2020-07-31,0,0.0,0.7,实施,2020-08-07,2020-08-06,,,,,,,,,
000560,分红,2021-06-19,0,0.0,0.13,实施,2021-06-25,2021-06-24,,,,,,,,,
000560,分红,2022-06-30,0,0.0,0.08,实施,2022-07-07,2022-07-06,,,,,,,,,
000560,分红,2025-06-25,0,0.0,0.043,实施,2025-07-03,2025-07-02,,,,,,,,,
000560,配股,1995-11-01,,,,,,1995-11-07,,3,2.8,120000000,1995-11-08,,1995-11-23,1995-12-01,
000565,分红,2012-02-29,0,0,0.0,不分配,,,,,,,,,,,
000565,分红,2010-01-18,0,0,0.0,不分配,,,,,,,,,,,
000565,分红,2009-02-25,0,0,0.0,不分配,,,,,,,,,,,
000565,分红,2007-03-09,0,0,0.0,不分配,,,,,,,,,,,
000565,分红,2006-03-28,0,0,0.0,不分配,,,,,,,,,,,
000565,分红,2005-07-01,0,0,0.0,不分配,,,,,,,,,,,
000565,分红,1994-10-14,3,0,0.0,实施,1994-10-19,1994-10-18,1994-10-24,,,,,,,,
000565,分红,1996-07-04,1,0,0.5,实施,1996-07-16,1996-07-15,,,,,,,,,
000565,分红,1997-08-15,1,0,1.0,实施,1997-08-26,1997-08-25,,,,,,,,,
000565,分红,1999-06-05,3,2,0.75,实施,1999-06-11,1999-06-10,,,,,,,,,
000565,分红,2008-07-04,0,0,1.0,实施,2008-07-11,2008-07-10,,,,,,,,,
000565,分红,2011-03-24,0,0,1.0,实施,2011-03-30,2011-03-29,,,,,,,,,
000565,分红,2013-05-04,0,0,0.5,实施,2013-05-13,2013-05-10,,,,,,,,,
000565,分红,2014-05-17,0,0,0.5,实施,2014-05-23,2014-05-22,,,,,,,,,
000565,分红,2015-07-08,0,0,0.5,实施,2015-07-16,2015-07-15,,,,,,,,,
000565,分红,2015-08-22,7,8,0.8,实施,2015-08-31,2015-08-28,,,,,,,,,
000565,分红,2016-07-08,0,0,0.1,实施,2016-07-15,2016-07-14,,,,,,,,,
000565,分红,2017-04-21,0,0,0.5,实施,2017-04-28,2017-04-27,,,,,,,,,
000565,分红,2018-06-14,0,0,0.2,实施,2018-06-22,2018-06-21,,,,,,,,,
000565,分红,2019-05-23,0,0,0.13,实施,2019-05-30,2019-05-29,,,,,,,,,
000565,分红,2020-06-12,0,0,0.15,实施,2020-06-19,2020-06-18,,,,,,,,,
000565,分红,2021-05-19,0,0,0.25,实施,2021-05-25,2021-05-24,,,,,,,,,
000565,分红,2022-04-28,0,0,0.25,实施,2022-05-10,2022-05-09,,,,,,,,,
000565,分红,2023-05-31,0,0,0.15,实施,2023-06-07,2023-06-06,,,,,,,,,
000565,分红,2024-05-31,0,0,0.15,实施,2024-06-07,2024-06-06,,,,,,,,,
000565,分红,2025-06-27,0,0,0.15,实施,2025-07-04,2025-07-03,,,,,,,,,
000565,分红,2026-06-30,0,0,0.15,实施,2026-07-06,2026-07-03,,,,,,,,,
000565,配股,1996-04-04,,,,,,1996-04-17,,2.3,3,70407500,1996-04-18,,1996-05-03,1996-05-29,
000565,配股,1999-12-03,,,,,,1999-12-13,,2.0,7,157181000,1999-12-14,,1999-12-29,2000-01-17,
000610,分红,2026-04-24,0,0.0,0.0,不分配,,,,,,,,,,,
000610,分红,2025-04-19,0,0.0,0.0,不分配,,,,,,,,,,,
000610,分红,2024-04-23,0,0.0,0.0,不分配,,,,,,,,,,,
000610,分红,2023-04-18,0,0.0,0.0,不分配,,,,,,,,,,,
000610,分红,2022-04-15,0,0.0,0.0,不分配,,,,,,,,,,,
000610,分红,2020-04-15,0,0.0,0.0,不分配,,,,,,,,,,,
000610,分红,2018-03-28,0,0.0,0.0,不分配,,,,,,,,,,,
000610,分红,2016-03-23,0,0.0,0.0,不分配,,,,,,,,,,,
000610,分红,2015-03-27,0,0.0,0.0,不分配,,,,,,,,,,,
000610,分红,2012-04-25,0,0.0,0.0,不分配,,,,,,,,,,,
000610,分红,2010-04-23,0,0.0,0.0,不分配,,,,,,,,,,,
000610,分红,2009-04-22,0,0.0,0.0,不分配,,,,,,,,,,,
000610,分红,1997-07-08,0,0.0,0.8,实施,1997-07-16,1997-07-15,,,,,,,,,
000610,分红,1997-09-10,0,7.0,0.0,实施,1997-09-16,1997-09-15,1997-09-18,,,,,,,,
000610,分红,1998-06-24,0,0.0,1.3,实施,1998-06-30,1998-06-29,,,,,,,,,
000610,分红,2001-05-29,0,0.0,0.8,实施,2001-06-05,2001-06-04,,,,,,,,,
000610,分红,2002-05-31,0,0.0,0.4,实施,2002-06-06,2002-06-05,,,,,,,,,
000610,分红,2003-06-11,0,0.0,0.6,实施,2003-06-17,2003-06-16,,,,,,,,,
000610,分红,2004-07-22,0,0.0,0.2,实施,2004-07-29,2004-07-28,,,,,,,,,
000610,分红,2005-07-09,0,0.0,0.8,实施,2005-07-18,2005-07-15,,,,,,,,,
000610,分红,2006-07-08,0,0.0,0.2,实施,2006-07-14,2006-07-13,,,,,,,,,
000610,分红,2007-06-30,0,1.73928,0.085184,实施,2007-07-09,2007-07-06,,,,,,,,,
000610,分红,2008-07-03,0,0.0,0.25,实施,2008-07-10,2008-07-09,,,,,,,,,
000610,分红,2011-07-06,0,0.0,0.2,实施,2011-07-13,2011-07-12,,,,,,,,,
000610,分红,2013-07-09,0,0.0,0.2,实施,2013-07-15,2013-07-12,,,,,,,,,
000610,分红,2014-04-23,0,0.0,0.3,实施,2014-04-30,2014-04-29,,,,,,,,,
000610,分红,2017-06-03,0,0.0,0.2,实施,2017-06-09,2017-06-08,,,,,,,,,
000610,分红,2019-05-22,0,0.0,0.23,实施,2019-05-29,2019-05-28,,,,,,,,,
000610,分红,2021-05-22,0,0.0,0.12,实施,2021-05-31,2021-05-28,,,,,,,,,
000610,配股,2000-02-19,,,,,,2000-03-03,,3,7,150110000,2000-03-06,,2000-03-20,2000-04-17,
000705,分红,2026-04-29,0.0,0.0,0.0,不分配,,,,,,,,,,,
000705,分红,2018-03-30,0.0,0.0,0.0,不分配,,,,,,,,,,,
000705,分红,2015-03-28,0.0,0.0,0.0,不分配,,,,,,,,,,,
000705,分红,2014-03-26,0.0,0.0,0.0,不分配,,,,,,,,,,,
000705,分红,2012-04-21,0.0,0.0,0.0,不分配,,,,,,,,,,,
000705,分红,2011-03-30,0.0,0.0,0.0,不分配,,,,,,,,,,,
000705,分红,2005-06-14,0.0,0.0,0.0,不分配,,,,,,,,,,,
000705,分红,1997-07-28,2.2,5.8,0.0,实施,1997-08-01,1997-07-31,1997-08-05,,,,,,,,
000705,分红,1999-06-10,0.0,0.0,1.5,实施,1999-06-21,1999-06-18,,,,,,,,,
000705,分红,2001-07-04,0.0,0.0,1.0,实施,2001-07-12,2001-07-11,,,,,,,,,
000705,分红,2002-08-16,0.0,0.0,0.5,实施,2002-08-23,2002-08-22,,,,,,,,,
000705,分红,2006-04-20,0.0,0.0,1.0,实施,2006-04-27,2006-04-26,,,,,,,,,
000705,分红,2007-06-16,0.0,0.0,0.4,实施,2007-06-22,2007-06-21,,,,,,,,,
000705,分红,2008-08-13,0.0,0.0,0.4,实施,2008-08-19,2008-08-18,,,,,,,,,
000705,分红,2009-06-18,0.0,0.0,0.5,实施,2009-06-26,2009-06-25,,,,,,,,,
000705,分红,2010-05-21,0.0,0.0,0.7,实施,2010-05-28,2010-05-27,,,,,,,,,
000705,分红,2013-05-24,0.0,0.0,0.5,实施,2013-05-30,2013-05-29,,,,,,,,,
000705,分红,2014-08-20,0.0,10.0,0.0,实施,2014-08-27,2014-08-26,2014-08-27,,,,,,,,
000705,分红,2016-07-22,0.0,0.0,0.25,实施,2016-07-28,2016-07-27,,,,,,,,,
000705,分红,2017-06-09,0.0,0.0,0.2,实施,2017-06-15,2017-06-14,,,,,,,,,
000705,分红,2019-06-12,0.0,0.0,0.3,实施,2019-06-19,2019-06-18,,,,,,,,,
000705,分红,2020-07-30,0.0,0.0,0.6,实施,2020-08-06,2020-08-05,,,,,,,,,
000705,分红,2021-07-22,0.0,0.0,0.7,实施,2021-07-28,2021-07-27,,,,,,,,,
000705,分红,2022-06-09,0.0,0.0,0.6,实施,2022-06-15,2022-06-14,,,,,,,,,
000705,分红,2023-08-02,0.0,0.0,0.6,实施,2023-08-08,2023-08-07,,,,,,,,,
000705,分红,2024-05-31,0.0,0.0,0.6,实施,2024-06-07,2024-06-06,,,,,,,,,
000705,分红,2025-06-21,0.0,0.0,0.6,实施,2025-06-27,2025-06-26,,,,,,,,,
000705,配股,2000-11-27,,,,,,2000-12-08,,3,8,99450000,2000-12-11,,2000-12-25,2001-01-12,
000721,分红,2026-04-24,0.0,0.0,0.0,不分配,,,,,,,,,,,
000721,分红,2025-04-19,0.0,0.0,0.0,不分配,,,,,,,,,,,
000721,分红,2024-04-10,0.0,0.0,0.0,不分配,,,,,,,,,,,
000721,分红,2023-04-19,0.0,0.0,0.0,不分配,,,,,,,,,,,
000721,分红,2022-04-15,0.0,0.0,0.0,不分配,,,,,,,,,,,
000721,分红,2021-03-30,0.0,0.0,0.0,不分配,,,,,,,,,,,
000721,分红,2020-04-15,0.0,0.0,0.0,不分配,,,,,,,,,,,
000721,分红,2019-03-20,0.0,0.0,0.0,不分配,,,,,,,,,,,
000721,分红,2018-03-28,0.0,0.0,0.0,不分配,,,,,,,,,,,
000721,分红,2017-03-25,0.0,0.0,0.0,不分配,,,,,,,,,,,
000721,分红,2016-03-25,0.0,0.0,0.0,不分配,,,,,,,,,,,
000721,分红,2015-04-03,0.0,0.0,0.0,不分配,,,,,,,,,,,
000721,分红,2011-02-26,0.0,0.0,0.0,不分配,,,,,,,,,,,
000721,分红,2009-04-21,0.0,0.0,0.0,不分配,,,,,,,,,,,
000721,分红,2008-04-24,0.0,0.0,0.0,不分配,,,,,,,,,,,
000721,分红,2007-04-28,0.0,0.0,0.0,不分配,,,,,,,,,,,
000721,分红,2005-05-31,0.0,0.0,0.0,不分配,,,,,,,,,,,
000721,分红,1999-07-20,0.0,0.0,1.6,实施,1999-07-27,1999-07-26,,,,,,,,,
000721,分红,2002-07-09,0.0,0.0,1.0,实施,2002-07-17,2002-07-16,,,,,,,,,
000721,分红,2003-07-02,0.0,5.0,0.6,实施,2003-07-10,2003-07-09,,,,,,,,,
000721,分红,2006-07-04,0.0,0.0,0.6,实施,2006-07-11,2006-07-10,,,,,,,,,
000721,分红,2007-03-01,0.0,4.5,0.0,实施,2007-03-05,2007-03-02,2007-03-05,,,,,,,,
000721,分红,2010-07-21,0.0,0.0,1.5,实施,2010-07-27,2010-07-26,,,,,,,,,
000721,分红,2012-07-03,0.0,0.0,0.3,实施,2012-07-10,2012-07-09,,,,,,,,,
000721,分红,2013-05-03,0.0,0.0,0.13,实施,2013-05-09,2013-05-08,,,,,,,,,
000721,分红,2014-04-22,3.4,6.6,0.85,实施,2014-04-28,2014-04-25,,,,,,,,,
000723,分红,2026-04-25,0,0,0.0,不分配,,,,,,,,,,,
000723,分红,2025-04-26,0,0,0.0,不分配,,,,,,,,,,,
000723,分红,2024-04-27,0,0,0.0,不分配,,,,,,,,,,,
000723,分红,2023-04-26,0,0,0.0,不分配,,,,,,,,,,,
000723,分红,2021-04-30,0,0,0.0,不分配,,,,,,,,,,,
000723,分红,2020-04-25,0,0,0.0,不分配,,,,,,,,,,,
000723,分红,2019-03-18,0,0,0.0,不分配,,,,,,,,,,,
000723,分红,2018-04-03,0,0,0.0,不分配,,,,,,,,,,,
000723,分红,2016-04-30,0,0,0.0,不分配,,,,,,,,,,,
000723,分红,2012-04-18,0,0,0.0,不分配,,,,,,,,,,,
000723,分红,2011-04-26,0,0,0.0,不分配,,,,,,,,,,,
000723,分红,2009-04-21,0,0,0.0,不分配,,,,,,,,,,,
000723,分红,2008-03-20,0,0,0.0,不分配,,,,,,,,,,,
000723,分红,2007-04-10,0,0,0.0,不分配,,,,,,,,,,,
000723,分红,2006-03-04,0,0,0.0,不分配,,,,,,,,,,,
000723,分红,2005-06-07,0,0,0.0,不分配,,,,,,,,,,,
000723,分红,1998-11-05,0,0,2.0,实施,1998-11-13,1998-11-12,,,,,,,,,
000723,分红,1999-05-13,0,5,0.0,实施,1999-05-19,1999-05-18,1999-05-21,,,,,,,,
000723,分红,2010-06-23,0,0,1.1,实施,2010-07-01,2010-06-30,,,,,,,,,
000723,分红,2013-05-31,10,0,2.0,实施,2013-06-06,2013-06-05,,,,,,,,,
000723,分红,2014-07-17,0,0,0.15,实施,2014-07-23,2014-07-22,,,,,,,,,
000723,分红,2015-06-27,0,0,0.05,实施,2015-07-06,2015-07-03,,,,,,,,,
000723,分红,2017-06-12,0,8,1.0,实施,2017-06-16,2017-06-15,,,,,,,,,
000723,分红,2018-10-18,0,0,2.0,实施,2018-10-26,2018-10-25,,,,,,,,,
000723,分红,2022-06-01,0,0,2.0,实施,2022-06-09,2022-06-08,,,,,,,,,
000723,配股,1999-10-18,,,,,,1999-11-01,,2,6.35,124350000,1999-11-02,,1999-11-17,1999-12-16,
000810,分红,2024-11-30,0,0.0,0.8,预案,,,,,,,,,,,
000810,分红,2019-03-26,0,0.0,0.0,不分配,,,,,,,,,,,
000810,分红,2018-03-23,0,0.0,0.0,不分配,,,,,,,,,,,
000810,分红,2009-03-20,0,0.0,0.0,不分配,,,,,,,,,,,
000810,分红,2008-03-28,0,0.0,0.0,不分配,,,,,,,,,,,
000810,分红,2007-03-13,0,0.0,0.0,不分配,,,,,,,,,,,
000810,分红,2006-02-17,0,0.0,0.0,不分配,,,,,,,,,,,
000810,分红,2005-04-21,0,0.0,0.0,不分配,,,,,,,,,,,
000810,分红,2000-11-15,3,1.0,0.75,实施,2000-11-21,2000-11-20,,,,,,,,,
000810,分红,2001-02-21,3,0.0,0.75,实施,2001-02-27,2001-02-26,,,,,,,,,
000810,分红,2002-03-13,0,3.5,0.0,实施,2002-03-19,2002-03-18,2002-03-19,,,,,,,,
000810,分红,2010-05-28,0,0.0,0.5,实施,2010-06-04,2010-06-03,,,,,,,,,
000810,分红,2011-06-14,0,0.0,2.0,实施,2011-06-17,2011-06-16,,,,,,,,,
000810,分红,2012-06-20,0,0.0,1.5,实施,2012-06-27,2012-06-26,,,,,,,,,
000810,分红,2013-05-22,0,0.0,0.3,实施,2013-05-29,2013-05-28,,,,,,,,,
000810,分红,2014-07-12,0,0.0,0.2,实施,2014-07-18,2014-07-17,,,,,,,,,
000810,分红,2015-04-21,0,10.0,2.0,实施,2015-04-27,2015-04-24,,,,,,,,,
000810,分红,2016-06-01,0,0.0,1.05,实施,2016-06-07,2016-06-06,,,,,,,,,
000810,分红,2017-06-02,0,0.0,1.1,实施,2017-06-08,2017-06-07,,,,,,,,,
000810,分红,2019-09-19,0,0.0,0.8,实施,2019-09-26,2019-09-25,,,,,,,,,
000810,分红,2020-06-04,0,0.0,1.0,实施,2020-06-11,2020-06-10,,,,,,,,,
000810,分红,2021-06-03,0,0.0,1.0,实施,2021-06-10,2021-06-09,,,,,,,,,
000810,分红,2022-04-26,0,0.0,1.0,实施,2022-05-06,2022-05-05,,,,,,,,,
000810,分红,2023-05-11,0,0.0,2.0,实施,2023-05-18,2023-05-17,,,,,,,,,
000810,分红,2024-06-05,0,0.0,1.5,实施,2024-06-13,2024-06-12,,,,,,,,,
000810,分红,2025-01-15,0,0.0,0.8,实施,2025-01-22,2025-01-21,,,,,,,,,
000810,分红,2025-06-06,0,0.0,0.5,实施,2025-06-13,2025-06-12,,,,,,,,,
000810,分红,2026-06-09,0,0.0,0.8,实施,2026-06-16,2026-06-15,,,,,,,,,
000838,分红,2026-08-10,0,5.96113,0.0,预案,,,,,,,,,,,
000838,分红,2026-04-24,0,0.0,0.0,不分配,,,,,,,,,,,
000838,分红,2025-04-26,0,0.0,0.0,不分配,,,,,,,,,,,
000838,分红,2024-04-23,0,0.0,0.0,不分配,,,,,,,,,,,
000838,分红,2023-04-25,0,0.0,0.0,不分配,,,,,,,,,,,
000838,分红,2022-04-12,0,0.0,0.0,不分配,,,,,,,,,,,
000838,分红,2012-03-30,0,0.0,0.0,不分配,,,,,,,,,,,
000838,分红,2011-04-26,0,0.0,0.0,不分配,,,,,,,,,,,
000838,分红,2010-03-26,0,0.0,0.0,不分配,,,,,,,,,,,
000838,分红,2009-04-08,0,0.0,0.0,不分配,,,,,,,,,,,
000838,分红,2007-03-23,0,0.0,0.0,不分配,,,,,,,,,,,
000838,分红,2006-04-04,0,0.0,0.0,不分配,,,,,,,,,,,
000838,分红,2005-06-11,0,0.0,0.0,不分配,,,,,,,,,,,
000838,分红,1997-09-11,3,0.0,0.0,实施,1997-09-18,1997-09-17,1997-09-22,,,,,,,,
000838,分红,2008-05-21,0,10.0,0.0,实施,2008-05-27,2008-05-26,2008-05-27,,,,,,,,
000838,分红,2013-06-08,0,0.0,0.5,实施,2013-06-19,2013-06-18,,,,,,,,,
000838,分红,2014-04-30,0,0.0,1.0,实施,2014-05-08,2014-05-07,,,,,,,,,
000838,分红,2015-05-05,0,0.0,1.5,实施,2015-05-08,2015-05-07,,,,,,,,,
000838,分红,2016-03-02,0,25.0,0.54,实施,2016-03-08,2016-03-07,,,,,,,,,
000838,分红,2017-03-29,0,0.0,0.21,实施,2017-04-07,2017-04-06,,,,,,,,,
000838,分红,2018-04-19,0,0.0,0.36,实施,2018-04-26,2018-04-25,,,,,,,,,
000838,分红,2019-06-28,0,0.0,0.21,实施,2019-07-05,2019-07-04,,,,,,,,,
000838,分红,2020-05-15,0,0.0,1.32,实施,2020-05-21,2020-05-20,,,,,,,,,
000838,分红,2021-05-08,0,0.0,0.21,实施,2021-05-14,2021-05-13,,,,,,,,,
000923,分红,2018-04-26,0,0,0.0,不分配,,,,,,,,,,,
000923,分红,2017-04-26,0,0,0.0,不分配,,,,,,,,,,,
000923,分红,2016-04-29,0,0,0.0,不分配,,,,,,,,,,,
000923,分红,2015-04-25,0,0,0.0,不分配,,,,,,,,,,,
000923,分红,2013-04-25,0,0,0.0,不分配,,,,,,,,,,,
000923,分红,2012-04-24,0,0,0.0,不分配,,,,,,,,,,,
000923,分红,2011-04-22,0,0,0.0,不分配,,,,,,,,,,,
000923,分红,2010-04-16,0,0,0.0,不分配,,,,,,,,,,,
000923,分红,2009-04-28,0,0,0.0,不分配,,,,,,,,,,,
000923,分红,2008-03-13,0,0,0.0,不分配,,,,,,,,,,,
000923,分红,2007-04-30,0,0,0.0,不分配,,,,,,,,,,,
000923,分红,2006-04-25,0,0,0.0,不分配,,,,,,,,,,,
000923,分红,2005-05-13,0,0,0.0,不分配,,,,,,,,,,,
000923,分红,2000-05-11,0,0,1.25,实施,2000-05-19,2000-05-18,,,,,,,,,
000923,分红,2001-05-12,0,0,1.5,实施,2001-05-21,2001-05-18,,,,,,,,,
000923,分红,2004-05-11,0,0,0.25,实施,2004-05-17,2004-05-14,,,,,,,,,
000923,分红,2008-04-29,0,6,0.0,实施,2008-05-05,2008-04-30,2008-05-05,,,,,,,,
000923,分红,2014-07-11,0,0,0.1,实施,2014-07-17,2014-07-16,,,,,,,,,
000923,分红,2019-06-06,0,0,0.1,实施,2019-06-14,2019-06-13,,,,,,,,,
000923,分红,2020-07-29,0,0,1.0,实施,2020-08-04,2020-08-03,,,,,,,,,
000923,分红,2021-07-07,0,0,1.0,实施,2021-07-13,2021-07-12,,,,,,,,,
000923,分红,2022-06-03,0,0,3.0,实施,2022-06-10,2022-06-09,,,,,,,,,
000923,分红,2023-06-20,0,0,3.0,实施,2023-06-28,2023-06-27,,,,,,,,,
000923,分红,2024-05-28,0,0,6.0,实施,2024-06-03,2024-05-31,,,,,,,,,
000923,分红,2025-06-19,0,0,5.0,实施,2025-06-25,2025-06-24,,,,,,,,,
000923,分红,2026-06-09,0,0,6.0,实施,2026-06-15,2026-06-12,,,,,,,,,
002026,分红,2005-05-24,0,0,1.0,实施,2005-05-30,2005-05-27,,,,,,,,,
002026,分红,2006-06-17,0,5,1.0,实施,2006-06-22,2006-06-21,,,,,,,,,
002026,分红,2007-06-02,0,0,0.6,实施,2007-06-08,2007-06-07,,,,,,,,,
002026,分红,2008-05-19,0,0,1.0,实施,2008-05-23,2008-05-22,,,,,,,,,
002026,分红,2009-06-19,0,0,0.6,实施,2009-06-26,2009-06-25,,,,,,,,,
002026,分红,2010-06-12,0,0,0.8,实施,2010-06-24,2010-06-23,,,,,,,,,
002026,分红,2011-04-01,3,0,1.0,实施,2011-04-11,2011-04-08,,,,,,,,,
002026,分红,2012-05-12,0,0,0.5,实施,2012-05-18,2012-05-17,,,,,,,,,
002026,分红,2013-05-07,0,3,0.5,实施,2013-05-13,2013-05-10,,,,,,,,,
002026,分红,2014-04-10,0,0,0.5,实施,2014-04-17,2014-04-16,,,,,,,,,
002026,分红,2015-05-05,0,0,0.5,实施,2015-05-12,2015-05-11,,,,,,,,,
002026,分红,2016-05-26,0,0,0.6,实施,2016-06-01,2016-05-31,,,,,,,,,
002026,分红,2017-06-07,0,0,0.6,实施,2017-06-14,2017-06-13,,,,,,,,,
002026,分红,2018-06-27,0,0,0.6,实施,2018-07-04,2018-07-03,,,,,,,,,
002026,分红,2019-06-04,0,0,0.8,实施,2019-06-12,2019-06-11,,,,,,,,,
002026,分红,2020-05-28,0,0,0.8,实施,2020-06-05,2020-06-04,,,,,,,,,
002026,分红,2021-06-09,0,0,1.0,实施,2021-06-17,2021-06-16,,,,,,,,,
002026,分红,2022-06-11,0,0,1.49994,实施,2022-06-17,2022-06-16,,,,,,,,,
002026,分红,2023-06-06,0,0,0.5,实施,2023-06-13,2023-06-12,,,,,,,,,
002026,分红,2024-06-13,0,0,1.2,实施,2024-06-21,2024-06-20,,,,,,,,,
002026,分红,2024-12-06,0,0,0.6,实施,2024-12-16,2024-12-13,,,,,,,,,
002026,分红,2025-07-09,0,0,0.8,实施,2025-07-16,2025-07-15,,,,,,,,,
002026,分红,2025-11-27,0,0,0.5,实施,2025-12-04,2025-12-03,,,,,,,,,
002026,分红,2026-07-09,0,0,0.2,实施,2026-07-15,2026-07-14,,,,,,,,,
002034,分红,2026-04-18,0,0,0.0,不分配,,,,,,,,,,,
002034,分红,2017-03-15,0,0,0.0,不分配,,,,,,,,,,,
002034,分红,2016-04-09,0,0,0.0,不分配,,,,,,,,,,,
002034,分红,2015-04-02,0,0,0.0,不分配,,,,,,,,,,,
002034,分红,2011-04-20,0,0,0.0,不分配,,,,,,,,,,,
002034,分红,2010-04-27,0,0,0.0,不分配,,,,,,,,,,,
002034,分红,2009-04-28,0,0,0.0,不分配,,,,,,,,,,,
002034,分红,2008-04-22,0,0,0.0,不分配,,,,,,,,,,,
002034,分红,2005-06-03,0,2,2.0,实施,2005-06-09,2005-06-08,,,,,,,,,
002034,分红,2006-06-20,0,0,2.0,实施,2006-06-27,2006-06-26,,,,,,,,,
002034,分红,2007-06-21,0,0,2.0,实施,2007-06-27,2007-06-26,,,,,,,,,
002034,分红,2012-06-20,0,0,3.0,实施,2012-06-28,2012-06-27,,,,,,,,,
002034,分红,2013-06-20,0,0,2.85902,实施,2013-06-27,2013-06-26,,,,,,,,,
002034,分红,2014-06-10,0,0,3.0,实施,2014-06-17,2014-06-16,,,,,,,,,
002034,分红,2014-09-05,0,0,4.0,实施,2014-09-12,2014-09-11,,,,,,,,,
002034,分红,2016-08-25,0,0,5.0,实施,2016-09-02,2016-09-01,,,,,,,,,
002034,分红,2018-05-29,0,7,2.5,实施,2018-06-04,2018-06-01,,,,,,,,,
002034,分红,2019-05-22,0,0,1.0,实施,2019-05-28,2019-05-27,,,,,,,,,
002034,分红,2020-05-29,0,0,1.0,实施,2020-06-05,2020-06-04,,,,,,,,,
002034,分红,2021-05-22,0,0,5.0,实施,2021-05-31,2021-05-28,,,,,,,,,
002034,分红,2022-05-25,0,0,2.99999,实施,2022-05-31,2022-05-30,,,,,,,,,
002034,分红,2023-05-25,0,0,5.0,实施,2023-06-01,2023-05-31,,,,,,,,,
002034,分红,2023-11-16,0,0,2.0,实施,2023-11-23,2023-11-22,,,,,,,,,
002034,分红,2024-05-30,0,0,3.0,实施,2024-06-06,2024-06-05,,,,,,,,,
002034,分红,2024-09-28,0,0,2.00135,实施,2024-10-11,2024-10-10,,,,,,,,,
002034,分红,2025-07-04,0,0,3.00844,实施,2025-07-11,2025-07-10,,,,,,,,,
002034,分红,2025-10-14,0,0,2.0,实施,2025-10-21,2025-10-20,,,,,,,,,
002036,分红,2026-04-28,0,0.0,0.0,不分配,,,,,,,,,,,
002036,分红,2025-04-26,0,0.0,0.0,不分配,,,,,,,,,,,
002036,分红,2024-04-30,0,0.0,0.0,不分配,,,,,,,,,,,
002036,分红,2005-04-22,0,0.0,1.5,实施,2005-04-28,2005-04-27,,,,,,,,,
002036,分红,2006-05-16,0,3.5,1.5,实施,2006-05-23,2006-05-22,,,,,,,,,
002036,分红,2007-04-12,0,2.0,2.0,实施,2007-04-18,2007-04-17,,,,,,,,,
002036,分红,2008-07-17,0,0.0,1.0,实施,2008-07-23,2008-07-22,,,,,,,,,
002036,分红,2009-05-04,0,5.0,1.0,实施,2009-05-08,2009-05-07,,,,,,,,,
002036,分红,2010-07-02,0,0.0,1.0,实施,2010-07-09,2010-07-08,,,,,,,,,
002036,分红,2011-05-13,0,0.0,0.5,实施,2011-05-20,2011-05-19,,,,,,,,,
002036,分红,2012-06-26,0,0.0,0.5,实施,2012-07-04,2012-07-03,,,,,,,,,
002036,分红,2013-07-02,0,0.0,0.5,实施,2013-07-10,2013-07-09,,,,,,,,,
002036,分红,2014-05-07,0,0.0,0.5,实施,2014-05-14,2014-05-13,,,,,,,,,
002036,分红,2015-05-29,0,0.0,0.15,实施,2015-06-05,2015-06-04,,,,,,,,,
002036,分红,2016-07-07,0,0.0,0.306862,实施,2016-07-13,2016-07-12,,,,,,,,,
002036,分红,2017-06-07,0,0.0,0.365101,实施,2017-06-13,2017-06-12,,,,,,,,,
002036,分红,2018-07-04,0,0.0,0.486311,实施,2018-07-11,2018-07-10,,,,,,,,,
002036,分红,2019-06-22,0,3.0,0.45,实施,2019-06-28,2019-06-27,,,,,,,,,
002036,分红,2020-05-25,0,3.0,0.1,实施,2020-05-29,2020-05-28,,,,,,,,,
002036,分红,2021-06-01,0,0.0,0.157701,实施,2021-06-07,2021-06-04,,,,,,,,,
002036,分红,2022-07-05,0,0.0,0.109999,实施,2022-07-11,2022-07-08,,,,,,,,,
002036,分红,2023-07-05,0,0.0,0.090589,实施,2023-07-11,2023-07-10,,,,,,,,,
002036,配股,2014-10-16,,,,,,2014-10-21,,3,5,202249000,2014-10-30,,2014-10-28,2014-11-07,
002043,分红,2011-01-26,0.0,0.0,0.0,不分配,,,,,,,,,,,
002043,分红,2006-07-04,0.0,0.0,1.0,实施,2006-07-12,2006-07-11,,,,,,,,,
002043,分红,2007-05-12,0.0,0.0,3.0,实施,2007-05-18,2007-05-17,,,,,,,,,
002043,分红,2008-05-20,0.0,5.0,0.0,实施,2008-05-27,2008-05-26,2008-05-27,,,,,,,,
002043,分红,2009-06-26,0.0,0.0,1.0,实施,2009-07-03,2009-07-02,,,,,,,,,
002043,分红,2010-06-11,0.0,0.0,0.5,实施,2010-06-24,2010-06-23,,,,,,,,,
002043,分红,2012-05-15,0.0,10.0,0.8,实施,2012-05-22,2012-05-21,,,,,,,,,
002043,分红,2013-05-30,0.0,0.0,0.3,实施,2013-06-07,2013-06-06,,,,,,,,,
002043,分红,2014-06-05,0.0,0.0,0.3,实施,2014-06-11,2014-06-10,,,,,,,,,
002043,分红,2015-05-22,0.0,0.0,0.3,实施,2015-05-29,2015-05-28,,,,,,,,,
002043,分红,2016-04-21,3.4,1.6,1.3,实施,2016-04-28,2016-04-27,,,,,,,,,
002043,分红,2017-06-06,0.0,0.0,0.5,实施,2017-06-13,2017-06-12,,,,,,,,,
002043,分红,2018-06-14,0.0,0.0,2.34935,实施,2018-06-22,2018-06-21,,,,,,,,,
002043,分红,2019-06-05,0.0,0.0,2.5,实施,2019-06-13,2019-06-12,,,,,,,,,
002043,分红,2020-06-29,0.0,0.0,2.5,实施,2020-07-07,2020-07-06,,,,,,,,,
002043,分红,2021-06-29,0.0,0.0,2.0,实施,2021-07-05,2021-07-02,,,,,,,,,
002043,分红,2022-05-30,0.0,0.0,4.7,实施,2022-06-08,2022-06-07,,,,,,,,,
002043,分红,2023-05-31,0.0,0.0,5.0,实施,2023-06-07,2023-06-06,,,,,,,,,
002043,分红,2024-05-23,0.0,0.0,5.5,实施,2024-05-30,2024-05-29,,,,,,,,,
002043,分红,2024-09-14,0.0,0.0,2.8,实施,2024-09-25,2024-09-24,,,,,,,,,
002043,分红,2025-05-21,0.0,0.0,3.2,实施,2025-05-29,2025-05-28,,,,,,,,,
002043,分红,2025-08-29,0.0,0.0,2.8,实施,2025-09-05,2025-09-04,,,,,,,,,
002043,分红,2026-05-26,0.0,0.0,1.32,实施,2026-06-01,2026-05-29,,,,,,,,,
002043,分红,2026-08-26,0.0,0.0,1.2,实施,2026-09-03,2026-09-02,,,,,,,,,
002044,分红,2023-04-25,0.0,0.0,0.0,不分配,,,,,,,,,,,
002044,分红,2022-04-16,0.0,0.0,0.0,不分配,,,,,,,,,,,
002044,分红,2021-04-13,0.0,0.0,0.0,不分配,,,,,,,,,,,
002044,分红,2020-04-30,0.0,0.0,0.0,不分配,,,,,,,,,,,
002044,分红,2005-12-13,0.0,0.0,2.0,实施,2005-12-19,2005-12-16,,,,,,,,,
002044,分红,2006-06-28,0.0,0.0,0.8,实施,2006-07-06,2006-07-05,,,,,,,,,
002044,分红,2007-06-08,0.0,0.0,1.2,实施,2007-06-15,2007-06-14,,,,,,,,,
002044,分红,2008-05-07,0.0,3.0,0.0,实施,2008-05-15,2008-05-14,2008-05-15,,,,,,,,
002044,分红,2009-06-05,0.0,0.0,0.5,实施,2009-06-12,2009-06-11,,,,,,,,,
002044,分红,2010-06-19,0.0,0.0,0.8,实施,2010-06-25,2010-06-24,,,,,,,,,
002044,分红,2011-05-11,0.0,3.8,0.5,实施,2011-05-18,2011-05-17,,,,,,,,,
002044,分红,2012-06-01,0.0,0.0,1.0,实施,2012-06-08,2012-06-07,,,,,,,,,
002044,分红,2013-05-04,0.0,0.0,2.0,实施,2013-05-13,2013-05-10,,,,,,,,,
002044,分红,2014-06-26,0.0,0.0,0.5,实施,2014-07-02,2014-07-01,,,,,,,,,
002044,分红,2015-05-27,2.4,0.0,0.8,实施,2015-06-03,2015-06-02,,,,,,,,,
002044,分红,2016-06-02,0.0,10.0,0.0,实施,2016-06-13,2016-06-08,2016-06-13,,,,,,,,
002044,分红,2017-04-19,0.0,0.0,0.15,实施,2017-04-25,2017-04-24,,,,,,,,,
002044,分红,2018-06-05,0.0,2.0,0.5,实施,2018-06-11,2018-06-08,,,,,,,,,
002044,分红,2019-07-04,0.0,2.0,0.531516,实施,2019-07-10,2019-07-09,,,,,,,,,
002044,分红,2024-06-26,0.0,0.0,0.19,实施,2024-07-04,2024-07-03,,,,,,,,,
002044,分红,2025-06-28,0.0,0.0,0.135,实施,2025-07-04,2025-07-03,,,,,,,,,
002044,分红,2026-07-07,0.0,0.0,0.09,实施,2026-07-13,2026-07-10,,,,,,,,,
002049,分红,2023-03-30,0,0.0,0.0,不分配,,,,,,,,,,,
002049,分红,2006-06-27,0,0.0,1.2,实施,2006-07-04,2006-07-03,,,,,,,,,
002049,分红,2007-05-16,0,0.0,1.5,实施,2007-05-22,2007-05-21,,,,,,,,,
002049,分红,2008-05-21,0,0.0,1.5,实施,2008-05-28,2008-05-27,,,,,,,,,
002049,分红,2008-10-28,0,5.0,0.0,实施,2008-11-03,2008-10-31,2008-11-03,,,,,,,,
002049,分红,2009-05-19,0,0.0,1.1,实施,2009-05-25,2009-05-22,,,,,,,,,
002049,分红,2010-03-31,0,0.0,1.1,实施,2010-04-08,2010-04-07,,,,,,,,,
002049,分红,2011-04-28,0,0.0,1.1,实施,2011-05-06,2011-05-05,,,,,,,,,
002049,分红,2012-04-10,0,0.0,1.0,实施,2012-04-17,2012-04-16,,,,,,,,,
002049,分红,2013-06-01,0,0.0,0.978683,实施,2013-06-07,2013-06-06,,,,,,,,,
002049,分红,2014-06-10,0,10.0,1.0,实施,2014-06-16,2014-06-13,,,,,,,,,
002049,分红,2015-06-10,0,0.0,1.0,实施,2015-06-17,2015-06-16,,,,,,,,,
002049,分红,2016-06-16,0,0.0,0.56,实施,2016-06-23,2016-06-22,,,,,,,,,
002049,分红,2017-06-07,0,0.0,0.56,实施,2017-06-14,2017-06-13,,,,,,,,,
002049,分红,2018-05-03,0,0.0,0.5,实施,2018-05-09,2018-05-08,,,,,,,,,
002049,分红,2019-05-13,0,0.0,0.58,实施,2019-05-17,2019-05-16,,,,,,,,,
002049,分红,2020-07-11,0,0.0,0.68,实施,2020-07-17,2020-07-16,,,,,,,,,
002049,分红,2021-05-18,0,0.0,1.35,实施,2021-05-24,2021-05-21,,,,,,,,,
002049,分红,2022-08-18,0,3.99998,3.24998,实施,2022-08-24,2022-08-23,,,,,,,,,
002049,分红,2024-06-17,0,0.0,6.8,实施,2024-06-24,2024-06-21,,,,,,,,,
002049,分红,2025-06-19,0,0.0,2.1,实施,2025-06-26,2025-06-25,,,,,,,,,
002049,分红,2026-06-23,0,0.0,3.09999,实施,2026-06-30,2026-06-29,,,,,,,,,
002057,分红,2026-08-21,0,0,1.13,预案,,,,,,,,,,,
002057,分红,2013-04-20,0,0,0.0,不分配,,,,,,,,,,,
002057,分红,2012-04-26,0,0,0.0,不分配,,,,,,,,,,,
002057,分红,2011-03-19,0,0,0.0,不分配,,,,,,,,,,,
002057,分红,2009-04-20,0,0,0.0,不分配,,,,,,,,,,,
002057,分红,2008-04-02,0,0,0.0,不分配,,,,,,,,,,,
002057,分红,2007-05-23,2,0,0.25,实施,2007-05-30,2007-05-29,,,,,,,,,
002057,分红,2010-06-07,0,0,0.3,实施,2010-06-11,2010-06-10,,,,,,,,,
002057,分红,2014-05-21,0,10,0.25,实施,2014-05-27,2014-05-26,,,,,,,,,
002057,分红,2015-07-02,0,0,0.1,实施,2015-07-08,2015-07-07,,,,,,,,,
002057,分红,2016-06-13,0,0,0.1,实施,2016-06-17,2016-06-16,,,,,,,,,
002057,分红,2017-05-19,0,0,0.2,实施,2017-05-25,2017-05-24,,,,,,,,,
002057,分红,2018-05-31,0,5,1.6,实施,2018-06-07,2018-06-06,,,,,,,,,
002057,分红,2019-06-06,0,5,1.0,实施,2019-06-17,2019-06-14,,,,,,,,,
002057,分红,2020-06-05,0,0,0.7,实施,2020-06-11,2020-06-10,,,,,,,,,
002057,分红,2021-06-11,0,0,1.0,实施,2021-06-18,2021-06-17,,,,,,,,,
002057,分红,2022-06-08,0,0,1.39,实施,2022-06-14,2022-06-13,,,,,,,,,
002057,分红,2023-06-02,0,0,2.41,实施,2023-06-09,2023-06-08,,,,,,,,,
002057,分红,2024-06-19,0,0,1.81,实施,2024-06-26,2024-06-25,,,,,,,,,
002057,分红,2024-12-12,0,0,0.5,实施,2024-12-18,2024-12-17,,,,,,,,,
002057,分红,2025-07-02,0,0,0.64,实施,2025-07-09,2025-07-08,,,,,,,,,
002057,分红,2025-09-24,0,0,0.6,实施,2025-10-09,2025-09-30,,,,,,,,,
002057,分红,2026-06-12,0,0,0.58,实施,2026-06-23,2026-06-22,,,,,,,,,
002066,分红,2026-04-10,0,0,0.0,不分配,,,,,,,,,,,
002066,分红,2022-03-26,0,0,0.0,不分配,,,,,,,,,,,
002066,分红,2021-04-02,0,0,0.0,不分配,,,,,,,,,,,
002066,分红,2020-03-31,0,0,0.0,不分配,,,,,,,,,,,
002066,分红,2019-03-26,0,0,0.0,不分配,,,,,,,,,,,
002066,分红,2018-04-25,0,0,0.0,不分配,,,,,,,,,,,
002066,分红,2017-03-25,0,0,0.0,不分配,,,,,,,,,,,
002066,分红,2016-04-16,0,0,0.0,不分配,,,,,,,,,,,
002066,分红,2015-03-28,0,0,0.0,不分配,,,,,,,,,,,
002066,分红,2014-04-26,0,0,0.0,不分配,,,,,,,,,,,
002066,分红,2007-06-05,0,0,1.0,实施,2007-06-12,2007-06-11,,,,,,,,,
002066,分红,2008-04-07,0,5,0.0,实施,2008-04-15,2008-04-14,2008-04-15,,,,,,,,
002066,分红,2009-04-21,0,0,1.0,实施,2009-04-29,2009-04-28,,,,,,,,,
002066,分红,2010-06-18,0,0,1.2,实施,2010-06-25,2010-06-24,,,,,,,,,
002066,分红,2011-06-09,0,0,1.5,实施,2011-06-15,2011-06-14,,,,,,,,,
002066,分红,2012-05-18,0,10,1.5,实施,2012-05-24,2012-05-23,,,,,,,,,
002066,分红,2013-06-03,0,0,0.5,实施,2013-06-07,2013-06-06,,,,,,,,,
002066,分红,2023-05-31,0,0,0.8,实施,2023-06-07,2023-06-06,,,,,,,,,
002066,分红,2024-05-23,0,0,1.0,实施,2024-05-29,2024-05-28,,,,,,,,,
002066,分红,2025-06-20,0,0,1.5,实施,2025-06-27,2025-06-26,,,,,,,,,
002098,分红,2023-04-27,0,0,0.0,不分配,,,,,,,,,,,
002098,分红,2022-04-28,0,0,0.0,不分配,,,,,,,,,,,
002098,分红,2021-04-30,0,0,0.0,不分配,,,,,,,,,,,
002098,分红,2020-04-30,0,0,0.0,不分配,,,,,,,,,,,
002098,分红,2019-04-30,0,0,0.0,不分配,,,,,,,,,,,
002098,分红,2007-06-15,0,0,1.0,实施,2007-06-21,2007-06-20,,,,,,,,,
002098,分红,2008-07-08,0,0,2.0,实施,2008-07-16,2008-07-15,,,,,,,,,
002098,分红,2009-05-26,0,0,1.0,实施,2009-06-04,2009-06-03,,,,,,,,,
002098,分红,2010-07-27,0,0,1.0,实施,2010-08-03,2010-08-02,,,,,,,,,
002098,分红,2011-05-25,0,0,2.0,实施,2011-05-31,2011-05-30,,,,,,,,,
002098,分红,2012-06-12,0,0,3.0,实施,2012-06-19,2012-06-18,,,,,,,,,
002098,分红,2013-06-26,0,0,1.0,实施,2013-07-04,2013-07-03,,,,,,,,,
002098,分红,2014-07-12,0,0,2.0,实施,2014-07-18,2014-07-17,,,,,,,,,
002098,分红,2015-05-29,0,10,1.1,实施,2015-06-04,2015-06-03,,,,,,,,,
002098,分红,2016-06-14,0,0,0.8,实施,2016-06-20,2016-06-17,,,,,,,,,
002098,分红,2017-07-11,0,0,0.8,实施,2017-07-17,2017-07-14,,,,,,,,,
002098,分红,2018-07-13,0,0,0.2,实施,2018-07-20,2018-07-19,,,,,,,,,
002098,分红,2024-06-27,0,0,1.1,实施,2024-07-05,2024-07-04,,,,,,,,,
002098,分红,2025-06-23,0,0,1.0,实施,2025-07-01,2025-06-30,,,,,,,,,
002098,分红,2026-07-02,0,0,1.0,实施,2026-07-09,2026-07-08,,,,,,,,,
002103,分红,2026-04-11,0,0.0,0.0,不分配,,,,,,,,,,,
002103,分红,2025-04-12,0,0.0,0.0,不分配,,,,,,,,,,,
002103,分红,2024-04-19,0,0.0,0.0,不分配,,,,,,,,,,,
002103,分红,2023-04-22,0,0.0,0.0,不分配,,,,,,,,,,,
002103,分红,2022-04-20,0,0.0,0.0,不分配,,,,,,,,,,,
002103,分红,2021-04-24,0,0.0,0.0,不分配,,,,,,,,,,,
002103,分红,2020-04-22,0,0.0,0.0,不分配,,,,,,,,,,,
002103,分红,2019-04-24,0,0.0,0.0,不分配,,,,,,,,,,,
002103,分红,2008-04-10,0,0.0,0.0,不分配,,,,,,,,,,,
002103,分红,2007-04-27,0,1.5,1.0,实施,2007-05-11,2007-05-10,,,,,,,,,
002103,分红,2008-09-18,0,0.0,1.0,实施,2008-09-24,2008-09-23,,,,,,,,,
002103,分红,2009-05-16,0,0.0,1.32,实施,2009-05-22,2009-05-21,,,,,,,,,
002103,分红,2010-05-12,0,0.0,1.5,实施,2010-05-18,2010-05-17,,,,,,,,,
002103,分红,2011-06-18,0,0.0,1.5,实施,2011-06-24,2011-06-23,,,,,,,,,
002103,分红,2012-06-26,0,0.0,1.0,实施,2012-07-03,2012-07-02,,,,,,,,,
002103,分红,2013-06-28,0,0.0,0.5,实施,2013-07-05,2013-07-04,,,,,,,,,
002103,分红,2014-06-21,0,0.0,0.5,实施,2014-06-27,2014-06-26,,,,,,,,,
002103,分红,2015-05-06,0,0.0,1.0,实施,2015-05-12,2015-05-11,,,,,,,,,
002103,分红,2016-05-12,0,5.0,1.5,实施,2016-05-18,2016-05-17,,,,,,,,,
002103,分红,2017-06-01,0,2.0,1.0,实施,2017-06-08,2017-06-07,,,,,,,,,
002103,分红,2018-05-09,0,0.0,0.3,实施,2018-05-16,2018-05-15,,,,,,,,,
002105,分红,2026-04-24,0,0.0,0.0,不分配,,,,,,,,,,,
002105,分红,2025-04-23,0,0.0,0.0,不分配,,,,,,,,,,,
002105,分红,2019-04-12,0,0.0,0.0,不分配,,,,,,,,,,,
002105,分红,2017-04-19,0,0.0,0.0,不分配,,,,,,,,,,,
002105,分红,2016-04-15,0,0.0,0.0,不分配,,,,,,,,,,,
002105,分红,2011-04-20,0,0.0,0.0,不分配,,,,,,,,,,,
002105,分红,2007-06-19,0,0.0,1.2,实施,2007-06-25,2007-06-22,,,,,,,,,
002105,分红,2008-06-19,0,0.0,1.0,实施,2008-06-26,2008-06-25,,,,,,,,,
002105,分红,2009-06-17,0,0.0,1.0,实施,2009-06-23,2009-06-22,,,,,,,,,
002105,分红,2010-06-18,0,0.0,1.2,实施,2010-06-25,2010-06-24,,,,,,,,,
002105,分红,2012-06-20,0,0.0,1.0,实施,2012-06-28,2012-06-27,,,,,,,,,
002105,分红,2013-05-30,0,0.0,1.0,实施,2013-06-05,2013-06-04,,,,,,,,,
002105,分红,2014-06-06,0,2.5,0.2,实施,2014-06-12,2014-06-11,,,,,,,,,
002105,分红,2015-06-04,0,1.0,0.5,实施,2015-06-10,2015-06-09,,,,,,,,,
002105,分红,2018-06-05,0,0.0,0.6,实施,2018-06-12,2018-06-11,,,,,,,,,
002105,分红,2020-06-10,0,0.0,1.0,实施,2020-06-16,2020-06-15,,,,,,,,,
002105,分红,2021-07-02,0,0.0,2.0,实施,2021-07-09,2021-07-08,,,,,,,,,
002105,分红,2022-06-10,0,0.0,2.5,实施,2022-06-17,2022-06-16,,,,,,,,,
002105,分红,2023-05-17,0,0.0,1.0,实施,2023-05-23,2023-05-22,,,,,,,,,
002105,分红,2024-06-07,0,0.0,0.3,实施,2024-06-18,2024-06-17,,,,,,,,,
002112,分红,2023-04-15,0,0,0.0,不分配,,,,,,,,,,,
002112,分红,2021-04-23,0,0,0.0,不分配,,,,,,,,,,,
002112,分红,2020-04-16,0,0,0.0,不分配,,,,,,,,,,,
002112,分红,2019-04-27,0,0,0.0,不分配,,,,,,,,,,,
002112,分红,2018-04-26,0,0,0.0,不分配,,,,,,,,,,,
002112,分红,2017-04-28,0,0,0.0,不分配,,,,,,,,,,,
002112,分红,2012-04-25,0,0,0.0,不分配,,,,,,,,,,,
002112,分红,2007-05-30,0,0,0.7,实施,2007-06-05,2007-06-04,,,,,,,,,
002112,分红,2008-07-05,0,0,0.7,实施,2008-07-11,2008-07-10,,,,,,,,,
002112,分红,2009-05-06,0,4,0.3,实施,2009-05-12,2009-05-11,,,,,,,,,
002112,分红,2010-06-21,0,0,0.4,实施,2010-06-25,2010-06-24,,,,,,,,,
002112,分红,2011-06-17,0,0,0.4,实施,2011-06-24,2011-06-23,,,,,,,,,
002112,分红,2013-06-06,0,8,0.2,实施,2013-06-18,2013-06-17,,,,,,,,,
002112,分红,2014-07-04,0,0,0.1,实施,2014-07-11,2014-07-10,,,,,,,,,
002112,分红,2015-06-25,0,0,0.1,实施,2015-07-02,2015-07-01,,,,,,,,,
002112,分红,2016-06-22,0,0,0.1,实施,2016-06-29,2016-06-28,,,,,,,,,
002112,分红,2022-06-21,0,0,0.2,实施,2022-06-28,2022-06-27,,,,,,,,,
002112,分红,2022-09-16,0,3,0.0,实施,2022-09-23,2022-09-22,2022-09-23,,,,,,,,
002112,分红,2024-06-15,0,0,0.3,实施,2024-06-21,2024-06-20,,,,,,,,,
002112,分红,2025-05-20,0,0,0.7,实施,2025-05-27,2025-05-26,,,,,,,,,
002112,分红,2026-06-17,0,0,0.1,实施,2026-06-25,2026-06-24,,,,,,,,,
002119,分红,2016-03-29,0.0,0.0,0.0,不分配,,,,,,,,,,,
002119,分红,2015-03-31,0.0,0.0,0.0,不分配,,,,,,,,,,,
002119,分红,2012-02-28,0.0,0.0,0.0,不分配,,,,,,,,,,,
002119,分红,2009-03-26,0.0,0.0,0.0,不分配,,,,,,,,,,,
002119,分红,2008-05-30,2.5,7.5,0.28,实施,2008-06-10,2008-06-06,,,,,,,,,
002119,分红,2010-05-14,0.0,0.0,0.5,实施,2010-05-21,2010-05-20,,,,,,,,,
002119,分红,2011-07-02,0.0,0.0,0.5,实施,2011-07-08,2011-07-07,,,,,,,,,
002119,分红,2013-05-30,0.0,0.0,0.25,实施,2013-06-07,2013-06-06,,,,,,,,,
002119,分红,2014-04-16,0.0,0.0,0.25,实施,2014-04-23,2014-04-22,,,,,,,,,
002119,分红,2017-05-26,0.0,0.0,1.0,实施,2017-06-07,2017-06-06,,,,,,,,,
002119,分红,2018-06-13,0.0,4.0,1.0,实施,2018-06-22,2018-06-21,,,,,,,,,
002119,分红,2019-05-15,1.0,2.0,0.25,实施,2019-05-21,2019-05-20,,,,,,,,,
002119,分红,2020-06-05,0.0,0.0,0.25,实施,2020-06-11,2020-06-10,,,,,,,,,
002119,分红,2021-07-01,0.0,0.0,0.26,实施,2021-07-09,2021-07-08,,,,,,,,,
002119,分红,2022-06-10,0.0,0.0,0.5,实施,2022-06-17,2022-06-16,,,,,,,,,
002119,分红,2023-06-02,0.0,0.0,0.3,实施,2023-06-09,2023-06-08,,,,,,,,,
002119,分红,2024-06-12,0.0,0.0,0.3,实施,2024-06-19,2024-06-18,,,,,,,,,
002119,分红,2025-04-29,0.0,0.0,0.3,实施,2025-05-09,2025-05-08,,,,,,,,,
002119,分红,2026-04-28,0.0,0.0,0.4,实施,2026-05-08,2026-05-07,,,,,,,,,
002120,分红,2011-03-08,0,0.0,0.0,不分配,,,,,,,,,,,
002120,分红,2007-05-15,0,7.0,3.0,实施,2007-05-21,2007-05-18,,,,,,,,,
002120,分红,2008-05-20,0,3.0,0.0,实施,2008-05-27,2008-05-26,2008-05-27,,,,,,,,
002120,分红,2009-05-15,0,0.0,0.8,实施,2009-05-22,2009-05-21,,,,,,,,,
002120,分红,2010-05-21,0,0.0,0.5,实施,2010-05-27,2010-05-26,,,,,,,,,
002120,分红,2012-05-24,0,0.0,0.5,实施,2012-05-31,2012-05-30,,,,,,,,,
002120,分红,2013-05-30,0,0.0,1.0,实施,2013-06-06,2013-06-05,,,,,,,,,
002120,分红,2014-04-30,0,0.0,0.3,实施,2014-05-12,2014-05-09,,,,,,,,,
002120,分红,2015-04-29,0,0.0,1.0,实施,2015-05-07,2015-05-06,,,,,,,,,
002120,分红,2016-04-30,0,0.0,0.6,实施,2016-05-10,2016-05-09,,,,,,,,,
002120,分红,2017-06-29,0,1.99827,1.16899,实施,2017-07-06,2017-07-05,,,,,,,,,
002120,分红,2018-08-08,0,3.0,2.38,实施,2018-08-16,2018-08-15,,,,,,,,,
002120,分红,2019-06-05,0,3.0,4.76,实施,2019-06-12,2019-06-11,,,,,,,,,
002120,分红,2020-06-06,0,3.0,2.39,实施,2020-06-12,2020-06-11,,,,,,,,,
002120,分红,2021-07-09,0,0.0,0.49,实施,2021-07-16,2021-07-15,,,,,,,,,
002120,分红,2022-06-30,0,0.0,0.52,实施,2022-07-07,2022-07-06,,,,,,,,,
002120,分红,2023-06-02,0,0.0,0.52,实施,2023-06-08,2023-06-07,,,,,,,,,
002120,分红,2024-05-31,0,0.0,1.7,实施,2024-06-07,2024-06-06,,,,,,,,,
002120,分红,2025-06-05,0,0.0,2.0,实施,2025-06-12,2025-06-11,,,,,,,,,
002120,分红,2026-06-11,0,0.0,2.0,实施,2026-06-17,2026-06-16,,,,,,,,,
002125,分红,2020-04-23,0,0,0.0,不分配,,,,,,,,,,,
002125,分红,2018-03-15,0,0,0.0,不分配,,,,,,,,,,,
002125,分红,2017-04-10,0,0,0.0,不分配,,,,,,,,,,,
002125,分红,2016-03-10,0,0,0.0,不分配,,,,,,,,,,,
002125,分红,2015-04-23,0,0,0.0,不分配,,,,,,,,,,,
002125,分红,2014-02-19,0,0,0.0,不分配,,,,,,,,,,,
002125,分红,2013-04-24,0,0,0.0,不分配,,,,,,,,,,,
002125,分红,2011-04-13,0,0,0.0,不分配,,,,,,,,,,,
002125,分红,2010-02-10,0,0,0.0,不分配,,,,,,,,,,,
002125,分红,2009-04-22,0,0,0.0,不分配,,,,,,,,,,,
002125,分红,2008-04-25,0,0,0.0,不分配,,,,,,,,,,,
002125,分红,2007-04-02,0,0,0.0,不分配,,,,,,,,,,,
002125,分红,2012-06-12,0,6,0.4,实施,2012-06-18,2012-06-15,,,,,,,,,
002125,分红,2016-10-26,0,6,0.0,实施,2016-11-01,2016-10-31,2016-11-01,,,,,,,,
002125,分红,2019-04-10,0,6,0.6,实施,2019-04-16,2019-04-15,,,,,,,,,
002125,分红,2021-05-12,0,0,0.2,实施,2021-05-18,2021-05-17,,,,,,,,,
002125,分红,2022-06-10,0,0,0.5,实施,2022-06-16,2022-06-15,,,,,,,,,
002125,分红,2023-06-29,0,0,1.26,实施,2023-07-06,2023-07-05,,,,,,,,,
002125,分红,2024-05-31,0,0,1.68,实施,2024-06-07,2024-06-06,,,,,,,,,
002125,分红,2025-05-21,0,0,1.6,实施,2025-05-28,2025-05-27,,,,,,,,,
002125,分红,2026-06-05,0,0,1.15,实施,2026-06-11,2026-06-10,,,,,,,,,
002141,分红,2026-04-22,0,0,0.0,不分配,,,,,,,,,,,
002141,分红,2025-04-29,0,0,0.0,不分配,,,,,,,,,,,
002141,分红,2024-04-26,0,0,0.0,不分配,,,,,,,,,,,
002141,分红,2023-04-15,0,0,0.0,不分配,,,,,,,,,,,
002141,分红,2022-04-15,0,0,0.0,不分配,,,,,,,,,,,
002141,分红,2021-04-15,0,0,0.0,不分配,,,,,,,,,,,
002141,分红,2020-04-30,0,0,0.0,不分配,,,,,,,,,,,
002141,分红,2019-03-29,0,0,0.0,不分配,,,,,,,,,,,
002141,分红,2016-03-16,0,0,0.0,不分配,,,,,,,,,,,
002141,分红,2015-03-31,0,0,0.0,不分配,,,,,,,,,,,
002141,分红,2013-04-23,0,0,0.0,不分配,,,,,,,,,,,
002141,分红,2012-04-25,0,0,0.0,不分配,,,,,,,,,,,
002141,分红,2010-04-10,0,0,0.0,不分配,,,,,,,,,,,
002141,分红,2008-07-15,0,0,1.5,实施,2008-07-21,2008-07-18,,,,,,,,,
002141,分红,2009-06-06,0,4,0.0,实施,2009-06-12,2009-06-11,2009-06-12,,,,,,,,
002141,分红,2011-06-02,2,4,0.4,实施,2011-06-10,2011-06-09,,,,,,,,,
002141,分红,2014-07-02,0,0,1.0,实施,2014-07-09,2014-07-08,,,,,,,,,
002141,分红,2016-10-18,0,25,0.0,实施,2016-10-24,2016-10-21,2016-10-24,,,,,,,,
002141,分红,2017-06-29,0,0,0.02,实施,2017-07-07,2017-07-06,,,,,,,,,
002141,分红,2018-07-07,0,0,0.01,实施,2018-07-13,2018-07-12,,,,,,,,,
002159,分红,2023-04-08,0.0,0.0,0.0,不分配,,,,,,,,,,,
002159,分红,2022-04-30,0.0,0.0,0.0,不分配,,,,,,,,,,,
002159,分红,2021-03-30,0.0,0.0,0.0,不分配,,,,,,,,,,,
002159,分红,2020-04-30,0.0,0.0,0.0,不分配,,,,,,,,,,,
002159,分红,2019-03-30,0.0,0.0,0.0,不分配,,,,,,,,,,,
002159,分红,2018-03-16,0.0,0.0,0.0,不分配,,,,,,,,,,,
002159,分红,2017-03-15,0.0,0.0,0.0,不分配,,,,,,,,,,,
002159,分红,2016-03-24,0.0,0.0,0.0,不分配,,,,,,,,,,,
002159,分红,2015-03-13,0.0,0.0,0.0,不分配,,,,,,,,,,,
002159,分红,2012-03-22,0.0,0.0,0.0,不分配,,,,,,,,,,,
002159,分红,2009-03-06,0.0,0.0,0.0,不分配,,,,,,,,,,,
002159,分红,2008-05-10,1.8,3.2,0.2,实施,2008-05-16,2008-05-15,,,,,,,,,
002159,分红,2010-04-29,0.0,0.0,0.5,实施,2010-05-07,2010-05-06,,,,,,,,,
002159,分红,2011-06-10,0.0,0.0,0.5,实施,2011-06-17,2011-06-16,,,,,,,,,
002159,分红,2013-06-03,0.0,0.0,0.6,实施,2013-06-07,2013-06-06,,,,,,,,,
002159,分红,2014-04-11,0.0,0.0,0.5,实施,2014-04-18,2014-04-17,,,,,,,,,
002159,分红,2024-07-05,0.0,0.0,2.2,实施,2024-07-12,2024-07-11,,,,,,,,,
002159,分红,2025-06-28,0.0,0.0,2.5,实施,2025-07-04,2025-07-03,,,,,,,,,
002159,分红,2026-06-04,0.0,0.0,2.8,实施,2026-06-10,2026-06-09,,,,,,,,,
002174,分红,2026-04-29,0,0,0.0,不分配,,,,,,,,,,,
002174,分红,2025-04-26,0,0,0.0,不分配,,,,,,,,,,,
002174,分红,2023-04-29,0,0,0.0,不分配,,,,,,,,,,,
002174,分红,2022-04-30,0,0,0.0,不分配,,,,,,,,,,,
002174,分红,2021-04-30,0,0,0.0,不分配,,,,,,,,,,,
002174,分红,2019-04-30,0,0,0.0,不分配,,,,,,,,,,,
002174,分红,2014-04-26,0,0,0.0,不分配,,,,,,,,,,,
002174,分红,2012-04-13,0,0,0.0,不分配,,,,,,,,,,,
002174,分红,2010-03-27,0,0,0.0,不分配,,,,,,,,,,,
002174,分红,2009-04-09,0,0,0.0,不分配,,,,,,,,,,,
002174,分红,2008-06-12,0,0,2.0,实施,2008-06-18,2008-06-17,,,,,,,,,
002174,分红,2011-06-10,0,0,0.5,实施,2011-06-17,2011-06-16,,,,,,,,,
002174,分红,2013-06-07,0,0,0.1,实施,2013-06-18,2013-06-17,,,,,,,,,
002174,分红,2015-07-11,0,0,1.51,实施,2015-07-17,2015-07-16,,,,,,,,,
002174,分红,2016-03-30,0,20,1.8,实施,2016-04-08,2016-04-07,,,,,,,,,
002174,分红,2017-07-05,0,0,0.7,实施,2017-07-12,2017-07-11,,,,,,,,,
002174,分红,2018-08-18,0,0,0.766418,实施,2018-08-24,2018-08-23,,,,,,,,,
002174,分红,2020-08-19,0,0,0.88,实施,2020-08-25,2020-08-24,,,,,,,,,
002174,分红,2024-07-25,0,0,0.5,实施,2024-08-02,2024-08-01,,,,,,,,,
002174,分红,2024-09-10,0,0,0.01,实施,2024-09-20,2024-09-19,,,,,,,,,
002175,分红,2026-04-29,0,0.0,0.0,不分配,,,,,,,,,,,
002175,分红,2025-04-29,0,0.0,0.0,不分配,,,,,,,,,,,
002175,分红,2024-04-27,0,0.0,0.0,不分配,,,,,,,,,,,
002175,分红,2023-04-21,0,0.0,0.0,不分配,,,,,,,,,,,
002175,分红,2022-03-26,0,0.0,0.0,不分配,,,,,,,,,,,
002175,分红,2021-12-21,0,6.93841,0.0,实施,,2021-12-24,2021-12-27,,,,,,,,
002175,分红,2021-04-30,0,0.0,0.0,不分配,,,,,,,,,,,
002175,分红,2020-03-18,0,0.0,0.0,不分配,,,,,,,,,,,
002175,分红,2019-04-26,0,0.0,0.0,不分配,,,,,,,,,,,
002175,分红,2018-04-27,0,0.0,0.0,不分配,,,,,,,,,,,
002175,分红,2017-04-25,0,0.0,0.0,不分配,,,,,,,,,,,
002175,分红,2015-08-04,0,20.0,0.0,预案,,,,,,,,,,,
002175,分红,2013-04-24,0,0.0,0.0,不分配,,,,,,,,,,,
002175,分红,2011-04-16,0,0.0,0.0,不分配,,,,,,,,,,,
002175,分红,2009-04-17,0,0.0,0.0,不分配,,,,,,,,,,,
002175,分红,2008-05-22,0,5.0,2.0,实施,2008-05-29,2008-05-28,,,,,,,,,
002175,分红,2010-06-18,0,0.0,1.0,实施,2010-06-25,2010-06-24,,,,,,,,,
002175,分红,2012-05-29,0,0.0,1.1,实施,2012-06-05,2012-06-04,,,,,,,,,
002175,分红,2014-06-26,0,0.0,1.0,实施,2014-07-04,2014-07-03,,,,,,,,,
002175,分红,2015-06-17,0,6.0,0.0,实施,2015-06-24,2015-06-23,2015-06-24,,,,,,,,
002175,分红,2016-07-22,0,16.0,1.0,实施,2016-07-29,2016-07-28,,,,,,,,,
002178,分红,2026-04-23,0,0,0.0,不分配,,,,,,,,,,,
002178,分红,2025-04-23,0,0,0.0,不分配,,,,,,,,,,,
002178,分红,2024-04-30,0,0,0.0,不分配,,,,,,,,,,,
002178,分红,2023-04-19,0,0,0.0,不分配,,,,,,,,,,,
002178,分红,2022-04-30,0,0,0.0,不分配,,,,,,,,,,,
002178,分红,2021-04-22,0,0,0.0,不分配,,,,,,,,,,,
002178,分红,2020-04-28,0,0,0.0,不分配,,,,,,,,,,,
002178,分红,2019-04-20,0,0,0.0,不分配,,,,,,,,,,,
002178,分红,2018-03-29,0,0,0.0,不分配,,,,,,,,,,,
002178,分红,2012-04-25,0,0,0.0,不分配,,,,,,,,,,,
002178,分红,2009-04-10,0,0,0.0,不分配,,,,,,,,,,,
002178,分红,2008-06-26,0,0,0.5,实施,2008-07-03,2008-07-02,,,,,,,,,
002178,分红,2010-05-28,0,2,1.0,实施,2010-06-04,2010-06-03,,,,,,,,,
002178,分红,2011-05-12,0,4,0.0,实施,2011-05-19,2011-05-18,2011-05-19,,,,,,,,
002178,分红,2013-04-16,0,0,0.5,实施,2013-04-23,2013-04-22,,,,,,,,,
002178,分红,2014-05-12,1,10,0.6,实施,2014-05-16,2014-05-15,,,,,,,,,
002178,分红,2015-04-01,2,6,0.6,实施,2015-04-08,2015-04-07,,,,,,,,,
002178,分红,2016-05-17,0,0,0.6,实施,2016-05-24,2016-05-23,,,,,,,,,
002178,分红,2017-06-29,0,0,0.162537,实施,2017-07-05,2017-07-04,,,,,,,,,
002180,分红,2026-04-15,0,0.0,0.0,不分配,,,,,,,,,,,
002180,分红,2025-04-12,0,0.0,0.0,不分配,,,,,,,,,,,
002180,分红,2024-04-27,0,0.0,0.0,不分配,,,,,,,,,,,
002180,分红,2008-05-09,0,5.0,5.0,实施,2008-05-15,2008-05-14,,,,,,,,,
002180,分红,2009-06-02,0,0.0,1.0,实施,2009-06-10,2009-06-09,,,,,,,,,
002180,分红,2010-06-18,0,0.0,1.0,实施,2010-06-24,2010-06-23,,,,,,,,,
002180,分红,2011-05-05,0,5.0,1.0,实施,2011-05-12,2011-05-11,,,,,,,,,
002180,分红,2012-05-23,0,0.0,1.0,实施,2012-05-30,2012-05-29,,,,,,,,,
002180,分红,2013-05-17,0,0.0,0.5,实施,2013-05-24,2013-05-23,,,,,,,,,
002180,分红,2014-05-08,0,1.5,0.0,实施,2014-05-14,2014-05-13,2014-05-14,,,,,,,,
002180,分红,2015-06-06,0,0.0,1.0,实施,2015-06-12,2015-06-11,,,,,,,,,
002180,分红,2016-05-31,0,7.5,0.0,实施,2016-06-07,2016-06-06,2016-06-07,,,,,,,,
002180,分红,2017-07-06,0,0.0,0.3,实施,2017-07-12,2017-07-11,,,,,,,,,
002180,分红,2018-07-03,0,0.0,1.2,实施,2018-07-10,2018-07-09,,,,,,,,,
002180,分红,2019-07-08,0,0.0,0.8,实施,2019-07-12,2019-07-11,,,,,,,,,
002180,分红,2020-07-06,0,0.0,1.0,实施,2020-07-13,2020-07-10,,,,,,,,,
002180,分红,2021-07-02,0,0.0,1.2,实施,2021-07-09,2021-07-08,,,,,,,,,
002180,分红,2022-07-07,0,0.0,1.0,实施,2022-07-13,2022-07-12,,,,,,,,,
002180,分红,2023-06-16,0,0.0,1.2,实施,2023-06-26,2023-06-21,,,,,,,,,
002184,分红,2026-04-28,0,0.0,0.0,不分配,,,,,,,,,,,
002184,分红,2025-04-28,0,0.0,0.0,不分配,,,,,,,,,,,
002184,分红,2019-03-30,0,0.0,0.0,不分配,,,,,,,,,,,
002184,分红,2008-06-12,0,10.0,1.0,实施,2008-06-19,2008-06-18,,,,,,,,,
002184,分红,2009-07-08,0,0.0,1.0,实施,2009-07-14,2009-07-13,,,,,,,,,
002184,分红,2010-07-03,0,0.0,0.5,实施,2010-07-09,2010-07-08,,,,,,,,,
002184,分红,2011-06-30,0,0.0,0.5,实施,2011-07-07,2011-07-06,,,,,,,,,
002184,分红,2012-07-12,0,0.0,0.5,实施,2012-07-19,2012-07-18,,,,,,,,,
002184,分红,2013-06-20,0,0.0,0.5,实施,2013-06-27,2013-06-26,,,,,,,,,
002184,分红,2014-06-06,0,0.0,1.0,实施,2014-06-13,2014-06-12,,,,,,,,,
002184,分红,2015-06-03,0,0.0,1.5,实施,2015-06-09,2015-06-08,,,,,,,,,
002184,分红,2016-04-13,0,0.0,1.5,实施,2016-04-20,2016-04-19,,,,,,,,,
002184,分红,2017-05-04,0,0.0,1.0,实施,2017-05-10,2017-05-09,,,,,,,,,
002184,分红,2018-04-24,0,0.0,1.0,实施,2018-05-03,2018-05-02,,,,,,,,,
002184,分红,2020-06-29,0,0.0,1.0,实施,2020-07-06,2020-07-03,,,,,,,,,
002184,分红,2021-06-09,0,4.7,1.0,实施,2021-06-16,2021-06-15,,,,,,,,,
002184,分红,2022-07-16,0,0.0,2.0,实施,2022-07-22,2022-07-21,,,,,,,,,
002184,分红,2023-07-13,0,0.0,1.0,实施,2023-07-20,2023-07-19,,,,,,,,,
002184,分红,2024-07-25,0,0.0,1.0,实施,2024-08-02,2024-08-01,,,,,,,,,
002188,分红,2026-04-27,0,0,0.0,不分配,,,,,,,,,,,
002188,分红,2025-02-26,0,0,0.0,不分配,,,,,,,,,,,
002188,分红,2024-03-13,0,0,0.0,不分配,,,,,,,,,,,
002188,分红,2023-03-18,0,0,0.0,不分配,,,,,,,,,,,
002188,分红,2022-01-29,0,0,0.0,不分配,,,,,,,,,,,
002188,分红,2021-02-06,0,0,0.0,不分配,,,,,,,,,,,
002188,分红,2020-04-25,0,0,0.0,不分配,,,,,,,,,,,
002188,分红,2019-01-31,0,0,0.0,不分配,,,,,,,,,,,
002188,分红,2018-04-27,0,0,0.0,不分配,,,,,,,,,,,
002188,分红,2017-04-27,0,0,0.0,不分配,,,,,,,,,,,
002188,分红,2016-03-17,0,0,0.0,不分配,,,,,,,,,,,
002188,分红,2015-02-12,0,0,0.0,不分配,,,,,,,,,,,
002188,分红,2014-04-18,0,0,0.0,不分配,,,,,,,,,,,
002188,分红,2013-04-17,0,0,0.0,不分配,,,,,,,,,,,
002188,分红,2012-04-18,0,0,0.0,不分配,,,,,,,,,,,
002188,分红,2011-04-22,0,0,0.0,不分配,,,,,,,,,,,
002188,分红,2008-06-13,0,0,1.5,实施,2008-06-19,2008-06-18,,,,,,,,,
002188,分红,2009-04-16,0,5,0.0,实施,2009-04-22,2009-04-21,2009-04-22,,,,,,,,
002188,分红,2010-05-06,0,3,0.5,实施,2010-05-13,2010-05-12,,,,,,,,,
002193,分红,2026-04-28,0,0,0.0,不分配,,,,,,,,,,,
002193,分红,2025-04-29,0,0,0.0,不分配,,,,,,,,,,,
002193,分红,2024-04-30,0,0,0.0,不分配,,,,,,,,,,,
002193,分红,2023-04-29,0,0,0.0,不分配,,,,,,,,,,,
002193,分红,2020-05-28,0,0,0.0,不分配,,,,,,,,,,,
002193,分红,2013-04-26,0,0,0.0,不分配,,,,,,,,,,,
002193,分红,2012-04-17,0,0,0.0,不分配,,,,,,,,,,,
002193,分红,2008-05-09,3,7,1.0,实施,2008-05-16,2008-05-15,,,,,,,,,
002193,分红,2009-07-04,0,0,0.5,实施,2009-07-10,2009-07-09,,,,,,,,,
002193,分红,2010-06-25,0,0,0.6,实施,2010-07-02,2010-07-01,,,,,,,,,
002193,分红,2011-06-30,0,0,0.6,实施,2011-07-06,2011-07-05,,,,,,,,,
002193,分红,2014-07-11,0,0,0.1,实施,2014-07-18,2014-07-17,,,,,,,,,
002193,分红,2015-07-15,0,0,0.12,实施,2015-07-21,2015-07-20,,,,,,,,,
002193,分红,2016-04-21,0,0,0.15,实施,2016-04-29,2016-04-28,,,,,,,,,
002193,分红,2017-05-26,0,0,0.2,实施,2017-06-06,2017-06-05,,,,,,,,,
002193,分红,2018-06-01,0,0,1.0,实施,2018-06-11,2018-06-08,,,,,,,,,
002193,分红,2019-06-04,0,0,0.5,实施,2019-06-12,2019-06-11,,,,,,,,,
002193,分红,2021-07-13,0,0,0.1,实施,2021-07-20,2021-07-19,,,,,,,,,
002193,分红,2022-07-09,0,0,0.11,实施,2022-07-15,2022-07-14,,,,,,,,,
002195,分红,2025-04-22,0,0,0.0,不分配,,,,,,,,,,,
002195,分红,2021-04-29,0,0,0.0,不分配,,,,,,,,,,,
002195,分红,2008-05-17,0,3,1.0,实施,2008-05-26,2008-05-23,,,,,,,,,
002195,分红,2009-05-20,0,0,1.0,实施,2009-05-27,2009-05-26,,,,,,,,,
002195,分红,2010-05-18,0,0,1.0,实施,2010-05-25,2010-05-24,,,,,,,,,
002195,分红,2011-05-21,0,5,1.0,实施,2011-05-27,2011-05-26,,,,,,,,,
002195,分红,2012-05-17,0,0,1.0,实施,2012-05-23,2012-05-22,,,,,,,,,
002195,分红,2013-05-16,0,0,1.0,实施,2013-05-23,2013-05-22,,,,,,,,,
002195,分红,2014-03-10,0,0,1.0,实施,2014-03-14,2014-03-13,,,,,,,,,
002195,分红,2015-03-10,0,15,1.0,实施,2015-03-17,2015-03-16,,,,,,,,,
002195,分红,2016-05-25,0,10,1.0,实施,2016-06-01,2016-05-31,,,,,,,,,
002195,分红,2017-04-11,0,7,0.5,实施,2017-04-18,2017-04-17,,,,,,,,,
002195,分红,2018-06-13,0,3,0.3,实施,2018-06-21,2018-06-20,,,,,,,,,
002195,分红,2019-06-03,0,3,0.3,实施,2019-06-11,2019-06-10,,,,,,,,,
002195,分红,2020-06-04,0,0,0.15,实施,2020-06-11,2020-06-10,,,,,,,,,
002195,分红,2022-06-01,0,0,0.2,实施,2022-06-09,2022-06-08,,,,,,,,,
002195,分红,2023-06-16,0,0,0.2,实施,2023-06-28,2023-06-27,,,,,,,,,
002195,分红,2024-05-18,0,0,0.1,实施,2024-05-24,2024-05-23,,,,,,,,,
002195,分红,2026-05-26,0,0,0.02,实施,2026-06-02,2026-06-01,,,,,,,,,
002196,分红,2026-04-15,0,0,0.0,不分配,,,,,,,,,,,
002196,分红,2025-04-16,0,0,0.0,不分配,,,,,,,,,,,
002196,分红,2024-04-30,0,0,0.0,不分配,,,,,,,,,,,
002196,分红,2023-04-29,0,0,0.0,不分配,,,,,,,,,,,
002196,分红,2022-04-15,0,0,0.0,不分配,,,,,,,,,,,
002196,分红,2021-04-30,0,0,0.0,不分配,,,,,,,,,,,
002196,分红,2020-04-28,0,0,0.0,不分配,,,,,,,,,,,
002196,分红,2019-04-29,0,0,0.0,不分配,,,,,,,,,,,
002196,分红,2008-05-20,0,0,3.0,实施,2008-05-28,2008-05-27,,,,,,,,,
002196,分红,2009-05-15,0,0,1.2,实施,2009-05-22,2009-05-21,,,,,,,,,
002196,分红,2010-05-27,0,0,1.0,实施,2010-06-04,2010-06-03,,,,,,,,,
002196,分红,2011-04-19,0,5,1.5,实施,2011-04-26,2011-04-25,,,,,,,,,
002196,分红,2012-05-02,0,0,1.5,实施,2012-05-08,2012-05-07,,,,,,,,,
002196,分红,2013-06-01,0,0,1.5,实施,2013-06-07,2013-06-06,,,,,,,,,
002196,分红,2014-04-18,0,0,1.0,实施,2014-04-25,2014-04-24,,,,,,,,,
002196,分红,2015-07-08,0,0,1.0,实施,2015-07-15,2015-07-14,,,,,,,,,
002196,分红,2016-04-26,0,0,1.0,实施,2016-05-05,2016-05-04,,,,,,,,,
002196,分红,2017-06-03,0,7,0.5,实施,2017-06-09,2017-06-08,,,,,,,,,
002196,分红,2018-07-06,0,0,0.5,实施,2018-07-13,2018-07-12,,,,,,,,,
002201,分红,2025-12-05,0,0,0.1,预案,,,,,,,,,,,
002201,分红,2019-04-29,0,0,0.0,不分配,,,,,,,,,,,
002201,分红,2018-04-28,0,0,0.0,不分配,,,,,,,,,,,
002201,分红,2014-04-25,0,0,0.0,不分配,,,,,,,,,,,
002201,分红,2013-04-24,0,0,0.0,不分配,,,,,,,,,,,
002201,分红,2012-03-31,0,0,0.0,不分配,,,,,,,,,,,
002201,分红,2009-04-10,0,0,0.0,不分配,,,,,,,,,,,
002201,分红,2008-05-20,1,2,0.112,实施,2008-05-27,2008-05-26,,,,,,,,,
002201,分红,2010-04-27,0,3,1.0,实施,2010-05-05,2010-05-04,,,,,,,,,
002201,分红,2011-05-31,0,3,0.0,实施,2011-06-08,2011-06-07,2011-06-08,,,,,,,,
002201,分红,2012-11-05,0,0,0.1,实施,2012-11-09,2012-11-08,,,,,,,,,
002201,分红,2014-10-15,0,3,0.15,实施,2014-10-21,2014-10-20,,,,,,,,,
002201,分红,2015-04-17,0,0,0.06,实施,2015-04-24,2015-04-23,,,,,,,,,
002201,分红,2016-07-06,0,0,0.12,实施,2016-07-12,2016-07-11,,,,,,,,,
002201,分红,2017-06-02,0,3,0.0,实施,2017-06-08,2017-06-07,2017-06-08,,,,,,,,
002201,分红,2020-06-24,0,0,0.15,实施,2020-07-03,2020-07-02,,,,,,,,,
002201,分红,2021-06-08,0,4,0.11,实施,2021-06-16,2021-06-15,,,,,,,,,
002201,分红,2022-06-30,0,4,0.17,实施,2022-07-06,2022-07-05,,,,,,,,,
002201,分红,2023-06-14,0,0,0.05,实施,2023-06-26,2023-06-21,,,,,,,,,
002201,分红,2024-07-18,0,0,0.05,实施,2024-07-26,2024-07-25,,,,,,,,,
002201,分红,2025-07-01,0,0,0.14,实施,2025-07-07,2025-07-04,,,,,,,,,
002201,分红,2026-01-05,0,0,0.1,实施,2026-01-09,2026-01-08,,,,,,,,,
002201,分红,2026-06-12,0,0,0.15,实施,2026-06-18,2026-06-17,,,,,,,,,
002209,分红,2022-04-15,0,0,0.0,不分配,,,,,,,,,,,
002209,分红,2020-04-28,0,0,0.0,不分配,,,,,,,,,,,
002209,分红,2017-04-18,0,0,0.0,不分配,,,,,,,,,,,
002209,分红,2008-05-10,0,0,0.5,实施,2008-05-16,2008-05-15,,,,,,,,,
002209,分红,2009-06-15,0,0,0.5,实施,2009-06-19,2009-06-18,,,,,,,,,
002209,分红,2010-04-29,0,5,1.0,实施,2010-05-06,2010-05-05,,,,,,,,,
002209,分红,2011-05-24,0,0,0.5,实施,2011-05-31,2011-05-30,,,,,,,,,
002209,分红,2012-05-17,0,0,0.5,实施,2012-05-24,2012-05-23,,,,,,,,,
002209,分红,2013-05-16,0,0,0.3,实施,2013-05-23,2013-05-22,,,,,,,,,
002209,分红,2014-05-28,0,0,0.2,实施,2014-06-04,2014-06-03,,,,,,,,,
002209,分红,2015-06-11,0,0,0.1,实施,2015-06-18,2015-06-17,,,,,,,,,
002209,分红,2016-04-27,0,0,0.1,实施,2016-05-06,2016-05-05,,,,,,,,,
002209,分红,2018-06-12,0,0,0.12,实施,2018-06-21,2018-06-20,,,,,,,,,
002209,分红,2019-06-19,0,0,0.06,实施,2019-06-27,2019-06-26,,,,,,,,,
002209,分红,2021-06-10,0,0,0.1,实施,2021-06-17,2021-06-16,,,,,,,,,
002209,分红,2023-07-14,0,0,0.13,实施,2023-07-20,2023-07-19,,,,,,,,,
002209,分红,2024-06-22,0,0,0.24,实施,2024-06-28,2024-06-27,,,,,,,,,
002209,分红,2025-05-29,0,0,0.52,实施,2025-06-06,2025-06-05,,,,,,,,,
002209,分红,2026-06-22,0,0,0.8,实施,2026-06-26,2026-06-25,,,,,,,,,
002224,分红,2009-06-23,0,2,0.5,实施,2009-07-01,2009-06-30,,,,,,,,,
002224,分红,2010-06-21,0,5,1.0,实施,2010-06-25,2010-06-24,,,,,,,,,
002224,分红,2011-05-25,0,2,0.5,实施,2011-05-31,2011-05-30,,,,,,,,,
002224,分红,2012-04-27,0,0,1.0,实施,2012-05-09,2012-05-08,,,,,,,,,
002224,分红,2013-05-06,0,0,1.0,实施,2013-05-10,2013-05-09,,,,,,,,,
002224,分红,2013-09-12,0,5,0.0,实施,2013-09-18,2013-09-17,2013-09-18,,,,,,,,
002224,分红,2014-05-21,3,7,1.0,实施,2014-05-27,2014-05-26,,,,,,,,,
002224,分红,2015-06-10,0,0,1.0,实施,2015-06-16,2015-06-15,,,,,,,,,
002224,分红,2016-05-17,0,0,1.0,实施,2016-05-23,2016-05-20,,,,,,,,,
002224,分红,2017-05-13,0,0,1.0,实施,2017-05-19,2017-05-18,,,,,,,,,
002224,分红,2018-05-17,0,0,0.5,实施,2018-05-23,2018-05-22,,,,,,,,,
002224,分红,2019-05-28,0,0,0.15,实施,2019-06-04,2019-06-03,,,,,,,,,
002224,分红,2020-07-18,0,0,0.2,实施,2020-07-24,2020-07-23,,,,,,,,,
002224,分红,2021-06-16,0,0,0.2,实施,2021-06-22,2021-06-21,,,,,,,,,
002224,分红,2022-06-17,0,0,0.2,实施,2022-06-23,2022-06-22,,,,,,,,,
002224,分红,2023-06-09,0,0,0.5,实施,2023-06-16,2023-06-15,,,,,,,,,
002224,分红,2024-06-13,0,0,0.3,实施,2024-06-19,2024-06-18,,,,,,,,,
002224,分红,2025-06-03,0,0,0.3,实施,2025-06-10,2025-06-09,,,,,,,,,
002224,分红,2026-06-10,0,0,0.15,实施,2026-06-16,2026-06-15,,,,,,,,,
002239,分红,2023-04-28,0,0,0.0,不分配,,,,,,,,,,,
002239,分红,2022-04-30,0,0,0.0,不分配,,,,,,,,,,,
002239,分红,2021-04-29,0,0,0.0,不分配,,,,,,,,,,,
002239,分红,2019-04-25,0,0,0.0,不分配,,,,,,,,,,,
002239,分红,2016-04-22,0,0,0.0,不分配,,,,,,,,,,,
002239,分红,2015-04-28,0,0,0.0,不分配,,,,,,,,,,,
002239,分红,2009-06-03,0,5,1.0,实施,2009-06-09,2009-06-08,,,,,,,,,
002239,分红,2010-05-27,0,0,0.5,实施,2010-06-03,2010-06-02,,,,,,,,,
002239,分红,2011-06-10,0,0,0.2,实施,2011-06-17,2011-06-16,,,,,,,,,
002239,分红,2012-06-12,0,0,0.2,实施,2012-06-19,2012-06-18,,,,,,,,,
002239,分红,2013-05-29,0,0,0.2,实施,2013-06-06,2013-06-05,,,,,,,,,
002239,分红,2014-07-11,1,10,0.3,实施,2014-07-18,2014-07-17,,,,,,,,,
002239,分红,2015-11-07,0,0,0.1,实施,2015-11-13,2015-11-12,,,,,,,,,
002239,分红,2017-06-14,0,18,0.6,实施,2017-06-20,2017-06-19,,,,,,,,,
002239,分红,2018-06-23,0,0,0.15,实施,2018-06-29,2018-06-28,,,,,,,,,
002239,分红,2020-06-18,0,0,0.04,实施,2020-06-29,2020-06-24,,,,,,,,,
002239,分红,2024-06-28,0,0,0.085,实施,2024-07-05,2024-07-04,,,,,,,,,
002239,分红,2025-07-01,0,0,0.031,实施,2025-07-08,2025-07-07,,,,,,,,,
002239,分红,2026-06-16,0,0,0.060853,实施,2026-06-24,2026-06-23,,,,,,,,,
002247,分红,2026-04-22,0,0,0.0,不分配,,,,,,,,,,,
002247,分红,2025-04-16,0,0,0.0,不分配,,,,,,,,,,,
002247,分红,2024-04-20,0,0,0.0,不分配,,,,,,,,,,,
002247,分红,2023-03-31,0,0,0.0,不分配,,,,,,,,,,,
002247,分红,2022-03-31,0,0,0.0,不分配,,,,,,,,,,,
002247,分红,2021-04-22,0,0,0.0,不分配,,,,,,,,,,,
002247,分红,2020-04-30,0,0,0.0,不分配,,,,,,,,,,,
002247,分红,2019-04-30,0,0,0.0,不分配,,,,,,,,,,,
002247,分红,2009-05-15,0,0,1.0,实施,2009-05-22,2009-05-21,,,,,,,,,
002247,分红,2010-05-10,0,5,2.0,实施,2010-05-14,2010-05-13,,,,,,,,,
002247,分红,2011-06-17,0,0,3.0,实施,2011-06-24,2011-06-23,,,,,,,,,
002247,分红,2012-05-17,0,0,1.0,实施,2012-05-24,2012-05-23,,,,,,,,,
002247,分红,2013-05-23,0,0,1.0,实施,2013-05-29,2013-05-28,,,,,,,,,
002247,分红,2014-04-03,0,10,1.0,实施,2014-04-10,2014-04-09,,,,,,,,,
002247,分红,2015-05-12,0,0,1.0,实施,2015-05-19,2015-05-18,,,,,,,,,
002247,分红,2016-04-02,0,10,2.0,实施,2016-04-11,2016-04-08,,,,,,,,,
002247,分红,2017-06-13,0,0,1.0,实施,2017-06-20,2017-06-19,,,,,,,,,
002247,分红,2018-08-21,0,0,0.7,实施,2018-08-28,2018-08-27,,,,,,,,,
002270,分红,2026-08-29,0,0,2.6,预案,,,,,,,,,,,
002270,分红,2017-04-26,0,0,0.0,不分配,,,,,,,,,,,
002270,分红,2009-05-05,0,0,1.0,实施,2009-05-12,2009-05-11,,,,,,,,,
002270,分红,2010-05-07,0,0,2.0,实施,2010-05-14,2010-05-13,,,,,,,,,
002270,分红,2011-05-20,0,0,1.0,实施,2011-05-27,2011-05-26,,,,,,,,,
002270,分红,2012-03-07,0,3,0.5,实施,2012-03-13,2012-03-12,,,,,,,,,
002270,分红,2013-06-14,0,0,0.5,实施,2013-06-20,2013-06-19,,,,,,,,,
002270,分红,2014-04-25,0,0,0.5,实施,2014-05-05,2014-04-30,,,,,,,,,
002270,分红,2015-03-13,0,0,0.5,实施,2015-03-20,2015-03-19,,,,,,,,,
002270,分红,2016-06-18,0,0,0.8,实施,2016-06-24,2016-06-23,,,,,,,,,
002270,分红,2018-06-22,0,5,1.2,实施,2018-06-29,2018-06-28,,,,,,,,,
002270,分红,2019-07-04,0,0,0.43,实施,2019-07-10,2019-07-09,,,,,,,,,
002270,分红,2020-06-04,0,0,0.42,实施,2020-06-10,2020-06-09,,,,,,,,,
002270,分红,2020-09-09,0,0,0.5,实施,2020-09-16,2020-09-15,,,,,,,,,
002270,分红,2021-06-02,0,0,0.27,实施,2021-06-09,2021-06-08,,,,,,,,,
002270,分红,2021-10-15,0,0,1.6,实施,2021-10-22,2021-10-21,,,,,,,,,
002270,分红,2022-05-17,0,0,1.4,实施,2022-05-23,2022-05-20,,,,,,,,,
002270,分红,2022-09-16,0,0,2.6,实施,2022-09-22,2022-09-21,,,,,,,,,
002270,分红,2023-05-09,0,0,3.0,实施,2023-05-15,2023-05-12,,,,,,,,,
002270,分红,2023-08-31,0,0,2.7,实施,2023-09-06,2023-09-05,,,,,,,,,
002270,分红,2024-05-21,0,0,5.5,实施,2024-05-27,2024-05-24,,,,,,,,,
002270,分红,2024-09-24,0,0,2.7,实施,2024-09-30,2024-09-27,,,,,,,,,
002270,分红,2024-12-31,0,0,0.56,实施,2025-01-07,2025-01-06,,,,,,,,,
002270,分红,2025-07-03,0,0,2.2,实施,2025-07-09,2025-07-08,,,,,,,,,
002270,分红,2025-09-04,0,0,2.0,实施,2025-09-10,2025-09-09,,,,,,,,,
002270,分红,2025-11-19,0,0,2.0,实施,2025-11-25,2025-11-24,,,,,,,,,
002270,分红,2026-04-24,0,0,2.1,实施,2026-04-30,2026-04-29,,,,,,,,,
002319,分红,2026-04-24,0,0,0.0,不分配,,,,,,,,,,,
002319,分红,2025-04-28,0,0,0.0,不分配,,,,,,,,,,,
002319,分红,2024-04-27,0,0,0.0,不分配,,,,,,,,,,,
002319,分红,2023-04-22,0,0,0.0,不分配,,,,,,,,,,,
002319,分红,2022-03-31,0,0,0.0,不分配,,,,,,,,,,,
002319,分红,2021-02-27,0,0,0.0,不分配,,,,,,,,,,,
002319,分红,2020-04-25,0,0,0.0,不分配,,,,,,,,,,,
002319,分红,2019-04-27,0,0,0.0,不分配,,,,,,,,,,,
002319,分红,2017-03-25,0,0,0.0,不分配,,,,,,,,,,,
002319,分红,2010-04-15,0,0,1.0,实施,2010-04-21,2010-04-20,,,,,,,,,
002319,分红,2011-06-21,0,0,1.0,实施,2011-06-27,2011-06-24,,,,,,,,,
002319,分红,2012-07-06,0,0,0.5,实施,2012-07-12,2012-07-11,,,,,,,,,
002319,分红,2013-02-22,0,10,1.0,实施,2013-03-04,2013-03-01,,,,,,,,,
002319,分红,2014-06-14,0,0,0.3,实施,2014-06-20,2014-06-19,,,,,,,,,
002319,分红,2015-06-12,0,0,0.1,实施,2015-06-19,2015-06-18,,,,,,,,,
002319,分红,2016-07-15,0,0,0.05,实施,2016-07-22,2016-07-21,,,,,,,,,
002319,分红,2018-06-29,0,0,0.162,实施,2018-07-06,2018-07-05,,,,,,,,,
002323,分红,2026-04-29,0,0.0,0.0,不分配,,,,,,,,,,,
002323,分红,2025-04-29,0,0.0,0.0,不分配,,,,,,,,,,,
002323,分红,2024-03-30,0,0.0,0.0,不分配,,,,,,,,,,,
002323,分红,2023-04-15,0,0.0,0.0,不分配,,,,,,,,,,,
002323,分红,2022-03-05,0,0.0,0.0,不分配,,,,,,,,,,,
002323,分红,2021-04-30,0,0.0,0.0,不分配,,,,,,,,,,,
002323,分红,2020-04-30,0,0.0,0.0,不分配,,,,,,,,,,,
002323,分红,2019-04-27,0,0.0,0.0,不分配,,,,,,,,,,,
002323,分红,2018-04-26,0,0.0,0.35,预案,,,,,,,,,,,
002323,分红,2015-01-20,0,0.0,0.0,不分配,,,,,,,,,,,
002323,分红,2010-04-24,0,0.0,6.0,实施,2010-04-30,2010-04-29,,,,,,,,,
002323,分红,2011-06-29,0,0.0,3.0,实施,2011-07-06,2011-07-05,,,,,,,,,
002323,分红,2012-04-27,0,0.0,6.0,实施,2012-05-08,2012-05-07,,,,,,,,,
002323,分红,2013-05-10,0,3.0,4.0,实施,2013-05-17,2013-05-16,,,,,,,,,
002323,分红,2014-04-23,0,0.0,1.5,实施,2014-04-30,2014-04-29,,,,,,,,,
002323,分红,2016-04-21,0,20.0,1.08,实施,2016-04-27,2016-04-26,,,,,,,,,
002323,分红,2017-07-18,0,0.0,0.34,实施,2017-07-26,2017-07-25,,,,,,,,,
002323,分红,2021-12-27,0,18.44,0.0,实施,2022-01-06,2021-12-30,2022-01-06,,,,,,,,
002331,分红,2026-04-23,0,0,0.0,不分配,,,,,,,,,,,
002331,分红,2024-04-27,0,0,0.0,不分配,,,,,,,,,,,
002331,分红,2023-04-26,0,0,0.0,不分配,,,,,,,,,,,
002331,分红,2022-04-27,0,0,0.0,不分配,,,,,,,,,,,
002331,分红,2021-04-28,0,0,0.0,不分配,,,,,,,,,,,
002331,分红,2018-04-17,0,0,0.0,不分配,,,,,,,,,,,
002331,分红,2010-04-29,0,3,5.0,实施,2010-05-07,2010-05-06,,,,,,,,,
002331,分红,2011-03-30,0,7,2.0,实施,2011-04-08,2011-04-07,,,,,,,,,
002331,分红,2012-04-26,0,0,1.5,实施,2012-05-07,2012-05-04,,,,,,,,,
002331,分红,2013-04-27,0,6,1.0,实施,2013-05-09,2013-05-08,,,,,,,,,
002331,分红,2014-04-09,0,0,0.2,实施,2014-04-15,2014-04-14,,,,,,,,,
002331,分红,2015-03-19,0,2,0.5,实施,2015-03-26,2015-03-25,,,,,,,,,
002331,分红,2016-05-06,0,2,0.5,实施,2016-05-12,2016-05-11,,,,,,,,,
002331,分红,2017-04-07,0,0,0.5,实施,2017-04-14,2017-04-13,,,,,,,,,
002331,分红,2019-06-18,0,0,0.3,实施,2019-06-25,2019-06-24,,,,,,,,,
002331,分红,2020-07-24,0,0,0.7,实施,2020-07-31,2020-07-30,,,,,,,,,
002331,分红,2025-06-06,0,0,0.3,实施,2025-06-13,2025-06-12,,,,,,,,,
002352,分红,2010-06-30,0,0,4.5,实施,2010-07-06,2010-07-05,,,,,,,,,
002352,分红,2010-10-14,0,0,2.0,实施,2010-10-21,2010-10-20,,,,,,,,,
002352,分红,2011-05-18,0,0,5.0,实施,2011-05-25,2011-05-24,,,,,,,,,
002352,分红,2012-05-18,0,0,4.5,实施,2012-05-24,2012-05-23,,,,,,,,,
002352,分红,2012-09-21,0,0,2.5,实施,2012-09-27,2012-09-26,,,,,,,,,
002352,分红,2013-06-14,0,0,1.0,实施,2013-06-20,2013-06-19,,,,,,,,,
002352,分红,2013-11-08,0,0,2.5,实施,2013-11-14,2013-11-13,,,,,,,,,
002352,分红,2014-05-15,0,0,1.0,实施,2014-05-22,2014-05-21,,,,,,,,,
002352,分红,2014-09-30,0,0,3.0,实施,2014-10-14,2014-10-13,,,,,,,,,
002352,分红,2015-07-10,0,5,0.0,实施,2015-07-16,2015-07-15,2015-07-16,,,,,,,,
002352,分红,2015-09-23,0,0,3.0,实施,2015-09-30,2015-09-29,,,,,,,,,
002352,分红,2016-05-19,0,10,1.4,实施,2016-05-26,2016-05-25,,,,,,,,,
002352,分红,2017-04-08,0,0,1.0,实施,2017-04-17,2017-04-14,,,,,,,,,
002352,分红,2018-04-10,0,0,2.2,实施,2018-04-16,2018-04-13,,,,,,,,,
002352,分红,2019-04-12,0,0,2.1,实施,2019-04-18,2019-04-17,,,,,,,,,
002352,分红,2020-04-17,0,0,2.7,实施,2020-04-24,2020-04-23,,,,,,,,,
002352,分红,2021-04-13,0,0,3.3,实施,2021-04-20,2021-04-19,,,,,,,,,
002352,分红,2022-06-08,0,0,1.8,实施,2022-06-15,2022-06-14,,,,,,,,,
002352,分红,2023-05-06,0,0,2.5,实施,2023-05-12,2023-05-11,,,,,,,,,
002352,分红,2024-05-07,0,0,6.0,实施,2024-05-14,2024-05-13,,,,,,,,,
002352,分红,2024-10-31,0,0,4.0,实施,2024-11-07,2024-11-06,,,,,,,,,
002352,分红,2025-07-09,0,0,4.4,实施,2025-07-17,2025-07-16,,,,,,,,,
002352,分红,2025-09-10,0,0,4.6,实施,2025-09-16,2025-09-15,,,,,,,,,
002352,分红,2026-05-12,0,0,4.3,实施,2026-05-19,2026-05-18,,,,,,,,,
002352,分红,2026-09-09,0,0,4.9,实施,2026-09-17,2026-09-16,,,,,,,,,
002354,分红,2026-04-21,0,0.0,0.0,不分配,,,,,,,,,,,
002354,分红,2025-04-18,0,0.0,0.0,不分配,,,,,,,,,,,
002354,分红,2024-04-25,0,0.0,0.0,不分配,,,,,,,,,,,
002354,分红,2023-04-12,0,0.0,0.0,不分配,,,,,,,,,,,
002354,分红,2022-04-16,0,0.0,0.0,不分配,,,,,,,,,,,
002354,分红,2021-04-29,0,0.0,0.0,不分配,,,,,,,,,,,
002354,分红,2020-12-02,0,7.84,0.0,实施,,2020-12-07,,,,,,,,,
002354,分红,2020-04-30,0,0.0,0.0,不分配,,,,,,,,,,,
002354,分红,2019-04-30,0,0.0,0.0,不分配,,,,,,,,,,,
002354,分红,2011-04-16,0,0.0,0.0,不分配,,,,,,,,,,,
002354,分红,2010-04-08,0,0.0,0.0,不分配,,,,,,,,,,,
002354,分红,2012-08-14,0,0.0,1.0,实施,2012-08-20,2012-08-17,,,,,,,,,
002354,分红,2013-07-24,0,0.0,0.3,实施,2013-07-31,2013-07-30,,,,,,,,,
002354,分红,2014-04-23,0,0.0,0.1,实施,2014-04-30,2014-04-29,,,,,,,,,
002354,分红,2015-04-23,0,0.0,1.04,实施,2015-04-29,2015-04-28,,,,,,,,,
002354,分红,2016-05-13,0,0.0,2.48,实施,2016-05-20,2016-05-19,,,,,,,,,
002354,分红,2017-05-06,0,18.0,4.1226,实施,2017-05-12,2017-05-11,,,,,,,,,
002354,分红,2018-06-26,0,0.0,0.2,实施,2018-07-02,2018-06-29,,,,,,,,,
002361,分红,2026-04-28,0,0,0.0,不分配,,,,,,,,,,,
002361,分红,2015-03-18,0,0,0.0,不分配,,,,,,,,,,,
002361,分红,2012-03-15,0,0,0.0,不分配,,,,,,,,,,,
002361,分红,2010-04-13,0,0,0.0,不分配,,,,,,,,,,,
002361,分红,2011-05-24,0,10,1.5,实施,2011-05-30,2011-05-27,,,,,,,,,
002361,分红,2013-04-09,2,8,2.0,实施,2013-04-16,2013-04-15,,,,,,,,,
002361,分红,2014-04-22,0,0,1.0,实施,2014-04-28,2014-04-25,,,,,,,,,
002361,分红,2016-06-01,0,10,1.0,实施,2016-06-08,2016-06-07,,,,,,,,,
002361,分红,2017-07-10,0,0,0.5,实施,2017-07-17,2017-07-14,,,,,,,,,
002361,分红,2018-05-15,0,0,0.5,实施,2018-05-21,2018-05-18,,,,,,,,,
002361,分红,2019-06-11,0,0,1.0,实施,2019-06-17,2019-06-14,,,,,,,,,
002361,分红,2020-06-05,0,0,1.0,实施,2020-06-11,2020-06-10,,,,,,,,,
002361,分红,2021-05-26,0,0,1.0,实施,2021-06-01,2021-05-31,,,,,,,,,
002361,分红,2022-05-24,0,0,1.0,实施,2022-05-31,2022-05-30,,,,,,,,,
002361,分红,2023-07-05,0,0,1.0,实施,2023-07-12,2023-07-11,,,,,,,,,
002361,分红,2024-06-04,0,0,1.0,实施,2024-06-12,2024-06-11,,,,,,,,,
002361,分红,2025-07-11,0,0,0.5,实施,2025-07-21,2025-07-18,,,,,,,,,
002364,分红,2023-04-29,0,0,0.0,不分配,,,,,,,,,,,
002364,分红,2010-03-24,0,0,0.0,不分配,,,,,,,,,,,
002364,分红,2010-08-19,0,0,2.0,实施,2010-08-25,2010-08-24,,,,,,,,,
002364,分红,2011-05-23,0,5,2.0,实施,2011-05-27,2011-05-26,,,,,,,,,
002364,分红,2012-03-27,0,0,1.5,实施,2012-04-05,2012-03-30,,,,,,,,,
002364,分红,2013-04-24,0,10,1.5,实施,2013-05-06,2013-05-03,,,,,,,,,
002364,分红,2014-05-09,0,0,1.0,实施,2014-05-15,2014-05-14,,,,,,,,,
002364,分红,2015-05-13,2,8,0.3,实施,2015-05-19,2015-05-18,,,,,,,,,
002364,分红,2016-04-25,0,0,0.3,实施,2016-05-03,2016-04-29,,,,,,,,,
002364,分红,2017-06-06,0,0,1.0,实施,2017-06-13,2017-06-12,,,,,,,,,
002364,分红,2018-05-05,0,0,1.0,实施,2018-05-14,2018-05-11,,,,,,,,,
002364,分红,2019-05-28,0,0,1.0,实施,2019-06-04,2019-06-03,,,,,,,,,
002364,分红,2020-06-05,0,0,1.0,实施,2020-06-12,2020-06-11,,,,,,,,,
002364,分红,2021-06-16,0,0,1.0,实施,2021-06-24,2021-06-23,,,,,,,,,
002364,分红,2022-06-15,0,0,1.0,实施,2022-06-22,2022-06-21,,,,,,,,,
002364,分红,2024-06-21,0,0,0.5,实施,2024-06-28,2024-06-27,,,,,,,,,
002364,分红,2025-06-20,0,0,1.0,实施,2025-06-27,2025-06-26,,,,,,,,,
002364,分红,2026-06-13,0,0,1.0,实施,2026-06-22,2026-06-18,,,,,,,,,
002373,分红,2025-12-27,0,0,0.2,预案,,,,,,,,,,,
002373,分红,2025-04-19,0,0,0.0,不分配,,,,,,,,,,,
002373,分红,2023-04-20,0,0,0.0,不分配,,,,,,,,,,,
002373,分红,2022-03-30,0,0,0.0,不分配,,,,,,,,,,,
002373,分红,2014-04-10,0,0,0.0,不分配,,,,,,,,,,,
002373,分红,2012-03-30,0,0,0.0,不分配,,,,,,,,,,,
002373,分红,2011-07-07,0,0,1.0,实施,2011-07-14,2011-07-13,,,,,,,,,
002373,分红,2013-05-21,0,10,0.0,实施,2013-05-27,2013-05-24,2013-05-27,,,,,,,,
002373,分红,2015-07-10,0,0,1.0,实施,2015-07-16,2015-07-15,,,,,,,,,
002373,分红,2016-05-04,0,10,1.0,实施,2016-05-10,2016-05-09,,,,,,,,,
002373,分红,2017-07-04,0,0,0.5,实施,2017-07-11,2017-07-10,,,,,,,,,
002373,分红,2018-06-01,0,0,0.4,实施,2018-06-07,2018-06-06,,,,,,,,,
002373,分红,2019-05-15,0,0,0.55,实施,2019-05-22,2019-05-21,,,,,,,,,
002373,分红,2020-07-01,0,0,0.7,实施,2020-07-07,2020-07-06,,,,,,,,,
002373,分红,2021-06-04,0,0,0.701002,实施,2021-06-11,2021-06-10,,,,,,,,,
002373,分红,2024-06-08,0,0,0.5,实施,2024-06-17,2024-06-14,,,,,,,,,
002373,分红,2026-01-20,0,0,0.2,实施,2026-01-26,2026-01-23,,,,,,,,,
002373,分红,2026-05-13,0,0,0.32,实施,2026-05-19,2026-05-18,,,,,,,,,
002374,分红,2026-04-20,0,0,0.0,不分配,,,,,,,,,,,
002374,分红,2025-04-25,0,0,0.0,不分配,,,,,,,,,,,
002374,分红,2024-04-20,0,0,0.0,不分配,,,,,,,,,,,
002374,分红,2023-04-29,0,0,0.0,不分配,,,,,,,,,,,
002374,分红,2022-04-29,0,0,0.0,不分配,,,,,,,,,,,
002374,分红,2021-04-27,0,0,0.0,不分配,,,,,,,,,,,
002374,分红,2020-04-15,0,0,0.0,不分配,,,,,,,,,,,
002374,分红,2019-04-27,0,0,0.0,不分配,,,,,,,,,,,
002374,分红,2018-03-06,0,0,0.0,不分配,,,,,,,,,,,
002374,分红,2015-04-02,0,0,0.0,不分配,,,,,,,,,,,
002374,分红,2010-03-30,0,0,0.0,不分配,,,,,,,,,,,
002374,分红,2011-04-30,0,6,1.0,实施,2011-05-10,2011-05-09,,,,,,,,,
002374,分红,2012-03-23,0,0,1.0,实施,2012-03-30,2012-03-29,,,,,,,,,
002374,分红,2013-05-21,0,8,3.0,实施,2013-05-29,2013-05-28,,,,,,,,,
002374,分红,2014-03-28,0,0,0.5,实施,2014-04-04,2014-04-03,,,,,,,,,
002374,分红,2016-04-09,0,12,0.5,实施,2016-04-18,2016-04-15,,,,,,,,,
002374,分红,2017-05-12,0,0,0.3,实施,2017-05-19,2017-05-18,,,,,,,,,
002377,分红,2026-04-18,0,0,0.0,不分配,,,,,,,,,,,
002377,分红,2025-04-24,0,0,0.0,不分配,,,,,,,,,,,
002377,分红,2024-04-27,0,0,0.0,不分配,,,,,,,,,,,
002377,分红,2023-04-29,0,0,0.0,不分配,,,,,,,,,,,
002377,分红,2022-04-30,0,0,0.0,不分配,,,,,,,,,,,
002377,分红,2021-04-29,0,0,0.0,不分配,,,,,,,,,,,
002377,分红,2019-04-24,0,0,0.0,不分配,,,,,,,,,,,
002377,分红,2018-04-26,0,0,0.0,不分配,,,,,,,,,,,
002377,分红,2016-04-26,0,0,0.0,不分配,,,,,,,,,,,
002377,分红,2015-04-28,0,0,0.0,不分配,,,,,,,,,,,
002377,分红,2013-04-24,0,0,0.0,不分配,,,,,,,,,,,
002377,分红,2012-04-25,0,0,0.0,不分配,,,,,,,,,,,
002377,分红,2010-11-01,0,0,3.0,实施,2010-11-05,2010-11-04,,,,,,,,,
002377,分红,2011-06-22,0,10,0.0,实施,2011-06-28,2011-06-27,2011-06-28,,,,,,,,
002377,分红,2014-06-27,0,10,3.0,实施,2014-07-03,2014-07-02,,,,,,,,,
002377,分红,2017-06-20,0,0,0.45,实施,2017-06-27,2017-06-26,,,,,,,,,
002377,分红,2020-06-29,0,0,1.5,实施,2020-07-06,2020-07-03,,,,,,,,,
002395,分红,2023-04-18,0,0,0.0,不分配,,,,,,,,,,,
002395,分红,2022-04-19,0,0,0.0,不分配,,,,,,,,,,,
002395,分红,2018-04-10,0,0,0.0,不分配,,,,,,,,,,,
002395,分红,2012-03-27,0,0,0.0,不分配,,,,,,,,,,,
002395,分红,2011-06-09,0,0,3.0,实施,2011-06-15,2011-06-14,,,,,,,,,
002395,分红,2012-10-26,0,0,3.0,实施,2012-11-02,2012-11-01,,,,,,,,,
002395,分红,2013-06-17,0,10,2.0,实施,2013-06-21,2013-06-20,,,,,,,,,
002395,分红,2014-06-25,0,0,0.5,实施,2014-07-01,2014-06-30,,,,,,,,,
002395,分红,2015-06-24,0,0,0.5,实施,2015-06-30,2015-06-29,,,,,,,,,
002395,分红,2016-06-13,0,0,0.5,实施,2016-06-17,2016-06-16,,,,,,,,,
002395,分红,2017-06-28,0,0,0.8,实施,2017-07-04,2017-07-03,,,,,,,,,
002395,分红,2019-06-28,0,0,2.0,实施,2019-07-05,2019-07-04,,,,,,,,,
002395,分红,2020-05-14,0,5,0.0,实施,2020-05-20,2020-05-19,2020-05-20,,,,,,,,
002395,分红,2021-06-29,0,0,1.5,实施,2021-07-06,2021-07-05,,,,,,,,,
002395,分红,2024-06-28,0,0,1.0,实施,2024-07-05,2024-07-04,,,,,,,,,
002395,分红,2025-06-26,0,0,1.5,实施,2025-07-03,2025-07-02,,,,,,,,,
002395,分红,2026-06-26,0,0,2.0,实施,2026-07-03,2026-07-02,,,,,,,,,
002402,分红,2017-03-29,0,0,0.0,不分配,,,,,,,,,,,
002402,分红,2011-05-26,0,5,3.0,实施,2011-06-01,2011-05-31,,,,,,,,,
002402,分红,2012-05-23,0,0,1.5,实施,2012-05-29,2012-05-28,,,,,,,,,
002402,分红,2013-05-23,0,0,2.0,实施,2013-05-31,2013-05-30,,,,,,,,,
002402,分红,2014-04-11,0,5,3.0,实施,2014-04-17,2014-04-16,,,,,,,,,
002402,分红,2015-05-04,0,10,1.0,实施,2015-05-08,2015-05-07,,,,,,,,,
002402,分红,2016-03-09,0,0,1.0,实施,2016-03-15,2016-03-14,,,,,,,,,
002402,分红,2016-09-27,2,13,0.5,实施,2016-10-11,2016-10-10,,,,,,,,,
002402,分红,2018-05-22,0,0,0.25,实施,2018-05-28,2018-05-25,,,,,,,,,
002402,分红,2019-04-18,0,0,0.4,实施,2019-04-26,2019-04-25,,,,,,,,,
002402,分红,2020-05-08,0,0,0.6,实施,2020-05-14,2020-05-13,,,,,,,,,
002402,分红,2021-03-25,0,0,1.0,实施,2021-03-31,2021-03-30,,,,,,,,,
002402,分红,2022-04-21,0,0,1.0,实施,2022-04-27,2022-04-26,,,,,,,,,
002402,分红,2023-04-25,0,0,1.0,实施,2023-05-04,2023-04-28,,,,,,,,,
002402,分红,2024-04-27,0,0,1.50711,实施,2024-05-09,2024-05-08,,,,,,,,,
002402,分红,2025-05-20,0,0,1.0,实施,2025-05-26,2025-05-23,,,,,,,,,
002402,分红,2026-05-21,0,0,2.0,实施,2026-05-27,2026-05-26,,,,,,,,,
002514,分红,2026-04-30,0,0,0.0,不分配,,,,,,,,,,,
002514,分红,2025-04-29,0,0,0.0,不分配,,,,,,,,,,,
002514,分红,2024-04-30,0,0,0.0,不分配,,,,,,,,,,,
002514,分红,2023-03-15,0,0,0.0,不分配,,,,,,,,,,,
002514,分红,2022-04-26,0,0,0.0,不分配,,,,,,,,,,,
002514,分红,2021-04-30,0,0,0.0,不分配,,,,,,,,,,,
002514,分红,2020-04-29,0,0,0.0,不分配,,,,,,,,,,,
002514,分红,2019-04-25,0,0,0.0,不分配,,,,,,,,,,,
002514,分红,2018-04-26,0,0,0.0,不分配,,,,,,,,,,,
002514,分红,2017-04-29,0,0,0.0,不分配,,,,,,,,,,,
002514,分红,2015-04-03,0,0,0.0,不分配,,,,,,,,,,,
002514,分红,2013-04-24,0,0,0.0,不分配,,,,,,,,,,,
002514,分红,2011-05-28,0,0,5.8,实施,2011-06-07,2011-06-03,,,,,,,,,
002514,分红,2012-06-05,0,6,0.0,实施,2012-06-11,2012-06-08,2012-06-11,,,,,,,,
002514,分红,2012-09-14,0,0,1.0,实施,2012-09-21,2012-09-20,,,,,,,,,
002514,分红,2014-04-18,0,10,2.0,实施,2014-04-28,2014-04-25,,,,,,,,,
002514,分红,2016-05-21,0,10,0.0,实施,2016-05-27,2016-05-26,2016-05-27,,,,,,,,
002517,分红,2023-04-27,0,0,0.0,不分配,,,,,,,,,,,
002517,分红,2022-04-29,0,0,0.0,不分配,,,,,,,,,,,
002517,分红,2021-04-29,0,0,0.0,不分配,,,,,,,,,,,
002517,分红,2020-04-29,0,0,0.0,不分配,,,,,,,,,,,
002517,分红,2019-04-29,0,0,0.0,不分配,,,,,,,,,,,
002517,分红,2016-04-16,0,0,0.0,不分配,,,,,,,,,,,
002517,分红,2015-03-27,0,0,0.0,不分配,,,,,,,,,,,
002517,分红,2014-03-31,0,0,0.0,不分配,,,,,,,,,,,
002517,分红,2013-04-19,0,0,0.0,不分配,,,,,,,,,,,
002517,分红,2011-05-11,0,0,3.0,实施,2011-05-18,2011-05-17,,,,,,,,,
002517,分红,2012-05-23,0,10,2.0,实施,2012-05-29,2012-05-28,,,,,,,,,
002517,分红,2017-05-19,0,0,1.0,实施,2017-05-25,2017-05-24,,,,,,,,,
002517,分红,2017-09-20,0,10,1.0,实施,2017-09-27,2017-09-26,,,,,,,,,
002517,分红,2018-06-06,0,5,1.2,实施,2018-06-13,2018-06-12,,,,,,,,,
002517,分红,2023-09-22,0,0,1.0,实施,2023-09-28,2023-09-27,,,,,,,,,
002517,分红,2024-05-29,0,0,1.0,实施,2024-06-05,2024-06-04,,,,,,,,,
002517,分红,2024-08-28,0,0,1.0,实施,2024-09-03,2024-09-02,,,,,,,,,
002517,分红,2025-05-28,0,0,1.0,实施,2025-06-06,2025-06-05,,,,,,,,,
002517,分红,2026-06-03,0,0,1.0,实施,2026-06-09,2026-06-08,,,,,,,,,
002553,分红,2011-04-20,0,0,0.0,不分配,,,,,,,,,,,
002553,分红,2012-05-16,0,0,1.0,实施,2012-05-22,2012-05-21,,,,,,,,,
002553,分红,2013-05-15,0,0,1.0,实施,2013-05-21,2013-05-20,,,,,,,,,
002553,分红,2014-03-12,0,10,4.5,实施,2014-03-19,2014-03-18,,,,,,,,,
002553,分红,2015-05-05,0,10,2.0,实施,2015-05-12,2015-05-11,,,,,,,,,
002553,分红,2016-05-30,0,0,1.0,实施,2016-06-07,2016-06-06,,,,,,,,,
002553,分红,2017-05-18,0,0,2.0,实施,2017-05-24,2017-05-23,,,,,,,,,
002553,分红,2018-05-19,0,0,2.0,实施,2018-05-28,2018-05-25,,,,,,,,,
002553,分红,2019-05-20,0,0,2.0,实施,2019-05-27,2019-05-24,,,,,,,,,
002553,分红,2020-04-22,0,0,1.0,实施,2020-04-28,2020-04-27,,,,,,,,,
002553,分红,2021-04-23,0,0,1.0,实施,2021-04-30,2021-04-29,,,,,,,,,
002553,分红,2022-06-16,0,0,2.0,实施,2022-06-23,2022-06-22,,,,,,,,,
002553,分红,2023-05-08,0,0,1.0,实施,2023-05-16,2023-05-15,,,,,,,,,
002553,分红,2024-05-16,0,0,1.0,实施,2024-05-24,2024-05-23,,,,,,,,,
002553,分红,2024-10-16,0,0,1.0,实施,2024-10-24,2024-10-23,,,,,,,,,
002553,分红,2025-07-02,0,0,1.0,实施,2025-07-08,2025-07-07,,,,,,,,,
002553,分红,2026-06-11,0,0,1.0,实施,2026-06-17,2026-06-16,,,,,,,,,
002558,分红,2016-04-29,0,0,0.0,不分配,,,,,,,,,,,
002558,分红,2015-04-14,0,0,0.0,不分配,,,,,,,,,,,
002558,分红,2011-03-25,0,0,0.0,不分配,,,,,,,,,,,
002558,分红,2012-05-04,0,0,4.0,实施,2012-05-11,2012-05-10,,,,,,,,,
002558,分红,2013-06-18,0,0,1.0,实施,2013-06-24,2013-06-21,,,,,,,,,
002558,分红,2014-07-10,0,1,1.0,实施,2014-07-16,2014-07-15,,,,,,,,,
002558,分红,2016-09-14,0,20,0.0,实施,2016-09-22,2016-09-21,2016-09-22,,,,,,,,
002558,分红,2017-06-16,0,2,2.0,实施,2017-06-22,2017-06-21,,,,,,,,,
002558,分红,2018-07-03,0,0,2.0,实施,2018-07-09,2018-07-06,,,,,,,,,
002558,分红,2019-07-11,0,0,1.7,实施,2019-07-17,2019-07-16,,,,,,,,,
002558,分红,2020-06-05,0,0,1.3,实施,2020-06-11,2020-06-10,,,,,,,,,
002558,分红,2021-06-03,0,0,1.6,实施,2021-06-09,2021-06-08,,,,,,,,,
002558,分红,2022-05-27,0,0,1.6,实施,2022-06-02,2022-06-01,,,,,,,,,
002558,分红,2023-05-30,0,0,1.6,实施,2023-06-05,2023-06-02,,,,,,,,,
002558,分红,2023-09-20,0,0,1.3,实施,2023-09-27,2023-09-26,,,,,,,,,
002558,分红,2024-05-30,0,0,0.8,实施,2024-06-06,2024-06-05,,,,,,,,,
002558,分红,2024-09-20,0,0,1.4,实施,2024-09-27,2024-09-26,,,,,,,,,
002558,分红,2025-05-17,0,0,1.4,实施,2025-05-26,2025-05-23,,,,,,,,,
002558,分红,2025-09-16,0,0,1.5,实施,2025-09-23,2025-09-22,,,,,,,,,
002558,分红,2026-05-26,0,0,1.9,实施,2026-06-01,2026-05-29,,,,,,,,,
002558,分红,2026-09-16,0,0,8.0,实施,2026-09-22,2026-09-21,,,,,,,,,
002576,分红,2015-04-21,0,0,0.0,不分配,,,,,,,,,,,
002576,分红,2012-05-08,0,3,2.6,实施,2012-05-15,2012-05-14,,,,,,,,,
002576,分红,2013-05-11,0,0,0.3,实施,2013-05-17,2013-05-16,,,,,,,,,
002576,分红,2014-05-23,0,0,0.3,实施,2014-05-30,2014-05-29,,,,,,,,,
002576,分红,2016-06-15,0,0,0.3,实施,2016-06-21,2016-06-20,,,,,,,,,
002576,分红,2017-06-06,0,0,0.1,实施,2017-06-13,2017-06-12,,,,,,,,,
002576,分红,2018-05-24,0,0,0.1,实施,2018-05-30,2018-05-29,,,,,,,,,
002576,分红,2019-06-12,0,0,0.5,实施,2019-06-20,2019-06-19,,,,,,,,,
002576,分红,2020-07-09,0,0,0.5,实施,2020-07-16,2020-07-15,,,,,,,,,
002576,分红,2021-06-21,0,0,1.0,实施,2021-06-25,2021-06-24,,,,,,,,,
002576,分红,2022-07-01,0,0,0.8,实施,2022-07-08,2022-07-07,,,,,,,,,
002576,分红,2023-07-01,0,0,0.38,实施,2023-07-07,2023-07-06,,,,,,,,,
002576,分红,2024-06-05,0,0,0.55,实施,2024-06-13,2024-06-12,,,,,,,,,
002576,分红,2025-07-04,0,0,0.8,实施,2025-07-11,2025-07-10,,,,,,,,,
002576,分红,2026-06-03,0,0,0.8,实施,2026-06-10,2026-06-09,,,,,,,,,
002579,分红,2026-04-24,0,0,0.0,不分配,,,,,,,,,,,
002579,分红,2025-04-24,0,0,0.0,不分配,,,,,,,,,,,
002579,分红,2024-04-26,0,0,0.0,不分配,,,,,,,,,,,
002579,分红,2011-09-14,0,0,2.0,实施,2011-09-20,2011-09-19,,,,,,,,,
002579,分红,2012-05-19,0,6,0.5,实施,2012-05-25,2012-05-24,,,,,,,,,
002579,分红,2013-05-11,0,5,0.2,实施,2013-05-17,2013-05-16,,,,,,,,,
002579,分红,2014-05-13,0,0,0.2,实施,2014-05-19,2014-05-16,,,,,,,,,
002579,分红,2015-06-18,0,5,0.3,实施,2015-06-26,2015-06-25,,,,,,,,,
002579,分红,2016-06-17,0,0,0.3,实施,2016-06-23,2016-06-22,,,,,,,,,
002579,分红,2017-06-08,0,0,1.0,实施,2017-06-13,2017-06-12,,,,,,,,,
002579,分红,2018-06-19,0,0,1.0,实施,2018-06-27,2018-06-26,,,,,,,,,
002579,分红,2019-05-29,0,0,1.0,实施,2019-06-04,2019-06-03,,,,,,,,,
002579,分红,2020-06-09,0,0,1.0,实施,2020-06-16,2020-06-15,,,,,,,,,
002579,分红,2021-06-08,0,2,0.6,实施,2021-06-15,2021-06-11,,,,,,,,,
002579,分红,2022-05-25,0,0,0.8,实施,2022-05-31,2022-05-30,,,,,,,,,
002579,分红,2023-06-14,0,0,0.8,实施,2023-06-20,2023-06-19,,,,,,,,,
002587,分红,2012-06-14,0,3.0,3.0,实施,2012-06-21,2012-06-20,,,,,,,,,
002587,分红,2013-05-09,0,0.0,2.0,实施,2013-05-15,2013-05-14,,,,,,,,,
002587,分红,2014-06-23,0,10.0024,2.00047,实施,2014-06-30,2014-06-27,,,,,,,,,
002587,分红,2015-06-10,0,7.0,1.5,实施,2015-06-17,2015-06-16,,,,,,,,,
002587,分红,2016-05-26,0,0.0,0.298313,实施,2016-06-01,2016-05-31,,,,,,,,,
002587,分红,2017-05-26,0,5.0,1.0,实施,2017-06-06,2017-06-05,,,,,,,,,
002587,分红,2018-06-12,0,0.0,1.0,实施,2018-06-20,2018-06-19,,,,,,,,,
002587,分红,2019-05-28,0,0.0,1.00251,实施,2019-06-05,2019-06-04,,,,,,,,,
002587,分红,2020-06-08,0,0.0,0.8,实施,2020-06-15,2020-06-12,,,,,,,,,
002587,分红,2021-06-16,0,0.0,0.198949,实施,2021-06-24,2021-06-23,,,,,,,,,
002587,分红,2022-05-09,0,0.0,0.5,实施,2022-05-16,2022-05-13,,,,,,,,,
002587,分红,2023-05-25,0,0.0,0.3,实施,2023-06-01,2023-05-31,,,,,,,,,
002587,分红,2024-05-24,0,0.0,0.6,实施,2024-05-31,2024-05-30,,,,,,,,,
002587,分红,2025-05-28,0,0.0,0.2,实施,2025-06-05,2025-06-04,,,,,,,,,
002587,分红,2026-05-20,0,0.0,0.5,实施,2026-05-27,2026-05-26,,,,,,,,,
002587,分红,2026-08-31,0,0.0,0.2,实施,2026-09-07,2026-09-04,,,,,,,,,
002590,分红,2024-04-17,0,0,0.0,不分配,,,,,,,,,,,
002590,分红,2019-04-25,0,0,0.0,不分配,,,,,,,,,,,
002590,分红,2012-05-29,0,3,1.0,实施,2012-06-05,2012-06-04,,,,,,,,,
002590,分红,2013-05-28,0,0,0.5,实施,2013-06-04,2013-06-03,,,,,,,,,
002590,分红,2014-05-06,0,7,0.6,实施,2014-05-13,2014-05-12,,,,,,,,,
002590,分红,2015-05-21,3,7,0.8,实施,2015-05-29,2015-05-28,,,,,,,,,
002590,分红,2016-05-19,0,0,0.4,实施,2016-05-25,2016-05-24,,,,,,,,,
002590,分红,2017-06-28,0,0,0.25,实施,2017-07-04,2017-07-03,,,,,,,,,
002590,分红,2018-05-25,0,0,0.3,实施,2018-06-01,2018-05-31,,,,,,,,,
002590,分红,2020-05-29,0,0,1.0,实施,2020-06-05,2020-06-04,,,,,,,,,
002590,分红,2021-06-01,0,0,0.5,实施,2021-06-08,2021-06-07,,,,,,,,,
002590,分红,2022-06-25,0,0,0.85,实施,2022-07-04,2022-07-01,,,,,,,,,
002590,分红,2023-06-17,0,0,0.8,实施,2023-06-27,2023-06-26,,,,,,,,,
002590,分红,2025-06-10,0,0,0.6,实施,2025-06-17,2025-06-16,,,,,,,,,
002590,分红,2026-05-21,0,0,0.85,实施,2026-05-28,2026-05-27,,,,,,,,,
002591,分红,2026-04-24,0.0,0.0,0.0,不分配,,,,,,,,,,,
002591,分红,2025-04-28,0.0,0.0,0.0,不分配,,,,,,,,,,,
002591,分红,2024-04-25,0.0,0.0,0.0,不分配,,,,,,,,,,,
002591,分红,2023-04-26,0.0,0.0,0.0,不分配,,,,,,,,,,,
002591,分红,2022-04-12,0.0,0.0,0.0,不分配,,,,,,,,,,,
002591,分红,2021-04-30,0.0,0.0,0.0,不分配,,,,,,,,,,,
002591,分红,2020-05-26,0.0,0.0,0.0,不分配,,,,,,,,,,,
002591,分红,2019-04-29,0.0,0.0,0.0,不分配,,,,,,,,,,,
002591,分红,2017-04-18,0.0,0.0,0.0,不分配,,,,,,,,,,,
002591,分红,2016-04-25,0.0,0.0,0.0,不分配,,,,,,,,,,,
002591,分红,2011-07-09,0.0,0.0,1.5,实施,2011-07-18,2011-07-15,,,,,,,,,
002591,分红,2012-06-11,1.0,1.5,1.0,实施,2012-06-18,2012-06-15,,,,,,,,,
002591,分红,2013-06-06,1.0,2.0,0.3,实施,2013-06-18,2013-06-17,,,,,,,,,
002591,分红,2014-07-22,3.0117,7.0273,0.80312,实施,2014-07-28,2014-07-25,,,,,,,,,
002591,分红,2015-06-30,0.0,0.0,0.05,实施,2015-07-07,2015-07-06,,,,,,,,,
002591,分红,2018-06-13,0.0,0.0,3.00263,实施,2018-06-21,2018-06-20,,,,,,,,,
002599,分红,2023-04-25,0,0,0.0,不分配,,,,,,,,,,,
002599,分红,2022-04-30,0,0,0.0,不分配,,,,,,,,,,,
002599,分红,2021-04-20,0,0,0.0,不分配,,,,,,,,,,,
002599,分红,2020-04-29,0,0,0.0,不分配,,,,,,,,,,,
002599,分红,2012-06-15,0,0,1.6,实施,2012-06-25,2012-06-21,,,,,,,,,
002599,分红,2013-05-28,0,0,0.3,实施,2013-06-03,2013-05-31,,,,,,,,,
002599,分红,2014-07-03,0,0,0.3,实施,2014-07-09,2014-07-08,,,,,,,,,
002599,分红,2015-05-23,0,0,0.3,实施,2015-05-29,2015-05-28,,,,,,,,,
002599,分红,2016-06-25,0,0,0.3,实施,2016-07-04,2016-07-01,,,,,,,,,
002599,分红,2017-06-01,0,10,0.3,实施,2017-06-07,2017-06-06,,,,,,,,,
002599,分红,2018-06-20,0,0,0.5,实施,2018-06-27,2018-06-26,,,,,,,,,
002599,分红,2019-07-27,0,7,0.0,实施,2019-08-02,2019-08-01,2019-08-02,,,,,,,,
002599,分红,2024-05-24,0,0,0.2,实施,2024-05-31,2024-05-30,,,,,,,,,
002599,分红,2025-05-24,0,0,0.2,实施,2025-05-30,2025-05-29,,,,,,,,,
002599,分红,2026-06-10,0,0,0.1,实施,2026-06-16,2026-06-15,,,,,,,,,
002615,分红,2026-04-15,0,0,0.0,不分配,,,,,,,,,,,
002615,分红,2021-04-29,0,0,0.0,不分配,,,,,,,,,,,
002615,分红,2012-06-08,0,0,4.0,实施,2012-06-15,2012-06-14,,,,,,,,,
002615,分红,2013-05-03,0,0,1.5,实施,2013-05-10,2013-05-09,,,,,,,,,
002615,分红,2014-04-29,0,0,3.2,实施,2014-05-08,2014-05-07,,,,,,,,,
002615,分红,2015-04-23,0,10,5.0,实施,2015-04-30,2015-04-29,,,,,,,,,
002615,分红,2016-05-24,0,5,0.5,实施,2016-05-30,2016-05-27,,,,,,,,,
002615,分红,2017-06-01,0,5,2.1,实施,2017-06-07,2017-06-06,,,,,,,,,
002615,分红,2018-06-07,0,0,2.0,实施,2018-06-14,2018-06-13,,,,,,,,,
002615,分红,2019-05-24,0,0,0.8,实施,2019-05-31,2019-05-30,,,,,,,,,
002615,分红,2020-05-26,0,0,0.8,实施,2020-06-01,2020-05-29,,,,,,,,,
002615,分红,2022-05-26,0,0,1.5,实施,2022-06-02,2022-06-01,,,,,,,,,
002615,分红,2023-06-13,0,0,2.0,实施,2023-06-20,2023-06-19,,,,,,,,,
002615,分红,2024-05-29,0,0,1.0,实施,2024-06-04,2024-06-03,,,,,,,,,
002615,分红,2025-03-04,0,0,1.0,实施,2025-03-11,2025-03-10,,,,,,,,,
002615,分红,2025-05-21,0,0,1.5,实施,2025-05-28,2025-05-27,,,,,,,,,
002624,分红,2013-04-22,0,0,0.0,不分配,,,,,,,,,,,
002624,分红,2012-05-25,0,10,2.5,实施,2012-06-01,2012-05-31,,,,,,,,,
002624,分红,2014-05-15,0,0,0.5,实施,2014-05-23,2014-05-22,,,,,,,,,
002624,分红,2015-06-12,0,0,0.4,实施,2015-06-18,2015-06-17,,,,,,,,,
002624,分红,2016-05-21,0,0,0.2655,实施,2016-05-27,2016-05-26,,,,,,,,,
002624,分红,2017-04-21,0,0,0.888,实施,2017-04-27,2017-04-26,,,,,,,,,
002624,分红,2018-04-24,0,0,1.7,实施,2018-05-02,2018-04-27,,,,,,,,,
002624,分红,2019-06-04,0,0,1.8,实施,2019-06-11,2019-06-10,,,,,,,,,
002624,分红,2020-07-15,0,5,2.4,实施,2020-07-21,2020-07-20,,,,,,,,,
002624,分红,2021-05-20,0,0,1.6,实施,2021-05-26,2021-05-25,,,,,,,,,
002624,分红,2022-05-19,0,0,12.0,实施,2022-05-26,2022-05-25,,,,,,,,,
002624,分红,2023-05-06,0,0,3.5,实施,2023-05-12,2023-05-11,,,,,,,,,
002624,分红,2024-05-28,0,0,4.6,实施,2024-06-05,2024-06-04,,,,,,,,,
002624,分红,2025-05-30,0,0,2.3,实施,2025-06-09,2025-06-06,,,,,,,,,
002624,分红,2026-05-28,0,0,3.3,实施,2026-06-04,2026-06-03,,,,,,,,,
002634,分红,2026-06-02,0,14.4527,0.0,预案,,,,,,,,,,,
002634,分红,2026-04-25,0,0.0,0.0,不分配,,,,,,,,,,,
002634,分红,2025-04-26,0,0.0,0.0,不分配,,,,,,,,,,,
002634,分红,2024-04-26,0,0.0,0.0,不分配,,,,,,,,,,,
002634,分红,2023-04-18,0,0.0,0.0,不分配,,,,,,,,,,,
002634,分红,2022-04-28,0,0.0,0.0,不分配,,,,,,,,,,,
002634,分红,2021-04-29,0,0.0,0.0,不分配,,,,,,,,,,,
002634,分红,2020-04-25,0,0.0,0.0,不分配,,,,,,,,,,,
002634,分红,2019-04-23,0,0.0,0.0,不分配,,,,,,,,,,,
002634,分红,2012-06-09,0,5.0,3.0,实施,2012-06-15,2012-06-14,,,,,,,,,
002634,分红,2013-06-20,0,0.0,2.0,实施,2013-06-28,2013-06-27,,,,,,,,,
002634,分红,2014-05-23,0,0.0,2.0,实施,2014-05-30,2014-05-29,,,,,,,,,
002634,分红,2015-07-15,0,0.0,2.0,实施,2015-07-21,2015-07-20,,,,,,,,,
002634,分红,2016-05-06,0,26.0,2.0,实施,2016-05-12,2016-05-11,,,,,,,,,
002634,分红,2017-06-09,0,0.0,0.5,实施,2017-06-16,2017-06-15,,,,,,,,,
002634,分红,2018-05-15,0,0.0,0.5,实施,2018-05-22,2018-05-21,,,,,,,,,
002634,配股,2014-12-18,,,,,,2014-12-22,,3,4.98,100050000,2014-12-31,,2014-12-29,2015-01-12,
002644,分红,2026-08-20,0,0,0.6,预案,,,,,,,,,,,
002644,分红,2012-05-30,1,0,0.36,实施,2012-06-06,2012-06-05,,,,,,,,,
002644,分红,2013-06-14,0,0,0.31,实施,2013-06-21,2013-06-20,,,,,,,,,
002644,分红,2014-05-15,0,10,0.32,实施,2014-05-21,2014-05-20,,,,,,,,,
002644,分红,2015-06-17,0,0,0.16,实施,2015-06-24,2015-06-23,,,,,,,,,
002644,分红,2015-08-07,0,15,0.0,实施,2015-08-14,2015-08-13,2015-08-14,,,,,,,,
002644,分红,2016-05-31,0,0,0.09,实施,2016-06-07,2016-06-06,,,,,,,,,
002644,分红,2017-06-02,0,0,0.12,实施,2017-06-09,2017-06-08,,,,,,,,,
002644,分红,2018-04-20,0,0,0.13,实施,2018-04-26,2018-04-25,,,,,,,,,
002644,分红,2019-05-29,0,0,0.13,实施,2019-06-05,2019-06-04,,,,,,,,,
002644,分红,2020-06-04,0,0,0.6,实施,2020-06-12,2020-06-11,,,,,,,,,
002644,分红,2021-07-02,0,0,1.2,实施,2021-07-09,2021-07-08,,,,,,,,,
002644,分红,2022-05-20,0,0,0.1,实施,2022-05-27,2022-05-26,,,,,,,,,
002644,分红,2023-06-07,0,0,0.5,实施,2023-06-15,2023-06-14,,,,,,,,,
002644,分红,2024-06-18,0,0,0.3,实施,2024-06-25,2024-06-24,,,,,,,,,
002644,分红,2025-06-17,0,0,0.12,实施,2025-06-24,2025-06-23,,,,,,,,,
002644,分红,2026-06-18,0,0,0.2,实施,2026-06-26,2026-06-25,,,,,,,,,
002652,分红,2026-04-24,0,0,0.0,不分配,,,,,,,,,,,
002652,分红,2025-04-09,0,0,0.0,不分配,,,,,,,,,,,
002652,分红,2024-04-24,0,0,0.0,不分配,,,,,,,,,,,
002652,分红,2023-04-26,0,0,0.0,不分配,,,,,,,,,,,
002652,分红,2022-04-30,0,0,0.0,不分配,,,,,,,,,,,
002652,分红,2021-04-30,0,0,0.0,不分配,,,,,,,,,,,
002652,分红,2020-07-01,0,0,0.0,不分配,,,,,,,,,,,
002652,分红,2019-04-29,0,0,0.0,不分配,,,,,,,,,,,
002652,分红,2012-05-16,0,0,1.0,实施,2012-05-23,2012-05-22,,,,,,,,,
002652,分红,2013-05-14,0,5,1.5,实施,2013-05-21,2013-05-20,,,,,,,,,
002652,分红,2014-05-08,0,0,1.0,实施,2014-05-16,2014-05-15,,,,,,,,,
002652,分红,2015-04-07,2,8,0.5,实施,2015-04-14,2015-04-13,,,,,,,,,
002652,分红,2016-04-07,0,0,0.5,实施,2016-04-13,2016-04-12,,,,,,,,,
002652,分红,2017-05-05,4,2,1.0,实施,2017-05-11,2017-05-10,,,,,,,,,
002652,分红,2018-06-01,0,0,0.5,实施,2018-06-07,2018-06-06,,,,,,,,,
002667,分红,2026-04-30,0,0,0.0,不分配,,,,,,,,,,,
002667,分红,2025-04-30,0,0,0.0,不分配,,,,,,,,,,,
002667,分红,2024-04-26,0,0,0.0,不分配,,,,,,,,,,,
002667,分红,2023-03-10,0,0,0.0,不分配,,,,,,,,,,,
002667,分红,2022-03-25,0,0,0.0,不分配,,,,,,,,,,,
002667,分红,2017-04-26,0,0,0.0,不分配,,,,,,,,,,,
002667,分红,2012-05-30,0,0,1.0,实施,2012-06-06,2012-06-05,,,,,,,,,
002667,分红,2013-05-24,0,0,1.3,实施,2013-05-30,2013-05-29,,,,,,,,,
002667,分红,2014-05-28,0,0,0.79,实施,2014-06-06,2014-06-05,,,,,,,,,
002667,分红,2015-05-25,0,10,0.7,实施,2015-05-29,2015-05-28,,,,,,,,,
002667,分红,2016-04-21,0,0,0.1,实施,2016-04-27,2016-04-26,,,,,,,,,
002667,分红,2018-04-24,0,7,0.24,实施,2018-05-02,2018-04-27,,,,,,,,,
002667,分红,2019-06-25,0,0,0.1,实施,2019-07-02,2019-07-01,,,,,,,,,
002667,分红,2020-06-24,0,0,0.06,实施,2020-07-03,2020-07-02,,,,,,,,,
002667,分红,2021-05-13,0,0,0.03,实施,2021-05-19,2021-05-18,,,,,,,,,
002669,分红,2025-04-22,0,0,0.0,不分配,,,,,,,,,,,
002669,分红,2023-04-15,0,0,0.0,不分配,,,,,,,,,,,
002669,分红,2022-04-26,0,0,0.0,不分配,,,,,,,,,,,
002669,分红,2013-05-17,0,0,3.1,实施,2013-05-24,2013-05-23,,,,,,,,,
002669,分红,2014-05-09,0,10,1.2,实施,2014-05-19,2014-05-16,,,,,,,,,
002669,分红,2015-04-28,0,0,0.7,实施,2015-05-05,2015-05-04,,,,,,,,,
002669,分红,2016-06-15,0,0,1.08,实施,2016-06-21,2016-06-20,,,,,,,,,
002669,分红,2017-05-17,0,0,0.72,实施,2017-05-23,2017-05-22,,,,,,,,,
002669,分红,2018-05-18,0,0,0.37,实施,2018-05-24,2018-05-23,,,,,,,,,
002669,分红,2019-05-14,0,0,0.77,实施,2019-05-21,2019-05-20,,,,,,,,,
002669,分红,2020-06-05,0,0,0.801788,实施,2020-06-12,2020-06-11,,,,,,,,,
002669,分红,2021-05-08,0,0,2.0,实施,2021-05-17,2021-05-14,,,,,,,,,
002669,分红,2024-05-21,0,0,0.7,实施,2024-05-29,2024-05-28,,,,,,,,,
002669,分红,2026-05-23,0,0,1.0,实施,2026-05-29,2026-05-28,,,,,,,,,
002682,分红,2026-04-24,0,0,0.0,不分配,,,,,,,,,,,
002682,分红,2025-04-25,0,0,0.0,不分配,,,,,,,,,,,
002682,分红,2024-04-23,0,0,0.0,不分配,,,,,,,,,,,
002682,分红,2023-04-25,0,0,0.0,不分配,,,,,,,,,,,
002682,分红,2022-04-26,0,0,0.0,不分配,,,,,,,,,,,
002682,分红,2021-04-28,0,0,0.0,不分配,,,,,,,,,,,
002682,分红,2013-06-17,0,3,2.0,实施,2013-06-21,2013-06-20,,,,,,,,,
002682,分红,2014-06-05,0,0,0.7,实施,2014-06-12,2014-06-11,,,,,,,,,
002682,分红,2015-05-15,0,0,0.7,实施,2015-05-22,2015-05-21,,,,,,,,,
002682,分红,2016-06-20,0,0,0.75,实施,2016-06-27,2016-06-24,,,,,,,,,
002682,分红,2017-07-01,0,0,0.75,实施,2017-07-07,2017-07-06,,,,,,,,,
002682,分红,2018-06-29,0,5,0.9,实施,2018-07-06,2018-07-05,,,,,,,,,
002682,分红,2019-07-12,0,0,0.7,实施,2019-07-19,2019-07-18,,,,,,,,,
002682,分红,2020-06-18,0,0,0.7,实施,2020-06-24,2020-06-23,,,,,,,,,
002682,配股,2015-06-19,,,,,,2015-06-24,,3,5.6,208000000,2015-07-03,,2015-07-01,2015-07-16,
300013,分红,2026-04-25,0,0,0.0,不分配,,,,,,,,,,,
300013,分红,2025-04-16,0,0,0.0,不分配,,,,,,,,,,,
300013,分红,2024-04-29,0,0,0.0,不分配,,,,,,,,,,,
300013,分红,2023-04-27,0,0,0.0,不分配,,,,,,,,,,,
300013,分红,2022-04-29,0,0,0.0,不分配,,,,,,,,,,,
300013,分红,2021-04-29,0,0,0.0,不分配,,,,,,,,,,,
300013,分红,2020-04-29,0,0,0.0,不分配,,,,,,,,,,,
300013,分红,2016-04-30,0,0,0.0,不分配,,,,,,,,,,,
300013,分红,2012-04-11,0,0,0.0,不分配,,,,,,,,,,,
300013,分红,2010-04-23,0,5,1.5,实施,2010-04-30,2010-04-29,,,,,,,,,
300013,分红,2011-06-02,0,0,0.5,实施,2011-06-10,2011-06-09,,,,,,,,,
300013,分红,2012-10-17,0,0,0.1,实施,2012-10-23,2012-10-22,,,,,,,,,
300013,分红,2013-06-15,0,0,0.2,实施,2013-06-21,2013-06-20,,,,,,,,,
300013,分红,2014-06-07,0,10,0.2,实施,2014-06-13,2014-06-12,,,,,,,,,
300013,分红,2015-05-26,0,0,0.1,实施,2015-06-02,2015-06-01,,,,,,,,,
300013,分红,2017-06-08,0,0,0.1,实施,2017-06-16,2017-06-15,,,,,,,,,
300013,分红,2018-07-10,0,0,0.6,实施,2018-07-16,2018-07-13,,,,,,,,,
300013,分红,2019-07-06,0,5,0.22,实施,2019-07-12,2019-07-11,,,,,,,,,
300016,分红,2026-04-22,0,0,0.0,不分配,,,,,,,,,,,
300016,分红,2024-04-22,0,0,0.0,不分配,,,,,,,,,,,
300016,分红,2010-05-25,0,5,1.3,实施,2010-05-31,2010-05-28,,,,,,,,,
300016,分红,2011-05-12,0,5,2.0,实施,2011-05-19,2011-05-18,,,,,,,,,
300016,分红,2012-03-30,0,0,2.0,实施,2012-04-11,2012-04-10,,,,,,,,,
300016,分红,2013-04-09,0,10,2.0,实施,2013-04-16,2013-04-15,,,,,,,,,
300016,分红,2014-04-28,0,0,1.0,实施,2014-05-08,2014-05-07,,,,,,,,,
300016,分红,2015-05-19,0,0,0.6,实施,2015-05-25,2015-05-22,,,,,,,,,
300016,分红,2016-06-21,0,0,0.2,实施,2016-06-28,2016-06-27,,,,,,,,,
300016,分红,2017-03-24,0,0,0.1,实施,2017-03-31,2017-03-30,,,,,,,,,
300016,分红,2018-04-09,0,0,0.37,实施,2018-04-16,2018-04-13,,,,,,,,,
300016,分红,2018-08-28,0,5,0.0,实施,2018-09-04,2018-09-03,2018-09-04,,,,,,,,
300016,分红,2019-03-26,0,0,1.0,实施,2019-04-03,2019-04-02,,,,,,,,,
300016,分红,2020-06-05,0,0,0.7,实施,2020-06-15,2020-06-12,,,,,,,,,
300016,分红,2021-04-12,0,0,0.6,实施,2021-04-19,2021-04-16,,,,,,,,,
300016,分红,2022-04-22,0,0,0.7,实施,2022-04-29,2022-04-28,,,,,,,,,
300016,分红,2023-05-18,0,0,0.7,实施,2023-05-25,2023-05-24,,,,,,,,,
300016,分红,2025-05-12,0,0,0.5,实施,2025-05-19,2025-05-16,,,,,,,,,
300016,分红,2026-09-16,0,0,0.6,实施,2026-09-23,2026-09-22,,,,,,,,,
300018,分红,2022-04-19,0,0,0.0,不分配,,,,,,,,,,,
300018,分红,2021-03-16,0,0,0.0,不分配,,,,,,,,,,,
300018,分红,2020-04-28,0,0,0.0,不分配,,,,,,,,,,,
300018,分红,2019-04-02,0,0,0.0,不分配,,,,,,,,,,,
300018,分红,2015-04-23,0,0,0.0,不分配,,,,,,,,,,,
300018,分红,2010-04-16,0,10,5.0,实施,2010-04-26,2010-04-23,,,,,,,,,
300018,分红,2011-05-20,0,0,1.5,实施,2011-05-26,2011-05-25,,,,,,,,,
300018,分红,2012-06-11,0,0,1.5,实施,2012-06-18,2012-06-15,,,,,,,,,
300018,分红,2013-06-17,0,5,1.5,实施,2013-06-21,2013-06-20,,,,,,,,,
300018,分红,2014-06-06,0,0,1.0,实施,2014-06-13,2014-06-12,,,,,,,,,
300018,分红,2016-05-06,0,10,1.0,实施,2016-05-13,2016-05-12,,,,,,,,,
300018,分红,2017-05-10,0,0,0.493548,实施,2017-05-16,2017-05-15,,,,,,,,,
300018,分红,2018-06-11,0,0,1.00549,实施,2018-06-20,2018-06-19,,,,,,,,,
300018,分红,2023-06-21,0,0,0.5,实施,2023-06-30,2023-06-29,,,,,,,,,
300018,分红,2024-05-30,0,0,0.5,实施,2024-06-07,2024-06-06,,,,,,,,,
300018,分红,2025-04-18,0,0,0.7,实施,2025-04-25,2025-04-24,,,,,,,,,
300018,分红,2026-06-11,0,0,1.0,实施,2026-06-17,2026-06-16,,,,,,,,,
300019,分红,2019-03-30,0,0,0.0,不分配,,,,,,,,,,,
300019,分红,2010-05-05,0,10,2.0,实施,2010-05-11,2010-05-10,,,,,,,,,
300019,分红,2011-05-20,0,0,1.5,实施,2011-05-26,2011-05-25,,,,,,,,,
300019,分红,2012-05-10,0,0,2.0,实施,2012-05-17,2012-05-16,,,,,,,,,
300019,分红,2013-05-20,0,6,2.5,实施,2013-05-28,2013-05-27,,,,,,,,,
300019,分红,2014-05-06,0,0,2.0,实施,2014-05-13,2014-05-12,,,,,,,,,
300019,分红,2015-05-01,0,10,2.0,实施,2015-05-08,2015-05-07,,,,,,,,,
300019,分红,2016-04-28,0,0,1.5,实施,2016-05-06,2016-05-05,,,,,,,,,
300019,分红,2017-04-20,0,0,1.0,实施,2017-04-27,2017-04-26,,,,,,,,,
300019,分红,2018-05-12,0,0,1.0,实施,2018-05-18,2018-05-17,,,,,,,,,
300019,分红,2020-05-27,0,0,1.5,实施,2020-06-02,2020-06-01,,,,,,,,,
300019,分红,2021-04-23,0,0,2.0,实施,2021-04-29,2021-04-28,,,,,,,,,
300019,分红,2022-04-22,0,0,3.0,实施,2022-04-28,2022-04-27,,,,,,,,,
300019,分红,2023-04-25,0,0,3.0,实施,2023-05-05,2023-05-04,,,,,,,,,
300019,分红,2024-04-24,0,0,3.0,实施,2024-04-30,2024-04-29,,,,,,,,,
300019,分红,2025-04-29,0,0,3.0,实施,2025-05-12,2025-05-09,,,,,,,,,
300019,分红,2026-04-22,0,0,3.0,实施,2026-04-30,2026-04-29,,,,,,,,,
300025,分红,2026-04-22,0,0,0.0,不分配,,,,,,,,,,,
300025,分红,2025-04-25,0,0,0.0,不分配,,,,,,,,,,,
300025,分红,2024-04-26,0,0,0.0,不分配,,,,,,,,,,,
300025,分红,2023-03-31,0,0,0.0,不分配,,,,,,,,,,,
300025,分红,2022-04-28,0,0,0.0,不分配,,,,,,,,,,,
300025,分红,2021-04-28,0,0,0.0,不分配,,,,,,,,,,,
300025,分红,2020-04-27,0,0,0.0,不分配,,,,,,,,,,,
300025,分红,2019-03-16,0,0,0.0,不分配,,,,,,,,,,,
300025,分红,2018-04-24,0,0,0.0,不分配,,,,,,,,,,,
300025,分红,2010-04-22,0,10,2.0,实施,2010-04-28,2010-04-27,,,,,,,,,
300025,分红,2011-04-16,0,5,1.0,实施,2011-04-22,2011-04-21,,,,,,,,,
300025,分红,2012-05-15,0,3,0.0,实施,2012-05-22,2012-05-21,2012-05-22,,,,,,,,
300025,分红,2013-04-19,0,0,0.2,实施,2013-04-26,2013-04-25,,,,,,,,,
300025,分红,2014-05-28,0,0,0.5,实施,2014-06-06,2014-06-05,,,,,,,,,
300025,分红,2015-04-15,0,0,0.2,实施,2015-04-21,2015-04-20,,,,,,,,,
300025,分红,2016-05-28,0,10,0.52,实施,2016-06-03,2016-06-02,,,,,,,,,
300025,分红,2017-07-01,0,0,0.28,实施,2017-07-07,2017-07-06,,,,,,,,,
300035,分红,2010-05-06,0,5,2.0,实施,2010-05-13,2010-05-12,,,,,,,,,
300035,分红,2011-06-09,0,3,2.0,实施,2011-06-17,2011-06-16,,,,,,,,,
300035,分红,2012-06-06,0,0,2.0,实施,2012-06-13,2012-06-12,,,,,,,,,
300035,分红,2013-05-22,0,5,0.0,实施,2013-05-29,2013-05-28,2013-05-29,,,,,,,,
300035,分红,2014-06-05,0,3,2.0,实施,2014-06-12,2014-06-11,,,,,,,,,
300035,分红,2015-07-02,0,0,1.0,实施,2015-07-10,2015-07-09,,,,,,,,,
300035,分红,2016-05-25,0,0,2.0,实施,2016-06-01,2016-05-31,,,,,,,,,
300035,分红,2017-06-03,0,10,1.0,实施,2017-06-09,2017-06-08,,,,,,,,,
300035,分红,2018-06-13,0,0,0.2,实施,2018-06-20,2018-06-19,,,,,,,,,
300035,分红,2019-05-22,0,0,0.3,实施,2019-05-28,2019-05-27,,,,,,,,,
300035,分红,2020-06-19,0,0,0.6,实施,2020-06-30,2020-06-29,,,,,,,,,
300035,分红,2021-06-16,0,0,1.0,实施,2021-06-23,2021-06-22,,,,,,,,,
300035,分红,2022-06-07,0,0,1.5,实施,2022-06-14,2022-06-13,,,,,,,,,
300035,分红,2023-05-19,0,0,1.5,实施,2023-05-25,2023-05-24,,,,,,,,,
300035,分红,2024-05-30,0,0,1.5,实施,2024-06-05,2024-06-04,,,,,,,,,
300035,分红,2025-05-20,0,0,2.5,实施,2025-05-27,2025-05-26,,,,,,,,,
300035,分红,2026-05-29,0,0,2.5,实施,2026-06-05,2026-06-04,,,,,,,,,
300040,分红,2016-04-21,0,0.0,0.0,不分配,,,,,,,,,,,
300040,分红,2015-04-17,0,0.0,0.0,不分配,,,,,,,,,,,
300040,分红,2010-05-04,0,10.0,3.0,实施,2010-05-07,2010-05-06,,,,,,,,,
300040,分红,2011-05-11,0,0.0,1.0,实施,2011-05-17,2011-05-16,,,,,,,,,
300040,分红,2012-06-11,0,0.0,1.0,实施,2012-06-18,2012-06-15,,,,,,,,,
300040,分红,2013-06-03,0,10.0,2.0,实施,2013-06-13,2013-06-07,,,,,,,,,
300040,分红,2014-06-24,0,0.0,0.5,实施,2014-06-27,2014-06-26,,,,,,,,,
300040,分红,2017-07-07,0,0.0,1.0,实施,2017-07-14,2017-07-13,,,,,,,,,
300040,分红,2018-07-16,0,0.0,0.5,实施,2018-07-24,2018-07-23,,,,,,,,,
300040,分红,2019-07-09,0,0.0,0.5,实施,2019-07-16,2019-07-15,,,,,,,,,
300040,分红,2020-07-17,0,0.0,0.499907,实施,2020-07-24,2020-07-23,,,,,,,,,
300040,分红,2021-07-08,0,3.99892,0.499865,实施,2021-07-14,2021-07-13,,,,,,,,,
300040,分红,2022-05-19,0,0.0,0.499992,实施,2022-05-27,2022-05-26,,,,,,,,,
300040,分红,2023-06-20,0,0.0,0.599966,实施,2023-06-29,2023-06-28,,,,,,,,,
300040,分红,2024-07-04,0,0.0,0.7,实施,2024-07-11,2024-07-10,,,,,,,,,
300040,分红,2025-06-24,0,0.0,0.593337,实施,2025-06-30,2025-06-27,,,,,,,,,
300040,分红,2026-06-04,0,0.0,0.200709,实施,2026-06-12,2026-06-11,,,,,,,,,
300042,分红,2025-04-09,0,0,0.0,不分配,,,,,,,,,,,
300042,分红,2024-04-03,0,0,0.0,不分配,,,,,,,,,,,
300042,分红,2014-03-25,0,0,0.0,不分配,,,,,,,,,,,
300042,分红,2010-05-13,0,0,2.0,实施,2010-05-19,2010-05-18,,,,,,,,,
300042,分红,2011-06-13,0,0,1.0,实施,2011-06-20,2011-06-17,,,,,,,,,
300042,分红,2012-05-25,0,10,1.0,实施,2012-06-04,2012-06-01,,,,,,,,,
300042,分红,2013-05-24,0,0,1.0,实施,2013-05-31,2013-05-30,,,,,,,,,
300042,分红,2015-06-02,0,0,1.0,实施,2015-06-08,2015-06-05,,,,,,,,,
300042,分红,2016-06-30,0,0,1.0,实施,2016-07-08,2016-07-07,,,,,,,,,
300042,分红,2017-07-05,0,0,1.6,实施,2017-07-12,2017-07-11,,,,,,,,,
300042,分红,2018-05-28,0,0,1.6,实施,2018-06-05,2018-06-04,,,,,,,,,
300042,分红,2019-04-16,0,5,2.0,实施,2019-04-22,2019-04-19,,,,,,,,,
300042,分红,2020-07-22,0,0,0.2,实施,2020-07-29,2020-07-28,,,,,,,,,
300042,分红,2021-06-29,0,0,0.5,实施,2021-07-06,2021-07-05,,,,,,,,,
300042,分红,2022-06-21,0,0,0.5,实施,2022-06-28,2022-06-27,,,,,,,,,
300042,分红,2023-06-08,0,0,0.5,实施,2023-06-16,2023-06-15,,,,,,,,,
300042,分红,2026-05-20,0,0,0.7,实施,2026-05-28,2026-05-27,,,,,,,,,
300056,分红,2026-04-29,0,0,0.0,不分配,,,,,,,,,,,
300056,分红,2025-04-23,0,0,0.0,不分配,,,,,,,,,,,
300056,分红,2024-04-26,0,0,0.0,不分配,,,,,,,,,,,
300056,分红,2023-04-27,0,0,0.0,不分配,,,,,,,,,,,
300056,分红,2022-04-27,0,0,0.0,不分配,,,,,,,,,,,
300056,分红,2021-02-27,0,0,0.0,不分配,,,,,,,,,,,
300056,分红,2020-04-22,0,0,0.0,不分配,,,,,,,,,,,
300056,分红,2019-04-24,0,0,0.0,不分配,,,,,,,,,,,
300056,分红,2018-04-03,0,0,0.0,不分配,,,,,,,,,,,
300056,分红,2017-04-29,0,0,0.0,不分配,,,,,,,,,,,
300056,分红,2010-03-16,0,0,0.0,不分配,,,,,,,,,,,
300056,分红,2011-06-03,0,0,4.0,实施,2011-06-10,2011-06-09,,,,,,,,,
300056,分红,2012-04-24,0,8,1.0,实施,2012-05-03,2012-05-02,,,,,,,,,
300056,分红,2013-07-05,0,0,0.4,实施,2013-07-11,2013-07-10,,,,,,,,,
300056,分红,2014-05-23,0,6,2.0,实施,2014-05-30,2014-05-29,,,,,,,,,
300056,分红,2015-05-06,0,0,1.0,实施,2015-05-13,2015-05-12,,,,,,,,,
300056,分红,2015-09-30,0,10,0.0,实施,2015-10-14,2015-10-13,2015-10-14,,,,,,,,
300056,分红,2016-05-10,0,0,0.6,实施,2016-05-17,2016-05-16,,,,,,,,,
300061,分红,2026-04-23,0,0,0.0,不分配,,,,,,,,,,,
300061,分红,2025-04-23,0,0,0.0,不分配,,,,,,,,,,,
300061,分红,2024-04-24,0,0,0.0,不分配,,,,,,,,,,,
300061,分红,2023-04-27,0,0,0.0,不分配,,,,,,,,,,,
300061,分红,2022-04-27,0,0,0.0,不分配,,,,,,,,,,,
300061,分红,2021-04-24,0,0,0.0,不分配,,,,,,,,,,,
300061,分红,2020-04-25,0,0,0.0,不分配,,,,,,,,,,,
300061,分红,2019-04-26,0,0,0.0,不分配,,,,,,,,,,,
300061,分红,2013-04-16,0,0,0.0,不分配,,,,,,,,,,,
300061,分红,2011-03-10,0,0,0.0,不分配,,,,,,,,,,,
300061,分红,2010-05-13,0,0,0.0,不分配,,,,,,,,,,,
300061,分红,2012-05-25,0,6,0.0,实施,2012-05-31,2012-05-30,2012-05-31,,,,,,,,
300061,分红,2014-06-05,1,5,0.25,实施,2014-06-11,2014-06-10,,,,,,,,,
300061,分红,2015-05-27,0,6,0.22,实施,2015-06-03,2015-06-02,,,,,,,,,
300061,分红,2016-06-15,0,0,0.199377,实施,2016-06-23,2016-06-22,,,,,,,,,
300061,分红,2017-07-05,0,0,0.199855,实施,2017-07-12,2017-07-11,,,,,,,,,
300061,分红,2018-07-06,0,3,0.57,实施,2018-07-12,2018-07-11,,,,,,,,,
300062,分红,2026-04-25,0,0,0.0,不分配,,,,,,,,,,,
300062,分红,2025-04-29,0,0,0.0,不分配,,,,,,,,,,,
300062,分红,2018-04-26,0,0,0.0,不分配,,,,,,,,,,,
300062,分红,2016-03-31,0,0,0.0,不分配,,,,,,,,,,,
300062,分红,2014-02-25,0,0,0.0,不分配,,,,,,,,,,,
300062,分红,2010-05-28,0,0,0.0,不分配,,,,,,,,,,,
300062,分红,2011-05-10,0,10,2.5,实施,2011-05-16,2011-05-13,,,,,,,,,
300062,分红,2012-07-24,0,0,1.29245,实施,2012-07-30,2012-07-27,,,,,,,,,
300062,分红,2013-07-11,0,0,1.00252,实施,2013-07-17,2013-07-16,,,,,,,,,
300062,分红,2015-05-22,0,0,1.0,实施,2015-05-28,2015-05-27,,,,,,,,,
300062,分红,2017-05-03,0,10,1.0,实施,2017-05-10,2017-05-09,,,,,,,,,
300062,分红,2019-05-10,0,0,0.4,实施,2019-05-17,2019-05-16,,,,,,,,,
300062,分红,2020-06-12,0,0,0.2,实施,2020-06-19,2020-06-18,,,,,,,,,
300062,分红,2021-06-10,0,0,0.2,实施,2021-06-18,2021-06-17,,,,,,,,,
300062,分红,2022-05-31,0,6,0.1,实施,2022-06-08,2022-06-07,,,,,,,,,
300062,分红,2023-05-31,0,0,0.1,实施,2023-06-08,2023-06-07,,,,,,,,,
300062,分红,2024-05-18,0,0,0.2,实施,2024-05-24,2024-05-23,,,,,,,,,
300063,分红,2026-04-29,0,0,0.0,不分配,,,,,,,,,,,
300063,分红,2025-04-29,0,0,0.0,不分配,,,,,,,,,,,
300063,分红,2024-04-29,0,0,0.0,不分配,,,,,,,,,,,
300063,分红,2023-04-24,0,0,0.0,不分配,,,,,,,,,,,
300063,分红,2022-04-29,0,0,0.0,不分配,,,,,,,,,,,
300063,分红,2021-04-16,0,0,0.0,不分配,,,,,,,,,,,
300063,分红,2020-04-25,0,0,0.0,不分配,,,,,,,,,,,
300063,分红,2019-04-24,0,0,0.0,不分配,,,,,,,,,,,
300063,分红,2018-04-26,0,0,0.0,不分配,,,,,,,,,,,
300063,分红,2010-04-27,0,0,0.0,不分配,,,,,,,,,,,
300063,分红,2011-04-26,0,0,3.0,实施,2011-04-29,2011-04-28,,,,,,,,,
300063,分红,2012-04-17,0,5,1.5,实施,2012-04-24,2012-04-23,,,,,,,,,
300063,分红,2013-06-25,0,0,1.0,实施,2013-07-02,2013-07-01,,,,,,,,,
300063,分红,2014-06-11,0,10,1.0,实施,2014-06-19,2014-06-18,,,,,,,,,
300063,分红,2015-06-26,0,0,0.2,实施,2015-07-06,2015-07-03,,,,,,,,,
300063,分红,2016-05-31,0,0,0.2,实施,2016-06-07,2016-06-06,,,,,,,,,
300063,分红,2017-06-16,0,15,0.5,实施,2017-06-23,2017-06-22,,,,,,,,,
300065,分红,2026-04-22,0,0,0.0,不分配,,,,,,,,,,,
300065,分红,2025-04-23,0,0,0.0,不分配,,,,,,,,,,,
300065,分红,2024-04-19,0,0,0.0,不分配,,,,,,,,,,,
300065,分红,2023-04-22,0,0,0.0,不分配,,,,,,,,,,,
300065,分红,2022-04-12,0,0,0.0,不分配,,,,,,,,,,,
300065,分红,2013-04-19,0,0,0.0,不分配,,,,,,,,,,,
300065,分红,2010-05-22,0,0,0.0,不分配,,,,,,,,,,,
300065,分红,2011-06-23,0,0,3.0,实施,2011-06-30,2011-06-29,,,,,,,,,
300065,分红,2012-06-01,0,9,0.8,实施,2012-06-08,2012-06-07,,,,,,,,,
300065,分红,2014-05-27,0,10,0.5,实施,2014-06-03,2014-05-30,,,,,,,,,
300065,分红,2015-06-29,0,0,0.3,实施,2015-07-03,2015-07-02,,,,,,,,,
300065,分红,2016-06-01,0,0,0.3,实施,2016-06-07,2016-06-06,,,,,,,,,
300065,分红,2017-06-15,0,5,0.8,实施,2017-06-21,2017-06-20,,,,,,,,,
300065,分红,2018-06-01,0,0,0.300658,实施,2018-06-08,2018-06-07,,,,,,,,,
300065,分红,2019-06-06,0,0,0.3,实施,2019-06-13,2019-06-12,,,,,,,,,
300065,分红,2020-06-30,0,0,0.3,实施,2020-07-06,2020-07-03,,,,,,,,,
300065,分红,2021-07-08,0,5,0.0,实施,2021-07-15,2021-07-14,2021-07-15,,,,,,,,
300067,分红,2026-04-28,0,0,0.0,不分配,,,,,,,,,,,
300067,分红,2023-04-27,0,0,0.0,不分配,,,,,,,,,,,
300067,分红,2022-04-29,0,0,0.0,不分配,,,,,,,,,,,
300067,分红,2021-04-24,0,0,0.0,不分配,,,,,,,,,,,
300067,分红,2016-03-25,0,0,0.0,不分配,,,,,,,,,,,
300067,分红,2011-05-14,0,5,3.0,实施,2011-05-20,2011-05-19,,,,,,,,,
300067,分红,2012-06-05,0,0,1.0,实施,2012-06-12,2012-06-11,,,,,,,,,
300067,分红,2013-05-14,0,0,0.8,实施,2013-05-21,2013-05-20,,,,,,,,,
300067,分红,2014-05-07,0,10,1.0,实施,2014-05-13,2014-05-12,,,,,,,,,
300067,分红,2015-05-07,0,6,0.5,实施,2015-05-15,2015-05-14,,,,,,,,,
300067,分红,2017-04-21,0,2,0.2,实施,2017-04-28,2017-04-27,,,,,,,,,
300067,分红,2018-05-22,0,0,0.5,实施,2018-05-30,2018-05-29,,,,,,,,,
300067,分红,2019-05-07,0,3,1.0,实施,2019-05-14,2019-05-13,,,,,,,,,
300067,分红,2020-04-28,0,0,0.8,实施,2020-05-08,2020-05-07,,,,,,,,,
300067,分红,2024-05-21,0,0,0.4,实施,2024-05-28,2024-05-27,,,,,,,,,
300067,分红,2025-06-13,0,0,0.1,实施,2025-06-20,2025-06-19,,,,,,,,,
300069,分红,2026-04-29,0,0,0.0,不分配,,,,,,,,,,,
300069,分红,2025-04-23,0,0,0.0,不分配,,,,,,,,,,,
300069,分红,2024-04-24,0,0,0.0,不分配,,,,,,,,,,,
300069,分红,2023-04-27,0,0,0.0,不分配,,,,,,,,,,,
300069,分红,2022-03-22,0,0,0.0,不分配,,,,,,,,,,,
300069,分红,2021-04-28,0,0,0.0,不分配,,,,,,,,,,,
300069,分红,2020-04-28,0,0,0.0,不分配,,,,,,,,,,,
300069,分红,2019-04-26,0,0,0.0,不分配,,,,,,,,,,,
300069,分红,2018-04-24,0,0,0.0,不分配,,,,,,,,,,,
300069,分红,2017-03-14,0,0,0.0,不分配,,,,,,,,,,,
300069,分红,2012-04-17,0,0,0.0,不分配,,,,,,,,,,,
300069,分红,2011-06-08,0,3,2.0,实施,2011-06-16,2011-06-15,,,,,,,,,
300069,分红,2013-06-29,0,5,2.0,实施,2013-07-05,2013-07-04,,,,,,,,,
300069,分红,2014-07-04,0,0,0.5,实施,2014-07-11,2014-07-10,,,,,,,,,
300069,分红,2015-07-02,0,0,0.5,实施,2015-07-09,2015-07-08,,,,,,,,,
300069,分红,2016-06-15,0,0,0.5,实施,2016-06-22,2016-06-21,,,,,,,,,
300085,分红,2026-04-15,0,0,0.0,不分配,,,,,,,,,,,
300085,分红,2025-04-16,0,0,0.0,不分配,,,,,,,,,,,
300085,分红,2024-04-17,0,0,0.0,不分配,,,,,,,,,,,
300085,分红,2023-04-19,0,0,0.0,不分配,,,,,,,,,,,
300085,分红,2022-04-28,0,0,0.0,不分配,,,,,,,,,,,
300085,分红,2020-04-29,0,0,0.0,不分配,,,,,,,,,,,
300085,分红,2018-04-24,0,0,0.0,不分配,,,,,,,,,,,
300085,分红,2011-05-30,0,10,6.0,实施,2011-06-03,2011-06-02,,,,,,,,,
300085,分红,2012-05-09,0,0,1.5,实施,2012-05-16,2012-05-15,,,,,,,,,
300085,分红,2013-05-29,0,0,1.2,实施,2013-06-04,2013-06-03,,,,,,,,,
300085,分红,2014-04-15,0,10,0.5,实施,2014-04-21,2014-04-18,,,,,,,,,
300085,分红,2015-05-06,0,10,0.3,实施,2015-05-12,2015-05-11,,,,,,,,,
300085,分红,2016-05-07,0,3,0.3,实施,2016-05-13,2016-05-12,,,,,,,,,
300085,分红,2017-05-09,0,0,0.15,实施,2017-05-15,2017-05-12,,,,,,,,,
300085,分红,2019-06-22,0,0,0.2,实施,2019-06-28,2019-06-27,,,,,,,,,
300085,分红,2021-07-02,0,0,0.1,实施,2021-07-09,2021-07-08,,,,,,,,,
300087,分红,2026-04-25,0,0.0,0.0,不分配,,,,,,,,,,,
300087,分红,2020-04-25,0,0.0,0.0,不分配,,,,,,,,,,,
300087,分红,2016-03-15,0,0.0,0.0,不分配,,,,,,,,,,,
300087,分红,2013-04-10,0,0.0,0.0,不分配,,,,,,,,,,,
300087,分红,2011-05-11,0,10.0,3.0,实施,2011-05-18,2011-05-17,,,,,,,,,
300087,分红,2012-06-12,0,0.0,1.0,实施,2012-06-20,2012-06-19,,,,,,,,,
300087,分红,2014-05-15,0,5.0,1.5,实施,2014-05-23,2014-05-22,,,,,,,,,
300087,分红,2015-05-08,0,10.0,0.0,实施,2015-05-14,2015-05-13,2015-05-14,,,,,,,,
300087,分红,2017-07-11,0,2.94528,0.981759,实施,2017-07-17,2017-07-14,,,,,,,,,
300087,分红,2018-06-28,0,0.0,0.981528,实施,2018-07-05,2018-07-04,,,,,,,,,
300087,分红,2019-05-22,0,0.0,0.3,实施,2019-05-28,2019-05-27,,,,,,,,,
300087,分红,2020-10-29,0,0.0,0.5,实施,2020-11-04,2020-11-03,,,,,,,,,
300087,分红,2021-05-21,0,0.0,1.0,实施,2021-05-28,2021-05-27,,,,,,,,,
300087,分红,2022-04-21,0,5.0,1.0,实施,2022-04-28,2022-04-27,,,,,,,,,
300087,分红,2023-04-26,0,4.0,1.0,实施,2023-05-05,2023-05-04,,,,,,,,,
300087,分红,2024-06-13,0,0.0,1.0,实施,2024-06-19,2024-06-18,,,,,,,,,
300087,分红,2025-07-15,0,0.0,0.5,实施,2025-07-22,2025-07-21,,,,,,,,,
300092,分红,2017-03-29,0,0,0.0,不分配,,,,,,,,,,,
300092,分红,2016-03-25,0,0,0.0,不分配,,,,,,,,,,,
300092,分红,2014-03-25,0,0,0.0,不分配,,,,,,,,,,,
300092,分红,2011-03-25,0,0,0.0,不分配,,,,,,,,,,,
300092,分红,2012-05-23,0,0,1.2,实施,2012-05-31,2012-05-30,,,,,,,,,
300092,分红,2013-05-30,0,0,1.2,实施,2013-06-06,2013-06-05,,,,,,,,,
300092,分红,2015-05-16,0,15,0.0,实施,2015-05-25,2015-05-22,2015-05-25,,,,,,,,
300092,分红,2018-05-10,0,0,0.12,实施,2018-05-17,2018-05-16,,,,,,,,,
300092,分红,2019-05-30,0,0,0.15,实施,2019-06-10,2019-06-06,,,,,,,,,
300092,分红,2020-05-08,0,0,0.18,实施,2020-05-18,2020-05-15,,,,,,,,,
300092,分红,2021-05-11,0,0,0.5,实施,2021-05-18,2021-05-17,,,,,,,,,
300092,分红,2022-05-17,0,0,0.55,实施,2022-05-24,2022-05-23,,,,,,,,,
300092,分红,2023-05-09,0,0,2.0,实施,2023-05-16,2023-05-15,,,,,,,,,
300092,分红,2024-05-07,0,0,2.3,实施,2024-05-14,2024-05-13,,,,,,,,,
300092,分红,2025-05-07,0,0,2.38,实施,2025-05-14,2025-05-13,,,,,,,,,
300092,分红,2026-05-07,0,0,1.0,实施,2026-05-14,2026-05-13,,,,,,,,,
300095,分红,2026-04-29,0,0,0.0,不分配,,,,,,,,,,,
300095,分红,2019-04-27,0,0,0.0,不分配,,,,,,,,,,,
300095,分红,2011-07-06,0,0,1.0,实施,2011-07-14,2011-07-13,,,,,,,,,
300095,分红,2012-07-03,0,0,0.5,实施,2012-07-11,2012-07-10,,,,,,,,,
300095,分红,2013-06-03,0,3,1.0,实施,2013-06-13,2013-06-07,,,,,,,,,
300095,分红,2014-05-07,0,10,1.0,实施,2014-05-13,2014-05-12,,,,,,,,,
300095,分红,2015-05-14,0,5,0.5,实施,2015-05-20,2015-05-19,,,,,,,,,
300095,分红,2016-03-26,0,0,0.5,实施,2016-04-01,2016-03-31,,,,,,,,,
300095,分红,2017-04-11,0,0,0.298927,实施,2017-04-17,2017-04-14,,,,,,,,,
300095,分红,2018-05-12,0,0,0.3,实施,2018-05-21,2018-05-18,,,,,,,,,
300095,分红,2020-07-01,0,0,0.2,实施,2020-07-09,2020-07-08,,,,,,,,,
300095,分红,2021-06-29,0,0,0.5,实施,2021-07-07,2021-07-06,,,,,,,,,
300095,分红,2022-05-23,0,0,1.0,实施,2022-05-31,2022-05-30,,,,,,,,,
300095,分红,2023-05-18,0,0,0.6,实施,2023-05-24,2023-05-23,,,,,,,,,
300095,分红,2024-05-31,0,0,1.0,实施,2024-06-06,2024-06-05,,,,,,,,,
300095,分红,2025-05-28,0,0,1.0,实施,2025-06-05,2025-06-04,,,,,,,,,
300095,分红,2026-09-18,0,0,1.2,实施,2026-09-28,2026-09-24,,,,,,,,,
300098,分红,2026-04-18,0,0.0,0.0,不分配,,,,,,,,,,,
300098,分红,2025-04-19,0,0.0,0.0,不分配,,,,,,,,,,,
300098,分红,2024-04-13,0,0.0,0.0,不分配,,,,,,,,,,,
300098,分红,2023-04-15,0,0.0,0.0,不分配,,,,,,,,,,,
300098,分红,2022-04-15,0,0.0,0.0,不分配,,,,,,,,,,,
300098,分红,2021-04-21,0,0.0,0.0,不分配,,,,,,,,,,,
300098,分红,2020-04-28,0,0.0,0.0,不分配,,,,,,,,,,,
300098,分红,2013-04-18,0,0.0,0.0,不分配,,,,,,,,,,,
300098,分红,2011-05-11,0,3.0,3.0,实施,2011-05-18,2011-05-17,,,,,,,,,
300098,分红,2012-05-22,0,10.0,1.5,实施,2012-05-29,2012-05-28,,,,,,,,,
300098,分红,2014-06-25,0,0.0,0.3,实施,2014-07-01,2014-06-30,,,,,,,,,
300098,分红,2015-04-29,0,6.0,0.53,实施,2015-05-07,2015-05-06,,,,,,,,,
300098,分红,2015-10-17,2,12.0,0.23,实施,2015-10-23,2015-10-22,,,,,,,,,
300098,分红,2016-06-17,0,0.0,0.1,实施,2016-06-23,2016-06-22,,,,,,,,,
300098,分红,2017-07-03,0,0.0,0.291372,实施,2017-07-07,2017-07-06,,,,,,,,,
300098,分红,2018-05-19,0,4.97385,0.397908,实施,2018-05-25,2018-05-24,,,,,,,,,
300098,分红,2019-07-02,0,0.0,0.2,实施,2019-07-08,2019-07-05,,,,,,,,,
300103,分红,2026-04-21,0,0,0.0,不分配,,,,,,,,,,,
300103,分红,2025-04-19,0,0,0.0,不分配,,,,,,,,,,,
300103,分红,2024-04-25,0,0,0.0,不分配,,,,,,,,,,,
300103,分红,2023-04-26,0,0,0.0,不分配,,,,,,,,,,,
300103,分红,2022-04-26,0,0,0.0,不分配,,,,,,,,,,,
300103,分红,2020-04-28,0,0,0.0,不分配,,,,,,,,,,,
300103,分红,2019-03-26,0,0,0.0,不分配,,,,,,,,,,,
300103,分红,2011-05-03,0,8,2.0,实施,2011-05-10,2011-05-09,,,,,,,,,
300103,分红,2012-04-25,0,8,2.0,实施,2012-05-04,2012-05-03,,,,,,,,,
300103,分红,2013-04-25,0,0,0.5,实施,2013-05-08,2013-05-07,,,,,,,,,
300103,分红,2014-04-21,0,0,1.0,实施,2014-04-28,2014-04-25,,,,,,,,,
300103,分红,2015-04-30,0,0,0.5,实施,2015-05-08,2015-05-07,,,,,,,,,
300103,分红,2016-04-29,0,0,0.5,实施,2016-05-06,2016-05-05,,,,,,,,,
300103,分红,2017-06-09,0,0,0.5,实施,2017-06-16,2017-06-15,,,,,,,,,
300103,分红,2018-04-24,0,5,0.0,实施,2018-05-02,2018-04-27,2018-05-02,,,,,,,,
300103,分红,2021-07-08,0,0,0.4,实施,2021-07-16,2021-07-15,,,,,,,,,
300107,分红,2026-04-18,0,0.0,0.0,不分配,,,,,,,,,,,
300107,分红,2011-05-10,0,10.0,4.5,实施,2011-05-16,2011-05-13,,,,,,,,,
300107,分红,2012-05-12,0,0.0,0.3,实施,2012-05-21,2012-05-18,,,,,,,,,
300107,分红,2013-05-31,0,0.0,0.3,实施,2013-06-13,2013-06-07,,,,,,,,,
300107,分红,2014-04-23,0,10.0,0.8,实施,2014-04-30,2014-04-29,,,,,,,,,
300107,分红,2015-05-08,0,9.97858,0.498929,实施,2015-05-14,2015-05-13,,,,,,,,,
300107,分红,2016-05-11,0,0.0,0.299512,实施,2016-05-18,2016-05-17,,,,,,,,,
300107,分红,2017-06-02,0,0.0,0.3,实施,2017-06-09,2017-06-08,,,,,,,,,
300107,分红,2018-05-17,0,0.0,1.5,实施,2018-05-23,2018-05-22,,,,,,,,,
300107,分红,2019-04-23,0,0.0,2.99665,实施,2019-04-30,2019-04-29,,,,,,,,,
300107,分红,2020-05-08,0,0.0,6.0,实施,2020-05-15,2020-05-14,,,,,,,,,
300107,分红,2021-05-28,0,0.0,1.0,实施,2021-06-04,2021-06-03,,,,,,,,,
300107,分红,2022-05-28,0,0.0,1.0,实施,2022-06-07,2022-06-06,,,,,,,,,
300107,分红,2023-05-23,0,0.0,0.6,实施,2023-05-30,2023-05-29,,,,,,,,,
300107,分红,2024-05-31,0,0.0,0.159264,实施,2024-06-07,2024-06-06,,,,,,,,,
300107,分红,2025-05-22,0,0.0,0.16,实施,2025-05-29,2025-05-28,,,,,,,,,
300109,分红,2011-05-20,0,10.0,2.0,实施,2011-05-27,2011-05-26,,,,,,,,,
300109,分红,2012-05-08,1,5.0,1.0,实施,2012-05-15,2012-05-14,,,,,,,,,
300109,分红,2013-05-24,0,0.0,0.6,实施,2013-05-31,2013-05-30,,,,,,,,,
300109,分红,2014-06-05,0,0.0,0.6,实施,2014-06-11,2014-06-10,,,,,,,,,
300109,分红,2015-05-19,0,0.0,1.0,实施,2015-05-26,2015-05-25,,,,,,,,,
300109,分红,2016-06-13,0,0.0,1.0,实施,2016-06-21,2016-06-20,,,,,,,,,
300109,分红,2017-05-26,0,0.0,1.0,实施,2017-06-05,2017-06-02,,,,,,,,,
300109,分红,2018-06-29,0,3.04878,1.01626,实施,2018-07-05,2018-07-04,,,,,,,,,
300109,分红,2019-05-20,0,0.0,1.0,实施,2019-05-28,2019-05-27,,,,,,,,,
300109,分红,2020-06-16,0,0.0,0.2,实施,2020-06-23,2020-06-22,,,,,,,,,
300109,分红,2021-05-21,0,0.0,0.2,实施,2021-05-31,2021-05-28,,,,,,,,,
300109,分红,2022-05-24,0,0.0,5.05555,实施,2022-05-30,2022-05-27,,,,,,,,,
300109,分红,2023-05-23,0,0.0,5.0,实施,2023-05-30,2023-05-29,,,,,,,,,
300109,分红,2024-05-30,2,3.0,10.0,实施,2024-06-07,2024-06-06,,,,,,,,,
300109,分红,2025-07-02,0,0.0,2.49306,实施,2025-07-10,2025-07-09,,,,,,,,,
300109,分红,2026-06-15,0,2.0,2.0,实施,2026-06-23,2026-06-22,,,,,,,,,
300112,分红,2026-04-21,0,0,0.0,不分配,,,,,,,,,,,
300112,分红,2025-04-22,0,0,0.0,不分配,,,,,,,,,,,
300112,分红,2011-05-23,0,5,1.5,实施,2011-05-31,2011-05-30,,,,,,,,,
300112,分红,2012-05-08,0,5,0.7,实施,2012-05-16,2012-05-15,,,,,,,,,
300112,分红,2013-05-16,0,0,0.45,实施,2013-05-23,2013-05-22,,,,,,,,,
300112,分红,2014-05-08,0,5,0.65,实施,2014-05-15,2014-05-14,,,,,,,,,
300112,分红,2015-06-17,0,0,0.28,实施,2015-06-24,2015-06-23,,,,,,,,,
300112,分红,2016-06-20,0,0,0.28,实施,2016-06-27,2016-06-24,,,,,,,,,
300112,分红,2017-06-28,0,0,0.32,实施,2017-07-06,2017-07-05,,,,,,,,,
300112,分红,2018-06-20,0,0,1.2,实施,2018-06-27,2018-06-26,,,,,,,,,
300112,分红,2019-05-23,0,0,1.2,实施,2019-05-30,2019-05-29,,,,,,,,,
300112,分红,2020-05-22,0,0,1.2,实施,2020-05-29,2020-05-28,,,,,,,,,
300112,分红,2021-05-22,0,0,2.0,实施,2021-05-28,2021-05-27,,,,,,,,,
300112,分红,2022-05-23,0,0,2.0,实施,2022-05-31,2022-05-30,,,,,,,,,
300112,分红,2023-06-06,0,0,2.0,实施,2023-06-13,2023-06-12,,,,,,,,,
300112,分红,2024-06-12,0,0,2.0,实施,2024-06-19,2024-06-18,,,,,,,,,
300120,分红,2026-04-29,0,0.0,0.0,不分配,,,,,,,,,,,
300120,分红,2025-04-25,0,0.0,0.0,不分配,,,,,,,,,,,
300120,分红,2024-04-23,0,0.0,0.0,不分配,,,,,,,,,,,
300120,分红,2022-04-26,0,0.0,0.0,不分配,,,,,,,,,,,
300120,分红,2017-03-30,0,0.0,0.0,不分配,,,,,,,,,,,
300120,分红,2011-04-15,0,3.0,2.0,实施,2011-04-21,2011-04-20,,,,,,,,,
300120,分红,2012-04-13,0,5.0,1.6,实施,2012-04-20,2012-04-19,,,,,,,,,
300120,分红,2013-05-17,0,0.0,1.0,实施,2013-05-24,2013-05-23,,,,,,,,,
300120,分红,2014-06-04,0,2.00373,1.00187,实施,2014-06-11,2014-06-10,,,,,,,,,
300120,分红,2015-05-26,0,0.0,0.5,实施,2015-06-02,2015-06-01,,,,,,,,,
300120,分红,2016-05-17,0,0.0,0.5,实施,2016-05-24,2016-05-23,,,,,,,,,
300120,分红,2018-06-12,0,2.93001,1.95334,实施,2018-06-20,2018-06-19,,,,,,,,,
300120,分红,2019-06-28,0,0.0,1.0,实施,2019-07-04,2019-07-03,,,,,,,,,
300120,分红,2020-06-03,0,0.0,1.0,实施,2020-06-11,2020-06-10,,,,,,,,,
300120,分红,2021-06-30,0,0.0,0.8,实施,2021-07-06,2021-07-05,,,,,,,,,
300120,分红,2023-06-29,0,0.0,0.5,实施,2023-07-07,2023-07-06,,,,,,,,,
300121,分红,2024-10-29,0,0,0.7,预案,,,,,,,,,,,
300121,分红,2011-03-23,0,8,0.0,实施,2011-03-30,2011-03-29,2011-03-30,,,,,,,,
300121,分红,2012-05-12,0,0,1.0,实施,2012-05-18,2012-05-17,,,,,,,,,
300121,分红,2013-05-07,0,3,0.0,实施,2013-05-14,2013-05-13,2013-05-14,,,,,,,,
300121,分红,2014-05-05,0,10,0.6,实施,2014-05-12,2014-05-09,,,,,,,,,
300121,分红,2015-07-30,0,0,0.4,实施,2015-08-06,2015-08-05,,,,,,,,,
300121,分红,2016-05-10,0,0,0.4,实施,2016-05-17,2016-05-16,,,,,,,,,
300121,分红,2017-04-20,0,0,1.0,实施,2017-04-28,2017-04-27,,,,,,,,,
300121,分红,2018-05-04,0,0,3.0,实施,2018-05-11,2018-05-10,,,,,,,,,
300121,分红,2019-04-17,0,0,6.5,实施,2019-04-24,2019-04-23,,,,,,,,,
300121,分红,2020-03-26,0,0,3.01576,实施,2020-04-02,2020-04-01,,,,,,,,,
300121,分红,2021-06-21,0,0,1.5,实施,2021-06-29,2021-06-28,,,,,,,,,
300121,分红,2022-04-22,0,0,1.0,实施,2022-04-29,2022-04-28,,,,,,,,,
300121,分红,2023-05-24,0,0,2.0,实施,2023-05-31,2023-05-30,,,,,,,,,
300121,分红,2024-04-22,0,0,2.5,实施,2024-04-29,2024-04-26,,,,,,,,,
300121,分红,2024-11-15,0,0,0.5,实施,2024-11-22,2024-11-21,,,,,,,,,
300121,分红,2025-01-04,0,0,0.7,实施,2025-01-10,2025-01-09,,,,,,,,,
300121,分红,2025-06-05,0,0,0.7,实施,2025-06-12,2025-06-11,,,,,,,,,
300121,分红,2025-09-04,0,0,0.7,实施,2025-09-11,2025-09-10,,,,,,,,,
300121,分红,2026-05-09,0,0,0.8,实施,2026-05-18,2026-05-15,,,,,,,,,
300121,配股,2018-01-30,,,,,,2018-02-01,,3,6.96,289220000,2018-02-12,,2018-02-08,2018-03-01,
300140,分红,2024-04-20,0,0,0.0,不分配,,,,,,,,,,,
300140,分红,2023-04-26,0,0,0.0,不分配,,,,,,,,,,,
300140,分红,2022-04-23,0,0,0.0,不分配,,,,,,,,,,,
300140,分红,2021-04-23,0,0,0.0,不分配,,,,,,,,,,,
300140,分红,2020-04-29,0,0,0.0,不分配,,,,,,,,,,,
300140,分红,2019-03-30,0,0,0.0,不分配,,,,,,,,,,,
300140,分红,2017-04-19,0,0,0.0,不分配,,,,,,,,,,,
300140,分红,2013-03-14,0,0,0.0,不分配,,,,,,,,,,,
300140,分红,2011-05-06,0,10,5.0,实施,2011-05-13,2011-05-12,,,,,,,,,
300140,分红,2012-05-25,0,0,1.5,实施,2012-05-31,2012-05-30,,,,,,,,,
300140,分红,2014-05-14,0,0,1.0,实施,2014-05-21,2014-05-20,,,,,,,,,
300140,分红,2015-05-04,0,10,1.0,实施,2015-05-12,2015-05-11,,,,,,,,,
300140,分红,2016-04-26,0,0,0.5,实施,2016-05-03,2016-04-29,,,,,,,,,
300140,分红,2018-06-19,0,0,0.5,实施,2018-06-26,2018-06-25,,,,,,,,,
300140,分红,2024-11-05,0,0,0.6,实施,2024-11-12,2024-11-11,,,,,,,,,
300140,分红,2025-07-03,0,0,0.6,实施,2025-07-10,2025-07-09,,,,,,,,,
300140,分红,2025-10-21,0,0,0.6,实施,2025-10-28,2025-10-27,,,,,,,,,
300140,分红,2026-05-27,0,0,0.6,实施,2026-06-04,2026-06-03,,,,,,,,,
300140,分红,2026-09-16,0,0,0.6,实施,2026-09-24,2026-09-23,,,,,,,,,
300148,分红,2026-04-22,0,0,0.0,不分配,,,,,,,,,,,
300148,分红,2025-04-24,0,0,0.0,不分配,,,,,,,,,,,
300148,分红,2024-04-25,0,0,0.0,不分配,,,,,,,,,,,
300148,分红,2023-04-24,0,0,0.0,不分配,,,,,,,,,,,
300148,分红,2022-04-26,0,0,0.0,不分配,,,,,,,,,,,
300148,分红,2021-04-16,0,0,0.0,不分配,,,,,,,,,,,
300148,分红,2020-04-25,0,0,0.0,不分配,,,,,,,,,,,
300148,分红,2019-03-23,0,0,0.0,不分配,,,,,,,,,,,
300148,分红,2011-05-23,0,3,1.5,实施,2011-05-27,2011-05-26,,,,,,,,,
300148,分红,2012-04-20,0,3,1.5,实施,2012-04-27,2012-04-26,,,,,,,,,
300148,分红,2013-05-11,0,2,0.8,实施,2013-05-17,2013-05-16,,,,,,,,,
300148,分红,2014-04-09,0,5,0.5,实施,2014-04-16,2014-04-15,,,,,,,,,
300148,分红,2015-05-30,0,2,0.35,实施,2015-06-08,2015-06-05,,,,,,,,,
300148,分红,2016-05-20,0,2,0.4,实施,2016-05-27,2016-05-26,,,,,,,,,
300148,分红,2017-06-14,0,3,0.45,实施,2017-06-20,2017-06-19,,,,,,,,,
300148,分红,2018-06-29,0,0,0.16,实施,2018-07-06,2018-07-05,,,,,,,,,
300149,分红,2026-04-29,0,0,0.0,不分配,,,,,,,,,,,
300149,分红,2025-04-29,0,0,0.0,不分配,,,,,,,,,,,
300149,分红,2024-04-26,0,0,0.0,不分配,,,,,,,,,,,
300149,分红,2023-04-27,0,0,0.0,不分配,,,,,,,,,,,
300149,分红,2022-04-30,0,0,0.0,不分配,,,,,,,,,,,
300149,分红,2020-04-24,0,0,0.0,不分配,,,,,,,,,,,
300149,分红,2011-04-29,0,10,1.35,实施,2011-05-09,2011-05-06,,,,,,,,,
300149,分红,2012-05-12,0,5,0.6,实施,2012-05-18,2012-05-17,,,,,,,,,
300149,分红,2013-04-15,0,0,0.5,实施,2013-04-22,2013-04-19,,,,,,,,,
300149,分红,2014-05-15,0,5,0.6,实施,2014-05-21,2014-05-20,,,,,,,,,
300149,分红,2015-05-15,0,4,0.4,实施,2015-05-21,2015-05-20,,,,,,,,,
300149,分红,2016-06-01,0,0,0.5,实施,2016-06-08,2016-06-07,,,,,,,,,
300149,分红,2017-05-16,0,0,0.5,实施,2017-05-22,2017-05-19,,,,,,,,,
300149,分红,2018-05-24,0,0,0.4,实施,2018-05-30,2018-05-29,,,,,,,,,
300149,分红,2019-06-04,0,0,0.7,实施,2019-06-12,2019-06-11,,,,,,,,,
300149,分红,2021-05-25,0,0,0.702036,实施,2021-06-01,2021-05-31,,,,,,,,,
300151,分红,2020-04-25,0,0,0.0,不分配,,,,,,,,,,,
300151,分红,2011-05-20,0,5,5.0,实施,2011-05-26,2011-05-25,,,,,,,,,
300151,分红,2012-06-21,0,0,2.0,实施,2012-06-29,2012-06-28,,,,,,,,,
300151,分红,2013-05-16,0,0,2.0,实施,2013-05-23,2013-05-22,,,,,,,,,
300151,分红,2014-06-21,0,10,1.0,实施,2014-06-27,2014-06-26,,,,,,,,,
300151,分红,2015-05-22,0,15,0.5,实施,2015-05-28,2015-05-27,,,,,,,,,
300151,分红,2016-06-01,0,0,0.3,实施,2016-06-08,2016-06-07,,,,,,,,,
300151,分红,2017-05-31,0,0,0.3,实施,2017-06-06,2017-06-05,,,,,,,,,
300151,分红,2018-05-26,0,0,0.3,实施,2018-06-01,2018-05-31,,,,,,,,,
300151,分红,2019-06-05,0,0,0.600215,实施,2019-06-12,2019-06-11,,,,,,,,,
300151,分红,2021-05-27,0,0,2.0,实施,2021-06-02,2021-06-01,,,,,,,,,
300151,分红,2022-05-11,0,0,1.8,实施,2022-05-17,2022-05-16,,,,,,,,,
300151,分红,2023-05-19,0,0,2.0,实施,2023-05-26,2023-05-25,,,,,,,,,
300151,分红,2024-05-23,0,0,0.5,实施,2024-05-29,2024-05-28,,,,,,,,,
300151,分红,2024-08-16,0,0,0.6,实施,2024-08-23,2024-08-22,,,,,,,,,
300151,分红,2025-05-21,0,0,0.75,实施,2025-05-29,2025-05-28,,,,,,,,,
300151,分红,2026-05-08,0,0,0.8,实施,2026-05-15,2026-05-14,,,,,,,,,
300153,分红,2025-04-22,0,0,0.0,不分配,,,,,,,,,,,
300153,分红,2024-04-18,0,0,0.0,不分配,,,,,,,,,,,
300153,分红,2023-04-18,0,0,0.0,不分配,,,,,,,,,,,
300153,分红,2022-04-27,0,0,0.0,不分配,,,,,,,,,,,
300153,分红,2021-04-28,0,0,0.0,不分配,,,,,,,,,,,
300153,分红,2011-04-23,0,10,3.0,实施,2011-04-29,2011-04-28,,,,,,,,,
300153,分红,2012-05-19,0,0,1.5,实施,2012-05-25,2012-05-24,,,,,,,,,
300153,分红,2013-05-30,0,0,1.0,实施,2013-06-05,2013-06-04,,,,,,,,,
300153,分红,2014-05-19,0,0,1.0,实施,2014-05-23,2014-05-22,,,,,,,,,
300153,分红,2015-05-13,0,10,1.5,实施,2015-05-19,2015-05-18,,,,,,,,,
300153,分红,2016-06-07,0,0,1.0,实施,2016-06-15,2016-06-14,,,,,,,,,
300153,分红,2017-05-20,0,0,1.0,实施,2017-05-26,2017-05-25,,,,,,,,,
300153,分红,2018-06-05,0,0,1.0,实施,2018-06-11,2018-06-08,,,,,,,,,
300153,分红,2019-07-04,0,0,0.5,实施,2019-07-10,2019-07-09,,,,,,,,,
300153,分红,2020-07-07,0,0,0.3,实施,2020-07-15,2020-07-14,,,,,,,,,
300153,分红,2026-05-22,0,0,0.7,实施,2026-05-29,2026-05-28,,,,,,,,,
300163,分红,2026-04-28,0,0,0.0,不分配,,,,,,,,,,,
300163,分红,2025-04-29,0,0,0.0,不分配,,,,,,,,,,,
300163,分红,2024-04-30,0,0,0.0,不分配,,,,,,,,,,,
300163,分红,2023-04-24,0,0,0.0,不分配,,,,,,,,,,,
300163,分红,2022-04-25,0,0,0.0,不分配,,,,,,,,,,,
300163,分红,2021-04-27,0,0,0.0,不分配,,,,,,,,,,,
300163,分红,2020-04-28,0,0,0.0,不分配,,,,,,,,,,,
300163,分红,2019-04-30,0,0,0.0,不分配,,,,,,,,,,,
300163,分红,2018-04-25,0,0,0.0,不分配,,,,,,,,,,,
300163,分红,2011-04-19,0,0,3.0,实施,2011-04-25,2011-04-22,,,,,,,,,
300163,分红,2012-05-10,0,0,3.0,实施,2012-05-18,2012-05-17,,,,,,,,,
300163,分红,2013-05-14,0,0,1.1,实施,2013-05-21,2013-05-20,,,,,,,,,
300163,分红,2014-06-10,0,10,1.0,实施,2014-06-17,2014-06-16,,,,,,,,,
300163,分红,2015-06-25,0,0,1.0,实施,2015-07-03,2015-07-02,,,,,,,,,
300163,分红,2015-09-19,0,20,0.0,实施,2015-09-25,2015-09-24,2015-09-25,,,,,,,,
300163,分红,2016-05-10,0,0,0.25,实施,2016-05-17,2016-05-16,,,,,,,,,
300163,分红,2017-06-02,0,0,0.5,实施,2017-06-12,2017-06-09,,,,,,,,,
300166,分红,2026-04-24,0,0.0,0.0,不分配,,,,,,,,,,,
300166,分红,2025-04-23,0,0.0,0.0,不分配,,,,,,,,,,,
300166,分红,2024-04-22,0,0.0,0.0,不分配,,,,,,,,,,,
300166,分红,2023-04-27,0,0.0,0.0,不分配,,,,,,,,,,,
300166,分红,2022-04-22,0,0.0,0.0,不分配,,,,,,,,,,,
300166,分红,2021-04-28,0,0.0,0.0,不分配,,,,,,,,,,,
300166,分红,2018-04-24,0,0.0,0.0,不分配,,,,,,,,,,,
300166,分红,2016-04-23,0,0.0,0.0,不分配,,,,,,,,,,,
300166,分红,2011-05-05,0,0.0,5.0,实施,2011-05-11,2011-05-10,,,,,,,,,
300166,分红,2012-02-15,0,10.0,2.0,实施,2012-02-21,2012-02-20,,,,,,,,,
300166,分红,2012-08-15,0,5.0,0.0,实施,2012-08-22,2012-08-21,2012-08-22,,,,,,,,
300166,分红,2013-05-20,0,0.0,0.490047,实施,2013-05-27,2013-05-24,,,,,,,,,
300166,分红,2014-06-17,0,9.13854,0.0,实施,2014-06-23,2014-06-20,2014-06-23,,,,,,,,
300166,分红,2015-04-18,0,9.83075,0.983075,实施,2015-04-24,2015-04-23,,,,,,,,,
300166,分红,2017-06-07,0,5.99956,0.499963,实施,2017-06-13,2017-06-12,,,,,,,,,
300166,分红,2019-06-28,0,0.0,0.1,实施,2019-07-05,2019-07-04,,,,,,,,,
300166,分红,2020-06-02,0,0.0,0.48,实施,2020-06-09,2020-06-08,,,,,,,,,
300174,分红,2025-10-25,0,0,1.0,预案,,,,,,,,,,,
300174,分红,2024-12-14,0,0,1.0,预案,,,,,,,,,,,
300174,分红,2011-05-11,0,0,2.0,实施,2011-05-17,2011-05-16,,,,,,,,,
300174,分红,2012-04-26,0,10,2.0,实施,2012-05-08,2012-05-07,,,,,,,,,
300174,分红,2013-05-03,0,0,1.0,实施,2013-05-10,2013-05-09,,,,,,,,,
300174,分红,2014-04-11,0,0,0.5,实施,2014-04-17,2014-04-16,,,,,,,,,
300174,分红,2015-06-12,0,0,0.5,实施,2015-06-18,2015-06-17,,,,,,,,,
300174,分红,2016-05-18,0,0,1.0,实施,2016-05-25,2016-05-24,,,,,,,,,
300174,分红,2017-05-09,0,8,2.0,实施,2017-05-16,2017-05-15,,,,,,,,,
300174,分红,2018-05-30,0,0,0.5,实施,2018-06-07,2018-06-06,,,,,,,,,
300174,分红,2019-06-29,0,0,0.5,实施,2019-07-05,2019-07-04,,,,,,,,,
300174,分红,2020-03-26,0,0,0.5,实施,2020-04-02,2020-04-01,,,,,,,,,
300174,分红,2021-06-09,0,0,1.0,实施,2021-06-16,2021-06-15,,,,,,,,,
300174,分红,2022-07-01,0,0,1.00644,实施,2022-07-07,2022-07-06,,,,,,,,,
300174,分红,2023-07-01,0,0,0.5,实施,2023-07-10,2023-07-07,,,,,,,,,
300174,分红,2024-06-21,0,0,1.0,实施,2024-06-28,2024-06-27,,,,,,,,,
300174,分红,2025-01-14,0,0,1.0,实施,2025-01-22,2025-01-21,,,,,,,,,
300174,分红,2025-07-05,0,0,1.3,实施,2025-07-11,2025-07-10,,,,,,,,,
300174,分红,2026-01-17,0,0,1.0,实施,2026-01-26,2026-01-23,,,,,,,,,
300174,分红,2026-07-02,0,0,1.0,实施,2026-07-09,2026-07-08,,,,,,,,,
300176,分红,2024-04-26,0,0,0.0,不分配,,,,,,,,,,,
300176,分红,2023-04-28,0,0,0.0,不分配,,,,,,,,,,,
300176,分红,2022-04-28,0,0,0.0,不分配,,,,,,,,,,,
300176,分红,2021-04-28,0,0,0.0,不分配,,,,,,,,,,,
300176,分红,2020-04-28,0,0,0.0,不分配,,,,,,,,,,,
300176,分红,2019-04-18,0,0,0.0,不分配,,,,,,,,,,,
300176,分红,2011-03-24,0,0,0.0,不分配,,,,,,,,,,,
300176,分红,2012-06-08,0,0,2.0,实施,2012-06-14,2012-06-13,,,,,,,,,
300176,分红,2013-06-13,0,2,1.0,实施,2013-06-19,2013-06-18,,,,,,,,,
300176,分红,2014-06-17,0,0,1.0,实施,2014-06-24,2014-06-23,,,,,,,,,
300176,分红,2015-07-10,0,0,0.5,实施,2015-07-16,2015-07-15,,,,,,,,,
300176,分红,2016-05-18,0,0,1.0,实施,2016-05-25,2016-05-24,,,,,,,,,
300176,分红,2017-06-01,0,0,2.0,实施,2017-06-07,2017-06-06,,,,,,,,,
300176,分红,2018-05-23,0,9,11.0,实施,2018-05-29,2018-05-28,,,,,,,,,
300176,分红,2018-09-18,0,9,0.5,实施,2018-09-26,2018-09-25,,,,,,,,,
300176,分红,2025-07-03,0,0,0.2,实施,2025-07-10,2025-07-09,,,,,,,,,
300176,分红,2026-06-11,0,0,0.2,实施,2026-06-18,2026-06-17,,,,,,,,,
300176,配股,2026-08-10,,,,,,2026-08-12,,4,3.36,387281000,2026-08-21,,2026-08-19,2026-09-02,
300184,分红,2026-04-20,0,0,0.0,不分配,,,,,,,,,,,
300184,分红,2025-04-19,0,0,0.0,不分配,,,,,,,,,,,
300184,分红,2024-04-20,0,0,0.0,不分配,,,,,,,,,,,
300184,分红,2023-04-26,0,0,0.0,不分配,,,,,,,,,,,
300184,分红,2022-03-29,0,0,0.0,不分配,,,,,,,,,,,
300184,分红,2021-04-17,0,0,0.0,不分配,,,,,,,,,,,
300184,分红,2020-04-29,0,0,0.0,不分配,,,,,,,,,,,
300184,分红,2017-02-18,0,0,0.0,不分配,,,,,,,,,,,
300184,分红,2016-03-19,0,0,0.0,不分配,,,,,,,,,,,
300184,分红,2011-04-08,0,0,0.0,不分配,,,,,,,,,,,
300184,分红,2012-05-17,0,5,3.0,实施,2012-05-24,2012-05-23,,,,,,,,,
300184,分红,2013-05-02,0,0,3.0,实施,2013-05-09,2013-05-08,,,,,,,,,
300184,分红,2014-04-05,0,5,0.0,实施,2014-04-14,2014-04-11,2014-04-14,,,,,,,,
300184,分红,2015-04-16,0,10,0.0,实施,2015-04-22,2015-04-21,2015-04-22,,,,,,,,
300184,分红,2018-05-18,0,0,0.499167,实施,2018-05-25,2018-05-24,,,,,,,,,
300184,分红,2019-04-25,0,8,1.0,实施,2019-05-08,2019-05-07,,,,,,,,,
300192,分红,2024-12-24,0,0,1.0,预案,,,,,,,,,,,
300192,分红,2023-04-24,0,0,0.0,不分配,,,,,,,,,,,
300192,分红,2022-04-28,0,0,0.0,不分配,,,,,,,,,,,
300192,分红,2021-04-28,0,0,0.0,不分配,,,,,,,,,,,
300192,分红,2020-04-28,0,0,0.0,不分配,,,,,,,,,,,
300192,分红,2019-04-26,0,0,0.0,不分配,,,,,,,,,,,
300192,分红,2018-04-03,0,0,0.0,不分配,,,,,,,,,,,
300192,分红,2012-06-14,0,5,2.0,实施,2012-06-20,2012-06-19,,,,,,,,,
300192,分红,2013-07-05,0,0,1.0,实施,2013-07-11,2013-07-10,,,,,,,,,
300192,分红,2014-06-17,0,0,0.5,实施,2014-06-24,2014-06-23,,,,,,,,,
300192,分红,2014-09-12,0,12,0.0,实施,2014-09-19,2014-09-18,2014-09-19,,,,,,,,
300192,分红,2015-06-12,0,0,0.2,实施,2015-06-19,2015-06-18,,,,,,,,,
300192,分红,2016-06-15,0,0,0.5,实施,2016-06-22,2016-06-21,,,,,,,,,
300192,分红,2017-06-29,0,0,0.2,实施,2017-07-07,2017-07-06,,,,,,,,,
300192,分红,2021-09-24,0,0,3.0,实施,2021-09-30,2021-09-29,,,,,,,,,
300192,分红,2024-05-30,0,0,2.7,实施,2024-06-07,2024-06-06,,,,,,,,,
300192,分红,2024-09-26,0,0,1.5,实施,2024-10-11,2024-10-10,,,,,,,,,
300192,分红,2025-01-15,0,0,1.0,实施,2025-01-22,2025-01-21,,,,,,,,,
300192,分红,2025-05-28,0,0,1.0,实施,2025-06-05,2025-06-04,,,,,,,,,
300192,分红,2025-11-13,0,0,1.0,实施,2025-11-21,2025-11-20,,,,,,,,,
300192,分红,2026-06-30,0,4,0.0,实施,2026-07-08,2026-07-07,2026-07-08,,,,,,,,
300213,分红,2026-04-25,0,0,0.0,不分配,,,,,,,,,,,
300213,分红,2011-05-24,0,0,0.0,不分配,,,,,,,,,,,
300213,分红,2012-05-23,0,5,1.0,实施,2012-05-29,2012-05-28,,,,,,,,,
300213,分红,2013-06-29,0,0,0.5,实施,2013-07-05,2013-07-04,,,,,,,,,
300213,分红,2014-05-05,0,10,0.6,实施,2014-05-12,2014-05-09,,,,,,,,,
300213,分红,2015-06-18,0,0,1.0,实施,2015-06-26,2015-06-25,,,,,,,,,
300213,分红,2016-04-23,0,0,1.0,实施,2016-05-03,2016-04-29,,,,,,,,,
300213,分红,2017-04-11,0,10,1.0,实施,2017-04-17,2017-04-14,,,,,,,,,
300213,分红,2018-05-16,0,0,0.5,实施,2018-05-23,2018-05-22,,,,,,,,,
300213,分红,2019-04-23,0,0,0.5,实施,2019-04-30,2019-04-29,,,,,,,,,
300213,分红,2020-05-08,0,0,0.5,实施,2020-05-14,2020-05-13,,,,,,,,,
300213,分红,2021-05-20,0,0,0.5,实施,2021-05-27,2021-05-26,,,,,,,,,
300213,分红,2022-05-28,0,0,0.5,实施,2022-06-07,2022-06-06,,,,,,,,,
300213,分红,2023-05-15,0,0,0.5,实施,2023-05-23,2023-05-22,,,,,,,,,
300213,分红,2024-05-17,0,0,0.5,实施,2024-05-24,2024-05-23,,,,,,,,,
300213,分红,2025-05-29,0,0,0.5,实施,2025-06-06,2025-06-05,,,,,,,,,
300220,分红,2026-04-23,0,0,0.0,不分配,,,,,,,,,,,
300220,分红,2025-04-22,0,0,0.0,不分配,,,,,,,,,,,
300220,分红,2024-04-27,0,0,0.0,不分配,,,,,,,,,,,
300220,分红,2023-04-28,0,0,0.0,不分配,,,,,,,,,,,
300220,分红,2022-04-27,0,0,0.0,不分配,,,,,,,,,,,
300220,分红,2021-04-23,0,0,0.0,不分配,,,,,,,,,,,
300220,分红,2018-04-13,0,0,0.0,不分配,,,,,,,,,,,
300220,分红,2016-04-26,0,0,0.0,不分配,,,,,,,,,,,
300220,分红,2012-03-30,0,0,0.0,不分配,,,,,,,,,,,
300220,分红,2012-12-26,0,0,1.0,实施,2013-01-04,2012-12-31,,,,,,,,,
300220,分红,2013-04-26,0,10,0.0,实施,2013-05-07,2013-05-06,2013-05-07,,,,,,,,
300220,分红,2014-06-04,0,0,0.2,实施,2014-06-11,2014-06-10,,,,,,,,,
300220,分红,2014-09-05,0,8,0.0,实施,2014-09-15,2014-09-12,2014-09-15,,,,,,,,
300220,分红,2015-07-07,0,0,0.1,实施,2015-07-14,2015-07-13,,,,,,,,,
300220,分红,2017-07-10,0,0,0.06,实施,2017-07-17,2017-07-14,,,,,,,,,
300220,分红,2019-05-13,0,0,0.06,实施,2019-05-21,2019-05-20,,,,,,,,,
300220,分红,2020-06-23,0,2,0.13,实施,2020-07-02,2020-07-01,,,,,,,,,
300221,分红,2025-04-03,0,0,0.0,不分配,,,,,,,,,,,
300221,分红,2024-04-19,0,0,0.0,不分配,,,,,,,,,,,
300221,分红,2023-04-11,0,0,0.0,不分配,,,,,,,,,,,
300221,分红,2022-04-25,0,0,0.0,不分配,,,,,,,,,,,
300221,分红,2021-04-29,0,0,0.0,不分配,,,,,,,,,,,
300221,分红,2020-04-28,0,0,0.0,不分配,,,,,,,,,,,
300221,分红,2019-04-26,0,0,0.0,不分配,,,,,,,,,,,
300221,分红,2012-05-10,0,10,2.0,实施,2012-05-17,2012-05-16,,,,,,,,,
300221,分红,2013-05-09,0,0,0.8,实施,2013-05-16,2013-05-15,,,,,,,,,
300221,分红,2014-04-24,0,0,0.35,实施,2014-04-30,2014-04-29,,,,,,,,,
300221,分红,2015-04-22,0,10,0.45,实施,2015-04-28,2015-04-27,,,,,,,,,
300221,分红,2016-05-06,0,0,0.35,实施,2016-05-13,2016-05-12,,,,,,,,,
300221,分红,2017-05-27,0,0,0.989904,实施,2017-06-07,2017-06-06,,,,,,,,,
300221,分红,2018-05-23,0,0,1.2,实施,2018-05-30,2018-05-29,,,,,,,,,
300221,分红,2026-07-03,0,0,1.0,实施,2026-07-10,2026-07-09,,,,,,,,,
300221,分红,2026-09-16,0,0,1.0,实施,2026-09-24,2026-09-23,,,,,,,,,
300222,分红,2025-04-19,0,0,0.0,不分配,,,,,,,,,,,
300222,分红,2024-04-20,0,0,0.0,不分配,,,,,,,,,,,
300222,分红,2023-04-22,0,0,0.0,不分配,,,,,,,,,,,
300222,分红,2022-04-22,0,0,0.0,不分配,,,,,,,,,,,
300222,分红,2021-04-27,0,0,0.0,不分配,,,,,,,,,,,
300222,分红,2020-04-29,0,0,0.0,不分配,,,,,,,,,,,
300222,分红,2012-03-23,0,8,4.0,实施,2012-03-30,2012-03-29,,,,,,,,,
300222,分红,2013-05-11,0,0,0.5,实施,2013-05-17,2013-05-16,,,,,,,,,
300222,分红,2014-04-30,0,0,0.5,实施,2014-05-09,2014-05-08,,,,,,,,,
300222,分红,2015-04-27,0,9,0.8,实施,2015-05-04,2015-04-30,,,,,,,,,
300222,分红,2015-09-09,0,8,0.0,实施,2015-09-16,2015-09-15,2015-09-16,,,,,,,,
300222,分红,2016-04-15,0,0,0.7,实施,2016-04-21,2016-04-20,,,,,,,,,
300222,分红,2017-04-21,0,0,0.6,实施,2017-04-28,2017-04-27,,,,,,,,,
300222,分红,2018-05-11,0,0,0.7,实施,2018-05-18,2018-05-17,,,,,,,,,
300222,分红,2019-07-08,0,0,0.814309,实施,2019-07-16,2019-07-15,,,,,,,,,
300222,分红,2026-04-15,0,0,0.4,实施,2026-04-21,2026-04-20,,,,,,,,,
300226,分红,2026-08-22,0,0,0.5,预案,,,,,,,,,,,
300226,分红,2025-04-03,0,0,0.0,不分配,,,,,,,,,,,
300226,分红,2018-03-17,0,0,0.0,不分配,,,,,,,,,,,
300226,分红,2017-03-31,0,0,0.0,不分配,,,,,,,,,,,
300226,分红,2016-04-26,0,0,0.0,不分配,,,,,,,,,,,
300226,分红,2012-04-20,5,5,1.0,实施,2012-04-27,2012-04-26,,,,,,,,,
300226,分红,2013-05-09,2,3,0.5,实施,2013-05-17,2013-05-16,,,,,,,,,
300226,分红,2014-06-12,0,3,0.5,实施,2014-06-19,2014-06-18,,,,,,,,,
300226,分红,2015-05-06,0,0,0.2,实施,2015-05-12,2015-05-11,,,,,,,,,
300226,分红,2019-05-28,0,0,0.5,实施,2019-06-04,2019-06-03,,,,,,,,,
300226,分红,2020-06-03,2,0,1.2,实施,2020-06-11,2020-06-10,,,,,,,,,
300226,分红,2021-05-28,0,0,1.3,实施,2021-06-04,2021-06-03,,,,,,,,,
300226,分红,2022-05-12,0,4,1.0,实施,2022-05-19,2022-05-18,,,,,,,,,
300226,分红,2023-05-12,0,2,0.8,实施,2023-05-19,2023-05-18,,,,,,,,,
300226,分红,2024-05-21,0,0,0.8,实施,2024-05-29,2024-05-28,,,,,,,,,
300226,分红,2025-10-14,0,0,0.5,实施,2025-10-22,2025-10-21,,,,,,,,,
300226,分红,2026-06-04,0,2,0.5,实施,2026-06-12,2026-06-11,,,,,,,,,
300230,分红,2023-04-28,0,0,0.0,不分配,,,,,,,,,,,
300230,分红,2022-04-28,0,0,0.0,不分配,,,,,,,,,,,
300230,分红,2021-04-28,0,0,0.0,不分配,,,,,,,,,,,
300230,分红,2012-06-15,0,8,1.6,实施,2012-06-21,2012-06-20,,,,,,,,,
300230,分红,2013-05-21,0,0,1.0,实施,2013-05-28,2013-05-27,,,,,,,,,
300230,分红,2014-05-30,0,0,1.0,实施,2014-06-10,2014-06-09,,,,,,,,,
300230,分红,2015-05-28,0,0,1.0,实施,2015-06-04,2015-06-03,,,,,,,,,
300230,分红,2016-05-25,0,0,1.0,实施,2016-05-31,2016-05-30,,,,,,,,,
300230,分红,2017-06-02,0,8,2.0,实施,2017-06-09,2017-06-08,,,,,,,,,
300230,分红,2018-05-25,0,8,1.2,实施,2018-06-01,2018-05-31,,,,,,,,,
300230,分红,2019-05-22,0,0,2.45,实施,2019-05-29,2019-05-28,,,,,,,,,
300230,分红,2020-05-22,0,0,2.5,实施,2020-05-29,2020-05-28,,,,,,,,,
300230,分红,2020-09-11,0,0,2.5,实施,2020-09-21,2020-09-18,,,,,,,,,
300230,分红,2024-05-22,0,0,1.25,实施,2024-05-30,2024-05-29,,,,,,,,,
300230,分红,2025-06-04,0,0,0.65,实施,2025-06-11,2025-06-10,,,,,,,,,
300230,分红,2026-06-23,0,0,1.85,实施,2026-06-30,2026-06-29,,,,,,,,,
300231,分红,2012-06-12,0,10,2.0,实施,2012-06-19,2012-06-18,,,,,,,,,
300231,分红,2013-05-11,0,5,1.5,实施,2013-05-20,2013-05-17,,,,,,,,,
300231,分红,2014-06-17,0,8,1.0,实施,2014-06-24,2014-06-23,,,,,,,,,
300231,分红,2015-04-21,5,0,1.3,实施,2015-04-27,2015-04-24,,,,,,,,,
300231,分红,2016-07-01,0,0,0.981911,实施,2016-07-08,2016-07-07,,,,,,,,,
300231,分红,2017-07-14,0,0,1.5,实施,2017-07-21,2017-07-20,,,,,,,,,
300231,分红,2018-05-23,0,0,1.5,实施,2018-05-30,2018-05-29,,,,,,,,,
300231,分红,2019-05-24,0,0,1.5,实施,2019-05-31,2019-05-30,,,,,,,,,
300231,分红,2020-03-27,0,0,1.5,实施,2020-04-03,2020-04-02,,,,,,,,,
300231,分红,2021-04-10,0,0,2.0,实施,2021-04-16,2021-04-15,,,,,,,,,
300231,分红,2022-05-18,0,0,2.0,实施,2022-05-25,2022-05-24,,,,,,,,,
300231,分红,2023-05-10,0,0,2.0,实施,2023-05-17,2023-05-16,,,,,,,,,
300231,分红,2024-05-21,0,0,2.0,实施,2024-05-28,2024-05-27,,,,,,,,,
300231,分红,2025-05-20,0,0,1.0,实施,2025-05-27,2025-05-26,,,,,,,,,
300231,分红,2026-05-20,0,0,1.5,实施,2026-05-27,2026-05-26,,,,,,,,,
300231,配股,2018-03-01,,,,,,2018-03-05,,3,5.9,342510000,2018-03-14,,2018-03-12,2018-03-23,
300232,分红,2013-04-26,0,0.0,0.0,不分配,,,,,,,,,,,
300232,分红,2012-05-23,0,3.0,1.0,实施,2012-05-30,2012-05-29,,,,,,,,,
300232,分红,2014-05-16,0,0.0,0.6,实施,2014-05-22,2014-05-21,,,,,,,,,
300232,分红,2014-09-25,0,10.0053,0.0,实施,2014-10-09,2014-10-08,2014-10-09,,,,,,,,
300232,分红,2015-05-14,0,0.0,0.3,实施,2015-05-22,2015-05-21,,,,,,,,,
300232,分红,2016-05-18,0,15.0,0.6,实施,2016-05-24,2016-05-23,,,,,,,,,
300232,分红,2017-05-19,0,0.0,0.5,实施,2017-05-26,2017-05-25,,,,,,,,,
300232,分红,2018-06-15,0,2.0,0.5,实施,2018-06-25,2018-06-22,,,,,,,,,
300232,分红,2019-06-12,0,2.0008,0.600239,实施,2019-06-18,2019-06-17,,,,,,,,,
300232,分红,2020-06-05,0,0.0,0.15,实施,2020-06-15,2020-06-12,,,,,,,,,
300232,分红,2021-06-01,0,0.0,0.2,实施,2021-06-08,2021-06-07,,,,,,,,,
300232,分红,2022-05-26,0,0.0,0.25,实施,2022-06-01,2022-05-31,,,,,,,,,
300232,分红,2023-06-07,0,0.0,0.15,实施,2023-06-14,2023-06-13,,,,,,,,,
300232,分红,2024-05-15,0,0.0,0.50069,实施,2024-05-22,2024-05-21,,,,,,,,,
300232,分红,2025-05-16,0,0.0,2.4,实施,2025-05-22,2025-05-21,,,,,,,,,
300232,分红,2026-05-21,0,0.0,0.2,实施,2026-05-27,2026-05-26,,,,,,,,,
300233,分红,2012-05-19,0,0,2.0,实施,2012-05-25,2012-05-24,,,,,,,,,
300233,分红,2013-06-25,0,0,1.5,实施,2013-07-02,2013-07-01,,,,,,,,,
300233,分红,2014-04-25,0,0,2.0,实施,2014-05-06,2014-05-05,,,,,,,,,
300233,分红,2015-05-13,0,0,3.0,实施,2015-05-19,2015-05-18,,,,,,,,,
300233,分红,2015-09-11,0,10,0.0,实施,2015-09-17,2015-09-16,2015-09-17,,,,,,,,
300233,分红,2016-03-30,0,0,1.5,实施,2016-04-07,2016-04-06,,,,,,,,,
300233,分红,2017-05-03,0,0,1.5,实施,2017-05-10,2017-05-09,,,,,,,,,
300233,分红,2018-04-24,0,0,2.0,实施,2018-05-04,2018-05-03,,,,,,,,,
300233,分红,2019-04-23,0,0,2.5,实施,2019-04-30,2019-04-29,,,,,,,,,
300233,分红,2020-05-18,0,0,2.0,实施,2020-05-26,2020-05-25,,,,,,,,,
300233,分红,2021-05-28,0,0,2.01842,实施,2021-06-04,2021-06-03,,,,,,,,,
300233,分红,2022-04-28,0,0,1.98174,实施,2022-05-11,2022-05-10,,,,,,,,,
300233,分红,2023-05-13,0,0,1.5,实施,2023-05-19,2023-05-18,,,,,,,,,
300233,分红,2024-04-25,0,0,2.0,实施,2024-05-08,2024-05-07,,,,,,,,,
300233,分红,2024-09-12,0,0,1.0,实施,2024-09-20,2024-09-19,,,,,,,,,
300233,分红,2025-02-11,0,0,1.5,实施,2025-02-17,2025-02-14,,,,,,,,,
300233,分红,2025-05-06,0,0,1.5,实施,2025-05-14,2025-05-13,,,,,,,,,
300233,分红,2025-09-10,0,0,1.0,实施,2025-09-17,2025-09-16,,,,,,,,,
300233,分红,2026-05-07,0,0,1.5,实施,2026-05-15,2026-05-14,,,,,,,,,
300234,分红,2026-04-11,0,0.0,0.0,不分配,,,,,,,,,,,
300234,分红,2019-04-26,0,0.0,0.0,不分配,,,,,,,,,,,
300234,分红,2018-04-24,0,0.0,0.0,不分配,,,,,,,,,,,
300234,分红,2012-05-18,0,5.0,2.0,实施,2012-05-28,2012-05-25,,,,,,,,,
300234,分红,2013-07-04,0,0.0,0.25,实施,2013-07-10,2013-07-09,,,,,,,,,
300234,分红,2014-07-03,0,0.0,0.42,实施,2014-07-09,2014-07-08,,,,,,,,,
300234,分红,2014-08-13,0,12.0,0.0,实施,2014-08-20,2014-08-19,2014-08-20,,,,,,,,
300234,分红,2015-07-09,0,0.0,0.4,实施,2015-07-15,2015-07-14,,,,,,,,,
300234,分红,2016-07-07,0,0.0,0.23707,实施,2016-07-13,2016-07-12,,,,,,,,,
300234,分红,2017-05-09,0,0.0,0.1,实施,2017-05-16,2017-05-15,,,,,,,,,
300234,分红,2020-04-14,0,8.12539,0.629717,实施,2020-04-21,2020-04-20,,,,,,,,,
300234,分红,2021-05-25,0,0.0,0.16,实施,2021-05-31,2021-05-28,,,,,,,,,
300234,分红,2022-07-22,0,0.0,0.16,实施,2022-07-29,2022-07-28,,,,,,,,,
300234,分红,2023-05-31,0,0.0,0.15,实施,2023-06-07,2023-06-06,,,,,,,,,
300234,分红,2023-12-11,0,0.0,0.59,实施,2023-12-18,2023-12-15,,,,,,,,,
300234,分红,2024-05-08,0,0.0,0.3,实施,2024-05-15,2024-05-14,,,,,,,,,
300234,分红,2025-05-27,0,0.0,0.14,实施,2025-06-05,2025-06-04,,,,,,,,,
300235,分红,2019-04-23,0,0,0.0,不分配,,,,,,,,,,,
300235,分红,2018-04-18,0,0,0.0,不分配,,,,,,,,,,,
300235,分红,2013-03-18,0,0,0.0,不分配,,,,,,,,,,,
300235,分红,2011-09-15,0,0,2.0,实施,2011-09-22,2011-09-21,,,,,,,,,
300235,分红,2012-06-29,0,10,2.0,实施,2012-07-09,2012-07-06,,,,,,,,,
300235,分红,2014-07-02,0,8,0.6,实施,2014-07-08,2014-07-07,,,,,,,,,
300235,分红,2015-06-08,0,0,1.0,实施,2015-06-16,2015-06-15,,,,,,,,,
300235,分红,2016-06-02,0,0,0.6,实施,2016-06-14,2016-06-13,,,,,,,,,
300235,分红,2017-05-09,0,0,0.14157,实施,2017-05-16,2017-05-15,,,,,,,,,
300235,分红,2020-05-22,0,0,0.5,实施,2020-05-29,2020-05-28,,,,,,,,,
300235,分红,2021-05-25,0,0,0.55,实施,2021-06-01,2021-05-31,,,,,,,,,
300235,分红,2022-05-10,0,0,0.2,实施,2022-05-17,2022-05-16,,,,,,,,,
300235,分红,2023-05-08,0,5,0.4,实施,2023-05-16,2023-05-15,,,,,,,,,
300235,分红,2024-04-30,0,0,0.501971,实施,2024-05-10,2024-05-09,,,,,,,,,
300235,分红,2025-05-26,0,0,0.45,实施,2025-06-03,2025-05-30,,,,,,,,,
300235,分红,2026-05-20,0,0,0.25,实施,2026-05-27,2026-05-26,,,,,,,,,
300236,分红,2019-04-26,0,0,0.0,不分配,,,,,,,,,,,
300236,分红,2012-06-20,0,0,2.7,实施,2012-06-29,2012-06-28,,,,,,,,,
300236,分红,2013-05-22,0,0,2.0,实施,2013-05-29,2013-05-28,,,,,,,,,
300236,分红,2014-06-27,0,0,1.8,实施,2014-07-04,2014-07-03,,,,,,,,,
300236,分红,2015-05-29,0,6,0.0,实施,2015-06-08,2015-06-05,2015-06-08,,,,,,,,
300236,分红,2016-05-31,0,0,0.5,实施,2016-06-06,2016-06-03,,,,,,,,,
300236,分红,2017-06-26,0,0,1.0,实施,2017-07-03,2017-06-30,,,,,,,,,
300236,分红,2018-06-12,0,0,1.3,实施,2018-06-19,2018-06-15,,,,,,,,,
300236,分红,2019-10-25,0,5,0.5,实施,2019-11-01,2019-10-31,,,,,,,,,
300236,分红,2020-08-05,0,0,1.2,实施,2020-08-12,2020-08-11,,,,,,,,,
300236,分红,2021-07-08,0,0,2.0,实施,2021-07-16,2021-07-15,,,,,,,,,
300236,分红,2022-06-23,0,0,1.5,实施,2022-06-30,2022-06-29,,,,,,,,,
300236,分红,2023-05-23,0,0,1.5,实施,2023-05-30,2023-05-29,,,,,,,,,
300236,分红,2024-05-23,0,0,1.98866,实施,2024-05-30,2024-05-29,,,,,,,,,
300236,分红,2025-06-11,0,0,2.6,实施,2025-06-17,2025-06-16,,,,,,,,,
300236,分红,2026-05-19,0,0,4.7796,实施,2026-05-26,2026-05-25,,,,,,,,,
300242,分红,2026-04-08,0,0,0.0,不分配,,,,,,,,,,,
300242,分红,2025-06-03,0,0,0.0,不分配,,,,,,,,,,,
300242,分红,2024-04-26,0,0,0.0,不分配,,,,,,,,,,,
300242,分红,2023-04-28,0,0,0.0,不分配,,,,,,,,,,,
300242,分红,2022-04-28,0,0,0.0,不分配,,,,,,,,,,,
300242,分红,2021-03-16,0,0,0.0,不分配,,,,,,,,,,,
300242,分红,2020-04-08,0,0,0.0,不分配,,,,,,,,,,,
300242,分红,2019-03-25,0,0,0.0,不分配,,,,,,,,,,,
300242,分红,2014-04-16,0,0,0.0,不分配,,,,,,,,,,,
300242,分红,2012-06-07,0,0,2.0,实施,2012-06-13,2012-06-12,,,,,,,,,
300242,分红,2013-06-17,0,0,0.2,实施,2013-06-21,2013-06-20,,,,,,,,,
300242,分红,2015-04-22,0,0,0.1,实施,2015-04-28,2015-04-27,,,,,,,,,
300242,分红,2015-09-16,0,15,0.0,实施,2015-09-22,2015-09-21,2015-09-22,,,,,,,,
300242,分红,2016-06-18,0,0,0.18,实施,2016-06-24,2016-06-23,,,,,,,,,
300242,分红,2016-09-19,0,10,0.0,实施,2016-09-26,2016-09-23,2016-09-26,,,,,,,,
300242,分红,2017-07-04,0,0,0.29,实施,2017-07-11,2017-07-10,,,,,,,,,
300242,分红,2018-05-03,0,0,0.31,实施,2018-05-10,2018-05-09,,,,,,,,,
300243,分红,2023-04-18,0,0,0.0,不分配,,,,,,,,,,,
300243,分红,2012-07-06,0,6,1.5,实施,2012-07-16,2012-07-13,,,,,,,,,
300243,分红,2013-06-21,0,2,0.5,实施,2013-06-28,2013-06-27,,,,,,,,,
300243,分红,2014-07-15,0,10,0.0,实施,2014-07-22,2014-07-21,2014-07-22,,,,,,,,
300243,分红,2015-05-16,0,0,0.2,实施,2015-05-22,2015-05-21,,,,,,,,,
300243,分红,2016-05-04,0,0,0.2,实施,2016-05-11,2016-05-10,,,,,,,,,
300243,分红,2017-07-26,0,0,0.099655,实施,2017-08-03,2017-08-02,,,,,,,,,
300243,分红,2018-06-14,0,0,0.489688,实施,2018-06-22,2018-06-21,,,,,,,,,
300243,分红,2019-05-15,0,1,1.0,实施,2019-05-23,2019-05-22,,,,,,,,,
300243,分红,2020-06-11,0,0,1.0,实施,2020-06-18,2020-06-17,,,,,,,,,
300243,分红,2021-06-09,0,0,1.2,实施,2021-06-18,2021-06-17,,,,,,,,,
300243,分红,2022-07-29,0,0,1.19999,实施,2022-08-05,2022-08-04,,,,,,,,,
300243,分红,2024-07-04,0,0,0.999985,实施,2024-07-11,2024-07-10,,,,,,,,,
300243,分红,2025-07-11,0,0,0.499999,实施,2025-07-18,2025-07-17,,,,,,,,,
300243,分红,2026-06-04,0,0,0.898016,实施,2026-06-11,2026-06-10,,,,,,,,,
300246,分红,2026-04-25,0,0,0.0,不分配,,,,,,,,,,,
300246,分红,2025-04-25,0,0,0.0,不分配,,,,,,,,,,,
300246,分红,2024-04-25,0,0,0.0,不分配,,,,,,,,,,,
300246,分红,2012-06-21,0,8,5.0,实施,2012-06-29,2012-06-28,,,,,,,,,
300246,分红,2013-05-24,0,10,2.0,实施,2013-05-31,2013-05-30,,,,,,,,,
300246,分红,2014-05-21,0,0,0.5,实施,2014-05-29,2014-05-28,,,,,,,,,
300246,分红,2015-05-19,0,0,0.5,实施,2015-05-27,2015-05-26,,,,,,,,,
300246,分红,2016-06-21,0,0,0.5,实施,2016-06-28,2016-06-27,,,,,,,,,
300246,分红,2017-06-05,0,0,0.5,实施,2017-06-12,2017-06-09,,,,,,,,,
300246,分红,2018-07-06,0,0,0.5,实施,2018-07-13,2018-07-12,,,,,,,,,
300246,分红,2019-05-28,0,0,1.0,实施,2019-06-04,2019-06-03,,,,,,,,,
300246,分红,2020-05-25,0,0,2.0,实施,2020-06-02,2020-06-01,,,,,,,,,
300246,分红,2021-06-18,0,0,4.0,实施,2021-06-28,2021-06-25,,,,,,,,,
300246,分红,2022-07-05,0,0,2.0,实施,2022-07-11,2022-07-08,,,,,,,,,
300246,分红,2023-05-18,0,5,2.0,实施,2023-05-25,2023-05-24,,,,,,,,,
300246,分红,2025-11-19,0,0,0.5,实施,2025-11-26,2025-11-25,,,,,,,,,
300247,分红,2026-04-22,0,0,0.0,不分配,,,,,,,,,,,
300247,分红,2025-04-23,0,0,0.0,不分配,,,,,,,,,,,
300247,分红,2024-04-24,0,0,0.0,不分配,,,,,,,,,,,
300247,分红,2023-04-26,0,0,0.0,不分配,,,,,,,,,,,
300247,分红,2022-04-25,0,0,0.0,不分配,,,,,,,,,,,
300247,分红,2021-04-21,0,0,0.0,不分配,,,,,,,,,,,
300247,分红,2020-04-24,0,0,0.0,不分配,,,,,,,,,,,
300247,分红,2019-04-30,0,0,0.0,不分配,,,,,,,,,,,
300247,分红,2012-07-06,0,0,3.0,实施,2012-07-13,2012-07-12,,,,,,,,,
300247,分红,2013-05-30,0,5,0.0,实施,2013-06-06,2013-06-05,2013-06-06,,,,,,,,
300247,分红,2014-08-04,0,10,2.0,实施,2014-08-11,2014-08-08,,,,,,,,,
300247,分红,2015-06-26,0,0,0.2,实施,2015-07-03,2015-07-02,,,,,,,,,
300247,分红,2016-04-22,0,10,0.3,实施,2016-04-29,2016-04-28,,,,,,,,,
300247,分红,2017-06-14,0,0,0.3,实施,2017-06-20,2017-06-19,,,,,,,,,
300247,分红,2018-06-08,0,0,0.3,实施,2018-06-14,2018-06-13,,,,,,,,,
300248,分红,2012-04-27,0,10.0,2.0,实施,2012-05-09,2012-05-08,,,,,,,,,
300248,分红,2013-05-16,0,0.0,1.0,实施,2013-05-22,2013-05-21,,,,,,,,,
300248,分红,2014-05-12,0,6.0,1.0,实施,2014-05-19,2014-05-16,,,,,,,,,
300248,分红,2015-03-18,0,10.0,1.0,实施,2015-03-25,2015-03-24,,,,,,,,,
300248,分红,2016-05-24,0,0.0,0.5,实施,2016-06-01,2016-05-31,,,,,,,,,
300248,分红,2017-06-14,0,0.0,0.55,实施,2017-06-22,2017-06-21,,,,,,,,,
300248,分红,2018-05-15,0,5.08814,0.610576,实施,2018-05-22,2018-05-21,,,,,,,,,
300248,分红,2019-06-12,0,0.0,0.4,实施,2019-06-18,2019-06-17,,,,,,,,,
300248,分红,2020-05-26,0,0.0,0.6,实施,2020-06-01,2020-05-29,,,,,,,,,
300248,分红,2021-06-15,0,0.0,0.6,实施,2021-06-21,2021-06-18,,,,,,,,,
300248,分红,2022-05-18,0,0.0,0.65,实施,2022-05-25,2022-05-24,,,,,,,,,
300248,分红,2023-06-01,0,0.0,0.65,实施,2023-06-09,2023-06-08,,,,,,,,,
300248,分红,2024-05-22,0,0.0,0.8,实施,2024-05-29,2024-05-28,,,,,,,,,
300248,分红,2025-06-06,0,0.0,0.8,实施,2025-06-13,2025-06-12,,,,,,,,,
300248,分红,2026-06-16,0,0.0,0.8,实施,2026-06-25,2026-06-24,,,,,,,,,
300249,分红,2026-04-17,0,0,0.0,不分配,,,,,,,,,,,
300249,分红,2025-04-23,0,0,0.0,不分配,,,,,,,,,,,
300249,分红,2024-04-16,0,0,0.0,不分配,,,,,,,,,,,
300249,分红,2023-04-18,0,0,0.0,不分配,,,,,,,,,,,
300249,分红,2021-03-20,0,0,0.0,不分配,,,,,,,,,,,
300249,分红,2020-04-28,0,0,0.0,不分配,,,,,,,,,,,
300249,分红,2017-04-25,0,0,0.0,不分配,,,,,,,,,,,
300249,分红,2014-03-25,0,0,0.0,不分配,,,,,,,,,,,
300249,分红,2012-05-18,0,0,1.0,实施,2012-05-25,2012-05-24,,,,,,,,,
300249,分红,2013-05-11,0,10,1.0,实施,2013-05-17,2013-05-16,,,,,,,,,
300249,分红,2015-05-16,0,0,0.2,实施,2015-05-22,2015-05-21,,,,,,,,,
300249,分红,2016-04-25,0,15,0.3,实施,2016-04-29,2016-04-28,,,,,,,,,
300249,分红,2018-07-05,0,0,0.24934,实施,2018-07-11,2018-07-10,,,,,,,,,
300249,分红,2019-06-05,0,0,0.15,实施,2019-06-13,2019-06-12,,,,,,,,,
300249,分红,2022-05-07,0,0,0.2,实施,2022-05-13,2022-05-12,,,,,,,,,
300250,分红,2026-04-27,0,0.0,0.0,不分配,,,,,,,,,,,
300250,分红,2025-04-25,0,0.0,0.0,不分配,,,,,,,,,,,
300250,分红,2024-04-24,0,0.0,0.0,不分配,,,,,,,,,,,
300250,分红,2023-04-27,0,0.0,0.0,不分配,,,,,,,,,,,
300250,分红,2022-04-26,0,0.0,0.0,不分配,,,,,,,,,,,
300250,分红,2021-04-24,0,0.0,0.0,不分配,,,,,,,,,,,
300250,分红,2020-04-29,0,0.0,0.0,不分配,,,,,,,,,,,
300250,分红,2019-04-20,0,0.0,0.0,不分配,,,,,,,,,,,
300250,分红,2012-04-24,0,10.0,2.5,实施,2012-05-04,2012-05-03,,,,,,,,,
300250,分红,2013-05-03,0,0.0,1.0,实施,2013-05-13,2013-05-10,,,,,,,,,
300250,分红,2014-05-10,0,0.0,1.5,实施,2014-05-16,2014-05-15,,,,,,,,,
300250,分红,2015-06-04,0,0.0,0.5,实施,2015-06-11,2015-06-10,,,,,,,,,
300250,分红,2016-06-04,0,9.92299,2.57998,实施,2016-06-14,2016-06-13,,,,,,,,,
300250,分红,2017-05-12,0,0.0,2.2,实施,2017-05-19,2017-05-18,,,,,,,,,
300250,分红,2018-05-19,0,0.0,2.0,实施,2018-05-25,2018-05-24,,,,,,,,,
300260,分红,2016-04-26,0,0,0.0,不分配,,,,,,,,,,,
300260,分红,2012-06-11,0,5,3.0,实施,2012-06-19,2012-06-18,,,,,,,,,
300260,分红,2013-06-26,0,0,0.15,实施,2013-07-04,2013-07-03,,,,,,,,,
300260,分红,2014-07-03,0,0,0.15,实施,2014-07-11,2014-07-10,,,,,,,,,
300260,分红,2015-07-01,0,0,0.15,实施,2015-07-07,2015-07-06,,,,,,,,,
300260,分红,2017-06-09,0,10,0.2,实施,2017-06-15,2017-06-14,,,,,,,,,
300260,分红,2018-05-31,0,0,0.2,实施,2018-06-08,2018-06-07,,,,,,,,,
300260,分红,2019-05-11,0,0,1.0,实施,2019-05-17,2019-05-16,,,,,,,,,
300260,分红,2020-06-17,0,0,1.0,实施,2020-06-24,2020-06-23,,,,,,,,,
300260,分红,2021-06-09,0,0,0.5,实施,2021-06-18,2021-06-17,,,,,,,,,
300260,分红,2022-06-30,0,0,0.8,实施,2022-07-08,2022-07-07,,,,,,,,,
300260,分红,2023-06-09,0,8,1.6,实施,2023-06-16,2023-06-15,,,,,,,,,
300260,分红,2024-07-09,0,0,0.602977,实施,2024-07-16,2024-07-15,,,,,,,,,
300260,分红,2025-07-11,0,0,0.6,实施,2025-07-18,2025-07-17,,,,,,,,,
300260,分红,2026-07-08,0,0,0.5,实施,2026-07-15,2026-07-14,,,,,,,,,
300269,分红,2026-04-23,0,0,0.0,不分配,,,,,,,,,,,
300269,分红,2025-04-16,0,0,0.0,不分配,,,,,,,,,,,
300269,分红,2024-04-19,0,0,0.0,不分配,,,,,,,,,,,
300269,分红,2023-04-28,0,0,0.0,不分配,,,,,,,,,,,
300269,分红,2022-04-30,0,0,0.0,不分配,,,,,,,,,,,
300269,分红,2021-04-30,0,0,0.0,不分配,,,,,,,,,,,
300269,分红,2020-04-30,0,0,0.0,不分配,,,,,,,,,,,
300269,分红,2019-04-27,0,0,0.0,不分配,,,,,,,,,,,
300269,分红,2018-04-28,0,0,0.0,不分配,,,,,,,,,,,
300269,分红,2012-05-11,0,0,3.0,实施,2012-05-18,2012-05-17,,,,,,,,,
300269,分红,2013-06-19,0,6,2.0,实施,2013-06-25,2013-06-24,,,,,,,,,
300269,分红,2014-05-22,0,0,0.3,实施,2014-05-30,2014-05-29,,,,,,,,,
300269,分红,2015-04-25,0,15,2.0,实施,2015-05-04,2015-04-30,,,,,,,,,
300269,分红,2016-05-19,0,0,1.99615,实施,2016-05-26,2016-05-25,,,,,,,,,
300269,分红,2017-05-13,0,0,2.0,实施,2017-05-19,2017-05-18,,,,,,,,,
300270,分红,2026-04-22,0,0,0.0,不分配,,,,,,,,,,,
300270,分红,2025-04-23,0,0,0.0,不分配,,,,,,,,,,,
300270,分红,2024-03-19,0,0,0.0,不分配,,,,,,,,,,,
300270,分红,2023-04-20,0,0,0.0,不分配,,,,,,,,,,,
300270,分红,2022-04-28,0,0,0.0,不分配,,,,,,,,,,,
300270,分红,2021-04-27,0,0,0.0,不分配,,,,,,,,,,,
300270,分红,2020-04-27,0,0,0.0,不分配,,,,,,,,,,,
300270,分红,2019-04-26,0,0,0.0,不分配,,,,,,,,,,,
300270,分红,2012-04-14,0,5,1.0,实施,2012-04-23,2012-04-20,,,,,,,,,
300270,分红,2013-04-23,0,10,2.0,实施,2013-05-03,2013-05-02,,,,,,,,,
300270,分红,2014-05-21,0,0,0.2,实施,2014-05-27,2014-05-26,,,,,,,,,
300270,分红,2015-05-20,0,12,0.5,实施,2015-05-27,2015-05-26,,,,,,,,,
300270,分红,2016-05-24,0,0,0.3,实施,2016-05-30,2016-05-27,,,,,,,,,
300270,分红,2017-06-07,0,0,0.2,实施,2017-06-13,2017-06-12,,,,,,,,,
300270,分红,2018-04-18,0,0,0.2,实施,2018-04-24,2018-04-23,,,,,,,,,
300276,分红,2026-04-28,0,0,0.0,不分配,,,,,,,,,,,
300276,分红,2025-04-23,0,0,0.0,不分配,,,,,,,,,,,
300276,分红,2024-04-26,0,0,0.0,不分配,,,,,,,,,,,
300276,分红,2023-04-25,0,0,0.0,不分配,,,,,,,,,,,
300276,分红,2022-04-22,0,0,0.0,不分配,,,,,,,,,,,
300276,分红,2021-04-29,0,0,0.0,不分配,,,,,,,,,,,
300276,分红,2018-04-24,0,0,0.0,不分配,,,,,,,,,,,
300276,分红,2012-05-17,0,3,1.2,实施,2012-05-24,2012-05-23,,,,,,,,,
300276,分红,2013-05-16,0,6,1.2,实施,2013-05-23,2013-05-22,,,,,,,,,
300276,分红,2014-05-22,0,10,0.2,实施,2014-05-30,2014-05-29,,,,,,,,,
300276,分红,2015-05-15,0,5,0.15,实施,2015-05-21,2015-05-20,,,,,,,,,
300276,分红,2016-06-23,0,0,0.1,实施,2016-06-30,2016-06-29,,,,,,,,,
300276,分红,2017-06-02,0,0,0.1,实施,2017-06-08,2017-06-07,,,,,,,,,
300276,分红,2019-05-31,0,4,1.5,实施,2019-06-10,2019-06-06,,,,,,,,,
300276,分红,2019-09-11,0,0,0.8,实施,2019-09-20,2019-09-19,,,,,,,,,
300276,分红,2020-06-17,0,8,1.0,实施,2020-06-24,2020-06-23,,,,,,,,,
300277,分红,2015-04-24,0,0.0,0.0,不分配,,,,,,,,,,,
300277,分红,2012-06-19,0,10.0,3.0,实施,2012-06-27,2012-06-26,,,,,,,,,
300277,分红,2013-07-11,0,0.0,1.5,实施,2013-07-18,2013-07-17,,,,,,,,,
300277,分红,2014-06-14,0,0.0,0.3,实施,2014-06-20,2014-06-19,,,,,,,,,
300277,分红,2016-04-23,0,15.0,0.3,实施,2016-05-03,2016-04-29,,,,,,,,,
300277,分红,2017-06-07,0,0.0,0.5,实施,2017-06-13,2017-06-12,,,,,,,,,
300277,分红,2018-05-15,0,0.0,0.15,实施,2018-05-21,2018-05-18,,,,,,,,,
300277,分红,2019-05-14,0,0.0,0.6,实施,2019-05-21,2019-05-20,,,,,,,,,
300277,分红,2020-05-30,0,0.0,0.3,实施,2020-06-05,2020-06-04,,,,,,,,,
300277,分红,2021-05-18,0,0.0,0.4,实施,2021-05-25,2021-05-24,,,,,,,,,
300277,分红,2022-05-24,0,0.0,0.3,实施,2022-05-31,2022-05-30,,,,,,,,,
300277,分红,2023-05-23,0,0.0,0.2,实施,2023-05-30,2023-05-29,,,,,,,,,
300277,分红,2024-05-25,0,0.0,0.2,实施,2024-05-31,2024-05-30,,,,,,,,,
300277,分红,2025-06-04,0,0.2,0.2,实施,2025-06-11,2025-06-10,,,,,,,,,
300277,分红,2026-06-24,0,0.0,0.18,实施,2026-07-01,2026-06-30,,,,,,,,,
300277,分红,2026-09-12,0,0.0,0.5,实施,2026-09-21,2026-09-18,,,,,,,,,
300279,分红,2026-04-27,0,0,0.0,不分配,,,,,,,,,,,
300279,分红,2025-04-19,0,0,0.0,不分配,,,,,,,,,,,
300279,分红,2024-04-25,0,0,0.0,不分配,,,,,,,,,,,
300279,分红,2023-04-22,0,0,0.0,不分配,,,,,,,,,,,
300279,分红,2022-04-09,0,0,0.0,不分配,,,,,,,,,,,
300279,分红,2021-04-24,0,0,0.0,不分配,,,,,,,,,,,
300279,分红,2020-04-28,0,0,0.0,不分配,,,,,,,,,,,
300279,分红,2019-04-24,0,0,0.0,不分配,,,,,,,,,,,
300279,分红,2012-06-07,0,10,2.0,实施,2012-06-13,2012-06-12,,,,,,,,,
300279,分红,2013-07-02,0,0,0.5,实施,2013-07-08,2013-07-05,,,,,,,,,
300279,分红,2014-06-05,0,0,0.5,实施,2014-06-11,2014-06-10,,,,,,,,,
300279,分红,2015-06-25,0,0,1.0,实施,2015-07-01,2015-06-30,,,,,,,,,
300279,分红,2016-07-08,0,0,1.0,实施,2016-07-15,2016-07-14,,,,,,,,,
300279,分红,2017-06-05,0,18,1.0,实施,2017-06-12,2017-06-09,,,,,,,,,
300279,分红,2018-07-09,0,0,0.3,实施,2018-07-17,2018-07-16,,,,,,,,,
300281,分红,2023-03-17,0,0.0,0.0,不分配,,,,,,,,,,,
300281,分红,2012-06-04,0,0.0,0.9,实施,2012-06-11,2012-06-08,,,,,,,,,
300281,分红,2013-05-13,0,10.0,2.0,实施,2013-05-20,2013-05-17,,,,,,,,,
300281,分红,2014-05-15,0,0.0,0.49511,实施,2014-05-21,2014-05-20,,,,,,,,,
300281,分红,2015-04-23,0,9.9906,0.49953,实施,2015-04-29,2015-04-28,,,,,,,,,
300281,分红,2016-05-19,0,0.0,0.499631,实施,2016-05-25,2016-05-24,,,,,,,,,
300281,分红,2017-05-19,0,0.0,0.5,实施,2017-05-26,2017-05-25,,,,,,,,,
300281,分红,2018-05-29,0,5.0,0.21,实施,2018-06-05,2018-06-04,,,,,,,,,
300281,分红,2019-05-27,0,0.0,0.15,实施,2019-06-03,2019-05-31,,,,,,,,,
300281,分红,2020-05-27,0,0.0,0.15,实施,2020-06-04,2020-06-03,,,,,,,,,
300281,分红,2021-05-28,0,0.0,0.28,实施,2021-06-04,2021-06-03,,,,,,,,,
300281,分红,2022-04-15,0,0.0,0.4,实施,2022-04-22,2022-04-21,,,,,,,,,
300281,分红,2024-06-26,0,0.0,0.2,实施,2024-07-04,2024-07-03,,,,,,,,,
300281,分红,2024-12-06,0,0.0,0.4,实施,2024-12-13,2024-12-12,,,,,,,,,
300281,分红,2025-06-06,0,0.0,0.2,实施,2025-06-13,2025-06-12,,,,,,,,,
300281,分红,2025-12-06,0,0.0,0.2,实施,2025-12-15,2025-12-12,,,,,,,,,
300281,分红,2026-06-04,0,0.0,0.2,实施,2026-06-12,2026-06-11,,,,,,,,,
300283,分红,2025-04-18,0,0,0.0,不分配,,,,,,,,,,,
300283,分红,2012-05-14,0,0,8.0,实施,2012-05-22,2012-05-21,,,,,,,,,
300283,分红,2013-05-14,0,3,1.0,实施,2013-05-21,2013-05-20,,,,,,,,,
300283,分红,2014-05-21,0,5,0.1,实施,2014-05-28,2014-05-27,,,,,,,,,
300283,分红,2015-04-23,0,10,1.5,实施,2015-04-30,2015-04-29,,,,,,,,,
300283,分红,2016-04-07,0,5,0.1,实施,2016-04-13,2016-04-12,,,,,,,,,
300283,分红,2017-06-06,0,0,0.11,实施,2017-06-14,2017-06-13,,,,,,,,,
300283,分红,2018-06-22,0,0,0.05,实施,2018-06-29,2018-06-28,,,,,,,,,
300283,分红,2019-07-05,0,0,0.1,实施,2019-07-12,2019-07-11,,,,,,,,,
300283,分红,2020-06-05,0,0,0.13,实施,2020-06-12,2020-06-11,,,,,,,,,
300283,分红,2021-06-29,0,0,0.2,实施,2021-07-07,2021-07-06,,,,,,,,,
300283,分红,2022-06-21,0,0,0.4,实施,2022-06-29,2022-06-28,,,,,,,,,
300283,分红,2023-06-17,0,0,0.25,实施,2023-06-28,2023-06-27,,,,,,,,,
300283,分红,2024-06-08,0,0,0.2,实施,2024-06-18,2024-06-17,,,,,,,,,
300283,分红,2026-06-02,0,0,0.15,实施,2026-06-10,2026-06-09,,,,,,,,,
300286,分红,2012-05-09,0,10,8.0,实施,2012-05-16,2012-05-15,,,,,,,,,
300286,分红,2013-04-26,0,0,2.5,实施,2013-05-07,2013-05-06,,,,,,,,,
300286,分红,2014-02-20,0,10,4.0,实施,2014-02-27,2014-02-26,,,,,,,,,
300286,分红,2015-03-03,0,0,2.0,实施,2015-03-10,2015-03-09,,,,,,,,,
300286,分红,2016-04-23,0,0,2.0,实施,2016-04-29,2016-04-28,,,,,,,,,
300286,分红,2017-03-20,0,0,2.0,实施,2017-03-27,2017-03-24,,,,,,,,,
300286,分红,2018-03-30,0,5,1.0,实施,2018-04-10,2018-04-09,,,,,,,,,
300286,分红,2019-04-24,0,0,2.0,实施,2019-05-07,2019-05-06,,,,,,,,,
300286,分红,2020-04-13,0,0,2.0,实施,2020-04-17,2020-04-16,,,,,,,,,
300286,分红,2021-04-22,0,0,2.0,实施,2021-04-30,2021-04-29,,,,,,,,,
300286,分红,2022-04-26,0,0,2.0,实施,2022-05-05,2022-04-29,,,,,,,,,
300286,分红,2023-04-11,0,0,2.0,实施,2023-04-19,2023-04-18,,,,,,,,,
300286,分红,2024-04-25,0,0,3.0,实施,2024-05-07,2024-05-06,,,,,,,,,
300286,分红,2024-09-04,0,0,1.0,实施,2024-09-11,2024-09-10,,,,,,,,,
300286,分红,2025-05-20,0,0,3.00905,实施,2025-05-27,2025-05-26,,,,,,,,,
300286,分红,2025-09-04,0,0,1.0,实施,2025-09-11,2025-09-10,,,,,,,,,
300286,分红,2026-05-08,0,0,3.5,实施,2026-05-18,2026-05-15,,,,,,,,,
300286,分红,2026-09-04,0,0,1.0,实施,2026-09-11,2026-09-10,,,,,,,,,
300287,分红,2026-04-25,0,0,0.0,不分配,,,,,,,,,,,
300287,分红,2025-04-26,0,0,0.0,不分配,,,,,,,,,,,
300287,分红,2024-04-20,0,0,0.0,不分配,,,,,,,,,,,
300287,分红,2023-04-22,0,0,0.0,不分配,,,,,,,,,,,
300287,分红,2022-04-23,0,0,0.0,不分配,,,,,,,,,,,
300287,分红,2021-04-24,0,0,0.0,不分配,,,,,,,,,,,
300287,分红,2020-04-18,0,0,0.0,不分配,,,,,,,,,,,
300287,分红,2019-04-25,0,0,0.0,不分配,,,,,,,,,,,
300287,分红,2012-06-07,0,0,1.1,实施,2012-06-13,2012-06-12,,,,,,,,,
300287,分红,2013-06-19,0,5,1.2,实施,2013-06-25,2013-06-24,,,,,,,,,
300287,分红,2014-06-06,0,10,1.05,实施,2014-06-13,2014-06-12,,,,,,,,,
300287,分红,2015-04-30,0,10,0.7,实施,2015-05-08,2015-05-07,,,,,,,,,
300287,分红,2015-09-16,0,10,0.0,实施,2015-09-23,2015-09-22,2015-09-23,,,,,,,,
300287,分红,2016-05-25,0,0,0.28,实施,2016-06-02,2016-06-01,,,,,,,,,
300287,分红,2017-07-17,0,0,0.48,实施,2017-07-24,2017-07-21,,,,,,,,,
300287,分红,2018-07-04,0,0,0.57,实施,2018-07-12,2018-07-11,,,,,,,,,
300290,分红,2025-04-22,0,0,0.0,不分配,,,,,,,,,,,
300290,分红,2024-04-24,0,0,0.0,不分配,,,,,,,,,,,
300290,分红,2023-04-21,0,0,0.0,不分配,,,,,,,,,,,
300290,分红,2022-04-29,0,0,0.0,不分配,,,,,,,,,,,
300290,分红,2012-06-29,0,0,2.0,实施,2012-07-06,2012-07-05,,,,,,,,,
300290,分红,2013-06-03,0,10,1.5,实施,2013-06-13,2013-06-07,,,,,,,,,
300290,分红,2014-07-11,0,0,0.8,实施,2014-07-17,2014-07-16,,,,,,,,,
300290,分红,2015-06-04,0,0,0.9,实施,2015-06-11,2015-06-10,,,,,,,,,
300290,分红,2015-09-14,0,10,0.0,实施,2015-09-21,2015-09-18,2015-09-21,,,,,,,,
300290,分红,2016-05-26,0,0,0.35,实施,2016-06-02,2016-06-01,,,,,,,,,
300290,分红,2017-05-10,0,0,0.21,实施,2017-05-17,2017-05-16,,,,,,,,,
300290,分红,2018-05-18,0,0,0.113924,实施,2018-05-25,2018-05-24,,,,,,,,,
300290,分红,2019-05-30,0,5,0.12,实施,2019-06-06,2019-06-05,,,,,,,,,
300290,分红,2020-05-25,0,0,0.16,实施,2020-06-02,2020-06-01,,,,,,,,,
300290,分红,2021-05-27,0,0,0.26258,实施,2021-06-02,2021-06-01,,,,,,,,,
300290,分红,2026-07-03,0,0,0.15,实施,2026-07-10,2026-07-09,,,,,,,,,
300292,分红,2026-04-23,0,0,0.0,不分配,,,,,,,,,,,
300292,分红,2025-04-23,0,0,0.0,不分配,,,,,,,,,,,
300292,分红,2024-04-24,0,0,0.0,不分配,,,,,,,,,,,
300292,分红,2023-04-24,0,0,0.0,不分配,,,,,,,,,,,
300292,分红,2022-04-23,0,0,0.0,不分配,,,,,,,,,,,
300292,分红,2021-04-28,0,0,0.0,不分配,,,,,,,,,,,
300292,分红,2020-04-28,0,0,0.0,不分配,,,,,,,,,,,
300292,分红,2019-04-26,0,0,0.0,不分配,,,,,,,,,,,
300292,分红,2013-05-10,0,5,2.0,实施,2013-05-16,2013-05-15,,,,,,,,,
300292,分红,2014-04-29,0,5,1.0,实施,2014-05-08,2014-05-07,,,,,,,,,
300292,分红,2015-05-05,0,0,1.0,实施,2015-05-12,2015-05-11,,,,,,,,,
300292,分红,2016-06-29,0,0,1.0,实施,2016-07-06,2016-07-05,,,,,,,,,
300292,分红,2016-09-20,0,30,0.0,实施,2016-09-27,2016-09-26,2016-09-27,,,,,,,,
300292,分红,2017-07-03,0,0,0.5,实施,2017-07-11,2017-07-10,,,,,,,,,
300292,分红,2018-07-03,0,0,0.5,实施,2018-07-10,2018-07-09,,,,,,,,,
300299,分红,2026-04-29,0,0,0.0,不分配,,,,,,,,,,,
300299,分红,2025-04-24,0,0,0.0,不分配,,,,,,,,,,,
300299,分红,2024-04-24,0,0,0.0,不分配,,,,,,,,,,,
300299,分红,2023-04-25,0,0,0.0,不分配,,,,,,,,,,,
300299,分红,2022-04-14,0,0,0.0,不分配,,,,,,,,,,,
300299,分红,2021-04-16,0,0,0.0,不分配,,,,,,,,,,,
300299,分红,2020-04-29,0,0,0.0,不分配,,,,,,,,,,,
300299,分红,2012-06-08,0,0,1.5,实施,2012-06-15,2012-06-14,,,,,,,,,
300299,分红,2013-05-15,0,8,1.0,实施,2013-05-22,2013-05-21,,,,,,,,,
300299,分红,2014-05-16,0,5,0.1,实施,2014-05-23,2014-05-22,,,,,,,,,
300299,分红,2015-04-27,0,5,1.0,实施,2015-05-04,2015-04-30,,,,,,,,,
300299,分红,2016-06-09,0,0,0.5,实施,2016-06-17,2016-06-16,,,,,,,,,
300299,分红,2017-07-12,0,5,0.8,实施,2017-07-19,2017-07-18,,,,,,,,,
300299,分红,2018-05-24,0,3,0.0,实施,2018-05-31,2018-05-30,2018-05-31,,,,,,,,
300299,分红,2019-08-20,0,0,0.1,实施,2019-08-26,2019-08-23,,,,,,,,,
300308,分红,2026-08-22,0,0,12.0,预案,,,,,,,,,,,
300308,分红,2012-06-27,0,0,2.0,实施,2012-07-06,2012-07-05,,,,,,,,,
300308,分红,2013-05-09,0,8,1.0,实施,2013-05-17,2013-05-16,,,,,,,,,
300308,分红,2014-06-13,0,0,0.22,实施,2014-06-20,2014-06-19,,,,,,,,,
300308,分红,2014-09-25,0,8,0.0,实施,2014-10-08,2014-09-30,2014-10-08,,,,,,,,
300308,分红,2015-07-07,0,0,0.1,实施,2015-07-14,2015-07-13,,,,,,,,,
300308,分红,2016-07-26,0,0,0.1,实施,2016-08-01,2016-07-29,,,,,,,,,
300308,分红,2017-06-05,0,0,0.1,实施,2017-06-09,2017-06-08,,,,,,,,,
300308,分红,2018-07-03,0,0,0.38,实施,2018-07-11,2018-07-10,,,,,,,,,
300308,分红,2019-05-27,0,4,1.23,实施,2019-06-04,2019-06-03,,,,,,,,,
300308,分红,2020-06-23,0,0,0.84,实施,2020-07-02,2020-07-01,,,,,,,,,
300308,分红,2021-06-01,0,0,1.21,实施,2021-06-09,2021-06-08,,,,,,,,,
300308,分红,2022-05-18,0,0,2.2,实施,2022-05-26,2022-05-25,,,,,,,,,
300308,分红,2023-05-30,0,0,2.0,实施,2023-06-06,2023-06-05,,,,,,,,,
300308,分红,2024-05-30,0,4,4.5,实施,2024-06-06,2024-06-05,,,,,,,,,
300308,分红,2025-06-12,0,0,5.0,实施,2025-06-19,2025-06-18,,,,,,,,,
300308,分红,2025-09-26,0,0,4.0,实施,2025-10-13,2025-10-10,,,,,,,,,
300308,分红,2026-04-22,0,0,10.0,实施,2026-04-30,2026-04-29,,,,,,,,,
300317,分红,2026-04-25,0,0.0,0.0,不分配,,,,,,,,,,,
300317,分红,2025-04-26,0,0.0,0.0,不分配,,,,,,,,,,,
300317,分红,2024-04-26,0,0.0,0.0,不分配,,,,,,,,,,,
300317,分红,2023-03-21,0,0.0,0.0,不分配,,,,,,,,,,,
300317,分红,2022-04-28,0,0.0,0.0,不分配,,,,,,,,,,,
300317,分红,2021-04-28,0,0.0,0.0,不分配,,,,,,,,,,,
300317,分红,2020-04-28,0,0.0,0.0,不分配,,,,,,,,,,,
300317,分红,2019-04-26,0,0.0,0.0,不分配,,,,,,,,,,,
300317,分红,2012-11-01,0,0.0,0.65,实施,2012-11-07,2012-11-06,,,,,,,,,
300317,分红,2013-07-16,0,0.0,0.3,实施,2013-07-23,2013-07-22,,,,,,,,,
300317,分红,2014-07-28,0,0.0,0.3,实施,2014-08-01,2014-07-31,,,,,,,,,
300317,分红,2015-07-01,0,0.0,0.3,实施,2015-07-08,2015-07-07,,,,,,,,,
300317,分红,2015-10-10,0,5.0,0.0,实施,2015-10-16,2015-10-15,2015-10-16,,,,,,,,
300317,分红,2016-05-18,0,0.0,0.2,实施,2016-05-25,2016-05-24,,,,,,,,,
300317,分红,2017-05-26,0,8.06337,1.00792,实施,2017-06-05,2017-06-02,,,,,,,,,
300317,分红,2018-07-03,0,0.0,0.200938,实施,2018-07-09,2018-07-06,,,,,,,,,
300319,分红,2021-04-14,0,0.0,0.0,不分配,,,,,,,,,,,
300319,分红,2020-04-28,0,0.0,0.0,不分配,,,,,,,,,,,
300319,分红,2019-04-23,0,0.0,0.0,不分配,,,,,,,,,,,
300319,分红,2018-04-18,0,0.0,0.0,不分配,,,,,,,,,,,
300319,分红,2012-09-04,0,0.0,5.0,实施,2012-09-12,2012-09-11,,,,,,,,,
300319,分红,2013-05-02,0,0.0,2.0,实施,2013-05-09,2013-05-08,,,,,,,,,
300319,分红,2014-04-25,0,0.0,1.0,实施,2014-05-07,2014-05-06,,,,,,,,,
300319,分红,2014-09-10,0,15.0,0.0,实施,2014-09-18,2014-09-17,2014-09-18,,,,,,,,
300319,分红,2015-05-08,0,0.0,0.5,实施,2015-05-18,2015-05-15,,,,,,,,,
300319,分红,2016-06-28,0,0.0,0.813259,实施,2016-07-05,2016-07-04,,,,,,,,,
300319,分红,2017-06-12,0,19.7198,1.38039,实施,2017-06-19,2017-06-16,,,,,,,,,
300319,分红,2022-06-10,0,0.0,0.600616,实施,2022-06-17,2022-06-16,,,,,,,,,
300319,分红,2023-06-13,0,0.0,1.26939,实施,2023-06-20,2023-06-19,,,,,,,,,
300319,分红,2024-06-11,0,0.0,0.937485,实施,2024-06-18,2024-06-17,,,,,,,,,
300319,分红,2025-06-05,0,0.0,1.14691,实施,2025-06-12,2025-06-11,,,,,,,,,
300319,分红,2026-06-01,0,0.0,1.07,实施,2026-06-09,2026-06-08,,,,,,,,,
300321,分红,2024-04-20,0,0,0.0,不分配,,,,,,,,,,,
300321,分红,2012-10-12,0,0,2.15,实施,2012-10-19,2012-10-18,,,,,,,,,
300321,分红,2013-07-04,0,0,1.34,实施,2013-07-11,2013-07-10,,,,,,,,,
300321,分红,2014-05-28,0,0,1.11,实施,2014-06-06,2014-06-05,,,,,,,,,
300321,分红,2015-06-04,0,0,1.77,实施,2015-06-10,2015-06-09,,,,,,,,,
300321,分红,2016-05-25,0,10,3.55,实施,2016-06-01,2016-05-31,,,,,,,,,
300321,分红,2017-06-02,0,0,1.0,实施,2017-06-08,2017-06-07,,,,,,,,,
300321,分红,2018-07-02,0,0,0.6,实施,2018-07-06,2018-07-05,,,,,,,,,
300321,分红,2019-05-13,0,0,0.6,实施,2019-05-21,2019-05-20,,,,,,,,,
300321,分红,2020-05-14,0,0,4.0,实施,2020-05-22,2020-05-21,,,,,,,,,
300321,分红,2021-05-14,0,0,2.0,实施,2021-05-21,2021-05-20,,,,,,,,,
300321,分红,2022-06-10,0,0,0.32,实施,2022-06-17,2022-06-16,,,,,,,,,
300321,分红,2023-06-09,0,0,0.35,实施,2023-06-16,2023-06-15,,,,,,,,,
300321,分红,2025-06-11,0,0,0.43,实施,2025-06-19,2025-06-18,,,,,,,,,
300321,分红,2026-05-11,0,0,0.38,实施,2026-05-19,2026-05-18,,,,,,,,,
300327,分红,2012-09-08,0,0.0,4.0,实施,2012-09-14,2012-09-13,,,,,,,,,
300327,分红,2013-06-26,0,1.0,2.0,实施,2013-07-03,2013-07-02,,,,,,,,,
300327,分红,2014-06-24,0,1.0,2.0,实施,2014-07-01,2014-06-30,,,,,,,,,
300327,分红,2015-06-16,0,1.0,1.5,实施,2015-06-24,2015-06-23,,,,,,,,,
300327,分红,2016-07-06,0,1.0,2.0,实施,2016-07-13,2016-07-12,,,,,,,,,
300327,分红,2017-07-25,0,0.995482,3.48419,实施,2017-07-31,2017-07-28,,,,,,,,,
300327,分红,2018-06-14,0,1.0,4.5,实施,2018-06-22,2018-06-21,,,,,,,,,
300327,分红,2019-06-14,0,1.0,4.5,实施,2019-06-24,2019-06-21,,,,,,,,,
300327,分红,2020-05-26,0,1.0,4.8,实施,2020-06-02,2020-06-01,,,,,,,,,
300327,分红,2021-07-01,0,1.0,4.8,实施,2021-07-08,2021-07-07,,,,,,,,,
300327,分红,2022-05-23,0,1.0,4.8,实施,2022-05-31,2022-05-30,,,,,,,,,
300327,分红,2023-07-03,0,0.0,4.0,实施,2023-07-11,2023-07-10,,,,,,,,,
300327,分红,2024-06-20,0,0.0,2.0,实施,2024-06-28,2024-06-27,,,,,,,,,
300327,分红,2025-07-01,0,0.0,2.0,实施,2025-07-09,2025-07-08,,,,,,,,,
300327,分红,2026-07-02,0,0.0,1.0,实施,2026-07-10,2026-07-09,,,,,,,,,
300329,分红,2026-04-23,0,0,0.0,不分配,,,,,,,,,,,
300329,分红,2025-04-18,0,0,0.0,不分配,,,,,,,,,,,
300329,分红,2024-12-14,0,0,0.32,预案,,,,,,,,,,,
300329,分红,2024-04-25,0,0,0.0,不分配,,,,,,,,,,,
300329,分红,2023-04-26,0,0,0.0,不分配,,,,,,,,,,,
300329,分红,2022-04-25,0,0,0.0,不分配,,,,,,,,,,,
300329,分红,2013-05-13,0,10,3.0,实施,2013-05-20,2013-05-17,,,,,,,,,
300329,分红,2014-05-08,0,0,0.44,实施,2014-05-15,2014-05-14,,,,,,,,,
300329,分红,2015-06-02,0,0,0.34,实施,2015-06-10,2015-06-09,,,,,,,,,
300329,分红,2015-09-30,0,8,0.0,实施,2015-10-14,2015-10-13,2015-10-14,,,,,,,,
300329,分红,2016-06-08,0,0,0.24,实施,2016-06-17,2016-06-16,,,,,,,,,
300329,分红,2017-05-19,0,0,0.25,实施,2017-05-26,2017-05-25,,,,,,,,,
300329,分红,2018-05-21,0,0,0.29,实施,2018-05-29,2018-05-28,,,,,,,,,
300329,分红,2019-05-23,0,0,0.35,实施,2019-05-30,2019-05-29,,,,,,,,,
300329,分红,2020-06-03,0,0,0.28,实施,2020-06-10,2020-06-09,,,,,,,,,
300329,分红,2021-05-21,0,0,0.14,实施,2021-05-27,2021-05-26,,,,,,,,,
300329,分红,2025-01-09,0,0,0.32,实施,2025-01-17,2025-01-16,,,,,,,,,
300340,分红,2026-04-09,0,0,0.0,不分配,,,,,,,,,,,
300340,分红,2025-04-29,0,0,0.0,不分配,,,,,,,,,,,
300340,分红,2024-04-26,0,0,0.0,不分配,,,,,,,,,,,
300340,分红,2023-04-27,0,0,0.0,不分配,,,,,,,,,,,
300340,分红,2022-04-28,0,0,0.0,不分配,,,,,,,,,,,
300340,分红,2021-04-27,0,0,0.0,不分配,,,,,,,,,,,
300340,分红,2017-03-31,0,0,0.0,不分配,,,,,,,,,,,
300340,分红,2016-04-15,0,0,0.0,不分配,,,,,,,,,,,
300340,分红,2015-04-17,0,0,0.0,不分配,,,,,,,,,,,
300340,分红,2013-06-06,0,10,2.0,实施,2013-06-19,2013-06-18,,,,,,,,,
300340,分红,2014-07-01,0,0,0.2,实施,2014-07-09,2014-07-08,,,,,,,,,
300340,分红,2018-07-09,0,8,2.0,实施,2018-07-16,2018-07-13,,,,,,,,,
300340,分红,2019-07-12,0,0,1.0,实施,2019-07-19,2019-07-18,,,,,,,,,
300340,分红,2020-07-07,0,0,0.5,实施,2020-07-14,2020-07-13,,,,,,,,,
300341,分红,2013-05-09,0,0,1.0,实施,2013-05-17,2013-05-16,,,,,,,,,
300341,分红,2014-05-07,0,10,1.0,实施,2014-05-15,2014-05-14,,,,,,,,,
300341,分红,2015-05-14,0,0,0.493138,实施,2015-05-20,2015-05-19,,,,,,,,,
300341,分红,2016-06-14,0,10,1.0,实施,2016-06-22,2016-06-21,,,,,,,,,
300341,分红,2017-06-05,0,0,0.5,实施,2017-06-13,2017-06-12,,,,,,,,,
300341,分红,2018-06-14,0,0,0.55,实施,2018-06-22,2018-06-21,,,,,,,,,
300341,分红,2019-06-13,0,0,0.58,实施,2019-06-21,2019-06-20,,,,,,,,,
300341,分红,2020-06-15,0,0,0.3,实施,2020-06-23,2020-06-22,,,,,,,,,
300341,分红,2021-06-12,0,0,0.6,实施,2021-06-22,2021-06-21,,,,,,,,,
300341,分红,2022-06-20,0,0,0.695596,实施,2022-06-28,2022-06-27,,,,,,,,,
300341,分红,2023-07-06,0,0,1.09146,实施,2023-07-12,2023-07-11,,,,,,,,,
300341,分红,2024-06-21,0,0,0.7,实施,2024-06-28,2024-06-27,,,,,,,,,
300341,分红,2025-06-24,0,0,0.7,实施,2025-07-01,2025-06-30,,,,,,,,,
300341,分红,2026-06-17,0,0,0.7,实施,2026-06-26,2026-06-25,,,,,,,,,
300354,分红,2013-05-16,0,5,4.0,实施,2013-05-23,2013-05-22,,,,,,,,,
300354,分红,2014-05-21,0,3,1.0,实施,2014-05-28,2014-05-27,,,,,,,,,
300354,分红,2015-05-08,0,6,0.25,实施,2015-05-15,2015-05-14,,,,,,,,,
300354,分红,2016-05-31,0,0,0.12,实施,2016-06-07,2016-06-06,,,,,,,,,
300354,分红,2017-07-03,0,0,0.050003,实施,2017-07-11,2017-07-10,,,,,,,,,
300354,分红,2018-05-23,0,0,0.1,实施,2018-05-30,2018-05-29,,,,,,,,,
300354,分红,2019-05-22,0,0,0.3,实施,2019-05-29,2019-05-28,,,,,,,,,
300354,分红,2020-05-22,0,0,0.5,实施,2020-05-29,2020-05-28,,,,,,,,,
300354,分红,2021-05-18,0,0,1.1,实施,2021-05-24,2021-05-21,,,,,,,,,
300354,分红,2022-04-22,0,0,1.75,实施,2022-04-29,2022-04-28,,,,,,,,,
300354,分红,2023-04-04,0,0,1.77,实施,2023-04-12,2023-04-11,,,,,,,,,
300354,分红,2024-06-26,0,0,1.28,实施,2024-07-03,2024-07-02,,,,,,,,,
300354,分红,2025-05-16,0,0,1.77,实施,2025-05-23,2025-05-22,,,,,,,,,
300354,分红,2026-05-27,0,0,2.0,实施,2026-06-03,2026-06-02,,,,,,,,,
600099,分红,2022-04-27,0,0,0.0,不分配,,,,,,,,,,,
600099,分红,2021-04-14,0,0,0.0,不分配,,,,,,,,,,,
600099,分红,2019-03-30,0,0,0.0,不分配,,,,,,,,,,,
600099,分红,2018-03-17,0,0,0.0,不分配,,,,,,,,,,,
600099,分红,2016-03-12,0,0,0.0,不分配,,,,,,,,,,,
600099,分红,2015-03-26,0,0,0.0,不分配,,,,,,,,,,,
600099,分红,2013-02-06,0,0,0.0,不分配,,,,,,,,,,,
600099,分红,2012-02-18,0,0,0.0,不分配,,,,,,,,,,,
600099,分红,2010-02-10,0,0,0.0,不分配,,,,,,,,,,,
600099,分红,2009-02-14,0,0,0.0,不分配,,,,,,,,,,,
600099,分红,2007-02-10,0,0,0.0,不分配,,,,,,,,,,,
600099,分红,2006-03-16,0,0,0.0,不分配,,,,,,,,,,,
600099,分红,1998-06-05,1,5,0.0,实施,1998-06-11,1998-06-10,1998-06-11,,,,,,,,
600099,分红,2001-06-27,0,2,0.5,实施,2001-07-04,2001-07-03,,,,,,,,,
600099,分红,2005-07-28,0,0,0.5,实施,2005-08-03,2005-08-02,,,,,,,,,
600099,分红,2008-07-11,0,0,0.5,实施,2008-07-17,2008-07-16,,,,,,,,,
600099,分红,2011-07-19,0,0,0.4,实施,2011-07-25,2011-07-22,,,,,,,,,
600099,分红,2014-07-30,0,0,0.5,实施,2014-08-07,2014-08-06,,,,,,,,,
600099,分红,2017-07-11,0,0,0.4,实施,2017-07-19,2017-07-18,,,,,,,,,
600099,分红,2020-08-01,0,0,0.4,实施,2020-08-07,2020-08-06,,,,,,,,,
600099,分红,2023-07-14,0,0,0.3,实施,2023-07-21,2023-07-20,,,,,,,,,
600099,分红,2024-07-16,0,0,0.22,实施,2024-07-24,2024-07-23,,,,,,,,,
600099,分红,2025-07-19,0,0,0.3,实施,2025-07-25,2025-07-24,,,,,,,,,
600099,分红,2026-06-24,0,0,0.45,实施,2026-06-30,2026-06-29,,,,,,,,,
600099,配股,1999-08-18,,,,,,1999-09-01,,1.875,6,169600000,1999-09-02,,1999-09-15,1999-09-30,
600113,分红,2015-03-13,0.0,0.0,0.0,不分配,,,,,,,,,,,
600113,分红,2013-04-23,0.0,0.0,0.0,不分配,,,,,,,,,,,
600113,分红,2012-03-20,0.0,0.0,0.0,不分配,,,,,,,,,,,
600113,分红,1999-06-24,0.0,0.0,3.5,实施,1999-06-29,1999-06-28,,,,,,,,,
600113,分红,2001-05-25,0.0,0.0,2.0,实施,2001-06-01,2001-05-31,,,,,,,,,
600113,分红,2005-06-03,0.0,0.0,1.0,实施,2005-06-09,2005-06-08,,,,,,,,,
600113,分红,2006-06-02,0.0,0.0,0.5,实施,2006-06-08,2006-06-07,,,,,,,,,
600113,分红,2007-06-07,0.0,0.0,0.5,实施,2007-06-13,2007-06-12,,,,,,,,,
600113,分红,2008-05-14,0.0,2.5,0.5,实施,2008-05-20,2008-05-19,,,,,,,,,
600113,分红,2009-06-01,0.0,0.0,0.5,实施,2009-06-05,2009-06-04,,,,,,,,,
600113,分红,2010-04-27,3.0,3.0,0.5,实施,2010-05-04,2010-04-30,,,,,,,,,
600113,分红,2011-03-18,2.5,1.0,0.5,实施,2011-03-24,2011-03-23,,,,,,,,,
600113,分红,2014-07-07,0.0,0.0,0.2,实施,2014-07-11,2014-07-10,,,,,,,,,
600113,分红,2016-07-01,0.0,0.0,0.1,实施,2016-07-07,2016-07-06,,,,,,,,,
600113,分红,2017-05-10,0.0,0.0,0.1,实施,2017-05-17,2017-05-16,,,,,,,,,
600113,分红,2018-04-11,0.0,0.0,0.91,实施,2018-04-17,2018-04-16,,,,,,,,,
600113,分红,2019-05-15,0.0,0.0,0.4,实施,2019-05-23,2019-05-22,,,,,,,,,
600113,分红,2020-06-19,0.0,0.0,0.5,实施,2020-06-29,2020-06-24,,,,,,,,,
600113,分红,2021-07-08,0.0,0.0,0.25,实施,2021-07-14,2021-07-13,,,,,,,,,
600113,分红,2022-05-25,0.0,0.0,2.4,实施,2022-06-02,2022-06-01,,,,,,,,,
600113,分红,2023-05-18,0.0,0.0,1.2,实施,2023-05-24,2023-05-23,,,,,,,,,
600113,分红,2024-05-14,0.0,0.0,1.8,实施,2024-05-20,2024-05-17,,,,,,,,,
600113,分红,2025-04-08,0.0,0.0,1.2,实施,2025-04-14,2025-04-11,,,,,,,,,
600113,分红,2026-04-11,0.0,0.0,1.3,实施,2026-04-17,2026-04-16,,,,,,,,,
600113,分红,2026-09-09,0.0,0.0,0.3,实施,2026-09-16,2026-09-15,,,,,,,,,
600113,配股,2019-02-21,,,,,,2019-02-25,,3,4.88,318600000,2019-03-06,,2019-03-04,2019-03-14,
600114,分红,2004-05-26,0,0.0,8.5,预案,,,,,,,,,,,
600114,分红,2005-04-04,0,7.0,2.5,实施,2005-04-11,2005-04-08,,,,,,,,,
600114,分红,2006-04-06,0,0.0,1.5,实施,2006-04-12,2006-04-11,,,,,,,,,
600114,分红,2007-03-21,0,0.0,1.0,实施,2007-03-27,2007-03-26,,,,,,,,,
600114,分红,2008-05-09,0,0.0,1.0,实施,2008-05-15,2008-05-14,,,,,,,,,
600114,分红,2009-04-01,0,0.0,1.0,实施,2009-04-08,2009-04-07,,,,,,,,,
600114,分红,2010-05-12,0,0.0,0.3,实施,2010-05-18,2010-05-17,,,,,,,,,
600114,分红,2011-04-15,0,0.0,1.0,实施,2011-04-21,2011-04-20,,,,,,,,,
600114,分红,2012-04-25,0,0.0,1.2,实施,2012-05-03,2012-05-02,,,,,,,,,
600114,分红,2013-04-17,0,0.0,1.2,实施,2013-04-23,2013-04-22,,,,,,,,,
600114,分红,2014-04-24,0,5.0,1.5,实施,2014-04-30,2014-04-29,,,,,,,,,
600114,分红,2015-04-15,0,0.0,1.2,实施,2015-04-21,2015-04-20,,,,,,,,,
600114,分红,2016-05-18,0,0.0,2.0,实施,2016-05-24,2016-05-23,,,,,,,,,
600114,分红,2017-04-21,0,0.0,2.0,实施,2017-04-27,2017-04-26,,,,,,,,,
600114,分红,2018-04-19,0,4.8,3.0,实施,2018-04-26,2018-04-25,,,,,,,,,
600114,分红,2018-08-28,0,0.0,2.0,实施,2018-09-04,2018-09-03,,,,,,,,,
600114,分红,2019-05-30,0,0.0,4.0,实施,2019-06-06,2019-06-05,,,,,,,,,
600114,分红,2020-05-30,0,0.0,2.0,实施,2020-06-05,2020-06-04,,,,,,,,,
600114,分红,2021-05-29,0,0.0,1.5,实施,2021-06-04,2021-06-03,,,,,,,,,
600114,分红,2022-05-25,0,0.0,0.5,实施,2022-06-01,2022-05-31,,,,,,,,,
600114,分红,2023-05-26,0,0.0,1.0,实施,2023-06-01,2023-05-31,,,,,,,,,
600114,分红,2024-05-31,0,0.0,2.0,实施,2024-06-06,2024-06-05,,,,,,,,,
600114,分红,2025-05-09,0,0.0,3.0,实施,2025-05-15,2025-05-14,,,,,,,,,
600114,分红,2026-05-19,0,0.0,3.0,实施,2026-05-25,2026-05-22,,,,,,,,,
600114,分红,2026-09-03,0,0.0,1.0,实施,2026-09-09,2026-09-08,,,,,,,,,
600116,分红,2025-10-28,0,0,0.5,预案,,,,,,,,,,,
600116,分红,2007-03-28,0,0,0.0,不分配,,,,,,,,,,,
600116,分红,2006-03-21,0,0,0.0,不分配,,,,,,,,,,,
600116,分红,2005-04-21,0,0,0.0,不分配,,,,,,,,,,,
600116,分红,1998-06-13,0,0,1.2,实施,1998-06-18,1998-06-17,,,,,,,,,
600116,分红,2000-07-10,1,0,0.5,实施,2000-07-14,2000-07-13,,,,,,,,,
600116,分红,2002-07-04,0,0,0.3,实施,2002-07-12,2002-07-11,,,,,,,,,
600116,分红,2006-12-22,0,6,0.0,实施,2006-12-26,2006-12-25,2006-12-27,,,,,,,,
600116,分红,2008-08-13,0,0,1.0,实施,2008-08-19,2008-08-18,,,,,,,,,
600116,分红,2009-05-20,0,0,0.5,实施,2009-05-26,2009-05-25,,,,,,,,,
600116,分红,2010-05-06,0,0,1.0,实施,2010-05-13,2010-05-12,,,,,,,,,
600116,分红,2011-05-30,0,0,1.0,实施,2011-06-03,2011-06-02,,,,,,,,,
600116,分红,2012-05-03,0,0,1.0,实施,2012-05-09,2012-05-08,,,,,,,,,
600116,分红,2013-05-25,0,0,2.0,实施,2013-05-31,2013-05-30,,,,,,,,,
600116,分红,2014-06-28,0,0,1.2,实施,2014-07-04,2014-07-03,,,,,,,,,
600116,分红,2015-07-07,0,0,1.5,实施,2015-07-14,2015-07-13,,,,,,,,,
600116,分红,2016-04-12,0,20,1.5,实施,2016-04-18,2016-04-15,,,,,,,,,
600116,分红,2017-06-22,0,0,0.7,实施,2017-06-29,2017-06-28,,,,,,,,,
600116,分红,2018-06-29,0,0,1.1,实施,2018-07-06,2018-07-05,,,,,,,,,
600116,分红,2019-06-12,0,0,1.0,实施,2019-06-18,2019-06-17,,,,,,,,,
600116,分红,2020-05-13,0,0,1.0,实施,2020-05-19,2020-05-18,,,,,,,,,
600116,分红,2021-05-13,0,0,1.0,实施,2021-05-19,2021-05-18,,,,,,,,,
600116,分红,2022-07-22,0,0,1.5,实施,2022-08-01,2022-07-29,,,,,,,,,
600116,分红,2023-06-26,0,0,1.5,实施,2023-06-30,2023-06-29,,,,,,,,,
600116,分红,2024-07-15,0,0,1.5,实施,2024-07-19,2024-07-18,,,,,,,,,
600116,分红,2024-12-31,0,0,0.5,实施,2025-01-08,2025-01-07,,,,,,,,,
600116,分红,2025-07-28,0,0,0.4,实施,2025-08-01,2025-07-31,,,,,,,,,
600116,分红,2026-02-03,0,0,0.5,实施,2026-02-09,2026-02-06,,,,,,,,,
600116,分红,2026-07-24,0,0,0.75,实施,2026-07-30,2026-07-29,,,,,,,,,
600148,分红,2025-04-19,0,0,0.0,不分配,,,,,,,,,,,
600148,分红,2023-04-27,0,0,0.0,不分配,,,,,,,,,,,
600148,分红,2019-04-19,0,0,0.0,不分配,,,,,,,,,,,
600148,分红,2017-04-21,0,0,0.0,不分配,,,,,,,,,,,
600148,分红,2016-04-21,0,0,0.0,不分配,,,,,,,,,,,
600148,分红,2013-04-12,0,0,0.0,不分配,,,,,,,,,,,
600148,分红,2011-04-16,0,0,0.0,不分配,,,,,,,,,,,
600148,分红,2010-04-16,0,0,0.0,不分配,,,,,,,,,,,
600148,分红,2009-04-30,0,0,0.0,不分配,,,,,,,,,,,
600148,分红,1999-06-11,0,0,2.0,实施,1999-06-18,1999-06-17,,,,,,,,,
600148,分红,2000-03-04,0,8,3.0,实施,2000-03-09,2000-03-08,,,,,,,,,
600148,分红,2001-07-06,0,0,0.95,实施,2001-07-13,2001-07-12,,,,,,,,,
600148,分红,2002-05-31,0,0,0.37,实施,2002-06-06,2002-06-05,,,,,,,,,
600148,分红,2003-06-07,0,0,0.6,实施,2003-06-12,2003-06-11,,,,,,,,,
600148,分红,2004-07-08,0,0,0.8,实施,2004-07-14,2004-07-13,,,,,,,,,
600148,分红,2005-06-17,0,0,0.37,实施,2005-06-23,2005-06-22,,,,,,,,,
600148,分红,2006-05-23,0,0,0.22,实施,2006-05-29,2006-05-26,,,,,,,,,
600148,分红,2007-07-09,0,0,0.47,实施,2007-07-13,2007-07-12,,,,,,,,,
600148,分红,2008-06-26,0,0,0.35,实施,2008-07-02,2008-07-01,,,,,,,,,
600148,分红,2012-06-12,0,0,0.6,实施,2012-06-18,2012-06-15,,,,,,,,,
600148,分红,2014-06-18,0,0,0.625,实施,2014-06-24,2014-06-23,,,,,,,,,
600148,分红,2015-06-18,0,0,0.816,实施,2015-06-25,2015-06-24,,,,,,,,,
600148,分红,2018-07-04,0,0,0.985,实施,2018-07-11,2018-07-10,,,,,,,,,
600148,分红,2020-06-22,0,0,1.146,实施,2020-06-30,2020-06-29,,,,,,,,,
600148,分红,2021-07-06,0,0,1.805,实施,2021-07-13,2021-07-12,,,,,,,,,
600148,分红,2022-06-21,0,0,0.875,实施,2022-06-28,2022-06-27,,,,,,,,,
600148,分红,2024-07-18,0,0,0.3,实施,2024-07-25,2024-07-24,,,,,,,,,
600148,分红,2026-06-11,0,0,0.4,实施,2026-06-18,2026-06-17,,,,,,,,,
600148,配股,2001-02-08,,,,,,2001-02-22,,1.66667,9,134694000,2001-02-23,,2001-03-09,2001-03-30,
600152,分红,2026-04-14,0,0,0.0,不分配,,,,,,,,,,,
600152,分红,2025-04-15,0,0,0.0,不分配,,,,,,,,,,,
600152,分红,2024-04-16,0,0,0.0,不分配,,,,,,,,,,,
600152,分红,2023-04-18,0,0,0.0,不分配,,,,,,,,,,,
600152,分红,2022-04-26,0,0,0.0,不分配,,,,,,,,,,,
600152,分红,2021-04-13,0,0,0.0,不分配,,,,,,,,,,,
600152,分红,2020-04-29,0,0,0.0,不分配,,,,,,,,,,,
600152,分红,2019-04-23,0,0,0.0,不分配,,,,,,,,,,,
600152,分红,2018-04-18,0,0,0.0,不分配,,,,,,,,,,,
600152,分红,2017-04-18,0,0,0.0,不分配,,,,,,,,,,,
600152,分红,2015-04-21,0,0,0.0,不分配,,,,,,,,,,,
600152,分红,2013-03-26,0,0,0.0,不分配,,,,,,,,,,,
600152,分红,2010-03-20,0,0,0.0,不分配,,,,,,,,,,,
600152,分红,2009-03-20,0,0,0.0,不分配,,,,,,,,,,,
600152,分红,1999-07-30,0,0,1.5,实施,1999-08-06,1999-08-05,,,,,,,,,
600152,分红,2000-03-24,4,6,0.0,实施,2000-03-30,2000-03-29,2000-03-30,,,,,,,,
600152,分红,2002-04-10,0,0,1.0,实施,2002-04-19,2002-04-18,,,,,,,,,
600152,分红,2003-05-30,0,0,1.0,实施,2003-06-05,2003-06-04,,,,,,,,,
600152,分红,2004-04-13,0,0,0.5,实施,2004-04-19,2004-04-16,,,,,,,,,
600152,分红,2005-04-18,0,0,0.6,实施,2005-04-22,2005-04-21,,,,,,,,,
600152,分红,2006-04-28,0,0,0.6,实施,2006-05-11,2006-05-10,,,,,,,,,
600152,分红,2007-05-28,0,0,0.6,实施,2007-06-01,2007-05-31,,,,,,,,,
600152,分红,2008-06-17,0,0,0.6,实施,2008-06-23,2008-06-20,,,,,,,,,
600152,分红,2011-06-07,0,0,0.6,实施,2011-06-13,2011-06-10,,,,,,,,,
600152,分红,2012-06-11,0,0,0.6,实施,2012-06-15,2012-06-14,,,,,,,,,
600152,分红,2014-07-02,0,0,0.3,实施,2014-07-09,2014-07-08,,,,,,,,,
600152,分红,2016-07-01,0,0,0.2,实施,2016-07-08,2016-07-07,,,,,,,,,
600152,配股,2000-07-07,,,,,,2000-08-10,,1.5,7,272369000,2000-08-11,,2000-08-25,2000-09-12,
600211,分红,2024-12-31,0,0.0,2.62,预案,,,,,,,,,,,
600211,分红,2017-03-22,0,0.0,0.0,不分配,,,,,,,,,,,
600211,分红,2012-03-28,0,0.0,0.0,不分配,,,,,,,,,,,
600211,分红,2011-04-22,0,0.0,0.0,不分配,,,,,,,,,,,
600211,分红,2010-03-23,0,0.0,0.0,不分配,,,,,,,,,,,
600211,分红,2009-04-17,0,0.0,0.0,不分配,,,,,,,,,,,
600211,分红,2008-04-22,0,0.0,0.0,不分配,,,,,,,,,,,
600211,分红,2007-09-06,0,3.58,0.0,实施,,2007-09-07,2007-09-11,,,,,,,,
600211,分红,2007-04-28,0,0.0,0.0,不分配,,,,,,,,,,,
600211,分红,2006-03-22,0,0.0,0.0,不分配,,,,,,,,,,,
600211,分红,2005-06-01,0,0.0,0.0,不分配,,,,,,,,,,,
600211,分红,2001-06-06,0,0.0,2.0,实施,2001-06-13,2001-06-12,,,,,,,,,
600211,分红,2002-07-10,0,0.0,0.5,实施,2002-07-16,2002-07-15,,,,,,,,,
600211,分红,2013-05-21,0,0.0,0.7,实施,2013-05-28,2013-05-27,,,,,,,,,
600211,分红,2014-06-21,0,0.0,0.6,实施,2014-06-27,2014-06-26,,,,,,,,,
600211,分红,2015-05-26,0,0.0,0.5,实施,2015-06-01,2015-05-29,,,,,,,,,
600211,分红,2016-05-27,0,0.0,1.9,实施,2016-06-02,2016-06-01,,,,,,,,,
600211,分红,2017-09-22,0,0.0,3.32,实施,2017-09-28,2017-09-27,,,,,,,,,
600211,分红,2018-05-22,0,0.0,3.85,实施,2018-05-28,2018-05-25,,,,,,,,,
600211,分红,2019-04-15,0,0.0,3.7,实施,2019-04-19,2019-04-18,,,,,,,,,
600211,分红,2020-04-13,0,4.0,10.6,实施,2020-04-17,2020-04-16,,,,,,,,,
600211,分红,2021-04-13,0,0.0,5.1,实施,2021-04-19,2021-04-16,,,,,,,,,
600211,分红,2022-04-13,0,0.0,3.38,实施,2022-04-19,2022-04-18,,,,,,,,,
600211,分红,2023-04-11,0,0.0,7.46,实施,2023-04-17,2023-04-14,,,,,,,,,
600211,分红,2023-09-20,0,0.0,12.02,实施,2023-09-26,2023-09-25,,,,,,,,,
600211,分红,2024-04-24,0,3.0,7.37,实施,2024-04-30,2024-04-29,,,,,,,,,
600211,分红,2024-08-22,0,0.0,9.67,实施,2024-08-29,2024-08-28,,,,,,,,,
600211,分红,2025-01-11,0,0.0,2.62,实施,2025-01-21,2025-01-20,,,,,,,,,
600211,分红,2025-04-16,0,0.0,7.28,实施,2025-04-22,2025-04-21,,,,,,,,,
600211,分红,2025-08-26,0,0.0,8.81,实施,2025-09-01,2025-08-29,,,,,,,,,
600211,分红,2026-05-15,0,0.0,8.76,实施,2026-05-22,2026-05-21,,,,,,,,,
600211,分红,2026-09-07,0,0.0,11.46,实施,2026-09-15,2026-09-14,,,,,,,,,
600233,分红,2001-05-09,0,0,2.0,实施,2001-05-16,2001-05-15,,,,,,,,,
600233,分红,2002-07-18,0,5,1.0,实施,2002-07-24,2002-07-23,,,,,,,,,
600233,分红,2003-08-12,0,0,1.0,实施,2003-08-18,2003-08-15,,,,,,,,,
600233,分红,2004-08-06,0,0,1.0,实施,2004-08-12,2004-08-11,,,,,,,,,
600233,分红,2005-07-11,0,0,1.0,实施,2005-07-15,2005-07-14,,,,,,,,,
600233,分红,2006-06-12,0,0,1.0,实施,2006-06-16,2006-06-15,,,,,,,,,
600233,分红,2007-06-12,0,0,1.3,实施,2007-06-18,2007-06-15,,,,,,,,,
600233,分红,2008-06-04,0,0,0.6,实施,2008-06-11,2008-06-10,,,,,,,,,
600233,分红,2009-06-17,0,0,1.0,实施,2009-06-23,2009-06-22,,,,,,,,,
600233,分红,2010-05-25,0,0,1.0,实施,2010-05-31,2010-05-28,,,,,,,,,
600233,分红,2011-07-04,0,0,1.5,实施,2011-07-08,2011-07-07,,,,,,,,,
600233,分红,2012-07-02,0,0,1.2,实施,2012-07-06,2012-07-05,,,,,,,,,
600233,分红,2013-05-28,0,0,1.5,实施,2013-06-03,2013-05-31,,,,,,,,,
600233,分红,2014-06-20,0,0,1.5,实施,2014-06-26,2014-06-25,,,,,,,,,
600233,分红,2015-05-28,0,0,1.0,实施,2015-06-04,2015-06-03,,,,,,,,,
600233,分红,2016-04-20,0,10,0.9,实施,2016-04-26,2016-04-25,,,,,,,,,
600233,分红,2017-06-20,0,0,1.5,实施,2017-06-27,2017-06-26,,,,,,,,,
600233,分红,2018-06-07,0,0,1.1,实施,2018-06-13,2018-06-12,,,,,,,,,
600233,分红,2019-05-30,0,0,1.5,实施,2019-06-05,2019-06-04,,,,,,,,,
600233,分红,2020-06-02,0,0,1.5,实施,2020-06-08,2020-06-05,,,,,,,,,
600233,分红,2021-05-28,0,0,1.5,实施,2021-06-04,2021-06-03,,,,,,,,,
600233,分红,2022-06-10,0,0,1.5,实施,2022-06-16,2022-06-15,,,,,,,,,
600233,分红,2023-05-31,0,0,2.5,实施,2023-06-06,2023-06-05,,,,,,,,,
600233,分红,2024-06-06,0,0,3.5,实施,2024-06-13,2024-06-12,,,,,,,,,
600233,分红,2025-06-11,0,0,3.6,实施,2025-06-17,2025-06-16,,,,,,,,,
600233,分红,2026-06-03,0,0,2.5,实施,2026-06-09,2026-06-08,,,,,,,,,
600233,分红,2026-09-10,0,0,1.2,实施,2026-09-16,2026-09-15,,,,,,,,,
600241,分红,2026-04-09,0,0,0.0,不分配,,,,,,,,,,,
600241,分红,2025-04-09,0,0,0.0,不分配,,,,,,,,,,,
600241,分红,2024-04-19,0,0,0.0,不分配,,,,,,,,,,,
600241,分红,2023-04-10,0,0,0.0,不分配,,,,,,,,,,,
600241,分红,2022-04-22,0,0,0.0,不分配,,,,,,,,,,,
600241,分红,2021-04-28,0,0,0.0,不分配,,,,,,,,,,,
600241,分红,2020-04-24,0,0,0.0,不分配,,,,,,,,,,,
600241,分红,2019-03-29,0,0,0.0,不分配,,,,,,,,,,,
600241,分红,2017-04-27,0,0,0.0,不分配,,,,,,,,,,,
600241,分红,2015-04-18,0,0,0.0,不分配,,,,,,,,,,,
600241,分红,2011-03-15,0,0,0.0,不分配,,,,,,,,,,,
600241,分红,2009-04-28,0,0,0.0,不分配,,,,,,,,,,,
600241,分红,2001-05-23,0,0,1.0,实施,2001-05-30,2001-05-29,,,,,,,,,
600241,分红,2002-07-13,0,0,0.9,实施,2002-07-19,2002-07-18,,,,,,,,,
600241,分红,2003-06-30,0,0,1.2,实施,2003-07-04,2003-07-03,,,,,,,,,
600241,分红,2004-07-02,0,0,0.5,实施,2004-07-08,2004-07-07,,,,,,,,,
600241,分红,2005-07-04,0,0,0.5,实施,2005-07-08,2005-07-07,,,,,,,,,
600241,分红,2006-06-16,0,0,0.8,实施,2006-06-22,2006-06-21,,,,,,,,,
600241,分红,2007-06-04,0,0,0.7,实施,2007-06-08,2007-06-07,,,,,,,,,
600241,分红,2008-08-07,0,0,0.8,实施,2008-08-14,2008-08-13,,,,,,,,,
600241,分红,2010-05-28,0,0,0.5,实施,2010-06-03,2010-06-02,,,,,,,,,
600241,分红,2012-05-02,0,7,0.0,实施,2012-05-08,2012-05-07,2012-05-09,,,,,,,,
600241,分红,2013-05-31,0,0,0.25,实施,2013-06-06,2013-06-05,,,,,,,,,
600241,分红,2014-05-16,0,0,0.25,实施,2014-05-22,2014-05-21,,,,,,,,,
600241,分红,2016-07-04,0,0,0.25,实施,2016-07-08,2016-07-07,,,,,,,,,
600241,分红,2018-07-06,0,0,0.2,实施,2018-07-13,2018-07-12,,,,,,,,,
600356,分红,2001-06-07,0,0,1.0,实施,2001-06-14,2001-06-13,,,,,,,,,
600356,分红,2002-06-03,0,0,0.5,实施,2002-06-07,2002-06-06,,,,,,,,,
600356,分红,2003-05-23,0,0,0.5,实施,2003-05-29,2003-05-28,,,,,,,,,
600356,分红,2004-05-28,0,0,2.0,实施,2004-06-03,2004-06-02,,,,,,,,,
600356,分红,2005-04-19,0,0,1.0,实施,2005-04-26,2005-04-25,,,,,,,,,
600356,分红,2006-05-13,0,0,0.5,实施,2006-05-19,2006-05-18,,,,,,,,,
600356,分红,2007-05-14,0,0,2.0,实施,2007-05-18,2007-05-17,,,,,,,,,
600356,分红,2008-05-19,0,0,1.26,实施,2008-05-23,2008-05-22,,,,,,,,,
600356,分红,2009-05-20,0,0,2.27,实施,2009-05-26,2009-05-25,,,,,,,,,
600356,分红,2010-08-11,0,0,3.81,实施,2010-08-17,2010-08-16,,,,,,,,,
600356,分红,2011-05-24,2,0,0.96,实施,2011-05-30,2011-05-27,,,,,,,,,
600356,分红,2012-03-07,0,0,1.01,实施,2012-03-13,2012-03-12,,,,,,,,,
600356,分红,2013-05-21,0,0,1.18,实施,2013-05-27,2013-05-24,,,,,,,,,
600356,分红,2014-07-11,0,0,0.88,实施,2014-07-18,2014-07-17,,,,,,,,,
600356,分红,2015-07-10,0,0,0.8035,实施,2015-07-17,2015-07-16,,,,,,,,,
600356,分红,2016-05-26,0,0,0.9,实施,2016-06-03,2016-06-02,,,,,,,,,
600356,分红,2017-05-22,0,0,0.96,实施,2017-05-26,2017-05-25,,,,,,,,,
600356,分红,2018-07-10,0,0,0.99,实施,2018-07-18,2018-07-17,,,,,,,,,
600356,分红,2019-07-02,0,0,0.68,实施,2019-07-10,2019-07-09,,,,,,,,,
600356,分红,2020-06-12,0,0,0.9,实施,2020-06-19,2020-06-18,,,,,,,,,
600356,分红,2021-06-21,0,0,1.33,实施,2021-06-28,2021-06-25,,,,,,,,,
600356,分红,2022-06-16,0,0,1.02,实施,2022-06-24,2022-06-23,,,,,,,,,
600356,分红,2023-05-16,0,0,1.298,实施,2023-05-23,2023-05-22,,,,,,,,,
600356,分红,2024-05-14,0,0,1.368,实施,2024-05-22,2024-05-21,,,,,,,,,
600356,分红,2025-07-01,0,0,1.2,实施,2025-07-09,2025-07-08,,,,,,,,,
600356,分红,2026-06-17,0,0,1.9,实施,2026-06-26,2026-06-25,,,,,,,,,
600483,分红,2026-08-22,0,0,0.71,预案,,,,,,,,,,,
600483,分红,2009-03-28,0,0,0.0,不分配,,,,,,,,,,,
600483,分红,2008-03-26,0,0,0.0,不分配,,,,,,,,,,,
600483,分红,2007-03-24,0,0,0.0,不分配,,,,,,,,,,,
600483,分红,2004-08-16,0,0,0.75,实施,2004-08-20,2004-08-19,,,,,,,,,
600483,分红,2005-07-14,0,0,0.5,实施,2005-07-20,2005-07-19,,,,,,,,,
600483,分红,2006-05-23,0,0,2.162,实施,2006-05-26,2006-05-25,2006-05-29,,,,,,,,
600483,分红,2006-06-05,0,5,0.0,实施,2006-06-09,2006-06-08,2006-06-12,,,,,,,,
600483,分红,2010-07-08,0,0,0.2,实施,2010-07-14,2010-07-13,,,,,,,,,
600483,分红,2011-07-08,0,0,0.3,实施,2011-07-14,2011-07-13,,,,,,,,,
600483,分红,2012-07-10,0,0,1.0,实施,2012-07-16,2012-07-13,,,,,,,,,
600483,分红,2013-07-10,0,0,0.5,实施,2013-07-16,2013-07-15,,,,,,,,,
600483,分红,2014-05-13,0,0,0.5,实施,2014-05-19,2014-05-16,,,,,,,,,
600483,分红,2015-06-17,0,0,2.0,实施,2015-06-24,2015-06-23,,,,,,,,,
600483,分红,2016-06-08,0,0,2.0,实施,2016-06-16,2016-06-15,,,,,,,,,
600483,分红,2017-07-03,0,0,2.0,实施,2017-07-10,2017-07-07,,,,,,,,,
600483,分红,2018-06-04,0,0,2.0,实施,2018-06-11,2018-06-08,,,,,,,,,
600483,分红,2019-07-22,0,0,2.1,实施,2019-07-29,2019-07-26,,,,,,,,,
600483,分红,2020-06-01,0,0,2.5,实施,2020-06-08,2020-06-05,,,,,,,,,
600483,分红,2021-07-21,0,0,2.7,实施,2021-07-28,2021-07-27,,,,,,,,,
600483,分红,2022-07-01,0,0,2.1,实施,2022-07-08,2022-07-07,,,,,,,,,
600483,分红,2023-06-28,3,0,4.0,实施,2023-07-04,2023-07-03,,,,,,,,,
600483,分红,2024-07-02,0,0,3.1,实施,2024-07-08,2024-07-05,,,,,,,,,
600483,分红,2025-07-07,0,0,3.1,实施,2025-07-11,2025-07-10,,,,,,,,,
600483,分红,2025-08-29,0,0,0.73,实施,2025-09-04,2025-09-03,,,,,,,,,
600483,分红,2026-07-10,0,0,3.53,实施,2026-07-16,2026-07-15,,,,,,,,,
600493,分红,2012-04-24,0,0,0.0,不分配,,,,,,,,,,,
600493,分红,2005-05-26,0,0,2.0,实施,2005-06-01,2005-05-31,,,,,,,,,
600493,分红,2006-05-17,0,0,2.0,实施,2006-05-25,2006-05-24,,,,,,,,,
600493,分红,2007-06-11,0,0,2.0,实施,2007-06-15,2007-06-14,,,,,,,,,
600493,分红,2008-05-27,0,0,1.5,实施,2008-06-02,2008-05-30,,,,,,,,,
600493,分红,2009-05-26,0,0,0.3,实施,2009-06-03,2009-06-02,,,,,,,,,
600493,分红,2010-05-28,0,0,1.0,实施,2010-06-03,2010-06-02,,,,,,,,,
600493,分红,2011-05-23,3,3,0.5,实施,2011-05-27,2011-05-26,,,,,,,,,
600493,分红,2013-07-08,0,0,0.2,实施,2013-07-12,2013-07-11,,,,,,,,,
600493,分红,2014-07-09,0,0,0.2,实施,2014-07-15,2014-07-14,,,,,,,,,
600493,分红,2015-07-03,0,0,0.2,实施,2015-07-10,2015-07-09,,,,,,,,,
600493,分红,2016-06-16,0,0,0.2,实施,2016-06-22,2016-06-21,,,,,,,,,
600493,分红,2017-06-13,0,0,0.7,实施,2017-06-20,2017-06-19,,,,,,,,,
600493,分红,2018-07-13,0,0,0.3,实施,2018-07-20,2018-07-19,,,,,,,,,
600493,分红,2019-06-07,0,0,0.4,实施,2019-06-14,2019-06-13,,,,,,,,,
600493,分红,2020-07-14,0,0,0.3,实施,2020-07-21,2020-07-20,,,,,,,,,
600493,分红,2021-07-07,0,0,0.4,实施,2021-07-14,2021-07-13,,,,,,,,,
600493,分红,2022-07-06,0,0,0.808,实施,2022-07-12,2022-07-11,,,,,,,,,
600493,分红,2023-06-21,0,0,0.288,实施,2023-06-30,2023-06-29,,,,,,,,,
600493,分红,2024-07-12,0,0,1.0,实施,2024-07-19,2024-07-18,,,,,,,,,
600493,分红,2025-06-18,0,0,0.587,实施,2025-06-26,2025-06-25,,,,,,,,,
600493,分红,2026-07-04,0,0,0.18,实施,2026-07-10,2026-07-09,,,,,,,,,
600513,分红,2004-06-28,0,0,0.5,实施,2004-07-02,2004-07-01,,,,,,,,,
600513,分红,2005-07-08,0,0,0.5,实施,2005-07-15,2005-07-14,,,,,,,,,
600513,分红,2006-07-11,0,0,0.5,实施,2006-07-17,2006-07-14,,,,,,,,,
600513,分红,2007-07-17,0,0,0.6,实施,2007-07-23,2007-07-20,,,,,,,,,
600513,分红,2008-05-26,0,5,0.0,实施,2008-05-30,2008-05-29,2008-06-02,,,,,,,,
600513,分红,2009-07-08,0,0,0.5,实施,2009-07-14,2009-07-13,,,,,,,,,
600513,分红,2010-05-31,0,3,0.5,实施,2010-06-04,2010-06-03,,,,,,,,,
600513,分红,2011-06-14,0,0,0.5,实施,2011-06-20,2011-06-17,,,,,,,,,
600513,分红,2012-06-21,0,3,0.5,实施,2012-06-28,2012-06-27,,,,,,,,,
600513,分红,2013-05-27,0,0,0.6,实施,2013-05-31,2013-05-30,,,,,,,,,
600513,分红,2014-06-13,0,0,0.75,实施,2014-06-19,2014-06-18,,,,,,,,,
600513,分红,2015-03-27,0,0,0.85,实施,2015-04-02,2015-04-01,,,,,,,,,
600513,分红,2016-06-30,0,3,0.6,实施,2016-07-06,2016-07-05,,,,,,,,,
600513,分红,2017-05-12,0,3,0.86,实施,2017-05-19,2017-05-18,,,,,,,,,
600513,分红,2018-05-11,0,0,0.75,实施,2018-05-17,2018-05-16,,,,,,,,,
600513,分红,2019-06-12,0,0,0.78,实施,2019-06-18,2019-06-17,,,,,,,,,
600513,分红,2020-06-17,0,0,0.84,实施,2020-06-23,2020-06-22,,,,,,,,,
600513,分红,2021-06-10,0,0,1.08,实施,2021-06-18,2021-06-17,,,,,,,,,
600513,分红,2022-07-23,0,0,1.25,实施,2022-07-29,2022-07-28,,,,,,,,,
600513,分红,2023-05-19,0,0,1.5,实施,2023-05-26,2023-05-25,,,,,,,,,
600513,分红,2024-05-17,0,0,1.5,实施,2024-05-24,2024-05-23,,,,,,,,,
600513,分红,2025-06-17,0,0,0.89,实施,2025-06-23,2025-06-20,,,,,,,,,
600513,分红,2026-06-30,0,0,0.7,实施,2026-07-08,2026-07-07,,,,,,,,,
600560,分红,2003-05-19,0,0,2.0,实施,2003-05-23,2003-05-22,,,,,,,,,
600560,分红,2004-05-25,3,0,1.5,实施,2004-05-31,2004-05-28,,,,,,,,,
600560,分红,2005-06-07,0,0,1.0,实施,2005-06-13,2005-06-10,,,,,,,,,
600560,分红,2006-05-23,0,0,1.2,实施,2006-05-29,2006-05-26,,,,,,,,,
600560,分红,2007-06-06,0,0,2.0,实施,2007-06-12,2007-06-11,,,,,,,,,
600560,分红,2008-05-14,0,0,0.8,实施,2008-05-20,2008-05-19,,,,,,,,,
600560,分红,2009-05-20,0,0,0.8,实施,2009-05-26,2009-05-25,,,,,,,,,
600560,分红,2010-05-13,0,0,0.8,实施,2010-05-19,2010-05-18,,,,,,,,,
600560,分红,2011-05-10,5,0,1.0,实施,2011-05-16,2011-05-13,,,,,,,,,
600560,分红,2012-05-10,2,3,0.6,实施,2012-05-16,2012-05-15,,,,,,,,,
600560,分红,2013-05-17,0,0,1.1,实施,2013-05-23,2013-05-22,,,,,,,,,
600560,分红,2014-05-09,0,0,0.85,实施,2014-05-15,2014-05-14,,,,,,,,,
600560,分红,2015-05-19,0,0,0.25,实施,2015-05-25,2015-05-22,,,,,,,,,
600560,分红,2016-05-17,0,0,0.25,实施,2016-05-24,2016-05-23,,,,,,,,,
600560,分红,2017-06-15,0,0,0.27,实施,2017-06-22,2017-06-21,,,,,,,,,
600560,分红,2018-05-24,0,0,0.28,实施,2018-05-31,2018-05-30,,,,,,,,,
600560,分红,2019-05-24,0,0,0.29,实施,2019-05-31,2019-05-30,,,,,,,,,
600560,分红,2020-07-09,0,0,0.38,实施,2020-07-17,2020-07-16,,,,,,,,,
600560,分红,2021-06-02,0,0,0.52,实施,2021-06-09,2021-06-08,,,,,,,,,
600560,分红,2022-06-02,0,0,0.63,实施,2022-06-10,2022-06-09,,,,,,,,,
600560,分红,2023-06-15,0,0,0.6,实施,2023-06-21,2023-06-20,,,,,,,,,
600560,分红,2024-06-19,0,0,0.71,实施,2024-06-25,2024-06-24,,,,,,,,,
600560,分红,2025-08-15,0,0,0.71,实施,2025-08-22,2025-08-21,,,,,,,,,
600560,分红,2026-07-10,0,0,0.712,实施,2026-07-17,2026-07-16,,,,,,,,,
600566,分红,2014-04-26,0,0,0.0,不分配,,,,,,,,,,,
600566,分红,2013-03-28,0,0,0.0,不分配,,,,,,,,,,,
600566,分红,2002-05-16,0,0,1.0,实施,2002-05-23,2002-05-22,,,,,,,,,
600566,分红,2003-05-23,0,0,0.5,实施,2003-05-29,2003-05-28,,,,,,,,,
600566,分红,2005-05-23,0,0,0.2,实施,2005-05-27,2005-05-26,,,,,,,,,
600566,分红,2006-05-22,0,0,0.2,实施,2006-05-26,2006-05-25,,,,,,,,,
600566,分红,2007-05-22,0,0,0.1,实施,2007-05-28,2007-05-25,,,,,,,,,
600566,分红,2008-06-05,0,0,0.1,实施,2008-06-12,2008-06-11,,,,,,,,,
600566,分红,2009-05-21,0,0,0.1,实施,2009-05-27,2009-05-26,,,,,,,,,
600566,分红,2010-05-12,0,3,0.1,实施,2010-05-18,2010-05-17,,,,,,,,,
600566,分红,2011-07-04,0,0,0.1,实施,2011-07-12,2011-07-11,,,,,,,,,
600566,分红,2012-05-08,0,0,0.1,实施,2012-05-16,2012-05-15,,,,,,,,,
600566,分红,2015-03-31,0,0,4.0,实施,2015-04-07,2015-04-03,,,,,,,,,
600566,分红,2016-04-14,0,0,7.0,实施,2016-04-20,2016-04-19,,,,,,,,,
600566,分红,2017-04-24,0,0,7.3,实施,2017-04-28,2017-04-27,,,,,,,,,
600566,分红,2018-05-25,0,0,10.0,实施,2018-06-01,2018-05-31,,,,,,,,,
600566,分红,2019-05-27,0,0,12.3,实施,2019-06-03,2019-05-31,,,,,,,,,
600566,分红,2020-04-17,0,0,12.3,实施,2020-04-24,2020-04-23,,,,,,,,,
600566,分红,2021-05-20,0,0,4.5,实施,2021-05-26,2021-05-25,,,,,,,,,
600566,分红,2022-05-19,0,0,6.8,实施,2022-05-26,2022-05-25,,,,,,,,,
600566,分红,2023-06-27,0,0,8.8,实施,2023-07-03,2023-06-30,,,,,,,,,
600566,分红,2024-06-11,0,0,13.0,实施,2024-06-17,2024-06-14,,,,,,,,,
600566,分红,2025-06-24,0,0,20.9,实施,2025-06-30,2025-06-27,,,,,,,,,
600566,分红,2026-06-24,0,0,17.4,实施,2026-06-30,2026-06-29,,,,,,,,,
600605,分红,2012-03-09,0,0,0.0,不分配,,,,,,,,,,,
600605,分红,2011-03-23,0,0,0.0,不分配,,,,,,,,,,,
600605,分红,2010-03-25,0,0,0.0,不分配,,,,,,,,,,,
600605,分红,2009-03-31,0,0,0.0,不分配,,,,,,,,,,,
600605,分红,2008-03-29,0,0,0.0,不分配,,,,,,,,,,,
600605,分红,2007-04-27,0,0,0.0,不分配,,,,,,,,,,,
600605,分红,2006-03-25,0,0,0.0,不分配,,,,,,,,,,,
600605,分红,2005-06-03,0,0,0.0,不分配,,,,,,,,,,,
600605,分红,1994-05-14,0,0,1.0,实施,1994-05-23,1994-05-20,,,,,,,,,
600605,分红,1998-06-11,0,0,1.0,实施,1998-06-17,1998-06-16,,,,,,,,,
600605,分红,1999-05-20,2,0,0.0,实施,1999-05-27,1999-05-26,1999-05-27,,,,,,,,
600605,分红,2013-05-29,0,0,0.15,实施,2013-06-04,2013-06-03,,,,,,,,,
600605,分红,2014-07-08,0,0,0.15,实施,2014-07-15,2014-07-14,,,,,,,,,
600605,分红,2015-06-02,0,0,0.17,实施,2015-06-09,2015-06-08,,,,,,,,,
600605,分红,2016-06-14,0,0,0.21,实施,2016-06-21,2016-06-20,,,,,,,,,
600605,分红,2017-06-06,0,0,0.51,实施,2017-06-13,2017-06-12,,,,,,,,,
600605,分红,2018-06-15,0,0,0.6,实施,2018-06-22,2018-06-21,,,,,,,,,
600605,分红,2019-06-21,0,0,0.4,实施,2019-06-27,2019-06-26,,,,,,,,,
600605,分红,2020-05-07,0,0,0.5,实施,2020-05-14,2020-05-13,,,,,,,,,
600605,分红,2021-05-11,0,4,1.02,实施,2021-05-17,2021-05-14,,,,,,,,,
600605,分红,2022-05-21,0,0,0.88,实施,2022-05-27,2022-05-26,,,,,,,,,
600605,分红,2023-04-04,0,0,1.0,实施,2023-04-11,2023-04-10,,,,,,,,,
600605,分红,2024-04-02,0,0,6.0,实施,2024-04-10,2024-04-09,,,,,,,,,
600605,分红,2025-04-10,0,0,1.4,实施,2025-04-16,2025-04-15,,,,,,,,,
600605,分红,2026-04-24,0,0,0.4,实施,2026-04-30,2026-04-29,,,,,,,,,
600605,配股,1993-05-08,,,,,,1993-05-14,,10,1.8,165160000,1993-05-17,,1993-05-26,1993-05-31,
600661,分红,2026-04-23,0,0,0.0,不分配,,,,,,,,,,,
600661,分红,2025-04-29,0,0,0.0,不分配,,,,,,,,,,,
600661,分红,2024-04-30,0,0,0.0,不分配,,,,,,,,,,,
600661,分红,2023-04-28,0,0,0.0,不分配,,,,,,,,,,,
600661,分红,2022-04-29,0,0,0.0,不分配,,,,,,,,,,,
600661,分红,2021-04-29,0,0,0.0,不分配,,,,,,,,,,,
600661,分红,2020-04-30,0,0,0.0,不分配,,,,,,,,,,,
600661,分红,2019-04-25,0,0,0.0,不分配,,,,,,,,,,,
600661,分红,2018-04-28,0,0,0.0,不分配,,,,,,,,,,,
600661,分红,2017-04-29,0,0,0.0,不分配,,,,,,,,,,,
600661,分红,2016-03-30,0,0,0.0,不分配,,,,,,,,,,,
600661,分红,2015-04-23,0,0,0.0,不分配,,,,,,,,,,,
600661,分红,2014-04-16,0,0,0.0,不分配,,,,,,,,,,,
600661,分红,2013-04-13,0,0,0.0,不分配,,,,,,,,,,,
600661,分红,2012-04-28,0,0,0.0,不分配,,,,,,,,,,,
600661,分红,2010-04-10,0,0,0.0,不分配,,,,,,,,,,,
600661,分红,2009-04-15,0,0,0.0,不分配,,,,,,,,,,,
600661,分红,1994-04-30,0,1,1.0,实施,1994-05-09,1994-05-06,,,,,,,,,
600661,分红,1995-04-12,1,0,0.0,实施,1995-04-24,1995-04-21,1995-04-24,,,,,,,,
600661,分红,1996-07-27,0,0,0.6,实施,1996-08-02,1996-08-01,,,,,,,,,
600661,分红,1999-05-24,0,1,0.0,实施,1999-05-31,1999-05-28,1999-05-31,,,,,,,,
600661,分红,1999-10-08,0,5,0.0,实施,1999-10-18,1999-10-15,1999-10-18,,,,,,,,
600661,分红,2001-06-15,0,0,1.5,实施,2001-06-22,2001-06-21,,,,,,,,,
600661,分红,2002-06-08,0,0,1.5,实施,2002-06-13,2002-06-12,,,,,,,,,
600661,分红,2003-06-06,0,0,1.0,实施,2003-06-12,2003-06-11,,,,,,,,,
600661,分红,2004-08-07,2,0,0.0,实施,2004-08-12,2004-08-11,2004-08-13,,,,,,,,
600661,分红,2005-06-30,0,0,0.5,实施,2005-07-06,2005-07-05,,,,,,,,,
600661,分红,2006-07-17,0,0,0.3,实施,2006-07-21,2006-07-20,,,,,,,,,
600661,分红,2007-07-23,0,0,0.3,实施,2007-07-27,2007-07-26,,,,,,,,,
600661,分红,2008-07-03,0,0,0.4,实施,2008-07-09,2008-07-08,,,,,,,,,
600661,分红,2011-07-18,0,0,0.3,实施,2011-07-22,2011-07-21,,,,,,,,,
600661,分红,2016-10-12,0,0,0.8,实施,2016-10-18,2016-10-17,,,,,,,,,
600661,分红,2017-11-18,0,0,2.0,实施,2017-11-23,2017-11-22,,,,,,,,,
600661,配股,1993-11-20,,,,,,1993-11-26,,7,4.2,0,1993-11-29,,1993-12-08,1993-12-13,
600684,分红,2026-04-02,0,0,0.0,不分配,,,,,,,,,,,
600684,分红,2025-04-02,0,0,0.0,不分配,,,,,,,,,,,
600684,分红,2024-03-29,0,0,0.0,不分配,,,,,,,,,,,
600684,分红,2023-03-31,0,0,0.0,不分配,,,,,,,,,,,
600684,分红,2022-03-31,0,0,0.0,不分配,,,,,,,,,,,
600684,分红,2021-04-15,0,0,0.0,不分配,,,,,,,,,,,
600684,分红,2009-04-25,0,0,0.0,不分配,,,,,,,,,,,
600684,分红,2008-04-26,0,0,0.0,不分配,,,,,,,,,,,
600684,分红,2007-03-31,0,0,0.0,不分配,,,,,,,,,,,
600684,分红,2005-07-01,0,0,0.0,不分配,,,,,,,,,,,
600684,分红,1994-04-02,4,1,1.0,实施,1994-04-11,1994-04-08,,,,,,,,,
600684,分红,1995-07-11,0,0,6.0,实施,1995-07-17,1995-07-14,,,,,,,,,
600684,分红,1996-05-28,0,0,2.3,实施,1996-06-03,1996-05-31,,,,,,,,,
600684,分红,1997-07-29,0,0,3.4,实施,1997-08-04,1997-08-01,,,,,,,,,
600684,分红,1998-06-30,0,0,1.6,实施,1998-07-06,1998-07-03,,,,,,,,,
600684,分红,2000-09-01,0,0,0.5,实施,2000-09-07,2000-09-06,,,,,,,,,
600684,分红,2003-08-12,0,0,0.5,实施,2003-08-18,2003-08-15,,,,,,,,,
600684,分红,2006-08-08,0,0,0.5,实施,2006-08-14,2006-08-11,,,,,,,,,
600684,分红,2010-06-30,0,0,2.0,实施,2010-07-06,2010-07-05,,,,,,,,,
600684,分红,2011-07-22,0,3,0.0,实施,2011-07-28,2011-07-27,2011-07-29,,,,,,,,
600684,分红,2012-06-19,0,3,0.0,实施,2012-06-26,2012-06-25,2012-06-27,,,,,,,,
600684,分红,2013-06-28,5,0,2.1,实施,2013-07-05,2013-07-04,,,,,,,,,
600684,分红,2014-06-27,2,3,0.6,实施,2014-07-04,2014-07-03,,,,,,,,,
600684,分红,2015-06-12,0,0,0.8,实施,2015-06-19,2015-06-18,,,,,,,,,
600684,分红,2016-05-26,0,0,0.8,实施,2016-06-03,2016-06-02,,,,,,,,,
600684,分红,2017-07-20,2,0,0.5,实施,2017-07-27,2017-07-26,,,,,,,,,
600684,分红,2018-07-18,0,0,0.5,实施,2018-07-26,2018-07-25,,,,,,,,,
600684,分红,2019-07-10,0,0,0.36,实施,2019-07-18,2019-07-17,,,,,,,,,
600684,分红,2020-06-15,0,0,0.3,实施,2020-06-23,2020-06-22,,,,,,,,,
600684,配股,1995-07-11,,,,,,1995-07-14,,2,3.5,135112000,1995-07-17,,1995-07-28,1995-07-31,
600684,配股,1997-11-19,,,,,,1997-12-03,,3,6.0,162134000,1997-12-04,,1997-12-17,1998-01-08,
600719,分红,2026-03-27,0,0,0.0,不分配,,,,,,,,,,,
600719,分红,2025-03-14,0,0,0.0,不分配,,,,,,,,,,,
600719,分红,2024-02-29,0,0,0.0,不分配,,,,,,,,,,,
600719,分红,2023-03-18,0,0,0.0,不分配,,,,,,,,,,,
600719,分红,2022-04-29,0,0,0.0,不分配,,,,,,,,,,,
600719,分红,2012-03-22,0,0,0.0,不分配,,,,,,,,,,,
600719,分红,1997-04-21,5,3,2.0,实施,1997-04-24,1997-04-23,,,,,,,,,
600719,分红,1998-05-21,0,0,1.0,实施,1998-05-26,1998-05-25,,,,,,,,,
600719,分红,2001-06-13,0,0,1.0,实施,2001-06-20,2001-06-19,,,,,,,,,
600719,分红,2002-07-09,0,0,0.8,实施,2002-07-15,2002-07-12,,,,,,,,,
600719,分红,2003-06-10,0,0,0.8,实施,2003-06-16,2003-06-13,,,,,,,,,
600719,分红,2005-06-23,0,0,1.0,实施,2005-06-29,2005-06-28,,,,,,,,,
600719,分红,2006-05-26,0,0,0.6,实施,2006-06-01,2006-05-31,,,,,,,,,
600719,分红,2007-06-08,0,0,0.9,实施,2007-06-14,2007-06-13,,,,,,,,,
600719,分红,2008-06-04,0,0,0.3,实施,2008-06-11,2008-06-10,,,,,,,,,
600719,分红,2009-06-03,0,0,0.2,实施,2009-06-09,2009-06-08,,,,,,,,,
600719,分红,2010-06-29,0,0,0.25,实施,2010-07-05,2010-07-02,,,,,,,,,
600719,分红,2011-06-22,0,0,0.13,实施,2011-06-28,2011-06-27,,,,,,,,,
600719,分红,2013-05-31,0,0,0.05,实施,2013-06-07,2013-06-06,,,,,,,,,
600719,分红,2014-06-30,0,0,0.062,实施,2014-07-04,2014-07-03,,,,,,,,,
600719,分红,2015-06-08,0,0,0.33,实施,2015-06-12,2015-06-11,,,,,,,,,
600719,分红,2015-11-24,0,10,0.0,实施,2015-11-30,2015-11-27,2015-12-01,,,,,,,,
600719,分红,2016-06-08,0,0,0.1,实施,2016-06-16,2016-06-15,,,,,,,,,
600719,分红,2017-06-03,0,0,0.11,实施,2017-06-09,2017-06-08,,,,,,,,,
600719,分红,2018-05-31,0,0,0.03,实施,2018-06-07,2018-06-06,,,,,,,,,
600719,分红,2019-05-29,0,0,0.05,实施,2019-06-05,2019-06-04,,,,,,,,,
600719,分红,2020-06-17,0,0,0.09,实施,2020-06-24,2020-06-23,,,,,,,,,
600719,分红,2021-07-14,0,0,0.08,实施,2021-07-21,2021-07-20,,,,,,,,,
600719,配股,1999-02-09,,,,,,1999-03-12,,3,6.95,175500000,1999-03-15,,1999-03-26,1999-04-28,
600758,分红,2026-04-23,0,0,0.0,不分配,,,,,,,,,,,
600758,分红,2024-04-24,0,0,0.0,不分配,,,,,,,,,,,
600758,分红,2022-04-22,0,0,0.0,不分配,,,,,,,,,,,
600758,分红,2021-04-20,0,0,0.0,不分配,,,,,,,,,,,
600758,分红,2016-04-26,0,0,0.0,不分配,,,,,,,,,,,
600758,分红,2012-03-28,0,0,0.0,不分配,,,,,,,,,,,
600758,分红,2011-03-30,0,0,0.0,不分配,,,,,,,,,,,
600758,分红,2009-03-31,0,0,0.0,不分配,,,,,,,,,,,
600758,分红,2008-02-27,0,0,0.0,不分配,,,,,,,,,,,
600758,分红,2007-02-15,0,0,0.0,不分配,,,,,,,,,,,
600758,分红,2006-02-28,0,0,0.0,不分配,,,,,,,,,,,
600758,分红,2005-06-16,0,0,0.0,不分配,,,,,,,,,,,
600758,分红,1996-12-09,0,0,3.0,实施,1996-12-26,1996-12-25,,,,,,,,,
600758,分红,1997-05-07,6,4,0.0,实施,1997-05-13,1997-05-12,1997-05-13,,,,,,,,
600758,分红,2010-05-04,0,3,0.0,实施,2010-05-10,2010-05-07,2010-05-11,,,,,,,,
600758,分红,2013-05-20,0,0,0.3,实施,2013-05-24,2013-05-23,,,,,,,,,
600758,分红,2014-06-11,0,0,0.3,实施,2014-06-17,2014-06-16,,,,,,,,,
600758,分红,2015-06-15,0,0,0.2,实施,2015-06-19,2015-06-18,,,,,,,,,
600758,分红,2017-06-19,0,0,0.4,实施,2017-06-23,2017-06-22,,,,,,,,,
600758,分红,2018-06-22,0,0,1.1,实施,2018-06-28,2018-06-27,,,,,,,,,
600758,分红,2019-06-24,0,0,0.26,实施,2019-06-28,2019-06-27,,,,,,,,,
600758,分红,2020-07-04,0,0,0.06,实施,2020-07-10,2020-07-09,,,,,,,,,
600758,分红,2023-08-24,0,0,0.6,实施,2023-08-30,2023-08-29,,,,,,,,,
600758,分红,2024-12-13,0,0,0.2,实施,2024-12-20,2024-12-19,,,,,,,,,
600758,分红,2025-07-31,0,0,0.32,实施,2025-08-07,2025-08-06,,,,,,,,,
600853,分红,2021-03-31,0.0,0.0,0.0,不分配,,,,,,,,,,,
600853,分红,2009-03-26,0.0,0.0,0.0,不分配,,,,,,,,,,,
600853,分红,2008-03-27,0.0,0.0,0.0,不分配,,,,,,,,,,,
600853,分红,2007-03-22,0.0,0.0,0.0,不分配,,,,,,,,,,,
600853,分红,2006-10-10,0.0,6.0,0.0,实施,,2006-10-11,2006-10-13,,,,,,,,
600853,分红,2006-03-10,0.0,0.0,0.0,不分配,,,,,,,,,,,
600853,分红,2005-06-23,0.0,0.0,0.0,不分配,,,,,,,,,,,
600853,分红,1995-04-20,1.0,0.0,0.0,实施,1995-04-25,1995-04-24,1995-04-25,,,,,,,,
600853,分红,1998-07-16,0.0,1.0,0.0,实施,1998-07-22,1998-07-21,1998-07-22,,,,,,,,
600853,分红,2004-06-02,0.0,0.0,0.05,实施,2004-06-08,2004-06-07,,,,,,,,,
600853,分红,2010-08-12,0.0,0.0,0.1,实施,2010-08-18,2010-08-17,,,,,,,,,
600853,分红,2011-06-14,0.0,0.0,0.1,实施,2011-06-20,2011-06-17,,,,,,,,,
600853,分红,2012-06-26,0.0,0.0,0.1,实施,2012-07-02,2012-06-29,,,,,,,,,
600853,分红,2013-07-16,0.0,0.0,0.1,实施,2013-07-22,2013-07-19,,,,,,,,,
600853,分红,2014-08-19,0.0,0.0,0.1,实施,2014-08-25,2014-08-22,,,,,,,,,
600853,分红,2015-08-04,0.0,0.0,0.1,实施,2015-08-10,2015-08-07,,,,,,,,,
600853,分红,2016-07-12,0.0,0.0,0.12,实施,2016-07-18,2016-07-15,,,,,,,,,
600853,分红,2017-07-18,0.0,0.0,0.17,实施,2017-07-24,2017-07-21,,,,,,,,,
600853,分红,2018-07-31,0.0,0.0,0.1,实施,2018-08-06,2018-08-03,,,,,,,,,
600853,分红,2018-12-11,0.0,0.0,0.1,实施,2018-12-17,2018-12-14,,,,,,,,,
600853,分红,2019-07-23,0.0,3.0,0.2,实施,2019-07-29,2019-07-26,,,,,,,,,
600853,分红,2020-06-16,0.0,0.0,0.3,实施,2020-06-22,2020-06-19,,,,,,,,,
600853,分红,2020-11-27,0.5,1.5,0.2,实施,2020-12-03,2020-12-02,,,,,,,,,
600853,分红,2022-07-01,0.0,0.0,0.35,实施,2022-07-07,2022-07-06,,,,,,,,,
600853,分红,2023-07-07,0.0,0.0,0.35,实施,2023-07-13,2023-07-12,,,,,,,,,
600853,分红,2024-07-19,0.0,0.0,0.35,实施,2024-07-25,2024-07-24,,,,,,,,,
600853,分红,2025-06-27,0.0,0.0,0.4,实施,2025-07-03,2025-07-02,,,,,,,,,
600853,分红,2026-07-15,0.0,0.0,0.39,实施,2026-07-21,2026-07-20,,,,,,,,,
600965,分红,2026-04-30,0,0,0.0,不分配,,,,,,,,,,,
600965,分红,2011-03-26,0,0,0.0,不分配,,,,,,,,,,,
600965,分红,2006-03-08,0,0,0.0,不分配,,,,,,,,,,,
600965,分红,2005-05-30,1,0,0.5,实施,2005-06-03,2005-06-02,,,,,,,,,
600965,分红,2007-05-18,0,0,0.3,实施,2007-05-24,2007-05-23,,,,,,,,,
600965,分红,2008-08-27,0,0,0.4,实施,2008-09-02,2008-09-01,,,,,,,,,
600965,分红,2009-08-26,0,0,0.4,实施,2009-09-03,2009-09-02,,,,,,,,,
600965,分红,2010-08-20,0,0,0.3,实施,2010-08-27,2010-08-26,,,,,,,,,
600965,分红,2012-09-05,0,0,0.3,实施,2012-09-13,2012-09-12,,,,,,,,,
600965,分红,2013-05-20,0,0,0.3,实施,2013-05-28,2013-05-27,,,,,,,,,
600965,分红,2014-07-07,0,3,0.7,实施,2014-07-11,2014-07-10,,,,,,,,,
600965,分红,2015-06-02,0,0,0.7,实施,2015-06-10,2015-06-09,,,,,,,,,
600965,分红,2016-05-31,0,0,0.7,实施,2016-06-07,2016-06-06,,,,,,,,,
600965,分红,2017-04-26,0,0,0.7,实施,2017-05-05,2017-05-04,,,,,,,,,
600965,分红,2018-05-23,0,0,0.7,实施,2018-05-30,2018-05-29,,,,,,,,,
600965,分红,2019-04-30,0,0,1.5,实施,2019-05-10,2019-05-09,,,,,,,,,
600965,分红,2020-06-04,0,0,1.5,实施,2020-06-12,2020-06-11,,,,,,,,,
600965,分红,2021-05-14,0,0,1.0,实施,2021-05-21,2021-05-20,,,,,,,,,
600965,分红,2022-06-07,0,0,1.2,实施,2022-06-14,2022-06-13,,,,,,,,,
600965,分红,2023-05-18,0,0,0.54,实施,2023-05-25,2023-05-24,,,,,,,,,
600965,分红,2024-06-26,0,0,0.49,实施,2024-07-03,2024-07-02,,,,,,,,,
600965,分红,2025-04-19,0,0,0.38,实施,2025-04-25,2025-04-24,,,,,,,,,
600975,分红,2026-04-28,0,0,0.0,不分配,,,,,,,,,,,
600975,分红,2025-03-29,0,0,0.0,不分配,,,,,,,,,,,
600975,分红,2024-04-20,0,0,0.0,不分配,,,,,,,,,,,
600975,分红,2023-04-25,0,0,0.0,不分配,,,,,,,,,,,
600975,分红,2022-04-28,0,0,0.0,不分配,,,,,,,,,,,
600975,分红,2019-03-26,0,0,0.0,不分配,,,,,,,,,,,
600975,分红,2015-04-30,0,0,0.0,不分配,,,,,,,,,,,
600975,分红,2014-03-25,0,0,0.0,不分配,,,,,,,,,,,
600975,分红,2011-03-26,0,0,0.0,不分配,,,,,,,,,,,
600975,分红,2009-04-18,0,0,0.0,不分配,,,,,,,,,,,
600975,分红,2008-04-19,0,0,0.0,不分配,,,,,,,,,,,
600975,分红,2005-05-31,0,0,0.7,实施,2005-06-06,2005-06-03,,,,,,,,,
600975,分红,2006-07-10,0,0,2.2,实施,2006-07-14,2006-07-13,,,,,,,,,
600975,分红,2007-07-02,0,0,1.5,实施,2007-07-06,2007-07-05,,,,,,,,,
600975,分红,2007-09-28,0,8,0.0,实施,2007-10-11,2007-10-10,2007-10-12,,,,,,,,
600975,分红,2008-08-15,0,0,1.9,实施,2008-08-21,2008-08-20,,,,,,,,,
600975,分红,2010-06-01,0,0,1.2,实施,2010-06-07,2010-06-04,,,,,,,,,
600975,分红,2012-07-02,0,3,0.0,实施,2012-07-06,2012-07-05,2012-07-09,,,,,,,,
600975,分红,2013-07-09,0,0,0.5,实施,2013-07-15,2013-07-12,,,,,,,,,
600975,分红,2016-06-14,0,10,0.5,实施,2016-06-20,2016-06-17,,,,,,,,,
600975,分红,2017-06-08,0,0,1.0,实施,2017-06-14,2017-06-13,,,,,,,,,
600975,分红,2018-05-17,0,0,1.0,实施,2018-05-23,2018-05-22,,,,,,,,,
600975,分红,2020-06-12,0,0,0.3,实施,2020-06-19,2020-06-18,,,,,,,,,
600975,分红,2021-05-19,0,0,0.5,实施,2021-05-26,2021-05-25,,,,,,,,,
600982,分红,2005-06-15,0,0,1.0,实施,2005-06-21,2005-06-20,,,,,,,,,
600982,分红,2006-05-29,0,0,1.0,实施,2006-06-02,2006-06-01,,,,,,,,,
600982,分红,2007-05-19,0,0,1.0,实施,2007-05-25,2007-05-24,,,,,,,,,
600982,分红,2008-05-21,0,0,1.0,实施,2008-05-27,2008-05-26,,,,,,,,,
600982,分红,2009-05-19,0,0,1.0,实施,2009-05-25,2009-05-22,,,,,,,,,
600982,分红,2010-06-24,0,0,1.0,实施,2010-07-02,2010-07-01,,,,,,,,,
600982,分红,2011-06-02,0,0,1.0,实施,2011-06-09,2011-06-08,,,,,,,,,
600982,分红,2012-05-30,0,0,1.0,实施,2012-06-06,2012-06-05,,,,,,,,,
600982,分红,2013-07-04,0,0,1.25,实施,2013-07-10,2013-07-09,,,,,,,,,
600982,分红,2014-05-13,5,10,1.25,实施,2014-05-19,2014-05-16,,,,,,,,,
600982,分红,2015-06-20,0,0,0.62,实施,2015-06-29,2015-06-26,,,,,,,,,
600982,分红,2016-05-03,0,0,0.7,实施,2016-05-09,2016-05-06,,,,,,,,,
600982,分红,2017-06-13,0,0,0.35,实施,2017-06-19,2017-06-16,,,,,,,,,
600982,分红,2018-05-28,0,0,0.4,实施,2018-06-04,2018-06-01,,,,,,,,,
600982,分红,2019-06-17,0,0,0.66,实施,2019-06-24,2019-06-21,,,,,,,,,
600982,分红,2020-05-25,0,0,0.4861,实施,2020-06-02,2020-06-01,,,,,,,,,
600982,分红,2021-05-21,0,0,1.35,实施,2021-05-28,2021-05-27,,,,,,,,,
600982,分红,2022-05-21,0,0,1.7,实施,2022-05-27,2022-05-26,,,,,,,,,
600982,分红,2023-05-18,0,0,1.35,实施,2023-05-24,2023-05-23,,,,,,,,,
600982,分红,2024-05-23,0,0,1.5,实施,2024-05-29,2024-05-28,,,,,,,,,
600982,分红,2025-05-21,0,0,1.5,实施,2025-05-27,2025-05-26,,,,,,,,,
600982,分红,2026-05-20,0,0,1.7,实施,2026-05-26,2026-05-25,,,,,,,,,
600985,分红,2005-07-08,0,0,0.8,实施,2005-07-14,2005-07-13,,,,,,,,,
600985,分红,2006-06-20,0,0,0.9,实施,2006-06-26,2006-06-23,,,,,,,,,
600985,分红,2007-06-14,0,0,1.0,实施,2007-06-20,2007-06-19,,,,,,,,,
600985,分红,2008-07-25,0,0,1.22,实施,2008-08-01,2008-07-31,,,,,,,,,
600985,分红,2009-07-09,0,0,1.0,实施,2009-07-16,2009-07-15,,,,,,,,,
600985,分红,2010-06-18,0,2,1.2,实施,2010-06-24,2010-06-23,,,,,,,,,
600985,分红,2011-07-05,0,2,1.2,实施,2011-07-11,2011-07-08,,,,,,,,,
600985,分红,2012-08-08,0,0,1.0,实施,2012-08-14,2012-08-13,,,,,,,,,
600985,分红,2013-08-14,0,0,1.0,实施,2013-08-20,2013-08-19,,,,,,,,,
600985,分红,2014-08-18,0,0,1.0,实施,2014-08-22,2014-08-21,,,,,,,,,
600985,分红,2015-07-03,0,5,1.7,实施,2015-07-10,2015-07-09,,,,,,,,,
600985,分红,2016-05-19,0,0,0.5,实施,2016-05-26,2016-05-25,,,,,,,,,
600985,分红,2017-07-11,0,0,1.0,实施,2017-07-18,2017-07-17,,,,,,,,,
600985,分红,2018-07-05,0,0,1.2,实施,2018-07-11,2018-07-10,,,,,,,,,
600985,分红,2019-05-23,0,0,5.0,实施,2019-05-31,2019-05-30,,,,,,,,,
600985,分红,2020-05-29,0,0,6.0,实施,2020-06-05,2020-06-04,,,,,,,,,
600985,分红,2021-05-15,0,0,6.5,实施,2021-05-21,2021-05-20,,,,,,,,,
600985,分红,2022-05-31,0,0,7.0,实施,2022-06-07,2022-06-06,,,,,,,,,
600985,分红,2023-06-01,0,0,10.5,实施,2023-06-08,2023-06-07,,,,,,,,,
600985,分红,2024-05-31,0,0,10.0,实施,2024-06-07,2024-06-06,,,,,,,,,
600985,分红,2025-06-06,0,0,7.5,实施,2025-06-13,2025-06-12,,,,,,,,,
600985,分红,2026-06-03,0,0,2.5,实施,2026-06-10,2026-06-09,,,,,,,,,
600992,分红,2026-04-25,0,0,0.0,不分配,,,,,,,,,,,
600992,分红,2025-03-29,0,0,0.0,不分配,,,,,,,,,,,
600992,分红,2007-03-29,0,0,0.0,不分配,,,,,,,,,,,
600992,分红,2005-05-20,0,0,2.0,实施,2005-05-26,2005-05-25,,,,,,,,,
600992,分红,2006-04-27,0,0,2.2,实施,2006-05-11,2006-05-10,,,,,,,,,
600992,分红,2008-04-24,0,0,0.6,实施,2008-04-30,2008-04-29,,,,,,,,,
600992,分红,2009-05-08,0,0,0.6,实施,2009-05-14,2009-05-13,,,,,,,,,
600992,分红,2010-05-11,0,0,0.6,实施,2010-05-17,2010-05-14,,,,,,,,,
600992,分红,2011-06-15,0,0,0.6,实施,2011-06-21,2011-06-20,,,,,,,,,
600992,分红,2012-05-30,0,0,0.8,实施,2012-06-05,2012-06-04,,,,,,,,,
600992,分红,2013-06-05,0,0,0.5,实施,2013-06-17,2013-06-14,,,,,,,,,
600992,分红,2014-06-11,0,0,0.3,实施,2014-06-18,2014-06-17,,,,,,,,,
600992,分红,2015-06-16,0,0,0.3,实施,2015-06-23,2015-06-19,,,,,,,,,
600992,分红,2016-06-15,0,0,0.3,实施,2016-06-22,2016-06-21,,,,,,,,,
600992,分红,2017-06-14,0,0,0.3,实施,2017-06-21,2017-06-20,,,,,,,,,
600992,分红,2018-06-15,0,0,0.3,实施,2018-06-22,2018-06-21,,,,,,,,,
600992,分红,2019-06-14,0,0,0.3,实施,2019-06-21,2019-06-20,,,,,,,,,
600992,分红,2020-07-18,0,0,0.36,实施,2020-07-24,2020-07-23,,,,,,,,,
600992,分红,2021-06-19,0,0,0.37,实施,2021-06-25,2021-06-24,,,,,,,,,
600992,分红,2022-06-18,0,0,0.38,实施,2022-06-27,2022-06-24,,,,,,,,,
600992,分红,2023-06-16,0,0,0.29,实施,2023-06-27,2023-06-26,,,,,,,,,
600992,分红,2024-06-20,0,0,0.42,实施,2024-06-27,2024-06-26,,,,,,,,,
600992,分红,2024-11-12,0,0,0.12,实施,2024-11-19,2024-11-18,,,,,,,,,
