symbol,indicator,公告日期,送股,转增,派息,进度,除权除息日,股权登记日,红股上市日,配股方案,配股价格,基准股本,除权日,缴款起始日,缴款终止日,配股上市日,募集资金合计
000005,分红,2023-04-29,0.0,0.0,0.0,不分配,,,,,,,,,,,
000005,分红,2022-04-27,0.0,0.0,0.0,不分配,,,,,,,,,,,
000005,分红,2021-04-30,0.0,0.0,0.0,不分配,,,,,,,,,,,
000005,分红,2020-05-23,0.0,0.0,0.0,不分配,,,,,,,,,,,
000005,分红,2019-04-25,0.0,0.0,0.0,不分配,,,,,,,,,,,
000005,分红,2018-04-21,0.0,0.0,0.0,不分配,,,,,,,,,,,
000005,分红,2017-04-27,0.0,0.0,0.0,不分配,,,,,,,,,,,
000005,分红,2016-04-27,0.0,0.0,0.0,不分配,,,,,,,,,,,
000005,分红,2015-04-11,0.0,0.0,0.0,不分配,,,,,,,,,,,
000005,分红,2014-04-26,0.0,0.0,0.0,不分配,,,,,,,,,,,
000005,分红,2013-04-24,0.0,0.0,0.0,不分配,,,,,,,,,,,
000005,分红,2012-04-24,0.0,0.0,0.0,不分配,,,,,,,,,,,
000005,分红,2011-04-30,0.0,0.0,0.0,不分配,,,,,,,,,,,
000005,分红,2010-04-30,0.0,0.0,0.0,不分配,,,,,,,,,,,
000005,分红,2009-04-28,0.0,0.0,0.0,不分配,,,,,,,,,,,
000005,分红,2008-04-26,0.0,0.0,0.0,不分配,,,,,,,,,,,
000005,分红,2007-04-30,0.0,0.0,0.0,不分配,,,,,,,,,,,
000005,分红,2006-04-28,0.0,0.0,0.0,不分配,,,,,,,,,,,
000005,分红,2005-05-27,0.0,0.0,0.0,不分配,,,,,,,,,,,
000005,分红,1994-09-17,3.33333,0.0,0.0,实施,1994-09-23,1994-09-22,1994-09-28,,,,,,,,
000005,分红,1995-07-18,1.0,0.0,0.0,实施,1995-07-26,1995-07-25,1995-07-28,,,,,,,,
000005,分红,1996-08-07,1.5,0.0,0.0,实施,1996-08-13,1996-08-12,1996-08-15,,,,,,,,
000005,分红,1997-08-19,0.0,3.0,0.0,实施,1997-08-25,1997-08-22,1997-08-27,,,,,,,,
000005,分红,1998-08-15,1.0,4.0,0.0,实施,1998-08-21,1998-08-20,1998-08-25,,,,,,,,
000005,分红,2000-08-24,1.0,0.0,0.25,实施,2000-08-31,2000-08-30,,,,,,,,,
000005,分红,2001-07-10,0.43719,0.43719,0.11367,实施,2001-07-16,2001-07-13,,,,,,,,,
000005,分红,2006-07-27,0.0,5.5,0.0,实施,2006-07-31,2006-07-28,2006-07-31,,,,,,,,
000005,配股,1994-09-17,,,,,,1994-09-22,,10.0,3.0,90000000,1994-09-23,,1994-10-25,1994-11-04,
000005,配股,2000-12-06,,,,,,2000-12-20,,2.72727,4.95,569819000,2000-12-21,,2001-01-05,2001-02-07,
000018,分红,2019-04-30,0,0,0.0,不分配,,,,,,,,,,,
000018,分红,2015-02-11,0,0,0.0,不分配,,,,,,,,,,,
000018,分红,2014-02-28,0,0,0.0,不分配,,,,,,,,,,,
000018,分红,2013-04-23,0,0,0.0,不分配,,,,,,,,,,,
000018,分红,2012-04-24,0,0,0.0,不分配,,,,,,,,,,,
000018,分红,2011-04-29,0,0,0.0,不分配,,,,,,,,,,,
000018,分红,2010-04-09,0,0,0.0,不分配,,,,,,,,,,,
000018,分红,2009-04-23,0,0,0.0,不分配,,,,,,,,,,,
000018,分红,2008-04-30,0,0,0.0,不分配,,,,,,,,,,,
000018,分红,2007-02-10,0,0,0.0,不分配,,,,,,,,,,,
000018,分红,2006-01-24,0,0,0.0,不分配,,,,,,,,,,,
000018,分红,2005-05-17,0,0,0.0,不分配,,,,,,,,,,,
000018,分红,1993-05-01,1,0,0.6,实施,1993-05-17,1993-05-14,,,,,,,,,
000018,分红,1994-06-18,1,0,0.5,实施,1994-07-06,1994-07-05,,,,,,,,,
000018,分红,1995-07-25,1,0,0.6,实施,1995-08-09,1995-08-08,,,,,,,,,
000018,分红,1996-07-29,0,0,0.45,实施,1996-08-06,1996-08-05,,,,,,,,,
000018,分红,2016-06-01,0,28,0.0,实施,2016-06-07,2016-06-06,2016-06-07,,,,,,,,
000018,分红,2017-07-10,0,0,0.6,实施,2017-07-14,2017-07-13,,,,,,,,,
000018,分红,2018-07-06,0,0,0.4,实施,2018-07-12,2018-07-11,,,,,,,,,
000023,分红,2024-04-30,0.0,0,0.0,不分配,,,,,,,,,,,
000023,分红,2023-04-29,0.0,0,0.0,不分配,,,,,,,,,,,
000023,分红,2022-04-29,0.0,0,0.0,不分配,,,,,,,,,,,
000023,分红,2021-04-30,0.0,0,0.0,不分配,,,,,,,,,,,
000023,分红,2011-04-06,0.0,0,0.0,不分配,,,,,,,,,,,
000023,分红,2006-04-08,0.0,0,0.0,不分配,,,,,,,,,,,
000023,分红,2005-05-10,0.0,0,0.0,不分配,,,,,,,,,,,
000023,分红,1994-05-20,2.0,0,0.44,实施,1994-06-08,1994-06-07,,,,,,,,,
000023,分红,1995-08-01,2.0,0,0.75,实施,1995-08-15,1995-08-14,,,,,,,,,
000023,分红,1996-08-10,0.5,0,0.12,实施,1996-08-15,1996-08-14,,,,,,,,,
000023,分红,1998-07-01,1.5,0,0.4,实施,1998-07-09,1998-07-08,,,,,,,,,
000023,分红,1999-08-06,0.5,0,0.66,实施,1999-08-16,1999-08-13,,,,,,,,,
000023,分红,2000-07-04,0.0,0,0.56,实施,2000-07-11,2000-07-10,,,,,,,,,
000023,分红,2001-08-18,0.0,0,0.506,实施,2001-08-27,2001-08-24,,,,,,,,,
000023,分红,2007-06-14,0.0,0,0.1,实施,2007-06-21,2007-06-20,,,,,,,,,
000023,分红,2008-08-01,0.0,0,1.1615,实施,2008-08-08,2008-08-07,,,,,,,,,
000023,分红,2009-08-18,0.0,0,1.096,实施,2009-08-25,2009-08-24,,,,,,,,,
000023,分红,2010-07-30,0.0,0,0.449,实施,2010-08-06,2010-08-05,,,,,,,,,
000023,分红,2012-08-10,0.0,0,0.3,实施,2012-08-16,2012-08-15,,,,,,,,,
000023,分红,2013-05-30,0.0,0,0.3,实施,2013-06-06,2013-06-05,,,,,,,,,
000023,分红,2014-08-01,0.0,0,0.4,实施,2014-08-08,2014-08-07,,,,,,,,,
000023,分红,2015-08-06,0.0,0,0.4,实施,2015-08-13,2015-08-12,,,,,,,,,
000023,分红,2016-08-09,0.0,0,0.5,实施,2016-08-17,2016-08-16,,,,,,,,,
000023,分红,2017-08-08,0.0,0,0.4,实施,2017-08-15,2017-08-14,,,,,,,,,
000023,分红,2018-08-10,0.0,0,0.5,实施,2018-08-16,2018-08-15,,,,,,,,,
000023,分红,2019-08-09,0.0,0,0.6,实施,2019-08-16,2019-08-15,,,,,,,,,
000023,分红,2020-07-17,0.0,0,0.1,实施,2020-07-24,2020-07-23,,,,,,,,,
000024,分红,1994-06-16,2,0,0.5,实施,1994-07-11,1994-07-08,,,,,,,,,
000024,分红,1995-07-20,1,0,1.2,实施,1995-08-04,1995-08-03,,,,,,,,,
000024,分红,1996-06-19,0,0,2.0,实施,1996-07-01,1996-06-28,,,,,,,,,
000024,分红,1998-08-18,0,0,1.8,实施,1998-08-26,1998-08-25,,,,,,,,,
000024,分红,1999-06-09,1,0,1.0,实施,1999-06-22,1999-06-21,,,,,,,,,
000024,分红,2000-08-12,0,0,1.0,实施,2000-08-22,2000-08-21,,,,,,,,,
000024,分红,2001-06-28,0,0,1.3,实施,2001-07-10,2001-07-09,,,,,,,,,
000024,分红,2002-07-25,0,0,1.1,实施,2002-08-06,2002-08-05,,,,,,,,,
000024,分红,2003-06-11,0,0,1.2,实施,2003-06-24,2003-06-23,,,,,,,,,
000024,分红,2004-05-18,2,0,1.0,实施,2004-06-01,2004-05-31,,,,,,,,,
000024,分红,2005-04-29,0,0,1.5,实施,2005-05-16,2005-05-13,,,,,,,,,
000024,分红,2006-04-13,0,0,0.2,实施,2006-04-24,2006-04-21,,,,,,,,,
000024,分红,2007-05-23,0,0,2.10733,实施,2007-05-29,2007-05-28,,,,,,,,,
000024,分红,2008-04-16,3,2,1.0,实施,2008-04-22,2008-04-21,,,,,,,,,
000024,分红,2009-06-08,0,0,1.0,实施,2009-06-16,2009-06-15,,,,,,,,,
000024,分红,2010-07-06,0,0,1.0,实施,2010-07-13,2010-07-12,,,,,,,,,
000024,分红,2011-05-27,0,0,1.2,实施,2011-06-03,2011-06-02,,,,,,,,,
000024,分红,2012-05-17,0,0,2.0,实施,2012-05-25,2012-05-24,,,,,,,,,
000024,分红,2013-05-16,0,0,3.0,实施,2013-05-22,2013-05-21,,,,,,,,,
000024,分红,2014-05-30,0,5,4.8,实施,2014-06-06,2014-06-05,,,,,,,,,
000024,分红,2015-05-15,0,0,3.2,实施,2015-05-22,2015-05-21,,,,,,,,,
000024,配股,1996-07-09,,,,,,1996-07-23,,3,4.5,277200000,1996-07-24,,1996-08-08,1996-09-06,
000024,配股,,,,,,,2000-02-22,,7,9.06,396396000,2000-02-23,,2000-02-28,2000-03-23,
000024,配股,2003-11-04,,,,,,2003-11-11,,3,8.93,476396000,2003-11-12,,2003-11-25,2003-12-04,
000033,分红,2017-04-29,0.0,0.0,0.0,预案,,,,,,,,,,,
000033,分红,2016-04-27,0.0,0.0,0.0,不分配,,,,,,,,,,,
000033,分红,2015-11-27,0.0,3.04546,0.0,预案,,,,,,,,,,,
000033,分红,2015-04-30,0.0,0.0,0.0,不分配,,,,,,,,,,,
000033,分红,2014-04-30,0.0,0.0,0.0,不分配,,,,,,,,,,,
000033,分红,2013-03-12,0.0,0.0,0.0,不分配,,,,,,,,,,,
000033,分红,2012-03-24,0.0,0.0,0.0,不分配,,,,,,,,,,,
000033,分红,2011-04-29,0.0,0.0,0.0,不分配,,,,,,,,,,,
000033,分红,2010-04-28,0.0,0.0,0.0,不分配,,,,,,,,,,,
000033,分红,2009-04-10,0.0,0.0,0.0,不分配,,,,,,,,,,,
000033,分红,2008-04-22,0.0,0.0,0.0,不分配,,,,,,,,,,,
000033,分红,2007-04-20,0.0,0.0,0.0,不分配,,,,,,,,,,,
000033,分红,2006-04-29,0.0,0.0,0.0,不分配,,,,,,,,,,,
000033,分红,2005-05-24,0.0,0.0,0.0,不分配,,,,,,,,,,,
000033,分红,1994-07-15,0.0,0.0,1.1,实施,1994-08-02,1994-08-01,,,,,,,,,
000033,分红,1995-06-15,0.0,0.0,1.3,实施,1995-06-20,1995-06-19,,,,,,,,,
000033,分红,1996-07-31,0.5,0.0,0.0,实施,1996-08-05,1996-08-02,1996-08-07,,,,,,,,
000033,分红,2006-04-11,0.0,6.2,0.0,实施,2006-04-13,2006-04-12,2006-04-13,,,,,,,,
000033,分红,2016-04-09,0.0,3.04546,0.0,实施,2016-04-15,2016-04-14,,,,,,,,,
000033,配股,1995-05-03,,,,,,1995-05-08,,3,2.5,252000000,1995-05-09,,1995-06-21,1995-06-29,
000038,分红,2022-04-30,0.0,0,0.0,不分配,,,,,,,,,,,
000038,分红,2021-04-10,0.0,0,0.0,不分配,,,,,,,,,,,
000038,分红,2020-04-23,0.0,0,0.0,不分配,,,,,,,,,,,
000038,分红,2019-04-30,0.0,0,0.0,不分配,,,,,,,,,,,
000038,分红,2016-07-04,0.0,6,0.0,预案,,,,,,,,,,,
000038,分红,2016-04-21,0.0,0,0.0,不分配,,,,,,,,,,,
000038,分红,2015-04-28,0.0,0,0.0,不分配,,,,,,,,,,,
000038,分红,2014-04-25,0.0,0,0.0,不分配,,,,,,,,,,,
000038,分红,2013-04-24,0.0,0,0.0,不分配,,,,,,,,,,,
000038,分红,2012-04-20,0.0,0,0.0,不分配,,,,,,,,,,,
000038,分红,2011-04-27,0.0,0,0.0,不分配,,,,,,,,,,,
000038,分红,2010-04-24,0.0,0,0.0,不分配,,,,,,,,,,,
000038,分红,2009-04-30,0.0,3,0.0,不分配,,,,,,,,,,,
000038,分红,2008-04-30,0.0,0,0.0,不分配,,,,,,,,,,,
000038,分红,2007-04-28,0.0,0,0.0,不分配,,,,,,,,,,,
000038,分红,2006-04-29,0.0,0,0.0,不分配,,,,,,,,,,,
000038,分红,2005-07-02,0.0,0,0.0,不分配,,,,,,,,,,,
000038,分红,1995-09-23,0.0,0,2.4,实施,1995-10-11,1995-10-10,,,,,,,,,
000038,分红,1996-07-20,0.5,1,1.5,实施,1996-07-25,1996-07-24,,,,,,,,,
000038,分红,1997-09-02,0.0,0,0.68,实施,1997-09-05,1997-09-04,,,,,,,,,
000038,分红,1998-06-04,0.0,1,0.0,实施,1998-06-12,1998-06-11,1998-06-16,,,,,,,,
000038,分红,2017-06-30,0.0,6,1.0,实施,2017-07-06,2017-07-05,,,,,,,,,
000038,分红,2018-05-15,0.0,0,4.0,实施,2018-05-21,2018-05-18,,,,,,,,,
000038,配股,1996-08-19,,,,,,1996-08-30,,2.6,4.5,68400000,1996-09-02,,1996-09-17,1996-10-24,
000040,分红,2024-07-05,0,0,0.0,不分配,,,,,,,,,,,
000040,分红,2023-04-28,0,0,0.0,不分配,,,,,,,,,,,
000040,分红,2022-04-27,0,0,0.0,不分配,,,,,,,,,,,
000040,分红,2021-04-30,0,0,0.0,不分配,,,,,,,,,,,
000040,分红,2020-05-30,0,0,0.0,不分配,,,,,,,,,,,
000040,分红,2011-03-19,0,0,0.0,不分配,,,,,,,,,,,
000040,分红,2010-03-24,0,0,0.0,不分配,,,,,,,,,,,
000040,分红,2009-04-30,0,0,0.0,不分配,,,,,,,,,,,
000040,分红,2008-04-22,0,0,0.0,不分配,,,,,,,,,,,
000040,分红,2007-04-20,0,0,0.0,不分配,,,,,,,,,,,
000040,分红,2006-04-22,0,0,0.0,不分配,,,,,,,,,,,
000040,分红,2005-05-24,0,0,0.0,不分配,,,,,,,,,,,
000040,分红,1995-10-23,3,0,2.0,实施,1995-10-30,1995-10-27,,,,,,,,,
000040,分红,1996-07-12,1,0,0.8,实施,1996-07-18,1996-07-17,,,,,,,,,
000040,分红,1998-07-17,0,0,1.15,实施,1998-07-23,1998-07-22,,,,,,,,,
000040,分红,1999-08-04,3,7,0.8,实施,1999-08-10,1999-08-09,,,,,,,,,
000040,分红,2012-07-27,0,0,0.3,实施,2012-08-03,2012-08-02,,,,,,,,,
000040,分红,2013-06-15,0,0,0.4,实施,2013-06-21,2013-06-20,,,,,,,,,
000040,分红,2014-06-12,0,0,0.2,实施,2014-06-18,2014-06-17,,,,,,,,,
000040,分红,2015-08-18,0,0,0.2,实施,2015-08-24,2015-08-21,,,,,,,,,
000040,分红,2016-04-21,0,0,0.1,实施,2016-04-27,2016-04-26,,,,,,,,,
000040,分红,2017-05-05,0,0,0.14,实施,2017-05-11,2017-05-10,,,,,,,,,
000040,分红,2018-05-18,0,0,0.41,实施,2018-05-24,2018-05-23,,,,,,,,,
000040,分红,2019-07-11,0,0,0.75,实施,2019-07-18,2019-07-17,,,,,,,,,
000040,配股,1995-11-22,,,,,,1995-11-28,,2.307,4.0,145766000,1995-11-29,,1995-12-14,1995-12-22,
000040,配股,1997-08-11,,,,,,1997-08-25,,3.0,7.3,176249000,1997-08-26,,1997-09-10,1997-10-13,
000040,配股,1999-03-08,,,,,,1999-03-22,,3.0,6.0,201704000,1999-03-23,,1999-04-07,1999-05-12,
000046,分红,2023-04-29,0,0,0.0,不分配,,,,,,,,,,,
000046,分红,2022-04-30,0,0,0.0,不分配,,,,,,,,,,,
000046,分红,2021-04-30,0,0,0.0,不分配,,,,,,,,,,,
000046,分红,2007-04-20,0,0,0.0,不分配,,,,,,,,,,,
000046,分红,2006-04-27,0,0,0.0,不分配,,,,,,,,,,,
000046,分红,1994-10-15,3,0,0.6,实施,1994-10-25,1994-10-24,,,,,,,,,
000046,分红,1995-05-24,3,0,0.6,实施,1995-05-30,1995-05-29,,,,,,,,,
000046,分红,1996-06-29,1,0,0.5,实施,1996-07-09,1996-07-08,,,,,,,,,
000046,分红,1997-03-29,0,5,0.0,实施,1997-04-04,1997-04-03,1997-04-08,,,,,,,,
000046,分红,1997-07-23,2,0,0.0,实施,1997-07-29,1997-07-28,1997-07-31,,,,,,,,
000046,分红,2001-07-12,0,0,0.84,实施,2001-07-18,2001-07-17,,,,,,,,,
000046,分红,2002-08-16,0,0,1.0,实施,2002-08-23,2002-08-22,,,,,,,,,
000046,分红,2003-09-20,0,0,1.0,实施,2003-09-26,2003-09-25,,,,,,,,,
000046,分红,2004-07-08,1,1,0.25,实施,2004-07-14,2004-07-13,,,,,,,,,
000046,分红,2005-07-08,1,1,0.25,实施,2005-07-14,2005-07-13,,,,,,,,,
000046,分红,2008-04-01,6,4,0.667,实施,2008-04-08,2008-04-07,,,,,,,,,
000046,分红,2009-06-03,0,0,0.5,实施,2009-06-10,2009-06-09,,,,,,,,,
000046,分红,2010-05-11,0,0,1.0,实施,2010-05-19,2010-05-18,,,,,,,,,
000046,分红,2011-07-12,2,8,0.5,实施,2011-07-18,2011-07-15,,,,,,,,,
000046,分红,2012-07-11,0,0,0.6,实施,2012-07-17,2012-07-16,,,,,,,,,
000046,分红,2013-06-26,0,0,1.0,实施,2013-07-03,2013-07-02,,,,,,,,,
000046,分红,2014-05-30,0,0,1.5,实施,2014-06-06,2014-06-05,,,,,,,,,
000046,分红,2015-06-16,0,0,1.5,实施,2015-06-25,2015-06-24,,,,,,,,,
000046,分红,2016-06-18,0,0,1.5,实施,2016-06-24,2016-06-23,,,,,,,,,
000046,分红,2017-07-07,0,0,1.5,实施,2017-07-13,2017-07-12,,,,,,,,,
000046,分红,2018-07-11,0,0,1.5,实施,2018-07-17,2018-07-16,,,,,,,,,
000046,分红,2019-06-28,0,0,1.5,实施,2019-07-05,2019-07-04,,,,,,,,,
000046,分红,2020-07-10,0,0,1.0,实施,2020-07-17,2020-07-16,,,,,,,,,
000046,配股,1995-08-11,,,,,,1995-08-18,,1.775,3.8,87880000,1995-08-21,,1995-09-05,1995-09-13,
000046,配股,2001-03-29,,,,,,2001-04-12,,3.0,10.5,204888000,2001-04-13,,2001-04-27,2001-05-25,
000150,分红,2023-04-29,0,0,0,不分配,,,,,,,,,,,
000150,分红,2022-04-30,0,0,0,不分配,,,,,,,,,,,
000150,分红,2021-04-27,0,0,0,不分配,,,,,,,,,,,
000150,分红,2020-04-30,0,0,0,不分配,,,,,,,,,,,
000150,分红,2016-04-09,0,0,0,不分配,,,,,,,,,,,
000150,分红,2015-04-15,0,0,0,不分配,,,,,,,,,,,
000150,分红,2014-04-18,0,0,0,不分配,,,,,,,,,,,
000150,分红,2013-04-25,0,0,0,不分配,,,,,,,,,,,
000150,分红,2012-04-25,0,0,0,不分配,,,,,,,,,,,
000150,分红,2011-04-29,0,0,0,不分配,,,,,,,,,,,
000150,分红,2010-02-27,0,0,0,不分配,,,,,,,,,,,
000150,分红,2009-04-29,0,0,0,不分配,,,,,,,,,,,
000150,分红,2008-04-03,0,0,0,不分配,,,,,,,,,,,
000150,分红,2007-04-03,0,0,0,不分配,,,,,,,,,,,
000150,分红,2006-03-21,0,0,0,不分配,,,,,,,,,,,
000150,分红,2005-04-13,0,0,0,不分配,,,,,,,,,,,
000150,分红,2001-03-28,0,8,1,实施,2001-04-03,2001-04-02,,,,,,,,,
000150,分红,2017-06-22,0,0,2,实施,2017-06-28,2017-06-27,,,,,,,,,
000150,分红,2018-07-10,0,4,1,实施,2018-07-16,2018-07-13,,,,,,,,,
000150,分红,2019-05-22,0,4,0,实施,2019-05-28,2019-05-27,2019-05-28,,,,,,,,
000413,分红,2024-07-05,0,0,0.0,不分配,,,,,,,,,,,
000413,分红,2023-04-29,0,0,0.0,不分配,,,,,,,,,,,
000413,分红,2022-04-30,0,0,0.0,不分配,,,,,,,,,,,
000413,分红,2021-04-30,0,0,0.0,不分配,,,,,,,,,,,
000413,分红,2020-06-24,0,0,0.0,不分配,,,,,,,,,,,
000413,分红,2013-04-27,0,0,0.0,不分配,,,,,,,,,,,
000413,分红,2012-02-29,0,0,0.0,不分配,,,,,,,,,,,
000413,分红,2011-04-28,0,0,0.0,不分配,,,,,,,,,,,
000413,分红,2010-04-21,0,0,0.0,不分配,,,,,,,,,,,
000413,分红,2009-03-28,0,0,0.0,不分配,,,,,,,,,,,
000413,分红,2008-03-28,0,0,0.0,不分配,,,,,,,,,,,
000413,分红,2007-04-10,0,0,0.0,不分配,,,,,,,,,,,
000413,分红,2006-06-30,0,0,0.0,不分配,,,,,,,,,,,
000413,分红,2005-06-11,0,0,0.0,不分配,,,,,,,,,,,
000413,分红,1997-07-25,0,0,1.3,实施,1997-08-04,1997-08-01,,,,,,,,,
000413,分红,2014-05-22,0,20,0.0,实施,2014-05-28,2014-05-27,2014-05-28,,,,,,,,
000413,分红,2015-04-30,0,0,1.0,实施,2015-05-08,2015-05-07,,,,,,,,,
000413,分红,2016-04-20,0,0,0.7,实施,2016-04-26,2016-04-25,,,,,,,,,
000413,分红,2017-06-06,0,0,0.7,实施,2017-06-14,2017-06-13,,,,,,,,,
000413,分红,2018-07-03,0,0,0.7,实施,2018-07-09,2018-07-06,,,,,,,,,
000413,分红,2019-07-10,0,0,0.7,实施,2019-07-17,2019-07-16,,,,,,,,,
000416,分红,2024-04-27,0.0,0,0.0,不分配,,,,,,,,,,,
000416,分红,2023-04-26,0.0,0,0.0,不分配,,,,,,,,,,,
000416,分红,2014-03-20,0.0,0,0.0,不分配,,,,,,,,,,,
000416,分红,2012-04-25,0.0,0,0.0,不分配,,,,,,,,,,,
000416,分红,2011-04-20,0.0,0,0.0,不分配,,,,,,,,,,,
000416,分红,2010-03-11,0.0,0,0.0,不分配,,,,,,,,,,,
000416,分红,2009-04-28,0.0,0,0.0,不分配,,,,,,,,,,,
000416,分红,2008-04-09,0.0,0,0.0,不分配,,,,,,,,,,,
000416,分红,2007-04-21,0.0,0,0.0,不分配,,,,,,,,,,,
000416,分红,2006-04-18,0.0,0,0.0,不分配,,,,,,,,,,,
000416,分红,2005-05-25,0.0,0,0.0,不分配,,,,,,,,,,,
000416,分红,1997-07-25,0.0,5,0.0,实施,1997-07-31,1997-07-30,1997-08-04,,,,,,,,
000416,分红,1998-07-25,0.0,0,1.707,实施,1998-08-03,1998-07-31,,,,,,,,,
000416,分红,2002-03-12,0.0,7,1.0,实施,2002-03-18,2002-03-15,,,,,,,,,
000416,分红,2002-09-18,2.0,1,0.5,实施,2002-09-23,2002-09-20,,,,,,,,,
000416,分红,2003-04-16,2.5,0,0.65,实施,2003-04-22,2003-04-21,,,,,,,,,
000416,分红,2004-04-02,3.0,0,1.2,实施,2004-04-09,2004-04-08,,,,,,,,,
000416,分红,2006-08-07,5.5,0,0.0,实施,2006-08-09,2006-08-08,2006-08-09,,,,,,,,
000416,分红,2013-07-08,0.0,0,0.5,实施,2013-07-15,2013-07-12,,,,,,,,,
000416,分红,2015-05-19,0.0,0,0.5,实施,2015-05-26,2015-05-25,,,,,,,,,
000416,分红,2016-06-30,0.0,0,0.5,实施,2016-07-07,2016-07-06,,,,,,,,,
000416,分红,2017-06-02,0.0,0,0.5,实施,2017-06-08,2017-06-07,,,,,,,,,
000416,分红,2018-06-04,0.0,0,0.5,实施,2018-06-11,2018-06-08,,,,,,,,,
000416,分红,2019-06-14,0.0,0,0.3,实施,2019-06-21,2019-06-20,,,,,,,,,
000416,分红,2020-04-22,0.0,0,0.3,实施,2020-04-29,2020-04-28,,,,,,,,,
000416,分红,2021-06-05,0.0,0,0.3,实施,2021-06-11,2021-06-10,,,,,,,,,
000416,分红,2022-07-05,0.0,0,0.3,实施,2022-07-12,2022-07-11,,,,,,,,,
000416,配股,1997-12-04,,,,,,1997-12-18,,2,4.6,97008000,1997-12-19,,1998-01-07,1998-04-14,
000418,分红,2019-03-30,0,0,0.0,不分配,,,,,,,,,,,
000418,分红,2018-11-22,0,0,40.0,预案,,,,,,,,,,,
000418,分红,2010-03-08,0,0,0.0,不分配,,,,,,,,,,,
000418,分红,2009-03-06,0,0,0.0,不分配,,,,,,,,,,,
000418,分红,2006-04-11,0,0,0.0,不分配,,,,,,,,,,,
000418,分红,2005-06-29,0,0,0.0,不分配,,,,,,,,,,,
000418,分红,1997-07-10,0,0,5.1,实施,1997-07-21,1997-07-18,,,,,,,,,
000418,分红,1998-07-23,0,2,4.5,实施,1998-07-31,1998-07-30,,,,,,,,,
000418,分红,1999-07-16,0,0,3.75,实施,1999-07-23,1999-07-22,,,,,,,,,
000418,分红,2000-06-28,0,0,3.0,实施,2000-07-04,2000-07-03,,,,,,,,,
000418,分红,2001-06-26,0,0,3.0,实施,2001-07-03,2001-07-02,,,,,,,,,
000418,分红,2002-08-07,0,0,0.14,实施,2002-08-13,2002-08-12,,,,,,,,,
000418,分红,2007-06-22,0,0,0.15,实施,2007-07-02,2007-06-29,,,,,,,,,
000418,分红,2008-05-16,0,5,0.0,实施,2008-05-22,2008-05-21,2008-05-22,,,,,,,,
000418,分红,2011-05-26,0,0,1.0,实施,2011-06-01,2011-05-31,,,,,,,,,
000418,分红,2012-06-05,0,0,2.0,实施,2012-06-11,2012-06-08,,,,,,,,,
000418,分红,2013-05-30,0,0,3.0,实施,2013-06-06,2013-06-05,,,,,,,,,
000418,分红,2014-06-06,0,0,3.0,实施,2014-06-12,2014-06-11,,,,,,,,,
000418,分红,2015-06-04,0,0,4.5,实施,2015-06-11,2015-06-10,,,,,,,,,
000418,分红,2016-05-12,0,0,6.0,实施,2016-05-20,2016-05-19,,,,,,,,,
000418,分红,2017-05-16,0,0,7.5,实施,2017-05-24,2017-05-23,,,,,,,,,
000418,分红,2018-05-18,0,0,10.0,实施,2018-05-28,2018-05-25,,,,,,,,,
000418,分红,2019-04-16,0,0,40.0,实施,2019-04-23,2019-04-22,,,,,,,,,
000502,分红,2022-04-30,0.0,0.0,0.0,不分配,,,,,,,,,,,
000502,分红,2021-04-30,0.0,0.0,0.0,不分配,,,,,,,,,,,
000502,分红,2020-03-30,0.0,0.0,0.0,不分配,,,,,,,,,,,
000502,分红,2019-03-28,0.0,0.0,0.0,不分配,,,,,,,,,,,
000502,分红,2018-03-30,0.0,0.0,0.0,不分配,,,,,,,,,,,
000502,分红,2017-03-18,0.0,0.0,0.0,不分配,,,,,,,,,,,
000502,分红,2016-03-10,0.0,0.0,0.0,不分配,,,,,,,,,,,
000502,分红,2015-03-13,0.0,0.0,0.0,不分配,,,,,,,,,,,
000502,分红,2014-03-25,0.0,0.0,0.0,不分配,,,,,,,,,,,
000502,分红,2013-03-26,0.0,0.0,0.0,不分配,,,,,,,,,,,
000502,分红,2012-03-23,0.0,0.0,0.0,不分配,,,,,,,,,,,
000502,分红,2011-03-16,0.0,0.0,0.0,不分配,,,,,,,,,,,
000502,分红,2010-03-23,0.0,0.0,0.0,不分配,,,,,,,,,,,
000502,分红,2009-03-25,0.0,0.0,0.0,不分配,,,,,,,,,,,
000502,分红,2008-03-26,0.0,0.0,0.0,不分配,,,,,,,,,,,
000502,分红,2007-04-23,0.0,0.0,0.0,不分配,,,,,,,,,,,
000502,分红,2006-03-18,0.0,0.0,0.0,不分配,,,,,,,,,,,
000502,分红,2005-05-27,0.0,0.0,0.0,不分配,,,,,,,,,,,
000502,分红,1993-06-09,4.0,0.0,0.8,实施,1993-06-21,1993-06-18,,,,,,,,,
000502,分红,1994-07-20,4.0,0.0,0.0,实施,1994-08-02,1994-08-01,1994-08-05,,,,,,,,
000502,分红,1996-07-11,0.5,0.0,0.0,实施,1996-07-16,1996-07-15,1996-07-18,,,,,,,,
000502,分红,2007-01-08,0.0,5.1,0.0,实施,2007-01-10,2007-01-09,2007-01-10,,,,,,,,
000502,配股,1993-06-09,,,,,,1993-06-18,,3,10,0,1993-06-21,,1993-07-29,1993-07-19,
000511,分红,2018-04-28,0,0.0,0.0,不分配,,,,,,,,,,,
000511,分红,2017-06-24,0,0.0,0.0,不分配,,,,,,,,,,,
000511,分红,2016-04-30,0,0.0,0.0,不分配,,,,,,,,,,,
000511,分红,2015-04-30,0,0.0,0.0,不分配,,,,,,,,,,,
000511,分红,2014-04-28,0,0.0,0.0,不分配,,,,,,,,,,,
000511,分红,2013-03-02,0,0.0,0.0,不分配,,,,,,,,,,,
000511,分红,2012-03-06,0,0.0,0.0,不分配,,,,,,,,,,,
000511,分红,2011-02-19,0,0.0,0.0,不分配,,,,,,,,,,,
000511,分红,2010-02-27,0,0.0,0.0,不分配,,,,,,,,,,,
000511,分红,2009-02-10,0,0.0,0.0,不分配,,,,,,,,,,,
000511,分红,2006-02-11,0,0.0,0.0,不分配,,,,,,,,,,,
000511,分红,2005-03-15,0,0.0,0.0,不分配,,,,,,,,,,,
000511,分红,1993-06-28,2,0.0,0.0,实施,1993-07-12,1993-07-09,1993-07-12,,,,,,,,
000511,分红,1994-04-08,3,0.0,0.0,实施,1994-04-22,1994-04-21,1994-04-27,,,,,,,,
000511,分红,1996-07-25,2,0.0,0.0,实施,1996-07-31,1996-07-30,1996-08-02,,,,,,,,
000511,分红,2001-05-23,0,5.0,1.0,实施,2001-05-30,2001-05-29,,,,,,,,,
000511,分红,2006-06-13,0,3.8,0.0,实施,2006-06-15,2006-06-14,2006-06-15,,,,,,,,
000511,分红,2007-04-19,5,3.0,1.0,实施,2007-04-26,2007-04-25,,,,,,,,,
000511,分红,2008-04-22,4,5.0,0.45,实施,2008-04-28,2008-04-25,,,,,,,,,
000511,分红,2014-12-25,0,0.0,0.2,实施,2015-01-06,2015-01-05,,,,,,,,,
000511,配股,1993-06-30,,,,,,1993-07-09,,5.0,6.0,0,1993-07-12,,1993-08-19,1993-08-09,
000511,配股,1994-12-15,,,,,,1994-12-26,,2.587,3.2,96336700,1994-12-27,,1995-02-24,1995-03-08,
000522,分红,2013-03-01,0,0.0,0.0,不分配,,,,,,,,,,,
000522,分红,2009-04-18,0,0.0,0.0,不分配,,,,,,,,,,,
000522,分红,2007-03-31,0,0.0,0.0,不分配,,,,,,,,,,,
000522,分红,2006-03-25,0,0.0,0.0,不分配,,,,,,,,,,,
000522,分红,1994-04-13,10,0.0,2.0,实施,1994-05-03,1994-04-29,,,,,,,,,
000522,分红,1995-07-04,1,0.0,0.0,实施,1995-07-11,1995-07-10,1995-07-13,,,,,,,,
000522,分红,1997-06-25,1,0.0,0.0,实施,1997-07-04,1997-07-03,1997-07-08,,,,,,,,
000522,分红,2004-06-03,0,0.0,0.3,实施,2004-06-11,2004-06-10,,,,,,,,,
000522,分红,2005-07-05,0,0.0,0.2,实施,2005-07-12,2005-07-11,,,,,,,,,
000522,分红,2006-04-13,0,6.05,0.0,实施,2006-04-17,2006-04-14,2006-04-17,,,,,,,,
000522,分红,2008-08-20,0,0.0,0.28,实施,2008-08-26,2008-08-25,,,,,,,,,
000522,分红,2010-07-22,0,0.0,0.3,实施,2010-07-29,2010-07-28,,,,,,,,,
000522,分红,2011-08-22,0,0.0,0.5,实施,2011-08-30,2011-08-29,,,,,,,,,
000522,分红,2012-06-06,0,0.0,0.55,实施,2012-06-14,2012-06-13,,,,,,,,,
000522,配股,1995-03-11,,,,,,1995-03-16,,1.5,3,288000000,1995-03-17,,1995-04-10,1995-04-18,
000527,分红,1994-03-31,10,0,1.5,实施,1994-04-07,1994-04-06,,,,,,,,,
000527,分红,1995-08-03,0,0,4.3,实施,1995-08-09,1995-08-08,,,,,,,,,
000527,分红,1996-07-31,1,0,2.0,实施,1996-08-08,1996-08-07,,,,,,,,,
000527,分红,1997-06-14,2,0,0.0,实施,1997-06-23,1997-06-20,1997-06-25,,,,,,,,
000527,分红,1998-07-09,0,0,2.0,实施,1998-07-17,1998-07-16,,,,,,,,,
000527,分红,1998-10-15,0,3,0.0,实施,1998-10-23,1998-10-22,1998-10-27,,,,,,,,
000527,分红,1999-07-06,0,0,2.5,实施,1999-07-12,1999-07-09,,,,,,,,,
000527,分红,2000-06-29,0,0,2.8,实施,2000-07-06,2000-07-05,,,,,,,,,
000527,分红,2001-06-30,0,0,3.0,实施,2001-07-05,2001-07-04,,,,,,,,,
000527,分红,2002-06-18,0,0,2.0,实施,2002-06-25,2002-06-24,,,,,,,,,
000527,分红,2003-07-01,0,0,1.0,实施,2003-07-07,2003-07-04,,,,,,,,,
000527,分红,2004-06-18,0,0,1.2,实施,2004-06-28,2004-06-25,,,,,,,,,
000527,分红,2005-06-29,0,3,1.5,实施,2005-07-07,2005-07-06,,,,,,,,,
000527,分红,2006-06-06,0,0,2.5,实施,2006-06-14,2006-06-13,,,,,,,,,
000527,分红,2007-06-02,0,10,3.5,实施,2007-06-08,2007-06-07,,,,,,,,,
000527,分红,2008-04-28,5,0,4.0,实施,2008-05-08,2008-05-07,,,,,,,,,
000527,分红,2009-05-19,0,0,1.0,实施,2009-05-27,2009-05-26,,,,,,,,,
000527,分红,2010-05-07,0,5,1.0,实施,2010-05-13,2010-05-12,,,,,,,,,
000527,分红,2011-06-02,0,0,1.0,实施,2011-06-09,2011-06-08,,,,,,,,,
000527,分红,2012-06-13,0,0,4.5,实施,2012-06-19,2012-06-18,,,,,,,,,
000527,分红,2013-05-31,0,0,6.0,实施,2013-06-06,2013-06-05,,,,,,,,,
000527,配股,1995-08-12,,,,,,1995-08-18,,3.0,3.95,182160000,1995-08-21,,1995-09-05,1995-09-13,
000527,配股,1997-07-05,,,,,,1997-07-21,,2.2725,7.0,275111000,1997-07-22,,1997-08-06,1997-08-28,
000527,配股,1999-07-26,,,,,,1999-08-09,,2.30769,7.5,430224000,1999-08-10,,1999-08-25,1999-09-28,
000540,分红,2023-04-29,0.0,0.0,0.0,不分配,,,,,,,,,,,
000540,分红,2022-04-30,0.0,0.0,0.0,不分配,,,,,,,,,,,
000540,分红,2021-04-29,0.0,0.0,0.0,不分配,,,,,,,,,,,
000540,分红,2020-04-30,0.0,0.0,0.0,不分配,,,,,,,,,,,
000540,分红,2008-02-21,0.0,0.0,0.0,不分配,,,,,,,,,,,
000540,分红,2007-04-18,0.0,0.0,0.0,不分配,,,,,,,,,,,
000540,分红,2006-04-24,0.0,0.0,0.0,不分配,,,,,,,,,,,
000540,分红,2005-06-15,0.0,0.0,0.0,不分配,,,,,,,,,,,
000540,分红,1995-09-19,2.0,0.0,0.3,实施,1995-10-11,1995-10-10,,,,,,,,,
000540,分红,1996-08-22,1.0,0.0,0.44,实施,1996-08-29,1996-08-28,,,,,,,,,
000540,分红,1998-08-21,0.0,1.0,0.0,实施,1998-08-27,1998-08-26,1998-08-31,,,,,,,,
000540,分红,2000-06-27,4.2,5.4,0.0,实施,2000-07-03,2000-06-30,2000-07-04,,,,,,,,
000540,分红,2001-04-10,7.0,0.0,2.0,实施,2001-04-16,2001-04-13,,,,,,,,,
000540,分红,2009-03-25,0.0,6.0,1.0,实施,2009-03-31,2009-03-30,,,,,,,,,
000540,分红,2010-04-02,6.0,0.0,0.7,实施,2010-04-09,2010-04-08,,,,,,,,,
000540,分红,2011-07-05,4.0,0.0,1.0,实施,2011-07-12,2011-07-11,,,,,,,,,
000540,分红,2012-07-10,0.0,0.0,1.0,实施,2012-07-16,2012-07-13,,,,,,,,,
000540,分红,2013-07-06,0.0,0.0,1.0,实施,2013-07-12,2013-07-11,,,,,,,,,
000540,分红,2014-07-03,0.0,0.0,3.0,实施,2014-07-09,2014-07-08,,,,,,,,,
000540,分红,2015-03-25,5.0,10.0,2.0,实施,2015-04-01,2015-03-31,,,,,,,,,
000540,分红,2016-04-15,0.0,0.0,1.9984,实施,2016-04-22,2016-04-21,,,,,,,,,
000540,分红,2017-07-06,0.0,0.0,1.99864,实施,2017-07-12,2017-07-11,,,,,,,,,
000540,分红,2018-05-10,0.0,5.0,0.5,实施,2018-05-17,2018-05-16,,,,,,,,,
000540,分红,2019-07-06,0.0,0.0,0.501871,实施,2019-07-12,2019-07-11,,,,,,,,,
000540,配股,1995-12-23,,,,,,1995-12-26,,1.666,3.2,77061700,1995-12-27,,1996-01-12,1996-01-22,
000562,分红,2012-03-24,0.0,0.0,0.0,不分配,,,,,,,,,,,
000562,分红,2006-04-04,0.0,0.0,0.0,不分配,,,,,,,,,,,
000562,分红,2005-06-29,0.0,0.0,0.0,不分配,,,,,,,,,,,
000562,分红,1995-11-24,1.0,0.0,1.6,实施,1995-11-29,1995-11-28,,,,,,,,,
000562,分红,1997-08-22,1.0,0.0,0.8,实施,1997-08-27,1997-08-26,,,,,,,,,
000562,分红,1998-07-11,1.5,3.5,0.0,实施,1998-07-17,1998-07-16,1998-07-21,,,,,,,,
000562,分红,1999-07-05,2.5,1.5,0.0,实施,1999-07-09,1999-07-08,1999-07-13,,,,,,,,
000562,分红,2000-06-08,1.0,0.0,0.0,实施,2000-06-14,2000-06-13,2000-06-15,,,,,,,,
000562,分红,2001-07-27,0.0,0.0,0.5,实施,2001-08-03,2001-08-02,,,,,,,,,
000562,分红,2007-05-24,0.0,0.0,0.8,实施,2007-05-31,2007-05-30,,,,,,,,,
000562,分红,2008-05-30,0.0,0.0,5.75,实施,2008-06-06,2008-06-05,,,,,,,,,
000562,分红,2009-06-04,0.0,0.0,1.0,实施,2009-06-12,2009-06-11,,,,,,,,,
000562,分红,2010-07-30,0.0,0.0,2.75,实施,2010-08-09,2010-08-06,,,,,,,,,
000562,分红,2011-05-11,0.0,0.0,2.63,实施,2011-05-18,2011-05-17,,,,,,,,,
000562,分红,2012-10-17,0.0,0.0,1.0,实施,2012-10-23,2012-10-22,,,,,,,,,
000562,分红,2013-06-08,0.0,10.0,6.0,实施,2013-06-19,2013-06-18,,,,,,,,,
000562,分红,2014-07-10,0.0,0.0,1.0,实施,2014-07-17,2014-07-16,,,,,,,,,
000562,配股,1995-11-24,,,,,,1995-11-28,,1,3,192500000,1995-11-29,,1995-12-14,1995-12-22,
000578,分红,2011-03-08,0,0,0.0,不分配,,,,,,,,,,,
000578,分红,2009-03-26,0,0,0.0,不分配,,,,,,,,,,,
000578,分红,2008-03-28,0,0,0.0,不分配,,,,,,,,,,,
000578,分红,2007-01-25,0,0,0.0,不分配,,,,,,,,,,,
000578,分红,2006-04-29,0,0,0.0,不分配,,,,,,,,,,,
000578,分红,2005-05-31,0,0,0.0,不分配,,,,,,,,,,,
000578,分红,1996-06-20,1,0,0.5,实施,1996-06-24,1996-06-21,,,,,,,,,
000578,分红,1997-04-11,0,4,1.6,实施,1997-04-17,1997-04-16,,,,,,,,,
000578,分红,2000-04-26,2,6,0.5,实施,2000-05-09,2000-05-08,,,,,,,,,
000578,分红,2001-06-09,0,0,0.5,实施,2001-06-15,2001-06-14,,,,,,,,,
000578,分红,2002-06-15,0,0,0.4,实施,2002-06-24,2002-06-21,,,,,,,,,
000578,分红,2003-07-12,0,0,0.2,实施,2003-07-22,2003-07-21,,,,,,,,,
000578,分红,2010-04-21,0,0,2.0,实施,2010-04-28,2010-04-27,,,,,,,,,
000578,配股,1996-07-26,,,,,,1996-08-09,,2.727,3,56833000,1996-08-12,,1996-08-27,1996-11-06,
000578,配股,1999-07-03,,,,,,1999-07-16,,3.0,9,101265000,1999-07-19,,1999-08-03,1999-08-25,
000584,分红,2025-04-28,0,0,0.0,不分配,,,,,,,,,,,
000584,分红,2024-04-30,0,0,0.0,不分配,,,,,,,,,,,
000584,分红,2023-04-29,0,0,0.0,不分配,,,,,,,,,,,
000584,分红,2022-04-15,0,0,0.0,不分配,,,,,,,,,,,
000584,分红,2021-04-29,0,0,0.0,不分配,,,,,,,,,,,
000584,分红,2017-03-30,0,0,0.0,不分配,,,,,,,,,,,
000584,分红,2016-04-29,0,0,0.0,不分配,,,,,,,,,,,
000584,分红,2015-03-12,0,0,0.0,不分配,,,,,,,,,,,
000584,分红,2013-04-24,0,0,0.0,不分配,,,,,,,,,,,
000584,分红,2011-04-02,0,0,0.0,不分配,,,,,,,,,,,
000584,分红,2010-04-23,0,0,0.0,不分配,,,,,,,,,,,
000584,分红,2008-04-18,0,0,0.0,不分配,,,,,,,,,,,
000584,分红,2007-04-09,0,0,0.0,不分配,,,,,,,,,,,
000584,分红,2006-04-11,0,0,0.0,不分配,,,,,,,,,,,
000584,分红,2005-06-29,0,0,0.0,不分配,,,,,,,,,,,
000584,分红,1996-06-19,3,0,0.0,实施,1996-06-25,1996-06-24,1996-06-27,,,,,,,,
000584,分红,1998-07-03,1,0,0.0,实施,1998-07-10,1998-07-09,1998-07-14,,,,,,,,
000584,分红,2004-09-01,0,5,0.0,实施,2004-09-08,2004-09-07,2004-09-08,,,,,,,,
000584,分红,2009-05-22,0,0,1.0,实施,2009-06-01,2009-05-27,,,,,,,,,
000584,分红,2012-08-16,0,0,1.0,实施,2012-08-22,2012-08-21,,,,,,,,,
000584,分红,2014-04-15,0,5,8.0,实施,2014-04-23,2014-04-22,,,,,,,,,
000584,分红,2018-06-07,0,0,0.2,实施,2018-06-13,2018-06-12,,,,,,,,,
000584,分红,2019-05-23,0,0,0.2,实施,2019-05-29,2019-05-28,,,,,,,,,
000584,分红,2020-06-22,0,0,0.15,实施,2020-06-30,2020-06-29,,,,,,,,,
000585,分红,2022-03-31,0,0,0.0,不分配,,,,,,,,,,,
000585,分红,2021-03-30,0,0,0.0,不分配,,,,,,,,,,,
000585,分红,2020-04-30,0,0,0.0,不分配,,,,,,,,,,,
000585,分红,2019-03-29,0,0,0.0,不分配,,,,,,,,,,,
000585,分红,2018-03-30,0,0,0.0,不分配,,,,,,,,,,,
000585,分红,2017-03-28,0,0,0.0,不分配,,,,,,,,,,,
000585,分红,2016-02-20,0,0,0.0,不分配,,,,,,,,,,,
000585,分红,2015-03-17,0,0,0.0,不分配,,,,,,,,,,,
000585,分红,2014-03-04,0,0,0.0,不分配,,,,,,,,,,,
000585,分红,2013-03-12,0,0,0.0,不分配,,,,,,,,,,,
000585,分红,2012-03-30,0,0,0.0,不分配,,,,,,,,,,,
000585,分红,2011-03-22,0,0,0.0,不分配,,,,,,,,,,,
000585,分红,2010-03-23,0,0,0.0,不分配,,,,,,,,,,,
000585,分红,2009-03-31,0,0,0.0,不分配,,,,,,,,,,,
000585,分红,2008-04-30,0,0,0.0,不分配,,,,,,,,,,,
000585,分红,2007-03-01,0,0,0.0,不分配,,,,,,,,,,,
000585,分红,2006-04-19,0,0,0.0,不分配,,,,,,,,,,,
000585,分红,2005-06-03,0,0,0.0,不分配,,,,,,,,,,,
000585,分红,1996-06-19,0,0,0.65,实施,1996-06-24,1996-06-21,,,,,,,,,
000585,分红,1997-06-18,0,0,0.65,实施,1997-06-23,1997-06-20,,,,,,,,,
000587,分红,2022-04-30,0,0,0.0,不分配,,,,,,,,,,,
000587,分红,2021-04-29,0,0,0.0,不分配,,,,,,,,,,,
000587,分红,2020-04-30,0,0,0.0,不分配,,,,,,,,,,,
000587,分红,2019-04-30,0,0,0.0,不分配,,,,,,,,,,,
000587,分红,2018-04-27,0,0,0.0,不分配,,,,,,,,,,,
000587,分红,2016-04-27,0,0,0.0,不分配,,,,,,,,,,,
000587,分红,2015-04-23,0,0,0.0,不分配,,,,,,,,,,,
000587,分红,2013-04-27,0,0,0.0,不分配,,,,,,,,,,,
000587,分红,2012-02-21,0,0,0.0,不分配,,,,,,,,,,,
000587,分红,2011-04-02,0,0,0.0,不分配,,,,,,,,,,,
000587,分红,2010-04-27,0,0,0.0,不分配,,,,,,,,,,,
000587,分红,2009-04-25,0,0,0.0,不分配,,,,,,,,,,,
000587,分红,2008-04-30,0,0,0.0,不分配,,,,,,,,,,,
000587,分红,2007-04-30,0,0,0.0,不分配,,,,,,,,,,,
000587,分红,2006-03-29,0,0,0.0,不分配,,,,,,,,,,,
000587,分红,2005-04-13,0,0,0.0,不分配,,,,,,,,,,,
000587,分红,1996-06-05,4,0,0.0,实施,1996-06-14,1996-06-13,1996-06-18,,,,,,,,
000587,分红,1997-05-13,3,0,0.0,实施,1997-05-19,1997-05-16,1997-05-21,,,,,,,,
000587,分红,2000-06-14,0,0,3.16,实施,2000-06-21,2000-06-20,,,,,,,,,
000587,分红,2011-08-16,0,20,0.0,实施,2011-08-18,2011-08-17,2011-08-18,,,,,,,,
000587,分红,2014-05-29,0,0,0.6,实施,2014-06-06,2014-06-05,,,,,,,,,
000587,分红,2017-07-07,0,10,1.5,实施,2017-07-13,2017-07-12,,,,,,,,,
000587,配股,1997-07-23,,,,,,1997-08-07,,1.648,3.8,145600000,1997-08-08,,1997-08-25,1997-09-12,
000587,配股,1999-02-09,,,,,,1999-03-12,,3.0,5.6,166444000,1999-03-15,,1999-03-30,1999-04-27,
000594,分红,2015-04-30,0,0,0.0,不分配,,,,,,,,,,,
000594,分红,2014-07-05,0,0,0.0,不分配,,,,,,,,,,,
000594,分红,2013-04-26,0,0,0.0,不分配,,,,,,,,,,,
000594,分红,2012-04-28,0,0,0.0,不分配,,,,,,,,,,,
000594,分红,2011-04-28,0,0,0.0,不分配,,,,,,,,,,,
000594,分红,2009-04-09,0,0,0.0,不分配,,,,,,,,,,,
000594,分红,2008-04-28,0,0,0.0,不分配,,,,,,,,,,,
000594,分红,2007-04-24,0,0,0.0,不分配,,,,,,,,,,,
000594,分红,2006-02-24,0,0,0.0,不分配,,,,,,,,,,,
000594,分红,2005-06-21,0,0,0.0,不分配,,,,,,,,,,,
000594,分红,1996-06-05,8,0,0.0,实施,1996-06-10,1996-06-07,1996-06-12,,,,,,,,
000594,分红,1997-07-17,0,0,0.5,实施,1997-07-23,1997-07-22,,,,,,,,,
000594,分红,1998-05-06,2,2,0.5,实施,1998-05-18,1998-05-15,,,,,,,,,
000594,分红,1999-10-28,2,6,0.5,实施,1999-11-03,1999-11-02,,,,,,,,,
000594,分红,2001-08-01,2,3,0.5,实施,2001-08-07,2001-08-06,,,,,,,,,
000594,分红,2010-07-03,0,2,0.0,实施,2010-07-09,2010-07-08,2010-07-09,,,,,,,,
000594,配股,1999-03-05,,,,,,1999-03-19,,5.71429,5,132250000,1999-03-22,,1999-04-06,1999-05-28,
000602,分红,2013-04-26,0,0,0.0,不分配,,,,,,,,,,,
000602,分红,2012-02-21,0,0,0.0,不分配,,,,,,,,,,,
000602,分红,2011-02-17,0,0,0.0,不分配,,,,,,,,,,,
000602,分红,2010-02-02,0,0,0.0,不分配,,,,,,,,,,,
000602,分红,2009-04-14,0,0,0.0,不分配,,,,,,,,,,,
000602,分红,2008-04-22,0,0,0.0,不分配,,,,,,,,,,,
000602,分红,2007-03-30,0,0,0.0,不分配,,,,,,,,,,,
000602,分红,2006-04-06,0,0,0.0,不分配,,,,,,,,,,,
000602,分红,2005-06-16,0,0,0.0,不分配,,,,,,,,,,,
000602,分红,1996-11-14,3,0,0.0,实施,1996-11-19,1996-11-18,1996-11-21,,,,,,,,
000602,分红,1997-02-17,0,4,0.0,实施,1997-02-21,1997-02-20,1997-02-25,,,,,,,,
000602,分红,2004-06-08,2,3,0.5,实施,2004-06-14,2004-06-11,,,,,,,,,
000602,分红,2012-09-10,0,10,10.0,实施,2012-09-17,2012-09-14,,,,,,,,,
000602,配股,1998-02-12,,,,,,1998-02-26,,1.64835,8.1,92820000,1998-02-27,,1998-03-16,1998-05-05,
000606,分红,2023-04-29,0,0,0.0,不分配,,,,,,,,,,,
000606,分红,2022-04-30,0,0,0.0,不分配,,,,,,,,,,,
000606,分红,2021-04-30,0,0,0.0,不分配,,,,,,,,,,,
000606,分红,2020-04-30,0,0,0.0,不分配,,,,,,,,,,,
000606,分红,2019-04-30,0,0,0.0,不分配,,,,,,,,,,,
000606,分红,2018-04-14,0,0,0.0,不分配,,,,,,,,,,,
000606,分红,2017-02-28,0,0,0.0,不分配,,,,,,,,,,,
000606,分红,2016-03-31,0,0,0.0,不分配,,,,,,,,,,,
000606,分红,2015-03-31,0,0,0.0,不分配,,,,,,,,,,,
000606,分红,2013-03-29,0,0,0.0,不分配,,,,,,,,,,,
000606,分红,2012-02-15,0,0,0.0,不分配,,,,,,,,,,,
000606,分红,2011-03-04,0,0,0.0,不分配,,,,,,,,,,,
000606,分红,2010-04-21,0,0,0.0,不分配,,,,,,,,,,,
000606,分红,2008-03-12,0,0,0.0,不分配,,,,,,,,,,,
000606,分红,2006-04-05,0,0,0.0,不分配,,,,,,,,,,,
000606,分红,2005-05-17,0,0,0.0,不分配,,,,,,,,,,,
000606,分红,1999-05-05,0,0,3.0,实施,1999-05-11,1999-05-10,,,,,,,,,
000606,分红,2000-04-29,0,0,3.2,实施,2000-05-10,2000-05-09,,,,,,,,,
000606,分红,2001-09-14,0,10,0.0,实施,2001-09-20,2001-09-19,2001-09-21,,,,,,,,
000606,分红,2007-05-18,1,1,0.11,实施,2007-05-24,2007-05-23,,,,,,,,,
000606,分红,2009-05-12,1,4,0.11,实施,2009-05-18,2009-05-15,,,,,,,,,
000606,分红,2014-06-13,0,0,0.2,实施,2014-06-20,2014-06-19,,,,,,,,,
000606,配股,1998-01-16,,,,,,1998-02-13,,3,4,51500000,1998-02-16,,1998-03-03,1998-03-31,
000606,配股,2000-08-07,,,,,,2000-08-21,,3,9,66950000,2000-08-22,,2000-09-05,2000-09-28,
000611,分红,2022-04-30,0,0.0,0.0,不分配,,,,,,,,,,,
000611,分红,2021-04-30,0,0.0,0.0,不分配,,,,,,,,,,,
000611,分红,2020-04-30,0,0.0,0.0,不分配,,,,,,,,,,,
000611,分红,2019-04-30,0,0.0,0.0,不分配,,,,,,,,,,,
000611,分红,2018-04-27,0,0.0,0.0,不分配,,,,,,,,,,,
000611,分红,2017-04-29,0,0.0,0.0,不分配,,,,,,,,,,,
000611,分红,2016-04-30,0,0.0,0.0,不分配,,,,,,,,,,,
000611,分红,2015-04-29,0,0.0,0.0,不分配,,,,,,,,,,,
000611,分红,2014-04-30,0,0.0,0.0,不分配,,,,,,,,,,,
000611,分红,2013-04-16,0,0.0,0.0,不分配,,,,,,,,,,,
000611,分红,2012-04-27,0,0.0,0.0,不分配,,,,,,,,,,,
000611,分红,2011-04-02,0,0.0,0.0,不分配,,,,,,,,,,,
000611,分红,2010-02-10,0,0.0,0.0,不分配,,,,,,,,,,,
000611,分红,2009-04-22,0,0.0,0.0,不分配,,,,,,,,,,,
000611,分红,2007-02-10,0,0.0,0.0,不分配,,,,,,,,,,,
000611,分红,2006-04-01,0,0.0,0.0,不分配,,,,,,,,,,,
000611,分红,2005-06-28,0,0.0,0.0,不分配,,,,,,,,,,,
000611,分红,1997-05-08,0,8.0,0.0,实施,1997-05-15,1997-05-14,1997-05-19,,,,,,,,
000611,分红,1998-07-16,2,0.0,0.6,实施,1998-07-23,1998-07-22,,,,,,,,,
000611,分红,2006-07-28,0,5.5,0.0,实施,2006-08-02,2006-08-01,2006-08-02,,,,,,,,
000611,分红,2008-06-05,0,3.0,0.0,实施,2008-06-12,2008-06-11,2008-06-12,,,,,,,,
000611,配股,1998-12-08,,,,,,1998-12-22,,2.5,4.28,154164000,1998-12-23,,1999-01-08,1999-02-03,
000613,分红,2022-04-30,0,0,0,不分配,,,,,,,,,,,
000613,分红,2021-04-24,0,0,0,不分配,,,,,,,,,,,
000613,分红,2020-03-21,0,0,0,不分配,,,,,,,,,,,
000613,分红,2019-02-26,0,0,0,不分配,,,,,,,,,,,
000613,分红,2018-02-01,0,0,0,不分配,,,,,,,,,,,
000613,分红,2017-03-31,0,0,0,不分配,,,,,,,,,,,
000613,分红,2016-03-26,0,0,0,不分配,,,,,,,,,,,
000613,分红,2015-01-31,0,0,0,不分配,,,,,,,,,,,
000613,分红,2014-04-29,0,0,0,不分配,,,,,,,,,,,
000613,分红,2013-04-27,0,0,0,不分配,,,,,,,,,,,
000613,分红,2012-04-26,0,0,0,不分配,,,,,,,,,,,
000613,分红,2011-04-27,0,0,0,不分配,,,,,,,,,,,
000613,分红,2010-04-28,0,0,0,不分配,,,,,,,,,,,
000613,分红,2009-04-28,0,0,0,不分配,,,,,,,,,,,
000613,分红,2008-04-29,0,0,0,不分配,,,,,,,,,,,
000613,分红,2007-04-14,0,0,0,不分配,,,,,,,,,,,
000613,分红,2006-04-22,0,0,0,不分配,,,,,,,,,,,
000613,分红,2005-06-17,0,0,0,不分配,,,,,,,,,,,
000613,分红,1998-07-24,1,0,0,实施,1998-08-03,1998-07-31,1998-08-05,,,,,,,,
000616,分红,2023-04-28,0,0.0,0.0,不分配,,,,,,,,,,,
000616,分红,2022-04-30,0,0.0,0.0,不分配,,,,,,,,,,,
000616,分红,2021-04-30,0,0.0,0.0,不分配,,,,,,,,,,,
000616,分红,2020-04-30,0,0.0,0.0,不分配,,,,,,,,,,,
000616,分红,2019-04-27,0,0.0,0.0,不分配,,,,,,,,,,,
000616,分红,2018-04-27,0,0.0,0.0,不分配,,,,,,,,,,,
000616,分红,2017-04-25,0,0.0,0.0,不分配,,,,,,,,,,,
000616,分红,1997-06-26,0,0.0,2.0,实施,1997-07-10,1997-07-09,,,,,,,,,
000616,分红,1998-06-08,0,0.0,2.0,实施,1998-06-12,1998-06-11,,,,,,,,,
000616,分红,1999-07-08,0,3.0,3.0,实施,1999-07-14,1999-07-13,,,,,,,,,
000616,分红,2001-04-25,0,5.35714,0.0,实施,2001-05-09,2001-05-08,2001-05-10,,,,,,,,
000616,分红,2002-10-25,0,3.0,0.0,实施,2002-11-01,2002-10-31,2002-11-01,,,,,,,,
000616,分红,2004-06-03,0,5.0,0.2,实施,2004-06-11,2004-06-10,,,,,,,,,
000616,分红,2005-06-11,0,0.0,0.5,实施,2005-06-17,2005-06-16,,,,,,,,,
000616,分红,2006-06-03,0,0.0,0.3,实施,2006-06-08,2006-06-07,,,,,,,,,
000616,分红,2006-07-14,0,2.1,0.0,实施,2006-07-18,2006-07-17,2006-07-18,,,,,,,,
000616,分红,2007-05-11,1,0.0,0.11,实施,2007-05-17,2007-05-16,,,,,,,,,
000616,分红,2008-04-30,2,3.0,0.3,实施,2008-05-09,2008-05-08,,,,,,,,,
000616,分红,2008-09-10,0,0.0,0.5,实施,2008-09-17,2008-09-16,,,,,,,,,
000616,分红,2009-04-17,0,5.0,0.5,实施,2009-04-23,2009-04-22,,,,,,,,,
000616,分红,2010-05-25,0,1.0,1.0,实施,2010-06-01,2010-05-31,,,,,,,,,
000616,分红,2011-05-18,0,2.0,1.0,实施,2011-05-25,2011-05-24,,,,,,,,,
000616,分红,2012-05-12,0,0.0,0.1,实施,2012-05-18,2012-05-17,,,,,,,,,
000616,分红,2013-05-22,0,2.0,0.4,实施,2013-05-28,2013-05-27,,,,,,,,,
000616,分红,2014-05-12,0,0.0,0.22,实施,2014-05-16,2014-05-15,,,,,,,,,
000616,分红,2015-07-14,0,0.0,0.2,实施,2015-07-20,2015-07-17,,,,,,,,,
000616,分红,2016-06-16,0,0.0,0.2,实施,2016-06-22,2016-06-21,,,,,,,,,
000616,配股,1998-07-02,,,,,,1998-06-23,,3,7,50000000,1998-06-24,,1998-07-09,1998-08-13,
000616,配股,2000-12-30,,,,,,2001-01-15,,3,17,84500000,2001-01-16,,2001-02-13,2001-02-27,
000622,分红,2024-04-30,0,0,0.0,不分配,,,,,,,,,,,
000622,分红,2023-04-27,0,0,0.0,不分配,,,,,,,,,,,
000622,分红,2022-04-29,0,0,0.0,不分配,,,,,,,,,,,
000622,分红,2021-04-22,0,0,0.0,不分配,,,,,,,,,,,
000622,分红,2020-04-23,0,0,0.0,不分配,,,,,,,,,,,
000622,分红,2019-04-25,0,0,0.0,不分配,,,,,,,,,,,
000622,分红,2018-04-25,0,0,0.0,不分配,,,,,,,,,,,
000622,分红,2017-04-20,0,0,0.0,不分配,,,,,,,,,,,
000622,分红,2016-04-28,0,0,0.0,不分配,,,,,,,,,,,
000622,分红,2015-04-30,0,0,0.0,不分配,,,,,,,,,,,
000622,分红,2014-02-28,0,0,0.0,不分配,,,,,,,,,,,
000622,分红,2013-04-26,0,0,0.0,不分配,,,,,,,,,,,
000622,分红,2013-01-10,0,20,0.0,实施,,2013-01-11,2013-02-08,,,,,,,,
000622,分红,2012-04-26,0,0,0.0,不分配,,,,,,,,,,,
000622,分红,2011-04-21,0,0,0.0,不分配,,,,,,,,,,,
000622,分红,2010-04-28,0,0,0.0,不分配,,,,,,,,,,,
000622,分红,2009-04-30,0,0,0.0,不分配,,,,,,,,,,,
000622,分红,2008-03-29,0,0,0.0,不分配,,,,,,,,,,,
000622,分红,2007-04-28,0,0,0.0,不分配,,,,,,,,,,,
000622,分红,2006-04-29,0,0,0.0,不分配,,,,,,,,,,,
000622,分红,2005-05-28,0,0,0.0,不分配,,,,,,,,,,,
000622,分红,1997-06-12,2,0,0.0,实施,1997-06-19,1997-06-18,1997-06-23,,,,,,,,
000622,分红,1999-04-29,2,8,0.0,实施,1999-05-06,1999-05-05,1999-05-10,,,,,,,,
000622,分红,2001-06-22,0,0,0.3,实施,2001-06-28,2001-06-27,,,,,,,,,
000622,配股,1998-09-10,,,,,,1998-09-24,,2.5,8,62400000,1998-09-25,,1998-10-14,1998-11-06,
000627,分红,2024-04-30,0.0,0.0,0.0,不分配,,,,,,,,,,,
000627,分红,2019-04-29,0.0,0.0,0.0,不分配,,,,,,,,,,,
000627,分红,2015-02-14,0.0,0.0,0.0,不分配,,,,,,,,,,,
000627,分红,2014-04-26,0.0,0.0,0.0,不分配,,,,,,,,,,,
000627,分红,2013-03-16,0.0,0.0,0.0,不分配,,,,,,,,,,,
000627,分红,2012-04-27,0.0,0.0,0.0,不分配,,,,,,,,,,,
000627,分红,2011-04-28,0.0,0.0,0.0,不分配,,,,,,,,,,,
000627,分红,2009-03-26,0.0,0.0,0.0,不分配,,,,,,,,,,,
000627,分红,2008-03-28,0.0,0.0,0.0,不分配,,,,,,,,,,,
000627,分红,2007-02-28,0.0,0.0,0.0,不分配,,,,,,,,,,,
000627,分红,2006-03-22,0.0,0.0,0.0,不分配,,,,,,,,,,,
000627,分红,2005-04-02,0.0,0.0,0.0,不分配,,,,,,,,,,,
000627,分红,1996-12-23,0.0,10.0,0.0,实施,1996-12-30,1996-12-26,1996-12-31,,,,,,,,
000627,分红,1998-05-16,0.0,0.0,6.0,实施,1998-05-22,1998-05-21,,,,,,,,,
000627,分红,1999-08-31,0.0,8.0,0.0,实施,1999-09-07,1999-09-06,1999-09-09,,,,,,,,
000627,分红,2000-05-10,0.0,2.0,0.0,实施,2000-05-16,2000-05-15,2000-05-17,,,,,,,,
000627,分红,2001-05-16,1.92983,0.0,0.482459,实施,2001-05-23,2001-05-22,,,,,,,,,
000627,分红,2001-09-18,0.0,5.0,0.0,实施,2001-09-24,2001-09-21,2001-09-25,,,,,,,,
000627,分红,2002-06-06,0.5,1.0,0.125,实施,2002-06-12,2002-06-11,,,,,,,,,
000627,分红,2008-09-11,0.0,0.0,0.3,实施,2008-09-18,2008-09-17,,,,,,,,,
000627,分红,2010-04-02,1.5,8.5,0.17,实施,2010-04-12,2010-04-09,,,,,,,,,
000627,分红,2016-04-08,0.0,0.0,0.095341,实施,2016-04-14,2016-04-13,,,,,,,,,
000627,分红,2017-06-14,0.0,0.0,0.25,实施,2017-06-21,2017-06-20,,,,,,,,,
000627,分红,2018-05-31,0.0,0.0,0.1,实施,2018-06-08,2018-06-07,,,,,,,,,
000627,分红,2018-09-27,0.0,0.0,0.3,实施,2018-10-12,2018-10-11,,,,,,,,,
000627,分红,2019-09-19,0.0,0.0,0.3,实施,2019-09-26,2019-09-25,,,,,,,,,
000627,分红,2020-05-13,0.0,0.0,1.0,实施,2020-05-20,2020-05-19,,,,,,,,,
000627,分红,2021-05-28,0.0,0.0,0.1,实施,2021-06-04,2021-06-03,,,,,,,,,
000627,分红,2022-05-27,0.0,0.0,0.05,实施,2022-06-02,2022-06-01,,,,,,,,,
000627,分红,2023-05-24,0.0,0.0,1.1,实施,2023-05-30,2023-05-29,,,,,,,,,
000627,配股,1998-06-16,,,,,,1998-07-01,,3.0,10,103244000,1998-07-02,,1998-07-17,1998-08-14,
000627,配股,2000-12-28,,,,,,2001-01-12,,1.39,15,278891000,2001-01-15,,2001-02-12,2001-03-27,
000662,分红,2020-06-30,0.0,0.0,0.0,不分配,,,,,,,,,,,
000662,分红,2019-04-30,0.0,0.0,0.0,不分配,,,,,,,,,,,
000662,分红,2016-04-28,0.0,0.0,0.0,不分配,,,,,,,,,,,
000662,分红,2015-03-20,0.0,0.0,0.0,不分配,,,,,,,,,,,
000662,分红,2014-04-22,0.0,0.0,0.0,不分配,,,,,,,,,,,
000662,分红,2013-04-25,0.0,0.0,0.0,不分配,,,,,,,,,,,
000662,分红,2012-04-20,0.0,0.0,0.0,不分配,,,,,,,,,,,
000662,分红,2011-04-21,0.0,0.0,0.0,不分配,,,,,,,,,,,
000662,分红,2010-04-09,0.0,0.0,0.0,不分配,,,,,,,,,,,
000662,分红,2009-04-10,0.0,0.0,0.0,不分配,,,,,,,,,,,
000662,分红,2007-03-28,0.0,0.0,0.0,不分配,,,,,,,,,,,
000662,分红,2006-02-28,0.0,0.0,0.0,不分配,,,,,,,,,,,
000662,分红,1997-06-24,2.5,2.5,0.0,实施,1997-07-03,1997-07-02,1997-07-07,,,,,,,,
000662,分红,2003-10-14,2.0,2.0,0.6,实施,2003-10-22,2003-10-21,,,,,,,,,
000662,分红,2005-06-15,2.0,0.0,0.5,实施,2005-06-21,2005-06-20,,,,,,,,,
000662,分红,2008-06-13,0.0,2.0,0.25,实施,2008-06-20,2008-06-19,,,,,,,,,
000662,分红,2017-06-21,0.0,0.0,0.5,实施,2017-06-28,2017-06-27,,,,,,,,,
000662,分红,2018-06-08,0.0,3.00058,0.700136,实施,2018-06-15,2018-06-14,,,,,,,,,
000666,分红,2010-03-25,0,0,0.0,不分配,,,,,,,,,,,
000666,分红,1997-07-12,0,0,0.4,实施,1997-07-21,1997-07-18,,,,,,,,,
000666,分红,1998-07-15,0,0,0.1,实施,1998-07-23,1998-07-22,,,,,,,,,
000666,分红,2001-07-11,0,0,1.1,实施,2001-07-17,2001-07-16,,,,,,,,,
000666,分红,2002-07-11,0,0,0.6,实施,2002-07-17,2002-07-16,,,,,,,,,
000666,分红,2003-07-12,0,0,0.6,实施,2003-07-18,2003-07-17,,,,,,,,,
000666,分红,2004-07-13,0,0,0.72,实施,2004-07-19,2004-07-16,,,,,,,,,
000666,分红,2005-06-21,0,0,0.5,实施,2005-06-28,2005-06-27,,,,,,,,,
000666,分红,2006-07-11,0,0,0.5,实施,2006-07-18,2006-07-17,,,,,,,,,
000666,分红,2007-07-11,0,0,0.8,实施,2007-07-18,2007-07-17,,,,,,,,,
000666,分红,2008-07-10,0,0,0.1,实施,2008-07-18,2008-07-17,,,,,,,,,
000666,分红,2009-07-09,0,0,0.1,实施,2009-07-17,2009-07-16,,,,,,,,,
000666,分红,2011-07-22,0,0,0.7,实施,2011-07-29,2011-07-28,,,,,,,,,
000666,分红,2012-07-04,0,0,0.6,实施,2012-07-11,2012-07-10,,,,,,,,,
000666,分红,2013-06-27,0,0,1.0,实施,2013-07-03,2013-07-02,,,,,,,,,
000666,分红,2014-08-12,0,0,1.0,实施,2014-08-18,2014-08-15,,,,,,,,,
000666,分红,2015-07-03,0,0,0.5,实施,2015-07-10,2015-07-09,,,,,,,,,
000666,分红,2016-07-21,0,0,0.5,实施,2016-07-28,2016-07-27,,,,,,,,,
000666,分红,2017-06-13,0,0,0.55,实施,2017-06-20,2017-06-19,,,,,,,,,
000666,分红,2018-05-24,0,0,2.1,实施,2018-05-31,2018-05-30,,,,,,,,,
000666,分红,2019-07-06,0,0,0.5,实施,2019-07-12,2019-07-11,,,,,,,,,
000666,分红,2020-07-04,0,0,0.3,实施,2020-07-10,2020-07-09,,,,,,,,,
000666,分红,2021-07-09,0,0,1.12,实施,2021-07-16,2021-07-15,,,,,,,,,
000666,分红,2022-07-11,0,0,0.86,实施,2022-07-15,2022-07-14,,,,,,,,,
000666,分红,2023-07-11,0,0,0.65,实施,2023-07-17,2023-07-14,,,,,,,,,
000666,配股,,,,,,,2000-05-25,,30,7.21,0,2000-05-31,,2000-05-31,2000-06-23,
000667,分红,2023-04-29,0.0,0.0,0.0,不分配,,,,,,,,,,,
000667,分红,2022-04-27,0.0,0.0,0.0,不分配,,,,,,,,,,,
000667,分红,2021-04-27,0.0,0.0,0.0,不分配,,,,,,,,,,,
000667,分红,2020-06-06,0.0,0.0,0.0,不分配,,,,,,,,,,,
000667,分红,2019-02-28,0.0,0.0,0.0,不分配,,,,,,,,,,,
000667,分红,2015-02-17,0.0,0.0,0.0,不分配,,,,,,,,,,,
000667,分红,2014-04-15,0.0,0.0,0.0,不分配,,,,,,,,,,,
000667,分红,2012-04-17,0.0,0.0,0.0,不分配,,,,,,,,,,,
000667,分红,2011-04-19,0.0,0.0,0.0,不分配,,,,,,,,,,,
000667,分红,2006-04-04,0.0,0.0,0.0,不分配,,,,,,,,,,,
000667,分红,2005-08-30,0.0,0.0,3.7,预案,,,,,,,,,,,
000667,分红,1997-04-22,3.0,7.0,0.0,实施,1997-04-28,1997-04-25,1997-04-30,,,,,,,,
000667,分红,1999-05-05,2.0,2.0,2.0,实施,1999-05-12,1999-05-11,,,,,,,,,
000667,分红,2003-07-12,0.0,0.0,1.6,实施,2003-07-18,2003-07-17,,,,,,,,,
000667,分红,2004-05-10,0.0,0.0,1.0,实施,2004-05-14,2004-05-13,,,,,,,,,
000667,分红,2005-04-06,0.0,0.0,1.2,实施,2005-04-12,2005-04-11,,,,,,,,,
000667,分红,2006-01-10,0.0,0.0,3.7,实施,2006-01-17,2006-01-16,,,,,,,,,
000667,分红,2006-02-16,0.0,3.87,0.0,实施,2006-02-20,2006-02-17,2006-02-20,,,,,,,,
000667,分红,2007-03-31,2.0,8.0,0.25,实施,2007-04-06,2007-04-05,,,,,,,,,
000667,分红,2008-06-06,2.54,1.46,0.4,实施,2008-06-13,2008-06-12,,,,,,,,,
000667,分红,2009-06-25,0.0,0.0,0.2,实施,2009-07-01,2009-06-30,,,,,,,,,
000667,分红,2010-05-26,0.0,9.0,0.5,实施,2010-06-01,2010-05-31,,,,,,,,,
000667,分红,2013-06-26,0.0,0.0,0.25,实施,2013-07-04,2013-07-03,,,,,,,,,
000667,分红,2016-03-29,0.0,0.0,0.25,实施,2016-04-05,2016-04-01,,,,,,,,,
000667,分红,2017-04-21,0.0,0.0,0.25,实施,2017-04-27,2017-04-26,,,,,,,,,
000667,分红,2018-06-29,0.0,0.0,0.25,实施,2018-07-09,2018-07-06,,,,,,,,,
000671,分红,2023-04-29,0,0,0.0,不分配,,,,,,,,,,,
000671,分红,2022-04-30,0,0,0.0,不分配,,,,,,,,,,,
000671,分红,2006-04-07,0,0,0.0,不分配,,,,,,,,,,,
000671,分红,2005-03-31,0,0,0.0,不分配,,,,,,,,,,,
000671,分红,1997-07-18,2,0,0.0,实施,1997-07-28,1997-07-25,1997-07-30,,,,,,,,
000671,分红,1999-04-03,2,2,0.0,实施,1999-04-13,1999-04-12,1999-04-15,,,,,,,,
000671,分红,2001-06-14,0,0,0.5,实施,2001-06-20,2001-06-19,,,,,,,,,
000671,分红,2007-05-21,0,0,0.26,实施,2007-05-25,2007-05-24,,,,,,,,,
000671,分红,2008-05-31,0,0,0.35,实施,2008-06-06,2008-06-05,,,,,,,,,
000671,分红,2009-06-13,0,0,0.71,实施,2009-06-19,2009-06-18,,,,,,,,,
000671,分红,2010-04-12,0,10,0.63,实施,2010-04-19,2010-04-16,,,,,,,,,
000671,分红,2010-09-08,6,0,0.7,实施,2010-09-16,2010-09-15,,,,,,,,,
000671,分红,2011-07-08,0,0,1.0,实施,2011-07-15,2011-07-14,,,,,,,,,
000671,分红,2012-07-03,0,0,0.25,实施,2012-07-10,2012-07-09,,,,,,,,,
000671,分红,2013-05-08,6,3,1.5,实施,2013-05-14,2013-05-13,,,,,,,,,
000671,分红,2014-06-11,0,0,0.6,实施,2014-06-18,2014-06-17,,,,,,,,,
000671,分红,2015-06-12,0,0,1.6,实施,2015-06-18,2015-06-17,,,,,,,,,
000671,分红,2015-09-15,0,15,0.0,实施,2015-09-21,2015-09-18,2015-09-21,,,,,,,,
000671,分红,2016-05-21,0,0,0.53,实施,2016-05-30,2016-05-27,,,,,,,,,
000671,分红,2017-06-27,0,0,0.5,实施,2017-07-04,2017-07-03,,,,,,,,,
000671,分红,2018-06-26,0,0,0.5,实施,2018-07-04,2018-07-03,,,,,,,,,
000671,分红,2019-05-22,0,0,0.56338,实施,2019-05-29,2019-05-28,,,,,,,,,
000671,分红,2020-06-05,0,0,1.99395,实施,2020-06-12,2020-06-11,,,,,,,,,
000671,分红,2021-06-26,0,0,3.80643,实施,2021-07-05,2021-07-02,,,,,,,,,
000671,配股,1998-05-30,,,,,,1998-06-15,,2.5,7.5,63822900,1998-06-16,,1998-07-01,1998-07-23,
000673,分红,2022-04-30,0,0.0,0,不分配,,,,,,,,,,,
000673,分红,2021-04-29,0,0.0,0,不分配,,,,,,,,,,,
000673,分红,2020-04-28,0,0.0,0,不分配,,,,,,,,,,,
000673,分红,2019-04-26,0,0.0,0,不分配,,,,,,,,,,,
000673,分红,2018-04-28,0,0.0,0,不分配,,,,,,,,,,,
000673,分红,2017-04-13,0,0.0,0,不分配,,,,,,,,,,,
000673,分红,2015-04-30,0,0.0,0,不分配,,,,,,,,,,,
000673,分红,2014-04-10,0,0.0,0,不分配,,,,,,,,,,,
000673,分红,2013-04-25,0,0.0,0,不分配,,,,,,,,,,,
000673,分红,2012-04-20,0,0.0,0,不分配,,,,,,,,,,,
000673,分红,2011-04-21,0,0.0,0,不分配,,,,,,,,,,,
000673,分红,2010-04-22,0,0.0,0,不分配,,,,,,,,,,,
000673,分红,2009-04-28,0,0.0,0,不分配,,,,,,,,,,,
000673,分红,2008-04-19,0,0.0,0,不分配,,,,,,,,,,,
000673,分红,2007-04-04,0,0.0,0,不分配,,,,,,,,,,,
000673,分红,2006-04-20,0,0.0,0,不分配,,,,,,,,,,,
000673,分红,2005-05-27,0,0.0,0,不分配,,,,,,,,,,,
000673,分红,1997-07-16,0,10.0,0,实施,1997-07-23,1997-07-22,1997-07-25,,,,,,,,
000673,分红,1999-10-11,5,2.0,0,实施,1999-10-15,1999-10-14,1999-10-19,,,,,,,,
000673,分红,2001-04-21,0,0.0,1,实施,2001-04-27,2001-04-26,,,,,,,,,
000673,分红,2007-02-13,0,6.8,0,实施,2007-02-15,2007-02-14,2007-02-15,,,,,,,,
000673,分红,2016-04-19,0,10.0,0,实施,2016-04-26,2016-04-25,2016-04-26,,,,,,,,
000687,分红,2022-04-28,0,0,0.0,不分配,,,,,,,,,,,
000687,分红,2021-04-30,0,0,0.0,不分配,,,,,,,,,,,
000687,分红,2020-06-15,0,0,0.0,不分配,,,,,,,,,,,
000687,分红,2019-04-26,0,0,0.0,不分配,,,,,,,,,,,
000687,分红,2018-04-27,0,0,0.0,不分配,,,,,,,,,,,
000687,分红,2017-04-11,0,0,0.0,不分配,,,,,,,,,,,
000687,分红,2016-04-30,0,0,0.0,不分配,,,,,,,,,,,
000687,分红,2015-04-14,0,0,0.0,不分配,,,,,,,,,,,
000687,分红,2014-03-29,0,0,0.0,不分配,,,,,,,,,,,
000687,分红,2013-04-26,0,0,0.0,不分配,,,,,,,,,,,
000687,分红,2012-03-16,0,0,0.0,不分配,,,,,,,,,,,
000687,分红,2011-02-26,0,0,0.0,不分配,,,,,,,,,,,
000687,分红,2010-03-27,0,0,0.0,不分配,,,,,,,,,,,
000687,分红,2009-04-21,0,0,0.0,不分配,,,,,,,,,,,
000687,分红,2007-04-19,0,0,0.0,不分配,,,,,,,,,,,
000687,分红,2006-04-28,0,0,0.0,不分配,,,,,,,,,,,
000687,分红,1998-10-31,0,0,3.8,实施,1998-11-06,1998-11-05,,,,,,,,,
000687,分红,2001-06-23,0,0,4.7,实施,2001-06-29,2001-06-28,,,,,,,,,
000687,分红,2002-07-02,0,0,0.4,实施,2002-07-10,2002-07-09,,,,,,,,,
000687,分红,2004-05-18,0,0,2.0,实施,2004-05-25,2004-05-24,,,,,,,,,
000687,分红,2005-04-19,0,0,1.5,实施,2005-04-25,2005-04-22,,,,,,,,,
000687,分红,2008-03-08,0,10,0.0,实施,2008-03-14,2008-03-13,2008-03-14,,,,,,,,
000687,配股,1999-12-18,,,,,,2000-01-06,,3,6.5,295000000,2000-01-07,,2000-01-21,2000-02-17,
000693,分红,2018-06-29,0,0,0.0,不分配,,,,,,,,,,,
000693,分红,2017-04-28,0,0,0.0,不分配,,,,,,,,,,,
000693,分红,2016-04-30,0,0,0.0,不分配,,,,,,,,,,,
000693,分红,2015-04-21,0,0,0.0,不分配,,,,,,,,,,,
000693,分红,2014-04-25,0,0,0.0,不分配,,,,,,,,,,,
000693,分红,2013-02-28,0,0,0.0,不分配,,,,,,,,,,,
000693,分红,2012-03-07,0,0,0.0,不分配,,,,,,,,,,,
000693,分红,2011-04-18,0,0,0.0,不分配,,,,,,,,,,,
000693,分红,2010-03-19,0,0,0.0,不分配,,,,,,,,,,,
000693,分红,2009-04-30,0,0,0.0,不分配,,,,,,,,,,,
000693,分红,2008-04-30,0,0,0.0,不分配,,,,,,,,,,,
000693,分红,2007-04-30,0,0,0.0,不分配,,,,,,,,,,,
000693,分红,2006-04-29,0,0,0.0,不分配,,,,,,,,,,,
000693,分红,2005-06-16,0,0,0.0,不分配,,,,,,,,,,,
000693,分红,1997-06-11,1,0,1.0,实施,1997-06-19,1997-06-18,,,,,,,,,
000693,分红,1998-08-10,0,0,1.2,实施,1998-08-14,1998-08-13,,,,,,,,,
000693,分红,2001-05-18,0,0,3.0,实施,2001-05-25,2001-05-24,,,,,,,,,
000693,分红,2003-05-21,5,0,1.25,实施,2003-05-28,2003-05-27,,,,,,,,,
000693,配股,2000-08-25,,,,,,2000-09-08,,3,18,119165000,2000-09-11,,2000-09-25,2000-10-23,
000732,分红,2023-04-29,0,0,0.0,不分配,,,,,,,,,,,
000732,分红,2022-04-30,0,0,0.0,不分配,,,,,,,,,,,
000732,分红,2021-04-30,0,0,0.0,不分配,,,,,,,,,,,
000732,分红,2020-06-13,0,0,0.0,不分配,,,,,,,,,,,
000732,分红,2014-04-18,0,0,0.0,不分配,,,,,,,,,,,
000732,分红,2013-03-01,0,0,0.0,不分配,,,,,,,,,,,
000732,分红,2012-03-29,0,0,0.0,不分配,,,,,,,,,,,
000732,分红,2011-04-29,0,0,0.0,不分配,,,,,,,,,,,
000732,分红,2010-03-30,0,0,0.0,不分配,,,,,,,,,,,
000732,分红,2009-07-28,0,3,0.0,实施,,2009-07-29,,,,,,,,,
000732,分红,2009-04-09,0,0,0.0,不分配,,,,,,,,,,,
000732,分红,2008-04-29,0,0,0.0,不分配,,,,,,,,,,,
000732,分红,2007-04-18,0,0,0.0,不分配,,,,,,,,,,,
000732,分红,2006-06-12,0,0,0.0,不分配,,,,,,,,,,,
000732,分红,2005-06-29,0,0,0.0,不分配,,,,,,,,,,,
000732,分红,1998-05-18,1,0,2.0,实施,1998-05-25,1998-05-22,,,,,,,,,
000732,分红,1999-10-22,0,0,3.0,实施,1999-10-28,1999-10-27,,,,,,,,,
000732,分红,2002-10-15,0,0,1.0,实施,2002-10-21,2002-10-18,,,,,,,,,
000732,分红,2003-05-29,0,3,0.0,实施,2003-06-04,2003-06-03,2003-06-04,,,,,,,,
000732,分红,2015-06-30,0,0,2.0,实施,2015-07-06,2015-07-03,,,,,,,,,
000732,分红,2016-05-31,0,0,1.0,实施,2016-06-06,2016-06-03,,,,,,,,,
000732,分红,2017-06-03,0,0,1.0,实施,2017-06-09,2017-06-08,,,,,,,,,
000732,分红,2018-07-07,0,0,2.2,实施,2018-07-13,2018-07-12,,,,,,,,,
000732,分红,2019-06-28,0,10,2.2,实施,2019-07-05,2019-07-04,,,,,,,,,
000732,配股,2000-03-01,,,,,,2000-03-15,,2.72727,5.8,132000000,2000-03-16,,2000-03-30,2000-04-18,
000748,分红,2007-03-22,0,0,0.0,不分配,,,,,,,,,,,
000748,分红,2006-03-30,0,0,0.0,不分配,,,,,,,,,,,
000748,分红,2005-05-12,0,0,0.0,不分配,,,,,,,,,,,
000748,分红,1998-06-18,0,0,1.0,实施,1998-06-25,1998-06-24,,,,,,,,,
000748,分红,1998-10-01,2,5,0.0,实施,1998-10-08,1998-10-07,1998-10-12,,,,,,,,
000748,分红,1999-05-06,0,0,1.0,实施,1999-05-12,1999-05-11,,,,,,,,,
000748,分红,1999-09-21,0,0,2.0,实施,1999-09-27,1999-09-24,,,,,,,,,
000748,分红,2001-05-16,0,0,1.0,实施,2001-05-23,2001-05-22,,,,,,,,,
000748,分红,2002-05-21,0,0,0.82,实施,2002-05-28,2002-05-27,,,,,,,,,
000748,分红,2003-07-18,0,0,1.0,实施,2003-07-25,2003-07-24,,,,,,,,,
000748,分红,2008-05-07,0,5,1.0,实施,2008-05-14,2008-05-13,,,,,,,,,
000748,分红,2009-05-06,0,0,0.5,实施,2009-05-14,2009-05-13,,,,,,,,,
000748,分红,2010-06-11,0,0,2.0,实施,2010-06-23,2010-06-22,,,,,,,,,
000748,分红,2011-06-08,0,0,0.5,实施,2011-06-14,2011-06-13,,,,,,,,,
000748,分红,2012-06-05,0,0,0.5,实施,2012-06-12,2012-06-11,,,,,,,,,
000748,分红,2013-05-11,0,0,0.5,实施,2013-05-17,2013-05-16,,,,,,,,,
000748,分红,2014-05-16,0,0,0.7,实施,2014-05-23,2014-05-22,,,,,,,,,
000748,分红,2015-05-08,0,10,0.7,实施,2015-05-15,2015-05-14,,,,,,,,,
000748,分红,2016-06-22,0,0,0.5,实施,2016-06-29,2016-06-28,,,,,,,,,
000748,配股,1999-09-18,,,,,,1999-10-08,,1.7647,11,212721000,1999-10-11,,1999-10-26,1999-11-17,
000760,分红,2021-07-07,0.0,0.0,0.0,不分配,,,,,,,,,,,
000760,分红,2020-06-23,0.0,0.0,0.0,不分配,,,,,,,,,,,
000760,分红,2019-04-30,0.0,0.0,0.0,不分配,,,,,,,,,,,
000760,分红,2018-04-26,0.0,0.0,0.0,不分配,,,,,,,,,,,
000760,分红,2017-04-28,0.0,0.0,0.0,不分配,,,,,,,,,,,
000760,分红,2016-03-18,0.0,0.0,0.0,不分配,,,,,,,,,,,
000760,分红,2014-04-01,0.0,0.0,0.0,不分配,,,,,,,,,,,
000760,分红,2013-04-20,0.0,0.0,0.0,不分配,,,,,,,,,,,
000760,分红,2012-04-26,0.0,0.0,0.0,不分配,,,,,,,,,,,
000760,分红,2011-04-28,0.0,0.0,0.0,不分配,,,,,,,,,,,
000760,分红,2010-04-24,0.0,0.0,0.0,不分配,,,,,,,,,,,
000760,分红,2009-04-17,0.0,0.0,0.0,不分配,,,,,,,,,,,
000760,分红,2006-03-29,0.0,0.0,0.0,不分配,,,,,,,,,,,
000760,分红,2005-05-14,0.0,0.0,0.0,不分配,,,,,,,,,,,
000760,分红,1997-09-15,6.5,1.5,0.0,实施,1997-09-19,1997-09-18,1997-09-23,,,,,,,,
000760,分红,1999-05-28,0.0,0.0,3.1,实施,1999-06-04,1999-06-03,,,,,,,,,
000760,分红,2001-05-15,0.0,0.0,1.0,实施,2001-05-23,2001-05-22,,,,,,,,,
000760,分红,2006-09-21,0.0,4.6,0.0,实施,2006-09-25,2006-09-22,2006-09-25,,,,,,,,
000760,分红,2007-07-27,3.0,0.0,0.3,实施,2007-08-03,2007-08-02,,,,,,,,,
000760,分红,2008-08-18,2.5,0.5,0.28,实施,2008-08-25,2008-08-22,,,,,,,,,
000760,分红,2015-06-12,0.0,4.0,0.0,实施,2015-06-18,2015-06-17,2015-06-18,,,,,,,,
000760,配股,1999-03-03,,,,,,1999-03-18,,3,12,96840000,1999-03-19,,1999-04-05,1999-05-21,
000780,分红,2021-04-29,0,0.0,0.0,不分配,,,,,,,,,,,
000780,分红,2020-04-30,0,0.0,0.0,不分配,,,,,,,,,,,
000780,分红,2017-04-21,0,0.0,0.0,不分配,,,,,,,,,,,
000780,分红,2016-04-22,0,0.0,0.0,不分配,,,,,,,,,,,
000780,分红,2009-02-28,0,0.0,0.0,不分配,,,,,,,,,,,
000780,分红,2008-04-10,0,0.0,0.0,不分配,,,,,,,,,,,
000780,分红,2007-02-10,0,0.0,0.0,不分配,,,,,,,,,,,
000780,分红,2006-02-27,0,0.0,0.0,不分配,,,,,,,,,,,
000780,分红,2005-05-18,0,0.0,0.0,不分配,,,,,,,,,,,
000780,分红,1997-11-03,0,8.0,0.0,实施,1997-11-07,1997-11-06,1997-11-11,,,,,,,,
000780,分红,2001-05-31,0,0.0,1.0,实施,2001-06-06,2001-06-05,,,,,,,,,
000780,分红,2002-06-04,0,0.0,1.0,实施,2002-06-11,2002-06-10,,,,,,,,,
000780,分红,2006-04-04,0,11.0216,0.0,实施,2006-04-06,2006-04-05,2006-04-06,,,,,,,,
000780,分红,2010-06-08,0,0.0,0.7,实施,2010-06-18,2010-06-17,,,,,,,,,
000780,分红,2011-05-05,0,0.0,1.0,实施,2011-05-12,2011-05-11,,,,,,,,,
000780,分红,2012-05-14,0,0.0,1.0,实施,2012-05-18,2012-05-17,,,,,,,,,
000780,分红,2013-05-30,0,0.0,0.5,实施,2013-06-06,2013-06-05,,,,,,,,,
000780,分红,2014-06-07,0,0.0,0.15,实施,2014-06-13,2014-06-12,,,,,,,,,
000780,分红,2015-06-25,0,0.0,0.1,实施,2015-07-01,2015-06-30,,,,,,,,,
000780,分红,2018-06-13,0,0.0,2.0,实施,2018-06-21,2018-06-20,,,,,,,,,
000780,分红,2019-07-04,0,0.0,2.0,实施,2019-07-12,2019-07-11,,,,,,,,,
000780,配股,1999-08-16,,,,,,1999-08-30,,3,8.0,252000000,1999-08-31,,1999-09-15,1999-10-12,
000780,配股,2002-12-20,,,,,,2002-12-26,,7,6.43,283272000,2002-12-27,,2003-01-10,2003-01-20,
000806,分红,2023-04-29,0.0,0.0,0.0,不分配,,,,,,,,,,,
000806,分红,2022-04-30,0.0,0.0,0.0,不分配,,,,,,,,,,,
000806,分红,2021-04-30,0.0,0.0,0.0,不分配,,,,,,,,,,,
000806,分红,2020-05-29,0.0,0.0,0.0,不分配,,,,,,,,,,,
000806,分红,2019-04-27,0.0,0.0,0.0,不分配,,,,,,,,,,,
000806,分红,2018-04-28,0.0,0.0,0.0,不分配,,,,,,,,,,,
000806,分红,2017-04-21,0.0,0.0,0.0,不分配,,,,,,,,,,,
000806,分红,2016-04-22,0.0,0.0,0.0,不分配,,,,,,,,,,,
000806,分红,2015-04-24,0.0,0.0,0.0,不分配,,,,,,,,,,,
000806,分红,2014-04-18,0.0,0.0,0.0,不分配,,,,,,,,,,,
000806,分红,2013-02-28,0.0,0.0,0.0,不分配,,,,,,,,,,,
000806,分红,2012-04-25,0.0,0.0,0.0,不分配,,,,,,,,,,,
000806,分红,2011-04-09,0.0,0.0,0.0,不分配,,,,,,,,,,,
000806,分红,2010-04-23,0.0,0.0,0.0,不分配,,,,,,,,,,,
000806,分红,2009-04-25,0.0,0.0,0.0,不分配,,,,,,,,,,,
000806,分红,2007-04-28,0.0,0.0,0.0,不分配,,,,,,,,,,,
000806,分红,1999-05-26,1.0,0.0,0.0,实施,1999-05-31,1999-05-28,1999-06-02,,,,,,,,
000806,分红,1999-09-01,2.0,6.0,0.5,实施,1999-09-07,1999-09-06,,,,,,,,,
000806,分红,2000-06-01,3.0,0.0,0.75,实施,2000-06-07,2000-06-06,,,,,,,,,
000806,分红,2001-05-10,0.0,0.0,1.0,实施,2001-05-15,2001-05-14,,,,,,,,,
000806,分红,2001-09-12,0.0,0.0,0.5,实施,2001-09-18,2001-09-17,,,,,,,,,
000806,分红,2002-05-17,1.6,0.0,0.4,实施,2002-05-23,2002-05-22,,,,,,,,,
000806,分红,2004-04-27,1.5,0.0,0.5,实施,2004-05-12,2004-05-11,,,,,,,,,
000806,分红,2005-06-22,0.0,2.0,0.0,实施,2005-06-28,2005-06-27,2005-06-28,,,,,,,,
000806,分红,2006-01-04,0.0,3.8,0.0,实施,2006-01-06,2006-01-05,2006-01-09,,,,,,,,
000806,分红,2006-07-05,0.1,0.9,0.0,实施,2006-07-11,2006-07-10,2006-07-11,,,,,,,,
000806,分红,2008-06-18,0.1,0.9,0.0,实施,2008-06-24,2008-06-23,2008-06-24,,,,,,,,
000835,分红,2022-03-25,0.0,0.0,0.0,不分配,,,,,,,,,,,
000835,分红,2021-12-02,0.0,10.0,0.0,预案,,,,,,,,,,,
000835,分红,2021-04-30,0.0,0.0,0.0,不分配,,,,,,,,,,,
000835,分红,2020-06-24,0.0,0.0,0.0,不分配,,,,,,,,,,,
000835,分红,2019-04-30,0.0,0.0,0.0,不分配,,,,,,,,,,,
000835,分红,2018-04-28,0.0,0.0,0.0,不分配,,,,,,,,,,,
000835,分红,2017-04-29,0.0,0.0,0.0,不分配,,,,,,,,,,,
000835,分红,2016-04-27,0.0,0.0,0.0,不分配,,,,,,,,,,,
000835,分红,2015-04-25,0.0,0.0,0.0,不分配,,,,,,,,,,,
000835,分红,2014-04-25,0.0,0.0,0.0,不分配,,,,,,,,,,,
000835,分红,2013-04-25,0.0,0.0,0.0,不分配,,,,,,,,,,,
000835,分红,2012-03-17,0.0,0.0,0.0,不分配,,,,,,,,,,,
000835,分红,2011-03-26,0.0,0.0,0.0,不分配,,,,,,,,,,,
000835,分红,2010-03-30,0.0,0.0,0.0,不分配,,,,,,,,,,,
000835,分红,2006-03-11,0.0,0.0,0.0,不分配,,,,,,,,,,,
000835,分红,2005-04-19,0.0,0.0,0.0,不分配,,,,,,,,,,,
000835,分红,2001-06-13,0.0,0.0,0.3,实施,2001-06-19,2001-06-18,,,,,,,,,
000835,分红,2002-05-16,0.0,0.0,1.4,实施,2002-05-22,2002-05-21,,,,,,,,,
000835,分红,2002-09-24,1.0,9.0,0.25,实施,2002-10-09,2002-10-08,,,,,,,,,
000835,分红,2007-04-25,4.5,0.5,0.5,实施,2007-05-08,2007-04-30,,,,,,,,,
000835,分红,2008-04-25,4.5,0.0,0.5,实施,2008-05-05,2008-04-30,,,,,,,,,
000835,分红,2009-04-29,3.0,0.0,0.4,实施,2009-05-06,2009-05-05,,,,,,,,,
000836,分红,2024-04-30,0,0,0.0,不分配,,,,,,,,,,,
000836,分红,2023-04-27,0,0,0.0,不分配,,,,,,,,,,,
000836,分红,2022-04-28,0,0,0.0,不分配,,,,,,,,,,,
000836,分红,2021-04-30,0,0,0.0,不分配,,,,,,,,,,,
000836,分红,2020-04-29,0,0,0.0,不分配,,,,,,,,,,,
000836,分红,2019-04-16,0,0,0.0,不分配,,,,,,,,,,,
000836,分红,2017-03-11,0,0,0.0,不分配,,,,,,,,,,,
000836,分红,2015-04-11,0,0,0.0,不分配,,,,,,,,,,,
000836,分红,2014-03-15,0,0,0.0,不分配,,,,,,,,,,,
000836,分红,2012-03-15,0,0,0.0,不分配,,,,,,,,,,,
000836,分红,2011-04-26,0,0,0.0,不分配,,,,,,,,,,,
000836,分红,2008-04-28,0,0,0.0,不分配,,,,,,,,,,,
000836,分红,2007-03-15,0,0,0.0,不分配,,,,,,,,,,,
000836,分红,2006-03-15,0,0,0.0,不分配,,,,,,,,,,,
000836,分红,2005-03-08,0,0,0.0,不分配,,,,,,,,,,,
000836,分红,1999-06-23,0,0,2.0,实施,1999-07-02,1999-07-01,,,,,,,,,
000836,分红,2002-06-12,0,0,2.0,实施,2002-06-19,2002-06-18,,,,,,,,,
000836,分红,2009-05-20,0,6,0.6,实施,2009-05-26,2009-05-25,,,,,,,,,
000836,分红,2010-05-19,0,3,0.0,实施,2010-05-27,2010-05-26,2010-05-27,,,,,,,,
000836,分红,2013-05-25,0,0,0.3,实施,2013-05-31,2013-05-30,,,,,,,,,
000836,分红,2016-02-19,0,20,0.0,实施,2016-02-25,2016-02-24,2016-02-25,,,,,,,,
000836,分红,2018-05-29,0,0,0.3,实施,2018-06-04,2018-06-01,,,,,,,,,
000836,配股,1999-07-13,,,,,,1999-07-27,,3,15,93754600,1999-07-28,,1999-08-12,1999-08-31,
000851,分红,2025-04-29,0,0,0.0,不分配,,,,,,,,,,,
000851,分红,2024-04-30,0,0,0.0,不分配,,,,,,,,,,,
000851,分红,2023-04-29,0,0,0.0,不分配,,,,,,,,,,,
000851,分红,2022-04-14,0,0,0.0,不分配,,,,,,,,,,,
000851,分红,2021-04-15,0,0,0.0,不分配,,,,,,,,,,,
000851,分红,2019-04-23,0,0,0.0,不分配,,,,,,,,,,,
000851,分红,2015-03-18,0,0,0.0,不分配,,,,,,,,,,,
000851,分红,2014-03-18,0,0,0.0,不分配,,,,,,,,,,,
000851,分红,2012-03-20,0,0,0.0,不分配,,,,,,,,,,,
000851,分红,2011-03-25,0,0,0.0,不分配,,,,,,,,,,,
000851,分红,2010-03-20,0,0,0.0,不分配,,,,,,,,,,,
000851,分红,2009-03-18,0,0,0.0,不分配,,,,,,,,,,,
000851,分红,2008-03-26,0,0,0.0,不分配,,,,,,,,,,,
000851,分红,2007-04-18,0,0,0.0,不分配,,,,,,,,,,,
000851,分红,2006-03-17,0,0,0.0,不分配,,,,,,,,,,,
000851,分红,2005-05-26,0,0,0.0,不分配,,,,,,,,,,,
000851,分红,2000-06-01,3,0,0.0,实施,2000-06-07,2000-06-06,2000-06-08,,,,,,,,
000851,分红,2013-05-31,0,0,0.6,实施,2013-06-07,2013-06-06,,,,,,,,,
000851,分红,2016-06-15,0,0,0.2,实施,2016-06-23,2016-06-22,,,,,,,,,
000851,分红,2017-06-06,0,0,0.2,实施,2017-06-13,2017-06-12,,,,,,,,,
000851,分红,2018-04-24,0,4,0.0,实施,2018-05-04,2018-05-03,2018-05-04,,,,,,,,
000851,分红,2020-07-10,0,0,0.2,实施,2020-07-16,2020-07-15,,,,,,,,,
000861,分红,2024-04-30,0,0,0.0,不分配,,,,,,,,,,,
000861,分红,2023-04-26,0,0,0.0,不分配,,,,,,,,,,,
000861,分红,2022-04-29,0,0,0.0,不分配,,,,,,,,,,,
000861,分红,2018-04-24,0,0,0.0,不分配,,,,,,,,,,,
000861,分红,2016-04-27,0,0,0.0,不分配,,,,,,,,,,,
000861,分红,2007-03-10,0,0,0.0,不分配,,,,,,,,,,,
000861,分红,2006-03-24,0,0,0.0,不分配,,,,,,,,,,,
000861,分红,2005-05-13,0,0,0.0,不分配,,,,,,,,,,,
000861,分红,1999-05-07,0,3,1.0,实施,1999-05-13,1999-05-12,,,,,,,,,
000861,分红,2000-06-21,0,0,1.0,实施,2000-06-27,2000-06-26,,,,,,,,,
000861,分红,2001-08-03,0,0,1.0,实施,2001-08-10,2001-08-09,,,,,,,,,
000861,分红,2002-06-11,0,5,0.0,实施,2002-06-17,2002-06-14,2002-06-17,,,,,,,,
000861,分红,2008-04-25,3,2,0.34,实施,2008-05-05,2008-04-30,,,,,,,,,
000861,分红,2009-04-29,0,2,0.42,实施,2009-05-06,2009-05-05,,,,,,,,,
000861,分红,2010-04-01,0,0,0.5,实施,2010-04-08,2010-04-07,,,,,,,,,
000861,分红,2011-06-24,0,0,0.3,实施,2011-07-01,2011-06-30,,,,,,,,,
000861,分红,2012-05-08,0,0,1.0,实施,2012-05-14,2012-05-11,,,,,,,,,
000861,分红,2013-05-28,0,0,1.1,实施,2013-06-03,2013-05-31,,,,,,,,,
000861,分红,2014-04-23,0,0,0.4,实施,2014-04-29,2014-04-28,,,,,,,,,
000861,分红,2014-09-19,0,10,0.0,实施,2014-09-24,2014-09-23,2014-09-24,,,,,,,,
000861,分红,2015-06-10,0,0,0.35,实施,2015-06-16,2015-06-15,,,,,,,,,
000861,分红,2015-08-22,8,1,2.0,实施,2015-08-28,2015-08-27,,,,,,,,,
000861,分红,2017-07-05,0,0,0.099999,实施,2017-07-11,2017-07-10,,,,,,,,,
000861,分红,2019-07-17,0,0,0.165881,实施,2019-07-23,2019-07-22,,,,,,,,,
000861,分红,2020-07-11,0,0,0.099658,实施,2020-07-17,2020-07-16,,,,,,,,,
000861,分红,2021-07-15,0,0,0.099999,实施,2021-07-21,2021-07-20,,,,,,,,,
000861,配股,2000-08-10,,,,,,2000-08-24,,3,11,65000000,2000-08-25,,2000-09-08,2000-10-10,
000916,分红,2000-06-30,0,0,0.8,实施,2000-07-06,2000-07-05,,,,,,,,,
000916,分红,2001-06-01,0,0,1.0,实施,2001-06-08,2001-06-07,,,,,,,,,
000916,分红,2002-06-26,0,0,1.0,实施,2002-07-02,2002-07-01,,,,,,,,,
000916,分红,2003-06-05,0,0,1.5,实施,2003-06-13,2003-06-12,,,,,,,,,
000916,分红,2004-06-03,0,0,1.0,实施,2004-06-11,2004-06-10,,,,,,,,,
000916,分红,2005-06-17,0,0,1.6,实施,2005-06-24,2005-06-23,,,,,,,,,
000916,分红,2006-04-15,0,0,1.26,实施,2006-04-18,2006-04-17,2006-04-19,,,,,,,,
000916,分红,2006-06-19,0,0,1.6,实施,2006-06-26,2006-06-23,,,,,,,,,
000916,分红,2007-05-25,0,0,1.6,实施,2007-06-01,2007-05-31,,,,,,,,,
000916,分红,2008-05-30,0,0,1.6,实施,2008-06-06,2008-06-05,,,,,,,,,
000916,分红,2009-05-20,0,0,1.4,实施,2009-05-27,2009-05-26,,,,,,,,,
000916,分红,2010-06-02,0,0,0.8,实施,2010-06-10,2010-06-09,,,,,,,,,
000916,分红,2011-07-06,0,0,0.8,实施,2011-07-14,2011-07-13,,,,,,,,,
000916,分红,2012-07-20,0,0,0.8,实施,2012-07-26,2012-07-25,,,,,,,,,
000916,分红,2013-06-21,0,0,0.8,实施,2013-06-28,2013-06-27,,,,,,,,,
000916,分红,2014-05-23,0,0,0.8,实施,2014-05-30,2014-05-29,,,,,,,,,
000916,分红,2015-05-20,0,0,0.8,实施,2015-05-26,2015-05-25,,,,,,,,,
000916,分红,2016-06-18,0,0,0.8,实施,2016-06-24,2016-06-23,,,,,,,,,
000916,分红,2017-05-17,0,0,1.6,实施,2017-05-24,2017-05-23,,,,,,,,,
000918,分红,2023-04-28,0.0,0,0.0,不分配,,,,,,,,,,,
000918,分红,2022-04-30,0.0,0,0.0,不分配,,,,,,,,,,,
000918,分红,2021-03-31,0.0,0,0.0,不分配,,,,,,,,,,,
000918,分红,2020-04-30,0.0,0,0.0,不分配,,,,,,,,,,,
000918,分红,2019-03-23,0.0,0,0.0,不分配,,,,,,,,,,,
000918,分红,2018-03-24,0.0,0,0.0,不分配,,,,,,,,,,,
000918,分红,2017-03-28,0.0,0,0.0,不分配,,,,,,,,,,,
000918,分红,2016-04-27,0.0,0,0.0,不分配,,,,,,,,,,,
000918,分红,2015-04-30,0.0,0,0.0,不分配,,,,,,,,,,,
000918,分红,2014-04-17,0.0,0,0.0,不分配,,,,,,,,,,,
000918,分红,2012-04-06,0.0,0,0.0,不分配,,,,,,,,,,,
000918,分红,2009-04-28,0.0,0,0.0,不分配,,,,,,,,,,,
000918,分红,2008-04-23,0.0,0,0.0,不分配,,,,,,,,,,,
000918,分红,2007-02-13,0.0,0,0.0,不分配,,,,,,,,,,,
000918,分红,2006-02-28,0.0,0,0.0,不分配,,,,,,,,,,,
000918,分红,2005-06-01,0.0,0,0.0,不分配,,,,,,,,,,,
000918,分红,2000-04-25,0.0,0,0.5,实施,2000-04-28,2000-04-27,,,,,,,,,
000918,分红,2001-05-15,0.0,0,0.5,实施,2001-05-22,2001-05-21,,,,,,,,,
000918,分红,2002-06-20,0.0,0,0.5,实施,2002-06-26,2002-06-25,,,,,,,,,
000918,分红,2004-04-28,0.0,6,0.0,实施,2004-05-12,2004-05-11,2004-05-12,,,,,,,,
000918,分红,2010-03-30,2.5,0,0.5,实施,2010-04-07,2010-04-06,,,,,,,,,
000918,分红,2011-05-24,0.0,0,0.55,实施,2011-05-30,2011-05-27,,,,,,,,,
000918,分红,2013-07-06,0.0,0,0.25,实施,2013-07-15,2013-07-12,,,,,,,,,
000939,分红,2020-09-30,0,0,0.0,不分配,,,,,,,,,,,
000939,分红,2019-04-29,0,0,0.0,不分配,,,,,,,,,,,
000939,分红,2018-06-29,0,0,0.0,不分配,,,,,,,,,,,
000939,分红,2016-04-27,0,0,0.0,不分配,,,,,,,,,,,
000939,分红,2014-04-26,0,0,0.0,不分配,,,,,,,,,,,
000939,分红,2013-04-26,0,0,0.0,不分配,,,,,,,,,,,
000939,分红,2009-02-28,0,0,0.0,不分配,,,,,,,,,,,
000939,分红,2000-04-11,0,4,0.0,实施,2000-04-19,2000-04-18,2000-04-20,,,,,,,,
000939,分红,2000-08-30,0,5,0.0,实施,2000-09-06,2000-09-05,2000-09-07,,,,,,,,
000939,分红,2001-06-12,0,0,1.0,实施,2001-06-20,2001-06-19,,,,,,,,,
000939,分红,2002-05-14,0,0,0.5,实施,2002-05-20,2002-05-17,,,,,,,,,
000939,分红,2003-10-16,0,0,1.0,实施,2003-10-23,2003-10-22,,,,,,,,,
000939,分红,2004-05-26,0,3,1.0,实施,2004-06-01,2004-05-31,,,,,,,,,
000939,分红,2005-05-20,0,0,1.0,实施,2005-05-26,2005-05-25,,,,,,,,,
000939,分红,2006-07-05,0,0,1.0,实施,2006-07-12,2006-07-11,,,,,,,,,
000939,分红,2007-05-10,0,0,1.0,实施,2007-05-16,2007-05-15,,,,,,,,,
000939,分红,2008-07-17,0,0,1.0,实施,2008-07-22,2008-07-21,,,,,,,,,
000939,分红,2010-02-25,0,6,0.0,实施,2010-03-03,2010-03-02,2010-03-03,,,,,,,,
000939,分红,2011-06-22,6,0,1.0,实施,2011-06-30,2011-06-29,,,,,,,,,
000939,分红,2012-08-20,0,0,1.0,实施,2012-08-28,2012-08-27,,,,,,,,,
000939,分红,2015-06-05,0,0,1.5,实施,2015-06-11,2015-06-10,,,,,,,,,
000939,分红,2017-06-14,0,10,0.0,实施,2017-06-20,2017-06-19,2017-06-20,,,,,,,,
000961,分红,2024-04-23,0,0,0.0,不分配,,,,,,,,,,,
000961,分红,2023-04-25,0,0,0.0,不分配,,,,,,,,,,,
000961,分红,2022-04-26,0,0,0.0,不分配,,,,,,,,,,,
000961,分红,2012-04-24,0,0,0.0,不分配,,,,,,,,,,,
000961,分红,2009-02-10,0,0,0.0,不分配,,,,,,,,,,,
000961,分红,2008-04-15,0,0,0.0,不分配,,,,,,,,,,,
000961,分红,2007-04-19,0,0,0.0,不分配,,,,,,,,,,,
000961,分红,2006-04-15,0,0,0.0,不分配,,,,,,,,,,,
000961,分红,2001-05-30,0,0,0.3,实施,2001-06-06,2001-06-05,,,,,,,,,
000961,分红,2002-05-30,0,0,0.3,实施,2002-06-06,2002-06-05,,,,,,,,,
000961,分红,2003-06-04,0,0,0.3,实施,2003-06-12,2003-06-11,,,,,,,,,
000961,分红,2004-06-04,0,0,0.2,实施,2004-06-14,2004-06-11,,,,,,,,,
000961,分红,2005-06-21,0,0,0.2,实施,2005-06-28,2005-06-27,,,,,,,,,
000961,分红,2010-05-18,0,5,0.0,实施,2010-05-25,2010-05-24,2010-05-25,,,,,,,,
000961,分红,2011-06-17,0,0,1.0,实施,2011-06-23,2011-06-22,,,,,,,,,
000961,分红,2013-07-03,0,0,1.0,实施,2013-07-09,2013-07-08,,,,,,,,,
000961,分红,2014-06-28,0,0,1.2,实施,2014-07-04,2014-07-03,,,,,,,,,
000961,分红,2015-06-24,0,0,1.0,实施,2015-07-01,2015-06-30,,,,,,,,,
000961,分红,2016-06-07,0,15,0.4,实施,2016-06-15,2016-06-14,,,,,,,,,
000961,分红,2017-06-30,0,0,0.15,实施,2017-07-07,2017-07-06,,,,,,,,,
000961,分红,2018-07-12,0,0,0.2,实施,2018-07-18,2018-07-17,,,,,,,,,
000961,分红,2019-07-05,0,0,1.2,实施,2019-07-11,2019-07-10,,,,,,,,,
000961,分红,2020-08-05,0,0,2.8,实施,2020-08-12,2020-08-11,,,,,,,,,
000961,分红,2021-07-10,0,0,5.56,实施,2021-07-16,2021-07-15,,,,,,,,,
000961,配股,2001-09-28,,,,,,2001-10-12,,3,7.5,270530000,2001-10-15,,2001-10-29,2001-11-15,
000971,分红,2024-04-27,0,0,0.0,不分配,,,,,,,,,,,
000971,分红,2023-04-28,0,0,0.0,不分配,,,,,,,,,,,
000971,分红,2022-04-27,0,0,0.0,不分配,,,,,,,,,,,
000971,分红,2021-04-29,0,0,0.0,不分配,,,,,,,,,,,
000971,分红,2020-04-29,0,0,0.0,不分配,,,,,,,,,,,
000971,分红,2019-04-27,0,0,0.0,不分配,,,,,,,,,,,
000971,分红,2017-02-25,0,0,0.0,不分配,,,,,,,,,,,
000971,分红,2016-02-02,0,0,0.0,不分配,,,,,,,,,,,
000971,分红,2015-04-03,0,0,0.0,不分配,,,,,,,,,,,
000971,分红,2014-03-29,0,0,0.0,不分配,,,,,,,,,,,
000971,分红,2013-03-16,0,0,0.0,不分配,,,,,,,,,,,
000971,分红,2012-04-21,0,0,0.0,不分配,,,,,,,,,,,
000971,分红,2011-04-09,0,0,0.0,不分配,,,,,,,,,,,
000971,分红,2010-04-17,0,0,0.0,不分配,,,,,,,,,,,
000971,分红,2009-03-21,0,0,0.0,不分配,,,,,,,,,,,
000971,分红,2008-04-11,0,0,0.0,不分配,,,,,,,,,,,
000971,分红,2007-04-30,0,0,0.0,不分配,,,,,,,,,,,
000971,分红,2005-05-11,0,0,0.0,不分配,,,,,,,,,,,
000971,分红,2001-08-22,0,0,1.875,实施,2001-08-28,2001-08-27,,,,,,,,,
000971,分红,2002-08-20,0,0,1.5,实施,2002-08-28,2002-08-27,,,,,,,,,
000971,分红,2003-08-20,0,0,1.25,实施,2003-08-26,2003-08-25,,,,,,,,,
000971,分红,2004-08-20,0,0,1.25,实施,2004-08-27,2004-08-26,,,,,,,,,
000971,分红,2006-07-07,0,3,0.0,实施,2006-07-13,2006-07-12,2006-07-13,,,,,,,,
000971,分红,2018-04-18,0,10,0.0,实施,2018-04-25,2018-04-24,2018-04-25,,,,,,,,
000976,分红,2023-04-29,0,0.0,0.0,不分配,,,,,,,,,,,
000976,分红,2022-04-30,0,0.0,0.0,不分配,,,,,,,,,,,
000976,分红,2020-04-30,0,0.0,0.0,不分配,,,,,,,,,,,
000976,分红,2019-04-26,0,0.0,0.0,不分配,,,,,,,,,,,
000976,分红,2018-04-25,0,0.0,0.0,不分配,,,,,,,,,,,
000976,分红,2017-04-26,0,0.0,0.0,不分配,,,,,,,,,,,
000976,分红,2016-02-03,0,0.0,0.0,不分配,,,,,,,,,,,
000976,分红,2015-03-10,0,0.0,0.0,不分配,,,,,,,,,,,
000976,分红,2014-04-29,0,0.0,0.0,不分配,,,,,,,,,,,
000976,分红,2013-03-16,0,0.0,0.0,不分配,,,,,,,,,,,
000976,分红,2012-04-24,0,0.0,0.0,不分配,,,,,,,,,,,
000976,分红,2011-01-31,0,0.0,0.0,不分配,,,,,,,,,,,
000976,分红,2010-04-26,0,0.0,0.0,不分配,,,,,,,,,,,
000976,分红,2009-04-23,0,0.0,0.0,不分配,,,,,,,,,,,
000976,分红,2008-03-25,0,0.0,0.0,不分配,,,,,,,,,,,
000976,分红,2007-03-19,0,0.0,0.0,不分配,,,,,,,,,,,
000976,分红,2006-04-01,0,0.0,0.0,不分配,,,,,,,,,,,
000976,分红,2005-04-19,0,0.0,0.0,不分配,,,,,,,,,,,
000976,分红,2000-07-06,2,6.0,0.15,实施,2000-07-13,2000-07-12,,,,,,,,,
000976,分红,2001-06-08,0,0.0,1.2,实施,2001-06-15,2001-06-14,,,,,,,,,
000976,分红,2002-05-15,0,0.0,0.3,实施,2002-05-22,2002-05-21,,,,,,,,,
000976,分红,2003-05-14,0,0.0,2.5,实施,2003-05-21,2003-05-20,,,,,,,,,
000976,分红,2004-06-30,0,0.0,1.0,实施,2004-07-08,2004-07-07,,,,,,,,,
000976,分红,2006-05-29,0,8.94436,0.0,实施,2006-05-31,2006-05-30,2006-05-31,,,,,,,,
000976,分红,2021-08-12,0,0.0,0.315,实施,2021-08-18,2021-08-17,,,,,,,,,
000979,分红,2018-04-28,0,0.0,0.0,不分配,,,,,,,,,,,
000979,分红,2014-04-16,0,0.0,0.0,不分配,,,,,,,,,,,
000979,分红,2010-01-15,0,0.0,0.0,不分配,,,,,,,,,,,
000979,分红,2009-02-13,0,0.0,0.0,不分配,,,,,,,,,,,
000979,分红,2008-02-19,0,0.0,0.0,不分配,,,,,,,,,,,
000979,分红,2007-04-05,0,0.0,0.0,不分配,,,,,,,,,,,
000979,分红,2006-04-13,0,0.0,0.0,不分配,,,,,,,,,,,
000979,分红,2005-06-18,0,0.0,0.0,不分配,,,,,,,,,,,
000979,分红,2001-05-09,0,0.0,1.4,实施,2001-05-15,2001-05-14,,,,,,,,,
000979,分红,2002-06-14,0,0.0,0.6,实施,2002-06-21,2002-06-20,,,,,,,,,
000979,分红,2006-07-29,0,7.5,0.0,实施,2006-08-02,2006-08-01,2006-08-02,,,,,,,,
000979,分红,2011-02-18,0,8.0,0.0,实施,2011-02-24,2011-02-23,2011-02-24,,,,,,,,
000979,分红,2012-03-15,0,0.0,1.0,实施,2012-03-22,2012-03-21,,,,,,,,,
000979,分红,2013-06-06,0,0.0,3.0,实施,2013-06-18,2013-06-17,,,,,,,,,
000979,分红,2013-08-21,9,0.0,2.25,实施,2013-08-28,2013-08-27,,,,,,,,,
000979,分红,2015-05-22,0,6.0,0.11,实施,2015-05-29,2015-05-28,,,,,,,,,
000979,分红,2016-07-04,0,0.0,0.1,实施,2016-07-11,2016-07-08,,,,,,,,,
000979,分红,2017-07-10,0,4.0,0.1,实施,2017-07-17,2017-07-14,,,,,,,,,
000982,分红,2024-04-12,0,0.0,0.0,不分配,,,,,,,,,,,
000982,分红,2023-04-14,0,0.0,0.0,不分配,,,,,,,,,,,
000982,分红,2022-04-01,0,0.0,0.0,不分配,,,,,,,,,,,
000982,分红,2021-03-26,0,0.0,0.0,不分配,,,,,,,,,,,
000982,分红,2020-04-29,0,0.0,0.0,不分配,,,,,,,,,,,
000982,分红,2019-12-19,0,13.61,0.0,实施,,2019-12-24,2019-12-25,,,,,,,,
000982,分红,2019-04-30,0,0.0,0.0,不分配,,,,,,,,,,,
000982,分红,2018-04-28,0,0.0,0.0,不分配,,,,,,,,,,,
000982,分红,2017-04-29,0,0.0,0.0,不分配,,,,,,,,,,,
000982,分红,2016-04-28,0,0.0,0.0,不分配,,,,,,,,,,,
000982,分红,2015-04-25,0,0.0,0.0,不分配,,,,,,,,,,,
000982,分红,2013-03-29,0,0.0,0.0,不分配,,,,,,,,,,,
000982,分红,2010-03-12,0,0.0,0.0,不分配,,,,,,,,,,,
000982,分红,2009-02-20,0,0.0,0.0,不分配,,,,,,,,,,,
000982,分红,2008-03-15,0,0.0,0.0,不分配,,,,,,,,,,,
000982,分红,2007-04-12,0,0.0,0.0,不分配,,,,,,,,,,,
000982,分红,2006-03-25,0,0.0,0.0,不分配,,,,,,,,,,,
000982,分红,2005-03-23,0,0.0,0.0,不分配,,,,,,,,,,,
000982,分红,2001-06-21,0,0.0,1.0,实施,2001-06-29,2001-06-28,,,,,,,,,
000982,分红,2002-06-14,0,0.0,1.5,实施,2002-06-21,2002-06-20,,,,,,,,,
000982,分红,2003-06-21,0,0.0,1.0,实施,2003-06-30,2003-06-27,,,,,,,,,
000982,分红,2004-07-06,0,10.0,0.5,实施,2004-07-13,2004-07-12,,,,,,,,,
000982,分红,2008-01-24,0,3.0,0.0,实施,2008-01-28,2008-01-25,2008-01-28,,,,,,,,
000982,分红,2010-09-21,0,5.0,0.0,实施,2010-09-30,2010-09-29,2010-09-30,,,,,,,,
000982,分红,2011-06-20,0,0.0,0.6,实施,2011-06-27,2011-06-24,,,,,,,,,
000982,分红,2011-09-15,0,10.0,0.0,实施,2011-09-21,2011-09-20,2011-09-21,,,,,,,,
000982,分红,2012-03-29,0,0.0,0.33,实施,2012-04-11,2012-04-10,,,,,,,,,
000982,分红,2014-08-05,3,5.0,1.0,实施,2014-08-13,2014-08-12,,,,,,,,,
000982,配股,2012-08-23,,,,,,2012-08-27,,3,3.89,556000000,2012-09-05,,2012-09-03,2012-09-11,
000996,分红,2024-04-30,0,0,0.0,不分配,,,,,,,,,,,
000996,分红,2023-04-29,0,0,0.0,不分配,,,,,,,,,,,
000996,分红,2022-04-30,0,0,0.0,不分配,,,,,,,,,,,
000996,分红,2021-04-30,0,0,0.0,不分配,,,,,,,,,,,
000996,分红,2020-04-30,0,0,0.0,不分配,,,,,,,,,,,
000996,分红,2019-04-30,0,0,0.0,不分配,,,,,,,,,,,
000996,分红,2018-04-28,0,0,0.0,不分配,,,,,,,,,,,
000996,分红,2016-04-29,0,0,0.0,不分配,,,,,,,,,,,
000996,分红,2015-04-29,0,0,0.0,不分配,,,,,,,,,,,
000996,分红,2014-04-26,0,0,0.0,不分配,,,,,,,,,,,
000996,分红,2012-04-25,0,0,0.0,不分配,,,,,,,,,,,
000996,分红,2011-04-26,0,0,0.0,不分配,,,,,,,,,,,
000996,分红,2010-03-20,0,0,0.0,不分配,,,,,,,,,,,
000996,分红,2009-02-18,0,0,0.0,不分配,,,,,,,,,,,
000996,分红,2007-04-12,0,0,0.0,不分配,,,,,,,,,,,
000996,分红,2006-03-28,0,0,0.0,不分配,,,,,,,,,,,
000996,分红,2005-07-01,0,0,0.0,不分配,,,,,,,,,,,
000996,分红,2001-06-20,0,0,1.0,实施,2001-06-26,2001-06-25,,,,,,,,,
000996,分红,2002-07-18,0,0,0.3,实施,2002-07-24,2002-07-23,,,,,,,,,
000996,分红,2008-04-15,0,10,0.0,实施,2008-04-21,2008-04-18,2008-04-21,,,,,,,,
000996,分红,2013-07-10,0,0,0.3,实施,2013-07-16,2013-07-15,,,,,,,,,
000996,分红,2017-07-03,0,5,0.3,实施,2017-07-07,2017-07-06,,,,,,,,,
002002,分红,2023-04-29,0.0,0.0,0.0,不分配,,,,,,,,,,,
002002,分红,2022-04-19,0.0,0.0,0.0,不分配,,,,,,,,,,,
002002,分红,2013-01-25,0.0,0.0,0.0,不分配,,,,,,,,,,,
002002,分红,2012-03-19,0.0,0.0,0.0,不分配,,,,,,,,,,,
002002,分红,2011-03-22,0.0,0.0,0.0,不分配,,,,,,,,,,,
002002,分红,2010-03-20,0.0,0.0,0.0,不分配,,,,,,,,,,,
002002,分红,2009-04-30,0.0,0.0,0.0,不分配,,,,,,,,,,,
002002,分红,2008-02-19,0.0,0.0,0.0,不分配,,,,,,,,,,,
002002,分红,2005-07-05,0.0,0.0,3.0,实施,2005-07-12,2005-07-11,,,,,,,,,
002002,分红,2006-05-25,0.0,0.0,2.0,实施,2006-05-31,2006-05-30,,,,,,,,,
002002,分红,2007-06-21,0.0,4.0,0.5,实施,2007-06-27,2007-06-26,,,,,,,,,
002002,分红,2008-08-30,0.0,3.0,0.0,实施,2008-09-05,2008-09-04,2008-09-05,,,,,,,,
002002,分红,2014-06-26,0.0,4.0,0.0,实施,2014-07-02,2014-07-01,2014-07-02,,,,,,,,
002002,分红,2015-06-16,0.0,0.0,2.04161,实施,2015-06-23,2015-06-19,,,,,,,,,
002002,分红,2016-07-13,5.06872,10.1374,2.02749,实施,2016-07-19,2016-07-18,,,,,,,,,
002002,分红,2017-05-23,0.0,0.0,1.0,实施,2017-06-01,2017-05-31,,,,,,,,,
002002,分红,2018-05-15,0.0,0.0,1.1,实施,2018-05-21,2018-05-18,,,,,,,,,
002002,分红,2019-05-31,0.0,0.0,0.6,实施,2019-06-06,2019-06-05,,,,,,,,,
002002,分红,2020-07-09,0.0,0.0,0.59999,实施,2020-07-16,2020-07-15,,,,,,,,,
002002,分红,2021-06-16,0.0,0.0,0.094591,实施,2021-06-22,2021-06-21,,,,,,,,,
002013,分红,2005-04-12,0,0,2.0,实施,2005-04-18,2005-04-15,,,,,,,,,
002013,分红,2006-04-03,2,0,0.5,实施,2006-04-07,2006-04-06,,,,,,,,,
002013,分红,2007-04-26,0,0,1.1,实施,2007-05-10,2007-05-09,,,,,,,,,
002013,分红,2008-04-21,0,5,0.0,实施,2008-04-28,2008-04-25,2008-04-28,,,,,,,,
002013,分红,2009-05-12,2,0,0.5,实施,2009-05-20,2009-05-19,,,,,,,,,
002013,分红,2010-04-23,0,3,0.3,实施,2010-04-29,2010-04-28,,,,,,,,,
002013,分红,2011-05-11,0,3,0.3,实施,2011-05-17,2011-05-16,,,,,,,,,
002013,分红,2012-03-29,0,3,0.2,实施,2012-04-10,2012-04-09,,,,,,,,,
002013,分红,2013-07-12,0,0,0.5,实施,2013-07-19,2013-07-18,,,,,,,,,
002013,分红,2014-07-01,0,0,0.6,实施,2014-07-09,2014-07-08,,,,,,,,,
002013,分红,2015-06-10,0,3,0.6,实施,2015-06-16,2015-06-15,,,,,,,,,
002013,分红,2016-06-07,0,5,0.5,实施,2016-06-16,2016-06-15,,,,,,,,,
002013,分红,2017-05-09,0,5,0.35,实施,2017-05-15,2017-05-12,,,,,,,,,
002013,分红,2018-04-20,0,5,0.25,实施,2018-04-26,2018-04-25,,,,,,,,,
002013,分红,2019-05-22,0,0,0.3,实施,2019-05-29,2019-05-28,,,,,,,,,
002013,分红,2020-08-12,0,0,0.6,实施,2020-08-19,2020-08-18,,,,,,,,,
002013,分红,2021-06-16,0,0,0.8,实施,2021-06-23,2021-06-22,,,,,,,,,
002013,分红,2022-06-01,0,0,1.0,实施,2022-06-09,2022-06-08,,,,,,,,,
002018,分红,2019-04-30,0.0,0.0,0.0,不分配,,,,,,,,,,,
002018,分红,2018-04-27,0.0,0.0,0.0,不分配,,,,,,,,,,,
002018,分红,2012-03-21,0.0,0.0,0.0,不分配,,,,,,,,,,,
002018,分红,2011-03-26,0.0,0.0,0.0,不分配,,,,,,,,,,,
002018,分红,2004-06-22,0.0,0.0,0.113219,实施,,2001-10-31,,,,,,,,,
002018,分红,2005-05-30,0.0,0.0,1.0,实施,2005-06-06,2005-06-03,,,,,,,,,
002018,分红,2006-05-13,0.0,2.0,1.0,实施,2006-05-18,2006-05-17,,,,,,,,,
002018,分红,2007-05-18,0.0,3.0,1.0,实施,2007-05-25,2007-05-24,,,,,,,,,
002018,分红,2008-04-15,0.0,3.0,1.0,实施,2008-04-22,2008-04-21,,,,,,,,,
002018,分红,2009-05-19,0.0,5.0,1.0,实施,2009-05-26,2009-05-25,,,,,,,,,
002018,分红,2010-05-20,0.0,2.0,0.2,实施,2010-05-28,2010-05-27,,,,,,,,,
002018,分红,2013-04-10,4.5,1.5,1.2,实施,2013-04-16,2013-04-15,,,,,,,,,
002018,分红,2014-04-15,0.0,0.0,0.1,实施,2014-04-22,2014-04-21,,,,,,,,,
002018,分红,2015-05-15,0.0,0.0,0.1,实施,2015-05-21,2015-05-20,,,,,,,,,
002018,分红,2016-04-01,0.0,9.0,0.3,实施,2016-04-11,2016-04-08,,,,,,,,,
002018,分红,2017-06-03,0.0,0.0,0.17,实施,2017-06-09,2017-06-08,,,,,,,,,
002070,分红,2019-04-30,0,0.0,0.0,不分配,,,,,,,,,,,
002070,分红,2018-04-28,0,0.0,0.0,不分配,,,,,,,,,,,
002070,分红,2017-04-24,0,0.0,0.0,不分配,,,,,,,,,,,
002070,分红,2016-04-26,0,0.0,0.0,不分配,,,,,,,,,,,
002070,分红,2015-04-30,0,0.0,0.0,不分配,,,,,,,,,,,
002070,分红,2014-04-23,0,0.0,0.0,不分配,,,,,,,,,,,
002070,分红,2010-02-27,0,0.0,0.0,不分配,,,,,,,,,,,
002070,分红,2007-05-19,0,2.0,2.5,实施,2007-05-25,2007-05-24,,,,,,,,,
002070,分红,2008-04-18,0,3.0,0.0,实施,2008-04-28,2008-04-25,2008-04-28,,,,,,,,
002070,分红,2009-04-23,0,3.5,0.0,实施,2009-04-29,2009-04-28,2009-04-29,,,,,,,,
002070,分红,2011-05-27,0,3.0,0.0,实施,2011-06-03,2011-06-02,2011-06-03,,,,,,,,
002070,分红,2012-05-19,0,3.0,0.2,实施,2012-05-25,2012-05-24,,,,,,,,,
002070,分红,2013-07-03,0,3.0,0.0,实施,2013-07-10,2013-07-09,2013-07-10,,,,,,,,
002071,分红,2021-04-29,0,0,0.0,不分配,,,,,,,,,,,
002071,分红,2020-06-19,0,0,0.0,不分配,,,,,,,,,,,
002071,分红,2019-04-29,0,0,0.0,不分配,,,,,,,,,,,
002071,分红,2018-04-27,0,0,0.0,不分配,,,,,,,,,,,
002071,分红,2016-04-26,0,0,0.0,不分配,,,,,,,,,,,
002071,分红,2015-04-28,0,0,0.0,不分配,,,,,,,,,,,
002071,分红,2014-01-21,0,0,0.0,不分配,,,,,,,,,,,
002071,分红,2013-04-23,0,0,0.0,不分配,,,,,,,,,,,
002071,分红,2009-03-26,0,0,0.0,不分配,,,,,,,,,,,
002071,分红,2007-07-04,0,0,0.5,实施,2007-07-11,2007-07-10,,,,,,,,,
002071,分红,2008-07-11,0,0,0.3,实施,2008-07-17,2008-07-16,,,,,,,,,
002071,分红,2010-07-02,0,5,0.0,实施,2010-07-09,2010-07-08,2010-07-09,,,,,,,,
002071,分红,2011-07-07,0,0,0.4,实施,2011-07-14,2011-07-13,,,,,,,,,
002071,分红,2012-07-04,0,0,0.3,实施,2012-07-10,2012-07-09,,,,,,,,,
002071,分红,2017-07-07,0,0,0.52,实施,2017-07-14,2017-07-13,,,,,,,,,
002087,分红,2024-04-30,0,0,0.0,不分配,,,,,,,,,,,
002087,分红,2023-04-29,0,0,0.0,不分配,,,,,,,,,,,
002087,分红,2013-03-19,0,0,0.0,不分配,,,,,,,,,,,
002087,分红,2010-02-09,0,0,0.0,不分配,,,,,,,,,,,
002087,分红,2008-02-16,0,0,0.0,不分配,,,,,,,,,,,
002087,分红,2007-04-17,0,0,0.0,不分配,,,,,,,,,,,
002087,分红,2009-05-20,0,2,0.0,实施,2009-05-27,2009-05-26,2009-05-27,,,,,,,,
002087,分红,2010-08-27,0,4,0.0,实施,2010-09-03,2010-09-02,2010-09-03,,,,,,,,
002087,分红,2011-08-18,0,0,0.4,实施,2011-08-25,2011-08-24,,,,,,,,,
002087,分红,2012-06-01,0,0,0.4,实施,2012-06-08,2012-06-07,,,,,,,,,
002087,分红,2014-07-02,0,0,0.3,实施,2014-07-08,2014-07-07,,,,,,,,,
002087,分红,2015-06-27,0,0,0.3,实施,2015-07-06,2015-07-03,,,,,,,,,
002087,分红,2016-05-13,0,0,0.3,实施,2016-05-20,2016-05-19,,,,,,,,,
002087,分红,2016-09-22,0,3,0.0,实施,2016-09-29,2016-09-28,2016-09-29,,,,,,,,
002087,分红,2017-07-08,0,0,0.2,实施,2017-07-14,2017-07-13,,,,,,,,,
002087,分红,2018-07-04,0,0,0.4,实施,2018-07-10,2018-07-09,,,,,,,,,
002087,分红,2019-06-21,0,0,0.5,实施,2019-06-28,2019-06-27,,,,,,,,,
002087,分红,2020-07-09,0,0,0.3,实施,2020-07-15,2020-07-14,,,,,,,,,
002087,分红,2021-08-19,0,0,0.23,实施,2021-08-26,2021-08-25,,,,,,,,,
002087,分红,2022-08-20,0,0,0.08,实施,2022-08-26,2022-08-25,,,,,,,,,
002089,分红,2023-04-25,0,0,0.0,不分配,,,,,,,,,,,
002089,分红,2022-04-29,0,0,0.0,不分配,,,,,,,,,,,
002089,分红,2021-04-28,0,0,0.0,不分配,,,,,,,,,,,
002089,分红,2020-06-09,0,0,0.0,不分配,,,,,,,,,,,
002089,分红,2019-04-30,0,0,0.0,不分配,,,,,,,,,,,
002089,分红,2018-04-25,0,0,0.0,不分配,,,,,,,,,,,
002089,分红,2007-05-12,0,2,0.0,实施,2007-05-18,2007-05-17,2007-05-18,,,,,,,,
002089,分红,2008-04-19,0,8,0.0,实施,2008-04-25,2008-04-24,2008-04-25,,,,,,,,
002089,分红,2009-04-23,2,2,0.6,实施,2009-04-29,2009-04-28,,,,,,,,,
002089,分红,2010-04-15,0,0,1.0,实施,2010-04-22,2010-04-21,,,,,,,,,
002089,分红,2011-05-05,0,5,1.5,实施,2011-05-12,2011-05-11,,,,,,,,,
002089,分红,2012-05-18,0,2,1.0,实施,2012-05-25,2012-05-24,,,,,,,,,
002089,分红,2013-05-07,0,0,0.5,实施,2013-05-14,2013-05-13,,,,,,,,,
002089,分红,2014-04-15,0,0,0.5,实施,2014-04-22,2014-04-21,,,,,,,,,
002089,分红,2015-05-06,0,2,0.3,实施,2015-05-13,2015-05-12,,,,,,,,,
002089,分红,2016-07-06,0,0,0.25,实施,2016-07-12,2016-07-11,,,,,,,,,
002089,分红,2017-05-26,5,5,0.6,实施,2017-06-05,2017-06-02,,,,,,,,,
002089,配股,2014-06-09,,,,,,2014-06-12,,3,3.61,442567000,2014-06-23,,2014-06-19,2014-07-01,
002113,分红,2023-04-29,0,0,0.0,不分配,,,,,,,,,,,
002113,分红,2022-04-29,0,0,0.0,不分配,,,,,,,,,,,
002113,分红,2021-04-30,0,0,0.0,不分配,,,,,,,,,,,
002113,分红,2020-04-28,0,0,0.0,不分配,,,,,,,,,,,
002113,分红,2019-04-26,0,0,0.0,不分配,,,,,,,,,,,
002113,分红,2017-03-14,0,0,0.0,不分配,,,,,,,,,,,
002113,分红,2016-03-26,0,0,0.0,不分配,,,,,,,,,,,
002113,分红,2015-03-20,0,0,0.0,不分配,,,,,,,,,,,
002113,分红,2014-03-22,0,0,0.0,不分配,,,,,,,,,,,
002113,分红,2013-03-09,0,0,0.0,不分配,,,,,,,,,,,
002113,分红,2012-04-25,0,0,0.0,不分配,,,,,,,,,,,
002113,分红,2011-04-27,0,0,0.0,不分配,,,,,,,,,,,
002113,分红,2010-04-28,0,0,0.0,不分配,,,,,,,,,,,
002113,分红,2009-04-23,0,0,0.0,不分配,,,,,,,,,,,
002113,分红,2007-03-27,0,0,0.0,不分配,,,,,,,,,,,
002113,分红,2008-08-02,0,6,0.1,实施,2008-08-11,2008-08-08,,,,,,,,,
002113,分红,2016-08-26,0,30,0.0,实施,2016-09-01,2016-08-31,2016-09-01,,,,,,,,
002113,分红,2018-05-10,0,7,0.0,实施,2018-05-17,2018-05-16,2018-05-17,,,,,,,,
002118,分红,2023-04-29,0,0,0.0,不分配,,,,,,,,,,,
002118,分红,2022-06-30,0,0,0.0,不分配,,,,,,,,,,,
002118,分红,2021-04-30,0,0,0.0,不分配,,,,,,,,,,,
002118,分红,2020-04-30,0,0,0.0,不分配,,,,,,,,,,,
002118,分红,2019-04-30,0,0,0.0,不分配,,,,,,,,,,,
002118,分红,2018-04-03,0,0,0.0,不分配,,,,,,,,,,,
002118,分红,2017-04-28,0,0,0.0,不分配,,,,,,,,,,,
002118,分红,2016-04-30,0,0,0.0,不分配,,,,,,,,,,,
002118,分红,2014-02-25,0,0,0.0,不分配,,,,,,,,,,,
002118,分红,2013-04-26,0,0,0.0,不分配,,,,,,,,,,,
002118,分红,2012-04-26,0,0,0.0,不分配,,,,,,,,,,,
002118,分红,2007-05-11,0,0,2.0,实施,2007-05-18,2007-05-17,,,,,,,,,
002118,分红,2008-03-11,3,5,0.33,实施,2008-03-18,2008-03-17,,,,,,,,,
002118,分红,2009-05-26,0,0,0.5,实施,2009-06-05,2009-06-04,,,,,,,,,
002118,分红,2010-03-12,2,5,0.23,实施,2010-03-19,2010-03-18,,,,,,,,,
002118,分红,2011-05-17,0,10,0.0,实施,2011-05-23,2011-05-20,2011-05-23,,,,,,,,
002118,分红,2015-03-14,0,0,0.38,实施,2015-03-23,2015-03-20,,,,,,,,,
002118,分红,2016-10-14,0,10,0.0,实施,2016-10-21,2016-10-20,2016-10-21,,,,,,,,
002143,分红,2019-04-18,0,0,0.0,不分配,,,,,,,,,,,
002143,分红,2018-08-28,0,0,0.0,不分配,,,,,,,,,,,
002143,分红,2014-03-13,0,0,0.0,不分配,,,,,,,,,,,
002143,分红,2013-04-24,0,0,0.0,不分配,,,,,,,,,,,
002143,分红,2011-04-26,0,0,0.0,不分配,,,,,,,,,,,
002143,分红,2010-04-27,0,0,0.0,不分配,,,,,,,,,,,
002143,分红,2009-04-21,0,0,0.0,不分配,,,,,,,,,,,
002143,分红,2008-05-21,0,5,1.0,实施,2008-05-29,2008-05-28,,,,,,,,,
002143,分红,2012-06-12,0,3,1.0,实施,2012-06-18,2012-06-15,,,,,,,,,
002143,分红,2015-06-18,0,0,0.5,实施,2015-06-26,2015-06-25,,,,,,,,,
002143,分红,2016-07-21,0,0,0.7,实施,2016-07-27,2016-07-26,,,,,,,,,
002143,分红,2017-07-12,0,6,0.9,实施,2017-07-19,2017-07-18,,,,,,,,,
002147,分红,2022-04-30,0,0,0.0,不分配,,,,,,,,,,,
002147,分红,2021-04-30,0,0,0.0,不分配,,,,,,,,,,,
002147,分红,2020-04-28,0,0,0.0,不分配,,,,,,,,,,,
002147,分红,2019-04-27,0,0,0.0,不分配,,,,,,,,,,,
002147,分红,2018-04-26,0,0,0.0,不分配,,,,,,,,,,,
002147,分红,2017-04-25,0,0,0.0,不分配,,,,,,,,,,,
002147,分红,2016-04-22,0,0,0.0,不分配,,,,,,,,,,,
002147,分红,2015-04-18,0,0,0.0,不分配,,,,,,,,,,,
002147,分红,2014-02-25,0,0,0.0,不分配,,,,,,,,,,,
002147,分红,2008-04-24,0,10,2.7,实施,2008-04-30,2008-04-29,,,,,,,,,
002147,分红,2009-04-30,0,2,2.0,实施,2009-05-08,2009-05-07,,,,,,,,,
002147,分红,2010-04-16,0,0,0.5,实施,2010-04-26,2010-04-23,,,,,,,,,
002147,分红,2011-04-20,0,0,1.5,实施,2011-04-28,2011-04-27,,,,,,,,,
002147,分红,2012-05-05,0,0,1.5,实施,2012-05-11,2012-05-10,,,,,,,,,
002147,分红,2013-04-01,0,0,1.0,实施,2013-04-11,2013-04-10,,,,,,,,,
002147,分红,2017-09-12,0,3,5.0,实施,2017-09-18,2017-09-15,,,,,,,,,
002220,分红,2020-05-30,0,0,0.0,不分配,,,,,,,,,,,
002220,分红,2019-04-27,0,0,0.0,不分配,,,,,,,,,,,
002220,分红,2014-03-28,0,0,0.0,不分配,,,,,,,,,,,
002220,分红,2013-03-28,0,0,0.0,不分配,,,,,,,,,,,
002220,分红,2011-02-19,0,0,0.0,不分配,,,,,,,,,,,
002220,分红,2008-03-28,0,0,0.0,不分配,,,,,,,,,,,
002220,分红,2008-10-24,0,4,0.5,实施,2008-10-30,2008-10-29,,,,,,,,,
002220,分红,2009-06-05,0,0,2.2,实施,2009-06-12,2009-06-11,,,,,,,,,
002220,分红,2010-06-04,0,10,1.0,实施,2010-06-11,2010-06-10,,,,,,,,,
002220,分红,2012-06-05,0,10,1.5,实施,2012-06-11,2012-06-08,,,,,,,,,
002220,分红,2012-10-15,0,0,1.0,实施,2012-10-19,2012-10-18,,,,,,,,,
002220,分红,2015-04-28,0,0,0.4,实施,2015-05-05,2015-05-04,,,,,,,,,
002220,分红,2016-06-08,0,0,0.5,实施,2016-06-17,2016-06-16,,,,,,,,,
002220,分红,2017-04-17,0,0,0.5,实施,2017-04-24,2017-04-21,,,,,,,,,
002220,分红,2018-05-23,0,4,0.25,实施,2018-05-29,2018-05-28,,,,,,,,,
002231,分红,2025-04-29,0,0,0.0,不分配,,,,,,,,,,,
002231,分红,2024-04-26,0,0,0.0,不分配,,,,,,,,,,,
002231,分红,2023-04-28,0,0,0.0,不分配,,,,,,,,,,,
002231,分红,2022-03-18,0,0,0.0,不分配,,,,,,,,,,,
002231,分红,2021-03-18,0,0,0.0,不分配,,,,,,,,,,,
002231,分红,2020-03-31,0,0,0.0,不分配,,,,,,,,,,,
002231,分红,2019-04-18,0,0,0.0,不分配,,,,,,,,,,,
002231,分红,2017-03-18,0,0,0.0,不分配,,,,,,,,,,,
002231,分红,2016-02-06,0,0,0.0,不分配,,,,,,,,,,,
002231,分红,2014-03-29,0,0,0.0,不分配,,,,,,,,,,,
002231,分红,2013-04-19,0,0,0.0,不分配,,,,,,,,,,,
002231,分红,2009-05-12,0,0,1.0,实施,2009-05-18,2009-05-15,,,,,,,,,
002231,分红,2010-05-05,0,5,1.0,实施,2010-05-12,2010-05-11,,,,,,,,,
002231,分红,2011-04-26,0,0,1.0,实施,2011-05-03,2011-04-29,,,,,,,,,
002231,分红,2012-03-29,0,10,1.5,实施,2012-04-09,2012-04-06,,,,,,,,,
002231,分红,2015-06-06,0,0,0.1,实施,2015-06-15,2015-06-12,,,,,,,,,
002231,分红,2018-06-30,0,0,0.1,实施,2018-07-09,2018-07-06,,,,,,,,,
002260,分红,2022-04-30,0,0,0.0,不分配,,,,,,,,,,,
002260,分红,2021-04-28,0,0,0.0,不分配,,,,,,,,,,,
002260,分红,2020-09-19,0,11,0.0,实施,,2020-09-24,,,,,,,,,
002260,分红,2020-06-30,0,0,0.0,不分配,,,,,,,,,,,
002260,分红,2019-04-27,0,0,0.0,不分配,,,,,,,,,,,
002260,分红,2018-04-27,0,0,0.0,不分配,,,,,,,,,,,
002260,分红,2017-04-28,0,0,0.0,不分配,,,,,,,,,,,
002260,分红,2016-03-05,0,0,0.0,不分配,,,,,,,,,,,
002260,分红,2011-04-13,0,0,0.0,不分配,,,,,,,,,,,
002260,分红,2010-04-16,0,0,0.0,不分配,,,,,,,,,,,
002260,分红,2009-05-21,0,3,1.0,实施,2009-06-01,2009-05-27,,,,,,,,,
002260,分红,2012-05-04,0,0,1.0,实施,2012-05-11,2012-05-10,,,,,,,,,
002260,分红,2013-05-03,0,0,1.0,实施,2013-05-10,2013-05-09,,,,,,,,,
002260,分红,2014-05-22,0,0,1.0,实施,2014-05-28,2014-05-27,,,,,,,,,
002260,分红,2015-03-20,0,7,0.2,实施,2015-03-26,2015-03-25,,,,,,,,,
002280,分红,2024-04-30,0,0,0.0,不分配,,,,,,,,,,,
002280,分红,2023-04-26,0,0,0.0,不分配,,,,,,,,,,,
002280,分红,2022-04-29,0,0,0.0,不分配,,,,,,,,,,,
002280,分红,2021-04-27,0,0,0.0,不分配,,,,,,,,,,,
002280,分红,2020-06-24,0,0,0.0,不分配,,,,,,,,,,,
002280,分红,2019-04-25,0,0,0.0,不分配,,,,,,,,,,,
002280,分红,2018-04-25,0,0,0.0,不分配,,,,,,,,,,,
002280,分红,2010-04-23,0,10,4.0,实施,2010-04-30,2010-04-29,,,,,,,,,
002280,分红,2011-04-22,0,0,2.0,实施,2011-04-29,2011-04-28,,,,,,,,,
002280,分红,2012-04-10,0,0,1.2,实施,2012-04-17,2012-04-16,,,,,,,,,
002280,分红,2013-05-23,0,0,1.2,实施,2013-05-30,2013-05-29,,,,,,,,,
002280,分红,2014-03-04,0,0,4.0,实施,2014-03-11,2014-03-10,,,,,,,,,
002280,分红,2015-03-31,0,15,2.0,实施,2015-04-07,2015-04-03,,,,,,,,,
002280,分红,2016-03-22,0,15,1.5,实施,2016-03-28,2016-03-25,,,,,,,,,
002280,分红,2017-07-06,0,0,0.45,实施,2017-07-13,2017-07-12,,,,,,,,,
002288,分红,2024-04-30,0,0,0.0,不分配,,,,,,,,,,,
002288,分红,2023-04-28,0,0,0.0,不分配,,,,,,,,,,,
002288,分红,2022-03-31,0,0,0.0,不分配,,,,,,,,,,,
002288,分红,2021-02-27,0,0,0.0,不分配,,,,,,,,,,,
002288,分红,2020-04-30,0,0,0.0,不分配,,,,,,,,,,,
002288,分红,2019-04-09,0,0,0.0,不分配,,,,,,,,,,,
002288,分红,2018-04-26,0,0,0.0,不分配,,,,,,,,,,,
002288,分红,2017-04-26,0,0,0.0,不分配,,,,,,,,,,,
002288,分红,2010-05-27,0,6,0.0,实施,2010-06-03,2010-06-02,2010-06-03,,,,,,,,
002288,分红,2011-06-16,0,2,1.0,实施,2011-06-22,2011-06-21,,,,,,,,,
002288,分红,2012-03-15,0,6,0.2,实施,2012-03-22,2012-03-21,,,,,,,,,
002288,分红,2013-04-19,0,2,0.2,实施,2013-04-25,2013-04-24,,,,,,,,,
002288,分红,2014-05-08,0,0,0.2,实施,2014-05-15,2014-05-14,,,,,,,,,
002288,分红,2015-05-26,0,10,0.1,实施,2015-06-01,2015-05-29,,,,,,,,,
002288,分红,2016-06-20,0,0,0.03,实施,2016-06-27,2016-06-24,,,,,,,,,
002308,分红,2023-04-26,0,0,0.0,不分配,,,,,,,,,,,
002308,分红,2022-04-28,0,0,0.0,不分配,,,,,,,,,,,
002308,分红,2021-04-22,0,0,0.0,不分配,,,,,,,,,,,
002308,分红,2020-04-18,0,0,0.0,不分配,,,,,,,,,,,
002308,分红,2019-04-18,0,0,0.0,不分配,,,,,,,,,,,
002308,分红,2017-04-15,0,0,0.0,不分配,,,,,,,,,,,
002308,分红,2010-04-28,0,10,3.0,实施,2010-05-07,2010-05-06,,,,,,,,,
002308,分红,2011-05-28,0,5,2.0,实施,2011-06-03,2011-06-02,,,,,,,,,
002308,分红,2012-06-05,0,0,2.5,实施,2012-06-13,2012-06-12,,,,,,,,,
002308,分红,2013-05-22,0,3,3.5,实施,2013-05-29,2013-05-28,,,,,,,,,
002308,分红,2014-07-04,0,0,2.0,实施,2014-07-10,2014-07-09,,,,,,,,,
002308,分红,2015-07-10,0,0,0.35,实施,2015-07-17,2015-07-16,,,,,,,,,
002308,分红,2016-06-14,0,0,0.15,实施,2016-06-21,2016-06-20,,,,,,,,,
002308,分红,2018-06-30,0,0,0.43,实施,2018-07-06,2018-07-05,,,,,,,,,
002325,分红,2024-04-30,0,0.0,0.0,不分配,,,,,,,,,,,
002325,分红,2023-04-29,0,0.0,0.0,不分配,,,,,,,,,,,
002325,分红,2022-04-30,0,0.0,0.0,不分配,,,,,,,,,,,
002325,分红,2021-04-29,0,0.0,0.0,不分配,,,,,,,,,,,
002325,分红,2010-05-27,0,2.5,1.0,实施,2010-06-03,2010-06-02,,,,,,,,,
002325,分红,2011-06-10,0,5.0,1.5,实施,2011-06-16,2011-06-15,,,,,,,,,
002325,分红,2012-05-12,0,10.0,1.5,实施,2012-05-18,2012-05-17,,,,,,,,,
002325,分红,2013-05-17,0,5.0,0.6,实施,2013-05-23,2013-05-22,,,,,,,,,
002325,分红,2014-05-20,0,0.0,0.5,实施,2014-05-26,2014-05-23,,,,,,,,,
002325,分红,2015-08-15,0,2.5,0.5,实施,2015-08-24,2015-08-21,,,,,,,,,
002325,分红,2016-05-26,0,2.0,0.38,实施,2016-06-01,2016-05-31,,,,,,,,,
002325,分红,2017-07-15,0,0.0,0.2,实施,2017-07-21,2017-07-20,,,,,,,,,
002325,分红,2018-07-06,0,0.0,0.2,实施,2018-07-13,2018-07-12,,,,,,,,,
002325,分红,2019-07-19,0,0.0,0.1,实施,2019-07-26,2019-07-25,,,,,,,,,
002325,分红,2020-07-15,0,0.0,0.2,实施,2020-07-21,2020-07-20,,,,,,,,,
002336,分红,2025-04-30,0,0,0,不分配,,,,,,,,,,,
002336,分红,2024-04-19,0,0,0,不分配,,,,,,,,,,,
002336,分红,2023-04-15,0,0,0,不分配,,,,,,,,,,,
002336,分红,2022-04-15,0,0,0,不分配,,,,,,,,,,,
002336,分红,2021-04-29,0,0,0,不分配,,,,,,,,,,,
002336,分红,2020-04-22,0,0,0,不分配,,,,,,,,,,,
002336,分红,2018-04-23,0,0,0,不分配,,,,,,,,,,,
002336,分红,2017-03-31,0,0,0,不分配,,,,,,,,,,,
002336,分红,2016-04-19,0,0,0,不分配,,,,,,,,,,,
002336,分红,2015-04-28,0,0,0,不分配,,,,,,,,,,,
002336,分红,2014-04-18,0,0,0,不分配,,,,,,,,,,,
002336,分红,2013-04-10,0,0,0,不分配,,,,,,,,,,,
002336,分红,2010-05-27,0,0,5,实施,2010-06-04,2010-06-03,,,,,,,,,
002336,分红,2011-05-09,0,0,5,实施,2011-05-13,2011-05-12,,,,,,,,,
002336,分红,2012-04-11,0,0,5,实施,2012-04-18,2012-04-17,,,,,,,,,
002336,分红,2019-05-22,0,1,0,实施,2019-05-29,2019-05-28,2019-05-29,,,,,,,,
002341,分红,2024-04-30,0,0,0.0,不分配,,,,,,,,,,,
002341,分红,2023-04-29,0,0,0.0,不分配,,,,,,,,,,,
002341,分红,2022-04-28,0,0,0.0,不分配,,,,,,,,,,,
002341,分红,2021-04-28,0,0,0.0,不分配,,,,,,,,,,,
002341,分红,2020-04-30,0,0,0.0,不分配,,,,,,,,,,,
002341,分红,2016-03-08,0,0,0.0,不分配,,,,,,,,,,,
002341,分红,2010-05-28,0,0,2.0,实施,2010-06-04,2010-06-03,,,,,,,,,
002341,分红,2011-05-13,0,10,3.0,实施,2011-05-19,2011-05-18,,,,,,,,,
002341,分红,2012-05-16,0,10,1.5,实施,2012-05-23,2012-05-22,,,,,,,,,
002341,分红,2013-05-08,0,0,1.0,实施,2013-05-15,2013-05-14,,,,,,,,,
002341,分红,2014-06-25,0,0,0.5,实施,2014-07-02,2014-07-01,,,,,,,,,
002341,分红,2015-05-07,0,0,0.12,实施,2015-05-14,2015-05-13,,,,,,,,,
002341,分红,2017-05-26,0,0,0.11,实施,2017-06-06,2017-06-05,,,,,,,,,
002341,分红,2018-03-29,0,10,0.35,实施,2018-04-04,2018-04-03,,,,,,,,,
002341,分红,2019-07-04,0,0,0.269953,实施,2019-07-12,2019-07-11,,,,,,,,,
002359,分红,2021-06-26,0,0,0.0,不分配,,,,,,,,,,,
002359,分红,2020-06-24,0,0,0.0,不分配,,,,,,,,,,,
002359,分红,2019-04-30,0,0,0.0,不分配,,,,,,,,,,,
002359,分红,2018-04-10,0,0,0.0,不分配,,,,,,,,,,,
002359,分红,2017-02-17,0,0,0.0,不分配,,,,,,,,,,,
002359,分红,2016-01-25,0,0,0.0,不分配,,,,,,,,,,,
002359,分红,2015-02-17,0,0,0.0,不分配,,,,,,,,,,,
002359,分红,2014-03-28,0,0,0.0,不分配,,,,,,,,,,,
002359,分红,2013-01-31,0,0,0.0,不分配,,,,,,,,,,,
002359,分红,2012-02-11,0,0,0.0,不分配,,,,,,,,,,,
002359,分红,2010-03-11,0,0,0.0,不分配,,,,,,,,,,,
002359,分红,2011-05-06,0,5,1.5,实施,2011-05-13,2011-05-12,,,,,,,,,
002359,分红,2013-09-12,0,10,1.0,实施,2013-09-18,2013-09-17,,,,,,,,,
002359,分红,2017-09-12,0,7,0.0,实施,2017-09-18,2017-09-15,2017-09-18,,,,,,,,
002411,分红,2023-04-29,0,0,0.0,不分配,,,,,,,,,,,
002411,分红,2022-06-30,0,0,0.0,不分配,,,,,,,,,,,
002411,分红,2021-04-30,0,0,0.0,不分配,,,,,,,,,,,
002411,分红,2020-05-07,0,0,0.0,不分配,,,,,,,,,,,
002411,分红,2019-04-29,0,0,0.0,不分配,,,,,,,,,,,
002411,分红,2010-09-17,0,5,0.0,实施,2010-09-29,2010-09-28,2010-09-29,,,,,,,,
002411,分红,2011-06-15,0,8,0.8,实施,2011-06-22,2011-06-21,,,,,,,,,
002411,分红,2012-05-22,0,0,0.5,实施,2012-05-29,2012-05-28,,,,,,,,,
002411,分红,2013-06-07,0,5,0.5,实施,2013-06-19,2013-06-18,,,,,,,,,
002411,分红,2014-06-11,0,0,0.2,实施,2014-06-19,2014-06-18,,,,,,,,,
002411,分红,2015-06-05,0,0,0.5,实施,2015-06-12,2015-06-11,,,,,,,,,
002411,分红,2016-06-23,0,0,0.7,实施,2016-06-30,2016-06-29,,,,,,,,,
002411,分红,2017-07-04,0,0,0.8,实施,2017-07-11,2017-07-10,,,,,,,,,
002411,分红,2018-07-04,0,0,1.0,实施,2018-07-11,2018-07-10,,,,,,,,,
002417,分红,2023-04-28,0,0,0.0,不分配,,,,,,,,,,,
002417,分红,2022-04-20,0,0,0.0,不分配,,,,,,,,,,,
002417,分红,2021-04-20,0,0,0.0,不分配,,,,,,,,,,,
002417,分红,2020-04-21,0,0,0.0,不分配,,,,,,,,,,,
002417,分红,2019-03-23,0,0,0.0,不分配,,,,,,,,,,,
002417,分红,2018-03-27,0,0,0.0,不分配,,,,,,,,,,,
002417,分红,2017-03-28,0,0,0.0,不分配,,,,,,,,,,,
002417,分红,2016-03-10,0,0,0.0,不分配,,,,,,,,,,,
002417,分红,2015-04-29,0,0,0.0,不分配,,,,,,,,,,,
002417,分红,2014-04-28,0,0,0.0,不分配,,,,,,,,,,,
002417,分红,2013-04-24,0,0,0.0,不分配,,,,,,,,,,,
002417,分红,2011-06-03,0,5,2.5,实施,2011-06-10,2011-06-09,,,,,,,,,
002417,分红,2012-05-24,0,5,1.0,实施,2012-05-31,2012-05-30,,,,,,,,,
002433,分红,2024-04-30,0,0,0.0,不分配,,,,,,,,,,,
002433,分红,2023-04-29,0,0,0.0,不分配,,,,,,,,,,,
002433,分红,2022-06-16,0,0,0.0,不分配,,,,,,,,,,,
002433,分红,2021-04-10,0,0,0.0,不分配,,,,,,,,,,,
002433,分红,2018-04-11,0,0,0.0,不分配,,,,,,,,,,,
002433,分红,2012-01-20,0,0,0.0,不分配,,,,,,,,,,,
002433,分红,2011-06-30,0,0,5.0,实施,2011-07-06,2011-07-05,,,,,,,,,
002433,分红,2013-03-26,2,8,0.65,实施,2013-04-02,2013-04-01,,,,,,,,,
002433,分红,2014-04-16,0,10,0.75,实施,2014-04-22,2014-04-21,,,,,,,,,
002433,分红,2015-05-19,0,0,0.26,实施,2015-05-26,2015-05-25,,,,,,,,,
002433,分红,2016-06-07,0,0,0.25,实施,2016-06-16,2016-06-15,,,,,,,,,
002433,分红,2017-06-15,0,0,0.320165,实施,2017-06-22,2017-06-21,,,,,,,,,
002433,分红,2019-05-21,0,0,0.707,实施,2019-05-27,2019-05-24,,,,,,,,,
002433,分红,2020-07-09,0,0,0.151,实施,2020-07-17,2020-07-16,,,,,,,,,
002435,分红,2024-04-30,0,0,0.0,不分配,,,,,,,,,,,
002435,分红,2023-04-20,0,0,0.0,不分配,,,,,,,,,,,
002435,分红,2022-04-29,0,0,0.0,不分配,,,,,,,,,,,
002435,分红,2020-04-30,0,0,0.0,不分配,,,,,,,,,,,
002435,分红,2011-05-05,0,0,1.0,实施,2011-05-11,2011-05-10,,,,,,,,,
002435,分红,2012-04-24,0,0,1.0,实施,2012-05-02,2012-04-27,,,,,,,,,
002435,分红,2013-06-20,0,5,1.0,实施,2013-06-26,2013-06-25,,,,,,,,,
002435,分红,2014-06-16,0,0,1.0,实施,2014-06-20,2014-06-19,,,,,,,,,
002435,分红,2015-06-20,0,0,1.0,实施,2015-06-29,2015-06-26,,,,,,,,,
002435,分红,2016-06-07,0,0,1.5,实施,2016-06-15,2016-06-14,,,,,,,,,
002435,分红,2017-07-06,0,0,1.0,实施,2017-07-12,2017-07-11,,,,,,,,,
002435,分红,2018-06-02,0,7,5.0,实施,2018-06-08,2018-06-07,,,,,,,,,
002435,分红,2019-06-11,0,5,1.0,实施,2019-06-18,2019-06-17,,,,,,,,,
002435,分红,2021-06-09,0,0,0.5,实施,2021-06-18,2021-06-17,,,,,,,,,
002447,分红,2022-04-30,0,0,0.0,不分配,,,,,,,,,,,
002447,分红,2021-03-20,0,0,0.0,不分配,,,,,,,,,,,
002447,分红,2020-04-30,0,0,0.0,不分配,,,,,,,,,,,
002447,分红,2019-04-29,0,0,0.0,不分配,,,,,,,,,,,
002447,分红,2018-04-28,0,0,0.0,不分配,,,,,,,,,,,
002447,分红,2010-07-24,0,0,0.0,不分配,,,,,,,,,,,
002447,分红,2011-06-28,0,10,3.0,实施,2011-07-05,2011-07-04,,,,,,,,,
002447,分红,2012-06-19,0,0,0.5,实施,2012-06-27,2012-06-26,,,,,,,,,
002447,分红,2012-10-25,0,10,0.2,实施,2012-11-02,2012-11-01,,,,,,,,,
002447,分红,2013-06-21,0,0,0.6,实施,2013-06-28,2013-06-27,,,,,,,,,
002447,分红,2014-06-19,0,5,0.6,实施,2014-06-26,2014-06-25,,,,,,,,,
002447,分红,2015-05-07,0,10,0.5,实施,2015-05-14,2015-05-13,,,,,,,,,
002447,分红,2016-06-25,0,0,0.3,实施,2016-07-04,2016-07-01,,,,,,,,,
002447,分红,2017-07-05,1,4,0.3,实施,2017-07-11,2017-07-10,,,,,,,,,
002450,分红,2021-03-16,0,0.0,0.0,不分配,,,,,,,,,,,
002450,分红,2020-06-30,0,0.0,0.0,不分配,,,,,,,,,,,
002450,分红,2019-04-30,0,0.0,0.0,预案,,,,,,,,,,,
002450,分红,2011-06-02,0,10.0,0.45,实施,2011-06-10,2011-06-09,,,,,,,,,
002450,分红,2012-03-16,0,6.0,0.4,实施,2012-03-22,2012-03-21,,,,,,,,,
002450,分红,2013-04-17,0,5.0,0.75,实施,2013-04-23,2013-04-22,,,,,,,,,
002450,分红,2014-05-15,0,0.0,0.909973,实施,2014-05-21,2014-05-20,,,,,,,,,
002450,分红,2015-05-20,0,4.98962,1.16757,实施,2015-05-26,2015-05-25,,,,,,,,,
002450,分红,2016-05-27,0,9.98583,0.898725,实施,2016-06-02,2016-06-01,,,,,,,,,
002450,分红,2017-05-19,0,0.0,0.57,实施,2017-05-25,2017-05-24,,,,,,,,,
002450,分红,2018-09-21,0,0.0,0.6995,实施,2018-09-28,2018-09-27,,,,,,,,,
002464,分红,2022-04-29,0,0.0,0.0,不分配,,,,,,,,,,,
002464,分红,2021-11-03,0,9.74963,0.0,预案,,,,,,,,,,,
002464,分红,2021-04-23,0,0.0,0.0,不分配,,,,,,,,,,,
002464,分红,2020-04-21,0,0.0,0.0,不分配,,,,,,,,,,,
002464,分红,2016-04-26,0,0.0,0.0,不分配,,,,,,,,,,,
002464,分红,2015-03-28,0,0.0,0.0,不分配,,,,,,,,,,,
002464,分红,2011-06-09,0,0.0,4.5,实施,2011-06-16,2011-06-15,,,,,,,,,
002464,分红,2012-06-06,0,0.0,2.2,实施,2012-06-14,2012-06-13,,,,,,,,,
002464,分红,2013-06-14,0,0.0,2.2,实施,2013-06-21,2013-06-20,,,,,,,,,
002464,分红,2014-05-16,0,0.0,1.1,实施,2014-05-22,2014-05-21,,,,,,,,,
002464,分红,2017-05-18,0,6.0,0.0,实施,2017-05-25,2017-05-24,2017-05-25,,,,,,,,
002464,分红,2018-06-16,0,4.0,0.0,实施,2018-06-26,2018-06-25,2018-06-26,,,,,,,,
002464,分红,2019-06-05,0,6.0,0.0,实施,2019-06-13,2019-06-12,2019-06-13,,,,,,,,
002473,分红,2022-04-30,0,0,0.0,不分配,,,,,,,,,,,
002473,分红,2021-04-29,0,0,0.0,不分配,,,,,,,,,,,
002473,分红,2020-04-30,0,0,0.0,不分配,,,,,,,,,,,
002473,分红,2019-03-01,0,0,0.0,不分配,,,,,,,,,,,
002473,分红,2018-04-25,0,0,0.0,不分配,,,,,,,,,,,
002473,分红,2017-04-24,0,0,0.0,不分配,,,,,,,,,,,
002473,分红,2016-03-22,0,0,0.0,不分配,,,,,,,,,,,
002473,分红,2015-04-01,0,0,0.0,不分配,,,,,,,,,,,
002473,分红,2011-05-17,0,10,2.0,实施,2011-05-23,2011-05-20,,,,,,,,,
002473,分红,2012-05-31,0,0,1.0,实施,2012-06-07,2012-06-06,,,,,,,,,
002473,分红,2013-07-05,0,0,1.0,实施,2013-07-11,2013-07-10,,,,,,,,,
002473,分红,2014-04-08,0,0,1.8,实施,2014-04-14,2014-04-11,,,,,,,,,
002477,分红,2019-04-25,0,0,0.0,不分配,,,,,,,,,,,
002477,分红,2015-04-21,0,0,0.0,不分配,,,,,,,,,,,
002477,分红,2011-04-13,0,10,4.5,实施,2011-04-19,2011-04-18,,,,,,,,,
002477,分红,2012-04-18,0,10,4.5,实施,2012-04-24,2012-04-23,,,,,,,,,
002477,分红,2013-07-06,0,6,2.0,实施,2013-07-12,2013-07-11,,,,,,,,,
002477,分红,2014-06-17,0,0,0.3,实施,2014-06-23,2014-06-20,,,,,,,,,
002477,分红,2016-06-20,0,20,1.2,实施,2016-06-24,2016-06-23,,,,,,,,,
002477,分红,2017-07-18,0,0,0.65,实施,2017-07-24,2017-07-21,,,,,,,,,
002477,分红,2018-07-12,0,0,0.2,实施,2018-07-18,2018-07-17,,,,,,,,,
002499,分红,2022-04-30,0,0,0.0,不分配,,,,,,,,,,,
002499,分红,2021-04-29,0,0,0.0,不分配,,,,,,,,,,,
002499,分红,2020-04-29,0,0,0.0,不分配,,,,,,,,,,,
002499,分红,2019-04-25,0,0,0.0,不分配,,,,,,,,,,,
002499,分红,2011-05-20,0,0,1.8,实施,2011-05-26,2011-05-25,,,,,,,,,
002499,分红,2012-05-23,0,5,1.0,实施,2012-05-29,2012-05-28,,,,,,,,,
002499,分红,2013-05-30,0,0,0.4,实施,2013-06-06,2013-06-05,,,,,,,,,
002499,分红,2014-05-17,0,2,0.4,实施,2014-05-23,2014-05-22,,,,,,,,,
002499,分红,2015-05-15,0,4,0.3,实施,2015-05-21,2015-05-20,,,,,,,,,
002499,分红,2016-04-27,0,0,0.8,实施,2016-05-04,2016-05-03,,,,,,,,,
002499,分红,2017-05-09,0,0,0.08,实施,2017-05-15,2017-05-12,,,,,,,,,
002499,分红,2018-07-12,0,0,0.2,实施,2018-07-19,2018-07-18,,,,,,,,,
002502,分红,2024-04-30,0,0,0.0,不分配,,,,,,,,,,,
002502,分红,2023-04-29,0,0,0.0,不分配,,,,,,,,,,,
002502,分红,2022-04-30,0,0,0.0,不分配,,,,,,,,,,,
002502,分红,2021-04-28,0,0,0.0,不分配,,,,,,,,,,,
002502,分红,2020-04-29,0,0,0.0,不分配,,,,,,,,,,,
002502,分红,2019-04-25,0,0,0.0,不分配,,,,,,,,,,,
002502,分红,2016-04-01,0,0,0.0,不分配,,,,,,,,,,,
002502,分红,2011-06-08,0,0,2.0,实施,2011-06-15,2011-06-14,,,,,,,,,
002502,分红,2012-06-12,0,6,1.0,实施,2012-06-20,2012-06-19,,,,,,,,,
002502,分红,2013-07-11,0,0,1.0,实施,2013-07-19,2013-07-18,,,,,,,,,
002502,分红,2014-04-30,0,10,1.0,实施,2014-05-09,2014-05-08,,,,,,,,,
002502,分红,2015-06-13,0,0,0.4,实施,2015-06-23,2015-06-19,,,,,,,,,
002502,分红,2016-09-07,0,10,0.0,实施,2016-09-13,2016-09-12,2016-09-13,,,,,,,,
002502,分红,2017-05-12,0,0,0.4,实施,2017-05-19,2017-05-18,,,,,,,,,
002502,分红,2018-07-17,0,0,0.5,实施,2018-07-24,2018-07-23,,,,,,,,,
002503,分红,2023-04-25,0,0,0.0,不分配,,,,,,,,,,,
002503,分红,2022-04-29,0,0,0.0,不分配,,,,,,,,,,,
002503,分红,2021-04-29,0,0,0.0,不分配,,,,,,,,,,,
002503,分红,2020-04-27,0,0,0.0,不分配,,,,,,,,,,,
002503,分红,2019-04-16,0,0,0.0,不分配,,,,,,,,,,,
002503,分红,2011-03-24,0,10,10.0,实施,2011-03-30,2011-03-29,,,,,,,,,
002503,分红,2012-05-24,0,8,5.0,实施,2012-05-31,2012-05-30,,,,,,,,,
002503,分红,2013-05-06,0,5,5.0,实施,2013-05-10,2013-05-09,,,,,,,,,
002503,分红,2014-05-22,0,2,1.5,实施,2014-05-28,2014-05-27,,,,,,,,,
002503,分红,2015-05-08,0,10,1.0,实施,2015-05-15,2015-05-14,,,,,,,,,
002503,分红,2016-03-29,0,3,0.2,实施,2016-04-06,2016-04-05,,,,,,,,,
002503,分红,2017-04-19,0,10,0.25,实施,2017-04-26,2017-04-25,,,,,,,,,
002503,分红,2018-05-08,0,0,2.0,实施,2018-05-16,2018-05-15,,,,,,,,,
002504,分红,2023-04-27,0,0.0,0.0,不分配,,,,,,,,,,,
002504,分红,2022-04-29,0,0.0,0.0,不分配,,,,,,,,,,,
002504,分红,2021-04-22,0,0.0,0.0,不分配,,,,,,,,,,,
002504,分红,2020-04-28,0,0.0,0.0,不分配,,,,,,,,,,,
002504,分红,2019-04-24,0,0.0,0.0,不分配,,,,,,,,,,,
002504,分红,2018-04-16,0,0.0,0.0,不分配,,,,,,,,,,,
002504,分红,2017-04-29,0,0.0,0.0,不分配,,,,,,,,,,,
002504,分红,2014-03-07,0,0.0,0.0,不分配,,,,,,,,,,,
002504,分红,2011-05-26,0,0.0,2.0,实施,2011-06-02,2011-06-01,,,,,,,,,
002504,分红,2012-07-16,0,0.0,1.0,实施,2012-07-20,2012-07-19,,,,,,,,,
002504,分红,2013-07-18,0,3.0,0.2,实施,2013-07-24,2013-07-23,,,,,,,,,
002504,分红,2015-07-11,0,0.0,1.0,实施,2015-07-17,2015-07-16,,,,,,,,,
002504,分红,2016-07-05,0,15.2226,1.52226,实施,2016-07-12,2016-07-11,,,,,,,,,
002505,分红,2024-04-26,0,0,0.0,不分配,,,,,,,,,,,
002505,分红,2023-04-29,0,0,0.0,不分配,,,,,,,,,,,
002505,分红,2022-04-28,0,0,0.0,不分配,,,,,,,,,,,
002505,分红,2021-04-29,0,0,0.0,不分配,,,,,,,,,,,
002505,分红,2020-04-29,0,0,0.0,不分配,,,,,,,,,,,
002505,分红,2019-04-27,0,0,0.0,不分配,,,,,,,,,,,
002505,分红,2018-04-27,0,0,0.0,不分配,,,,,,,,,,,
002505,分红,2017-04-27,0,0,0.0,不分配,,,,,,,,,,,
002505,分红,2015-04-17,0,0,0.0,不分配,,,,,,,,,,,
002505,分红,2013-04-24,0,0,0.0,不分配,,,,,,,,,,,
002505,分红,2011-05-18,2,4,0.5,实施,2011-05-24,2011-05-23,,,,,,,,,
002505,分红,2012-06-27,0,5,1.0,实施,2012-07-03,2012-07-02,,,,,,,,,
002505,分红,2014-05-09,0,5,0.0,实施,2014-05-15,2014-05-14,2014-05-15,,,,,,,,
002505,分红,2014-10-10,0,12,0.0,实施,2014-10-16,2014-10-15,2014-10-16,,,,,,,,
002505,分红,2016-06-02,0,9,0.0,实施,2016-06-08,2016-06-07,2016-06-08,,,,,,,,
002509,分红,2020-06-11,0,0,0.0,不分配,,,,,,,,,,,
002509,分红,2019-04-30,0,0,0.0,不分配,,,,,,,,,,,
002509,分红,2011-04-26,0,0,0.0,不分配,,,,,,,,,,,
002509,分红,2012-05-15,0,10,2.0,实施,2012-05-22,2012-05-21,,,,,,,,,
002509,分红,2013-05-23,0,10,0.5,实施,2013-05-30,2013-05-29,,,,,,,,,
002509,分红,2014-04-23,0,0,0.5,实施,2014-04-29,2014-04-28,,,,,,,,,
002509,分红,2015-04-29,0,0,0.6,实施,2015-05-06,2015-05-05,,,,,,,,,
002509,分红,2016-04-29,2,10,0.5,实施,2016-05-09,2016-05-06,,,,,,,,,
002509,分红,2017-05-22,0,6,0.3,实施,2017-05-26,2017-05-25,,,,,,,,,
002509,分红,2018-08-09,0,0,0.15,实施,2018-08-14,2018-08-13,,,,,,,,,
002604,分红,2020-04-29,0,0,0.0,不分配,,,,,,,,,,,
002604,分红,2019-04-30,0,0,0.0,不分配,,,,,,,,,,,
002604,分红,2018-04-19,0,0,0.0,不分配,,,,,,,,,,,
002604,分红,2017-03-31,0,0,0.0,不分配,,,,,,,,,,,
002604,分红,2016-04-23,0,0,0.0,不分配,,,,,,,,,,,
002604,分红,2012-06-06,0,0,0.5,实施,2012-06-13,2012-06-12,,,,,,,,,
002604,分红,2013-05-17,0,3,1.0,实施,2013-05-24,2013-05-23,,,,,,,,,
002604,分红,2014-06-10,0,3,0.5,实施,2014-06-17,2014-06-16,,,,,,,,,
002604,分红,2015-05-28,0,6,0.3,实施,2015-06-05,2015-06-04,,,,,,,,,
002610,分红,2024-04-30,0,0,0,不分配,,,,,,,,,,,
002610,分红,2023-04-25,0,0,0,不分配,,,,,,,,,,,
002610,分红,2022-04-14,0,0,0,不分配,,,,,,,,,,,
002610,分红,2021-04-30,0,0,0,不分配,,,,,,,,,,,
002610,分红,2020-04-30,0,0,0,不分配,,,,,,,,,,,
002610,分红,2019-04-23,0,0,0,不分配,,,,,,,,,,,
002610,分红,2018-04-25,0,0,0,不分配,,,,,,,,,,,
002610,分红,2017-04-27,0,0,0,不分配,,,,,,,,,,,
002610,分红,2014-03-18,0,0,0,不分配,,,,,,,,,,,
002610,分红,2013-04-24,0,0,0,不分配,,,,,,,,,,,
002610,分红,2012-05-30,0,5,5,实施,2012-06-07,2012-06-06,,,,,,,,,
002610,分红,2015-05-23,0,10,0,实施,2015-05-29,2015-05-28,2015-05-29,,,,,,,,
002610,分红,2016-07-01,0,0,1,实施,2016-07-07,2016-07-06,,,,,,,,,
002610,分红,2016-09-22,0,30,0,实施,2016-09-28,2016-09-27,2016-09-28,,,,,,,,
002618,分红,2022-04-30,0,0,0.0,不分配,,,,,,,,,,,
002618,分红,2021-04-29,0,0,0.0,不分配,,,,,,,,,,,
002618,分红,2012-06-12,0,0,0.35,实施,2012-06-19,2012-06-18,,,,,,,,,
002618,分红,2013-06-21,0,0,0.35,实施,2013-06-28,2013-06-27,,,,,,,,,
002618,分红,2014-06-19,0,0,0.29,实施,2014-06-26,2014-06-25,,,,,,,,,
002618,分红,2015-06-23,0,0,0.5,实施,2015-06-30,2015-06-29,,,,,,,,,
002618,分红,2016-05-20,0,10,0.37,实施,2016-05-30,2016-05-27,,,,,,,,,
002618,分红,2017-06-09,0,5,0.07,实施,2017-06-16,2017-06-15,,,,,,,,,
002618,分红,2018-07-26,0,0,0.05,实施,2018-08-02,2018-08-01,,,,,,,,,
002618,分红,2019-07-05,0,0,0.05,实施,2019-07-12,2019-07-11,,,,,,,,,
002618,分红,2020-09-24,0,0,0.03,实施,2020-10-09,2020-09-30,,,,,,,,,
002619,分红,2021-04-29,0,0,0.0,不分配,,,,,,,,,,,
002619,分红,2020-04-24,0,0,0.0,不分配,,,,,,,,,,,
002619,分红,2019-04-29,0,0,0.0,不分配,,,,,,,,,,,
002619,分红,2015-03-03,0,0,0.0,不分配,,,,,,,,,,,
002619,分红,2012-05-31,0,3,2.5,实施,2012-06-07,2012-06-06,,,,,,,,,
002619,分红,2013-06-13,0,0,0.8,实施,2013-06-20,2013-06-19,,,,,,,,,
002619,分红,2014-07-04,0,0,6.0,实施,2014-07-11,2014-07-10,,,,,,,,,
002619,分红,2016-05-25,0,15,0.0,实施,2016-06-02,2016-06-01,2016-06-02,,,,,,,,
002619,分红,2017-05-19,0,8,0.0,实施,2017-05-25,2017-05-24,2017-05-25,,,,,,,,
002619,分红,2018-07-17,0,0,0.1,实施,2018-07-25,2018-07-24,,,,,,,,,
002621,分红,2024-04-30,0,0.0,0.0,不分配,,,,,,,,,,,
002621,分红,2023-04-29,0,0.0,0.0,不分配,,,,,,,,,,,
002621,分红,2022-04-28,0,0.0,0.0,不分配,,,,,,,,,,,
002621,分红,2021-04-26,0,0.0,0.0,不分配,,,,,,,,,,,
002621,分红,2018-04-25,0,0.0,0.0,不分配,,,,,,,,,,,
002621,分红,2012-03-27,0,5.0,1.5,实施,2012-04-05,2012-03-30,,,,,,,,,
002621,分红,2013-04-10,0,0.0,0.5,实施,2013-04-16,2013-04-15,,,,,,,,,
002621,分红,2014-05-13,0,5.0,0.4,实施,2014-05-19,2014-05-16,,,,,,,,,
002621,分红,2015-05-12,0,0.0,0.6,实施,2015-05-19,2015-05-18,,,,,,,,,
002621,分红,2016-05-18,0,0.0,0.6,实施,2016-05-24,2016-05-23,,,,,,,,,
002621,分红,2017-06-07,0,5.0,0.0,实施,2017-06-13,2017-06-12,2017-06-13,,,,,,,,
002621,分红,2019-06-06,0,7.0006,0.200017,实施,2019-06-14,2019-06-13,,,,,,,,,
002621,分红,2020-06-03,0,4.0,0.0,实施,2020-06-09,2020-06-08,2020-06-09,,,,,,,,
002665,分红,2024-04-27,0,0,0.0,不分配,,,,,,,,,,,
002665,分红,2023-04-29,0,0,0.0,不分配,,,,,,,,,,,
002665,分红,2022-04-30,0,0,0.0,不分配,,,,,,,,,,,
002665,分红,2021-04-29,0,0,0.0,不分配,,,,,,,,,,,
002665,分红,2020-04-25,0,0,0.0,不分配,,,,,,,,,,,
002665,分红,2019-04-27,0,0,0.0,不分配,,,,,,,,,,,
002665,分红,2012-03-26,0,0,0.0,不分配,,,,,,,,,,,
002665,分红,2013-04-23,0,10,2.97,实施,2013-05-02,2013-04-26,,,,,,,,,
002665,分红,2014-05-07,0,0,1.07,实施,2014-05-13,2014-05-12,,,,,,,,,
002665,分红,2015-04-23,0,15,1.6,实施,2015-04-30,2015-04-29,,,,,,,,,
002665,分红,2016-04-27,0,17,0.4638,实施,2016-05-05,2016-05-04,,,,,,,,,
002665,分红,2017-05-26,0,0,0.1573,实施,2017-06-06,2017-06-05,,,,,,,,,
002665,分红,2018-06-06,0,0,0.110955,实施,2018-06-14,2018-06-13,,,,,,,,,
002680,分红,2013-06-07,0,0,1.8,实施,2013-06-19,2013-06-18,,,,,,,,,
002680,分红,2014-06-06,0,0,1.3,实施,2014-06-13,2014-06-12,,,,,,,,,
002680,分红,2015-06-10,0,7,0.6,实施,2015-06-17,2015-06-16,,,,,,,,,
002680,分红,2016-07-16,0,10,3.0,实施,2016-07-22,2016-07-21,,,,,,,,,
002680,分红,2017-06-07,0,0,3.0,实施,2017-06-13,2017-06-12,,,,,,,,,
002680,分红,2018-04-25,0,0,4.0,实施,2018-05-04,2018-05-03,,,,,,,,,
002684,分红,2022-04-30,0,0,0.0,不分配,,,,,,,,,,,
002684,分红,2021-04-29,0,0,0.0,不分配,,,,,,,,,,,
002684,分红,2020-06-20,0,0,0.0,不分配,,,,,,,,,,,
002684,分红,2019-04-30,0,0,0.0,不分配,,,,,,,,,,,
002684,分红,2018-04-27,0,0,0.0,不分配,,,,,,,,,,,
002684,分红,2016-04-02,0,0,0.0,不分配,,,,,,,,,,,
002684,分红,2014-04-17,0,0,0.0,不分配,,,,,,,,,,,
002684,分红,2013-06-26,0,10,1.6,实施,2013-07-02,2013-07-01,,,,,,,,,
002684,分红,2015-03-03,0,12,0.0,实施,2015-03-09,2015-03-06,2015-03-09,,,,,,,,
002684,分红,2017-06-16,0,5,0.5,实施,2017-06-22,2017-06-21,,,,,,,,,
002699,分红,2024-04-30,0,0,0.0,不分配,,,,,,,,,,,
002699,分红,2023-04-29,0,0,0.0,不分配,,,,,,,,,,,
002699,分红,2022-04-30,0,0,0.0,不分配,,,,,,,,,,,
002699,分红,2021-04-30,0,0,0.0,不分配,,,,,,,,,,,
002699,分红,2020-04-29,0,0,0.0,不分配,,,,,,,,,,,
002699,分红,2019-04-30,0,0,0.0,不分配,,,,,,,,,,,
002699,分红,2018-04-28,0,0,0.0,不分配,,,,,,,,,,,
002699,分红,2016-04-23,0,0,0.0,不分配,,,,,,,,,,,
002699,分红,2013-04-20,0,0,5.0,实施,2013-04-26,2013-04-25,,,,,,,,,
002699,分红,2014-05-12,0,12,0.5,实施,2014-05-19,2014-05-16,,,,,,,,,
002699,分红,2015-03-11,0,10,1.0,实施,2015-03-17,2015-03-16,,,,,,,,,
002699,分红,2017-05-31,0,8,2.5,实施,2017-06-08,2017-06-07,,,,,,,,,
002711,分红,2021-04-30,0,0,0.0,不分配,,,,,,,,,,,
002711,分红,2020-04-30,0,0,0.0,不分配,,,,,,,,,,,
002711,分红,2019-04-30,0,0,0.0,不分配,,,,,,,,,,,
002711,分红,2018-04-28,0,0,0.0,不分配,,,,,,,,,,,
002711,分红,2014-07-11,0,0,2.8,实施,2014-07-18,2014-07-17,,,,,,,,,
002711,分红,2015-06-30,7,5,1.8,实施,2015-07-06,2015-07-03,,,,,,,,,
002711,分红,2016-06-23,0,10,0.49,实施,2016-06-30,2016-06-29,,,,,,,,,
002711,分红,2017-07-08,6,0,1.5,实施,2017-07-14,2017-07-13,,,,,,,,,
002740,分红,2023-04-29,0,0,0.0,不分配,,,,,,,,,,,
002740,分红,2022-04-29,0,0,0.0,不分配,,,,,,,,,,,
002740,分红,2021-04-30,0,0,0.0,不分配,,,,,,,,,,,
002740,分红,2020-05-30,0,0,0.0,不分配,,,,,,,,,,,
002740,分红,2015-07-11,0,0,1.5,实施,2015-07-17,2015-07-16,,,,,,,,,
002740,分红,2016-04-01,0,20,1.1,实施,2016-04-11,2016-04-08,,,,,,,,,
002740,分红,2017-05-20,0,0,0.3,实施,2017-05-26,2017-05-25,,,,,,,,,
002740,分红,2018-05-10,0,0,0.2,实施,2018-05-16,2018-05-15,,,,,,,,,
002740,分红,2019-07-10,0,0,0.1,实施,2019-07-17,2019-07-16,,,,,,,,,
002750,分红,2025-04-25,0.0,0.0,0.0,不分配,,,,,,,,,,,
002750,分红,2024-04-30,0.0,0.0,0.0,不分配,,,,,,,,,,,
002750,分红,2023-04-21,0.0,0.0,0.0,不分配,,,,,,,,,,,
002750,分红,2022-04-30,0.0,0.0,0.0,不分配,,,,,,,,,,,
002750,分红,2021-04-15,0.0,0.0,0.0,不分配,,,,,,,,,,,
002750,分红,2020-04-29,0.0,0.0,0.0,不分配,,,,,,,,,,,
002750,分红,2019-03-01,0.0,0.0,0.0,不分配,,,,,,,,,,,
002750,分红,2015-06-03,0.0,0.0,7.5,实施,2015-06-09,2015-06-08,,,,,,,,,
002750,分红,2015-09-08,0.0,20.0,0.0,实施,2015-09-15,2015-09-14,2015-09-15,,,,,,,,
002750,分红,2016-05-11,2.2,7.8,1.0,实施,2016-05-18,2016-05-17,,,,,,,,,
002750,分红,2017-05-06,0.0,0.0,1.5,实施,2017-05-12,2017-05-11,,,,,,,,,
002750,分红,2018-05-16,0.0,0.0,0.3,实施,2018-05-23,2018-05-22,,,,,,,,,
002751,分红,2023-04-29,0,0,0.0,不分配,,,,,,,,,,,
002751,分红,2022-04-30,0,0,0.0,不分配,,,,,,,,,,,
002751,分红,2015-07-08,0,0,1.0,实施,2015-07-16,2015-07-15,,,,,,,,,
002751,分红,2015-09-10,0,10,0.0,实施,2015-09-17,2015-09-16,2015-09-17,,,,,,,,
002751,分红,2016-06-08,0,0,0.6,实施,2016-06-16,2016-06-15,,,,,,,,,
002751,分红,2017-05-04,0,0,0.25,实施,2017-05-10,2017-05-09,,,,,,,,,
002751,分红,2018-05-31,0,0,0.7,实施,2018-06-08,2018-06-07,,,,,,,,,
002751,分红,2019-07-19,0,0,0.2,实施,2019-07-25,2019-07-24,,,,,,,,,
002751,分红,2020-07-22,0,0,0.5,实施,2020-07-29,2020-07-28,,,,,,,,,
002751,分红,2021-07-22,0,0,0.3,实施,2021-07-29,2021-07-28,,,,,,,,,
002770,分红,2022-04-30,0,0,0.0,不分配,,,,,,,,,,,
002770,分红,2021-04-30,0,0,0.0,不分配,,,,,,,,,,,
002770,分红,2020-06-24,0,0,0.0,不分配,,,,,,,,,,,
002770,分红,2016-04-22,0,10,0.54,实施,2016-04-29,2016-04-28,,,,,,,,,
002770,分红,2017-06-08,0,9,0.24,实施,2017-06-15,2017-06-14,,,,,,,,,
002770,分红,2018-06-07,0,0,0.18,实施,2018-06-15,2018-06-14,,,,,,,,,
002770,分红,2019-07-12,0,0,0.19,实施,2019-07-19,2019-07-18,,,,,,,,,
002776,分红,2023-04-28,0,0.0,0.0,不分配,,,,,,,,,,,
002776,分红,2022-07-02,0,0.0,0.0,不分配,,,,,,,,,,,
002776,分红,2021-04-30,0,0.0,0.0,不分配,,,,,,,,,,,
002776,分红,2016-03-25,0,10.0,1.8,实施,2016-03-31,2016-03-30,,,,,,,,,
002776,分红,2017-07-12,0,0.0,0.7,实施,2017-07-18,2017-07-17,,,,,,,,,
002776,分红,2018-07-12,0,5.04253,1.0085,实施,2018-07-18,2018-07-17,,,,,,,,,
002776,分红,2019-06-26,0,5.0,1.0,实施,2019-07-03,2019-07-02,,,,,,,,,
002776,分红,2020-07-09,0,0.0,0.38,实施,2020-07-15,2020-07-14,,,,,,,,,
002781,分红,2023-04-29,0,0,0.0,不分配,,,,,,,,,,,
002781,分红,2022-04-30,0,0,0.0,不分配,,,,,,,,,,,
002781,分红,2021-04-28,0,0,0.0,不分配,,,,,,,,,,,
002781,分红,2016-05-31,0,0,0.58,实施,2016-06-06,2016-06-03,,,,,,,,,
002781,分红,2017-07-06,0,0,0.49,实施,2017-07-13,2017-07-12,,,,,,,,,
002781,分红,2018-07-04,0,0,0.67,实施,2018-07-10,2018-07-09,,,,,,,,,
002781,分红,2019-07-10,0,0,0.75,实施,2019-07-16,2019-07-15,,,,,,,,,
002781,分红,2020-07-09,0,0,0.39,实施,2020-07-15,2020-07-14,,,,,,,,,
300023,分红,2022-04-30,0,0,0.0,预案,,,,,,,,,,,
300023,分红,2021-04-27,0,0,0.0,不分配,,,,,,,,,,,
300023,分红,2020-04-11,0,0,0.0,不分配,,,,,,,,,,,
300023,分红,2019-03-22,0,0,0.0,不分配,,,,,,,,,,,
300023,分红,2018-04-28,0,0,0.0,不分配,,,,,,,,,,,
300023,分红,2017-03-10,0,0,0.0,不分配,,,,,,,,,,,
300023,分红,2015-03-10,0,0,0.0,不分配,,,,,,,,,,,
300023,分红,2014-04-12,0,0,0.0,不分配,,,,,,,,,,,
300023,分红,2013-03-22,0,0,0.0,不分配,,,,,,,,,,,
300023,分红,2012-03-23,0,0,0.0,不分配,,,,,,,,,,,
300023,分红,2011-03-30,0,0,0.0,不分配,,,,,,,,,,,
300023,分红,2010-05-13,0,5,1.0,实施,2010-05-19,2010-05-18,,,,,,,,,
300023,分红,2016-03-07,0,15,0.5,实施,2016-03-15,2016-03-14,,,,,,,,,
300028,分红,2020-04-28,0,0,0.0,不分配,,,,,,,,,,,
300028,分红,2019-04-30,0,0,0.0,不分配,,,,,,,,,,,
300028,分红,2018-04-25,0,0,0.0,不分配,,,,,,,,,,,
300028,分红,2017-04-26,0,0,0.0,不分配,,,,,,,,,,,
300028,分红,2016-04-30,0,0,0.0,不分配,,,,,,,,,,,
300028,分红,2014-04-25,0,0,0.0,不分配,,,,,,,,,,,
300028,分红,2012-04-12,0,0,0.0,不分配,,,,,,,,,,,
300028,分红,2010-05-13,0,2,1.0,实施,2010-05-20,2010-05-19,,,,,,,,,
300028,分红,2011-05-28,0,5,2.0,实施,2011-06-03,2011-06-02,,,,,,,,,
300028,分红,2013-06-29,0,0,0.5,实施,2013-07-05,2013-07-04,,,,,,,,,
300028,分红,2015-06-04,0,3,0.9,实施,2015-06-11,2015-06-10,,,,,,,,,
300038,分红,2022-04-29,0,0,0.0,不分配,,,,,,,,,,,
300038,分红,2021-04-29,0,0,0.0,不分配,,,,,,,,,,,
300038,分红,2017-04-22,0,0,0.0,不分配,,,,,,,,,,,
300038,分红,2010-06-01,0,0,1.0,实施,2010-06-08,2010-06-07,,,,,,,,,
300038,分红,2011-06-21,0,0,1.5,实施,2011-06-27,2011-06-24,,,,,,,,,
300038,分红,2012-05-30,0,5,1.0,实施,2012-06-05,2012-06-04,,,,,,,,,
300038,分红,2013-06-27,0,0,0.5,实施,2013-07-05,2013-07-04,,,,,,,,,
300038,分红,2014-07-12,0,0,0.350174,实施,2014-07-21,2014-07-18,,,,,,,,,
300038,分红,2015-06-11,0,0,0.350174,实施,2015-06-17,2015-06-16,,,,,,,,,
300038,分红,2016-07-06,0,0,0.3,实施,2016-07-12,2016-07-11,,,,,,,,,
300038,分红,2018-04-20,0,18,1.5,实施,2018-04-27,2018-04-26,,,,,,,,,
300038,分红,2019-07-01,0,0,0.7,实施,2019-07-09,2019-07-08,,,,,,,,,
300038,分红,2020-07-07,0,0,0.25,实施,2020-07-14,2020-07-13,,,,,,,,,
300064,分红,2022-04-30,0,0,0.0,不分配,,,,,,,,,,,
300064,分红,2021-04-27,0,0,0.0,不分配,,,,,,,,,,,
300064,分红,2020-04-30,0,0,0.0,不分配,,,,,,,,,,,
300064,分红,2010-06-08,0,0,0.0,不分配,,,,,,,,,,,
300064,分红,2011-04-09,0,10,2.0,实施,2011-04-15,2011-04-14,,,,,,,,,
300064,分红,2012-05-16,0,10,1.0,实施,2012-05-23,2012-05-22,,,,,,,,,
300064,分红,2013-05-16,0,0,0.4,实施,2013-05-22,2013-05-21,,,,,,,,,
300064,分红,2014-06-10,0,0,0.16,实施,2014-06-16,2014-06-13,,,,,,,,,
300064,分红,2015-05-14,0,0,0.12,实施,2015-05-20,2015-05-19,,,,,,,,,
300064,分红,2016-05-20,0,0,0.19,实施,2016-05-27,2016-05-26,,,,,,,,,
300064,分红,2017-07-04,0,0,0.15,实施,2017-07-10,2017-07-07,,,,,,,,,
300064,分红,2018-06-29,0,0,0.21,实施,2018-07-06,2018-07-05,,,,,,,,,
300064,分红,2019-06-28,0,0,0.14,实施,2019-07-05,2019-07-04,,,,,,,,,
300089,分红,2023-04-29,0,0,0.0,不分配,,,,,,,,,,,
300089,分红,2022-10-15,0,0,0.0,不分配,,,,,,,,,,,
300089,分红,2021-04-27,0,0,0.0,不分配,,,,,,,,,,,
300089,分红,2020-05-29,0,0,0.0,不分配,,,,,,,,,,,
300089,分红,2019-04-30,0,0,0.0,不分配,,,,,,,,,,,
300089,分红,2018-04-23,0,0,0.0,不分配,,,,,,,,,,,
300089,分红,2014-04-24,0,0,0.0,不分配,,,,,,,,,,,
300089,分红,2013-04-02,0,0,0.0,不分配,,,,,,,,,,,
300089,分红,2011-04-25,0,0,0.0,不分配,,,,,,,,,,,
300089,分红,2012-06-01,0,5,1.2,实施,2012-06-08,2012-06-07,,,,,,,,,
300089,分红,2015-06-30,0,0,0.2,实施,2015-07-07,2015-07-06,,,,,,,,,
300089,分红,2016-05-16,0,15,0.2,实施,2016-05-23,2016-05-20,,,,,,,,,
300089,分红,2017-05-24,0,0,0.25,实施,2017-06-05,2017-06-02,,,,,,,,,
300090,分红,2020-06-24,0,0,0.0,不分配,,,,,,,,,,,
300090,分红,2019-04-30,0,0,0.0,不分配,,,,,,,,,,,
300090,分红,2018-04-28,0,0,0.0,不分配,,,,,,,,,,,
300090,分红,2017-04-27,0,0,0.0,不分配,,,,,,,,,,,
300090,分红,2013-04-19,0,0,0.0,不分配,,,,,,,,,,,
300090,分红,2011-04-13,0,10,0.0,实施,2011-04-19,2011-04-18,2011-04-19,,,,,,,,
300090,分红,2012-05-15,0,0,0.5,实施,2012-05-23,2012-05-22,,,,,,,,,
300090,分红,2014-05-14,0,8,0.0,实施,2014-05-20,2014-05-19,2014-05-20,,,,,,,,
300090,分红,2015-06-09,0,0,0.5,实施,2015-06-16,2015-06-15,,,,,,,,,
300090,分红,2015-10-29,0,10,0.0,实施,2015-11-05,2015-11-04,2015-11-05,,,,,,,,
300090,分红,2016-06-06,0,0,0.5,实施,2016-06-14,2016-06-13,,,,,,,,,
300104,分红,2020-04-27,0,0,0.0,不分配,,,,,,,,,,,
300104,分红,2019-04-26,0,0,0.0,不分配,,,,,,,,,,,
300104,分红,2018-04-27,0,0,0.0,不分配,,,,,,,,,,,
300104,分红,2011-05-12,2,10,1.5,实施,2011-05-18,2011-05-17,,,,,,,,,
300104,分红,2012-06-07,0,9,0.73,实施,2012-06-13,2012-06-12,,,,,,,,,
300104,分红,2013-05-30,0,9,0.5,实施,2013-06-05,2013-06-04,,,,,,,,,
300104,分红,2014-05-24,0,0,0.314745,实施,2014-05-30,2014-05-29,,,,,,,,,
300104,分红,2015-05-06,0,12,0.46,实施,2015-05-13,2015-05-12,,,,,,,,,
300104,分红,2016-04-26,0,0,0.31,实施,2016-05-03,2016-04-29,,,,,,,,,
300104,分红,2017-08-21,0,10,0.28,实施,2017-08-25,2017-08-24,,,,,,,,,
300108,分红,2025-04-29,0,0,0.0,不分配,,,,,,,,,,,
300108,分红,2024-04-29,0,0,0.0,不分配,,,,,,,,,,,
300108,分红,2023-04-28,0,0,0.0,不分配,,,,,,,,,,,
300108,分红,2022-06-29,0,0,0.0,不分配,,,,,,,,,,,
300108,分红,2021-04-28,0,0,0.0,不分配,,,,,,,,,,,
300108,分红,2020-04-30,0,0,0.0,不分配,,,,,,,,,,,
300108,分红,2019-04-25,0,0,0.0,不分配,,,,,,,,,,,
300108,分红,2011-03-03,0,3,1.2,实施,2011-03-10,2011-03-09,,,,,,,,,
300108,分红,2012-04-09,0,10,1.0,实施,2012-04-13,2012-04-12,,,,,,,,,
300108,分红,2013-05-15,0,0,1.0,实施,2013-05-21,2013-05-20,,,,,,,,,
300108,分红,2014-04-03,0,0,1.0,实施,2014-04-11,2014-04-10,,,,,,,,,
300108,分红,2015-04-25,0,5,0.0,实施,2015-05-05,2015-05-04,2015-05-05,,,,,,,,
300108,分红,2016-05-20,0,5,1.0,实施,2016-05-26,2016-05-25,,,,,,,,,
300108,分红,2017-06-09,0,0,0.5,实施,2017-06-15,2017-06-14,,,,,,,,,
300108,分红,2018-07-07,0,0,0.5,实施,2018-07-16,2018-07-13,,,,,,,,,
300116,分红,2024-04-29,0,0.0,0.0,不分配,,,,,,,,,,,
300116,分红,2023-04-27,0,0.0,0.0,不分配,,,,,,,,,,,
300116,分红,2022-04-27,0,0.0,0.0,不分配,,,,,,,,,,,
300116,分红,2021-04-20,0,0.0,0.0,不分配,,,,,,,,,,,
300116,分红,2020-05-01,0,0.0,0.0,不分配,,,,,,,,,,,
300116,分红,2020-03-25,0,8.5,0.0,实施,,2020-03-31,,,,,,,,,
300116,分红,2019-12-12,0,8.5,0.0,预案,,,,,,,,,,,
300116,分红,2019-04-30,0,0.0,0.0,不分配,,,,,,,,,,,
300116,分红,2018-04-27,0,0.0,0.0,不分配,,,,,,,,,,,
300116,分红,2016-03-12,0,0.0,0.0,不分配,,,,,,,,,,,
300116,分红,2012-04-12,0,0.0,0.0,不分配,,,,,,,,,,,
300116,分红,2011-03-31,0,0.0,0.0,不分配,,,,,,,,,,,
300116,分红,2013-06-04,0,10.0,0.0,实施,2013-06-14,2013-06-13,2013-06-14,,,,,,,,
300116,分红,2014-04-29,0,5.0,0.1,实施,2014-05-09,2014-05-08,,,,,,,,,
300116,分红,2015-06-25,0,5.0,0.18,实施,2015-07-02,2015-07-01,,,,,,,,,
300116,分红,2017-04-12,0,10.0,0.1,实施,2017-04-18,2017-04-17,,,,,,,,,
300117,分红,2025-04-19,0,0,0.0,不分配,,,,,,,,,,,
300117,分红,2024-04-26,0,0,0.0,不分配,,,,,,,,,,,
300117,分红,2023-04-22,0,0,0.0,不分配,,,,,,,,,,,
300117,分红,2022-04-26,0,0,0.0,不分配,,,,,,,,,,,
300117,分红,2012-04-12,0,0,0.0,不分配,,,,,,,,,,,
300117,分红,2011-05-04,0,10,1.0,实施,2011-05-10,2011-05-09,,,,,,,,,
300117,分红,2013-05-23,0,0,0.5,实施,2013-05-29,2013-05-28,,,,,,,,,
300117,分红,2014-05-05,0,5,0.35,实施,2014-05-13,2014-05-12,,,,,,,,,
300117,分红,2015-07-11,0,0,0.2,实施,2015-07-20,2015-07-17,,,,,,,,,
300117,分红,2016-04-19,0,12,0.2,实施,2016-04-26,2016-04-25,,,,,,,,,
300117,分红,2017-07-14,0,0,0.1,实施,2017-07-21,2017-07-20,,,,,,,,,
300117,分红,2018-06-19,0,0,0.1,实施,2018-06-26,2018-06-25,,,,,,,,,
300117,分红,2019-08-14,0,0,0.08,实施,2019-08-21,2019-08-20,,,,,,,,,
300117,分红,2020-07-13,0,0,0.03,实施,2020-07-20,2020-07-17,,,,,,,,,
300117,分红,2021-08-13,0,0,0.13,实施,2021-08-20,2021-08-19,,,,,,,,,
300156,分红,2019-04-30,0,0,0.0,不分配,,,,,,,,,,,
300156,分红,2018-04-28,0,0,0.0,不分配,,,,,,,,,,,
300156,分红,2015-03-07,0,0,0.0,不分配,,,,,,,,,,,
300156,分红,2014-04-29,0,0,0.0,不分配,,,,,,,,,,,
300156,分红,2011-05-18,0,10,0.0,实施,2011-05-24,2011-05-23,2011-05-24,,,,,,,,
300156,分红,2012-06-05,0,8,0.0,实施,2012-06-12,2012-06-11,2012-06-12,,,,,,,,
300156,分红,2013-07-03,0,0,1.5,实施,2013-07-09,2013-07-08,,,,,,,,,
300156,分红,2016-05-10,0,15,1.0,实施,2016-05-17,2016-05-16,,,,,,,,,
300156,分红,2017-06-12,0,0,1.0,实施,2017-06-19,2017-06-16,,,,,,,,,
300178,分红,2022-04-27,0,0,0.0,不分配,,,,,,,,,,,
300178,分红,2021-04-30,0,0,0.0,不分配,,,,,,,,,,,
300178,分红,2020-05-01,0,0,0.0,不分配,,,,,,,,,,,
300178,分红,2011-04-08,0,0,0.0,不分配,,,,,,,,,,,
300178,分红,2012-06-28,0,0,2.0,实施,2012-07-05,2012-07-04,,,,,,,,,
300178,分红,2013-06-20,0,0,1.0,实施,2013-06-26,2013-06-25,,,,,,,,,
300178,分红,2014-05-29,0,10,1.5,实施,2014-06-05,2014-06-04,,,,,,,,,
300178,分红,2015-04-20,0,12,0.6,实施,2015-04-24,2015-04-23,,,,,,,,,
300178,分红,2016-06-16,0,0,0.3,实施,2016-06-22,2016-06-21,,,,,,,,,
300178,分红,2017-05-25,0,0,0.33,实施,2017-06-02,2017-06-01,,,,,,,,,
300178,分红,2018-05-04,0,0,0.47,实施,2018-05-11,2018-05-10,,,,,,,,,
300178,分红,2019-07-05,0,0,0.28,实施,2019-07-12,2019-07-11,,,,,,,,,
300186,分红,2011-06-01,0,0,3.0,实施,2011-06-08,2011-06-07,,,,,,,,,
300186,分红,2012-04-20,0,0,6.0,实施,2012-04-27,2012-04-26,,,,,,,,,
300186,分红,2013-04-24,0,10,5.0,实施,2013-05-06,2013-05-03,,,,,,,,,
300186,分红,2014-05-13,0,0,3.0,实施,2014-05-20,2014-05-19,,,,,,,,,
300186,分红,2015-06-12,0,0,2.97524,实施,2015-06-18,2015-06-17,,,,,,,,,
300202,分红,2022-04-29,0,0,0.0,不分配,,,,,,,,,,,
300202,分红,2021-04-29,0,0,0.0,不分配,,,,,,,,,,,
300202,分红,2019-04-25,0,0,0.0,不分配,,,,,,,,,,,
300202,分红,2012-06-08,0,10,2.0,实施,2012-06-15,2012-06-14,,,,,,,,,
300202,分红,2013-06-07,0,8,1.5,实施,2013-06-19,2013-06-18,,,,,,,,,
300202,分红,2014-06-12,4,4,1.0,实施,2014-06-18,2014-06-17,,,,,,,,,
300202,分红,2015-07-01,0,0,1.0,实施,2015-07-08,2015-07-07,,,,,,,,,
300202,分红,2016-05-13,0,0,0.8,实施,2016-05-23,2016-05-20,,,,,,,,,
300202,分红,2017-05-17,0,0,3.0,实施,2017-05-24,2017-05-23,,,,,,,,,
300202,分红,2018-05-08,0,0,1.0,实施,2018-05-15,2018-05-14,,,,,,,,,
300202,分红,2020-06-16,0,0,0.8,实施,2020-06-24,2020-06-23,,,,,,,,,
300208,分红,2025-04-30,0,0,0.0,不分配,,,,,,,,,,,
300208,分红,2024-04-29,0,0,0.0,不分配,,,,,,,,,,,
300208,分红,2023-04-26,0,0,0.0,不分配,,,,,,,,,,,
300208,分红,2022-04-16,0,0,0.0,不分配,,,,,,,,,,,
300208,分红,2021-04-09,0,0,0.0,不分配,,,,,,,,,,,
300208,分红,2020-04-16,0,0,0.0,不分配,,,,,,,,,,,
300208,分红,2018-04-25,0,0,0.0,不分配,,,,,,,,,,,
300208,分红,2017-04-26,0,0,0.0,不分配,,,,,,,,,,,
300208,分红,2016-03-26,0,0,0.0,不分配,,,,,,,,,,,
300208,分红,2015-01-27,0,0,0.0,不分配,,,,,,,,,,,
300208,分红,2014-04-25,0,0,0.0,不分配,,,,,,,,,,,
300208,分红,2011-05-28,0,0,0.0,不分配,,,,,,,,,,,
300208,分红,2012-05-08,0,10,2.0,实施,2012-05-16,2012-05-15,,,,,,,,,
300208,分红,2013-03-25,0,10,2.0,实施,2013-04-02,2013-04-01,,,,,,,,,
300208,分红,2015-09-16,5,10,0.6,实施,2015-09-24,2015-09-23,,,,,,,,,
300208,分红,2019-07-05,0,0,0.3,实施,2019-07-12,2019-07-11,,,,,,,,,
300216,分红,2020-06-30,0,0,0.0,不分配,,,,,,,,,,,
300216,分红,2019-04-26,0,0,0.0,不分配,,,,,,,,,,,
300216,分红,2018-06-09,0,0,0.0,不分配,,,,,,,,,,,
300216,分红,2012-05-11,0,10,3.0,实施,2012-05-18,2012-05-17,,,,,,,,,
300216,分红,2013-05-15,0,3,1.0,实施,2013-05-21,2013-05-20,,,,,,,,,
300216,分红,2014-04-24,0,0,1.0,实施,2014-04-30,2014-04-29,,,,,,,,,
300216,分红,2015-04-22,0,10,1.0,实施,2015-04-28,2015-04-27,,,,,,,,,
300216,分红,2016-05-31,0,0,0.3,实施,2016-06-06,2016-06-03,,,,,,,,,
300216,分红,2017-06-28,0,0,0.6,实施,2017-07-06,2017-07-05,,,,,,,,,
300262,分红,2024-04-30,0,0,0.0,预案,,,,,,,,,,,
300262,分红,2023-04-27,0,0,0.0,不分配,,,,,,,,,,,
300262,分红,2022-04-28,0,0,0.0,不分配,,,,,,,,,,,
300262,分红,2021-04-08,0,0,0.0,不分配,,,,,,,,,,,
300262,分红,2018-04-23,0,0,0.0,不分配,,,,,,,,,,,
300262,分红,2016-03-24,0,0,0.0,不分配,,,,,,,,,,,
300262,分红,2012-05-31,0,10,0.0,实施,2012-06-07,2012-06-06,2012-06-07,,,,,,,,
300262,分红,2013-05-21,0,10,0.34,实施,2013-05-27,2013-05-24,,,,,,,,,
300262,分红,2014-05-14,0,0,0.25,实施,2014-05-21,2014-05-20,,,,,,,,,
300262,分红,2015-05-28,1,3,0.3,实施,2015-06-04,2015-06-03,,,,,,,,,
300262,分红,2017-07-07,0,5,0.1,实施,2017-07-14,2017-07-13,,,,,,,,,
300262,分红,2019-07-01,0,0,0.4,实施,2019-07-08,2019-07-05,,,,,,,,,
300262,分红,2020-08-03,0,0,0.13,实施,2020-08-11,2020-08-10,,,,,,,,,
300273,分红,2023-04-29,0,0,0.0,不分配,,,,,,,,,,,
300273,分红,2022-04-29,0,0,0.0,不分配,,,,,,,,,,,
300273,分红,2021-04-28,0,0,0.0,不分配,,,,,,,,,,,
300273,分红,2020-04-25,0,0,0.0,不分配,,,,,,,,,,,
300273,分红,2012-05-24,0,5,5.0,实施,2012-05-31,2012-05-30,,,,,,,,,
300273,分红,2013-05-14,2,10,3.0,实施,2013-05-22,2013-05-21,,,,,,,,,
300273,分红,2014-06-26,0,3,1.0,实施,2014-07-04,2014-07-03,,,,,,,,,
300273,分红,2015-05-19,0,3,0.5,实施,2015-05-26,2015-05-25,,,,,,,,,
300273,分红,2016-07-11,0,0,0.5,实施,2016-07-15,2016-07-14,,,,,,,,,
300273,分红,2017-07-10,0,0,0.15,实施,2017-07-17,2017-07-14,,,,,,,,,
300273,分红,2018-06-13,0,0,0.3,实施,2018-06-21,2018-06-20,,,,,,,,,
300273,分红,2019-07-09,0,0,0.15,实施,2019-07-16,2019-07-15,,,,,,,,,
300280,分红,2024-04-30,0,0,0.0,不分配,,,,,,,,,,,
300280,分红,2019-04-26,0,0,0.0,不分配,,,,,,,,,,,
300280,分红,2018-04-20,0,0,0.0,不分配,,,,,,,,,,,
300280,分红,2012-04-27,0,0,1.0,实施,2012-05-09,2012-05-08,,,,,,,,,
300280,分红,2013-06-04,0,0,0.5,实施,2013-06-14,2013-06-13,,,,,,,,,
300280,分红,2014-06-05,0,0,0.1,实施,2014-06-13,2014-06-12,,,,,,,,,
300280,分红,2015-07-01,0,0,0.2,实施,2015-07-07,2015-07-06,,,,,,,,,
300280,分红,2016-06-23,0,0,0.2,实施,2016-06-29,2016-06-28,,,,,,,,,
300280,分红,2017-06-23,0,0,0.1,实施,2017-06-29,2017-06-28,,,,,,,,,
300280,分红,2020-07-09,0,0,0.5,实施,2020-07-15,2020-07-14,,,,,,,,,
300280,分红,2021-07-13,0,0,0.1,实施,2021-07-19,2021-07-16,,,,,,,,,
300280,分红,2022-07-07,0,0,0.1,实施,2022-07-13,2022-07-12,,,,,,,,,
300280,分红,2023-07-07,0,0,0.1,实施,2023-07-14,2023-07-13,,,,,,,,,
300282,分红,2023-04-28,0,0,0.0,不分配,,,,,,,,,,,
300282,分红,2022-04-29,0,0,0.0,不分配,,,,,,,,,,,
300282,分红,2021-04-21,0,0,0.0,不分配,,,,,,,,,,,
300282,分红,2018-03-30,0,0,0.0,不分配,,,,,,,,,,,
300282,分红,2017-04-07,0,0,0.0,不分配,,,,,,,,,,,
300282,分红,2016-04-15,0,0,0.0,不分配,,,,,,,,,,,
300282,分红,2014-04-09,0,0,0.0,不分配,,,,,,,,,,,
300282,分红,2012-04-12,0,2,1.5,实施,2012-04-20,2012-04-19,,,,,,,,,
300282,分红,2013-05-02,0,3,0.8,实施,2013-05-10,2013-05-09,,,,,,,,,
300282,分红,2015-08-13,0,9,0.16,实施,2015-08-19,2015-08-18,,,,,,,,,
300282,分红,2015-09-26,0,0,0.04,实施,2015-10-09,2015-10-08,,,,,,,,,
300282,分红,2019-05-31,0,5,0.25,实施,2019-06-10,2019-06-06,,,,,,,,,
300282,分红,2020-05-23,0,0,0.2,实施,2020-05-29,2020-05-28,,,,,,,,,
300297,分红,2023-04-26,0,0,0.0,不分配,,,,,,,,,,,
300297,分红,2022-04-28,0,0,0.0,不分配,,,,,,,,,,,
300297,分红,2021-04-30,0,0,0.0,不分配,,,,,,,,,,,
300297,分红,2020-04-30,0,0,0.0,不分配,,,,,,,,,,,
300297,分红,2012-10-16,0,0,0.5,实施,2012-10-22,2012-10-19,,,,,,,,,
300297,分红,2013-07-04,0,10,0.6,实施,2013-07-10,2013-07-09,,,,,,,,,
300297,分红,2014-07-04,0,0,0.15,实施,2014-07-11,2014-07-10,,,,,,,,,
300297,分红,2015-05-22,0,12,0.1,实施,2015-05-29,2015-05-28,,,,,,,,,
300297,分红,2015-09-30,1,9,0.25,实施,2015-10-14,2015-10-13,,,,,,,,,
300297,分红,2016-06-06,0,0,0.026689,实施,2016-06-15,2016-06-14,,,,,,,,,
300297,分红,2017-07-06,0,0,0.300022,实施,2017-07-12,2017-07-11,,,,,,,,,
300297,分红,2018-07-13,0,0,0.360093,实施,2018-07-20,2018-07-19,,,,,,,,,
300297,分红,2019-07-12,0,0,0.319895,实施,2019-07-19,2019-07-18,,,,,,,,,
300309,分红,2023-03-29,0,0,0.0,不分配,,,,,,,,,,,
300309,分红,2022-04-28,0,0,0.0,不分配,,,,,,,,,,,
300309,分红,2021-04-26,0,0,0.0,不分配,,,,,,,,,,,
300309,分红,2020-04-24,0,0,0.0,不分配,,,,,,,,,,,
300309,分红,2019-04-26,0,0,0.0,不分配,,,,,,,,,,,
300309,分红,2018-03-27,0,0,0.0,不分配,,,,,,,,,,,
300309,分红,2017-04-20,0,0,0.0,不分配,,,,,,,,,,,
300309,分红,2012-09-19,0,10,0.0,实施,2012-09-26,2012-09-25,2012-09-26,,,,,,,,
300309,分红,2013-06-03,0,0,0.86,实施,2013-06-13,2013-06-07,,,,,,,,,
300309,分红,2014-05-29,0,0,0.91,实施,2014-06-06,2014-06-05,,,,,,,,,
300309,分红,2015-06-12,0,10,1.09,实施,2015-06-19,2015-06-18,,,,,,,,,
300309,分红,2016-07-06,0,0,0.35,实施,2016-07-13,2016-07-12,,,,,,,,,
300309,分红,2018-09-17,0,8,0.0,实施,2018-09-25,2018-09-21,2018-09-25,,,,,,,,
300312,分红,2021-04-28,0,0,0.0,不分配,,,,,,,,,,,
300312,分红,2020-04-30,0,0,0.0,不分配,,,,,,,,,,,
300312,分红,2019-04-29,0,0,0.0,不分配,,,,,,,,,,,
300312,分红,2018-04-25,0,0,0.0,不分配,,,,,,,,,,,
300312,分红,2017-04-12,0,0,0.0,不分配,,,,,,,,,,,
300312,分红,2014-04-25,0,0,0.0,不分配,,,,,,,,,,,
300312,分红,2013-07-10,0,5,1.5,实施,2013-07-16,2013-07-15,,,,,,,,,
300312,分红,2015-07-03,0,0,0.3,实施,2015-07-13,2015-07-10,,,,,,,,,
300312,分红,2016-05-24,0,10,0.3,实施,2016-05-31,2016-05-30,,,,,,,,,
300325,分红,2022-04-30,0,0,0.0,不分配,,,,,,,,,,,
300325,分红,2021-04-28,0,0,0.0,不分配,,,,,,,,,,,
300325,分红,2020-04-28,0,0,0.0,不分配,,,,,,,,,,,
300325,分红,2019-04-27,0,0,0.0,不分配,,,,,,,,,,,
300325,分红,2012-09-17,0,0,1.0,实施,2012-09-21,2012-09-20,,,,,,,,,
300325,分红,2013-06-04,0,10,1.0,实施,2013-06-14,2013-06-13,,,,,,,,,
300325,分红,2014-05-22,0,10,0.5,实施,2014-05-28,2014-05-27,,,,,,,,,
300325,分红,2015-06-04,0,0,0.4,实施,2015-06-10,2015-06-09,,,,,,,,,
300325,分红,2016-06-07,0,0,0.3937,实施,2016-06-16,2016-06-15,,,,,,,,,
300325,分红,2016-09-08,0,15,0.0,实施,2016-09-19,2016-09-14,2016-09-19,,,,,,,,
300325,分红,2017-06-24,0,0,0.2,实施,2017-06-30,2017-06-29,,,,,,,,,
300325,分红,2018-06-27,0,0,0.050245,实施,2018-07-05,2018-07-04,,,,,,,,,
300330,分红,2023-04-27,0,0,0.0,不分配,,,,,,,,,,,
300330,分红,2022-04-15,0,0,0.0,不分配,,,,,,,,,,,
300330,分红,2021-04-22,0,0,0.0,不分配,,,,,,,,,,,
300330,分红,2020-04-10,0,0,0.0,不分配,,,,,,,,,,,
300330,分红,2019-04-10,0,0,0.0,不分配,,,,,,,,,,,
300330,分红,2018-04-12,0,0,0.0,不分配,,,,,,,,,,,
300330,分红,2017-04-12,0,0,0.0,不分配,,,,,,,,,,,
300330,分红,2016-04-13,0,0,0.0,不分配,,,,,,,,,,,
300330,分红,2012-11-29,0,0,1.5,实施,2012-12-07,2012-12-06,,,,,,,,,
300330,分红,2013-07-24,0,5,1.5,实施,2013-08-01,2013-07-31,,,,,,,,,
300330,分红,2014-07-10,0,4,1.5,实施,2014-07-18,2014-07-17,,,,,,,,,
300330,分红,2015-08-13,0,0,0.2,实施,2015-08-19,2015-08-18,,,,,,,,,
300336,分红,2023-04-27,0,0,0.0,不分配,,,,,,,,,,,
300336,分红,2022-04-28,0,0,0.0,不分配,,,,,,,,,,,
300336,分红,2021-04-29,0,0,0.0,不分配,,,,,,,,,,,
300336,分红,2020-04-29,0,0,0.0,不分配,,,,,,,,,,,
300336,分红,2013-04-15,0,0,5.0,实施,2013-04-23,2013-04-22,,,,,,,,,
300336,分红,2014-04-16,0,10,5.0,实施,2014-04-23,2014-04-22,,,,,,,,,
300336,分红,2015-05-19,0,12,1.0,实施,2015-05-26,2015-05-25,,,,,,,,,
300336,分红,2016-05-16,0,0,1.0,实施,2016-05-20,2016-05-19,,,,,,,,,
300336,分红,2017-06-30,0,0,1.0,实施,2017-07-06,2017-07-05,,,,,,,,,
300336,分红,2018-07-06,0,5,0.5,实施,2018-07-13,2018-07-12,,,,,,,,,
300336,分红,2019-06-01,0,0,0.03,实施,2019-06-11,2019-06-10,,,,,,,,,
300344,分红,2025-04-29,0,0,0.0,不分配,,,,,,,,,,,
300344,分红,2024-04-27,0,0,0.0,不分配,,,,,,,,,,,
300344,分红,2023-04-21,0,0,0.0,不分配,,,,,,,,,,,
300344,分红,2022-04-25,0,0,0.0,不分配,,,,,,,,,,,
300344,分红,2021-04-27,0,0,0.0,不分配,,,,,,,,,,,
300344,分红,2020-04-25,0,0,0.0,不分配,,,,,,,,,,,
300344,分红,2018-04-25,0,0,0.0,不分配,,,,,,,,,,,
300344,分红,2016-04-16,0,0,0.0,不分配,,,,,,,,,,,
300344,分红,2015-04-25,0,0,0.0,不分配,,,,,,,,,,,
300344,分红,2013-05-30,3,3,0.8,实施,2013-06-06,2013-06-05,,,,,,,,,
300344,分红,2014-07-02,1,4,0.25,实施,2014-07-09,2014-07-08,,,,,,,,,
300344,分红,2017-06-21,0,4,0.2,实施,2017-06-28,2017-06-27,,,,,,,,,
300344,分红,2019-06-26,0,4,0.0,实施,2019-07-04,2019-07-03,2019-07-04,,,,,,,,
300356,分红,2023-04-27,0,0,0.0,不分配,,,,,,,,,,,
300356,分红,2022-04-28,0,0,0.0,不分配,,,,,,,,,,,
300356,分红,2021-04-28,0,0,0.0,不分配,,,,,,,,,,,
300356,分红,2020-04-29,0,0,0.0,不分配,,,,,,,,,,,
300356,分红,2019-04-20,0,0,0.0,不分配,,,,,,,,,,,
300356,分红,2018-04-24,0,0,0.0,不分配,,,,,,,,,,,
300356,分红,2013-05-20,0,5,3.0,实施,2013-05-27,2013-05-24,,,,,,,,,
300356,分红,2014-06-24,0,0,1.0,实施,2014-06-30,2014-06-27,,,,,,,,,
300356,分红,2015-06-19,0,0,0.4,实施,2015-06-26,2015-06-25,,,,,,,,,
300356,分红,2016-05-25,0,0,0.2,实施,2016-06-01,2016-05-31,,,,,,,,,
300356,分红,2017-05-10,0,15,0.3,实施,2017-05-17,2017-05-16,,,,,,,,,
300362,分红,2021-06-07,0,25.5,0.0,实施,,2021-06-11,,,,,,,,,
300362,分红,2021-04-30,0,0.0,0.0,不分配,,,,,,,,,,,
300362,分红,2020-04-30,0,0.0,0.0,不分配,,,,,,,,,,,
300362,分红,2019-04-30,0,0.0,0.0,不分配,,,,,,,,,,,
300362,分红,2014-07-05,0,0.0,2.0,实施,2014-07-14,2014-07-11,,,,,,,,,
300362,分红,2015-07-07,0,0.0,0.6,实施,2015-07-13,2015-07-10,,,,,,,,,
300362,分红,2016-07-08,0,19.4058,2.91087,实施,2016-07-15,2016-07-14,,,,,,,,,
300362,分红,2017-06-28,0,0.0,0.6,实施,2017-07-06,2017-07-05,,,,,,,,,
300362,分红,2018-07-06,0,0.0,0.2,实施,2018-07-13,2018-07-12,,,,,,,,,
300367,分红,2022-04-29,0,0.0,0.0,不分配,,,,,,,,,,,
300367,分红,2021-04-30,0,0.0,0.0,不分配,,,,,,,,,,,
300367,分红,2020-06-02,0,0.0,0.0,不分配,,,,,,,,,,,
300367,分红,2014-04-29,4,6.0,2.0,实施,2014-05-07,2014-05-06,,,,,,,,,
300367,分红,2015-04-24,0,15.0,1.2,实施,2015-05-05,2015-05-04,,,,,,,,,
300367,分红,2016-03-03,0,15.0,1.25,实施,2016-03-11,2016-03-10,,,,,,,,,
300367,分红,2017-05-20,0,0.0,0.4,实施,2017-05-26,2017-05-25,,,,,,,,,
300367,分红,2018-05-30,0,0.0,0.45,实施,2018-06-07,2018-06-06,,,,,,,,,
300367,分红,2019-07-09,0,4.00276,0.370255,实施,2019-07-17,2019-07-16,,,,,,,,,
300372,分红,2017-04-25,0,0,0.0,不分配,,,,,,,,,,,
300372,分红,2016-04-26,0,0,0.0,不分配,,,,,,,,,,,
300372,分红,2014-06-17,0,0,1.5,实施,2014-06-24,2014-06-23,,,,,,,,,
300372,分红,2015-05-25,4,6,1.1,实施,2015-06-02,2015-06-01,,,,,,,,,
300379,分红,2025-04-30,0,0,0.0,不分配,,,,,,,,,,,
300379,分红,2024-04-30,0,0,0.0,不分配,,,,,,,,,,,
300379,分红,2019-03-26,0,0,0.0,不分配,,,,,,,,,,,
300379,分红,2018-04-17,0,0,0.0,不分配,,,,,,,,,,,
300379,分红,2014-05-21,0,0,2.0,实施,2014-05-29,2014-05-28,,,,,,,,,
300379,分红,2015-04-10,0,10,2.0,实施,2015-04-16,2015-04-15,,,,,,,,,
300379,分红,2016-05-19,0,0,1.25,实施,2016-05-26,2016-05-25,,,,,,,,,
300379,分红,2017-05-10,0,10,2.0,实施,2017-05-17,2017-05-16,,,,,,,,,
300379,分红,2020-05-28,0,0,1.0,实施,2020-06-05,2020-06-04,,,,,,,,,
300379,分红,2021-06-03,0,6,1.2,实施,2021-06-09,2021-06-08,,,,,,,,,
300379,分红,2022-07-08,0,0,0.9,实施,2022-07-15,2022-07-14,,,,,,,,,
300379,分红,2023-07-20,0,0,0.3,实施,2023-07-27,2023-07-26,,,,,,,,,
300392,分红,2023-04-29,0,0,0.0,不分配,,,,,,,,,,,
300392,分红,2022-04-29,0,0,0.0,不分配,,,,,,,,,,,
300392,分红,2021-04-28,0,0,0.0,不分配,,,,,,,,,,,
300392,分红,2020-04-30,0,0,0.0,不分配,,,,,,,,,,,
300392,分红,2019-04-27,0,0,0.0,不分配,,,,,,,,,,,
300392,分红,2018-04-25,0,0,0.0,不分配,,,,,,,,,,,
300392,分红,2017-04-29,0,0,0.0,不分配,,,,,,,,,,,
300392,分红,2015-04-20,0,10,2.1,实施,2015-04-27,2015-04-24,,,,,,,,,
300392,分红,2015-09-17,0,20,0.0,实施,2015-09-24,2015-09-23,2015-09-24,,,,,,,,
300392,分红,2016-08-15,0,0,0.58,实施,2016-08-23,2016-08-22,,,,,,,,,
300431,分红,2019-04-27,0,0.0,0.0,不分配,,,,,,,,,,,
300431,分红,2016-04-19,0,0.0,0.0,不分配,,,,,,,,,,,
300431,分红,2015-09-11,0,12.0,0.0,实施,2015-09-18,2015-09-17,2015-09-18,,,,,,,,
300431,分红,2017-06-14,0,2.00035,0.250044,实施,2017-06-20,2017-06-19,,,,,,,,,
300431,分红,2018-07-04,0,0.0,0.141042,实施,2018-07-10,2018-07-09,,,,,,,,,
300495,分红,2024-04-29,0,0.0,0.0,不分配,,,,,,,,,,,
300495,分红,2023-04-27,0,0.0,0.0,不分配,,,,,,,,,,,
300495,分红,2022-04-30,0,0.0,0.0,不分配,,,,,,,,,,,
300495,分红,2021-04-30,0,0.0,0.0,不分配,,,,,,,,,,,
300495,分红,2016-04-20,0,20.0,5.8,实施,2016-04-27,2016-04-26,,,,,,,,,
300495,分红,2017-04-21,0,15.0012,1.50012,实施,2017-04-27,2017-04-26,,,,,,,,,
300495,分红,2018-04-23,0,0.0,0.5,实施,2018-05-02,2018-04-27,,,,,,,,,
300495,分红,2019-07-04,0,0.0,1.0,实施,2019-07-12,2019-07-11,,,,,,,,,
300495,分红,2020-07-10,0,0.0,0.53,实施,2020-07-17,2020-07-16,,,,,,,,,
300526,分红,2023-04-28,0,0.0,0.0,不分配,,,,,,,,,,,
300526,分红,2022-04-22,0,0.0,0.0,不分配,,,,,,,,,,,
300526,分红,2021-04-29,0,0.0,0.0,不分配,,,,,,,,,,,
300526,分红,2017-05-23,0,10.0,1.5,实施,2017-05-31,2017-05-26,,,,,,,,,
300526,分红,2018-06-20,0,0.0,0.5,实施,2018-06-27,2018-06-26,,,,,,,,,
300526,分红,2019-07-04,0,0.0,0.301413,实施,2019-07-10,2019-07-09,,,,,,,,,
300526,分红,2020-07-09,0,2.0064,0.331055,实施,2020-07-16,2020-07-15,,,,,,,,,
300630,分红,2024-07-05,0,0.0,0.0,不分配,,,,,,,,,,,
300630,分红,2018-05-16,0,5.0,1.6,实施,2018-05-22,2018-05-21,,,,,,,,,
300630,分红,2019-06-12,0,5.0,2.1,实施,2019-06-19,2019-06-18,,,,,,,,,
300630,分红,2020-06-24,0,5.32175,2.1287,实施,2020-07-03,2020-07-02,,,,,,,,,
300630,分红,2021-07-02,0,0.0,1.87,实施,2021-07-09,2021-07-08,,,,,,,,,
300630,分红,2022-07-06,0,0.0,1.91803,实施,2022-07-13,2022-07-12,,,,,,,,,
300630,分红,2023-07-11,0,0.0,0.787211,实施,2023-07-18,2023-07-17,,,,,,,,,
300742,分红,2023-04-28,0,0,0,不分配,,,,,,,,,,,
300742,分红,2021-04-27,0,0,0,不分配,,,,,,,,,,,
300742,分红,2020-04-27,0,0,0,不分配,,,,,,,,,,,
300742,分红,2019-04-30,0,0,0,不分配,,,,,,,,,,,
300742,分红,2022-05-31,0,8,0,实施,2022-06-08,2022-06-07,2022-06-08,,,,,,,,
300799,分红,2024-04-29,0,0,0.0,不分配,,,,,,,,,,,
300799,分红,2023-04-28,0,0,0.0,不分配,,,,,,,,,,,
300799,分红,2020-07-29,0,5,2.0,实施,2020-08-06,2020-08-05,,,,,,,,,
300799,分红,2021-06-10,0,0,1.35,实施,2021-06-17,2021-06-16,,,,,,,,,
300799,分红,2022-07-04,0,0,0.1,实施,2022-07-11,2022-07-08,,,,,,,,,
600005,分红,2016-04-26,0,0,0.0,不分配,,,,,,,,,,,
600005,分红,2000-08-02,0,0,2.5,实施,2000-08-08,2000-08-07,,,,,,,,,
600005,分红,2001-05-25,0,0,2.8,实施,2001-06-01,2001-05-31,,,,,,,,,
600005,分红,2002-05-28,0,0,2.8,实施,2002-06-03,2002-05-31,,,,,,,,,
600005,分红,2003-06-03,2,0,0.5,实施,2003-06-09,2003-06-06,,,,,,,,,
600005,分红,2004-04-17,0,0,2.3,实施,2004-04-22,2004-04-21,,,,,,,,,
600005,分红,2004-10-12,0,10,0.0,实施,2004-10-18,2004-10-15,2004-10-19,,,,,,,,
600005,分红,2005-05-16,0,0,2.5,实施,2005-05-23,2005-05-20,,,,,,,,,
600005,分红,2006-06-05,0,0,3.0,实施,2006-06-09,2006-06-08,,,,,,,,,
600005,分红,2007-06-20,0,0,3.0,实施,2007-06-26,2007-06-25,,,,,,,,,
600005,分红,2008-06-17,0,0,3.8,实施,2008-06-23,2008-06-20,,,,,,,,,
600005,分红,2009-06-17,0,0,2.2,实施,2009-06-23,2009-06-22,,,,,,,,,
600005,分红,2010-06-17,0,0,1.0,实施,2010-06-23,2010-06-22,,,,,,,,,
600005,分红,2011-06-16,0,0,1.0,实施,2011-06-23,2011-06-22,,,,,,,,,
600005,分红,2012-06-15,0,0,0.5,实施,2012-06-25,2012-06-21,,,,,,,,,
600005,分红,2013-06-14,0,0,0.1,实施,2013-06-21,2013-06-20,,,,,,,,,
600005,分红,2014-06-20,0,0,0.2,实施,2014-06-27,2014-06-26,,,,,,,,,
600005,分红,2015-06-12,0,0,0.5,实施,2015-06-19,2015-06-18,,,,,,,,,
600005,配股,2011-03-23,,,,,,2011-03-25,,3,3.7,7838150000,2011-04-07,,2011-04-01,2011-04-13,
600068,分红,1998-05-12,1,0,0.0,实施,1998-05-18,1998-05-15,1998-05-18,,,,,,,,
600068,分红,1999-06-24,0,0,2.0,实施,1999-06-30,1999-06-29,,,,,,,,,
600068,分红,2001-06-22,0,0,1.0,实施,2001-06-29,2001-06-28,,,,,,,,,
600068,分红,2002-05-28,0,0,0.3,实施,2002-06-03,2002-05-31,,,,,,,,,
600068,分红,2005-08-01,0,0,0.3,实施,2005-08-05,2005-08-04,,,,,,,,,
600068,分红,2006-05-12,0,10,0.0,实施,2006-05-16,2006-05-15,2006-05-17,,,,,,,,
600068,分红,2006-07-11,0,0,0.3,实施,2006-07-18,2006-07-17,,,,,,,,,
600068,分红,2007-06-07,0,0,0.4,实施,2007-06-13,2007-06-12,,,,,,,,,
600068,分红,2008-05-28,0,0,1.2,实施,2008-06-03,2008-06-02,,,,,,,,,
600068,分红,2009-06-16,0,0,1.3,实施,2009-06-23,2009-06-22,,,,,,,,,
600068,分红,2010-07-09,5,0,1.0,实施,2010-07-15,2010-07-14,,,,,,,,,
600068,分红,2011-06-01,0,0,1.0,实施,2011-06-09,2011-06-08,,,,,,,,,
600068,分红,2012-06-11,0,0,1.0,实施,2012-06-15,2012-06-14,,,,,,,,,
600068,分红,2013-06-13,0,0,1.35,实施,2013-06-19,2013-06-18,,,,,,,,,
600068,分红,2014-06-20,0,0,1.04,实施,2014-06-27,2014-06-26,,,,,,,,,
600068,分红,2015-06-19,0,0,1.5,实施,2015-06-26,2015-06-25,,,,,,,,,
600068,分红,2016-06-23,0,0,1.75,实施,2016-06-30,2016-06-29,,,,,,,,,
600068,分红,2017-06-19,0,0,2.06,实施,2017-06-26,2017-06-23,,,,,,,,,
600068,分红,2018-06-15,0,0,2.68,实施,2018-06-25,2018-06-22,,,,,,,,,
600068,分红,2019-08-01,0,0,1.8,实施,2019-08-08,2019-08-07,,,,,,,,,
600068,分红,2020-07-31,0,0,1.56,实施,2020-08-07,2020-08-06,,,,,,,,,
600068,分红,2021-05-14,0,0,0.73,实施,2021-05-21,2021-05-20,,,,,,,,,
600068,配股,1998-06-05,,,,,,1998-06-19,,2.72727,8.0,539000000,1998-06-22,,1998-07-03,1998-07-29,
600068,配股,2000-09-05,,,,,,2000-09-19,,3.0,5.7,623000000,2000-09-20,,2000-10-10,2000-11-14,
600068,配股,2009-10-29,,,,,,2009-11-02,,3.0,4.26,1665410000,2009-11-11,,2009-11-09,2009-11-17,
600069,分红,2020-04-29,0,0,0.0,不分配,,,,,,,,,,,
600069,分红,2019-04-26,0,0,0.0,不分配,,,,,,,,,,,
600069,分红,2017-04-19,0,0,0.0,不分配,,,,,,,,,,,
600069,分红,2016-03-30,0,0,0.0,不分配,,,,,,,,,,,
600069,分红,2015-03-21,0,0,0.0,不分配,,,,,,,,,,,
600069,分红,2014-03-29,0,0,0.0,不分配,,,,,,,,,,,
600069,分红,2013-03-20,0,0,0.0,不分配,,,,,,,,,,,
600069,分红,2012-03-29,0,0,0.0,不分配,,,,,,,,,,,
600069,分红,2011-04-21,0,0,0.0,不分配,,,,,,,,,,,
600069,分红,2009-04-18,0,0,0.0,不分配,,,,,,,,,,,
600069,分红,2007-02-15,0,0,0.0,不分配,,,,,,,,,,,
600069,分红,2006-02-16,0,0,0.0,不分配,,,,,,,,,,,
600069,分红,2005-04-30,0,0,0.0,不分配,,,,,,,,,,,
600069,分红,1998-07-03,0,0,1.25,实施,1998-07-08,1998-07-07,,,,,,,,,
600069,分红,1999-06-14,0,0,1.5,实施,1999-06-18,1999-06-17,,,,,,,,,
600069,分红,1999-10-26,0,10,0.0,实施,1999-11-02,1999-11-01,1999-11-02,,,,,,,,
600069,分红,2008-06-05,0,0,1.0,实施,2008-06-13,2008-06-12,,,,,,,,,
600069,分红,2010-06-10,0,5,0.0,实施,2010-06-21,2010-06-18,2010-06-22,,,,,,,,
600069,分红,2018-05-22,0,3,0.0,实施,2018-05-28,2018-05-25,2018-05-29,,,,,,,,
600069,配股,1998-10-07,,,,,,1998-10-21,,3,7,160000000,1998-10-22,,1998-11-04,1998-11-30,
600070,分红,2025-04-30,0,0.0,0.0,不分配,,,,,,,,,,,
600070,分红,2024-04-27,0,0.0,0.0,不分配,,,,,,,,,,,
600070,分红,2023-04-28,0,0.0,0.0,不分配,,,,,,,,,,,
600070,分红,2022-04-27,0,0.0,0.0,不分配,,,,,,,,,,,
600070,分红,2011-03-29,0,0.0,0.0,不分配,,,,,,,,,,,
600070,分红,2006-05-12,0,7.8,0.0,实施,,2006-05-15,2006-05-17,,,,,,,,
600070,分红,2006-02-28,0,0.0,0.0,不分配,,,,,,,,,,,
600070,分红,1997-08-14,2,0.0,0.0,实施,1997-08-18,1997-08-15,1997-08-18,,,,,,,,
600070,分红,1999-05-12,0,0.0,2.3,实施,1999-05-18,1999-05-17,,,,,,,,,
600070,分红,2001-05-19,0,0.0,2.0,实施,2001-05-28,2001-05-25,,,,,,,,,
600070,分红,2001-11-03,0,0.0,1.6,实施,2001-11-09,2001-11-08,,,,,,,,,
600070,分红,2002-05-16,0,0.0,1.6,实施,2002-05-22,2002-05-21,,,,,,,,,
600070,分红,2003-06-11,0,0.0,1.5,实施,2003-06-18,2003-06-17,,,,,,,,,
600070,分红,2004-06-16,2,0.0,1.5,实施,2004-06-22,2004-06-21,,,,,,,,,
600070,分红,2005-07-01,0,0.0,1.0,实施,2005-07-08,2005-07-07,,,,,,,,,
600070,分红,2007-05-11,0,0.0,0.6,实施,2007-05-17,2007-05-16,,,,,,,,,
600070,分红,2008-05-15,0,0.0,1.0,实施,2008-05-21,2008-05-20,,,,,,,,,
600070,分红,2009-05-09,0,0.0,1.0,实施,2009-05-15,2009-05-14,,,,,,,,,
600070,分红,2010-05-20,0,0.0,2.0,实施,2010-05-26,2010-05-25,,,,,,,,,
600070,分红,2012-05-28,0,3.0,3.0,实施,2012-06-04,2012-06-01,,,,,,,,,
600070,分红,2013-05-31,0,0.0,3.0,实施,2013-06-06,2013-06-05,,,,,,,,,
600070,分红,2014-05-16,0,5.0,3.0,实施,2014-05-22,2014-05-21,,,,,,,,,
600070,分红,2015-06-15,2,1.0,0.5,实施,2015-06-19,2015-06-18,,,,,,,,,
600070,分红,2016-05-13,0,0.0,0.2,实施,2016-05-19,2016-05-18,,,,,,,,,
600070,分红,2017-05-17,0,0.0,1.0,实施,2017-05-24,2017-05-23,,,,,,,,,
600070,分红,2018-06-16,0,0.0,1.0,实施,2018-06-25,2018-06-22,,,,,,,,,
600070,分红,2019-06-18,0,0.0,0.8,实施,2019-06-25,2019-06-24,,,,,,,,,
600070,分红,2020-07-03,0,0.0,0.8,实施,2020-07-10,2020-07-09,,,,,,,,,
600070,分红,2021-06-30,0,0.0,0.49,实施,2021-07-07,2021-07-06,,,,,,,,,
600070,配股,1999-10-19,,,,,,1999-11-02,,3,8,67200000,1999-11-03,,1999-11-17,1999-12-09,
600070,配股,2002-06-14,,,,,,2002-06-21,,3,13,75733000,2002-06-24,,2002-07-05,2002-07-19,
600074,分红,2020-03-13,0,0.0,0.0,不分配,,,,,,,,,,,
600074,分红,2019-04-26,0,0.0,0.0,不分配,,,,,,,,,,,
600074,分红,2018-04-28,0,0.0,0.0,不分配,,,,,,,,,,,
600074,分红,2017-04-20,0,0.0,0.0,不分配,,,,,,,,,,,
600074,分红,2016-02-27,0,0.0,0.0,不分配,,,,,,,,,,,
600074,分红,2015-01-26,0,0.0,0.0,不分配,,,,,,,,,,,
600074,分红,2014-04-30,0,0.0,0.0,不分配,,,,,,,,,,,
600074,分红,2013-09-28,0,3.55,0.0,预案,,,,,,,,,,,
600074,分红,2013-04-26,0,0.0,0.0,不分配,,,,,,,,,,,
600074,分红,2012-04-27,0,0.0,0.0,不分配,,,,,,,,,,,
600074,分红,2011-04-23,0,0.0,0.0,不分配,,,,,,,,,,,
600074,分红,2010-04-24,0,0.0,0.0,不分配,,,,,,,,,,,
600074,分红,2009-04-18,0,0.0,0.0,不分配,,,,,,,,,,,
600074,分红,2008-04-28,0,0.0,0.0,不分配,,,,,,,,,,,
600074,分红,2007-04-30,0,0.0,0.0,不分配,,,,,,,,,,,
600074,分红,1998-10-22,2,0.0,0.0,实施,1998-10-28,1998-10-27,1998-10-28,,,,,,,,
600074,分红,1999-07-02,2,0.0,0.0,实施,1999-07-08,1999-07-07,1999-07-08,,,,,,,,
600074,分红,2001-04-14,0,0.0,1.0,实施,2001-04-20,2001-04-19,,,,,,,,,
600074,分红,2002-07-03,0,0.0,1.0,实施,2002-07-09,2002-07-08,,,,,,,,,
600074,分红,2002-11-08,3,5.0,0.8,实施,2002-11-18,2002-11-15,,,,,,,,,
600074,分红,2004-07-17,0,0.0,1.0,实施,2004-07-23,2004-07-22,,,,,,,,,
600074,分红,2005-06-23,1,0.0,0.5,实施,2005-06-29,2005-06-28,,,,,,,,,
600074,分红,2006-06-15,0,7.61392,0.0,实施,2006-06-19,2006-06-16,2006-06-26,,,,,,,,
600074,分红,2006-08-17,0,0.0,0.2838,实施,2006-08-23,2006-08-22,,,,,,,,,
600074,分红,2014-01-01,0,3.55,0.0,实施,2014-01-06,2013-12-27,2014-01-07,,,,,,,,
600074,配股,1999-09-30,,,,,,1999-10-19,,2.0833,8,129600000,1999-10-20,,1999-11-02,1999-11-19,
600077,分红,2023-04-29,0,0.0,0.0,不分配,,,,,,,,,,,
600077,分红,2022-04-30,0,0.0,0.0,不分配,,,,,,,,,,,
600077,分红,2017-04-15,0,0.0,0.0,不分配,,,,,,,,,,,
600077,分红,2011-03-05,0,0.0,0.0,不分配,,,,,,,,,,,
600077,分红,2010-02-26,0,0.0,0.0,不分配,,,,,,,,,,,
600077,分红,2009-04-23,0,0.0,0.0,不分配,,,,,,,,,,,
600077,分红,2008-04-26,0,0.0,0.0,不分配,,,,,,,,,,,
600077,分红,2007-03-29,0,0.0,0.0,不分配,,,,,,,,,,,
600077,分红,2006-12-12,0,6.94,0.0,实施,,2006-12-13,2006-12-15,,,,,,,,
600077,分红,2006-02-16,0,0.0,0.0,不分配,,,,,,,,,,,
600077,分红,2005-05-26,0,0.0,0.0,不分配,,,,,,,,,,,
600077,分红,1997-08-20,4,2.0,0.0,实施,1997-08-26,1997-08-25,1997-08-26,,,,,,,,
600077,分红,1999-03-17,2,1.0,0.0,实施,1999-03-22,1999-03-19,1999-03-22,,,,,,,,
600077,分红,2001-07-09,0,0.0,1.0,实施,2001-07-13,2001-07-12,,,,,,,,,
600077,分红,2012-07-02,0,10.0,0.6,实施,2012-07-06,2012-07-05,,,,,,,,,
600077,分红,2013-05-08,0,0.0,0.37,实施,2013-05-14,2013-05-13,,,,,,,,,
600077,分红,2014-06-18,0,0.0,0.35,实施,2014-06-24,2014-06-23,,,,,,,,,
600077,分红,2015-07-10,0,0.0,0.1,实施,2015-07-16,2015-07-15,,,,,,,,,
600077,分红,2016-06-02,0,0.0,0.06,实施,2016-06-08,2016-06-07,,,,,,,,,
600077,分红,2018-04-18,0,0.0,0.15,实施,2018-04-25,2018-04-24,,,,,,,,,
600077,分红,2019-06-14,0,0.0,0.31,实施,2019-06-21,2019-06-20,,,,,,,,,
600077,分红,2020-07-16,0,0.0,0.4,实施,2020-07-23,2020-07-22,,,,,,,,,
600077,分红,2021-07-16,0,0.0,0.1,实施,2021-07-23,2021-07-22,,,,,,,,,
600077,配股,1999-10-13,,,,,,1999-10-27,,2.3077,9.6,104125000,1999-10-28,,1999-11-10,1999-12-28,
600083,分红,2024-04-30,0,0,0,不分配,,,,,,,,,,,
600083,分红,2023-04-28,0,0,0,不分配,,,,,,,,,,,
600083,分红,2022-04-29,0,0,0,不分配,,,,,,,,,,,
600083,分红,2021-04-28,0,0,0,不分配,,,,,,,,,,,
600083,分红,2020-04-28,0,0,0,不分配,,,,,,,,,,,
600083,分红,2019-04-30,0,0,0,不分配,,,,,,,,,,,
600083,分红,2018-04-25,0,0,0,不分配,,,,,,,,,,,
600083,分红,2017-04-08,0,0,0,不分配,,,,,,,,,,,
600083,分红,2016-04-29,0,0,0,不分配,,,,,,,,,,,
600083,分红,2015-04-28,0,0,0,不分配,,,,,,,,,,,
600083,分红,2014-03-04,0,0,0,不分配,,,,,,,,,,,
600083,分红,2013-01-26,0,0,0,不分配,,,,,,,,,,,
600083,分红,2012-03-16,0,0,0,不分配,,,,,,,,,,,
600083,分红,2011-03-01,0,0,0,不分配,,,,,,,,,,,
600083,分红,2010-04-23,0,0,0,不分配,,,,,,,,,,,
600083,分红,2009-04-30,0,0,0,不分配,,,,,,,,,,,
600083,分红,2008-02-29,0,0,0,不分配,,,,,,,,,,,
600083,分红,2007-04-28,0,0,0,不分配,,,,,,,,,,,
600083,分红,2006-03-31,0,0,0,不分配,,,,,,,,,,,
600083,分红,2005-03-26,0,0,0,不分配,,,,,,,,,,,
600086,分红,2020-06-23,0,0,0.0,不分配,,,,,,,,,,,
600086,分红,2019-04-30,0,0,0.0,不分配,,,,,,,,,,,
600086,分红,2018-04-21,0,0,0.0,不分配,,,,,,,,,,,
600086,分红,2016-04-28,0,0,0.0,不分配,,,,,,,,,,,
600086,分红,2015-03-21,0,0,0.0,不分配,,,,,,,,,,,
600086,分红,2014-04-19,0,0,0.0,不分配,,,,,,,,,,,
600086,分红,2013-04-08,0,0,0.0,不分配,,,,,,,,,,,
600086,分红,2012-03-31,0,0,0.0,不分配,,,,,,,,,,,
600086,分红,2011-03-26,0,0,0.0,不分配,,,,,,,,,,,
600086,分红,2010-04-28,0,0,0.0,不分配,,,,,,,,,,,
600086,分红,2009-04-30,0,0,0.0,不分配,,,,,,,,,,,
600086,分红,2008-04-26,0,0,0.0,不分配,,,,,,,,,,,
600086,分红,2007-04-21,0,0,0.0,不分配,,,,,,,,,,,
600086,分红,2006-04-01,0,0,0.0,不分配,,,,,,,,,,,
600086,分红,2005-04-29,0,0,0.0,不分配,,,,,,,,,,,
600086,分红,1998-05-21,0,0,3.0,实施,1998-05-27,1998-05-26,,,,,,,,,
600086,分红,1999-04-28,3,5,0.75,实施,1999-05-05,1999-05-04,,,,,,,,,
600086,分红,2001-04-11,1,5,0.25,实施,2001-04-18,2001-04-17,,,,,,,,,
600086,分红,2002-06-14,0,0,0.1,实施,2002-06-20,2002-06-19,,,,,,,,,
600086,分红,2015-10-17,0,20,0.0,实施,2015-10-22,2015-10-21,2015-10-23,,,,,,,,
600086,分红,2017-07-26,0,0,0.22,实施,2017-08-01,2017-07-31,,,,,,,,,
600086,配股,2000-02-16,,,,,,2000-03-01,,1.666,7.28,208728000,2000-03-02,,2000-03-16,2000-03-31,
600087,分红,2014-03-22,0.0,0.0,0.0,不分配,,,,,,,,,,,
600087,分红,2013-04-20,0.0,0.0,0.0,不分配,,,,,,,,,,,
600087,分红,2012-04-12,0.0,0.0,0.0,不分配,,,,,,,,,,,
600087,分红,2010-02-09,0.0,0.0,0.0,不分配,,,,,,,,,,,
600087,分红,1998-05-27,0.0,0.0,3.5,实施,1998-06-02,1998-06-01,,,,,,,,,
600087,分红,2000-06-20,0.0,0.0,5.0,实施,2000-06-23,2000-06-22,,,,,,,,,
600087,分红,2000-09-05,0.0,6.0,0.0,实施,2000-09-11,2000-09-08,2000-09-11,,,,,,,,
600087,分红,2001-04-24,0.0,0.0,3.0,实施,2001-05-08,2001-04-30,,,,,,,,,
600087,分红,2002-05-18,0.0,0.0,3.0,实施,2002-05-23,2002-05-22,,,,,,,,,
600087,分红,2003-05-16,0.0,0.0,4.0,实施,2003-05-22,2003-05-21,,,,,,,,,
600087,分红,2003-10-15,0.0,9.96017,0.0,实施,2003-10-21,2003-10-20,2003-10-22,,,,,,,,
600087,分红,2004-06-15,0.0,0.0,1.0,实施,2004-06-21,2004-06-18,,,,,,,,,
600087,分红,2005-05-17,0.0,0.0,2.0,实施,2005-05-23,2005-05-20,,,,,,,,,
600087,分红,2006-06-19,0.0,0.0,1.5,实施,2006-06-23,2006-06-22,,,,,,,,,
600087,分红,2007-06-25,0.0,0.0,1.0,实施,2007-07-02,2007-06-29,,,,,,,,,
600087,分红,2008-05-08,2.0,6.0,1.5,实施,2008-05-14,2008-05-13,,,,,,,,,
600087,分红,2009-05-05,0.0,0.0,1.0,实施,2009-05-11,2009-05-08,,,,,,,,,
600087,分红,2011-06-13,0.9,7.1,0.1,实施,2011-06-17,2011-06-16,,,,,,,,,
600087,配股,1999-08-30,,,,,,1999-09-13,,3,8.55,124786000,1999-09-14,,1999-09-27,1999-10-19,
600090,分红,2021-04-30,0.0,0.0,0.0,不分配,,,,,,,,,,,
600090,分红,2020-06-30,0.0,0.0,0.0,不分配,,,,,,,,,,,
600090,分红,2019-04-24,0.0,0.0,0.0,不分配,,,,,,,,,,,
600090,分红,2018-06-25,0.0,0.0,0.0,不分配,,,,,,,,,,,
600090,分红,2017-04-22,0.0,0.0,0.0,不分配,,,,,,,,,,,
600090,分红,2016-04-20,0.0,0.0,0.0,不分配,,,,,,,,,,,
600090,分红,2015-03-14,0.0,0.0,0.0,不分配,,,,,,,,,,,
600090,分红,2014-04-22,0.0,0.0,0.0,不分配,,,,,,,,,,,
600090,分红,2013-04-17,0.0,0.0,0.0,不分配,,,,,,,,,,,
600090,分红,2012-04-18,0.0,0.0,0.0,不分配,,,,,,,,,,,
600090,分红,2011-04-13,0.0,0.0,0.0,不分配,,,,,,,,,,,
600090,分红,2010-03-31,0.0,0.0,0.0,不分配,,,,,,,,,,,
600090,分红,2009-02-23,0.0,0.0,0.0,不分配,,,,,,,,,,,
600090,分红,2008-04-29,0.0,0.0,0.0,不分配,,,,,,,,,,,
600090,分红,2007-03-31,0.0,0.0,0.0,不分配,,,,,,,,,,,
600090,分红,2006-04-29,0.0,0.0,0.0,不分配,,,,,,,,,,,
600090,分红,2005-07-01,0.0,0.0,0.0,不分配,,,,,,,,,,,
600090,分红,1998-08-28,2.0,4.0,0.0,实施,1998-09-03,1998-09-02,1998-09-03,,,,,,,,
600090,分红,2000-08-02,1.5,4.5,0.375,实施,2000-08-08,2000-08-07,,,,,,,,,
600090,分红,2001-04-12,1.5,4.5,0.375,实施,2001-04-19,2001-04-18,,,,,,,,,
600090,分红,2002-07-30,0.0,0.0,0.5,实施,2002-08-06,2002-08-05,,,,,,,,,
600090,分红,2018-12-20,0.0,0.0,2.0,实施,2018-12-26,2018-12-25,,,,,,,,,
600090,配股,2000-02-17,,,,,,2000-03-01,,3,8.8,128000000,2000-03-02,,2000-03-15,2000-04-06,
600091,分红,2022-04-28,0,0,0.0,不分配,,,,,,,,,,,
600091,分红,2021-04-29,0,0,0.0,不分配,,,,,,,,,,,
600091,分红,2020-04-29,0,0,0.0,不分配,,,,,,,,,,,
600091,分红,2019-04-26,0,0,0.0,不分配,,,,,,,,,,,
600091,分红,2018-04-27,0,0,0.0,不分配,,,,,,,,,,,
600091,分红,2017-03-11,0,0,0.0,不分配,,,,,,,,,,,
600091,分红,2016-03-23,0,0,0.0,不分配,,,,,,,,,,,
600091,分红,2015-04-30,0,0,0.0,不分配,,,,,,,,,,,
600091,分红,2014-04-30,0,0,0.0,不分配,,,,,,,,,,,
600091,分红,2013-04-27,0,0,0.0,不分配,,,,,,,,,,,
600091,分红,2012-04-28,0,0,0.0,不分配,,,,,,,,,,,
600091,分红,2011-04-27,0,0,0.0,不分配,,,,,,,,,,,
600091,分红,2010-04-30,0,0,0.0,不分配,,,,,,,,,,,
600091,分红,2009-04-28,0,0,0.0,不分配,,,,,,,,,,,
600091,分红,2008-04-26,0,0,0.0,不分配,,,,,,,,,,,
600091,分红,2007-04-28,0,0,0.0,不分配,,,,,,,,,,,
600091,分红,2006-04-08,0,0,0.0,不分配,,,,,,,,,,,
600091,分红,2005-06-01,0,0,0.0,不分配,,,,,,,,,,,
600091,分红,1998-02-18,0,10,0.0,实施,1998-02-24,1998-02-23,1998-02-24,,,,,,,,
600091,分红,2001-05-15,0,0,2.0,实施,2001-05-22,2001-05-21,,,,,,,,,
600091,分红,2002-11-12,0,0,0.6,实施,2002-11-18,2002-11-15,,,,,,,,,
600091,配股,1999-12-01,,,,,,1999-12-10,,3,14.23,202400000,1999-12-13,,1999-12-24,2000-01-06,
600093,分红,2022-04-27,0,0.0,0.0,不分配,,,,,,,,,,,
600093,分红,2021-07-06,0,0.0,0.0,不分配,,,,,,,,,,,
600093,分红,2020-04-30,0,0.0,0.0,不分配,,,,,,,,,,,
600093,分红,2019-04-29,0,0.0,0.0,不分配,,,,,,,,,,,
600093,分红,2015-03-28,0,0.0,0.0,不分配,,,,,,,,,,,
600093,分红,2014-04-16,0,0.0,0.0,不分配,,,,,,,,,,,
600093,分红,2013-03-08,0,0.0,0.0,不分配,,,,,,,,,,,
600093,分红,2012-03-26,0,0.0,0.0,不分配,,,,,,,,,,,
600093,分红,2011-03-26,0,0.0,0.0,不分配,,,,,,,,,,,
600093,分红,2010-03-18,0,0.0,0.0,不分配,,,,,,,,,,,
600093,分红,2009-04-10,0,0.0,0.0,不分配,,,,,,,,,,,
600093,分红,2008-04-11,0,0.0,0.0,不分配,,,,,,,,,,,
600093,分红,2007-03-31,0,0.0,0.0,不分配,,,,,,,,,,,
600093,分红,2006-04-22,0,0.0,0.0,不分配,,,,,,,,,,,
600093,分红,2005-05-21,0,0.0,0.0,不分配,,,,,,,,,,,
600093,分红,1998-02-09,0,7.0,0.0,实施,1998-02-16,1998-02-13,1998-02-16,,,,,,,,
600093,分红,1998-07-25,0,0.0,0.47,实施,1998-07-30,1998-07-29,,,,,,,,,
600093,分红,2001-05-30,0,0.0,0.5,实施,2001-06-07,2001-06-06,,,,,,,,,
600093,分红,2001-10-08,0,5.0,0.0,实施,2001-10-15,2001-10-12,2001-10-15,,,,,,,,
600093,分红,2003-04-30,2,3.0,0.0,实施,2003-04-30,2003-04-29,2003-05-12,,,,,,,,
600093,分红,2006-12-01,0,3.1,0.0,实施,2006-12-05,2006-12-04,2006-12-06,,,,,,,,
600093,分红,2016-07-08,0,0.0,0.4,实施,2016-07-15,2016-07-14,,,,,,,,,
600093,分红,2017-07-07,0,0.0,2.7,实施,2017-07-14,2017-07-13,,,,,,,,,
600093,分红,2018-07-24,0,0.0,3.63,实施,2018-07-31,2018-07-30,,,,,,,,,
600102,分红,2006-03-24,0,0,0.0,不分配,,,,,,,,,,,
600102,分红,1998-04-23,3,2,0.0,实施,1998-04-29,1998-04-28,1998-04-29,,,,,,,,
600102,分红,1999-06-04,0,0,2.5,实施,1999-06-08,1999-06-07,,,,,,,,,
600102,分红,2001-04-26,0,0,2.6,实施,2001-05-10,2001-05-09,,,,,,,,,
600102,分红,2002-05-17,0,0,0.6,实施,2002-05-23,2002-05-22,,,,,,,,,
600102,分红,2003-05-20,0,0,2.5,实施,2003-05-27,2003-05-26,,,,,,,,,
600102,分红,2004-04-14,0,0,5.0,实施,2004-04-20,2004-04-19,,,,,,,,,
600102,分红,2005-06-03,0,0,4.0,实施,2005-06-16,2005-06-15,,,,,,,,,
600102,分红,2007-06-06,0,0,3.97,实施,2007-06-12,2007-06-11,,,,,,,,,
600102,分红,2008-05-15,0,0,6.12,实施,2008-05-21,2008-05-20,,,,,,,,,
600102,分红,2009-05-25,0,0,1.5,实施,2009-06-02,2009-06-01,,,,,,,,,
600102,分红,2010-05-13,0,0,0.6,实施,2010-05-19,2010-05-18,,,,,,,,,
600102,分红,2011-05-18,0,0,0.6,实施,2011-05-24,2011-05-23,,,,,,,,,
600102,配股,1999-08-20,,,,,,1999-09-03,,3,6.25,794700000,1999-09-06,,1999-09-17,1999-10-13,
600102,配股,2002-06-29,,,,,,2002-07-05,,3,7.7,871182000,2002-07-08,,2002-07-19,2002-07-30,
600112,分红,2024-04-30,0,0.0,0.0,不分配,,,,,,,,,,,
600112,分红,2023-04-29,0,0.0,0.0,不分配,,,,,,,,,,,
600112,分红,2022-04-30,0,0.0,0.0,不分配,,,,,,,,,,,
600112,分红,2021-04-30,0,0.0,0.0,不分配,,,,,,,,,,,
600112,分红,2020-06-29,0,0.0,0.0,不分配,,,,,,,,,,,
600112,分红,2019-04-27,0,0.0,0.0,不分配,,,,,,,,,,,
600112,分红,2018-04-25,0,0.0,0.0,不分配,,,,,,,,,,,
600112,分红,2017-04-26,0,0.0,0.0,不分配,,,,,,,,,,,
600112,分红,2016-04-30,0,0.0,0.0,不分配,,,,,,,,,,,
600112,分红,2011-04-09,0,0.0,0.0,不分配,,,,,,,,,,,
600112,分红,2009-04-25,0,0.0,0.0,不分配,,,,,,,,,,,
600112,分红,2006-03-25,0,0.0,0.0,不分配,,,,,,,,,,,
600112,分红,2005-05-10,0,0.0,0.0,不分配,,,,,,,,,,,
600112,分红,1998-06-09,0,0.0,0.1,实施,1998-06-12,1998-06-11,,,,,,,,,
600112,分红,1999-06-18,0,0.0,1.0,实施,1999-06-24,1999-06-23,,,,,,,,,
600112,分红,2000-06-20,0,0.0,1.0,实施,2000-06-26,2000-06-23,,,,,,,,,
600112,分红,2001-06-15,0,0.0,0.5,实施,2001-06-22,2001-06-21,,,,,,,,,
600112,分红,2006-02-22,0,1.5518,0.0,实施,2006-02-24,2006-02-23,2006-02-27,,,,,,,,
600112,分红,2007-05-21,0,3.0,0.0,实施,2007-05-25,2007-05-24,2007-05-28,,,,,,,,
600112,分红,2008-03-07,1,1.5,0.12,实施,2008-03-13,2008-03-12,,,,,,,,,
600112,分红,2010-03-06,2,0.0,0.23,实施,2010-03-11,2010-03-10,,,,,,,,,
600112,分红,2012-05-29,0,2.0,0.1,实施,2012-06-04,2012-06-01,,,,,,,,,
600112,分红,2013-03-12,0,0.0,0.05,实施,2013-03-18,2013-03-15,,,,,,,,,
600112,分红,2014-07-11,0,0.0,0.05,实施,2014-07-17,2014-07-16,,,,,,,,,
600112,分红,2015-07-07,0,0.0,0.05,实施,2015-07-13,2015-07-10,,,,,,,,,
600112,配股,1999-07-13,,,,,,1999-07-27,,3,6,160000000,1999-07-28,,1999-08-10,1999-08-30,
600122,分红,2023-04-29,0,0,0.0,不分配,,,,,,,,,,,
600122,分红,2022-04-20,0,0,0.0,不分配,,,,,,,,,,,
600122,分红,2021-04-29,0,0,0.0,不分配,,,,,,,,,,,
600122,分红,2020-04-29,0,0,0.0,不分配,,,,,,,,,,,
600122,分红,2019-04-26,0,0,0.0,不分配,,,,,,,,,,,
600122,分红,2012-03-30,0,0,0.0,不分配,,,,,,,,,,,
600122,分红,2010-02-10,0,0,0.0,不分配,,,,,,,,,,,
600122,分红,2009-03-21,0,0,0.0,不分配,,,,,,,,,,,
600122,分红,2008-01-28,0,0,0.0,不分配,,,,,,,,,,,
600122,分红,2007-02-28,0,0,0.0,不分配,,,,,,,,,,,
600122,分红,2006-04-20,0,0,0.0,不分配,,,,,,,,,,,
600122,分红,2005-07-01,0,0,0.0,不分配,,,,,,,,,,,
600122,分红,1998-11-25,0,0,1.5,实施,1998-12-01,1998-11-30,,,,,,,,,
600122,分红,1999-05-13,0,6,0.0,实施,1999-05-24,1999-05-21,1999-05-24,,,,,,,,
600122,分红,2000-06-08,0,0,1.0,实施,2000-06-14,2000-06-13,,,,,,,,,
600122,分红,2000-09-18,0,5,0.0,实施,2000-09-22,2000-09-21,2000-09-22,,,,,,,,
600122,分红,2002-08-10,0,0,0.4,实施,2002-08-15,2002-08-14,,,,,,,,,
600122,分红,2011-04-15,2,8,0.3,实施,2011-04-21,2011-04-20,,,,,,,,,
600122,分红,2013-05-07,0,0,0.21,实施,2013-05-13,2013-05-10,,,,,,,,,
600122,分红,2014-04-30,0,0,0.3,实施,2014-05-08,2014-05-07,,,,,,,,,
600122,分红,2015-05-15,0,0,0.4,实施,2015-05-22,2015-05-21,,,,,,,,,
600122,分红,2016-05-13,0,0,0.4,实施,2016-05-20,2016-05-19,,,,,,,,,
600122,分红,2017-06-02,0,0,0.4,实施,2017-06-09,2017-06-08,,,,,,,,,
600122,分红,2018-06-15,0,0,0.55,实施,2018-06-25,2018-06-22,,,,,,,,,
600122,配股,2001-02-09,,,,,,2001-02-23,,2,14,295200000,2001-02-26,,2001-03-12,2001-03-30,
600139,分红,2022-04-30,0,0,0.0,不分配,,,,,,,,,,,
600139,分红,2021-04-30,0,0,0.0,不分配,,,,,,,,,,,
600139,分红,2020-04-30,0,0,0.0,不分配,,,,,,,,,,,
600139,分红,2019-04-30,0,0,0.0,不分配,,,,,,,,,,,
600139,分红,2018-04-28,0,0,0.0,不分配,,,,,,,,,,,
600139,分红,2017-04-22,0,0,0.0,不分配,,,,,,,,,,,
600139,分红,2016-04-29,0,0,0.0,不分配,,,,,,,,,,,
600139,分红,2015-04-30,0,0,0.0,不分配,,,,,,,,,,,
600139,分红,2014-03-12,0,0,0.0,不分配,,,,,,,,,,,
600139,分红,2010-01-30,0,0,0.0,不分配,,,,,,,,,,,
600139,分红,2008-04-23,0,0,0.0,不分配,,,,,,,,,,,
600139,分红,2007-04-10,0,0,0.0,不分配,,,,,,,,,,,
600139,分红,2007-02-12,0,2,0.0,实施,,2007-02-13,2007-02-15,,,,,,,,
600139,分红,2006-04-29,0,0,0.0,不分配,,,,,,,,,,,
600139,分红,2005-03-19,0,0,0.0,不分配,,,,,,,,,,,
600139,分红,1998-05-19,1,3,4.0,实施,1998-05-22,1998-05-21,,,,,,,,,
600139,分红,2001-07-05,0,0,1.0,实施,2001-07-12,2001-07-11,,,,,,,,,
600139,分红,2009-05-22,0,4,0.0,实施,2009-06-02,2009-06-01,2009-06-03,,,,,,,,
600139,分红,2009-08-24,0,4,0.0,实施,2009-09-01,2009-08-31,2009-09-02,,,,,,,,
600139,分红,2011-03-28,4,0,0.45,实施,2011-04-01,2011-03-31,,,,,,,,,
600139,分红,2012-04-20,0,8,0.0,实施,2012-04-26,2012-04-25,2012-04-27,,,,,,,,
600139,分红,2013-05-16,0,0,4.0,实施,2013-05-22,2013-05-21,,,,,,,,,
600145,分红,2021-04-27,0.0,0.0,0.0,不分配,,,,,,,,,,,
600145,分红,2020-08-28,0.0,0.0,0.0,不分配,,,,,,,,,,,
600145,分红,2019-05-09,0.0,0.0,0.0,不分配,,,,,,,,,,,
600145,分红,2018-04-28,0.0,0.0,0.0,不分配,,,,,,,,,,,
600145,分红,2017-04-28,0.0,0.0,0.0,不分配,,,,,,,,,,,
600145,分红,2016-04-28,0.0,0.0,0.0,不分配,,,,,,,,,,,
600145,分红,2015-11-25,0.0,29.48,0.0,预案,,,,,,,,,,,
600145,分红,2015-04-29,0.0,0.0,0.0,不分配,,,,,,,,,,,
600145,分红,2014-04-30,0.0,0.0,0.0,不分配,,,,,,,,,,,
600145,分红,2013-03-12,0.0,0.0,0.0,不分配,,,,,,,,,,,
600145,分红,2012-03-30,0.0,0.0,0.0,不分配,,,,,,,,,,,
600145,分红,2011-04-30,0.0,0.0,0.0,不分配,,,,,,,,,,,
600145,分红,2010-04-30,0.0,0.0,0.0,不分配,,,,,,,,,,,
600145,分红,2009-04-30,0.0,0.0,0.0,不分配,,,,,,,,,,,
600145,分红,2008-04-30,0.0,0.0,0.0,不分配,,,,,,,,,,,
600145,分红,2006-04-29,0.0,0.0,0.0,不分配,,,,,,,,,,,
600145,分红,2005-06-16,0.0,0.0,0.0,不分配,,,,,,,,,,,
600145,分红,2000-12-14,1.0,0.0,0.25,实施,2000-12-19,2000-12-18,,,,,,,,,
600145,分红,2001-03-20,1.0,7.0,0.25,实施,2001-03-26,2001-03-23,,,,,,,,,
600145,分红,2002-04-09,2.0,2.0,0.5,实施,2002-04-15,2002-04-12,,,,,,,,,
600145,分红,2006-11-06,2.5,0.0,0.10008,实施,2006-11-08,2006-11-07,2006-11-09,,,,,,,,
600145,分红,2007-07-20,0.0,0.0,0.1,实施,2007-07-26,2007-07-25,,,,,,,,,
600145,分红,2016-03-17,0.0,29.48,0.0,实施,2016-03-18,2015-12-07,2016-03-21,,,,,,,,
600146,分红,2021-04-30,0,0,0,不分配,,,,,,,,,,,
600146,分红,2020-06-23,0,0,0,不分配,,,,,,,,,,,
600146,分红,2019-04-30,0,0,0,不分配,,,,,,,,,,,
600146,分红,2018-04-26,0,0,0,不分配,,,,,,,,,,,
600146,分红,2017-03-21,0,0,0,不分配,,,,,,,,,,,
600146,分红,2016-04-29,0,0,0,不分配,,,,,,,,,,,
600146,分红,2015-04-30,0,0,0,不分配,,,,,,,,,,,
600146,分红,2014-04-05,0,0,0,不分配,,,,,,,,,,,
600146,分红,2013-02-22,0,0,0,不分配,,,,,,,,,,,
600146,分红,2012-04-28,0,0,0,不分配,,,,,,,,,,,
600146,分红,2011-01-31,0,0,0,不分配,,,,,,,,,,,
600146,分红,2010-02-10,0,0,0,不分配,,,,,,,,,,,
600146,分红,2009-02-20,0,0,0,不分配,,,,,,,,,,,
600146,分红,2008-04-30,0,0,0,不分配,,,,,,,,,,,
600146,分红,2007-04-18,0,0,0,不分配,,,,,,,,,,,
600146,分红,2006-03-07,0,0,0,不分配,,,,,,,,,,,
600146,分红,2005-04-05,0,0,0,不分配,,,,,,,,,,,
600175,分红,2020-04-30,0.0,0.0,0.0,不分配,,,,,,,,,,,
600175,分红,2019-04-23,0.0,0.0,0.0,不分配,,,,,,,,,,,
600175,分红,2018-05-03,0.0,0.0,0.0,不分配,,,,,,,,,,,
600175,分红,2016-05-20,0.0,0.0,0.0,不分配,,,,,,,,,,,
600175,分红,2009-04-29,0.0,0.0,0.0,不分配,,,,,,,,,,,
600175,分红,2000-05-27,0.0,10.0,5.0,实施,2000-06-02,2000-06-01,,,,,,,,,
600175,分红,2001-07-27,0.0,0.0,1.0,实施,2001-08-03,2001-08-02,,,,,,,,,
600175,分红,2005-07-19,0.0,2.0,0.0,实施,2005-07-26,2005-07-25,2005-07-27,,,,,,,,
600175,分红,2006-07-11,0.0,3.0,0.3,实施,2006-07-17,2006-07-14,,,,,,,,,
600175,分红,2007-07-14,0.0,0.0,0.3,实施,2007-07-19,2007-07-18,,,,,,,,,
600175,分红,2008-05-22,2.5,2.5,0.3,实施,2008-05-28,2008-05-27,,,,,,,,,
600175,分红,2010-04-24,0.0,12.0,0.3,实施,2010-04-29,2010-04-28,,,,,,,,,
600175,分红,2011-06-02,0.5,0.5,0.1,实施,2011-06-09,2011-06-08,,,,,,,,,
600175,分红,2012-06-02,1.0,0.0,0.12,实施,2012-06-08,2012-06-07,,,,,,,,,
600175,分红,2013-05-28,0.0,0.0,0.08,实施,2013-06-03,2013-05-31,,,,,,,,,
600175,分红,2014-06-10,0.5,0.0,0.13,实施,2014-06-16,2014-06-13,,,,,,,,,
600175,分红,2015-05-14,0.0,0.0,0.06,实施,2015-05-20,2015-05-19,,,,,,,,,
600175,分红,2016-10-25,0.0,0.0,0.05,实施,2016-10-31,2016-10-28,,,,,,,,,
600175,分红,2017-06-02,0.0,0.0,0.1,实施,2017-06-09,2017-06-08,,,,,,,,,
600190,分红,2025-04-30,0.0,0.0,0.0,不分配,,,,,,,,,,,
600190,分红,2023-04-28,0.0,0.0,0.0,不分配,,,,,,,,,,,
600190,分红,2012-03-20,0.0,0.0,0.0,不分配,,,,,,,,,,,
600190,分红,2010-03-25,0.0,0.0,0.0,不分配,,,,,,,,,,,
600190,分红,2008-03-26,0.0,0.0,0.0,不分配,,,,,,,,,,,
600190,分红,2007-04-13,0.0,0.0,0.0,不分配,,,,,,,,,,,
600190,分红,2005-06-29,0.0,0.0,0.0,不分配,,,,,,,,,,,
600190,分红,2001-06-04,4.0,1.0,1.0,实施,2001-06-11,2001-06-08,,,,,,,,,
600190,分红,2006-05-31,0.0,0.0,0.3,实施,2006-06-06,2006-06-05,,,,,,,,,
600190,分红,2006-06-27,0.0,1.1515,0.0,实施,2006-07-03,2006-06-30,2006-07-11,,,,,,,,
600190,分红,2009-06-10,1.5,0.5,0.3,实施,2009-06-16,2009-06-15,,,,,,,,,
600190,分红,2011-06-15,0.0,0.0,0.5,实施,2011-06-23,2011-06-22,,,,,,,,,
600190,分红,2013-05-27,0.0,0.0,0.26,实施,2013-05-31,2013-05-30,,,,,,,,,
600190,分红,2014-05-12,0.0,0.0,0.25,实施,2014-05-16,2014-05-15,,,,,,,,,
600190,分红,2015-06-29,0.0,0.0,0.34,实施,2015-07-03,2015-07-02,,,,,,,,,
600190,分红,2016-06-07,0.0,0.0,0.2,实施,2016-06-15,2016-06-14,,,,,,,,,
600190,分红,2017-08-08,0.0,0.0,0.1,实施,2017-08-14,2017-08-11,,,,,,,,,
600190,分红,2018-07-04,0.0,0.0,0.22,实施,2018-07-11,2018-07-10,,,,,,,,,
600190,分红,2019-06-12,0.0,0.0,0.2,实施,2019-06-18,2019-06-17,,,,,,,,,
600190,分红,2020-06-23,0.0,0.0,0.2,实施,2020-07-02,2020-07-01,,,,,,,,,
600190,分红,2021-06-18,0.0,0.0,0.2,实施,2021-06-25,2021-06-24,,,,,,,,,
600190,分红,2022-06-17,0.0,0.0,0.2,实施,2022-06-24,2022-06-23,,,,,,,,,
600190,分红,2024-06-20,0.0,0.0,0.2,实施,2024-06-26,2024-06-25,,,,,,,,,
600200,分红,2025-04-30,0.0,0.0,0.0,不分配,,,,,,,,,,,
600200,分红,2024-04-25,0.0,0.0,0.0,不分配,,,,,,,,,,,
600200,分红,2023-04-27,0.0,0.0,0.0,不分配,,,,,,,,,,,
600200,分红,2022-04-27,0.0,0.0,0.0,不分配,,,,,,,,,,,
600200,分红,2021-04-28,0.0,0.0,0.0,不分配,,,,,,,,,,,
600200,分红,2020-03-16,0.0,0.0,0.0,不分配,,,,,,,,,,,
600200,分红,2019-04-20,0.0,0.0,0.0,不分配,,,,,,,,,,,
600200,分红,2012-03-28,0.0,0.0,0.0,不分配,,,,,,,,,,,
600200,分红,2010-03-25,0.0,0.0,0.0,不分配,,,,,,,,,,,
600200,分红,2009-03-31,0.0,0.0,0.0,不分配,,,,,,,,,,,
600200,分红,2008-04-18,0.0,0.0,0.0,不分配,,,,,,,,,,,
600200,分红,1999-09-20,1.9,4.1,0.0,实施,1999-09-27,1999-09-24,1999-09-27,,,,,,,,
600200,分红,2001-04-05,2.0,3.0,0.8,实施,2001-04-12,2001-04-11,,,,,,,,,
600200,分红,2001-08-21,1.0,2.0,0.0,实施,2001-08-28,2001-08-27,2001-08-28,,,,,,,,
600200,分红,2002-04-24,0.0,0.0,0.6,实施,2002-04-30,2002-04-29,,,,,,,,,
600200,分红,2003-04-08,0.0,0.0,0.7,实施,2003-04-14,2003-04-11,,,,,,,,,
600200,分红,2003-10-22,0.0,5.0,0.0,实施,2003-10-28,2003-10-27,2003-10-29,,,,,,,,
600200,分红,2004-04-06,0.0,0.0,0.6,实施,2004-04-12,2004-04-09,,,,,,,,,
600200,分红,2005-05-13,0.0,0.0,0.6,实施,2005-05-20,2005-05-19,,,,,,,,,
600200,分红,2006-05-17,0.0,0.0,0.5,实施,2006-05-24,2006-05-23,,,,,,,,,
600200,分红,2006-09-01,0.0,5.0,0.0,实施,2006-09-07,2006-09-06,2006-09-08,,,,,,,,
600200,分红,2007-05-25,0.0,0.0,0.2,实施,2007-05-31,2007-05-30,,,,,,,,,
600200,分红,2011-05-17,0.0,0.0,0.2,实施,2011-05-23,2011-05-20,,,,,,,,,
600200,分红,2013-05-13,0.0,0.0,0.25,实施,2013-05-17,2013-05-16,,,,,,,,,
600200,分红,2014-07-01,0.0,0.0,0.25,实施,2014-07-08,2014-07-07,,,,,,,,,
600200,分红,2015-06-03,0.0,0.0,0.2,实施,2015-06-10,2015-06-09,,,,,,,,,
600200,分红,2016-05-20,0.0,0.0,0.23,实施,2016-05-27,2016-05-26,,,,,,,,,
600200,分红,2017-06-23,0.0,0.0,0.3,实施,2017-06-29,2017-06-28,,,,,,,,,
600200,分红,2018-06-09,0.0,0.0,0.56,实施,2018-06-15,2018-06-14,,,,,,,,,
600200,配股,2001-08-29,,,,,,2001-09-06,,1.53846,16,260520000,2001-09-07,,2001-09-20,2001-10-22,
600209,分红,2022-04-29,0,0,0.0,预案,,,,,,,,,,,
600209,分红,2021-03-19,0,0,0.0,不分配,,,,,,,,,,,
600209,分红,2020-04-30,0,0,0.0,不分配,,,,,,,,,,,
600209,分红,2018-04-21,0,0,0.0,不分配,,,,,,,,,,,
600209,分红,2017-04-15,0,0,0.0,不分配,,,,,,,,,,,
600209,分红,2014-04-19,0,0,0.0,不分配,,,,,,,,,,,
600209,分红,2012-04-28,0,0,0.0,不分配,,,,,,,,,,,
600209,分红,2011-04-23,0,0,0.0,不分配,,,,,,,,,,,
600209,分红,2010-04-24,0,0,0.0,不分配,,,,,,,,,,,
600209,分红,2009-04-25,0,0,0.0,不分配,,,,,,,,,,,
600209,分红,2008-04-26,0,0,0.0,不分配,,,,,,,,,,,
600209,分红,2007-04-28,0,0,0.0,不分配,,,,,,,,,,,
600209,分红,2006-04-22,0,0,0.0,不分配,,,,,,,,,,,
600209,分红,2005-05-31,0,0,0.0,不分配,,,,,,,,,,,
600209,分红,2000-04-15,0,5,0.0,实施,2000-04-21,2000-04-20,2000-04-21,,,,,,,,
600209,分红,2001-04-06,0,0,0.625,实施,2001-04-13,2001-04-12,,,,,,,,,
600209,分红,2002-06-15,0,0,0.8,实施,2002-06-21,2002-06-20,,,,,,,,,
600209,分红,2003-07-14,0,7,0.3,实施,2003-07-18,2003-07-17,,,,,,,,,
600209,分红,2013-07-09,0,0,0.038,实施,2013-07-15,2013-07-12,,,,,,,,,
600209,分红,2015-05-20,0,0,0.065,实施,2015-05-27,2015-05-26,,,,,,,,,
600209,分红,2016-04-29,0,0,0.0172,实施,2016-05-10,2016-05-09,,,,,,,,,
600209,分红,2019-07-09,0,0,0.057,实施,2019-07-16,2019-07-15,,,,,,,,,
600213,分红,2024-04-30,0,0,0.0,不分配,,,,,,,,,,,
600213,分红,2023-04-28,0,0,0.0,不分配,,,,,,,,,,,
600213,分红,2022-04-28,0,0,0.0,不分配,,,,,,,,,,,
600213,分红,2021-04-16,0,0,0.0,不分配,,,,,,,,,,,
600213,分红,2020-04-29,0,0,0.0,不分配,,,,,,,,,,,
600213,分红,2019-04-25,0,0,0.0,不分配,,,,,,,,,,,
600213,分红,2018-04-24,0,0,0.0,不分配,,,,,,,,,,,
600213,分红,2017-04-28,0,0,0.0,不分配,,,,,,,,,,,
600213,分红,2016-04-21,0,0,0.0,不分配,,,,,,,,,,,
600213,分红,2015-04-16,0,0,0.0,不分配,,,,,,,,,,,
600213,分红,2014-04-15,0,0,0.0,不分配,,,,,,,,,,,
600213,分红,2013-04-16,0,0,0.0,不分配,,,,,,,,,,,
600213,分红,2012-04-17,0,0,0.0,不分配,,,,,,,,,,,
600213,分红,2011-03-29,0,0,0.0,不分配,,,,,,,,,,,
600213,分红,2010-04-13,0,0,0.0,不分配,,,,,,,,,,,
600213,分红,2009-04-15,0,0,0.0,不分配,,,,,,,,,,,
600213,分红,2008-04-15,0,0,0.0,不分配,,,,,,,,,,,
600213,分红,2007-06-04,0,5,0.0,实施,,2007-06-05,2007-07-06,,,,,,,,
600213,分红,2007-04-06,0,0,0.0,不分配,,,,,,,,,,,
600213,分红,2006-04-28,0,0,0.0,不分配,,,,,,,,,,,
600213,分红,2005-05-31,0,0,0.0,不分配,,,,,,,,,,,
600213,分红,2000-07-12,0,0,2.0,实施,2000-07-17,2000-07-14,,,,,,,,,
600213,分红,2001-07-06,0,0,1.5,实施,2001-07-13,2001-07-12,,,,,,,,,
600213,分红,2002-07-31,0,0,1.2,实施,2002-08-06,2002-08-05,,,,,,,,,
600213,分红,2003-06-12,0,0,0.6,实施,2003-06-18,2003-06-17,,,,,,,,,
600220,分红,2024-04-30,0,0.0,0.0,不分配,,,,,,,,,,,
600220,分红,2018-04-17,0,0.0,0.0,不分配,,,,,,,,,,,
600220,分红,2017-04-19,0,0.0,0.0,不分配,,,,,,,,,,,
600220,分红,2016-04-19,0,0.0,0.0,不分配,,,,,,,,,,,
600220,分红,2015-04-11,0,0.0,0.0,不分配,,,,,,,,,,,
600220,分红,2014-04-15,0,0.0,0.0,不分配,,,,,,,,,,,
600220,分红,2013-04-20,0,0.0,0.0,不分配,,,,,,,,,,,
600220,分红,2012-04-18,0,0.0,0.0,不分配,,,,,,,,,,,
600220,分红,2011-03-22,0,0.0,0.0,不分配,,,,,,,,,,,
600220,分红,2010-03-23,0,0.0,0.0,不分配,,,,,,,,,,,
600220,分红,2009-03-05,0,0.0,0.0,不分配,,,,,,,,,,,
600220,分红,2007-04-03,0,0.0,0.0,不分配,,,,,,,,,,,
600220,分红,2006-02-11,0,0.0,0.0,不分配,,,,,,,,,,,
600220,分红,2005-06-01,0,0.0,0.0,不分配,,,,,,,,,,,
600220,分红,2000-05-31,2,5.0,0.0,实施,2000-06-05,2000-06-02,2000-06-05,,,,,,,,
600220,分红,2001-05-10,0,0.0,0.5,实施,2001-05-18,2001-05-17,,,,,,,,,
600220,分红,2002-05-21,0,0.0,0.5,实施,2002-05-27,2002-05-24,,,,,,,,,
600220,分红,2003-07-01,0,2.0,0.2,实施,2003-07-07,2003-07-04,,,,,,,,,
600220,分红,2004-06-15,0,10.0,0.0,实施,2004-06-21,2004-06-18,2004-06-22,,,,,,,,
600220,分红,2008-04-12,0,8.5,0.0,实施,2008-04-18,2008-04-17,2008-04-21,,,,,,,,
600220,分红,2019-06-06,0,0.0,0.3,实施,2019-06-14,2019-06-13,,,,,,,,,
600220,分红,2020-06-13,0,0.0,0.25,实施,2020-06-19,2020-06-18,,,,,,,,,
600220,分红,2021-07-09,0,0.0,0.1,实施,2021-07-16,2021-07-15,,,,,,,,,
600220,分红,2022-07-14,0,0.0,0.2,实施,2022-07-20,2022-07-19,,,,,,,,,
600220,分红,2023-07-11,0,0.0,0.2,实施,2023-07-17,2023-07-14,,,,,,,,,
600225,分红,2024-04-30,0,0.0,0.0,不分配,,,,,,,,,,,
600225,分红,2023-04-26,0,0.0,0.0,不分配,,,,,,,,,,,
600225,分红,2022-04-27,0,0.0,0.0,不分配,,,,,,,,,,,
600225,分红,2021-04-29,0,0.0,0.0,不分配,,,,,,,,,,,
600225,分红,2020-04-23,0,0.0,0.0,不分配,,,,,,,,,,,
600225,分红,2019-04-26,0,0.0,0.0,不分配,,,,,,,,,,,
600225,分红,2018-04-25,0,0.0,0.0,不分配,,,,,,,,,,,
600225,分红,2017-03-18,0,0.0,0.0,不分配,,,,,,,,,,,
600225,分红,2016-04-21,0,0.0,0.0,不分配,,,,,,,,,,,
600225,分红,2015-04-29,0,0.0,0.0,不分配,,,,,,,,,,,
600225,分红,2014-04-11,0,0.0,0.0,不分配,,,,,,,,,,,
600225,分红,2013-04-18,0,0.0,0.0,不分配,,,,,,,,,,,
600225,分红,2012-04-18,0,0.0,0.0,不分配,,,,,,,,,,,
600225,分红,2011-04-12,0,0.0,0.0,不分配,,,,,,,,,,,
600225,分红,2010-04-09,0,0.0,0.0,不分配,,,,,,,,,,,
600225,分红,2009-04-28,0,0.0,0.0,不分配,,,,,,,,,,,
600225,分红,2008-04-30,0,0.0,0.0,不分配,,,,,,,,,,,
600225,分红,2007-04-30,0,0.0,0.0,不分配,,,,,,,,,,,
600225,分红,2006-04-27,0,0.0,0.0,不分配,,,,,,,,,,,
600225,分红,2005-06-29,0,0.0,0.0,不分配,,,,,,,,,,,
600225,分红,2001-06-13,0,5.0,0.5,实施,2001-06-20,2001-06-19,,,,,,,,,
600225,分红,2003-07-02,0,1.0,0.0,实施,2003-07-08,2003-07-07,2003-07-09,,,,,,,,
600225,分红,2009-10-22,0,1.89888,0.0,实施,2009-10-28,2009-10-26,2009-10-28,,,,,,,,
600225,分红,2021-12-16,0,26.4663,0.0,实施,2021-12-22,2021-12-21,2021-12-23,,,,,,,,
600240,分红,2019-04-27,0,0,0.0,不分配,,,,,,,,,,,
600240,分红,2014-04-25,0,0,0.0,不分配,,,,,,,,,,,
600240,分红,2013-04-19,0,0,0.0,不分配,,,,,,,,,,,
600240,分红,2011-04-08,0,0,0.0,不分配,,,,,,,,,,,
600240,分红,2010-04-28,0,0,0.0,不分配,,,,,,,,,,,
600240,分红,2009-04-15,0,0,0.0,不分配,,,,,,,,,,,
600240,分红,2007-01-25,0,0,0.0,不分配,,,,,,,,,,,
600240,分红,2006-03-09,0,0,0.0,不分配,,,,,,,,,,,
600240,分红,2005-05-31,0,0,0.0,不分配,,,,,,,,,,,
600240,分红,2001-06-02,0,0,1.2,实施,2001-06-11,2001-06-08,,,,,,,,,
600240,分红,2006-08-23,0,10,0.0,实施,2006-08-29,2006-08-28,2006-08-30,,,,,,,,
600240,分红,2008-05-21,0,5,0.0,实施,2008-05-27,2008-05-26,2008-05-28,,,,,,,,
600240,分红,2012-06-28,0,12,0.0,实施,2012-07-04,2012-07-03,2012-07-05,,,,,,,,
600240,分红,2015-07-13,0,0,1.0,实施,2015-07-17,2015-07-16,,,,,,,,,
600240,分红,2016-06-22,0,0,1.0,实施,2016-06-28,2016-06-27,,,,,,,,,
600240,分红,2017-07-05,0,0,1.0,实施,2017-07-12,2017-07-11,,,,,,,,,
600240,分红,2018-07-09,0,0,1.0,实施,2018-07-13,2018-07-12,,,,,,,,,
600242,分红,2023-04-29,0,0,0.0,不分配,,,,,,,,,,,
600242,分红,2022-04-30,0,0,0.0,预案,,,,,,,,,,,
600242,分红,2021-04-30,0,0,0.0,不分配,,,,,,,,,,,
600242,分红,2020-06-30,0,0,0.0,不分配,,,,,,,,,,,
600242,分红,2019-04-15,0,0,0.0,不分配,,,,,,,,,,,
600242,分红,2018-04-12,0,0,0.0,不分配,,,,,,,,,,,
600242,分红,2017-04-10,0,0,0.0,不分配,,,,,,,,,,,
600242,分红,2016-03-31,0,0,0.0,不分配,,,,,,,,,,,
600242,分红,2015-04-30,0,0,0.0,不分配,,,,,,,,,,,
600242,分红,2014-04-29,0,0,0.0,不分配,,,,,,,,,,,
600242,分红,2013-04-27,0,0,0.0,不分配,,,,,,,,,,,
600242,分红,2012-03-21,0,0,0.0,不分配,,,,,,,,,,,
600242,分红,2011-03-18,0,0,0.0,不分配,,,,,,,,,,,
600242,分红,2010-02-04,0,0,0.0,不分配,,,,,,,,,,,
600242,分红,2009-03-02,0,0,0.0,不分配,,,,,,,,,,,
600242,分红,2008-04-30,0,0,0.0,不分配,,,,,,,,,,,
600242,分红,2007-04-28,0,0,0.0,不分配,,,,,,,,,,,
600242,分红,2006-04-29,0,0,0.0,不分配,,,,,,,,,,,
600242,分红,2005-05-31,0,0,0.0,不分配,,,,,,,,,,,
600242,分红,2002-07-02,0,0,0.2,实施,2002-07-08,2002-07-05,,,,,,,,,
600247,分红,2020-06-30,0.0,0,0.0,不分配,,,,,,,,,,,
600247,分红,2019-04-30,0.0,0,0.0,不分配,,,,,,,,,,,
600247,分红,2018-04-28,0.0,0,0.0,不分配,,,,,,,,,,,
600247,分红,2017-04-29,0.0,0,0.0,不分配,,,,,,,,,,,
600247,分红,2016-04-28,0.0,0,0.0,不分配,,,,,,,,,,,
600247,分红,2015-04-30,0.0,0,0.0,不分配,,,,,,,,,,,
600247,分红,2014-06-28,0.0,0,0.0,不分配,,,,,,,,,,,
600247,分红,2013-03-05,0.0,0,0.0,不分配,,,,,,,,,,,
600247,分红,2012-04-27,0.0,0,0.0,不分配,,,,,,,,,,,
600247,分红,2011-04-20,0.0,0,0.0,不分配,,,,,,,,,,,
600247,分红,2010-04-03,0.0,0,0.0,不分配,,,,,,,,,,,
600247,分红,2008-04-29,0.0,0,0.0,不分配,,,,,,,,,,,
600247,分红,2007-04-25,0.0,0,0.0,不分配,,,,,,,,,,,
600247,分红,2001-05-11,0.0,0,0.5,实施,2001-05-21,2001-05-18,,,,,,,,,
600247,分红,2002-04-24,0.0,0,0.5,实施,2002-04-30,2002-04-29,,,,,,,,,
600247,分红,2003-08-09,2.0,0,0.6,实施,2003-08-14,2003-08-13,,,,,,,,,
600247,分红,2004-08-10,0.0,8,0.0,实施,2004-08-16,2004-08-13,2004-08-17,,,,,,,,
600247,分红,2005-07-09,0.0,2,0.05,实施,2005-07-15,2005-07-14,,,,,,,,,
600247,分红,2006-07-07,1.8,0,0.2,实施,2006-07-13,2006-07-12,,,,,,,,,
600247,分红,2009-08-17,0.0,0,0.15,实施,2009-08-21,2009-08-20,,,,,,,,,
600253,分红,2012-03-27,0,0,0.0,不分配,,,,,,,,,,,
600253,分红,2011-03-15,0,0,0.0,不分配,,,,,,,,,,,
600253,分红,2010-03-16,0,0,0.0,不分配,,,,,,,,,,,
600253,分红,2009-04-14,0,0,0.0,不分配,,,,,,,,,,,
600253,分红,2008-04-22,0,0,0.0,不分配,,,,,,,,,,,
600253,分红,2007-04-05,0,0,0.0,不分配,,,,,,,,,,,
600253,分红,2001-07-03,0,0,1.0,实施,2001-07-10,2001-07-09,,,,,,,,,
600253,分红,2002-05-14,0,0,1.2,实施,2002-05-20,2002-05-17,,,,,,,,,
600253,分红,2002-10-23,0,10,0.0,实施,2002-10-29,2002-10-28,2002-10-30,,,,,,,,
600253,分红,2003-05-29,0,0,0.5,实施,2003-06-04,2003-06-03,,,,,,,,,
600253,分红,2004-05-25,0,0,0.5,实施,2004-05-31,2004-05-28,,,,,,,,,
600253,分红,2005-05-27,0,0,0.5,实施,2005-06-02,2005-06-01,,,,,,,,,
600253,分红,2006-06-02,0,0,0.2,实施,2006-06-08,2006-06-07,,,,,,,,,
600253,分红,2013-05-07,0,0,0.3,实施,2013-05-13,2013-05-10,,,,,,,,,
600260,分红,2022-04-30,0,0,0.0,不分配,,,,,,,,,,,
600260,分红,2021-04-27,0,0,0.0,不分配,,,,,,,,,,,
600260,分红,2020-05-23,0,0,0.0,不分配,,,,,,,,,,,
600260,分红,2017-04-19,0,0,0.0,不分配,,,,,,,,,,,
600260,分红,2015-04-28,0,0,0.0,不分配,,,,,,,,,,,
600260,分红,2013-04-25,0,0,0.0,不分配,,,,,,,,,,,
600260,分红,2012-04-16,0,0,0.0,不分配,,,,,,,,,,,
600260,分红,2011-04-23,0,0,0.0,不分配,,,,,,,,,,,
600260,分红,2010-04-15,0,0,0.0,不分配,,,,,,,,,,,
600260,分红,2008-03-22,0,0,0.0,不分配,,,,,,,,,,,
600260,分红,2007-04-18,0,0,0.0,不分配,,,,,,,,,,,
600260,分红,2006-04-21,0,0,0.0,不分配,,,,,,,,,,,
600260,分红,2005-05-10,0,0,0.0,不分配,,,,,,,,,,,
600260,分红,2001-04-10,0,0,1.0,实施,2001-04-17,2001-04-16,,,,,,,,,
600260,分红,2002-07-16,0,0,2.0,实施,2002-07-22,2002-07-19,,,,,,,,,
600260,分红,2004-10-13,0,5,0.0,实施,2004-10-19,2004-10-18,2004-10-20,,,,,,,,
600260,分红,2009-06-19,10,0,1.0,实施,2009-06-25,2009-06-24,,,,,,,,,
600260,分红,2014-08-07,0,0,0.5,实施,2014-08-13,2014-08-12,,,,,,,,,
600260,分红,2016-07-16,0,0,0.5,实施,2016-07-22,2016-07-21,,,,,,,,,
600260,分红,2018-07-20,0,0,1.0,实施,2018-07-26,2018-07-25,,,,,,,,,
600260,分红,2019-08-22,0,4,1.6,实施,2019-08-28,2019-08-27,,,,,,,,,
600263,分红,2008-03-29,0,0,0.0,不分配,,,,,,,,,,,
600263,分红,2005-05-19,0,0,0.0,不分配,,,,,,,,,,,
600263,分红,2001-06-05,0,0,0.8,实施,2001-06-12,2001-06-11,,,,,,,,,
600263,分红,2002-06-10,0,0,0.3,实施,2002-06-14,2002-06-13,,,,,,,,,
600263,分红,2004-06-10,0,0,0.3,实施,2004-06-16,2004-06-15,,,,,,,,,
600263,分红,2006-06-27,0,0,0.8,实施,2006-07-03,2006-06-30,,,,,,,,,
600263,分红,2007-08-03,0,0,0.3,实施,2007-08-09,2007-08-08,,,,,,,,,
600263,分红,2009-06-09,0,0,0.5,实施,2009-06-16,2009-06-15,,,,,,,,,
600263,分红,2010-06-11,0,0,0.3,实施,2010-06-22,2010-06-21,,,,,,,,,
600263,分红,2011-05-11,0,0,0.3,实施,2011-05-17,2011-05-16,,,,,,,,,
600270,分红,2001-05-25,1,0,1.0,实施,2001-06-01,2001-05-31,,,,,,,,,
600270,分红,2002-06-13,1,1,2.0,实施,2002-06-20,2002-06-19,,,,,,,,,
600270,分红,2003-07-17,2,3,2.5,实施,2003-07-23,2003-07-22,,,,,,,,,
600270,分红,2004-06-01,0,5,1.0,实施,2004-06-07,2004-06-04,,,,,,,,,
600270,分红,2005-06-08,1,0,2.0,实施,2005-06-14,2005-06-13,,,,,,,,,
600270,分红,2006-06-08,0,0,1.0,实施,2006-06-14,2006-06-13,,,,,,,,,
600270,分红,2007-06-11,0,0,3.0,实施,2007-06-15,2007-06-14,,,,,,,,,
600270,分红,2008-06-03,0,0,3.5,实施,2008-06-10,2008-06-06,,,,,,,,,
600270,分红,2009-06-02,0,0,1.0,实施,2009-06-08,2009-06-05,,,,,,,,,
600270,分红,2010-06-02,0,0,1.0,实施,2010-06-08,2010-06-07,,,,,,,,,
600270,分红,2011-06-08,0,0,1.0,实施,2011-06-14,2011-06-13,,,,,,,,,
600270,分红,2012-06-07,0,0,2.0,实施,2012-06-13,2012-06-12,,,,,,,,,
600270,分红,2013-06-14,0,0,2.0,实施,2013-06-20,2013-06-19,,,,,,,,,
600270,分红,2014-07-02,0,0,3.0,实施,2014-07-09,2014-07-08,,,,,,,,,
600270,分红,2015-07-02,0,0,4.0,实施,2015-07-09,2015-07-08,,,,,,,,,
600270,分红,2016-07-04,0,0,5.0,实施,2016-07-08,2016-07-07,,,,,,,,,
600270,分红,2017-06-30,0,0,5.0,实施,2017-07-07,2017-07-06,,,,,,,,,
600270,分红,2018-07-03,0,0,6.0,实施,2018-07-10,2018-07-09,,,,,,,,,
600275,分红,2022-04-30,0.0,0.0,0.0,不分配,,,,,,,,,,,
600275,分红,2021-04-30,0.0,0.0,0.0,不分配,,,,,,,,,,,
600275,分红,2020-04-30,0.0,0.0,0.0,不分配,,,,,,,,,,,
600275,分红,2019-04-24,0.0,0.0,0.0,不分配,,,,,,,,,,,
600275,分红,2018-04-27,0.0,0.0,0.0,不分配,,,,,,,,,,,
600275,分红,2017-04-28,0.0,0.0,0.0,不分配,,,,,,,,,,,
600275,分红,2016-04-20,0.0,0.0,0.0,不分配,,,,,,,,,,,
600275,分红,2015-04-18,0.0,0.0,0.0,不分配,,,,,,,,,,,
600275,分红,2014-04-25,0.0,0.0,0.0,不分配,,,,,,,,,,,
600275,分红,2013-03-29,0.0,0.0,0.0,不分配,,,,,,,,,,,
600275,分红,2012-03-24,0.0,0.0,0.0,不分配,,,,,,,,,,,
600275,分红,2011-04-28,0.0,0.0,0.0,不分配,,,,,,,,,,,
600275,分红,2010-04-30,0.0,0.0,0.0,不分配,,,,,,,,,,,
600275,分红,2009-04-25,0.0,0.0,0.0,不分配,,,,,,,,,,,
600275,分红,2008-04-30,0.0,0.0,0.0,不分配,,,,,,,,,,,
600275,分红,2007-04-30,0.0,0.0,0.0,不分配,,,,,,,,,,,
600275,分红,2006-11-02,0.0,5.0,0.0,实施,,2006-11-03,2006-11-07,,,,,,,,
600275,分红,2006-03-28,0.0,0.0,0.0,不分配,,,,,,,,,,,
600275,分红,2005-06-01,0.0,0.0,0.0,不分配,,,,,,,,,,,
600275,分红,2001-06-01,0.0,0.0,0.6,实施,2001-06-08,2001-06-07,,,,,,,,,
600275,分红,2002-04-30,2.0,1.0,0.6,实施,2002-05-14,2002-05-13,,,,,,,,,
600275,分红,2003-06-27,0.5,3.5,0.2,实施,2003-07-03,2003-07-02,,,,,,,,,
600277,分红,2024-04-30,0,0,0.0,不分配,,,,,,,,,,,
600277,分红,2022-04-30,0,0,0.0,不分配,,,,,,,,,,,
600277,分红,2009-04-04,0,0,0.0,不分配,,,,,,,,,,,
600277,分红,2008-03-26,0,0,0.0,不分配,,,,,,,,,,,
600277,分红,2007-03-30,0,0,0.0,不分配,,,,,,,,,,,
600277,分红,2006-03-31,0,0,0.0,不分配,,,,,,,,,,,
600277,分红,2005-05-31,0,0,0.0,不分配,,,,,,,,,,,
600277,分红,2002-07-02,0,0,1.0,实施,2002-07-08,2002-07-05,,,,,,,,,
600277,分红,2004-07-27,1,0,0.5,实施,2004-08-02,2004-07-30,,,,,,,,,
600277,分红,2010-05-18,0,5,0.0,实施,2010-05-24,2010-05-21,2010-05-25,,,,,,,,
600277,分红,2011-05-13,0,0,3.0,实施,2011-05-19,2011-05-18,,,,,,,,,
600277,分红,2012-06-07,0,7,1.0,实施,2012-06-13,2012-06-12,,,,,,,,,
600277,分红,2013-06-07,0,0,0.5,实施,2013-06-18,2013-06-17,,,,,,,,,
600277,分红,2014-08-19,0,0,0.3,实施,2014-08-25,2014-08-22,,,,,,,,,
600277,分红,2015-07-18,0,0,0.38,实施,2015-07-27,2015-07-24,,,,,,,,,
600277,分红,2016-07-05,0,0,0.37,实施,2016-07-12,2016-07-11,,,,,,,,,
600277,分红,2017-08-19,0,0,0.4,实施,2017-08-25,2017-08-24,,,,,,,,,
600277,分红,2018-08-17,0,0,0.6,实施,2018-08-27,2018-08-24,,,,,,,,,
600277,分红,2019-08-20,0,0,0.85,实施,2019-08-27,2019-08-26,,,,,,,,,
600277,分红,2020-08-20,0,0,1.0,实施,2020-08-27,2020-08-26,,,,,,,,,
600277,分红,2021-08-17,0,3,0.57,实施,2021-08-24,2021-08-23,,,,,,,,,
600277,分红,2023-08-18,0,0,0.23,实施,2023-08-28,2023-08-25,,,,,,,,,
600290,分红,2023-04-28,0,0,0.0,不分配,,,,,,,,,,,
600290,分红,2022-04-29,0,0,0.0,不分配,,,,,,,,,,,
600290,分红,2021-04-27,0,0,0.0,不分配,,,,,,,,,,,
600290,分红,2020-04-24,0,0,0.0,不分配,,,,,,,,,,,
600290,分红,2019-04-23,0,0,0.0,不分配,,,,,,,,,,,
600290,分红,2017-04-25,0,0,0.0,不分配,,,,,,,,,,,
600290,分红,2012-03-10,0,0,0.0,不分配,,,,,,,,,,,
600290,分红,2010-03-23,0,0,0.0,不分配,,,,,,,,,,,
600290,分红,2008-03-05,0,0,0.0,不分配,,,,,,,,,,,
600290,分红,2007-02-07,0,0,0.0,不分配,,,,,,,,,,,
600290,分红,2006-03-14,0,0,0.0,不分配,,,,,,,,,,,
600290,分红,2005-04-12,0,0,0.0,不分配,,,,,,,,,,,
600290,分红,2001-05-10,0,0,2.0,实施,2001-05-17,2001-05-16,,,,,,,,,
600290,分红,2002-05-18,0,5,0.8,实施,2002-05-24,2002-05-23,,,,,,,,,
600290,分红,2003-05-19,0,4,0.3,实施,2003-05-23,2003-05-22,,,,,,,,,
600290,分红,2007-09-25,0,4,0.0,实施,2007-10-08,2007-09-28,2007-10-09,,,,,,,,
600290,分红,2009-06-02,0,0,0.5,实施,2009-06-08,2009-06-05,,,,,,,,,
600290,分红,2011-05-10,0,5,0.5,实施,2011-05-16,2011-05-13,,,,,,,,,
600290,分红,2013-06-18,0,0,0.2,实施,2013-06-24,2013-06-21,,,,,,,,,
600290,分红,2014-07-03,0,0,0.26,实施,2014-07-09,2014-07-08,,,,,,,,,
600290,分红,2015-04-23,0,0,0.6,实施,2015-04-30,2015-04-29,,,,,,,,,
600290,分红,2016-05-10,0,0,0.3,实施,2016-05-17,2016-05-16,,,,,,,,,
600290,分红,2018-06-19,0,0,0.2,实施,2018-06-25,2018-06-22,,,,,,,,,
600291,分红,2022-04-30,0,0,0.0,不分配,,,,,,,,,,,
600291,分红,2021-04-30,0,0,0.0,不分配,,,,,,,,,,,
600291,分红,2020-04-30,0,0,0.0,不分配,,,,,,,,,,,
600291,分红,2014-04-11,0,0,0.0,不分配,,,,,,,,,,,
600291,分红,2012-04-28,0,0,0.0,不分配,,,,,,,,,,,
600291,分红,2011-04-30,0,0,0.0,不分配,,,,,,,,,,,
600291,分红,2009-04-08,0,0,0.0,不分配,,,,,,,,,,,
600291,分红,2007-04-28,0,0,0.0,不分配,,,,,,,,,,,
600291,分红,2006-04-06,0,0,0.0,不分配,,,,,,,,,,,
600291,分红,2005-05-24,0,0,0.0,不分配,,,,,,,,,,,
600291,分红,2001-06-16,0,0,1.0,实施,2001-06-22,2001-06-21,,,,,,,,,
600291,分红,2002-05-28,0,0,0.35,实施,2002-06-04,2002-06-03,,,,,,,,,
600291,分红,2008-04-09,0,10,0.0,实施,2008-04-15,2008-04-14,2008-04-16,,,,,,,,
600291,分红,2010-05-18,0,2,0.0,实施,2010-05-24,2010-05-21,2010-05-25,,,,,,,,
600291,分红,2013-06-20,0,0,0.54,实施,2013-06-26,2013-06-25,,,,,,,,,
600291,分红,2015-06-24,0,0,0.07,实施,2015-07-01,2015-06-30,,,,,,,,,
600291,分红,2016-05-03,0,0,0.31,实施,2016-05-09,2016-05-06,,,,,,,,,
600291,分红,2017-06-02,0,0,0.1,实施,2017-06-09,2017-06-08,,,,,,,,,
600291,分红,2018-07-18,0,0,0.3,实施,2018-07-26,2018-07-25,,,,,,,,,
600291,分红,2019-07-02,0,0,0.16,实施,2019-07-10,2019-07-09,,,,,,,,,
600297,分红,2024-04-25,0.0,0,0.0,不分配,,,,,,,,,,,
600297,分红,2023-04-28,0.0,0,0.0,不分配,,,,,,,,,,,
600297,分红,2022-04-28,0.0,0,0.0,不分配,,,,,,,,,,,
600297,分红,2021-04-28,0.0,0,0.0,不分配,,,,,,,,,,,
600297,分红,2020-04-29,0.0,0,0.0,不分配,,,,,,,,,,,
600297,分红,2016-04-29,0.0,0,0.0,不分配,,,,,,,,,,,
600297,分红,2015-04-18,0.0,0,0.0,不分配,,,,,,,,,,,
600297,分红,2012-03-30,0.0,0,0.0,不分配,,,,,,,,,,,
600297,分红,2011-04-09,0.0,0,0.0,不分配,,,,,,,,,,,
600297,分红,2010-04-17,0.0,0,0.0,不分配,,,,,,,,,,,
600297,分红,2008-04-12,0.0,0,0.0,不分配,,,,,,,,,,,
600297,分红,2007-04-21,0.0,0,0.0,不分配,,,,,,,,,,,
600297,分红,2006-04-29,0.0,0,0.0,不分配,,,,,,,,,,,
600297,分红,2005-05-19,0.0,0,0.0,不分配,,,,,,,,,,,
600297,分红,2001-03-20,0.0,0,1.0,实施,2001-03-27,2001-03-26,,,,,,,,,
600297,分红,2002-05-14,0.0,0,1.5,实施,2002-05-21,2002-05-20,,,,,,,,,
600297,分红,2003-05-26,0.0,0,1.0,实施,2003-05-30,2003-05-29,,,,,,,,,
600297,分红,2006-11-18,1.91304,0,0.0689385,实施,2006-11-21,2006-11-20,2006-11-24,,,,,,,,
600297,分红,2009-05-27,0.0,10,0.2,实施,2009-06-05,2009-06-04,,,,,,,,,
600297,分红,2013-08-09,0.0,0,0.3971,实施,2013-08-15,2013-08-14,,,,,,,,,
600297,分红,2014-07-02,0.0,0,0.4521,实施,2014-07-08,2014-07-07,,,,,,,,,
600297,分红,2015-11-10,0.0,5,0.0,实施,2015-11-16,2015-11-13,2015-11-17,,,,,,,,
600297,分红,2017-06-02,0.0,3,2.0,实施,2017-06-08,2017-06-07,,,,,,,,,
600297,分红,2018-05-26,0.0,0,1.5,实施,2018-06-01,2018-05-31,,,,,,,,,
600297,分红,2019-07-04,0.0,0,0.15,实施,2019-07-11,2019-07-10,,,,,,,,,
600306,分红,2024-04-30,0,0.0,0.0,不分配,,,,,,,,,,,
600306,分红,2023-03-30,0,0.0,0.0,不分配,,,,,,,,,,,
600306,分红,2022-03-12,0,0.0,0.0,不分配,,,,,,,,,,,
600306,分红,2021-04-09,0,0.0,0.0,不分配,,,,,,,,,,,
600306,分红,2020-04-30,0,0.0,0.0,不分配,,,,,,,,,,,
600306,分红,2019-04-26,0,0.0,0.0,不分配,,,,,,,,,,,
600306,分红,2018-03-27,0,0.0,0.0,不分配,,,,,,,,,,,
600306,分红,2017-04-11,0,0.0,0.0,不分配,,,,,,,,,,,
600306,分红,2016-04-26,0,0.0,0.0,不分配,,,,,,,,,,,
600306,分红,2015-02-17,0,0.0,0.0,不分配,,,,,,,,,,,
600306,分红,2014-04-15,0,0.0,0.0,不分配,,,,,,,,,,,
600306,分红,2013-04-23,0,0.0,0.0,不分配,,,,,,,,,,,
600306,分红,2012-04-24,0,0.0,0.0,不分配,,,,,,,,,,,
600306,分红,2011-04-26,0,0.0,0.0,不分配,,,,,,,,,,,
600306,分红,2010-04-20,0,0.0,0.0,不分配,,,,,,,,,,,
600306,分红,2009-04-28,0,0.0,0.0,不分配,,,,,,,,,,,
600306,分红,2008-03-14,0,0.0,0.0,不分配,,,,,,,,,,,
600306,分红,2007-04-26,0,0.0,0.0,不分配,,,,,,,,,,,
600306,分红,2006-04-20,0,0.0,0.0,不分配,,,,,,,,,,,
600306,分红,2001-05-22,0,0.0,2.0,实施,2001-05-29,2001-05-28,,,,,,,,,
600306,分红,2001-10-27,0,3.0,0.0,实施,2001-11-02,2001-11-01,2001-11-02,,,,,,,,
600306,分红,2002-05-31,0,0.0,0.5,实施,2002-06-10,2002-06-07,,,,,,,,,
600306,分红,2005-07-13,0,0.0,0.2,实施,2005-07-19,2005-07-18,,,,,,,,,
600306,分红,2023-12-20,0,8.5,0.0,实施,2023-12-26,2023-12-25,2023-12-26,,,,,,,,
600311,分红,2022-04-30,0,0,0,不分配,,,,,,,,,,,
600311,分红,2021-04-29,0,0,0,不分配,,,,,,,,,,,
600311,分红,2020-04-28,0,0,0,不分配,,,,,,,,,,,
600311,分红,2019-03-26,0,0,0,不分配,,,,,,,,,,,
600311,分红,2018-03-27,0,0,0,不分配,,,,,,,,,,,
600311,分红,2017-04-11,0,0,0,不分配,,,,,,,,,,,
600311,分红,2016-04-19,0,0,0,不分配,,,,,,,,,,,
600311,分红,2015-02-10,0,0,0,不分配,,,,,,,,,,,
600311,分红,2014-02-25,0,0,0,不分配,,,,,,,,,,,
600311,分红,2013-04-09,0,0,0,不分配,,,,,,,,,,,
600311,分红,2012-03-27,0,0,0,不分配,,,,,,,,,,,
600311,分红,2011-04-19,0,0,0,不分配,,,,,,,,,,,
600311,分红,2010-04-27,0,0,0,不分配,,,,,,,,,,,
600311,分红,2009-04-21,0,0,0,不分配,,,,,,,,,,,
600311,分红,2008-04-08,0,0,0,不分配,,,,,,,,,,,
600311,分红,2007-04-25,0,0,0,不分配,,,,,,,,,,,
600311,分红,2006-07-26,0,7,0,实施,,2006-07-27,2006-07-31,,,,,,,,
600311,分红,2006-04-26,0,0,0,不分配,,,,,,,,,,,
600311,分红,2002-06-25,0,0,1,实施,2002-07-01,2002-06-28,,,,,,,,,
600311,分红,2003-06-10,0,0,1,实施,2003-06-16,2003-06-13,,,,,,,,,
600311,分红,2005-06-17,0,3,0,实施,2005-06-23,2005-06-22,2005-06-24,,,,,,,,
600311,分红,2007-09-06,0,10,0,实施,2007-09-14,2007-09-13,2007-09-17,,,,,,,,
600317,分红,2011-03-29,0,0,0.0,不分配,,,,,,,,,,,
600317,分红,2009-02-10,0,0,0.0,不分配,,,,,,,,,,,
600317,分红,2008-06-27,0,0,0.0,不分配,,,,,,,,,,,
600317,分红,2007-02-06,0,0,0.0,不分配,,,,,,,,,,,
600317,分红,2006-02-28,0,0,0.0,不分配,,,,,,,,,,,
600317,分红,2003-04-04,0,0,0.24,实施,2003-04-10,2003-04-09,,,,,,,,,
600317,分红,2004-03-18,0,0,0.3,实施,2004-03-24,2004-03-23,,,,,,,,,
600317,分红,2005-04-29,0,0,1.0,实施,2005-05-12,2005-05-11,,,,,,,,,
600317,分红,2006-01-12,0,0,9.6,实施,2006-01-16,2006-01-13,2006-01-17,,,,,,,,
600317,分红,2008-09-19,0,0,6.3,实施,2008-09-25,2008-09-24,,,,,,,,,
600317,分红,2009-09-04,0,10,0.0,实施,2009-09-10,2009-09-09,2009-09-11,,,,,,,,
600317,分红,2010-04-20,0,0,1.0,实施,2010-04-26,2010-04-23,,,,,,,,,
600317,分红,2012-04-13,0,0,0.5,实施,2012-04-19,2012-04-18,,,,,,,,,
600317,分红,2013-06-14,0,0,0.24,实施,2013-06-20,2013-06-19,,,,,,,,,
600317,分红,2014-06-10,0,20,2.0,实施,2014-06-16,2014-06-13,,,,,,,,,
600317,分红,2015-07-08,0,0,0.1,实施,2015-07-15,2015-07-14,,,,,,,,,
600317,分红,2016-08-05,0,0,0.1,实施,2016-08-11,2016-08-10,,,,,,,,,
600317,分红,2017-06-06,0,0,0.23,实施,2017-06-13,2017-06-12,,,,,,,,,
600317,分红,2018-07-12,0,0,0.25,实施,2018-07-18,2018-07-17,,,,,,,,,
600317,分红,2019-08-02,0,0,0.47,实施,2019-08-08,2019-08-07,,,,,,,,,
600317,分红,2020-07-24,0,0,0.48,实施,2020-07-31,2020-07-30,,,,,,,,,
600321,分红,2024-03-29,0,0,0.0,不分配,,,,,,,,,,,
600321,分红,2023-03-10,0,0,0.0,不分配,,,,,,,,,,,
600321,分红,2022-04-02,0,0,0.0,不分配,,,,,,,,,,,
600321,分红,2021-04-22,0,0,0.0,不分配,,,,,,,,,,,
600321,分红,2019-03-23,0,0,0.0,不分配,,,,,,,,,,,
600321,分红,2018-04-11,0,0,0.0,不分配,,,,,,,,,,,
600321,分红,2017-03-29,0,0,0.0,不分配,,,,,,,,,,,
600321,分红,2016-04-29,0,0,0.0,不分配,,,,,,,,,,,
600321,分红,2006-04-18,0,0,0.0,不分配,,,,,,,,,,,
600321,分红,2005-05-17,0,0,0.0,不分配,,,,,,,,,,,
600321,分红,2002-06-06,0,0,2.0,实施,2002-06-12,2002-06-11,,,,,,,,,
600321,分红,2003-06-13,0,0,2.5,实施,2003-06-19,2003-06-18,,,,,,,,,
600321,分红,2004-06-16,1,2,0.25,实施,2004-06-22,2004-06-21,,,,,,,,,
600321,分红,2007-06-26,0,0,3.5,实施,2007-07-03,2007-07-02,,,,,,,,,
600321,分红,2008-07-10,0,0,1.0,实施,2008-07-16,2008-07-15,,,,,,,,,
600321,分红,2009-07-08,0,0,0.6,实施,2009-07-14,2009-07-13,,,,,,,,,
600321,分红,2010-07-02,0,10,1.0,实施,2010-07-08,2010-07-07,,,,,,,,,
600321,分红,2011-04-20,0,0,0.7,实施,2011-04-26,2011-04-25,,,,,,,,,
600321,分红,2012-06-21,0,10,0.0,实施,2012-06-28,2012-06-27,2012-06-29,,,,,,,,
600321,分红,2013-06-28,0,0,0.2,实施,2013-07-05,2013-07-04,,,,,,,,,
600321,分红,2014-06-10,0,0,0.2,实施,2014-06-16,2014-06-13,,,,,,,,,
600321,分红,2015-08-07,0,0,0.1,实施,2015-08-13,2015-08-12,,,,,,,,,
600321,分红,2020-06-30,0,0,0.1,实施,2020-07-06,2020-07-03,,,,,,,,,
600355,分红,2025-04-26,0,0,0,不分配,,,,,,,,,,,
600355,分红,2024-04-20,0,0,0,不分配,,,,,,,,,,,
600355,分红,2023-04-29,0,0,0,不分配,,,,,,,,,,,
600355,分红,2022-03-31,0,0,0,不分配,,,,,,,,,,,
600355,分红,2021-04-15,0,0,0,不分配,,,,,,,,,,,
600355,分红,2020-05-20,0,0,0,不分配,,,,,,,,,,,
600355,分红,2019-04-25,0,0,0,不分配,,,,,,,,,,,
600355,分红,2018-04-25,0,0,0,不分配,,,,,,,,,,,
600355,分红,2017-04-20,0,0,0,不分配,,,,,,,,,,,
600355,分红,2016-03-31,0,0,0,不分配,,,,,,,,,,,
600355,分红,2015-04-08,0,0,0,不分配,,,,,,,,,,,
600355,分红,2014-04-25,0,0,0,不分配,,,,,,,,,,,
600355,分红,2013-02-07,0,0,0,不分配,,,,,,,,,,,
600355,分红,2012-03-30,0,0,0,不分配,,,,,,,,,,,
600355,分红,2011-03-15,0,0,0,不分配,,,,,,,,,,,
600355,分红,2010-04-17,0,0,0,不分配,,,,,,,,,,,
600355,分红,2009-03-25,0,0,0,不分配,,,,,,,,,,,
600355,分红,2008-02-05,0,0,0,不分配,,,,,,,,,,,
600355,分红,2007-03-24,0,0,0,不分配,,,,,,,,,,,
600355,分红,2006-01-25,0,0,0,不分配,,,,,,,,,,,
600355,分红,2005-06-14,0,0,0,不分配,,,,,,,,,,,
600355,分红,2003-04-30,0,10,4,实施,2003-05-15,2003-05-14,,,,,,,,,
600355,分红,2015-09-21,0,10,0,实施,2015-09-25,2015-09-24,2015-09-28,,,,,,,,
600385,分红,2022-04-29,0,0,0.0,不分配,,,,,,,,,,,
600385,分红,2021-04-24,0,0,0.0,不分配,,,,,,,,,,,
600385,分红,2020-04-22,0,0,0.0,不分配,,,,,,,,,,,
600385,分红,2019-04-25,0,0,0.0,不分配,,,,,,,,,,,
600385,分红,2018-04-18,0,0,0.0,不分配,,,,,,,,,,,
600385,分红,2017-04-26,0,0,0.0,不分配,,,,,,,,,,,
600385,分红,2016-04-28,0,0,0.0,不分配,,,,,,,,,,,
600385,分红,2015-04-25,0,0,0.0,不分配,,,,,,,,,,,
600385,分红,2014-04-26,0,0,0.0,不分配,,,,,,,,,,,
600385,分红,2013-04-26,0,0,0.0,不分配,,,,,,,,,,,
600385,分红,2012-04-19,0,0,0.0,不分配,,,,,,,,,,,
600385,分红,2011-04-22,0,0,0.0,不分配,,,,,,,,,,,
600385,分红,2010-04-23,0,0,0.0,不分配,,,,,,,,,,,
600385,分红,2009-04-24,0,0,0.0,不分配,,,,,,,,,,,
600385,分红,2008-02-01,0,0,0.0,不分配,,,,,,,,,,,
600385,分红,2007-02-14,0,0,0.0,不分配,,,,,,,,,,,
600385,分红,2006-04-28,0,0,0.0,不分配,,,,,,,,,,,
600385,分红,2005-06-29,0,0,0.0,不分配,,,,,,,,,,,
600385,分红,2001-09-12,5,5,0.5,实施,2001-09-20,2001-09-19,,,,,,,,,
600385,分红,2006-09-07,0,1,0.0,实施,2006-09-11,2006-09-08,2006-09-12,,,,,,,,
600387,分红,2025-04-30,0.0,0.0,0.0,不分配,,,,,,,,,,,
600387,分红,2024-04-20,0.0,0.0,0.0,不分配,,,,,,,,,,,
600387,分红,2023-04-29,0.0,0.0,0.0,不分配,,,,,,,,,,,
600387,分红,2020-04-30,0.0,0.0,0.0,不分配,,,,,,,,,,,
600387,分红,2018-04-14,0.0,0.0,0.0,不分配,,,,,,,,,,,
600387,分红,2012-04-28,0.0,0.0,0.0,不分配,,,,,,,,,,,
600387,分红,2011-04-28,0.0,0.0,0.0,不分配,,,,,,,,,,,
600387,分红,2005-06-21,0.0,0.0,1.0,实施,2005-06-27,2005-06-24,,,,,,,,,
600387,分红,2006-07-19,0.0,0.0,1.5,实施,2006-07-25,2006-07-24,,,,,,,,,
600387,分红,2007-06-05,1.5,3.5,1.0,实施,2007-06-11,2007-06-08,,,,,,,,,
600387,分红,2008-06-26,0.0,0.0,1.0,实施,2008-07-02,2008-07-01,,,,,,,,,
600387,分红,2009-07-10,0.0,0.0,1.0,实施,2009-07-16,2009-07-15,,,,,,,,,
600387,分红,2010-06-03,3.0,0.0,2.0,实施,2010-06-09,2010-06-08,,,,,,,,,
600387,分红,2013-07-05,0.0,0.0,0.5,实施,2013-07-11,2013-07-10,,,,,,,,,
600387,分红,2014-07-05,0.0,0.0,0.6,实施,2014-07-11,2014-07-10,,,,,,,,,
600387,分红,2015-07-08,0.0,0.0,1.0,实施,2015-07-14,2015-07-13,,,,,,,,,
600387,分红,2016-08-18,0.0,0.0,0.5,实施,2016-08-24,2016-08-23,,,,,,,,,
600387,分红,2017-07-05,0.0,0.0,0.6,实施,2017-07-12,2017-07-11,,,,,,,,,
600387,分红,2019-06-25,0.0,0.0,0.6,实施,2019-07-02,2019-07-01,,,,,,,,,
600387,分红,2021-06-25,0.0,0.0,0.54,实施,2021-07-01,2021-06-30,,,,,,,,,
600387,分红,2022-06-17,0.0,0.0,0.52,实施,2022-06-24,2022-06-23,,,,,,,,,
600393,分红,2023-04-29,0,0,0.0,不分配,,,,,,,,,,,
600393,分红,2022-04-30,0,0,0.0,不分配,,,,,,,,,,,
600393,分红,2021-04-30,0,0,0.0,不分配,,,,,,,,,,,
600393,分红,2020-06-20,0,0,0.0,不分配,,,,,,,,,,,
600393,分红,2019-04-30,0,0,0.0,不分配,,,,,,,,,,,
600393,分红,2012-04-10,0,0,0.0,不分配,,,,,,,,,,,
600393,分红,2011-04-06,0,0,0.0,不分配,,,,,,,,,,,
600393,分红,2009-02-17,0,0,0.0,不分配,,,,,,,,,,,
600393,分红,2008-04-15,0,0,0.0,不分配,,,,,,,,,,,
600393,分红,2001-11-09,10,0,1.0,实施,2001-11-16,2001-11-15,,,,,,,,,
600393,分红,2005-06-09,3,2,1.0,实施,2005-06-16,2005-06-15,,,,,,,,,
600393,分红,2006-06-30,0,0,0.5,实施,2006-07-06,2006-07-05,,,,,,,,,
600393,分红,2007-07-10,0,0,0.5,实施,2007-07-16,2007-07-13,,,,,,,,,
600393,分红,2010-06-10,0,0,1.0,实施,2010-06-21,2010-06-18,,,,,,,,,
600393,分红,2013-05-31,0,0,0.5,实施,2013-06-06,2013-06-05,,,,,,,,,
600393,分红,2014-06-09,0,0,1.0,实施,2014-06-13,2014-06-12,,,,,,,,,
600393,分红,2015-04-16,0,0,1.0,实施,2015-04-23,2015-04-22,,,,,,,,,
600393,分红,2016-06-22,0,0,1.0,实施,2016-06-29,2016-06-28,,,,,,,,,
600393,分红,2017-04-11,0,10,0.4,实施,2017-04-17,2017-04-14,,,,,,,,,
600393,分红,2018-07-11,0,0,1.4,实施,2018-07-18,2018-07-17,,,,,,,,,
600401,分红,2019-04-30,0,0.0,0.0,不分配,,,,,,,,,,,
600401,分红,2018-04-28,0,0.0,0.0,不分配,,,,,,,,,,,
600401,分红,2017-04-29,0,0.0,0.0,不分配,,,,,,,,,,,
600401,分红,2016-04-23,0,0.0,0.0,不分配,,,,,,,,,,,
600401,分红,2011-02-25,0,0.0,0.0,不分配,,,,,,,,,,,
600401,分红,2010-04-20,0,0.0,0.0,不分配,,,,,,,,,,,
600401,分红,2009-03-14,0,0.0,0.0,不分配,,,,,,,,,,,
600401,分红,2008-04-28,0,0.0,0.0,不分配,,,,,,,,,,,
600401,分红,2007-04-28,0,0.0,0.0,不分配,,,,,,,,,,,
600401,分红,2006-04-27,0,0.0,0.0,不分配,,,,,,,,,,,
600401,分红,2004-05-29,2,8.0,0.5,实施,2004-06-04,2004-06-03,,,,,,,,,
600401,分红,2005-06-16,0,8.0,0.0,实施,2005-06-22,2005-06-21,2005-06-23,,,,,,,,
600401,分红,2012-06-04,0,0.0,1.4,实施,2012-06-08,2012-06-07,,,,,,,,,
600401,分红,2013-05-22,0,0.0,7.4,实施,2013-05-28,2013-05-27,,,,,,,,,
600401,分红,2014-06-06,0,1.6,0.0,实施,2014-06-12,2014-06-11,2014-06-13,,,,,,,,
600401,分红,2015-05-22,0,20.0,0.0,实施,2015-05-28,2015-05-27,2015-05-29,,,,,,,,
600432,分红,2018-04-28,0,0,0.0,不分配,,,,,,,,,,,
600432,分红,2017-04-29,0,0,0.0,不分配,,,,,,,,,,,
600432,分红,2016-04-29,0,0,0.0,不分配,,,,,,,,,,,
600432,分红,2015-04-03,0,0,0.0,不分配,,,,,,,,,,,
600432,分红,2013-04-24,0,0,0.0,不分配,,,,,,,,,,,
600432,分红,2012-04-28,0,0,0.0,不分配,,,,,,,,,,,
600432,分红,2004-05-18,0,0,2.0,实施,2004-05-24,2004-05-21,,,,,,,,,
600432,分红,2005-06-22,0,0,3.0,实施,2005-06-28,2005-06-27,,,,,,,,,
600432,分红,2006-06-30,0,2,1.0,实施,2006-07-06,2006-07-05,,,,,,,,,
600432,分红,2007-05-11,0,0,2.5,实施,2007-05-17,2007-05-16,,,,,,,,,
600432,分红,2008-04-28,4,6,2.0,实施,2008-05-06,2008-05-05,,,,,,,,,
600432,分红,2009-05-12,5,0,1.0,实施,2009-05-18,2009-05-15,,,,,,,,,
600432,分红,2010-05-26,0,0,1.0,实施,2010-06-01,2010-05-31,,,,,,,,,
600432,分红,2011-07-11,0,0,1.0,实施,2011-07-15,2011-07-14,,,,,,,,,
600432,分红,2014-05-15,0,0,0.5,实施,2014-05-21,2014-05-20,,,,,,,,,
600455,分红,2026-04-03,0,0,0,不分配,,,,,,,,,,,
600455,分红,2025-03-29,0,0,0,不分配,,,,,,,,,,,
600455,分红,2024-03-23,0,0,0,不分配,,,,,,,,,,,
600455,分红,2023-03-25,0,0,0,不分配,,,,,,,,,,,
600455,分红,2022-04-29,0,0,0,不分配,,,,,,,,,,,
600455,分红,2021-03-27,0,0,0,不分配,,,,,,,,,,,
600455,分红,2020-04-11,0,0,0,不分配,,,,,,,,,,,
600455,分红,2019-04-05,0,0,0,不分配,,,,,,,,,,,
600455,分红,2018-03-31,0,0,0,不分配,,,,,,,,,,,
600455,分红,2017-03-25,0,0,0,不分配,,,,,,,,,,,
600455,分红,2016-03-05,0,0,0,不分配,,,,,,,,,,,
600455,分红,2015-04-17,0,0,0,不分配,,,,,,,,,,,
600455,分红,2014-03-28,0,0,0,不分配,,,,,,,,,,,
600455,分红,2013-03-23,0,0,0,不分配,,,,,,,,,,,
600455,分红,2012-04-21,0,0,0,不分配,,,,,,,,,,,
600455,分红,2011-04-30,0,0,0,不分配,,,,,,,,,,,
600455,分红,2010-04-24,0,0,0,不分配,,,,,,,,,,,
600455,分红,2009-03-21,0,0,0,不分配,,,,,,,,,,,
600455,分红,2008-04-18,0,0,0,不分配,,,,,,,,,,,
600455,分红,2007-04-28,0,0,0,不分配,,,,,,,,,,,
600455,分红,2006-04-22,0,0,0,不分配,,,,,,,,,,,
600455,分红,2005-05-28,0,0,0,不分配,,,,,,,,,,,
600462,分红,2025-04-30,0,0,0.0,不分配,,,,,,,,,,,
600462,分红,2024-04-30,0,0,0.0,不分配,,,,,,,,,,,
600462,分红,2023-04-28,0,0,0.0,不分配,,,,,,,,,,,
600462,分红,2022-04-29,0,0,0.0,不分配,,,,,,,,,,,
600462,分红,2021-04-28,0,0,0.0,不分配,,,,,,,,,,,
600462,分红,2020-04-28,0,0,0.0,不分配,,,,,,,,,,,
600462,分红,2019-04-30,0,0,0.0,不分配,,,,,,,,,,,
600462,分红,2018-03-24,0,0,0.0,不分配,,,,,,,,,,,
600462,分红,2017-04-08,0,0,0.0,不分配,,,,,,,,,,,
600462,分红,2016-04-26,0,0,0.0,不分配,,,,,,,,,,,
600462,分红,2015-04-25,0,0,0.0,不分配,,,,,,,,,,,
600462,分红,2014-04-26,0,0,0.0,不分配,,,,,,,,,,,
600462,分红,2013-03-29,0,0,0.0,不分配,,,,,,,,,,,
600462,分红,2012-04-27,0,0,0.0,不分配,,,,,,,,,,,
600462,分红,2011-03-19,0,0,0.0,不分配,,,,,,,,,,,
600462,分红,2010-04-23,0,0,0.0,不分配,,,,,,,,,,,
600462,分红,2009-04-29,0,0,0.0,不分配,,,,,,,,,,,
600462,分红,2008-03-20,0,0,0.0,不分配,,,,,,,,,,,
600462,分红,2007-03-19,0,7,0.0,实施,,2007-03-20,2007-03-22,,,,,,,,
600462,分红,2006-03-25,0,0,0.0,不分配,,,,,,,,,,,
600462,分红,2004-07-19,0,0,0.4,实施,2004-07-23,2004-07-22,,,,,,,,,
600462,分红,2005-07-13,0,0,0.4,实施,2005-07-19,2005-07-18,,,,,,,,,
600462,分红,2007-06-01,0,10,0.0,实施,2007-06-07,2007-06-06,2007-06-08,,,,,,,,
600462,分红,2012-10-31,0,3,0.0,实施,2012-11-02,2012-10-25,2012-11-05,,,,,,,,
600466,分红,2023-04-28,0,0.0,0.0,不分配,,,,,,,,,,,
600466,分红,2022-04-30,0,0.0,0.0,不分配,,,,,,,,,,,
600466,分红,2021-04-12,0,0.0,0.85,预案,,,,,,,,,,,
600466,分红,2014-03-15,0,0.0,0.0,不分配,,,,,,,,,,,
600466,分红,2013-04-12,0,0.0,0.0,不分配,,,,,,,,,,,
600466,分红,2012-03-23,0,0.0,0.0,不分配,,,,,,,,,,,
600466,分红,2010-04-26,0,0.0,0.0,不分配,,,,,,,,,,,
600466,分红,2009-02-28,0,0.0,0.0,不分配,,,,,,,,,,,
600466,分红,2008-03-08,0,0.0,0.0,不分配,,,,,,,,,,,
600466,分红,2007-04-30,0,0.0,0.0,不分配,,,,,,,,,,,
600466,分红,2006-04-28,0,0.0,0.0,不分配,,,,,,,,,,,
600466,分红,2005-05-21,0,0.0,0.0,不分配,,,,,,,,,,,
600466,分红,2002-06-07,0,0.0,1.0,实施,2002-06-13,2002-06-12,,,,,,,,,
600466,分红,2003-06-13,0,0.0,1.0,实施,2003-06-19,2003-06-18,,,,,,,,,
600466,分红,2007-01-16,0,6.694,0.0,实施,2007-01-18,2007-01-17,2007-01-23,,,,,,,,
600466,分红,2011-03-31,0,15.0,0.0,实施,2011-04-08,2011-04-07,2011-04-11,,,,,,,,
600466,分红,2015-06-11,0,0.0,0.1,实施,2015-06-18,2015-06-17,,,,,,,,,
600466,分红,2016-06-09,0,0.0,1.2,实施,2016-06-17,2016-06-16,,,,,,,,,
600466,分红,2017-07-11,0,0.0,1.0,实施,2017-07-17,2017-07-14,,,,,,,,,
600466,分红,2018-06-07,0,4.0,1.0,实施,2018-06-13,2018-06-12,,,,,,,,,
600466,分红,2019-04-29,0,0.0,2.6,实施,2019-05-08,2019-05-07,,,,,,,,,
600466,分红,2020-06-30,0,0.0,2.87,实施,2020-07-06,2020-07-03,,,,,,,,,
600485,分红,2021-04-30,0,0,0.0,不分配,,,,,,,,,,,
600485,分红,2020-04-21,0,0,0.0,不分配,,,,,,,,,,,
600485,分红,2019-04-29,0,0,0.0,不分配,,,,,,,,,,,
600485,分红,2018-04-28,0,0,0.0,不分配,,,,,,,,,,,
600485,分红,2014-03-19,0,0,0.0,不分配,,,,,,,,,,,
600485,分红,2013-04-03,0,0,0.0,不分配,,,,,,,,,,,
600485,分红,2012-04-16,0,0,0.0,不分配,,,,,,,,,,,
600485,分红,2011-04-16,0,0,0.0,不分配,,,,,,,,,,,
600485,分红,2010-04-10,0,0,0.0,不分配,,,,,,,,,,,
600485,分红,2009-03-21,0,0,0.0,不分配,,,,,,,,,,,
600485,分红,2008-04-26,0,0,0.0,不分配,,,,,,,,,,,
600485,分红,2007-03-07,0,0,0.0,不分配,,,,,,,,,,,
600485,分红,2006-04-22,0,0,0.0,不分配,,,,,,,,,,,
600485,分红,2005-05-19,0,0,0.0,不分配,,,,,,,,,,,
600485,分红,2004-05-17,0,10,2.0,实施,2004-05-21,2004-05-20,,,,,,,,,
600485,分红,2015-07-09,0,0,0.06,实施,2015-07-17,2015-07-16,,,,,,,,,
600485,分红,2016-07-08,0,0,0.074,实施,2016-07-15,2016-07-14,,,,,,,,,
600485,分红,2017-06-20,0,0,0.091,实施,2017-06-26,2017-06-23,,,,,,,,,
600532,分红,2023-04-29,0,0,0.0,不分配,,,,,,,,,,,
600532,分红,2022-06-30,0,0,0.0,不分配,,,,,,,,,,,
600532,分红,2021-04-23,0,0,0.0,不分配,,,,,,,,,,,
600532,分红,2020-04-24,0,0,0.0,不分配,,,,,,,,,,,
600532,分红,2019-04-25,0,0,0.0,不分配,,,,,,,,,,,
600532,分红,2018-04-25,0,0,0.0,不分配,,,,,,,,,,,
600532,分红,2017-04-15,0,0,0.0,不分配,,,,,,,,,,,
600532,分红,2016-03-26,0,0,0.0,不分配,,,,,,,,,,,
600532,分红,2013-04-18,0,0,0.0,不分配,,,,,,,,,,,
600532,分红,2012-03-29,0,0,0.0,不分配,,,,,,,,,,,
600532,分红,2011-04-29,0,0,0.0,不分配,,,,,,,,,,,
600532,分红,2010-04-24,0,0,0.0,不分配,,,,,,,,,,,
600532,分红,2009-04-25,0,0,0.0,不分配,,,,,,,,,,,
600532,分红,2007-04-17,0,0,0.0,不分配,,,,,,,,,,,
600532,分红,2006-04-08,0,0,0.0,不分配,,,,,,,,,,,
600532,分红,2005-04-26,0,0,0.0,不分配,,,,,,,,,,,
600532,分红,2003-05-22,0,0,1.25,实施,2003-05-28,2003-05-27,,,,,,,,,
600532,分红,2004-07-13,0,3,0.0,实施,2004-07-19,2004-07-16,2004-07-20,,,,,,,,
600532,分红,2008-07-07,0,3,0.0,实施,2008-07-11,2008-07-10,2008-07-14,,,,,,,,
600532,分红,2014-04-17,0,0,0.7,实施,2014-04-23,2014-04-22,,,,,,,,,
600532,分红,2015-06-09,0,0,1.0,实施,2015-06-15,2015-06-12,,,,,,,,,
600553,分红,2008-02-28,0,0,0.0,不分配,,,,,,,,,,,
600553,分红,2003-07-16,0,0,0.5,实施,2003-07-22,2003-07-21,,,,,,,,,
600553,分红,2004-02-25,4,6,1.0,实施,2004-03-02,2004-03-01,,,,,,,,,
600553,分红,2005-06-03,0,0,0.4,实施,2005-06-09,2005-06-08,,,,,,,,,
600553,分红,2006-05-19,0,0,0.2,实施,2006-05-25,2006-05-24,,,,,,,,,
600553,分红,2007-05-24,0,0,0.3,实施,2007-05-30,2007-05-29,,,,,,,,,
600553,分红,2009-04-23,0,0,0.2,实施,2009-04-29,2009-04-28,,,,,,,,,
600553,分红,2010-04-23,0,0,0.5,实施,2010-04-30,2010-04-29,,,,,,,,,
600555,分红,2022-04-30,0,0,0.0,不分配,,,,,,,,,,,
600555,分红,2021-04-30,0,0,0.0,不分配,,,,,,,,,,,
600555,分红,2020-04-30,0,0,0.0,不分配,,,,,,,,,,,
600555,分红,2019-04-29,0,0,0.0,不分配,,,,,,,,,,,
600555,分红,2018-04-28,0,0,0.0,不分配,,,,,,,,,,,
600555,分红,2017-04-28,0,0,0.0,不分配,,,,,,,,,,,
600555,分红,2016-04-28,0,0,0.0,不分配,,,,,,,,,,,
600555,分红,2015-04-25,0,0,0.0,不分配,,,,,,,,,,,
600555,分红,2014-04-22,0,0,0.0,不分配,,,,,,,,,,,
600555,分红,2013-04-27,0,0,0.0,不分配,,,,,,,,,,,
600555,分红,2012-04-17,0,0,0.0,不分配,,,,,,,,,,,
600555,分红,2011-04-13,0,0,0.0,不分配,,,,,,,,,,,
600555,分红,2009-04-28,0,0,0.0,不分配,,,,,,,,,,,
600555,分红,2007-04-24,0,0,0.0,不分配,,,,,,,,,,,
600555,分红,2006-04-29,0,0,0.0,不分配,,,,,,,,,,,
600555,分红,2005-06-30,0,0,0.0,不分配,,,,,,,,,,,
600555,分红,2002-07-17,0,0,2.0,实施,2002-07-23,2002-07-22,,,,,,,,,
600555,分红,2003-09-22,0,0,1.5,实施,2003-09-26,2003-09-25,,,,,,,,,
600555,分红,2004-09-02,0,0,1.5,实施,2004-09-08,2004-09-07,,,,,,,,,
600555,分红,2008-08-08,0,10,0.0,实施,2008-08-14,2008-08-13,2008-08-15,,,,,,,,
600555,分红,2010-06-26,0,5,0.0,实施,2010-07-02,2010-07-01,2010-07-05,,,,,,,,
600565,分红,2024-04-30,0,0,0.0,不分配,,,,,,,,,,,
600565,分红,2023-04-28,0,0,0.0,不分配,,,,,,,,,,,
600565,分红,2022-04-28,0,0,0.0,不分配,,,,,,,,,,,
600565,分红,2003-06-04,0,0,3.6,实施,2003-06-10,2003-06-09,,,,,,,,,
600565,分红,2004-05-18,0,0,4.5,实施,2004-05-24,2004-05-21,,,,,,,,,
600565,分红,2005-07-01,0,0,1.5,实施,2005-07-07,2005-07-06,,,,,,,,,
600565,分红,2006-06-07,0,10,2.0,实施,2006-06-13,2006-06-12,,,,,,,,,
600565,分红,2007-06-18,0,0,1.0,实施,2007-06-22,2007-06-21,,,,,,,,,
600565,分红,2008-03-18,0,10,1.0,实施,2008-03-24,2008-03-21,,,,,,,,,
600565,分红,2009-05-11,0,8,0.2,实施,2009-05-15,2009-05-14,,,,,,,,,
600565,分红,2010-05-21,0,0,0.1,实施,2010-05-28,2010-05-27,,,,,,,,,
600565,分红,2011-06-07,0,0,0.1,实施,2011-06-13,2011-06-10,,,,,,,,,
600565,分红,2012-05-09,0,0,0.1,实施,2012-05-16,2012-05-15,,,,,,,,,
600565,分红,2013-05-27,0,0,0.3,实施,2013-05-31,2013-05-30,,,,,,,,,
600565,分红,2014-04-09,0,0,0.2,实施,2014-04-15,2014-04-14,,,,,,,,,
600565,分红,2015-05-12,0,0,0.3,实施,2015-05-19,2015-05-18,,,,,,,,,
600565,分红,2016-06-15,0,0,0.6,实施,2016-06-21,2016-06-20,,,,,,,,,
600565,分红,2017-04-21,0,0,1.0,实施,2017-04-27,2017-04-26,,,,,,,,,
600565,分红,2018-07-05,0,0,0.9,实施,2018-07-13,2018-07-12,,,,,,,,,
600565,分红,2019-06-05,0,0,2.8,实施,2019-06-13,2019-06-12,,,,,,,,,
600565,分红,2020-07-24,0,0,0.6,实施,2020-07-31,2020-07-30,,,,,,,,,
600565,分红,2021-05-27,0,0,0.8,实施,2021-06-04,2021-06-03,,,,,,,,,
600591,分红,2009-03-25,0,0,0.0,不分配,,,,,,,,,,,
600591,分红,2008-04-26,0,0,0.0,不分配,,,,,,,,,,,
600591,分红,2007-04-30,0,0,0.0,不分配,,,,,,,,,,,
600591,分红,2003-09-02,0,0,0.5,实施,2003-09-08,2003-09-05,,,,,,,,,
600591,分红,2004-06-19,0,5,0.3,实施,2004-06-24,2004-06-23,,,,,,,,,
600591,分红,2005-06-24,0,0,0.6,实施,2005-06-30,2005-06-29,,,,,,,,,
600591,分红,2006-06-27,0,0,0.3,实施,2006-07-03,2006-06-30,,,,,,,,,
600607,分红,1993-07-03,1.36,1.64,1.0,实施,1993-07-12,1993-07-09,,,,,,,,,
600607,分红,1994-04-30,2.0,0.0,1.0,实施,1994-05-09,1994-05-06,,,,,,,,,
600607,分红,1995-05-27,0.0,0.0,2.0,实施,1995-05-31,1995-05-30,,,,,,,,,
600607,分红,1996-05-16,0.0,0.0,1.2,实施,1996-05-21,1996-05-20,,,,,,,,,
600607,分红,1997-06-02,0.0,0.0,1.2,实施,1997-06-09,1997-06-06,,,,,,,,,
600607,分红,1997-09-02,0.0,2.0,0.0,实施,1997-09-08,1997-09-05,1997-09-08,,,,,,,,
600607,分红,1999-07-17,0.0,0.0,1.2,实施,1999-07-23,1999-07-22,,,,,,,,,
600607,分红,2000-05-09,0.0,0.0,1.0,实施,2000-05-15,2000-05-12,,,,,,,,,
600607,分红,2001-05-09,0.0,5.0,1.0,实施,2001-05-16,2001-05-15,,,,,,,,,
600607,分红,2002-07-01,0.0,0.0,1.5,实施,2002-07-05,2002-07-04,,,,,,,,,
600607,分红,2003-07-17,0.0,0.0,1.2,实施,2003-07-23,2003-07-22,,,,,,,,,
600607,分红,2004-07-09,0.0,0.0,3.0,实施,2004-07-15,2004-07-14,,,,,,,,,
600607,分红,2005-07-08,0.0,0.0,1.2,实施,2005-07-14,2005-07-13,,,,,,,,,
600607,分红,2006-07-17,0.0,2.0,1.2,实施,2006-07-21,2006-07-20,,,,,,,,,
600607,分红,2007-06-28,0.0,0.0,1.2,实施,2007-07-04,2007-07-03,,,,,,,,,
600607,分红,2008-07-09,0.0,0.0,1.2,实施,2008-07-15,2008-07-14,,,,,,,,,
600607,分红,2009-06-09,0.0,0.0,1.7,实施,2009-06-15,2009-06-12,,,,,,,,,
600607,配股,1995-08-15,,,,,,1995-08-17,,3.0,3.4,96355400,1995-08-18,,1995-09-01,1995-09-04,
600607,配股,1998-04-16,,,,,,1998-04-30,,2.5,5.0,125926000,1998-05-04,,1998-05-15,1998-06-03,
600607,配股,,,,,,,2000-06-07,,5.0,17.36,154342000,2000-06-08,,2000-06-12,2000-06-29,
600614,分红,2021-04-30,0.0,0,0.0,不分配,,,,,,,,,,,
600614,分红,2020-06-23,0.0,0,0.0,不分配,,,,,,,,,,,
600614,分红,2019-04-26,0.0,0,0.0,不分配,,,,,,,,,,,
600614,分红,2018-04-26,0.0,0,0.0,不分配,,,,,,,,,,,
600614,分红,2012-04-18,0.0,0,0.0,不分配,,,,,,,,,,,
600614,分红,2011-04-09,0.0,0,0.0,不分配,,,,,,,,,,,
600614,分红,2010-03-20,0.0,0,0.0,不分配,,,,,,,,,,,
600614,分红,2008-02-02,0.0,0,0.0,不分配,,,,,,,,,,,
600614,分红,2007-04-28,0.0,0,0.0,不分配,,,,,,,,,,,
600614,分红,2006-04-29,0.0,0,0.0,不分配,,,,,,,,,,,
600614,分红,2005-06-30,0.0,0,0.0,不分配,,,,,,,,,,,
600614,分红,1993-06-26,2.0,0,0.0,实施,1993-07-05,1993-07-02,1993-07-05,,,,,,,,
600614,分红,1994-05-07,1.0,0,0.0,实施,1994-05-16,1994-05-13,1994-05-16,,,,,,,,
600614,分红,1996-06-07,0.0,0,0.5,实施,1996-06-12,1996-06-11,,,,,,,,,
600614,分红,1997-06-20,1.5,0,0.0,实施,1997-07-03,1997-07-02,1997-07-03,,,,,,,,
600614,分红,1998-07-16,0.0,1,0.0,实施,1998-07-23,1998-07-22,1998-07-23,,,,,,,,
600614,分红,2003-06-27,0.0,0,1.0,实施,2003-07-03,2003-07-02,,,,,,,,,
600614,分红,2007-10-13,0.0,7,0.0,实施,2007-10-19,2007-10-18,2007-10-22,,,,,,,,
600614,分红,2009-04-15,0.0,7,0.0,实施,2009-04-21,2009-04-20,2009-04-22,,,,,,,,
600614,分红,2013-06-27,0.0,0,0.4,实施,2013-07-03,2013-07-02,,,,,,,,,
600614,分红,2014-07-03,0.0,0,0.2,实施,2014-07-09,2014-07-08,,,,,,,,,
600614,分红,2015-07-17,0.0,0,0.35,实施,2015-07-24,2015-07-23,,,,,,,,,
600614,分红,2015-09-17,0.0,10,0.0,实施,2015-09-24,2015-09-23,2015-09-25,,,,,,,,
600614,分红,2016-06-22,0.0,0,0.1,实施,2016-06-28,2016-06-27,,,,,,,,,
600614,分红,2017-05-23,0.0,0,0.2,实施,2017-05-31,2017-05-26,,,,,,,,,
600631,分红,2011-03-11,0.0,0.0,0.0,不分配,,,,,,,,,,,
600631,分红,1994-05-14,3.0,0.0,2.0,实施,1994-05-23,1994-05-20,,,,,,,,,
600631,分红,1995-06-03,2.0,0.0,1.0,实施,1995-06-07,1995-06-06,,,,,,,,,
600631,分红,1996-07-23,1.0,0.0,1.5,实施,1996-07-29,1996-07-26,,,,,,,,,
600631,分红,1997-06-24,1.5,2.5,0.0,实施,1997-07-03,1997-07-02,1997-07-03,,,,,,,,
600631,分红,1998-08-08,0.0,0.0,2.7,实施,1998-08-13,1998-08-12,,,,,,,,,
600631,分红,2000-08-02,0.0,0.0,1.0,实施,2000-08-08,2000-08-07,,,,,,,,,
600631,分红,2001-07-13,0.0,1.0,0.0,实施,2001-07-20,2001-07-19,2001-07-20,,,,,,,,
600631,分红,2002-07-15,0.0,0.0,0.2,实施,2002-07-19,2002-07-18,,,,,,,,,
600631,分红,2003-07-15,0.0,0.0,0.6,实施,2003-07-21,2003-07-18,,,,,,,,,
600631,分红,2005-08-08,0.0,0.0,1.0,实施,2005-08-12,2005-08-11,,,,,,,,,
600631,分红,2006-08-11,0.0,0.0,1.5,实施,2006-08-17,2006-08-16,,,,,,,,,
600631,分红,2007-07-03,0.0,0.0,1.8,实施,2007-07-09,2007-07-06,,,,,,,,,
600631,分红,2008-06-06,0.0,0.0,1.0,实施,2008-06-13,2008-06-12,,,,,,,,,
600631,分红,2009-07-06,0.0,0.0,1.0,实施,2009-07-10,2009-07-09,,,,,,,,,
600631,分红,2010-07-16,0.0,0.0,1.2,实施,2010-07-23,2010-07-22,,,,,,,,,
600631,配股,1993-06-12,,,,,,1993-06-18,,6.0,6.0,121536000,1993-06-21,,1993-06-30,1993-07-07,
600631,配股,1997-04-17,,,,,,1997-05-05,,2.727,4.2,261675000,1997-05-06,,1997-05-19,1997-06-16,
600631,配股,1999-02-06,,,,,,1999-03-10,,3.0,5.0,464025000,1999-03-11,,1999-03-24,1999-04-22,
600634,分红,2021-04-30,0,0,0.0,预案,,,,,,,,,,,
600634,分红,2020-08-25,0,0,0.0,不分配,,,,,,,,,,,
600634,分红,2019-04-27,0,0,0.0,不分配,,,,,,,,,,,
600634,分红,2018-04-28,0,0,0.0,不分配,,,,,,,,,,,
600634,分红,2017-03-31,0,0,0.0,不分配,,,,,,,,,,,
600634,分红,2015-04-25,0,0,0.0,不分配,,,,,,,,,,,
600634,分红,2013-04-27,0,0,0.0,不分配,,,,,,,,,,,
600634,分红,2012-04-28,0,0,0.0,不分配,,,,,,,,,,,
600634,分红,2011-04-06,0,0,0.0,不分配,,,,,,,,,,,
600634,分红,2010-04-29,0,0,0.0,不分配,,,,,,,,,,,
600634,分红,2009-04-10,0,0,0.0,不分配,,,,,,,,,,,
600634,分红,2008-04-26,0,0,0.0,不分配,,,,,,,,,,,
600634,分红,2007-03-30,0,0,0.0,不分配,,,,,,,,,,,
600634,分红,2006-04-21,0,0,0.0,不分配,,,,,,,,,,,
600634,分红,2005-07-01,0,0,0.0,不分配,,,,,,,,,,,
600634,分红,1993-05-11,0,0,0.6,实施,1993-05-17,1993-05-14,,,,,,,,,
600634,分红,1994-04-30,4,0,0.0,实施,1994-05-09,1994-05-06,1994-05-09,,,,,,,,
600634,分红,1995-03-31,0,0,1.2,实施,1995-04-10,1995-04-07,,,,,,,,,
600634,分红,1996-05-28,1,0,0.0,实施,1996-06-03,1996-05-31,1996-06-03,,,,,,,,
600634,分红,1997-06-10,2,0,0.0,实施,1997-06-17,1997-06-16,1997-06-17,,,,,,,,
600634,分红,1998-07-30,1,0,0.0,实施,1998-08-05,1998-08-04,1998-08-05,,,,,,,,
600634,分红,1999-05-04,1,1,0.0,实施,1999-05-11,1999-05-10,1999-05-11,,,,,,,,
600634,分红,2002-07-31,0,0,0.2,实施,2002-08-06,2002-08-05,,,,,,,,,
600634,分红,2014-05-13,0,5,0.0,实施,2014-05-19,2014-05-16,2014-05-20,,,,,,,,
600634,分红,2016-07-29,0,0,0.65,实施,2016-08-05,2016-08-04,,,,,,,,,
600634,配股,1993-07-24,,,,,,1993-07-30,,7,3.7,0,1993-08-02,,1993-08-10,1993-08-13,
600634,配股,1994-08-20,,,,,,1994-08-26,,6,3.3,31281500,1994-08-29,,1994-09-09,1994-09-12,
600647,分红,2024-04-30,0,0,0.0,不分配,,,,,,,,,,,
600647,分红,2023-04-29,0,0,0.0,不分配,,,,,,,,,,,
600647,分红,2022-03-26,0,0,0.0,不分配,,,,,,,,,,,
600647,分红,2021-03-20,0,0,0.0,不分配,,,,,,,,,,,
600647,分红,2020-04-18,0,0,0.0,不分配,,,,,,,,,,,
600647,分红,2019-04-20,0,0,0.0,不分配,,,,,,,,,,,
600647,分红,2016-03-12,0,0,0.0,不分配,,,,,,,,,,,
600647,分红,2015-03-14,0,0,0.0,不分配,,,,,,,,,,,
600647,分红,2012-04-06,0,0,0.0,不分配,,,,,,,,,,,
600647,分红,2009-03-24,0,0,0.0,不分配,,,,,,,,,,,
600647,分红,2008-04-29,0,0,0.0,不分配,,,,,,,,,,,
600647,分红,2007-04-26,0,0,0.0,不分配,,,,,,,,,,,
600647,分红,2006-03-17,0,0,0.0,不分配,,,,,,,,,,,
600647,分红,2005-06-01,0,0,0.0,不分配,,,,,,,,,,,
600647,分红,1993-06-19,4,0,0.0,实施,1993-06-28,1993-06-25,1993-06-28,,,,,,,,
600647,分红,1994-06-18,5,0,0.0,实施,1994-06-27,1994-06-24,1994-06-27,,,,,,,,
600647,分红,1995-07-31,0,0,0.7,实施,1995-08-09,1995-08-08,,,,,,,,,
600647,分红,1996-08-24,0,0,0.7,实施,1996-08-29,1996-08-28,,,,,,,,,
600647,分红,2010-06-30,6,4,0.0,实施,2010-07-06,2010-07-05,2010-07-07,,,,,,,,
600647,分红,2011-05-13,0,0,0.3,实施,2011-05-20,2011-05-19,,,,,,,,,
600647,分红,2013-07-26,3,0,0.65,实施,2013-08-01,2013-07-31,,,,,,,,,
600647,分红,2014-08-06,0,0,0.73,实施,2014-08-13,2014-08-12,,,,,,,,,
600647,分红,2017-08-05,0,0,1.05,实施,2017-08-14,2017-08-11,,,,,,,,,
600647,分红,2018-07-21,0,0,0.5,实施,2018-07-30,2018-07-27,,,,,,,,,
600647,配股,1994-06-18,,,,,,1994-06-24,,5,1.5,35700000,1994-06-27,,1994-07-08,1994-07-18,
600652,分红,2022-04-30,0.0,0.0,0.0,预案,,,,,,,,,,,
600652,分红,2021-04-29,0.0,0.0,0.0,不分配,,,,,,,,,,,
600652,分红,2020-04-30,0.0,0.0,0.0,不分配,,,,,,,,,,,
600652,分红,2019-04-30,0.0,0.0,0.0,不分配,,,,,,,,,,,
600652,分红,2018-04-28,0.0,0.0,0.0,不分配,,,,,,,,,,,
600652,分红,2015-04-28,0.0,0.0,0.0,不分配,,,,,,,,,,,
600652,分红,2012-04-28,0.0,0.0,0.0,不分配,,,,,,,,,,,
600652,分红,2011-04-30,0.0,0.0,0.0,不分配,,,,,,,,,,,
600652,分红,2010-04-24,0.0,0.0,0.0,不分配,,,,,,,,,,,
600652,分红,2007-04-14,0.0,0.0,0.0,不分配,,,,,,,,,,,
600652,分红,2006-04-15,0.0,0.0,0.0,不分配,,,,,,,,,,,
600652,分红,2005-06-30,0.0,0.0,0.0,不分配,,,,,,,,,,,
600652,分红,1993-03-06,10.0,0.0,0.0,实施,1993-03-15,1993-03-12,1993-03-15,,,,,,,,
600652,分红,1994-04-02,30.0,0.0,0.0,实施,1994-04-11,1994-04-08,1994-04-11,,,,,,,,
600652,分红,1995-05-09,2.0,0.0,0.0,实施,1995-05-15,1995-05-12,1995-05-15,,,,,,,,
600652,分红,1996-09-11,1.5,3.5,0.0,实施,1996-09-17,1996-09-16,1996-09-17,,,,,,,,
600652,分红,1998-06-02,2.0,0.0,0.0,实施,1998-06-08,1998-06-05,1998-06-08,,,,,,,,
600652,分红,1999-09-29,2.4,3.6,0.0,实施,1999-10-13,1999-10-12,1999-10-13,,,,,,,,
600652,分红,2000-11-07,0.0,3.0,0.0,实施,2000-11-10,2000-11-09,2000-11-10,,,,,,,,
600652,分红,2001-08-14,0.0,0.0,0.7,实施,2001-08-21,2001-08-20,,,,,,,,,
600652,分红,2003-02-20,0.0,3.0,0.0,实施,2003-02-27,2003-02-26,2003-02-28,,,,,,,,
600652,分红,2004-08-03,0.0,0.0,0.5,实施,2004-08-09,2004-08-06,,,,,,,,,
600652,分红,2008-05-30,0.0,3.0,0.0,实施,2008-06-05,2008-06-04,2008-06-06,,,,,,,,
600652,分红,2009-05-27,0.0,1.0,0.0,实施,2009-06-05,2009-06-04,2009-06-08,,,,,,,,
600652,分红,2013-07-02,0.0,0.0,1.07,实施,2013-07-08,2013-07-05,,,,,,,,,
600652,分红,2014-05-13,0.0,0.0,0.03,实施,2014-05-19,2014-05-16,,,,,,,,,
600652,分红,2016-07-09,0.0,0.0,0.27,实施,2016-07-15,2016-07-14,,,,,,,,,
600652,分红,2017-08-10,0.0,0.0,0.43,实施,2017-08-16,2017-08-15,,,,,,,,,
600652,配股,1993-03-06,,,,,,1993-03-12,,10.0,5.5,0,1993-03-15,,1993-03-24,1900-01-01,
600652,配股,1994-04-01,,,,,,1994-04-08,,3.0,7.0,56160000,1994-04-11,,1994-04-20,1994-04-25,
600652,配股,2000-01-26,,,,,,2000-02-23,,1.875,10.0,194089000,2000-02-24,,2000-03-08,2000-03-31,
600656,分红,2016-04-29,0.0,0,0.0,不分配,,,,,,,,,,,
600656,分红,2015-04-30,0.0,0,0.0,不分配,,,,,,,,,,,
600656,分红,2014-01-28,0.0,0,0.0,不分配,,,,,,,,,,,
600656,分红,2013-01-22,0.0,0,0.0,不分配,,,,,,,,,,,
600656,分红,2012-04-28,0.0,0,0.0,不分配,,,,,,,,,,,
600656,分红,2011-04-29,0.0,0,0.0,不分配,,,,,,,,,,,
600656,分红,2010-04-30,0.0,0,0.0,不分配,,,,,,,,,,,
600656,分红,2009-03-27,0.0,0,0.0,不分配,,,,,,,,,,,
600656,分红,2008-04-29,0.0,0,0.0,不分配,,,,,,,,,,,
600656,分红,2007-04-28,0.0,0,0.0,不分配,,,,,,,,,,,
600656,分红,2006-04-29,0.0,0,0.0,不分配,,,,,,,,,,,
600656,分红,2005-05-31,0.0,0,0.0,不分配,,,,,,,,,,,
600656,分红,1993-06-12,5.0,0,0.0,实施,1993-06-21,1993-06-18,1993-06-21,,,,,,,,
600656,分红,1994-10-01,2.0,0,0.0,实施,1994-10-10,1994-10-07,1994-10-10,,,,,,,,
600656,分红,1995-12-19,0.0,0,1.0,实施,1995-12-25,1995-12-22,,,,,,,,,
600656,分红,1996-06-11,2.0,0,0.0,实施,1996-06-17,1996-06-14,1996-06-17,,,,,,,,
600656,分红,2002-06-17,0.0,0,0.4,实施,2002-06-24,2002-06-21,,,,,,,,,
600656,分红,2003-04-22,0.0,4,0.4,实施,2003-04-28,2003-04-25,,,,,,,,,
600656,分红,2004-04-13,1.5,0,0.4,实施,2004-04-19,2004-04-16,,,,,,,,,
600656,分红,2008-06-24,0.0,3,0.0,实施,2008-06-30,2008-06-27,2008-07-01,,,,,,,,
600656,配股,1993-06-12,,,,,,1993-06-18,,30,3.3,0,1993-06-21,,1993-06-30,1993-07-07,
600656,配股,1994-10-01,,,,,,1994-10-07,,3,2.02,0,1994-10-10,,1994-10-21,1994-10-24,
600677,分红,2020-04-30,0.0,0.0,0.0,不分配,,,,,,,,,,,
600677,分红,2015-03-17,0.0,0.0,0.0,不分配,,,,,,,,,,,
600677,分红,2013-04-18,0.0,0.0,0.0,不分配,,,,,,,,,,,
600677,分红,2012-03-15,0.0,0.0,0.0,不分配,,,,,,,,,,,
600677,分红,2011-03-23,0.0,0.0,0.0,不分配,,,,,,,,,,,
600677,分红,2010-03-31,0.0,0.0,0.0,不分配,,,,,,,,,,,
600677,分红,2009-04-09,0.0,0.0,0.0,不分配,,,,,,,,,,,
600677,分红,2008-04-22,0.0,0.0,0.0,不分配,,,,,,,,,,,
600677,分红,2007-04-28,0.0,0.0,0.0,不分配,,,,,,,,,,,
600677,分红,2006-04-22,0.0,0.0,0.0,不分配,,,,,,,,,,,
600677,分红,2005-06-24,0.0,0.0,0.0,不分配,,,,,,,,,,,
600677,分红,1994-04-19,0.0,0.0,1.0,实施,1994-04-25,1994-04-22,,,,,,,,,
600677,分红,1999-08-18,0.0,0.0,2.0,实施,1995-08-25,1995-08-24,,,,,,,,,
600677,分红,1996-07-09,1.0,0.0,1.0,实施,1996-07-15,1996-07-12,,,,,,,,,
600677,分红,1996-08-20,0.6,3.4,0.0,实施,1996-08-26,1996-08-23,1996-08-26,,,,,,,,
600677,分红,1997-07-19,0.0,0.0,1.0,实施,1997-07-25,1997-07-24,,,,,,,,,
600677,分红,1998-08-13,0.0,0.0,0.8,实施,1998-08-19,1998-08-18,,,,,,,,,
600677,分红,2000-08-07,0.0,0.0,1.0,实施,2000-08-11,2000-08-10,,,,,,,,,
600677,分红,2000-11-09,1.0,2.0,0.0,实施,2000-11-15,2000-11-14,2000-11-15,,,,,,,,
600677,分红,2001-08-10,0.0,0.0,0.8,实施,2001-08-17,2001-08-16,,,,,,,,,
600677,分红,2002-08-14,0.0,0.0,1.0,实施,2002-08-20,2002-08-19,,,,,,,,,
600677,分红,2013-09-12,0.0,0.0,0.8,实施,2013-09-18,2013-09-17,,,,,,,,,
600677,分红,2014-07-09,0.0,0.0,0.5,实施,2014-07-15,2014-07-14,,,,,,,,,
600677,分红,2016-06-24,0.0,0.0,0.2,实施,2016-06-30,2016-06-29,,,,,,,,,
600677,分红,2017-07-14,0.0,0.0,0.2,实施,2017-07-20,2017-07-19,,,,,,,,,
600677,分红,2018-06-29,0.0,0.0,0.7,实施,2018-07-06,2018-07-05,,,,,,,,,
600677,分红,2019-08-17,0.0,0.0,1.2,实施,2019-08-23,2019-08-22,,,,,,,,,
600677,配股,1993-12-07,,,,,,1993-12-10,,10,2.6,0,1993-12-13,,1993-12-22,1993-12-27,
600677,配股,1995-12-20,,,,,,1995-12-22,,3,2.8,108590000,1995-12-25,,1996-01-08,1996-03-27,
600677,配股,1998-03-19,,,,,,1998-04-02,,3,2.5,204965000,1998-04-03,,1998-04-16,1998-06-04,
600680,分红,2019-04-30,0,0,0.0,不分配,,,,,,,,,,,
600680,分红,2018-05-03,0,0,0.0,不分配,,,,,,,,,,,
600680,分红,2017-04-22,0,0,0.0,不分配,,,,,,,,,,,
600680,分红,2016-04-26,0,0,0.0,不分配,,,,,,,,,,,
600680,分红,2015-03-21,0,0,0.0,不分配,,,,,,,,,,,
600680,分红,2014-03-22,0,0,0.0,不分配,,,,,,,,,,,
600680,分红,2013-03-20,0,0,0.0,不分配,,,,,,,,,,,
600680,分红,2011-03-26,0,0,0.0,不分配,,,,,,,,,,,
600680,分红,2010-04-02,0,0,0.0,不分配,,,,,,,,,,,
600680,分红,2009-04-30,0,0,0.0,不分配,,,,,,,,,,,
600680,分红,2008-04-12,0,0,0.0,不分配,,,,,,,,,,,
600680,分红,2007-04-21,0,0,0.0,不分配,,,,,,,,,,,
600680,分红,2006-03-23,0,0,0.0,不分配,,,,,,,,,,,
600680,分红,2005-05-31,0,0,0.0,不分配,,,,,,,,,,,
600680,分红,1994-05-07,3,0,0.0,实施,1994-05-16,1994-05-13,1994-05-16,,,,,,,,
600680,分红,1995-04-29,0,0,4.5,实施,1995-05-08,1995-05-05,,,,,,,,,
600680,分红,1996-06-14,0,0,2.0,实施,1996-06-25,1996-06-24,,,,,,,,,
600680,分红,1997-07-03,1,2,1.0,实施,1997-07-09,1997-07-08,,,,,,,,,
600680,分红,1999-07-04,2,4,0.0,实施,1999-07-08,1999-07-07,1999-07-08,,,,,,,,
600680,分红,2001-06-26,0,0,0.3,实施,2001-07-03,2001-07-02,,,,,,,,,
600680,分红,2002-06-19,0,0,0.7,实施,2002-06-26,2002-06-25,,,,,,,,,
600680,分红,2003-05-30,0,0,0.4,实施,2003-06-05,2003-06-04,,,,,,,,,
600680,分红,2012-07-31,0,0,0.3,实施,2012-08-06,2012-08-03,,,,,,,,,
600687,分红,2020-04-30,0,0.0,0.0,不分配,,,,,,,,,,,
600687,分红,2019-04-30,0,0.0,0.0,不分配,,,,,,,,,,,
600687,分红,2011-04-28,0,0.0,0.0,不分配,,,,,,,,,,,
600687,分红,2010-04-30,0,0.0,0.0,不分配,,,,,,,,,,,
600687,分红,2009-03-30,0,0.0,0.0,不分配,,,,,,,,,,,
600687,分红,2008-04-09,0,0.0,0.0,不分配,,,,,,,,,,,
600687,分红,2007-04-28,0,0.0,0.0,不分配,,,,,,,,,,,
600687,分红,2006-04-24,0,4.0,0.0,实施,,2006-04-25,2006-04-27,,,,,,,,
600687,分红,2006-04-12,0,0.0,0.0,不分配,,,,,,,,,,,
600687,分红,2005-05-10,0,0.0,0.0,不分配,,,,,,,,,,,
600687,分红,1994-08-19,1,0.0,0.0,实施,1994-08-29,1994-08-26,1994-08-29,,,,,,,,
600687,分红,1996-06-15,2,0.0,0.0,实施,1996-06-20,1996-06-19,1996-06-20,,,,,,,,
600687,分红,2001-03-01,6,1.3422,1.5,实施,2001-03-06,2001-03-05,,,,,,,,,
600687,分红,2012-03-20,0,0.0,0.1,实施,2012-03-27,2012-03-26,,,,,,,,,
600687,分红,2013-04-03,0,0.0,0.6,实施,2013-04-11,2013-04-10,,,,,,,,,
600687,分红,2014-06-20,0,3.0,0.8,实施,2014-06-26,2014-06-25,,,,,,,,,
600687,分红,2015-07-07,0,0.0,0.6,实施,2015-07-13,2015-07-10,,,,,,,,,
600687,分红,2015-09-21,0,12.0,0.0,实施,2015-09-25,2015-09-24,2015-09-28,,,,,,,,
600687,分红,2016-05-27,0,0.0,0.3,实施,2016-06-03,2016-06-02,,,,,,,,,
600687,分红,2017-07-14,0,0.0,0.35,实施,2017-07-21,2017-07-20,,,,,,,,,
600687,分红,2018-08-23,0,0.0,0.4,实施,2018-08-29,2018-08-28,,,,,,,,,
600687,配股,1995-06-02,,,,,,1995-06-06,,2.72,3.2,55033000,1995-06-07,,1995-08-25,1995-08-28,
600695,分红,2022-04-26,0,0,0.0,不分配,,,,,,,,,,,
600695,分红,2021-04-20,0,0,0.0,不分配,,,,,,,,,,,
600695,分红,2020-03-31,0,0,0.0,不分配,,,,,,,,,,,
600695,分红,2019-04-02,0,0,0.0,不分配,,,,,,,,,,,
600695,分红,2018-04-03,0,0,0.0,不分配,,,,,,,,,,,
600695,分红,2017-04-28,0,0,0.0,不分配,,,,,,,,,,,
600695,分红,2016-04-28,0,0,0.0,不分配,,,,,,,,,,,
600695,分红,2015-04-28,0,0,0.0,不分配,,,,,,,,,,,
600695,分红,2014-04-29,0,0,0.0,不分配,,,,,,,,,,,
600695,分红,2013-04-27,0,0,0.0,不分配,,,,,,,,,,,
600695,分红,2012-04-05,0,0,0.0,不分配,,,,,,,,,,,
600695,分红,2011-04-29,0,0,0.0,不分配,,,,,,,,,,,
600695,分红,2010-04-27,0,0,0.0,不分配,,,,,,,,,,,
600695,分红,2009-04-28,0,0,0.0,不分配,,,,,,,,,,,
600695,分红,2008-04-22,0,0,0.0,不分配,,,,,,,,,,,
600695,分红,2007-04-27,0,0,0.0,不分配,,,,,,,,,,,
600695,分红,2006-04-15,0,0,0.0,不分配,,,,,,,,,,,
600695,分红,2005-06-10,0,0,0.0,不分配,,,,,,,,,,,
600695,分红,1995-05-24,3,0,0.0,实施,1995-05-29,1995-05-26,1995-05-29,,,,,,,,
600695,分红,1996-06-20,0,0,2.0,实施,1996-06-26,1996-06-25,,,,,,,,,
600695,分红,1997-05-29,1,0,1.5,实施,1997-06-04,1997-06-03,,,,,,,,,
600695,分红,1998-06-11,0,2,0.5,实施,1998-06-16,1998-06-15,,,,,,,,,
600701,分红,2021-02-09,0,0,0.0,不分配,,,,,,,,,,,
600701,分红,2020-04-29,0,0,0.0,不分配,,,,,,,,,,,
600701,分红,2019-04-30,0,0,0.0,不分配,,,,,,,,,,,
600701,分红,2018-04-28,0,0,0.0,不分配,,,,,,,,,,,
600701,分红,2016-04-22,0,0,0.0,不分配,,,,,,,,,,,
600701,分红,2015-04-08,0,0,0.0,不分配,,,,,,,,,,,
600701,分红,2012-04-26,0,0,0.0,不分配,,,,,,,,,,,
600701,分红,2011-04-28,0,0,0.0,不分配,,,,,,,,,,,
600701,分红,2010-04-28,0,0,0.0,不分配,,,,,,,,,,,
600701,分红,2009-04-24,0,0,0.0,不分配,,,,,,,,,,,
600701,分红,2008-04-23,0,0,0.0,不分配,,,,,,,,,,,
600701,分红,2007-04-27,0,0,0.0,不分配,,,,,,,,,,,
600701,分红,2007-02-08,0,10,0.0,实施,,2007-02-09,2007-02-13,,,,,,,,
600701,分红,2006-04-21,0,0,0.0,不分配,,,,,,,,,,,
600701,分红,2005-06-09,0,0,0.0,不分配,,,,,,,,,,,
600701,分红,1997-05-31,0,0,2.5,实施,1997-06-05,1997-06-04,,,,,,,,,
600701,分红,1998-06-12,0,0,3.0,实施,1998-06-18,1998-06-17,,,,,,,,,
600701,分红,1999-06-17,4,4,0.0,实施,1999-06-23,1999-06-22,1999-06-23,,,,,,,,
600701,分红,2001-07-07,0,0,1.0,实施,2001-07-16,2001-07-13,,,,,,,,,
600701,分红,2013-08-16,0,0,0.15,实施,2013-08-22,2013-08-21,,,,,,,,,
600701,分红,2014-08-21,0,0,0.075,实施,2014-08-27,2014-08-26,,,,,,,,,
600701,分红,2017-08-22,0,0,0.23,实施,2017-08-28,2017-08-25,,,,,,,,,
600701,配股,1997-06-27,,,,,,1997-07-15,,3,4.5,130000000,1997-07-16,,1997-07-29,1997-08-14,
600701,配股,1998-11-03,,,,,,1998-11-17,,3,7.5,157243000,1998-11-18,,1998-12-01,1998-12-15,
600705,分红,2020-04-22,0,0,0.0,不分配,,,,,,,,,,,
600705,分红,2019-03-15,0,0,0.0,预案,,,,,,,,,,,
600705,分红,2015-12-18,0,0,0.86,预案,,,,,,,,,,,
600705,分红,2012-08-23,0,21,0.0,实施,,2012-08-28,2012-08-30,,,,,,,,
600705,分红,2012-02-10,0,0,0.0,不分配,,,,,,,,,,,
600705,分红,2011-04-30,0,0,0.0,不分配,,,,,,,,,,,
600705,分红,2010-04-30,0,0,0.0,不分配,,,,,,,,,,,
600705,分红,2009-04-30,0,0,0.0,不分配,,,,,,,,,,,
600705,分红,2008-04-30,0,0,0.0,不分配,,,,,,,,,,,
600705,分红,2007-04-27,0,0,0.0,不分配,,,,,,,,,,,
600705,分红,2006-04-08,0,0,0.0,不分配,,,,,,,,,,,
600705,分红,2005-05-19,0,0,0.0,不分配,,,,,,,,,,,
600705,分红,1996-09-13,3,0,0.0,实施,1996-09-19,1996-09-18,1996-09-19,,,,,,,,
600705,分红,1997-05-31,2,0,0.0,实施,1997-06-06,1997-06-05,1997-06-06,,,,,,,,
600705,分红,1998-08-04,1,1,0.0,实施,1998-08-10,1998-08-07,1998-08-10,,,,,,,,
600705,分红,1999-10-16,0,3,0.0,实施,1999-10-22,1999-10-21,1999-10-22,,,,,,,,
600705,分红,2000-09-04,0,5,0.0,实施,2000-09-08,2000-09-07,2000-09-08,,,,,,,,
600705,分红,2002-06-15,0,0,0.35,实施,2002-06-24,2002-06-21,,,,,,,,,
600705,分红,2003-05-13,0,0,0.5,实施,2003-05-19,2003-05-16,,,,,,,,,
600705,分红,2004-05-10,0,5,0.0,实施,2004-05-17,2004-05-14,2004-05-18,,,,,,,,
600705,分红,2013-07-16,0,0,1.5,实施,2013-07-23,2013-07-22,,,,,,,,,
600705,分红,2014-07-16,0,0,0.7,实施,2014-07-23,2014-07-22,,,,,,,,,
600705,分红,2014-12-19,0,10,2.0,实施,2014-12-26,2014-12-25,,,,,,,,,
600705,分红,2015-08-04,0,0,0.7,实施,2015-08-10,2015-08-07,,,,,,,,,
600705,分红,2016-01-07,0,0,0.86,实施,2016-01-14,2016-01-13,,,,,,,,,
600705,分红,2016-06-17,0,10,1.65,实施,2016-06-23,2016-06-22,,,,,,,,,
600705,分红,2017-07-13,0,0,0.67,实施,2017-07-21,2017-07-20,,,,,,,,,
600705,分红,2017-11-13,0,0,0.15,实施,2017-11-20,2017-11-17,,,,,,,,,
600705,分红,2018-07-20,0,0,0.55,实施,2018-07-26,2018-07-25,,,,,,,,,
600705,分红,2018-12-24,0,0,0.39,实施,2018-12-28,2018-12-27,,,,,,,,,
600705,分红,2019-12-12,0,0,0.36,实施,2019-12-18,2019-12-17,,,,,,,,,
600705,分红,2020-10-16,0,0,1.05,实施,2020-10-23,2020-10-22,,,,,,,,,
600705,分红,2021-07-28,0,0,1.12,实施,2021-08-05,2021-08-04,,,,,,,,,
600705,分红,2022-06-29,0,0,1.52,实施,2022-07-07,2022-07-06,,,,,,,,,
600705,分红,2023-07-05,0,0,0.6,实施,2023-07-11,2023-07-10,,,,,,,,,
600705,分红,2024-08-20,0,0,0.1,实施,2024-08-26,2024-08-23,,,,,,,,,
600705,配股,1999-10-26,,,,,,1999-12-06,,1.9231,8,312961000,1999-12-07,,1999-12-20,2000-01-05,
600723,分红,2021-04-24,0,0,0.0,不分配,,,,,,,,,,,
600723,分红,2012-03-17,0,0,0.0,不分配,,,,,,,,,,,
600723,分红,2011-03-19,0,0,0.0,不分配,,,,,,,,,,,
600723,分红,2010-03-20,0,0,0.0,不分配,,,,,,,,,,,
600723,分红,2009-04-18,0,0,0.0,不分配,,,,,,,,,,,
600723,分红,2008-03-22,0,0,0.0,不分配,,,,,,,,,,,
600723,分红,2007-03-17,0,0,0.0,不分配,,,,,,,,,,,
600723,分红,2006-04-22,0,0,0.0,不分配,,,,,,,,,,,
600723,分红,2005-05-27,0,0,0.0,不分配,,,,,,,,,,,
600723,分红,1996-08-20,0,0,1.0,实施,1996-08-26,1996-08-23,,,,,,,,,
600723,分红,1997-05-08,2,1,0.0,实施,1997-05-16,1997-05-15,1997-05-16,,,,,,,,
600723,分红,1998-04-14,3,0,0.0,实施,1998-04-21,1998-04-20,1998-04-21,,,,,,,,
600723,分红,1999-06-17,0,0,2.5,实施,1999-06-23,1999-06-22,,,,,,,,,
600723,分红,2000-06-26,0,0,1.5,实施,2000-06-29,2000-06-28,,,,,,,,,
600723,分红,2001-06-21,0,0,0.89,实施,2001-06-27,2001-06-26,,,,,,,,,
600723,分红,2002-06-27,0,0,1.0,实施,2002-07-03,2002-07-02,,,,,,,,,
600723,分红,2013-07-09,0,0,2.5,实施,2013-07-15,2013-07-12,,,,,,,,,
600723,分红,2014-07-05,0,0,1.6,实施,2014-07-11,2014-07-10,,,,,,,,,
600723,分红,2015-07-04,0,0,1.6,实施,2015-07-10,2015-07-09,,,,,,,,,
600723,分红,2016-07-02,0,0,1.6,实施,2016-07-08,2016-07-07,,,,,,,,,
600723,分红,2017-07-24,0,0,1.5,实施,2017-07-28,2017-07-27,,,,,,,,,
600723,分红,2018-07-23,0,0,1.8,实施,2018-07-27,2018-07-26,,,,,,,,,
600723,分红,2019-06-07,0,0,1.7,实施,2019-06-14,2019-06-13,,,,,,,,,
600723,分红,2020-07-13,0,0,1.9,实施,2020-07-17,2020-07-16,,,,,,,,,
600723,配股,1998-10-08,,,,,,1998-10-22,,2.3,6,323859000,1998-10-23,,1998-11-05,1998-12-11,
600723,配股,2000-11-28,,,,,,2000-12-12,,3.0,8,364064000,2000-12-13,,2000-12-26,2001-02-06,
600747,分红,2019-04-30,0.0,0,0.0,不分配,,,,,,,,,,,
600747,分红,2018-04-28,0.0,0,0.0,不分配,,,,,,,,,,,
600747,分红,2017-04-29,0.0,0,0.0,不分配,,,,,,,,,,,
600747,分红,2016-04-29,0.0,0,0.0,不分配,,,,,,,,,,,
600747,分红,2015-04-30,0.0,0,0.0,不分配,,,,,,,,,,,
600747,分红,2014-04-30,0.0,0,0.0,不分配,,,,,,,,,,,
600747,分红,2013-04-20,0.0,0,0.0,不分配,,,,,,,,,,,
600747,分红,2012-04-28,0.0,0,0.0,不分配,,,,,,,,,,,
600747,分红,2011-04-30,0.0,0,0.0,不分配,,,,,,,,,,,
600747,分红,2010-04-28,0.0,0,0.0,不分配,,,,,,,,,,,
600747,分红,2009-04-30,0.0,0,0.0,不分配,,,,,,,,,,,
600747,分红,2008-04-30,0.0,0,0.0,不分配,,,,,,,,,,,
600747,分红,2007-04-28,0.0,0,0.0,不分配,,,,,,,,,,,
600747,分红,2006-04-29,0.0,0,0.0,不分配,,,,,,,,,,,
600747,分红,1996-11-26,0.0,5,0.0,实施,1996-11-29,1996-11-28,1996-11-29,,,,,,,,
600747,分红,1999-09-22,0.0,5,0.0,实施,1999-09-28,1999-09-27,1999-09-28,,,,,,,,
600747,分红,2001-05-19,1.7871,0,0.446,实施,2001-05-25,2001-05-24,,,,,,,,,
600747,分红,2002-05-14,2.0,3,0.5,实施,2002-05-21,2002-05-20,,,,,,,,,
600747,分红,2003-06-14,0.0,0,0.625,实施,2003-06-20,2003-06-19,,,,,,,,,
600747,分红,2003-11-11,0.0,2,0.0,实施,2003-11-17,2003-11-14,2003-11-18,,,,,,,,
600747,分红,2004-06-08,2.0,0,0.5,实施,2004-06-15,2004-06-14,,,,,,,,,
600747,分红,2005-07-23,0.0,1,2.0,实施,2005-08-01,2005-07-29,,,,,,,,,
600747,分红,2006-06-08,0.0,8,0.0,实施,2006-06-12,2006-06-09,2006-06-13,,,,,,,,
600747,配股,1998-05-20,,,,,,1998-06-03,,3,6,128370000,1998-06-04,,1998-06-17,1998-07-15,
600747,配股,2000-12-27,,,,,,2001-01-10,,3,15,248026000,2001-01-11,,2001-02-07,2001-03-12,
600766,分红,2024-05-01,0,0.0,0,不分配,,,,,,,,,,,
600766,分红,2023-04-29,0,0.0,0,不分配,,,,,,,,,,,
600766,分红,2022-04-22,0,0.0,0,不分配,,,,,,,,,,,
600766,分红,2021-04-23,0,0.0,0,不分配,,,,,,,,,,,
600766,分红,2020-04-16,0,0.0,0,不分配,,,,,,,,,,,
600766,分红,2019-04-26,0,0.0,0,不分配,,,,,,,,,,,
600766,分红,2018-04-20,0,0.0,0,不分配,,,,,,,,,,,
600766,分红,2017-04-20,0,0.0,0,不分配,,,,,,,,,,,
600766,分红,2016-03-31,0,0.0,0,不分配,,,,,,,,,,,
600766,分红,2015-03-17,0,0.0,0,不分配,,,,,,,,,,,
600766,分红,2014-04-02,0,0.0,0,不分配,,,,,,,,,,,
600766,分红,2013-04-26,0,0.0,0,不分配,,,,,,,,,,,
600766,分红,2011-04-30,0,0.0,0,不分配,,,,,,,,,,,
600766,分红,2010-04-30,0,0.0,0,不分配,,,,,,,,,,,
600766,分红,2009-04-30,0,0.0,0,不分配,,,,,,,,,,,
600766,分红,2008-03-05,0,0.0,0,不分配,,,,,,,,,,,
600766,分红,2007-02-13,0,0.0,0,不分配,,,,,,,,,,,
600766,分红,2006-02-28,0,0.0,0,不分配,,,,,,,,,,,
600766,分红,2005-06-01,0,0.0,0,不分配,,,,,,,,,,,
600766,分红,1900-01-01,0,0.0,0,不分配,,,,,,,,,,,
600766,分红,1998-04-23,7,0.0,0,实施,1998-04-29,1998-04-28,1998-04-29,,,,,,,,
600766,分红,2000-10-10,3,2.0,0,实施,2000-10-16,2000-10-13,2000-10-16,,,,,,,,
600766,分红,2012-05-31,0,3.1,0,实施,2012-06-06,2012-06-05,2012-06-07,,,,,,,,
600766,配股,1998-06-17,,,,,,1998-07-01,,1.764,6,90790000,1998-07-02,,1998-07-15,1998-08-10,
600766,配股,2001-02-15,,,,,,2001-03-01,,2.0,11,159903000,2001-03-02,,2001-03-15,2001-04-11,
600767,分红,2023-04-28,0,0,0,不分配,,,,,,,,,,,
600767,分红,2022-04-27,0,0,0,不分配,,,,,,,,,,,
600767,分红,2021-04-20,0,0,0,不分配,,,,,,,,,,,
600767,分红,2020-04-25,0,0,0,不分配,,,,,,,,,,,
600767,分红,2019-04-29,0,0,0,不分配,,,,,,,,,,,
600767,分红,2018-03-30,0,0,0,不分配,,,,,,,,,,,
600767,分红,2017-04-20,0,0,0,不分配,,,,,,,,,,,
600767,分红,2016-04-30,0,0,0,不分配,,,,,,,,,,,
600767,分红,2015-04-16,0,0,0,不分配,,,,,,,,,,,
600767,分红,2014-03-18,0,0,0,不分配,,,,,,,,,,,
600767,分红,2013-04-12,0,0,0,不分配,,,,,,,,,,,
600767,分红,2012-04-18,0,0,0,不分配,,,,,,,,,,,
600767,分红,2011-04-20,0,0,0,不分配,,,,,,,,,,,
600767,分红,2010-04-22,0,0,0,不分配,,,,,,,,,,,
600767,分红,2009-04-18,0,0,0,不分配,,,,,,,,,,,
600767,分红,2008-03-28,0,0,0,不分配,,,,,,,,,,,
600767,分红,2007-03-29,0,0,0,不分配,,,,,,,,,,,
600767,分红,2006-02-28,0,0,0,不分配,,,,,,,,,,,
600767,分红,2005-05-28,0,0,0,不分配,,,,,,,,,,,
600767,分红,1997-07-11,3,0,0,实施,1997-07-16,1997-07-15,1997-07-16,,,,,,,,
600767,分红,1999-11-24,1,4,0,实施,1999-12-01,1999-11-30,1999-12-01,,,,,,,,
600767,分红,2000-06-20,0,5,0,实施,2000-06-26,2000-06-23,2000-06-26,,,,,,,,
600767,配股,1998-10-21,,,,,,1998-11-04,,2.307,8,130000000,1998-11-05,,1998-11-18,1999-01-19,
600781,分红,2023-04-29,0,0,0.0,不分配,,,,,,,,,,,
600781,分红,2022-06-30,0,0,0.0,不分配,,,,,,,,,,,
600781,分红,2021-04-30,0,0,0.0,不分配,,,,,,,,,,,
600781,分红,2020-06-24,0,0,0.0,不分配,,,,,,,,,,,
600781,分红,2019-04-20,0,0,1.0,预案,,,,,,,,,,,
600781,分红,2017-04-29,0,0,0.0,不分配,,,,,,,,,,,
600781,分红,2016-04-09,0,0,0.0,不分配,,,,,,,,,,,
600781,分红,2015-04-30,0,0,0.0,不分配,,,,,,,,,,,
600781,分红,2014-04-26,0,0,0.0,不分配,,,,,,,,,,,
600781,分红,2013-04-26,0,0,0.0,不分配,,,,,,,,,,,
600781,分红,2012-04-26,0,0,0.0,不分配,,,,,,,,,,,
600781,分红,2011-03-29,0,0,0.0,不分配,,,,,,,,,,,
600781,分红,2010-03-10,0,0,0.0,不分配,,,,,,,,,,,
600781,分红,2009-04-21,0,0,0.0,不分配,,,,,,,,,,,
600781,分红,2008-04-30,0,0,0.0,不分配,,,,,,,,,,,
600781,分红,2007-02-15,0,0,0.0,不分配,,,,,,,,,,,
600781,分红,2006-02-09,0,0,0.0,不分配,,,,,,,,,,,
600781,分红,2005-06-11,0,0,0.0,不分配,,,,,,,,,,,
600781,分红,1997-06-20,1,1,0.0,实施,1997-06-27,1997-06-26,1997-06-27,,,,,,,,
600781,分红,2001-07-21,0,5,0.0,实施,2001-07-27,2001-07-26,2001-07-27,,,,,,,,
600781,分红,2018-06-20,0,0,1.28,实施,2018-06-26,2018-06-25,,,,,,,,,
600781,配股,1998-08-12,,,,,,1998-08-26,,2.5,5.8,104272000,1998-08-27,,1998-09-09,1998-10-08,
600804,分红,2025-04-30,0,0.0,0.0,不分配,,,,,,,,,,,
600804,分红,2024-04-30,0,0.0,0.0,不分配,,,,,,,,,,,
600804,分红,2023-04-22,0,0.0,0.0,不分配,,,,,,,,,,,
600804,分红,2022-04-28,0,0.0,0.0,不分配,,,,,,,,,,,
600804,分红,2021-04-28,0,0.0,0.0,不分配,,,,,,,,,,,
600804,分红,2020-05-20,0,0.0,0.0,不分配,,,,,,,,,,,
600804,分红,2019-04-27,0,0.0,0.0,不分配,,,,,,,,,,,
600804,分红,2012-04-21,0,0.0,0.0,不分配,,,,,,,,,,,
600804,分红,2011-04-09,0,0.0,0.0,不分配,,,,,,,,,,,
600804,分红,2007-02-16,0,0.0,0.0,不分配,,,,,,,,,,,
600804,分红,2006-07-03,0,3.5,0.0,实施,,2006-07-04,2006-07-06,,,,,,,,
600804,分红,2006-03-21,0,0.0,0.0,不分配,,,,,,,,,,,
600804,分红,2005-05-17,0,0.0,0.0,不分配,,,,,,,,,,,
600804,分红,1994-06-11,2,0.0,3.8,实施,1994-06-20,1994-06-17,,,,,,,,,
600804,分红,1995-05-06,0,0.0,0.8,实施,1995-05-15,1995-05-12,,,,,,,,,
600804,分红,1997-05-09,0,0.0,1.0,实施,1997-05-14,1997-05-13,,,,,,,,,
600804,分红,2007-08-31,0,10.0,0.0,实施,2007-09-06,2007-09-05,2007-09-07,,,,,,,,
600804,分红,2008-05-29,1,0.0,0.25,实施,2008-06-04,2008-06-03,,,,,,,,,
600804,分红,2009-05-05,0,8.0,0.0,实施,2009-05-11,2009-05-08,2009-05-12,,,,,,,,
600804,分红,2010-05-31,0,0.0,0.4,实施,2010-06-07,2010-06-04,,,,,,,,,
600804,分红,2013-06-27,0,0.0,0.5,实施,2013-07-04,2013-07-03,,,,,,,,,
600804,分红,2014-06-18,0,0.0,1.0,实施,2014-06-24,2014-06-23,,,,,,,,,
600804,分红,2015-06-20,0,0.0,1.2,实施,2015-06-30,2015-06-29,,,,,,,,,
600804,分红,2016-06-29,0,0.0,1.6,实施,2016-07-07,2016-07-06,,,,,,,,,
600804,分红,2017-07-06,0,0.0,1.65,实施,2017-07-14,2017-07-13,,,,,,,,,
600804,分红,2018-07-12,0,0.0,1.65,实施,2018-07-18,2018-07-17,,,,,,,,,
600804,配股,1995-07-13,,,,,,1995-07-18,,2,2.45,97416000,1995-07-19,,1995-08-02,1995-08-03,
600806,分红,2018-04-28,0,0.0,0.0,不分配,,,,,,,,,,,
600806,分红,2017-04-25,0,0.0,0.0,不分配,,,,,,,,,,,
600806,分红,2016-03-31,0,0.0,0.0,不分配,,,,,,,,,,,
600806,分红,2015-03-31,0,0.0,0.0,不分配,,,,,,,,,,,
600806,分红,2014-03-29,0,0.0,0.0,不分配,,,,,,,,,,,
600806,分红,2013-03-28,0,0.0,0.0,不分配,,,,,,,,,,,
600806,分红,2006-04-12,0,0.0,0.0,不分配,,,,,,,,,,,
600806,分红,2005-06-17,0,0.0,0.0,不分配,,,,,,,,,,,
600806,分红,1994-06-21,0,0.0,1.0,实施,1994-06-27,1994-06-24,,,,,,,,,
600806,分红,1995-06-09,0,0.0,1.0,实施,1995-06-19,1995-06-16,,,,,,,,,
600806,分红,1996-06-12,0,0.0,0.3,实施,1996-06-24,1996-06-21,,,,,,,,,
600806,分红,2007-02-05,0,1.5606,0.0,实施,2007-02-27,2007-02-26,2007-03-07,,,,,,,,
600806,分红,2007-11-02,0,5.0,0.0,实施,2007-11-20,2007-11-19,2007-11-21,,,,,,,,
600806,分红,2008-06-25,0,0.0,2.7,实施,2008-07-01,2008-06-30,,,,,,,,,
600806,分红,2009-06-30,0,0.0,0.943,实施,2009-07-06,2009-07-03,,,,,,,,,
600806,分红,2010-07-12,0,2.5,0.5,实施,2010-07-16,2010-07-15,,,,,,,,,
600806,分红,2011-05-30,0,0.0,0.5,实施,2011-06-07,2011-06-03,,,,,,,,,
600806,分红,2012-05-30,0,0.0,0.2,实施,2012-06-05,2012-06-04,,,,,,,,,
600811,分红,2024-04-30,0.0,0.0,0.0,不分配,,,,,,,,,,,
600811,分红,2023-04-29,0.0,0.0,0.0,不分配,,,,,,,,,,,
600811,分红,2022-04-30,0.0,0.0,0.0,不分配,,,,,,,,,,,
600811,分红,2021-04-30,0.0,0.0,0.0,不分配,,,,,,,,,,,
600811,分红,2020-04-30,0.0,0.0,0.0,不分配,,,,,,,,,,,
600811,分红,2019-04-30,0.0,0.0,0.0,不分配,,,,,,,,,,,
600811,分红,2016-04-29,0.0,0.0,0.0,不分配,,,,,,,,,,,
600811,分红,2013-04-27,0.0,0.0,0.0,不分配,,,,,,,,,,,
600811,分红,2012-04-28,0.0,0.0,0.0,不分配,,,,,,,,,,,
600811,分红,2011-04-30,0.0,0.0,0.0,不分配,,,,,,,,,,,
600811,分红,2010-04-30,0.0,0.0,0.0,不分配,,,,,,,,,,,
600811,分红,2006-08-09,0.0,2.5,0.0,实施,,2006-08-10,2006-08-14,,,,,,,,
600811,分红,2006-04-29,0.0,0.0,0.0,不分配,,,,,,,,,,,
600811,分红,2005-06-30,0.0,0.0,0.0,不分配,,,,,,,,,,,
600811,分红,1995-05-23,5.0,0.0,0.0,实施,1995-05-29,1995-05-26,1995-05-29,,,,,,,,
600811,分红,1996-07-24,1.66,0.0,1.66,实施,1996-07-30,1996-07-29,,,,,,,,,
600811,分红,1997-06-18,2.0,1.0,0.0,实施,1997-06-25,1997-06-24,1997-06-25,,,,,,,,
600811,分红,1999-08-19,1.0,1.0,0.1,实施,1999-08-27,1999-08-26,,,,,,,,,
600811,分红,2001-08-01,0.0,1.0,1.0,实施,2001-08-08,2001-08-07,,,,,,,,,
600811,分红,2002-07-10,1.0,0.0,0.25,实施,2002-07-16,2002-07-15,,,,,,,,,
600811,分红,2004-07-08,0.0,2.0,0.0,实施,2004-07-14,2004-07-13,2004-07-15,,,,,,,,
600811,分红,2007-07-19,0.7,1.3,0.08,实施,2007-07-25,2007-07-24,,,,,,,,,
600811,分红,2008-07-29,0.0,2.0,0.1,实施,2008-08-04,2008-08-01,,,,,,,,,
600811,分红,2009-07-08,1.0,2.0,0.15,实施,2009-07-14,2009-07-13,,,,,,,,,
600811,分红,2014-06-13,0.0,0.0,0.3,实施,2014-06-19,2014-06-18,,,,,,,,,
600811,分红,2015-06-12,0.0,0.0,0.3,实施,2015-06-18,2015-06-17,,,,,,,,,
600811,分红,2017-07-18,0.0,3.0,0.0,实施,2017-07-24,2017-07-21,2017-07-25,,,,,,,,
600811,分红,2018-08-10,0.0,0.0,0.21,实施,2018-08-16,2018-08-15,,,,,,,,,
600811,配股,1996-03-26,,,,,,1996-04-09,,2.0,3.9,157500000,1996-04-10,,1996-04-24,1996-05-10,
600811,配股,1997-07-03,,,,,,1997-07-17,,1.9,7.8,298139000,1997-07-18,,1997-07-31,1997-08-14,
600811,配股,2000-10-16,,,,,,2000-10-30,,2.5,7.0,425743000,2000-10-31,,2000-11-13,2000-12-01,
600823,分红,2024-04-30,0,0.0,0.0,不分配,,,,,,,,,,,
600823,分红,2023-04-29,0,0.0,0.0,不分配,,,,,,,,,,,
600823,分红,2022-04-23,0,0.0,0.0,不分配,,,,,,,,,,,
600823,分红,2013-03-15,0,0.0,0.0,不分配,,,,,,,,,,,
600823,分红,2012-03-24,0,0.0,0.0,不分配,,,,,,,,,,,
600823,分红,2011-03-12,0,0.0,0.0,不分配,,,,,,,,,,,
600823,分红,2010-02-09,0,0.0,0.0,不分配,,,,,,,,,,,
600823,分红,1995-07-22,3,0.0,0.0,实施,1995-07-31,1995-07-28,1995-07-31,,,,,,,,
600823,分红,1996-07-05,2,0.0,1.0,实施,1996-07-11,1996-07-10,,,,,,,,,
600823,分红,1997-05-27,2,2.0,0.0,实施,1997-06-02,1997-05-30,1997-06-02,,,,,,,,
600823,分红,1999-07-12,0,0.0,1.0,实施,1999-07-15,1999-07-14,,,,,,,,,
600823,分红,2000-07-18,0,2.5,3.0,实施,2000-07-24,2000-07-21,,,,,,,,,
600823,分红,2002-08-21,0,0.0,0.73,实施,2002-08-27,2002-08-26,,,,,,,,,
600823,分红,2004-10-14,0,5.0,1.0,实施,2004-10-20,2004-10-19,,,,,,,,,
600823,分红,2005-08-09,0,0.0,0.5,实施,2005-08-15,2005-08-12,,,,,,,,,
600823,分红,2006-08-17,0,2.59,0.0,实施,2006-08-21,2006-08-18,2006-08-22,,,,,,,,
600823,分红,2006-08-30,0,0.0,0.4448,实施,2006-09-05,2006-09-04,,,,,,,,,
600823,分红,2006-10-17,2,0.0,0.0,实施,2006-10-23,2006-10-20,2006-10-24,,,,,,,,
600823,分红,2007-08-21,0,0.0,0.5,实施,2007-08-27,2007-08-24,,,,,,,,,
600823,分红,2008-08-19,0,0.0,0.5,实施,2008-08-25,2008-08-22,,,,,,,,,
600823,分红,2009-05-05,0,0.0,0.3,实施,2009-05-11,2009-05-08,,,,,,,,,
600823,分红,2012-11-20,0,0.0,1.6,实施,2012-11-26,2012-11-23,,,,,,,,,
600823,分红,2013-12-02,0,0.0,0.9,实施,2013-12-06,2013-12-05,,,,,,,,,
600823,分红,2014-05-16,0,0.0,1.5,实施,2014-05-22,2014-05-21,,,,,,,,,
600823,分红,2015-05-29,0,5.0,1.7,实施,2015-06-04,2015-06-03,,,,,,,,,
600823,分红,2016-06-07,0,4.0,1.1,实施,2016-06-16,2016-06-15,,,,,,,,,
600823,分红,2017-05-18,0,4.0,0.8,实施,2017-05-24,2017-05-23,,,,,,,,,
600823,分红,2018-06-29,0,0.0,0.6,实施,2018-07-06,2018-07-05,,,,,,,,,
600823,分红,2019-07-04,0,0.0,2.6,实施,2019-07-11,2019-07-10,,,,,,,,,
600823,分红,2020-07-09,0,0.0,2.6,实施,2020-07-16,2020-07-15,,,,,,,,,
600823,分红,2021-07-08,0,0.0,1.7,实施,2021-07-16,2021-07-15,,,,,,,,,
600823,配股,1995-07-21,,,,,,1995-07-28,,3.0,4,50000000,1995-07-31,,1995-08-11,1995-08-14,
600823,配股,1996-10-28,,,,,,1996-11-11,,2.5,4,96000000,1996-11-12,,1996-11-25,1996-12-26,
600823,配股,1998-08-22,,,,,,1998-09-04,,3.0,5,168000000,1998-09-07,,1998-09-18,1998-10-09,
600832,分红,2009-04-30,0.0,0.0,0.0,不分配,,,,,,,,,,,
600832,分红,2007-04-18,0.0,0.0,0.0,不分配,,,,,,,,,,,
600832,分红,1994-07-02,0.0,0.0,1.1,实施,1994-07-11,1994-07-08,,,,,,,,,
600832,分红,1995-04-20,0.0,0.0,1.4,实施,1995-04-25,1995-04-24,,,,,,,,,
600832,分红,1996-06-06,0.0,0.0,2.0,实施,1996-06-12,1996-06-11,,,,,,,,,
600832,分红,1997-06-03,2.0,0.0,0.0,实施,1997-06-09,1997-06-06,1997-06-09,,,,,,,,
600832,分红,1998-06-02,0.0,0.0,2.0,实施,1998-06-08,1998-06-05,,,,,,,,,
600832,分红,1999-08-24,0.0,0.0,1.7,实施,1999-08-30,1999-08-27,,,,,,,,,
600832,分红,2000-07-20,0.0,0.0,1.8,实施,2000-07-25,2000-07-24,,,,,,,,,
600832,分红,2001-08-14,0.0,0.0,2.06,实施,2001-08-21,2001-08-20,,,,,,,,,
600832,分红,2002-08-12,0.0,0.0,2.4,实施,2002-08-16,2002-08-15,,,,,,,,,
600832,分红,2003-06-30,0.5,3.5,1.0,实施,2003-07-04,2003-07-03,,,,,,,,,
600832,分红,2004-07-22,0.0,0.0,2.1,实施,2004-07-29,2004-07-28,,,,,,,,,
600832,分红,2005-08-16,0.0,0.0,1.5,实施,2005-08-22,2005-08-19,,,,,,,,,
600832,分红,2006-04-10,0.0,10.0,2.5,实施,2006-04-14,2006-04-13,,,,,,,,,
600832,分红,2008-07-07,6.0,0.0,0.0,实施,2008-07-11,2008-07-10,2008-07-14,,,,,,,,
600832,分红,2010-06-23,0.0,0.0,0.98,实施,2010-06-29,2010-06-28,,,,,,,,,
600832,分红,2011-08-17,0.0,0.0,1.0,实施,2011-08-23,2011-08-22,,,,,,,,,
600832,分红,2012-08-14,0.0,0.0,1.2,实施,2012-08-20,2012-08-17,,,,,,,,,
600832,分红,2013-08-13,0.0,0.0,1.8,实施,2013-08-19,2013-08-16,,,,,,,,,
600832,分红,2014-08-15,0.0,0.0,0.65,实施,2014-08-21,2014-08-20,,,,,,,,,
600832,分红,2015-04-08,0.0,0.0,0.56,实施,2015-04-14,2015-04-13,,,,,,,,,
600832,配股,1994-07-01,,,,,,1994-07-08,,3.0,4.1,410000000,1994-07-11,,1994-07-22,1994-07-25,
600832,配股,1997-08-08,,,,,,1997-08-22,,2.5,5.0,517017000,1997-08-25,,1997-09-05,1997-10-29,
600832,配股,2001-01-20,,,,,,2001-02-19,,3.0,25.0,646272000,2001-02-20,,2001-03-05,2001-03-28,
600836,分红,2024-04-30,0.0,0.0,0.0,不分配,,,,,,,,,,,
600836,分红,2023-03-29,0.0,0.0,0.0,不分配,,,,,,,,,,,
600836,分红,2022-04-02,0.0,0.0,0.0,不分配,,,,,,,,,,,
600836,分红,2021-04-29,0.0,0.0,0.0,不分配,,,,,,,,,,,
600836,分红,2020-04-29,0.0,0.0,0.0,不分配,,,,,,,,,,,
600836,分红,2019-03-30,0.0,0.0,0.0,不分配,,,,,,,,,,,
600836,分红,2017-03-25,0.0,0.0,0.0,不分配,,,,,,,,,,,
600836,分红,2012-03-30,0.0,0.0,0.0,不分配,,,,,,,,,,,
600836,分红,2011-03-26,0.0,0.0,0.0,不分配,,,,,,,,,,,
600836,分红,2009-03-28,0.0,0.0,0.0,不分配,,,,,,,,,,,
600836,分红,2007-03-31,0.0,0.0,0.0,不分配,,,,,,,,,,,
600836,分红,2005-06-03,0.0,0.0,0.0,不分配,,,,,,,,,,,
600836,分红,1995-10-17,3.0,0.0,0.0,实施,1995-10-23,1995-10-20,1995-10-23,,,,,,,,
600836,分红,1996-05-28,1.5,0.0,0.0,实施,1996-06-03,1996-05-31,1996-06-03,,,,,,,,
600836,分红,1997-05-30,0.0,2.5,1.0,实施,1997-06-06,1997-06-05,,,,,,,,,
600836,分红,2006-06-12,0.0,3.0,1.0,实施,2006-06-16,2006-06-15,,,,,,,,,
600836,分红,2008-05-08,0.0,8.0,0.0,实施,2008-05-14,2008-05-13,2008-05-15,,,,,,,,
600836,分红,2010-06-07,0.0,0.0,0.3,实施,2010-06-11,2010-06-10,,,,,,,,,
600836,分红,2013-07-11,0.0,0.0,0.3,实施,2013-07-17,2013-07-16,,,,,,,,,
600836,分红,2014-06-13,0.0,0.0,0.2,实施,2014-06-20,2014-06-19,,,,,,,,,
600836,分红,2015-05-05,0.0,0.0,0.2,实施,2015-05-12,2015-05-11,,,,,,,,,
600836,分红,2016-05-13,0.0,10.0,0.2,实施,2016-05-19,2016-05-18,,,,,,,,,
600836,分红,2018-05-29,0.0,0.0,0.15,实施,2018-06-04,2018-06-01,,,,,,,,,
600836,配股,1995-10-17,,,,,,1995-10-20,,3,3.9,50000000,1995-10-23,,1995-11-06,1995-12-08,
600837,分红,2020-03-27,0,0,0.0,不分配,,,,,,,,,,,
600837,分红,1995-05-30,3,0,0.0,实施,1995-06-05,1995-06-02,1995-06-05,,,,,,,,
600837,分红,2002-06-21,2,0,0.3,实施,2002-06-27,2002-06-26,,,,,,,,,
600837,分红,2003-06-21,2,8,0.0,实施,2003-06-26,2003-06-25,2003-06-27,,,,,,,,
600837,分红,2004-06-18,2,4,0.5,实施,2004-06-24,2004-06-23,,,,,,,,,
600837,分红,2005-06-01,1,0,0.0,实施,2005-06-07,2005-06-06,2005-06-08,,,,,,,,
600837,分红,2006-06-21,3,0,0.3,实施,2006-06-27,2006-06-26,,,,,,,,,
600837,分红,2007-08-06,0,0,3.0,实施,2007-08-10,2007-08-09,,,,,,,,,
600837,分红,2008-05-16,3,7,1.0,实施,2008-05-22,2008-05-21,,,,,,,,,
600837,分红,2009-05-27,0,0,1.0,实施,2009-06-08,2009-06-05,,,,,,,,,
600837,分红,2010-06-23,0,0,2.0,实施,2010-06-29,2010-06-28,,,,,,,,,
600837,分红,2011-06-17,0,0,1.5,实施,2011-06-23,2011-06-22,,,,,,,,,
600837,分红,2012-08-13,0,0,1.5,实施,2012-08-17,2012-08-16,,,,,,,,,
600837,分红,2013-07-11,0,0,1.2,实施,2013-07-17,2013-07-16,,,,,,,,,
600837,分红,2014-06-11,0,0,1.2,实施,2014-06-17,2014-06-16,,,,,,,,,
600837,分红,2015-06-30,0,0,2.5,实施,2015-07-06,2015-07-03,,,,,,,,,
600837,分红,2016-07-07,0,0,4.5,实施,2016-07-15,2016-07-14,,,,,,,,,
600837,分红,2017-07-20,0,0,2.2,实施,2017-07-27,2017-07-26,,,,,,,,,
600837,分红,2018-07-24,0,0,2.3,实施,2018-08-01,2018-07-31,,,,,,,,,
600837,分红,2019-07-18,0,0,1.5,实施,2019-07-26,2019-07-25,,,,,,,,,
600837,分红,2020-11-19,0,0,2.8,实施,2020-11-27,2020-11-26,,,,,,,,,
600837,分红,2021-07-21,0,0,2.5,实施,2021-07-29,2021-07-28,,,,,,,,,
600837,分红,2022-07-21,0,0,3.0,实施,2022-07-28,2022-07-27,,,,,,,,,
600837,分红,2023-07-21,0,0,2.1,实施,2023-07-28,2023-07-27,,,,,,,,,
600837,分红,2024-08-01,0,0,1.0,实施,2024-08-08,2024-08-07,,,,,,,,,
600837,分红,2024-10-11,0,0,0.3,实施,2024-10-18,2024-10-17,,,,,,,,,
600842,分红,2009-03-31,0.0,0,0,不分配,,,,,,,,,,,
600842,分红,2008-03-31,0.0,0,0,不分配,,,,,,,,,,,
600842,分红,2007-04-18,0.0,0,0,不分配,,,,,,,,,,,
600842,分红,2006-01-25,0.0,0,0,不分配,,,,,,,,,,,
600842,分红,2005-06-09,0.0,0,0,不分配,,,,,,,,,,,
600842,分红,1995-05-11,1.0,0,2,实施,1995-05-16,1995-05-15,,,,,,,,,
600842,分红,1996-06-22,0.0,0,2,实施,1996-07-08,1996-07-05,,,,,,,,,
600842,分红,1997-06-10,2.5,6,0,实施,1997-06-16,1997-06-13,1997-06-16,,,,,,,,
600842,分红,1999-03-11,0.0,0,1,实施,1999-03-18,1999-03-17,,,,,,,,,
600842,分红,1999-10-22,3.0,2,0,实施,1999-11-01,1999-10-29,1999-11-01,,,,,,,,
600842,配股,1996-06-21,,,,,,1996-07-05,,2.7,4.0,55000000,1996-07-08,,1996-07-24,1996-08-20,
600842,配股,1998-05-28,,,,,,1998-06-11,,1.62,5.8,125599000,1998-06-12,,1998-06-25,1998-07-24,
600856,分红,2022-04-30,0.0,0.0,0.0,预案,,,,,,,,,,,
600856,分红,2021-03-31,0.0,0.0,0.0,不分配,,,,,,,,,,,
600856,分红,2020-04-29,0.0,0.0,0.0,不分配,,,,,,,,,,,
600856,分红,2019-04-30,0.0,0.0,0.0,不分配,,,,,,,,,,,
600856,分红,2017-04-22,0.0,0.0,0.0,不分配,,,,,,,,,,,
600856,分红,2015-03-21,0.0,0.0,0.0,不分配,,,,,,,,,,,
600856,分红,2014-03-01,0.0,0.0,0.0,不分配,,,,,,,,,,,
600856,分红,2013-04-20,0.0,0.0,0.0,不分配,,,,,,,,,,,
600856,分红,2012-04-14,0.0,0.0,0.0,不分配,,,,,,,,,,,
600856,分红,2011-04-16,0.0,0.0,0.0,不分配,,,,,,,,,,,
600856,分红,2010-02-06,0.0,0.0,0.0,不分配,,,,,,,,,,,
600856,分红,2009-04-25,0.0,0.0,0.0,不分配,,,,,,,,,,,
600856,分红,2008-02-02,0.0,0.0,0.0,不分配,,,,,,,,,,,
600856,分红,2007-04-14,0.0,0.0,0.0,不分配,,,,,,,,,,,
600856,分红,2006-03-29,0.0,0.0,0.0,不分配,,,,,,,,,,,
600856,分红,2005-06-25,0.0,0.0,0.0,不分配,,,,,,,,,,,
600856,分红,1995-06-16,0.0,0.0,1.6,实施,1995-06-22,1995-06-21,,,,,,,,,
600856,分红,1996-04-22,0.0,0.0,1.66,实施,1996-04-26,1996-04-25,,,,,,,,,
600856,分红,1998-07-01,1.5,2.5,0.0,实施,1998-07-07,1998-07-06,1998-07-07,,,,,,,,
600856,分红,1999-10-27,0.0,0.0,1.2,实施,1999-11-02,1999-11-01,,,,,,,,,
600856,分红,2000-07-01,0.0,0.0,2.4,实施,2000-07-06,2000-07-05,,,,,,,,,
600856,分红,2001-06-20,0.0,0.0,0.5,实施,2001-06-28,2001-06-27,,,,,,,,,
600856,分红,2006-08-28,0.0,6.06343,0.0,实施,2006-08-30,2006-08-29,2006-08-31,,,,,,,,
600856,分红,2016-08-16,0.0,10.0,0.0,实施,2016-08-22,2016-08-19,2016-08-23,,,,,,,,
600856,分红,2018-06-15,0.0,0.0,1.2,实施,2018-06-22,2018-06-21,,,,,,,,,
600856,配股,1996-04-24,,,,,,1996-05-09,,3,2.8,111000000,1996-05-10,,1996-05-29,1996-06-24,
600870,分红,2022-04-30,0.0,0.0,0.0,不分配,,,,,,,,,,,
600870,分红,2021-04-30,0.0,0.0,0.0,不分配,,,,,,,,,,,
600870,分红,2020-04-29,0.0,0.0,0.0,不分配,,,,,,,,,,,
600870,分红,2019-03-30,0.0,0.0,0.0,不分配,,,,,,,,,,,
600870,分红,2018-04-26,0.0,0.0,0.0,不分配,,,,,,,,,,,
600870,分红,2017-02-28,0.0,0.0,0.0,不分配,,,,,,,,,,,
600870,分红,2016-03-26,0.0,0.0,0.0,不分配,,,,,,,,,,,
600870,分红,2015-04-30,0.0,0.0,0.0,不分配,,,,,,,,,,,
600870,分红,2014-04-26,0.0,0.0,0.0,不分配,,,,,,,,,,,
600870,分红,2013-03-09,0.0,0.0,0.0,不分配,,,,,,,,,,,
600870,分红,2012-02-14,0.0,0.0,0.0,不分配,,,,,,,,,,,
600870,分红,2011-03-05,0.0,0.0,0.0,不分配,,,,,,,,,,,
600870,分红,2010-02-06,0.0,0.0,0.0,不分配,,,,,,,,,,,
600870,分红,2009-04-30,0.0,0.0,0.0,不分配,,,,,,,,,,,
600870,分红,2008-04-30,0.0,0.0,0.0,不分配,,,,,,,,,,,
600870,分红,2007-04-27,0.0,0.0,0.0,不分配,,,,,,,,,,,
600870,分红,2006-04-22,0.0,0.0,0.0,不分配,,,,,,,,,,,
600870,分红,2005-05-24,0.0,0.0,0.0,不分配,,,,,,,,,,,
600870,分红,1995-05-10,3.0,0.0,0.0,实施,1995-05-15,1995-05-12,1995-05-15,,,,,,,,
600870,分红,1996-06-25,8.0,0.0,3.5,实施,1996-07-01,1996-06-28,,,,,,,,,
600870,分红,1997-07-09,2.5,2.5,0.0,实施,1997-07-16,1997-07-15,1997-07-16,,,,,,,,
600870,分红,1998-09-15,2.0,3.0,0.0,实施,1998-09-21,1998-09-18,1998-09-21,,,,,,,,
600870,配股,1996-05-18,,,,,,1996-06-03,,2.79,6.98,53750000,1996-06-04,,1996-06-17,1996-06-26,
600870,配股,1998-12-18,,,,,,1998-12-31,,2.0,8.0,278422000,1999-01-04,,1999-01-15,1999-03-02,
600870,配股,2000-09-11,,,,,,2000-09-22,,5.0,11.88,320314000,2000-09-25,,2000-10-13,2000-11-07,
600890,分红,2022-04-29,0,0.0,0.0,不分配,,,,,,,,,,,
600890,分红,2021-04-02,0,0.0,0.0,不分配,,,,,,,,,,,
600890,分红,2020-04-25,0,0.0,0.0,不分配,,,,,,,,,,,
600890,分红,2019-04-27,0,0.0,0.0,不分配,,,,,,,,,,,
600890,分红,2018-04-20,0,0.0,0.0,不分配,,,,,,,,,,,
600890,分红,2017-04-29,0,0.0,0.0,不分配,,,,,,,,,,,
600890,分红,2016-02-05,0,0.0,0.0,不分配,,,,,,,,,,,
600890,分红,2015-04-17,0,0.0,0.0,不分配,,,,,,,,,,,
600890,分红,2014-03-25,0,0.0,0.0,不分配,,,,,,,,,,,
600890,分红,2013-04-26,0,0.0,0.0,不分配,,,,,,,,,,,
600890,分红,2012-02-25,0,0.0,0.0,不分配,,,,,,,,,,,
600890,分红,2011-03-19,0,0.0,0.0,不分配,,,,,,,,,,,
600890,分红,2010-04-16,0,0.0,0.0,不分配,,,,,,,,,,,
600890,分红,2009-04-18,0,0.0,0.0,不分配,,,,,,,,,,,
600890,分红,2008-04-19,0,0.0,0.0,不分配,,,,,,,,,,,
600890,分红,2007-04-06,0,0.0,0.0,不分配,,,,,,,,,,,
600890,分红,2006-12-28,0,4.6,0.0,实施,,2006-12-29,2007-01-05,,,,,,,,
600890,分红,2006-04-20,0,0.0,0.0,不分配,,,,,,,,,,,
600890,分红,2005-06-29,0,0.0,0.0,不分配,,,,,,,,,,,
600890,分红,1996-05-25,0,0.0,3.45,实施,1996-06-03,1996-05-31,,,,,,,,,
600890,分红,1997-09-17,0,7.0,0.0,实施,1997-09-23,1997-09-22,1997-09-23,,,,,,,,
600890,分红,1998-05-28,0,0.0,2.6,实施,1998-06-03,1998-06-02,,,,,,,,,
600890,分红,1999-07-13,0,0.0,2.6,实施,1999-07-20,1999-07-19,,,,,,,,,
600890,分红,2000-06-26,0,0.0,1.7,实施,2000-06-29,2000-06-28,,,,,,,,,
600890,分红,2001-05-11,0,3.0,1.0,实施,2001-05-18,2001-05-17,,,,,,,,,
600890,分红,2001-09-21,0,3.0,0.0,实施,2001-09-28,2001-09-27,2001-09-28,,,,,,,,
600890,分红,2002-07-09,0,0.0,0.3,实施,2002-07-15,2002-07-12,,,,,,,,,
600890,配股,1997-06-20,,,,,,1997-07-08,,3,8,144550000,1997-07-09,,1997-07-22,1997-08-14,
600891,分红,2021-02-23,0,0,0.0,不分配,,,,,,,,,,,
600891,分红,2020-03-03,0,0,0.0,不分配,,,,,,,,,,,
600891,分红,2019-04-30,0,0,0.0,不分配,,,,,,,,,,,
600891,分红,2018-04-28,0,0,0.0,不分配,,,,,,,,,,,
600891,分红,2011-04-16,0,0,0.0,不分配,,,,,,,,,,,
600891,分红,2010-04-29,0,0,0.0,不分配,,,,,,,,,,,
600891,分红,2009-04-22,0,0,0.0,不分配,,,,,,,,,,,
600891,分红,2008-04-25,0,0,0.0,不分配,,,,,,,,,,,
600891,分红,2007-04-28,0,0,0.0,不分配,,,,,,,,,,,
600891,分红,2006-04-26,0,0,0.0,不分配,,,,,,,,,,,
600891,分红,2005-07-01,0,0,0.0,不分配,,,,,,,,,,,
600891,分红,1997-07-03,0,0,3.2,实施,1997-07-14,1997-07-11,,,,,,,,,
600891,分红,1998-05-21,2,5,1.75,实施,1998-05-27,1998-05-26,,,,,,,,,
600891,分红,2000-07-25,1,0,0.0,实施,2000-07-28,2000-07-27,2000-07-28,,,,,,,,
600891,分红,2011-02-22,0,5,0.0,实施,2011-02-28,2011-02-25,2011-03-01,,,,,,,,
600891,分红,2012-08-14,0,0,0.5,实施,2012-08-20,2012-08-17,,,,,,,,,
600891,分红,2013-07-09,0,0,0.5,实施,2013-07-15,2013-07-12,,,,,,,,,
600891,分红,2014-07-08,0,0,0.35,实施,2014-07-14,2014-07-11,,,,,,,,,
600891,分红,2015-06-26,0,0,0.4,实施,2015-07-02,2015-07-01,,,,,,,,,
600891,分红,2016-07-15,0,0,0.8,实施,2016-07-21,2016-07-20,,,,,,,,,
600891,分红,2017-08-17,0,0,0.6,实施,2017-08-24,2017-08-23,,,,,,,,,
600891,配股,1997-08-12,,,,,,1997-08-26,,3,5,102100000,1997-08-27,,1997-09-09,1997-10-16,
600896,分红,2022-04-30,0,0.0,0.0,不分配,,,,,,,,,,,
600896,分红,2021-04-30,0,0.0,0.0,不分配,,,,,,,,,,,
600896,分红,2020-02-29,0,0.0,0.0,不分配,,,,,,,,,,,
600896,分红,2019-03-28,0,0.0,0.0,不分配,,,,,,,,,,,
600896,分红,2018-04-28,0,0.0,0.0,不分配,,,,,,,,,,,
600896,分红,2017-04-25,0,0.0,0.0,不分配,,,,,,,,,,,
600896,分红,2016-03-29,0,0.0,0.0,不分配,,,,,,,,,,,
600896,分红,2015-03-24,0,0.0,0.0,不分配,,,,,,,,,,,
600896,分红,2013-03-26,0,0.0,0.0,不分配,,,,,,,,,,,
600896,分红,2012-03-27,0,0.0,0.0,不分配,,,,,,,,,,,
600896,分红,2006-04-19,0,8.3217,0.0,实施,,2006-04-20,2006-04-24,,,,,,,,
600896,分红,1997-06-05,0,0.0,1.2,实施,1997-06-11,1997-06-10,,,,,,,,,
600896,分红,1998-04-11,3,2.0,0.0,实施,1998-04-17,1998-04-16,1998-04-17,,,,,,,,
600896,分红,2000-06-12,0,0.0,1.5,实施,2000-06-16,2000-06-15,,,,,,,,,
600896,分红,2001-06-06,0,0.0,1.0,实施,2001-06-13,2001-06-12,,,,,,,,,
600896,分红,2002-06-13,0,0.0,1.0,实施,2002-06-20,2002-06-19,,,,,,,,,
600896,分红,2003-06-17,0,0.0,1.0,实施,2003-06-23,2003-06-20,,,,,,,,,
600896,分红,2004-06-09,0,0.0,0.6,实施,2004-06-15,2004-06-14,,,,,,,,,
600896,分红,2005-06-15,0,0.0,0.6,实施,2005-06-22,2005-06-21,,,,,,,,,
600896,分红,2006-06-12,0,0.0,1.0,实施,2006-06-16,2006-06-15,,,,,,,,,
600896,分红,2007-06-22,0,0.0,0.8,实施,2007-06-28,2007-06-27,,,,,,,,,
600896,分红,2008-05-23,3,0.0,0.4,实施,2008-05-30,2008-05-29,,,,,,,,,
600896,分红,2009-06-06,0,0.0,0.4,实施,2009-06-12,2009-06-11,,,,,,,,,
600896,分红,2010-06-09,0,0.0,0.2,实施,2010-06-18,2010-06-17,,,,,,,,,
600896,分红,2011-06-08,0,0.0,0.2,实施,2011-06-14,2011-06-13,,,,,,,,,
600896,分红,2014-05-14,0,0.0,0.09,实施,2014-05-21,2014-05-20,,,,,,,,,
600896,配股,1997-08-14,,,,,,1997-08-28,,3,4.5,166700000,1997-08-29,,1997-09-11,1997-10-10,
600896,配股,1999-09-07,,,,,,1999-09-21,,2,6.0,280081000,1999-09-22,,1999-10-07,1999-11-11,
600898,分红,2024-04-25,0,0,0.0,不分配,,,,,,,,,,,
600898,分红,2023-04-29,0,0,0.0,不分配,,,,,,,,,,,
600898,分红,2022-03-22,0,0,0.0,不分配,,,,,,,,,,,
600898,分红,2021-04-29,0,0,0.0,不分配,,,,,,,,,,,
600898,分红,2020-04-29,0,0,0.0,不分配,,,,,,,,,,,
600898,分红,2019-04-30,0,0,0.0,不分配,,,,,,,,,,,
600898,分红,2018-03-20,0,0,0.0,不分配,,,,,,,,,,,
600898,分红,2017-03-14,0,0,0.0,不分配,,,,,,,,,,,
600898,分红,2014-03-15,0,0,0.0,不分配,,,,,,,,,,,
600898,分红,2013-03-16,0,0,0.0,不分配,,,,,,,,,,,
600898,分红,2012-03-10,0,0,0.0,不分配,,,,,,,,,,,
600898,分红,2011-03-12,0,0,0.0,不分配,,,,,,,,,,,
600898,分红,2010-04-30,0,0,0.0,不分配,,,,,,,,,,,
600898,分红,2009-04-29,0,0,0.0,不分配,,,,,,,,,,,
600898,分红,2008-04-19,0,0,0.0,不分配,,,,,,,,,,,
600898,分红,2007-07-07,3,0,0.0,实施,,2007-07-10,2007-07-12,,,,,,,,
600898,分红,2007-01-30,0,0,0.0,不分配,,,,,,,,,,,
600898,分红,2006-04-22,0,0,0.0,不分配,,,,,,,,,,,
600898,分红,2005-05-28,0,0,0.0,不分配,,,,,,,,,,,
600898,分红,1996-06-21,3,0,1.3,实施,1996-06-28,1996-06-27,,,,,,,,,
600898,分红,1997-06-24,3,0,0.0,实施,1997-07-03,1997-07-02,1997-07-03,,,,,,,,
600898,分红,2004-06-04,1,0,0.25,实施,2004-06-10,2004-06-09,,,,,,,,,
600898,分红,2015-05-27,0,0,0.2,实施,2015-06-02,2015-06-01,,,,,,,,,
600898,分红,2016-05-24,0,0,0.5,实施,2016-05-31,2016-05-30,,,,,,,,,
600898,配股,1998-06-05,,,,,,1998-06-19,,2.307,7,174881000,1998-06-22,,1998-07-03,1998-08-03,
600978,分红,2021-05-24,0,0.0,0.0,不分配,,,,,,,,,,,
600978,分红,2020-04-30,0,0.0,0.0,不分配,,,,,,,,,,,
600978,分红,2005-07-01,0,2.0,1.0,实施,2005-07-07,2005-07-06,,,,,,,,,
600978,分红,2006-06-30,0,2.0,0.5,实施,2006-07-06,2006-07-05,,,,,,,,,
600978,分红,2007-04-26,0,0.0,0.5,实施,2007-05-09,2007-05-08,,,,,,,,,
600978,分红,2007-09-21,0,4.5,0.0,实施,2007-09-27,2007-09-26,2007-09-28,,,,,,,,
600978,分红,2008-06-05,0,5.0,0.2,实施,2008-06-12,2008-06-11,,,,,,,,,
600978,分红,2009-06-04,0,0.0,0.1,实施,2009-06-10,2009-06-09,,,,,,,,,
600978,分红,2010-05-11,0,0.0,0.4,实施,2010-05-17,2010-05-14,,,,,,,,,
600978,分红,2011-06-21,0,0.0,0.5,实施,2011-06-27,2011-06-24,,,,,,,,,
600978,分红,2012-06-08,0,0.0,0.5,实施,2012-06-14,2012-06-13,,,,,,,,,
600978,分红,2013-05-17,0,0.0,0.8,实施,2013-05-23,2013-05-22,,,,,,,,,
600978,分红,2014-06-14,0,0.0,0.85,实施,2014-06-20,2014-06-19,,,,,,,,,
600978,分红,2015-06-29,0,0.0,1.1,实施,2015-07-06,2015-07-03,,,,,,,,,
600978,分红,2016-06-30,0,0.0,1.25,实施,2016-07-07,2016-07-06,,,,,,,,,
600978,分红,2017-07-06,0,0.0,0.55,实施,2017-07-13,2017-07-12,,,,,,,,,
600978,分红,2018-07-09,0,0.0,0.55,实施,2018-07-16,2018-07-13,,,,,,,,,
600978,分红,2019-07-23,0,0.0,0.27,实施,2019-07-30,2019-07-29,,,,,,,,,
600978,配股,2014-02-13,,,,,,2014-02-17,,3,4.03,1152660000,2014-02-26,,2014-02-24,2014-03-05,
600991,分红,2011-03-23,0,0,0,不分配,,,,,,,,,,,
600991,分红,2010-04-01,0,0,0,不分配,,,,,,,,,,,
600991,分红,2008-03-28,0,0,0,不分配,,,,,,,,,,,
600991,分红,2007-04-19,0,0,0,不分配,,,,,,,,,,,
600991,分红,2006-03-28,0,0,0,不分配,,,,,,,,,,,
600991,分红,2005-06-15,0,0,2,实施,2005-06-21,2005-06-20,,,,,,,,,
600991,分红,2009-05-12,0,3,1,实施,2009-05-18,2009-05-15,,,,,,,,,
601028,分红,2022-04-20,0,0,0.0,不分配,,,,,,,,,,,
601028,分红,2021-04-20,0,0,0.0,不分配,,,,,,,,,,,
601028,分红,2020-04-24,0,0,0.0,不分配,,,,,,,,,,,
601028,分红,2019-04-30,0,0,0.0,不分配,,,,,,,,,,,
601028,分红,2018-03-30,0,0,0.0,不分配,,,,,,,,,,,
601028,分红,2017-04-28,0,0,0.0,不分配,,,,,,,,,,,
601028,分红,2012-05-19,0,0,2.0,实施,2012-05-24,2012-05-23,,,,,,,,,
601028,分红,2013-05-09,0,0,2.5,实施,2013-05-15,2013-05-14,,,,,,,,,
601028,分红,2014-05-15,0,0,2.5,实施,2014-05-22,2014-05-21,,,,,,,,,
601028,分红,2015-04-28,0,12,2.0,实施,2015-05-06,2015-05-05,,,,,,,,,
601028,分红,2016-05-24,0,0,0.5,实施,2016-05-31,2016-05-30,,,,,,,,,
601028,分红,2022-11-07,0,0,0.64,实施,2022-11-11,2022-11-10,,,,,,,,,
601028,分红,2023-06-20,0,0,0.35,实施,2023-06-30,2023-06-29,,,,,,,,,
601028,分红,2024-06-27,0,0,0.5,实施,2024-07-05,2024-07-04,,,,,,,,,
601258,分红,2023-04-29,0,0.0,0.0,不分配,,,,,,,,,,,
601258,分红,2022-04-30,0,0.0,0.0,不分配,,,,,,,,,,,
601258,分红,2021-04-30,0,0.0,0.0,不分配,,,,,,,,,,,
601258,分红,2020-06-23,0,0.0,0.0,不分配,,,,,,,,,,,
601258,分红,2019-04-30,0,0.0,0.0,不分配,,,,,,,,,,,
601258,分红,2018-04-28,0,0.0,0.0,不分配,,,,,,,,,,,
601258,分红,2017-04-20,0,0.0,0.0,不分配,,,,,,,,,,,
601258,分红,2016-04-22,0,0.0,0.0,不分配,,,,,,,,,,,
601258,分红,2014-04-23,0,0.0,0.0,不分配,,,,,,,,,,,
601258,分红,2013-04-20,0,0.0,0.0,不分配,,,,,,,,,,,
601258,分红,2011-09-29,0,15.0,0.0,实施,2011-10-12,2011-10-11,2011-10-13,,,,,,,,
601258,分红,2012-06-07,0,0.0,0.3,实施,2012-06-13,2012-06-12,,,,,,,,,
601258,分红,2015-06-11,0,10.0,0.0,实施,2015-06-18,2015-06-17,2015-06-19,,,,,,,,
601258,分红,2019-12-24,0,5.6416,0.0,实施,2019-12-30,2019-12-27,2019-12-31,,,,,,,,
601268,分红,2015-04-30,0,0,0.0,不分配,,,,,,,,,,,
601268,分红,2014-04-29,0,0,0.0,不分配,,,,,,,,,,,
601268,分红,2013-04-23,0,0,0.0,不分配,,,,,,,,,,,
601268,分红,2012-04-17,0,0,0.0,不分配,,,,,,,,,,,
601268,分红,2010-03-30,0,0,0.0,不分配,,,,,,,,,,,
601268,分红,2011-03-23,0,0,0.5,实施,2011-03-29,2011-03-28,,,,,,,,,
601299,分红,2015-03-31,0,0,0.0,不分配,,,,,,,,,,,
601299,分红,2010-06-22,0,0,0.2,实施,2010-06-28,2010-06-25,,,,,,,,,
601299,分红,2011-05-26,0,0,0.5,实施,2011-06-01,2011-05-31,,,,,,,,,
601299,分红,2012-06-27,0,0,0.5,实施,2012-07-03,2012-07-02,,,,,,,,,
601299,分红,2013-07-19,0,0,1.0,实施,2013-07-25,2013-07-24,,,,,,,,,
601299,分红,2014-07-04,0,0,2.0,实施,2014-07-10,2014-07-09,,,,,,,,,
601299,配股,2012-02-22,,,,,,2012-02-24,,2.5,3.42,8300000000,2012-03-06,,2012-03-02,2012-03-13,
601558,分红,2020-04-30,0,0,0.0,不分配,,,,,,,,,,,
601558,分红,2019-03-30,0,0,0.0,不分配,,,,,,,,,,,
601558,分红,2018-03-31,0,0,0.0,不分配,,,,,,,,,,,
601558,分红,2017-04-25,0,0,0.0,不分配,,,,,,,,,,,
601558,分红,2016-04-16,0,0,0.0,不分配,,,,,,,,,,,
601558,分红,2015-04-28,0,0,0.0,不分配,,,,,,,,,,,
601558,分红,2013-04-27,0,0,0.0,不分配,,,,,,,,,,,
601558,分红,2011-05-31,10,0,10.0,实施,2011-06-07,2011-06-03,,,,,,,,,
601558,分红,2012-06-19,0,10,3.5,实施,2012-06-26,2012-06-25,,,,,,,,,
601558,分红,2014-12-26,0,5,0.0,实施,2014-12-31,2014-12-30,2015-01-05,,,,,,,,
601989,分红,2023-04-28,0,0,0.0,不分配,,,,,,,,,,,
601989,分红,2021-04-30,0,0,0.0,不分配,,,,,,,,,,,
601989,分红,2020-04-29,0,0,0.0,不分配,,,,,,,,,,,
601989,分红,2017-04-26,0,0,0.0,不分配,,,,,,,,,,,
601989,分红,2016-04-29,0,0,0.0,不分配,,,,,,,,,,,
601989,分红,2010-06-30,0,0,0.4437,实施,2010-07-06,2010-07-05,,,,,,,,,
601989,分红,2011-06-16,0,0,0.652,实施,2011-06-22,2011-06-21,,,,,,,,,
601989,分红,2011-10-26,0,6,0.0,实施,2011-11-01,2011-10-31,2011-11-02,,,,,,,,
601989,分红,2012-05-03,0,0,0.68,实施,2012-05-10,2012-05-09,,,,,,,,,
601989,分红,2013-06-27,0,0,0.645,实施,2013-07-04,2013-07-03,,,,,,,,,
601989,分红,2014-06-24,0,0,0.46,实施,2014-06-30,2014-06-27,,,,,,,,,
601989,分红,2015-08-12,0,0,0.38,实施,2015-08-18,2015-08-17,,,,,,,,,
601989,分红,2018-08-10,0,0,0.11,实施,2018-08-16,2018-08-15,,,,,,,,,
601989,分红,2019-07-12,0,0,0.09,实施,2019-07-18,2019-07-17,,,,,,,,,
601989,分红,2022-08-16,0,0,0.03,实施,2022-08-23,2022-08-22,,,,,,,,,
601989,分红,2024-07-26,0,0,0.1,实施,2024-08-01,2024-07-31,,,,,,,,,
601989,分红,2025-06-11,0,0,0.18,实施,2025-06-18,2025-06-17,,,,,,,,,
603003,分红,2025-04-30,0,0,0.0,不分配,,,,,,,,,,,
603003,分红,2023-04-28,0,0,0.0,不分配,,,,,,,,,,,
603003,分红,2022-04-28,0,0,0.0,不分配,,,,,,,,,,,
603003,分红,2021-04-28,0,0,0.0,不分配,,,,,,,,,,,
603003,分红,2020-04-28,0,0,0.0,不分配,,,,,,,,,,,
603003,分红,2019-04-26,0,0,0.0,不分配,,,,,,,,,,,
603003,分红,2016-04-23,0,0,0.0,不分配,,,,,,,,,,,
603003,分红,2014-04-19,0,0,0.0,不分配,,,,,,,,,,,
603003,分红,2013-07-12,0,0,0.5,实施,2013-07-18,2013-07-17,,,,,,,,,
603003,分红,2015-07-07,0,0,0.11,实施,2015-07-14,2015-07-13,,,,,,,,,
603003,分红,2017-08-17,0,0,0.12,实施,2017-08-25,2017-08-24,,,,,,,,,
603003,分红,2018-06-09,0,0,0.4,实施,2018-06-15,2018-06-14,,,,,,,,,
603003,分红,2024-08-17,0,0,0.6,实施,2024-08-23,2024-08-22,,,,,,,,,
603133,分红,2024-04-30,0,0,0.0,不分配,,,,,,,,,,,
603133,分红,2023-04-27,0,0,0.0,不分配,,,,,,,,,,,
603133,分红,2022-04-29,0,0,0.0,不分配,,,,,,,,,,,
603133,分红,2021-04-28,0,0,0.0,不分配,,,,,,,,,,,
603133,分红,2020-04-29,0,0,0.0,不分配,,,,,,,,,,,
603133,分红,2017-06-08,0,0,0.8,实施,2017-06-15,2017-06-14,,,,,,,,,
603133,分红,2018-05-30,0,0,0.74,实施,2018-06-06,2018-06-05,,,,,,,,,
603133,分红,2019-06-05,0,0,0.77,实施,2019-06-13,2019-06-12,,,,,,,,,
603157,分红,2022-03-31,0,0,0.0,不分配,,,,,,,,,,,
603157,分红,2021-04-30,0,0,0.0,不分配,,,,,,,,,,,
603157,分红,2020-06-30,0,0,0.0,不分配,,,,,,,,,,,
603157,分红,2019-03-29,0,0,0.0,不分配,,,,,,,,,,,
603157,分红,2017-12-26,0,0,3.3,实施,2018-01-03,2018-01-02,,,,,,,,,
603157,分红,2018-06-01,0,0,2.2,实施,2018-06-07,2018-06-06,,,,,,,,,
603157,分红,2018-11-01,0,0,2.5,实施,2018-11-07,2018-11-06,,,,,,,,,
603388,分红,2025-04-30,0,0,0.0,不分配,,,,,,,,,,,
603388,分红,2024-04-27,0,0,0.0,不分配,,,,,,,,,,,
603388,分红,2023-04-29,0,0,0.0,不分配,,,,,,,,,,,
603388,分红,2022-04-26,0,0,0.0,不分配,,,,,,,,,,,
603388,分红,2020-04-21,0,0,0.0,不分配,,,,,,,,,,,
603388,分红,2017-09-22,0,10,0.0,实施,2017-09-28,2017-09-27,2017-09-29,,,,,,,,
603388,分红,2018-07-04,0,0,1.5,实施,2018-07-10,2018-07-09,,,,,,,,,
603388,分红,2019-06-17,0,4,1.0,实施,2019-06-21,2019-06-20,,,,,,,,,
603388,分红,2021-07-03,0,0,0.6,实施,2021-07-09,2021-07-08,,,,,,,,,
603555,分红,2023-04-27,0,0,0.0,不分配,,,,,,,,,,,
603555,分红,2022-03-31,0,0,0.0,不分配,,,,,,,,,,,
603555,分红,2021-04-28,0,0,0.0,不分配,,,,,,,,,,,
603555,分红,2020-04-30,0,0,0.0,不分配,,,,,,,,,,,
603555,分红,2019-04-30,0,0,0.0,不分配,,,,,,,,,,,
603555,分红,2014-06-17,0,0,4.5,实施,2014-06-23,2014-06-20,,,,,,,,,
603555,分红,2015-06-09,0,0,3.0,实施,2015-06-15,2015-06-12,,,,,,,,,
603555,分红,2016-05-25,0,0,4.5,实施,2016-05-31,2016-05-30,,,,,,,,,
603555,分红,2017-07-07,0,0,4.5,实施,2017-07-14,2017-07-13,,,,,,,,,
603555,分红,2018-06-15,0,0,2.5,实施,2018-06-22,2018-06-21,,,,,,,,,
603555,分红,2021-06-03,0,15,0.0,实施,2021-06-09,2021-06-08,2021-06-10,,,,,,,,
603603,分红,2023-03-31,0,0.0,0.0,不分配,,,,,,,,,,,
603603,分红,2022-04-30,0,0.0,0.0,不分配,,,,,,,,,,,
603603,分红,2021-03-31,0,0.0,0.0,不分配,,,,,,,,,,,
603603,分红,2020-06-19,0,0.0,0.0,不分配,,,,,,,,,,,
603603,分红,2017-06-23,0,0.0,0.9,实施,2017-06-30,2017-06-29,,,,,,,,,
603603,分红,2018-07-09,0,0.0,1.0,实施,2018-07-16,2018-07-13,,,,,,,,,
603603,分红,2019-07-09,0,0.0,1.0,实施,2019-07-15,2019-07-12,,,,,,,,,
603603,分红,2022-12-19,0,13.2676,0.0,实施,2022-12-23,2022-12-22,2022-12-26,,,,,,,,
603963,分红,2024-04-26,0,0,0.0,不分配,,,,,,,,,,,
603963,分红,2023-04-28,0,0,0.0,不分配,,,,,,,,,,,
603963,分红,2022-04-28,0,0,0.0,不分配,,,,,,,,,,,
603963,分红,2018-06-28,0,3,1.0,实施,2018-07-05,2018-07-04,,,,,,,,,
603963,分红,2019-06-03,0,3,0.77,实施,2019-06-10,2019-06-06,,,,,,,,,
603963,分红,2020-06-02,0,3,0.0,实施,2020-06-08,2020-06-05,2020-06-09,,,,,,,,
603963,分红,2021-06-17,0,0,0.46,实施,2021-06-23,2021-06-22,,,,,,,,,
603996,分红,2022-03-31,0,0,0.0,不分配,,,,,,,,,,,
603996,分红,2021-04-30,0,0,0.0,不分配,,,,,,,,,,,
603996,分红,2020-04-30,0,0,0.0,不分配,,,,,,,,,,,
603996,分红,2019-04-30,0,0,0.0,不分配,,,,,,,,,,,
603996,分红,2016-05-06,0,5,4.0,实施,2016-05-12,2016-05-11,,,,,,,,,
603996,分红,2017-05-18,0,0,1.5,实施,2017-05-24,2017-05-23,,,,,,,,,
603996,分红,2018-06-11,0,0,0.5,实施,2018-06-15,2018-06-14,,,,,,,,,
688086,分红,2022-04-30,0,0,0.0,不分配,,,,,,,,,,,
688086,分红,2020-07-04,0,0,2.18,实施,2020-07-10,2020-07-09,,,,,,,,,
688086,分红,2021-07-17,0,0,1.68,实施,2021-07-23,2021-07-22,,,,,,,,,
688316,分红,2026-04-30,0,0,0,不分配,,,,,,,,,,,
688316,分红,2025-04-28,0,0,0,不分配,,,,,,,,,,,
688316,分红,2024-04-25,0,0,0,不分配,,,,,,,,,,,
688316,分红,2023-04-26,0,0,0,不分配,,,,,,,,,,,
688316,分红,2022-04-28,0,0,0,不分配,,,,,,,,,,,
688316,分红,2021-04-28,0,0,0,不分配,,,,,,,,,,,
688555,分红,2022-04-30,0,0,0.0,不分配,,,,,,,,,,,
688555,分红,2021-06-03,0,0,2.93,实施,2021-06-09,2021-06-08,,,,,,,,,
