strategy,trade_count,win_rate,avg_profit_pct,median_profit_pct,avg_mfe_pct,avg_mae_pct,median_profit_capture,avg_giveback_pct,profit_then_loss_rate,deep_mae_profit_rate
v1_0_live_costed,75,0.4666666666666667,-0.004759767160950262,-0.0005153357309880535,0.008980487560774342,-0.031241624161835534,1.0,0.013740254721724602,0.14666666666666667,0.0
v1_4_buffer_derisk_costed,71,0.5633802816901409,-0.0010952480214441675,0.0017569815655009702,0.011740912535108854,-0.03044517305080672,1.0,0.01283616055655302,0.16901408450704225,0.0
v1_6_targetvol15_max1p5_costed,69,0.5652173913043478,-0.0011497374165958675,0.003702034691788203,0.012029149338949786,-0.03127729580097441,1.0,0.013178886755545653,0.17391304347826086,0.0
