strategy,miss_reason,segments,avg_missed_mfe,median_missed_mfe,p75_missed_mfe,p90_missed_mfe,max_missed_mfe,avg_final_missed_return,profit_then_loss_rate
v1_0_live_costed,base_signal_cash,75,0.008980487560774342,0.002024480172298837,0.01249592555863821,0.028475399805990037,0.058059985355805255,-0.004759767160950262,0.14666666666666667
v1_4_buffer_derisk_costed,base_signal_cash,71,0.011740912535108854,0.006485225823385399,0.017948689299055243,0.031425576905003805,0.06943141005335507,-0.0010952480214441675,0.16901408450704225
v1_6_targetvol15_max1p5_costed,base_signal_cash,69,0.012029149338949786,0.00694742481344357,0.018639239170455735,0.031527862447852065,0.06943141005335507,-0.0011497374165958675,0.17391304347826086
