date,baseline,zz2000_and_cyb_below_ma53_days13:scale0.00,zz2000_and_cyb_below_ma53_days13:scale0.25,zz2000_and_cyb_below_ma53_days13:scale0.50
2010-06-01,1.0,1.0,1.0,1.0
2010-06-02,1.0,1.0,1.0,1.0
2010-06-03,1.0,1.0,1.0,1.0
2010-06-04,1.0,1.0,1.0,1.0
2010-06-07,1.0,1.0,1.0,1.0
2010-06-08,1.0,1.0,1.0,1.0
2010-06-09,1.0,1.0,1.0,1.0
2010-06-10,1.0,1.0,1.0,1.0
2010-06-11,1.0,1.0,1.0,1.0
2010-06-17,1.0,1.0,1.0,1.0
2010-06-18,1.0,1.0,1.0,1.0
2010-06-21,1.0,1.0,1.0,1.0
2010-06-22,1.0,1.0,1.0,1.0
2010-06-23,1.0,1.0,1.0,1.0
2010-06-24,1.0,1.0,1.0,1.0
2010-06-25,1.0,1.0,1.0,1.0
2010-06-28,0.9955,0.9955,0.9955,0.9955
2010-06-29,0.987629256074527,0.987629256074527,0.987629256074527,0.987629256074527
2010-06-30,0.9741784756193076,0.9741784756193076,0.9741784756193076,0.9741784756193076
2010-07-01,0.9672293245293283,0.9672293245293283,0.9672293245293283,0.9672293245293283
2010-07-02,0.9770187431798532,0.9770187431798532,0.9770187431798532,0.9770187431798532
2010-07-05,0.9802343521217997,0.9802343521217997,0.9802343521217997,0.9802343521217997
2010-07-06,0.9812434124894264,0.9812434124894264,0.9812434124894264,0.9812434124894264
2010-07-07,0.9796049415787413,0.9796049415787413,0.9796049415787413,0.9796049415787413
2010-07-08,0.9866731162337413,0.9866731162337413,0.9866731162337413,0.9866731162337413
2010-07-09,0.9945883920871015,0.9945883920871015,0.9945883920871015,0.9945883920871015
2010-07-12,1.004437002385862,1.004437002385862,1.004437002385862,1.004437002385862
2010-07-13,1.0042654308581092,1.0042654308581092,1.0042654308581092,1.0042654308581092
2010-07-14,1.008485336400603,1.008485336400603,1.008485336400603,1.008485336400603
2010-07-15,1.008431569811561,1.008431569811561,1.008431569811561,1.008431569811561
2010-07-16,1.006375026486816,1.006375026486816,1.006375026486816,1.006375026486816
2010-07-19,1.0062864640261724,1.0062864640261724,1.0062864640261724,1.0062864640261724
2010-07-20,1.0016965914436937,1.0016965914436937,1.0016965914436937,1.0016965914436937
2010-07-21,1.0016350117352033,1.0016350117352033,1.0016350117352033,1.0016350117352033
2010-07-22,1.0015734358123507,1.0015734358123507,1.0015734358123507,1.0015734358123507
2010-07-23,1.0034565859927163,1.0034565859927163,1.0034565859927163,1.0034565859927163
2010-07-26,1.0058406541149807,1.0058406541149807,1.0058406541149807,1.0058406541149807
2010-07-27,1.0076855336431376,1.0076855336431376,1.0076855336431376,1.0076855336431376
2010-07-28,1.0092766274717617,1.0092766274717617,1.0092766274717617,1.0092766274717617
2010-07-29,1.0147248426819733,1.0147248426819733,1.0147248426819733,1.0147248426819733
2010-07-30,1.0160495558616616,1.0160495558616616,1.0160495558616616,1.0160495558616616
2010-08-02,1.0105359708038442,1.0105359708038442,1.0105359708038442,1.0105359708038442
2010-08-03,1.0105359708038442,1.0105359708038442,1.0105359708038442,1.0105359708038442
2010-08-04,1.0105359708038442,1.0105359708038442,1.0105359708038442,1.0105359708038442
2010-08-05,1.0105359708038442,1.0105359708038442,1.0105359708038442,1.0105359708038442
2010-08-06,1.0105359708038442,1.0105359708038442,1.0105359708038442,1.0105359708038442
2010-08-09,1.0105359708038442,1.0105359708038442,1.0105359708038442,1.0105359708038442
2010-08-10,1.0105359708038442,1.0105359708038442,1.0105359708038442,1.0105359708038442
2010-08-11,1.0105359708038442,1.0105359708038442,1.0105359708038442,1.0105359708038442
2010-08-12,1.0105359708038442,1.0105359708038442,1.0105359708038442,1.0105359708038442
2010-08-13,1.0105359708038442,1.0105359708038442,1.0105359708038442,1.0105359708038442
2010-08-16,1.0105359708038442,1.0105359708038442,1.0105359708038442,1.0105359708038442
2010-08-17,1.0105359708038442,1.0105359708038442,1.0105359708038442,1.0105359708038442
2010-08-18,1.0105359708038442,1.0105359708038442,1.0105359708038442,1.0105359708038442
2010-08-19,1.0105359708038442,1.0105359708038442,1.0105359708038442,1.0105359708038442
2010-08-20,1.0105359708038442,1.0105359708038442,1.0105359708038442,1.0105359708038442
2010-08-23,1.0105359708038442,1.0105359708038442,1.0105359708038442,1.0105359708038442
2010-08-24,1.0105359708038442,1.0105359708038442,1.0105359708038442,1.0105359708038442
2010-08-25,1.0059885589352269,1.0059885589352269,1.0059885589352269,1.0059885589352269
2010-08-26,1.012127246958968,1.012127246958968,1.012127246958968,1.012127246958968
2010-08-27,1.0119525332745538,1.0119525332745538,1.0119525332745538,1.0119525332745538
2010-08-30,1.009894877661306,1.009894877661306,1.009894877661306,1.009894877661306
2010-08-31,1.0052885463869912,1.0052885463869912,1.0052885463869912,1.0052885463869912
2010-09-01,0.9968160625477404,0.9968160625477404,0.9968160625477404,0.9968160625477404
2010-09-02,1.0005211182415477,1.0005211182415477,1.0005211182415477,1.0005211182415477
2010-09-03,1.010536172147465,1.010536172147465,1.010536172147465,1.010536172147465
2010-09-06,1.011737139229734,1.011737139229734,1.011737139229734,1.011737139229734
2010-09-07,1.0155936345650682,1.0155936345650682,1.0155936345650682,1.0155936345650682
2010-09-08,1.0185851186731658,1.0185851186731658,1.0185851186731658,1.0185851186731658
2010-09-09,1.0226036259851692,1.0226036259851692,1.0226036259851692,1.0226036259851692
2010-09-10,1.0323479283814836,1.0323479283814836,1.0323479283814836,1.0323479283814836
2010-09-13,1.036422038584071,1.036422038584071,1.036422038584071,1.036422038584071
2010-09-14,1.0335622229480712,1.0335622229480712,1.0335622229480712,1.0335622229480712
2010-09-15,1.0360383768749284,1.0360383768749284,1.0360383768749284,1.0360383768749284
2010-09-16,1.0264267229499464,1.0264267229499464,1.0264267229499464,1.0264267229499464
2010-09-17,1.0308038477648855,1.0308038477648855,1.0308038477648855,1.0308038477648855
2010-09-20,1.0384549564603687,1.0384549564603687,1.0384549564603687,1.0384549564603687
2010-09-21,1.0381169550226024,1.0381169550226024,1.0381169550226024,1.0381169550226024
2010-09-27,1.0374081055798419,1.0374081055798419,1.0374081055798419,1.0374081055798419
2010-09-28,1.0343928404539648,1.0343928404539648,1.0343928404539648,1.0343928404539648
2010-09-29,1.0318190079330636,1.0318190079330636,1.0318190079330636,1.0318190079330636
2010-09-30,1.0307470628941917,1.0307470628941917,1.0307470628941917,1.0307470628941917
2010-10-08,1.0260456206582307,1.0260456206582307,1.0260456206582307,1.0260456206582307
2010-10-11,1.0259825440831902,1.0259825440831902,1.0259825440831902,1.0259825440831902
2010-10-12,1.0259194713858082,1.0259194713858082,1.0259194713858082,1.0259194713858082
2010-10-13,1.025856402565846,1.025856402565846,1.025856402565846,1.025856402565846
2010-10-14,1.0257933376230655,1.0257933376230655,1.0257933376230655,1.0257933376230655
2010-10-15,1.0211144903127205,1.0211144903127205,1.0211144903127205,1.0211144903127205
2010-10-18,1.0211144903127205,1.0211144903127205,1.0211144903127205,1.0211144903127205
2010-10-19,1.0211144903127205,1.0211144903127205,1.0211144903127205,1.0211144903127205
2010-10-20,1.0211144903127205,1.0211144903127205,1.0211144903127205,1.0211144903127205
2010-10-21,1.0211144903127205,1.0211144903127205,1.0211144903127205,1.0211144903127205
2010-10-22,1.0211144903127205,1.0211144903127205,1.0211144903127205,1.0211144903127205
2010-10-25,1.0211144903127205,1.0211144903127205,1.0211144903127205,1.0211144903127205
2010-10-26,1.0211144903127205,1.0211144903127205,1.0211144903127205,1.0211144903127205
2010-10-27,1.0211144903127205,1.0211144903127205,1.0211144903127205,1.0211144903127205
2010-10-28,1.0211144903127205,1.0211144903127205,1.0211144903127205,1.0211144903127205
2010-10-29,1.0211144903127205,1.0211144903127205,1.0211144903127205,1.0211144903127205
2010-11-01,1.0211144903127205,1.0211144903127205,1.0211144903127205,1.0211144903127205
2010-11-02,1.0211144903127205,1.0211144903127205,1.0211144903127205,1.0211144903127205
2010-11-03,1.0211144903127205,1.0211144903127205,1.0211144903127205,1.0211144903127205
2010-11-04,1.0211144903127205,1.0211144903127205,1.0211144903127205,1.0211144903127205
2010-11-05,1.0211144903127205,1.0211144903127205,1.0211144903127205,1.0211144903127205
2010-11-08,1.0211144903127205,1.0211144903127205,1.0211144903127205,1.0211144903127205
2010-11-09,1.0211144903127205,1.0211144903127205,1.0211144903127205,1.0211144903127205
2010-11-10,1.0211144903127205,1.0211144903127205,1.0211144903127205,1.0211144903127205
2010-11-11,1.0211144903127205,1.0211144903127205,1.0211144903127205,1.0211144903127205
2010-11-12,1.0165194751063134,1.0165194751063134,1.0165194751063134,1.0165194751063134
2010-11-15,1.016387546298151,1.016387546298151,1.016387546298151,1.016387546298151
2010-11-16,1.0305042395179935,1.0305042395179935,1.0305042395179935,1.0305042395179935
2010-11-17,1.0480046586857568,1.0480046586857568,1.0480046586857568,1.0480046586857568
2010-11-18,1.0495544889707933,1.0495544889707933,1.0495544889707933,1.0495544889707933
2010-11-19,1.0432965315217926,1.0432965315217926,1.0432965315217926,1.0432965315217926
2010-11-22,1.0399985820385411,1.0399985820385411,1.0399985820385411,1.0399985820385411
2010-11-23,1.0434303006617507,1.0434303006617507,1.0434303006617507,1.0434303006617507
2010-11-24,1.0330922805343377,1.0330922805343377,1.0330922805343377,1.0330922805343377
2010-11-25,1.0345936840769783,1.0345936840769783,1.0345936840769783,1.0345936840769783
2010-11-26,1.0384625803743448,1.0384625803743448,1.0384625803743448,1.0384625803743448
2010-11-29,1.0474731220835904,1.0474731220835904,1.0474731220835904,1.0474731220835904
2010-11-30,1.0396217562437118,1.0396217562437118,1.0396217562437118,1.0396217562437118
2010-12-01,1.044135617973378,1.044135617973378,1.044135617973378,1.044135617973378
2010-12-02,1.0576221162798807,1.0576221162798807,1.0576221162798807,1.0576221162798807
2010-12-03,1.05279809158346,1.05279809158346,1.05279809158346,1.05279809158346
2010-12-06,1.0479960702225535,1.0479960702225535,1.0479960702225535,1.0479960702225535
2010-12-07,1.0479960702225535,1.0479960702225535,1.0479960702225535,1.0479960702225535
2010-12-08,1.0479960702225535,1.0479960702225535,1.0479960702225535,1.0479960702225535
2010-12-09,1.0479960702225535,1.0479960702225535,1.0479960702225535,1.0479960702225535
2010-12-10,1.043280087906552,1.043280087906552,1.043280087906552,1.043280087906552
2010-12-13,1.0455776564250143,1.0455776564250143,1.0455776564250143,1.0455776564250143
2010-12-14,1.040808568904075,1.040808568904075,1.040808568904075,1.040808568904075
2010-12-15,1.0407445847707406,1.0407445847707406,1.0407445847707406,1.0407445847707406
2010-12-16,1.0406806045708572,1.0406806045708572,1.0406806045708572,1.0406806045708572
2010-12-17,1.0439340116426374,1.0439340116426374,1.0439340116426374,1.0439340116426374
2010-12-20,1.0340997951726179,1.0340997951726179,1.0340997951726179,1.0340997951726179
2010-12-21,1.0340997951726179,1.0340997951726179,1.0340997951726179,1.0340997951726179
2010-12-22,1.0340997951726179,1.0340997951726179,1.0340997951726179,1.0340997951726179
2010-12-23,1.029446346094341,1.029446346094341,1.029446346094341,1.029446346094341
2010-12-24,1.0296154792172214,1.0296154792172214,1.0296154792172214,1.0296154792172214
2010-12-27,1.026660738800373,1.026660738800373,1.026660738800373,1.026660738800373
2010-12-28,1.020362689629346,1.020362689629346,1.020362689629346,1.020362689629346
2010-12-29,1.0166728250319843,1.0166728250319843,1.0166728250319843,1.0166728250319843
2010-12-30,1.0171681705255118,1.0171681705255118,1.0171681705255118,1.0171681705255118
2010-12-31,1.0154412504521975,1.0154412504521975,1.0154412504521975,1.0154412504521975
2011-01-04,1.0157601165586816,1.0157601165586816,1.0157601165586816,1.0157601165586816
2011-01-05,1.0131078225140342,1.0131078225140342,1.0131078225140342,1.0131078225140342
2011-01-06,1.0168910588090616,1.0168910588090616,1.0168910588090616,1.0168910588090616
2011-01-07,1.0228192698036722,1.0228192698036722,1.0228192698036722,1.0228192698036722
2011-01-10,1.0238014224013041,1.0238014224013041,1.0238014224013041,1.0238014224013041
2011-01-11,1.0254332206408228,1.0254332206408228,1.0254332206408228,1.0254332206408228
2011-01-12,1.0345358742014195,1.0345358742014195,1.0345358742014195,1.0345358742014195
2011-01-13,1.0373219944606578,1.0373219944606578,1.0373219944606578,1.0373219944606578
2011-01-14,1.0427073079290414,1.0427073079290414,1.0427073079290414,1.0427073079290414
2011-01-17,1.0486344300621373,1.0486344300621373,1.0486344300621373,1.0486344300621373
2011-01-18,1.0509666393422785,1.0509666393422785,1.0509666393422785,1.0509666393422785
2011-01-19,1.0424514428384737,1.0424514428384737,1.0424514428384737,1.0424514428384737
2011-01-20,1.0488750877322945,1.0488750877322945,1.0488750877322945,1.0488750877322945
2011-01-21,1.0494902022830386,1.0494902022830386,1.0494902022830386,1.0494902022830386
2011-01-24,1.0537411403297388,1.0537411403297388,1.0537411403297388,1.0537411403297388
2011-01-25,1.0480025298719975,1.0480025298719975,1.0480025298719975,1.0480025298719975
2011-01-26,1.0473721355040626,1.0473721355040626,1.0473721355040626,1.0473721355040626
2011-01-27,1.0434632582011643,1.0434632582011643,1.0434632582011643,1.0434632582011643
2011-01-28,1.0502721469863003,1.0502721469863003,1.0502721469863003,1.0502721469863003
2011-01-31,1.0478498554767437,1.0478498554767437,1.0478498554767437,1.0478498554767437
2011-02-01,1.0430704040042833,1.0430704040042833,1.0430704040042833,1.0430704040042833
2011-02-09,1.0383127525600027,1.0383127525600027,1.0383127525600027,1.0383127525600027
2011-02-10,1.0383127525600027,1.0383127525600027,1.0383127525600027,1.0383127525600027
2011-02-11,1.0383127525600027,1.0383127525600027,1.0383127525600027,1.0383127525600027
2011-02-14,1.0383127525600027,1.0383127525600027,1.0383127525600027,1.0383127525600027
2011-02-15,1.0383127525600027,1.0383127525600027,1.0383127525600027,1.0383127525600027
2011-02-16,1.0383127525600027,1.0383127525600027,1.0383127525600027,1.0383127525600027
2011-02-17,1.0383127525600027,1.0383127525600027,1.0383127525600027,1.0383127525600027
2011-02-18,1.0383127525600027,1.0383127525600027,1.0383127525600027,1.0383127525600027
2011-02-21,1.0383127525600027,1.0383127525600027,1.0383127525600027,1.0383127525600027
2011-02-22,1.0383127525600027,1.0383127525600027,1.0383127525600027,1.0383127525600027
2011-02-23,1.0383127525600027,1.0383127525600027,1.0383127525600027,1.0383127525600027
2011-02-24,1.0383127525600027,1.0383127525600027,1.0383127525600027,1.0383127525600027
2011-02-25,1.0383127525600027,1.0383127525600027,1.0383127525600027,1.0383127525600027
2011-02-28,1.0383127525600027,1.0383127525600027,1.0383127525600027,1.0383127525600027
2011-03-01,1.0383127525600027,1.0383127525600027,1.0383127525600027,1.0383127525600027
2011-03-02,1.0383127525600027,1.0383127525600027,1.0383127525600027,1.0383127525600027
2011-03-03,1.0336403451734828,1.0336403451734828,1.0336403451734828,1.0336403451734828
2011-03-04,1.0348958566288482,1.0348958566288482,1.0348958566288482,1.0348958566288482
2011-03-07,1.030084529874942,1.030084529874942,1.030084529874942,1.030084529874942
2011-03-08,1.0284911762157185,1.0284911762157185,1.0284911762157185,1.0284911762157185
2011-03-09,1.0209240058169504,1.0209240058169504,1.0209240058169504,1.0209240058169504
2011-03-10,1.0297777363326064,1.0297777363326064,1.0297777363326064,1.0297777363326064
2011-03-11,1.03612016028144,1.03612016028144,1.03612016028144,1.03612016028144
2011-03-14,1.0427407814303458,1.0427407814303458,1.0427407814303458,1.0427407814303458
2011-03-15,1.0344908991151143,1.0344908991151143,1.0344908991151143,1.0344908991151143
2011-03-16,1.040300568338802,1.040300568338802,1.040300568338802,1.040300568338802
2011-03-17,1.043641705927913,1.043641705927913,1.043641705927913,1.043641705927913
2011-03-18,1.0449165134620868,1.0449165134620868,1.0449165134620868,1.0449165134620868
2011-03-21,1.0485258724041837,1.0485258724041837,1.0485258724041837,1.0485258724041837
2011-03-22,1.0511040102562073,1.0511040102562073,1.0511040102562073,1.0511040102562073
2011-03-23,1.0522417450156714,1.0522417450156714,1.0522417450156714,1.0522417450156714
2011-03-24,1.0562015682101995,1.0562015682101995,1.0562015682101995,1.0562015682101995
2011-03-25,1.0548452097490675,1.0548452097490675,1.0548452097490675,1.0548452097490675
2011-03-28,1.0636309090714382,1.0636309090714382,1.0636309090714382,1.0636309090714382
2011-03-29,1.0640274336794562,1.0640274336794562,1.0640274336794562,1.0640274336794562
2011-03-30,1.0572183959839327,1.0572183959839327,1.0572183959839327,1.0572183959839327
2011-03-31,1.0545020461421997,1.0545020461421997,1.0545020461421997,1.0545020461421997
2011-04-01,1.0622369428494296,1.0622369428494296,1.0622369428494296,1.0622369428494296
2011-04-06,1.0647208135882142,1.0647208135882142,1.0647208135882142,1.0647208135882142
2011-04-07,1.0706407123078592,1.0706407123078592,1.0706407123078592,1.0706407123078592
2011-04-08,1.0712646228022298,1.0712646228022298,1.0712646228022298,1.0712646228022298
2011-04-11,1.0651339111847669,1.0651339111847669,1.0651339111847669,1.0651339111847669
2011-04-12,1.0744342476036126,1.0744342476036126,1.0744342476036126,1.0744342476036126
2011-04-13,1.077833308011171,1.077833308011171,1.077833308011171,1.077833308011171
2011-04-14,1.0762988179160835,1.0762988179160835,1.0762988179160835,1.0762988179160835
2011-04-15,1.0822191318077479,1.0822191318077479,1.0822191318077479,1.0822191318077479
2011-04-18,1.0893848497953358,1.0893848497953358,1.0893848497953358,1.0893848497953358
2011-04-19,1.0893499589771647,1.0893499589771647,1.0893499589771647,1.0893499589771647
2011-04-20,1.0774746928972383,1.0774746928972383,1.0774746928972383,1.0774746928972383
2011-04-21,1.0731901312903402,1.0731901312903402,1.0731901312903402,1.0731901312903402
2011-04-22,1.0737867213844838,1.0737867213844838,1.0737867213844838,1.0737867213844838
2011-04-25,1.0688889667111345,1.0688889667111345,1.0688889667111345,1.0688889667111345
2011-04-26,1.0640135516703795,1.0640135516703795,1.0640135516703795,1.0640135516703795
2011-04-27,1.0640135516703795,1.0640135516703795,1.0640135516703795,1.0640135516703795
2011-04-28,1.0640135516703795,1.0640135516703795,1.0640135516703795,1.0640135516703795
2011-04-29,1.0640135516703795,1.0640135516703795,1.0640135516703795,1.0640135516703795
2011-05-03,1.0640135516703795,1.0640135516703795,1.0640135516703795,1.0640135516703795
2011-05-04,1.0640135516703795,1.0640135516703795,1.0640135516703795,1.0640135516703795
2011-05-05,1.0640135516703795,1.0640135516703795,1.0640135516703795,1.0640135516703795
2011-05-06,1.0640135516703795,1.0640135516703795,1.0640135516703795,1.0640135516703795
2011-05-09,1.0640135516703795,1.0640135516703795,1.0640135516703795,1.0640135516703795
2011-05-10,1.0640135516703795,1.0640135516703795,1.0640135516703795,1.0640135516703795
2011-05-11,1.0640135516703795,1.0640135516703795,1.0640135516703795,1.0640135516703795
2011-05-12,1.0640135516703795,1.0640135516703795,1.0640135516703795,1.0640135516703795
2011-05-13,1.0640135516703795,1.0640135516703795,1.0640135516703795,1.0640135516703795
2011-05-16,1.0640135516703795,1.0640135516703795,1.0640135516703795,1.0640135516703795
2011-05-17,1.0640135516703795,1.0640135516703795,1.0640135516703795,1.0640135516703795
2011-05-18,1.0640135516703795,1.0640135516703795,1.0640135516703795,1.0640135516703795
2011-05-19,1.0640135516703795,1.0640135516703795,1.0640135516703795,1.0640135516703795
2011-05-20,1.0640135516703795,1.0640135516703795,1.0640135516703795,1.0640135516703795
2011-05-23,1.0640135516703795,1.0640135516703795,1.0640135516703795,1.0640135516703795
2011-05-24,1.0640135516703795,1.0640135516703795,1.0640135516703795,1.0640135516703795
2011-05-25,1.0640135516703795,1.0640135516703795,1.0640135516703795,1.0640135516703795
2011-05-26,1.0640135516703795,1.0640135516703795,1.0640135516703795,1.0640135516703795
2011-05-27,1.0640135516703795,1.0640135516703795,1.0640135516703795,1.0640135516703795
2011-05-30,1.0640135516703795,1.0640135516703795,1.0640135516703795,1.0640135516703795
2011-05-31,1.0640135516703795,1.0640135516703795,1.0640135516703795,1.0640135516703795
2011-06-01,1.0640135516703795,1.0640135516703795,1.0640135516703795,1.0640135516703795
2011-06-02,1.0640135516703795,1.0640135516703795,1.0640135516703795,1.0640135516703795
2011-06-03,1.0640135516703795,1.0640135516703795,1.0640135516703795,1.0640135516703795
2011-06-07,1.0640135516703795,1.0640135516703795,1.0640135516703795,1.0640135516703795
2011-06-08,1.0640135516703795,1.0640135516703795,1.0640135516703795,1.0640135516703795
2011-06-09,1.0640135516703795,1.0640135516703795,1.0640135516703795,1.0640135516703795
2011-06-10,1.0640135516703795,1.0640135516703795,1.0640135516703795,1.0640135516703795
2011-06-13,1.0640135516703795,1.0640135516703795,1.0640135516703795,1.0640135516703795
2011-06-14,1.0640135516703795,1.0640135516703795,1.0640135516703795,1.0640135516703795
2011-06-15,1.0640135516703795,1.0640135516703795,1.0640135516703795,1.0640135516703795
2011-06-16,1.0640135516703795,1.0640135516703795,1.0640135516703795,1.0640135516703795
2011-06-17,1.0640135516703795,1.0640135516703795,1.0640135516703795,1.0640135516703795
2011-06-20,1.0640135516703795,1.0640135516703795,1.0640135516703795,1.0640135516703795
2011-06-21,1.0640135516703795,1.0640135516703795,1.0640135516703795,1.0640135516703795
2011-06-22,1.0640135516703795,1.0640135516703795,1.0640135516703795,1.0640135516703795
2011-06-23,1.0640135516703795,1.0640135516703795,1.0640135516703795,1.0640135516703795
2011-06-24,1.0640135516703795,1.0640135516703795,1.0640135516703795,1.0640135516703795
2011-06-27,1.0640135516703795,1.0640135516703795,1.0640135516703795,1.0640135516703795
2011-06-28,1.0640135516703795,1.0640135516703795,1.0640135516703795,1.0640135516703795
2011-06-29,1.0640135516703795,1.0640135516703795,1.0640135516703795,1.0640135516703795
2011-06-30,1.0640135516703795,1.0640135516703795,1.0640135516703795,1.0640135516703795
2011-07-01,1.0640135516703795,1.0640135516703795,1.0640135516703795,1.0640135516703795
2011-07-04,1.0640135516703795,1.0640135516703795,1.0640135516703795,1.0640135516703795
2011-07-05,1.0640135516703795,1.0640135516703795,1.0640135516703795,1.0640135516703795
2011-07-06,1.0640135516703795,1.0640135516703795,1.0640135516703795,1.0640135516703795
2011-07-07,1.0640135516703795,1.0640135516703795,1.0640135516703795,1.0640135516703795
2011-07-08,1.0640135516703795,1.0640135516703795,1.0640135516703795,1.0640135516703795
2011-07-11,1.0640135516703795,1.0640135516703795,1.0640135516703795,1.0640135516703795
2011-07-12,1.0640135516703795,1.0640135516703795,1.0640135516703795,1.0640135516703795
2011-07-13,1.0640135516703795,1.0640135516703795,1.0640135516703795,1.0640135516703795
2011-07-14,1.0640135516703795,1.0640135516703795,1.0640135516703795,1.0640135516703795
2011-07-15,1.0640135516703795,1.0640135516703795,1.0640135516703795,1.0640135516703795
2011-07-18,1.0640135516703795,1.0640135516703795,1.0640135516703795,1.0640135516703795
2011-07-19,1.0640135516703795,1.0640135516703795,1.0640135516703795,1.0640135516703795
2011-07-20,1.0640135516703795,1.0640135516703795,1.0640135516703795,1.0640135516703795
2011-07-21,1.0608215110153683,1.0608215110153683,1.0608215110153683,1.0608215110153683
2011-07-22,1.06313520181957,1.06313520181957,1.06313520181957,1.06313520181957
2011-07-25,1.0538517881414289,1.0538517881414289,1.0538517881414289,1.0538517881414289
2011-07-26,1.0518015801971823,1.0518015801971823,1.0518015801971823,1.0518015801971823
2011-07-27,1.0625019877382587,1.0625019877382587,1.0625019877382587,1.0625019877382587
2011-07-28,1.0715967139889158,1.0715967139889158,1.0715967139889158,1.0715967139889158
2011-07-29,1.073169314953345,1.073169314953345,1.073169314953345,1.073169314953345
2011-08-01,1.088289840031978,1.088289840031978,1.088289840031978,1.088289840031978
2011-08-02,1.0966251036297516,1.0966251036297516,1.0966251036297516,1.0966251036297516
2011-08-03,1.0971062252292014,1.0971062252292014,1.0971062252292014,1.0971062252292014
2011-08-04,1.0880782926066563,1.0880782926066563,1.0880782926066563,1.0880782926066563
2011-08-05,1.083121809216231,1.083121809216231,1.083121809216231,1.083121809216231
2011-08-08,1.0686574622063059,1.0686574622063059,1.0686574622063059,1.0686574622063059
2011-08-09,1.0538370603703504,1.0538370603703504,1.0538370603703504,1.0538370603703504
2011-08-10,1.0572485850010864,1.0572485850010864,1.0572485850010864,1.0572485850010864
2011-08-11,1.0696742454936985,1.0696742454936985,1.0696742454936985,1.0696742454936985
2011-08-12,1.080460489125381,1.080460489125381,1.080460489125381,1.080460489125381
2011-08-15,1.0869294788075816,1.0869294788075816,1.0869294788075816,1.0869294788075816
2011-08-16,1.0886583460121249,1.0886583460121249,1.0886583460121249,1.0886583460121249
2011-08-17,1.0937144862864998,1.0937144862864998,1.0937144862864998,1.0937144862864998
2011-08-18,1.0880368393490445,1.0880368393490445,1.0880368393490445,1.0880368393490445
2011-08-19,1.087581169447616,1.087581169447616,1.087581169447616,1.087581169447616
2011-08-22,1.1153537462509295,1.1153537462509295,1.1153537462509295,1.1153537462509295
2011-08-23,1.1440967036949232,1.1440967036949232,1.1440967036949232,1.1440967036949232
2011-08-24,1.1421315024456948,1.1421315024456948,1.1421315024456948,1.1421315024456948
2011-08-25,1.1376763283653155,1.1376763283653155,1.1376763283653155,1.1376763283653155
2011-08-26,1.1487090060070613,1.1487090060070613,1.1487090060070613,1.1487090060070613
2011-08-29,1.1531494378208453,1.1531494378208453,1.1531494378208453,1.1531494378208453
2011-08-30,1.1444926143177845,1.1444926143177845,1.1444926143177845,1.1444926143177845
2011-08-31,1.153023820380853,1.153023820380853,1.153023820380853,1.153023820380853
2011-09-01,1.155131306111272,1.155131306111272,1.155131306111272,1.155131306111272
2011-09-02,1.1576834079070084,1.1576834079070084,1.1576834079070084,1.1576834079070084
2011-09-05,1.1594750799638003,1.1594750799638003,1.1594750799638003,1.1594750799638003
2011-09-06,1.1514695684915162,1.1514695684915162,1.1514695684915162,1.1514695684915162
2011-09-07,1.154077501186933,1.154077501186933,1.154077501186933,1.154077501186933
2011-09-08,1.148813524307467,1.148813524307467,1.148813524307467,1.148813524307467
2011-09-09,1.1487429005252352,1.1487429005252352,1.1487429005252352,1.1487429005252352
2011-09-13,1.1472632798529856,1.1472632798529856,1.1472632798529856,1.1472632798529856
2011-09-14,1.154642249481966,1.154642249481966,1.154642249481966,1.154642249481966
2011-09-15,1.1550483954613866,1.1550483954613866,1.1550483954613866,1.1550483954613866
2011-09-16,1.1561647814914067,1.1561647814914067,1.1561647814914067,1.1561647814914067
2011-09-19,1.152992307695565,1.152992307695565,1.152992307695565,1.152992307695565
2011-09-20,1.1519233121375216,1.1519233121375216,1.1519233121375216,1.1519233121375216
2011-09-21,1.1557715372872845,1.1557715372872845,1.1557715372872845,1.1557715372872845
2011-09-22,1.1578031016217012,1.1578031016217012,1.1578031016217012,1.1578031016217012
2011-09-23,1.1546817919687966,1.1546817919687966,1.1546817919687966,1.1546817919687966
2011-09-26,1.157264883716223,1.157264883716223,1.157264883716223,1.157264883716223
2011-09-27,1.1560739305359773,1.1560739305359773,1.1560739305359773,1.1560739305359773
2011-09-28,1.1538059623590358,1.1538059623590358,1.1538059623590358,1.1538059623590358
2011-09-29,1.1577676428846915,1.1577676428846915,1.1577676428846915,1.1577676428846915
2011-09-30,1.1535163513068412,1.1535163513068412,1.1535163513068412,1.1535163513068412
2011-10-10,1.156889139143776,1.156889139143776,1.156889139143776,1.156889139143776
2011-10-11,1.1619653874413127,1.1619653874413127,1.1619653874413127,1.1619653874413127
2011-10-12,1.1701775491341602,1.1701775491341602,1.1701775491341602,1.1701775491341602
2011-10-13,1.1676523559143412,1.1676523559143412,1.1676523559143412,1.1676523559143412
2011-10-14,1.1719171454886028,1.1719171454886028,1.1719171454886028,1.1719171454886028
2011-10-17,1.1842530225105277,1.1842530225105277,1.1842530225105277,1.1842530225105277
2011-10-18,1.17630782933506,1.17630782933506,1.17630782933506,1.17630782933506
2011-10-19,1.1763813254369542,1.1763813254369542,1.1763813254369542,1.1763813254369542
2011-10-20,1.1705862648562348,1.1705862648562348,1.1705862648562348,1.1705862648562348
2011-10-21,1.159949443575379,1.159949443575379,1.159949443575379,1.159949443575379
2011-10-24,1.1643824647970418,1.1643824647970418,1.1643824647970418,1.1643824647970418
2011-10-25,1.1656046460709182,1.1656046460709182,1.1656046460709182,1.1656046460709182
2011-10-26,1.17533655715578,1.17533655715578,1.17533655715578,1.17533655715578
2011-10-27,1.176982886178652,1.176982886178652,1.176982886178652,1.176982886178652
2011-10-28,1.183665310482579,1.183665310482579,1.183665310482579,1.183665310482579
2011-10-31,1.182732809133507,1.182732809133507,1.182732809133507,1.182732809133507
2011-11-01,1.1893244885075653,1.1893244885075653,1.1893244885075653,1.1893244885075653
2011-11-02,1.2050578715360043,1.2050578715360043,1.2050578715360043,1.2050578715360043
2011-11-03,1.201710805109027,1.201710805109027,1.201710805109027,1.201710805109027
2011-11-04,1.203785108051689,1.203785108051689,1.203785108051689,1.203785108051689
2011-11-07,1.206969468177656,1.206969468177656,1.206969468177656,1.206969468177656
2011-11-08,1.1999828100105303,1.1999828100105303,1.1999828100105303,1.1999828100105303
2011-11-09,1.2102924072953685,1.2102924072953685,1.2102924072953685,1.2102924072953685
2011-11-10,1.2204422231688643,1.2204422231688643,1.2204422231688643,1.2204422231688643
2011-11-11,1.2256311305634413,1.2256311305634413,1.2256311305634413,1.2256311305634413
2011-11-14,1.2369198654745732,1.2369198654745732,1.2369198654745732,1.2369198654745732
2011-11-15,1.241450065658164,1.241450065658164,1.241450065658164,1.241450065658164
2011-11-16,1.2313055857604245,1.2313055857604245,1.2313055857604245,1.2313055857604245
2011-11-17,1.2438654098086648,1.2438654098086648,1.2438654098086648,1.2438654098086648
2011-11-18,1.2478435027192294,1.2478435027192294,1.2478435027192294,1.2478435027192294
2011-11-21,1.2370637554791992,1.2370637554791992,1.2370637554791992,1.2370637554791992
2011-11-22,1.2403779399440513,1.2403779399440513,1.2403779399440513,1.2403779399440513
2011-11-23,1.2518395411689867,1.2518395411689867,1.2518395411689867,1.2518395411689867
2011-11-24,1.2498695963535993,1.2498695963535993,1.2498695963535993,1.2498695963535993
2011-11-25,1.2391968085107896,1.2391968085107896,1.2391968085107896,1.2391968085107896
2011-11-28,1.2344209910071233,1.2344209910071233,1.2344209910071233,1.2344209910071233
2011-11-29,1.233803470889641,1.233803470889641,1.233803470889641,1.233803470889641
2011-11-30,1.2142890438428753,1.2142890438428753,1.2142890438428753,1.2142890438428753
2011-12-01,1.2165308496994132,1.2165308496994132,1.2165308496994132,1.2165308496994132
2011-12-02,1.200680729790458,1.200680729790458,1.200680729790458,1.200680729790458
2011-12-05,1.1953575636057177,1.1953575636057177,1.1953575636057177,1.1953575636057177
2011-12-06,1.192206223869647,1.192206223869647,1.192206223869647,1.192206223869647
2011-12-07,1.192206223869647,1.192206223869647,1.192206223869647,1.192206223869647
2011-12-08,1.192206223869647,1.192206223869647,1.192206223869647,1.192206223869647
2011-12-09,1.192206223869647,1.192206223869647,1.192206223869647,1.192206223869647
2011-12-12,1.192206223869647,1.192206223869647,1.192206223869647,1.192206223869647
2011-12-13,1.192206223869647,1.192206223869647,1.192206223869647,1.192206223869647
2011-12-14,1.192206223869647,1.192206223869647,1.192206223869647,1.192206223869647
2011-12-15,1.1868412958622336,1.1868412958622336,1.1868412958622336,1.1868412958622336
2011-12-16,1.1815983270537842,1.1815983270537842,1.1815983270537842,1.1815983270537842
2011-12-19,1.1811170353982443,1.1811170353982443,1.1811170353982443,1.1811170353982443
2011-12-20,1.1879661070387244,1.1879661070387244,1.1879661070387244,1.1879661070387244
2011-12-21,1.180878093015091,1.180878093015091,1.180878093015091,1.180878093015091
2011-12-22,1.1659102454747738,1.1659102454747738,1.1659102454747738,1.1659102454747738
2011-12-23,1.1727210489374986,1.1727210489374986,1.1727210489374986,1.1727210489374986
2011-12-26,1.1645125795171716,1.1645125795171716,1.1645125795171716,1.1645125795171716
2011-12-27,1.1592010061712557,1.1592010061712557,1.1592010061712557,1.1592010061712557
2011-12-28,1.1591297438143189,1.1591297438143189,1.1591297438143189,1.1591297438143189
2011-12-29,1.1538427226519925,1.1538427226519925,1.1538427226519925,1.1538427226519925
2011-12-30,1.1538427226519925,1.1538427226519925,1.1538427226519925,1.1538427226519925
2012-01-04,1.1538427226519925,1.1538427226519925,1.1538427226519925,1.1538427226519925
2012-01-05,1.1538427226519925,1.1538427226519925,1.1538427226519925,1.1538427226519925
2012-01-06,1.1538427226519925,1.1538427226519925,1.1538427226519925,1.1538427226519925
2012-01-09,1.1538427226519925,1.1538427226519925,1.1538427226519925,1.1538427226519925
2012-01-10,1.1538427226519925,1.1538427226519925,1.1538427226519925,1.1538427226519925
2012-01-11,1.1538427226519925,1.1538427226519925,1.1538427226519925,1.1538427226519925
2012-01-12,1.1538427226519925,1.1538427226519925,1.1538427226519925,1.1538427226519925
2012-01-13,1.1538427226519925,1.1538427226519925,1.1538427226519925,1.1538427226519925
2012-01-16,1.1538427226519925,1.1538427226519925,1.1538427226519925,1.1538427226519925
2012-01-17,1.1538427226519925,1.1538427226519925,1.1538427226519925,1.1538427226519925
2012-01-18,1.1538427226519925,1.1538427226519925,1.1538427226519925,1.1538427226519925
2012-01-19,1.1486504304000587,1.1486504304000587,1.1486504304000587,1.1486504304000587
2012-01-20,1.156178324798381,1.156178324798381,1.156178324798381,1.156178324798381
2012-01-30,1.1673549537961285,1.1673549537961285,1.1673549537961285,1.1673549537961285
2012-01-31,1.1769318684105505,1.1769318684105505,1.1769318684105505,1.1769318684105505
2012-02-01,1.187282415298954,1.187282415298954,1.187282415298954,1.187282415298954
2012-02-02,1.1924192530875424,1.1924192530875424,1.1924192530875424,1.1924192530875424
2012-02-03,1.2089837542382469,1.2089837542382469,1.2089837542382469,1.2089837542382469
2012-02-06,1.2145097683024186,1.2145097683024186,1.2145097683024186,1.2145097683024186
2012-02-07,1.2052364089952232,1.2052364089952232,1.2052364089952232,1.2052364089952232
2012-02-08,1.2093448497392207,1.2093448497392207,1.2093448497392207,1.2093448497392207
2012-02-09,1.211249418005709,1.211249418005709,1.211249418005709,1.211249418005709
2012-02-10,1.2190194705530724,1.2190194705530724,1.2190194705530724,1.2190194705530724
2012-02-13,1.2208658946664193,1.2208658946664193,1.2208658946664193,1.2208658946664193
2012-02-14,1.2267245624213003,1.2267245624213003,1.2267245624213003,1.2267245624213003
2012-02-15,1.234227816344817,1.234227816344817,1.234227816344817,1.234227816344817
2012-02-16,1.226267231877561,1.226267231877561,1.226267231877561,1.226267231877561
2012-02-17,1.2206739832872266,1.2206739832872266,1.2206739832872266,1.2206739832872266
2012-02-20,1.220598941853828,1.220598941853828,1.220598941853828,1.220598941853828
2012-02-21,1.220523905033632,1.220523905033632,1.220523905033632,1.220523905033632
2012-02-22,1.2204488728263554,1.2204488728263554,1.2204488728263554,1.2204488728263554
2012-02-23,1.2203738452317145,1.2203738452317145,1.2203738452317145,1.2203738452317145
2012-02-24,1.2202988222494258,1.2202988222494258,1.2202988222494258,1.2202988222494258
2012-02-27,1.2157244916330705,1.2157244916330705,1.2157244916330705,1.2157244916330705
2012-02-28,1.221406032428902,1.221406032428902,1.221406032428902,1.221406032428902
2012-02-29,1.211995036056808,1.211995036056808,1.211995036056808,1.211995036056808
2012-03-01,1.2106058613735409,1.2106058613735409,1.2106058613735409,1.2106058613735409
2012-03-02,1.215971593525614,1.215971593525614,1.215971593525614,1.215971593525614
2012-03-05,1.2159527897789948,1.2159527897789948,1.2159527897789948,1.2159527897789948
2012-03-06,1.2159587916756145,1.2159587916756145,1.2159587916756145,1.2159587916756145
2012-03-07,1.2170749476565723,1.2170749476565723,1.2170749476565723,1.2170749476565723
2012-03-08,1.2175034907958437,1.2175034907958437,1.2175034907958437,1.2175034907958437
2012-03-09,1.2273720127768242,1.2273720127768242,1.2273720127768242,1.2273720127768242
2012-03-12,1.2314524604341426,1.2314524604341426,1.2314524604341426,1.2314524604341426
2012-03-13,1.230895907487508,1.230895907487508,1.230895907487508,1.230895907487508
2012-03-14,1.222214998705739,1.222214998705739,1.222214998705739,1.222214998705739
2012-03-15,1.212450571156212,1.212450571156212,1.212450571156212,1.212450571156212
2012-03-16,1.2125923309276205,1.2125923309276205,1.2125923309276205,1.2125923309276205
2012-03-19,1.2178584163901323,1.2178584163901323,1.2178584163901323,1.2178584163901323
2012-03-20,1.2131552531506944,1.2131552531506944,1.2131552531506944,1.2131552531506944
2012-03-21,1.21164191907035,1.21164191907035,1.21164191907035,1.21164191907035
2012-03-22,1.2215165917107589,1.2215165917107589,1.2215165917107589,1.2215165917107589
2012-03-23,1.2304526074546736,1.2304526074546736,1.2304526074546736,1.2304526074546736
2012-03-26,1.2302144596684454,1.2302144596684454,1.2302144596684454,1.2302144596684454
2012-03-27,1.2335915755127056,1.2335915755127056,1.2335915755127056,1.2335915755127056
2012-03-28,1.2231987038519234,1.2231987038519234,1.2231987038519234,1.2231987038519234
2012-03-29,1.2200778498490543,1.2200778498490543,1.2200778498490543,1.2200778498490543
2012-03-30,1.2049862660049349,1.2049862660049349,1.2049862660049349,1.2049862660049349
2012-04-05,1.2089120331879906,1.2089120331879906,1.2089120331879906,1.2089120331879906
2012-04-06,1.210192762782336,1.210192762782336,1.210192762782336,1.210192762782336
2012-04-09,1.2183183527157557,1.2183183527157557,1.2183183527157557,1.2183183527157557
2012-04-10,1.2169285863072146,1.2169285863072146,1.2169285863072146,1.2169285863072146
2012-04-11,1.221553166845866,1.221553166845866,1.221553166845866,1.221553166845866
2012-04-12,1.2282487616275082,1.2282487616275082,1.2282487616275082,1.2282487616275082
2012-04-13,1.2300147907141465,1.2300147907141465,1.2300147907141465,1.2300147907141465
2012-04-16,1.2180085497094941,1.2180085497094941,1.2180085497094941,1.2180085497094941
2012-04-17,1.2041273635171752,1.2041273635171752,1.2041273635171752,1.2041273635171752
2012-04-18,1.2041273635171752,1.2041273635171752,1.2041273635171752,1.2041273635171752
2012-04-19,1.2041273635171752,1.2041273635171752,1.2041273635171752,1.2041273635171752
2012-04-20,1.2041273635171752,1.2041273635171752,1.2041273635171752,1.2041273635171752
2012-04-23,1.2041273635171752,1.2041273635171752,1.2041273635171752,1.2041273635171752
2012-04-24,1.2041273635171752,1.2041273635171752,1.2041273635171752,1.2041273635171752
2012-04-25,1.2041273635171752,1.2041273635171752,1.2041273635171752,1.2041273635171752
2012-04-26,1.2041273635171752,1.2041273635171752,1.2041273635171752,1.2041273635171752
2012-04-27,1.2041273635171752,1.2041273635171752,1.2041273635171752,1.2041273635171752
2012-05-02,1.2041273635171752,1.2041273635171752,1.2041273635171752,1.2041273635171752
2012-05-03,1.2041273635171752,1.2041273635171752,1.2041273635171752,1.2041273635171752
2012-05-04,1.2041273635171752,1.2041273635171752,1.2041273635171752,1.2041273635171752
2012-05-07,1.2041273635171752,1.2041273635171752,1.2041273635171752,1.2041273635171752
2012-05-08,1.2041273635171752,1.2041273635171752,1.2041273635171752,1.2041273635171752
2012-05-09,1.2041273635171752,1.2041273635171752,1.2041273635171752,1.2041273635171752
2012-05-10,1.2041273635171752,1.2041273635171752,1.2041273635171752,1.2041273635171752
2012-05-11,1.2041273635171752,1.2041273635171752,1.2041273635171752,1.2041273635171752
2012-05-14,1.2041273635171752,1.2041273635171752,1.2041273635171752,1.2041273635171752
2012-05-15,1.2041273635171752,1.2041273635171752,1.2041273635171752,1.2041273635171752
2012-05-16,1.2041273635171752,1.2041273635171752,1.2041273635171752,1.2041273635171752
2012-05-17,1.2041273635171752,1.2041273635171752,1.2041273635171752,1.2041273635171752
2012-05-18,1.198708790381348,1.198708790381348,1.198708790381348,1.198708790381348
2012-05-21,1.1909553972148221,1.1909553972148221,1.1909553972148221,1.1909553972148221
2012-05-22,1.1853497516898774,1.1853497516898774,1.1853497516898774,1.1853497516898774
2012-05-23,1.1726085280788376,1.1726085280788376,1.1726085280788376,1.1726085280788376
2012-05-24,1.1667323861036263,1.1667323861036263,1.1667323861036263,1.1667323861036263
2012-05-25,1.1614106877786374,1.1614106877786374,1.1614106877786374,1.1614106877786374
2012-05-28,1.1614106877786374,1.1614106877786374,1.1614106877786374,1.1614106877786374
2012-05-29,1.1614106877786374,1.1614106877786374,1.1614106877786374,1.1614106877786374
2012-05-30,1.1614106877786374,1.1614106877786374,1.1614106877786374,1.1614106877786374
2012-05-31,1.1614106877786374,1.1614106877786374,1.1614106877786374,1.1614106877786374
2012-06-01,1.1614106877786374,1.1614106877786374,1.1614106877786374,1.1614106877786374
2012-06-04,1.1614106877786374,1.1614106877786374,1.1614106877786374,1.1614106877786374
2012-06-05,1.1614106877786374,1.1614106877786374,1.1614106877786374,1.1614106877786374
2012-06-06,1.1614106877786374,1.1614106877786374,1.1614106877786374,1.1614106877786374
2012-06-07,1.1614106877786374,1.1614106877786374,1.1614106877786374,1.1614106877786374
2012-06-08,1.1614106877786374,1.1614106877786374,1.1614106877786374,1.1614106877786374
2012-06-11,1.1614106877786374,1.1614106877786374,1.1614106877786374,1.1614106877786374
2012-06-12,1.1561843396836335,1.1561843396836335,1.1561843396836335,1.1561843396836335
2012-06-13,1.155349833298816,1.155349833298816,1.155349833298816,1.155349833298816
2012-06-14,1.149635035249638,1.149635035249638,1.149635035249638,1.149635035249638
2012-06-15,1.1466515778013302,1.1466515778013302,1.1466515778013302,1.1466515778013302
2012-06-18,1.1515250872873422,1.1515250872873422,1.1515250872873422,1.1515250872873422
2012-06-19,1.1541871171472695,1.1541871171472695,1.1541871171472695,1.1541871171472695
2012-06-20,1.1728808054680606,1.1728808054680606,1.1728808054680606,1.1728808054680606
2012-06-21,1.1714041076665165,1.1714041076665165,1.1714041076665165,1.1714041076665165
2012-06-25,1.165050000178829,1.165050000178829,1.165050000178829,1.165050000178829
2012-06-26,1.168022728917079,1.168022728917079,1.168022728917079,1.168022728917079
2012-06-27,1.1767712796059941,1.1767712796059941,1.1767712796059941,1.1767712796059941
2012-06-28,1.1804151460709849,1.1804151460709849,1.1804151460709849,1.1804151460709849
2012-06-29,1.176963613165872,1.176963613165872,1.176963613165872,1.176963613165872
2012-07-02,1.1763228427785541,1.1763228427785541,1.1763228427785541,1.1763228427785541
2012-07-03,1.1815063070058651,1.1815063070058651,1.1815063070058651,1.1815063070058651
2012-07-04,1.1705822900986467,1.1705822900986467,1.1705822900986467,1.1705822900986467
2012-07-05,1.1608978618428205,1.1608978618428205,1.1608978618428205,1.1608978618428205
2012-07-06,1.1512855002707516,1.1512855002707516,1.1512855002707516,1.1512855002707516
2012-07-09,1.1248576144807199,1.1248576144807199,1.1248576144807199,1.1248576144807199
2012-07-10,1.1248576144807199,1.1248576144807199,1.1248576144807199,1.1248576144807199
2012-07-11,1.1248576144807199,1.1248576144807199,1.1248576144807199,1.1248576144807199
2012-07-12,1.1248576144807199,1.1248576144807199,1.1248576144807199,1.1248576144807199
2012-07-13,1.1248576144807199,1.1248576144807199,1.1248576144807199,1.1248576144807199
2012-07-16,1.1248576144807199,1.1248576144807199,1.1248576144807199,1.1248576144807199
2012-07-17,1.1248576144807199,1.1248576144807199,1.1248576144807199,1.1248576144807199
2012-07-18,1.1248576144807199,1.1248576144807199,1.1248576144807199,1.1248576144807199
2012-07-19,1.1248576144807199,1.1248576144807199,1.1248576144807199,1.1248576144807199
2012-07-20,1.1248576144807199,1.1248576144807199,1.1248576144807199,1.1248576144807199
2012-07-23,1.1248576144807199,1.1248576144807199,1.1248576144807199,1.1248576144807199
2012-07-24,1.1248576144807199,1.1248576144807199,1.1248576144807199,1.1248576144807199
2012-07-25,1.1248576144807199,1.1248576144807199,1.1248576144807199,1.1248576144807199
2012-07-26,1.1248576144807199,1.1248576144807199,1.1248576144807199,1.1248576144807199
2012-07-27,1.1248576144807199,1.1248576144807199,1.1248576144807199,1.1248576144807199
2012-07-30,1.1248576144807199,1.1248576144807199,1.1248576144807199,1.1248576144807199
2012-07-31,1.1248576144807199,1.1248576144807199,1.1248576144807199,1.1248576144807199
2012-08-01,1.1248576144807199,1.1248576144807199,1.1248576144807199,1.1248576144807199
2012-08-02,1.1248576144807199,1.1248576144807199,1.1248576144807199,1.1248576144807199
2012-08-03,1.1248576144807199,1.1248576144807199,1.1248576144807199,1.1248576144807199
2012-08-06,1.1248576144807199,1.1248576144807199,1.1248576144807199,1.1248576144807199
2012-08-07,1.1248576144807199,1.1248576144807199,1.1248576144807199,1.1248576144807199
2012-08-08,1.1248576144807199,1.1248576144807199,1.1248576144807199,1.1248576144807199
2012-08-09,1.1248576144807199,1.1248576144807199,1.1248576144807199,1.1248576144807199
2012-08-10,1.1248576144807199,1.1248576144807199,1.1248576144807199,1.1248576144807199
2012-08-13,1.1248576144807199,1.1248576144807199,1.1248576144807199,1.1248576144807199
2012-08-14,1.1248576144807199,1.1248576144807199,1.1248576144807199,1.1248576144807199
2012-08-15,1.1248576144807199,1.1248576144807199,1.1248576144807199,1.1248576144807199
2012-08-16,1.1248576144807199,1.1248576144807199,1.1248576144807199,1.1248576144807199
2012-08-17,1.1197957552155566,1.1197957552155566,1.1197957552155566,1.1197957552155566
2012-08-20,1.1251460560487423,1.1251460560487423,1.1251460560487423,1.1251460560487423
2012-08-21,1.138934915045937,1.138934915045937,1.138934915045937,1.138934915045937
2012-08-22,1.1484111311639533,1.1484111311639533,1.1484111311639533,1.1484111311639533
2012-08-23,1.1754091915187146,1.1754091915187146,1.1754091915187146,1.1754091915187146
2012-08-24,1.1658070169036947,1.1658070169036947,1.1658070169036947,1.1658070169036947
2012-08-27,1.165554385719929,1.165554385719929,1.165554385719929,1.165554385719929
2012-08-28,1.179543913460749,1.179543913460749,1.179543913460749,1.179543913460749
2012-08-29,1.1970348501023882,1.1970348501023882,1.1970348501023882,1.1970348501023882
2012-08-30,1.1907236623595707,1.1907236623595707,1.1907236623595707,1.1907236623595707
2012-08-31,1.206817653606636,1.206817653606636,1.206817653606636,1.206817653606636
2012-09-03,1.206007937716252,1.206007937716252,1.206007937716252,1.206007937716252
2012-09-04,1.2226228179828018,1.2226228179828018,1.2226228179828018,1.2226228179828018
2012-09-05,1.2399465365310702,1.2399465365310702,1.2399465365310702,1.2399465365310702
2012-09-06,1.2405895217403724,1.2405895217403724,1.2405895217403724,1.2405895217403724
2012-09-07,1.2417966947385801,1.2417966947385801,1.2417966947385801,1.2417966947385801
2012-09-10,1.2425777164897802,1.2425777164897802,1.2425777164897802,1.2425777164897802
2012-09-11,1.2383391990408315,1.2383391990408315,1.2383391990408315,1.2383391990408315
2012-09-12,1.2381652917422874,1.2381652917422874,1.2381652917422874,1.2381652917422874
2012-09-13,1.2337695746479573,1.2337695746479573,1.2337695746479573,1.2337695746479573
2012-09-14,1.228142106381003,1.228142106381003,1.228142106381003,1.228142106381003
2012-09-17,1.2280666058416763,1.2280666058416763,1.2280666058416763,1.2280666058416763
2012-09-18,1.2279911099437761,1.2279911099437761,1.2279911099437761,1.2279911099437761
2012-09-19,1.2279156186870173,1.2279156186870173,1.2279156186870173,1.2279156186870173
2012-09-20,1.2278401320711143,1.2278401320711143,1.2278401320711143,1.2278401320711143
2012-09-21,1.2222397091703512,1.2222397091703512,1.2222397091703512,1.2222397091703512
2012-09-24,1.2222397091703512,1.2222397091703512,1.2222397091703512,1.2222397091703512
2012-09-25,1.2222397091703512,1.2222397091703512,1.2222397091703512,1.2222397091703512
2012-09-26,1.2222397091703512,1.2222397091703512,1.2222397091703512,1.2222397091703512
2012-09-27,1.2222397091703512,1.2222397091703512,1.2222397091703512,1.2222397091703512
2012-09-28,1.2167396304790847,1.2167396304790847,1.2167396304790847,1.2167396304790847
2012-10-08,1.2249212919852142,1.2249212919852142,1.2249212919852142,1.2249212919852142
2012-10-09,1.2403169522489312,1.2403169522489312,1.2403169522489312,1.2403169522489312
2012-10-10,1.2504860124128232,1.2504860124128232,1.2504860124128232,1.2504860124128232
2012-10-11,1.2375749094920632,1.2375749094920632,1.2375749094920632,1.2375749094920632
2012-10-12,1.2461992885620907,1.2461992885620907,1.2461992885620907,1.2461992885620907
2012-10-15,1.2314006850396326,1.2314006850396326,1.2314006850396326,1.2314006850396326
2012-10-16,1.2330316121145277,1.2330316121145277,1.2330316121145277,1.2330316121145277
2012-10-17,1.2405774050490068,1.2405774050490068,1.2405774050490068,1.2405774050490068
2012-10-18,1.2506592725246959,1.2506592725246959,1.2506592725246959,1.2506592725246959
2012-10-19,1.2605238272664274,1.2605238272664274,1.2605238272664274,1.2605238272664274
2012-10-22,1.2633001142945481,1.2633001142945481,1.2633001142945481,1.2633001142945481
2012-10-23,1.2593539205537692,1.2593539205537692,1.2593539205537692,1.2593539205537692
2012-10-24,1.2677323776811156,1.2677323776811156,1.2677323776811156,1.2677323776811156
2012-10-25,1.2545477741720104,1.2545477741720104,1.2545477741720104,1.2545477741720104
2012-10-26,1.2416684932903745,1.2416684932903745,1.2416684932903745,1.2416684932903745
2012-10-29,1.2422822364077843,1.2422822364077843,1.2422822364077843,1.2422822364077843
2012-10-30,1.2366159401984773,1.2366159401984773,1.2366159401984773,1.2366159401984773
2012-10-31,1.229959235986869,1.229959235986869,1.229959235986869,1.229959235986869
2012-11-01,1.2342530948547927,1.2342530948547927,1.2342530948547927,1.2342530948547927
2012-11-02,1.238897273229466,1.238897273229466,1.238897273229466,1.238897273229466
2012-11-05,1.2425416511430802,1.2425416511430802,1.2425416511430802,1.2425416511430802
2012-11-06,1.2469283290420057,1.2469283290420057,1.2469283290420057,1.2469283290420057
2012-11-07,1.255067137691289,1.255067137691289,1.255067137691289,1.255067137691289
2012-11-08,1.2436786312801316,1.2436786312801316,1.2436786312801316,1.2436786312801316
2012-11-09,1.2528434130408057,1.2528434130408057,1.2528434130408057,1.2528434130408057
2012-11-12,1.2587378043555721,1.2587378043555721,1.2587378043555721,1.2587378043555721
2012-11-13,1.2526742954695007,1.2526742954695007,1.2526742954695007,1.2526742954695007
2012-11-14,1.255903134406655,1.255903134406655,1.255903134406655,1.255903134406655
2012-11-15,1.246316106340108,1.246316106340108,1.246316106340108,1.246316106340108
2012-11-16,1.247101309329842,1.247101309329842,1.247101309329842,1.247101309329842
2012-11-19,1.2558322845190528,1.2558322845190528,1.2558322845190528,1.2558322845190528
2012-11-20,1.2813495316301928,1.2813495316301928,1.2813495316301928,1.2813495316301928
2012-11-21,1.2915930056025058,1.2915930056025058,1.2915930056025058,1.2915930056025058
2012-11-22,1.2998634705055763,1.2998634705055763,1.2998634705055763,1.2998634705055763
2012-11-23,1.2951754182525301,1.2951754182525301,1.2951754182525301,1.2951754182525301
2012-11-26,1.2866237793692992,1.2866237793692992,1.2866237793692992,1.2866237793692992
2012-11-27,1.2626085322189255,1.2626085322189255,1.2626085322189255,1.2626085322189255
2012-11-28,1.252305252408722,1.252305252408722,1.252305252408722,1.252305252408722
2012-11-29,1.2409827367496429,1.2409827367496429,1.2409827367496429,1.2409827367496429
2012-11-30,1.2406469569442464,1.2406469569442464,1.2406469569442464,1.2406469569442464
2012-12-03,1.2234653616434457,1.2234653616434457,1.2234653616434457,1.2234653616434457
2012-12-04,1.2287138889625915,1.2287138889625915,1.2287138889625915,1.2287138889625915
2012-12-05,1.2231094806829692,1.2231094806829692,1.2231094806829692,1.2231094806829692
2012-12-06,1.2175306352235011,1.2175306352235011,1.2175306352235011,1.2175306352235011
2012-12-07,1.2175306352235011,1.2175306352235011,1.2175306352235011,1.2175306352235011
2012-12-10,1.2175306352235011,1.2175306352235011,1.2175306352235011,1.2175306352235011
2012-12-11,1.2175306352235011,1.2175306352235011,1.2175306352235011,1.2175306352235011
2012-12-12,1.2175306352235011,1.2175306352235011,1.2175306352235011,1.2175306352235011
2012-12-13,1.2175306352235011,1.2175306352235011,1.2175306352235011,1.2175306352235011
2012-12-14,1.2175306352235011,1.2175306352235011,1.2175306352235011,1.2175306352235011
2012-12-17,1.2175306352235011,1.2175306352235011,1.2175306352235011,1.2175306352235011
2012-12-18,1.2175306352235011,1.2175306352235011,1.2175306352235011,1.2175306352235011
2012-12-19,1.2175306352235011,1.2175306352235011,1.2175306352235011,1.2175306352235011
2012-12-20,1.2120517473649954,1.2120517473649954,1.2120517473649954,1.2120517473649954
2012-12-21,1.2262115623736567,1.2262115623736567,1.2262115623736567,1.2262115623736567
2012-12-24,1.2326472536378064,1.2326472536378064,1.2326472536378064,1.2326472536378064
2012-12-25,1.234996062504498,1.234996062504498,1.234996062504498,1.234996062504498
2012-12-26,1.2615439901973493,1.2615439901973493,1.2615439901973493,1.2615439901973493
2012-12-27,1.2439316106672973,1.2439316106672973,1.2439316106672973,1.2439316106672973
2012-12-28,1.2478066226475986,1.2478066226475986,1.2478066226475986,1.2478066226475986
2012-12-31,1.2374238718025528,1.2374238718025528,1.2374238718025528,1.2374238718025528
2013-01-04,1.2450121705864838,1.2450121705864838,1.2450121705864838,1.2450121705864838
2013-01-07,1.255250554474701,1.255250554474701,1.255250554474701,1.255250554474701
2013-01-08,1.259321884911987,1.259321884911987,1.259321884911987,1.259321884911987
2013-01-09,1.251908670976746,1.251908670976746,1.251908670976746,1.251908670976746
2013-01-10,1.246198466685919,1.246198466685919,1.246198466685919,1.246198466685919
2013-01-11,1.250181565982924,1.250181565982924,1.250181565982924,1.250181565982924
2013-01-14,1.2582028844114763,1.2582028844114763,1.2582028844114763,1.2582028844114763
2013-01-15,1.2585151685120401,1.2585151685120401,1.2585151685120401,1.2585151685120401
2013-01-16,1.2491801925455919,1.2491801925455919,1.2491801925455919,1.2491801925455919
2013-01-17,1.2491801925455919,1.2491801925455919,1.2491801925455919,1.2491801925455919
2013-01-18,1.2491801925455919,1.2491801925455919,1.2491801925455919,1.2491801925455919
2013-01-21,1.2491801925455919,1.2491801925455919,1.2491801925455919,1.2491801925455919
2013-01-22,1.2491801925455919,1.2491801925455919,1.2491801925455919,1.2491801925455919
2013-01-23,1.2491801925455919,1.2491801925455919,1.2491801925455919,1.2491801925455919
2013-01-24,1.2491801925455919,1.2491801925455919,1.2491801925455919,1.2491801925455919
2013-01-25,1.2491801925455919,1.2491801925455919,1.2491801925455919,1.2491801925455919
2013-01-28,1.2491801925455919,1.2491801925455919,1.2491801925455919,1.2491801925455919
2013-01-29,1.2491801925455919,1.2491801925455919,1.2491801925455919,1.2491801925455919
2013-01-30,1.2491801925455919,1.2491801925455919,1.2491801925455919,1.2491801925455919
2013-01-31,1.2491801925455919,1.2491801925455919,1.2491801925455919,1.2491801925455919
2013-02-01,1.2491801925455919,1.2491801925455919,1.2491801925455919,1.2491801925455919
2013-02-04,1.2491801925455919,1.2491801925455919,1.2491801925455919,1.2491801925455919
2013-02-05,1.2491801925455919,1.2491801925455919,1.2491801925455919,1.2491801925455919
2013-02-06,1.2491801925455919,1.2491801925455919,1.2491801925455919,1.2491801925455919
2013-02-07,1.2491801925455919,1.2491801925455919,1.2491801925455919,1.2491801925455919
2013-02-08,1.2491801925455919,1.2491801925455919,1.2491801925455919,1.2491801925455919
2013-02-18,1.2491801925455919,1.2491801925455919,1.2491801925455919,1.2491801925455919
2013-02-19,1.2491801925455919,1.2491801925455919,1.2491801925455919,1.2491801925455919
2013-02-20,1.2491801925455919,1.2491801925455919,1.2491801925455919,1.2491801925455919
2013-02-21,1.2491801925455919,1.2491801925455919,1.2491801925455919,1.2491801925455919
2013-02-22,1.2435588816791368,1.2435588816791368,1.2435588816791368,1.2435588816791368
2013-02-25,1.2480856243719682,1.2480856243719682,1.2480856243719682,1.2480856243719682
2013-02-26,1.251733448078667,1.251733448078667,1.251733448078667,1.251733448078667
2013-02-27,1.2534965274613912,1.2534965274613912,1.2534965274613912,1.2534965274613912
2013-02-28,1.2524117396748577,1.2524117396748577,1.2524117396748577,1.2524117396748577
2013-03-01,1.2631228551596272,1.2631228551596272,1.2631228551596272,1.2631228551596272
2013-03-04,1.2519787431987148,1.2519787431987148,1.2519787431987148,1.2519787431987148
2013-03-05,1.2564096200368766,1.2564096200368766,1.2564096200368766,1.2564096200368766
2013-03-06,1.2658018912459952,1.2658018912459952,1.2658018912459952,1.2658018912459952
2013-03-07,1.264635752657598,1.264635752657598,1.264635752657598,1.264635752657598
2013-03-08,1.2760975314205882,1.2760975314205882,1.2760975314205882,1.2760975314205882
2013-03-11,1.284354893956465,1.284354893956465,1.284354893956465,1.284354893956465
2013-03-12,1.2734379953698605,1.2734379953698605,1.2734379953698605,1.2734379953698605
2013-03-13,1.2745788116561614,1.2745788116561614,1.2745788116561614,1.2745788116561614
2013-03-14,1.2674879954484148,1.2674879954484148,1.2674879954484148,1.2674879954484148
2013-03-15,1.2697414058030927,1.2697414058030927,1.2697414058030927,1.2697414058030927
2013-03-18,1.2606408026278624,1.2606408026278624,1.2606408026278624,1.2606408026278624
2013-03-19,1.261557729134066,1.261557729134066,1.261557729134066,1.261557729134066
2013-03-20,1.2657276386003258,1.2657276386003258,1.2657276386003258,1.2657276386003258
2013-03-21,1.2599627491129737,1.2599627491129737,1.2599627491129737,1.2599627491129737
2013-03-22,1.2542158085708541,1.2542158085708541,1.2542158085708541,1.2542158085708541
2013-03-25,1.2541387051399995,1.2541387051399995,1.2541387051399995,1.2541387051399995
2013-03-26,1.2484183292200888,1.2484183292200888,1.2484183292200888,1.2484183292200888
2013-03-27,1.2484183292200888,1.2484183292200888,1.2484183292200888,1.2484183292200888
2013-03-28,1.2484183292200888,1.2484183292200888,1.2484183292200888,1.2484183292200888
2013-03-29,1.2484183292200888,1.2484183292200888,1.2484183292200888,1.2484183292200888
2013-04-01,1.2484183292200888,1.2484183292200888,1.2484183292200888,1.2484183292200888
2013-04-02,1.2484183292200888,1.2484183292200888,1.2484183292200888,1.2484183292200888
2013-04-03,1.2484183292200888,1.2484183292200888,1.2484183292200888,1.2484183292200888
2013-04-08,1.2484183292200888,1.2484183292200888,1.2484183292200888,1.2484183292200888
2013-04-09,1.2484183292200888,1.2484183292200888,1.2484183292200888,1.2484183292200888
2013-04-10,1.2484183292200888,1.2484183292200888,1.2484183292200888,1.2484183292200888
2013-04-11,1.2484183292200888,1.2484183292200888,1.2484183292200888,1.2484183292200888
2013-04-12,1.2484183292200888,1.2484183292200888,1.2484183292200888,1.2484183292200888
2013-04-15,1.2484183292200888,1.2484183292200888,1.2484183292200888,1.2484183292200888
2013-04-16,1.2484183292200888,1.2484183292200888,1.2484183292200888,1.2484183292200888
2013-04-17,1.2484183292200888,1.2484183292200888,1.2484183292200888,1.2484183292200888
2013-04-18,1.2484183292200888,1.2484183292200888,1.2484183292200888,1.2484183292200888
2013-04-19,1.2484183292200888,1.2484183292200888,1.2484183292200888,1.2484183292200888
2013-04-22,1.2484183292200888,1.2484183292200888,1.2484183292200888,1.2484183292200888
2013-04-23,1.2484183292200888,1.2484183292200888,1.2484183292200888,1.2484183292200888
2013-04-24,1.2428004467385985,1.2428004467385985,1.2428004467385985,1.2428004467385985
2013-04-25,1.250482184948015,1.250482184948015,1.250482184948015,1.250482184948015
2013-04-26,1.2487002229268682,1.2487002229268682,1.2487002229268682,1.2487002229268682
2013-05-02,1.246244819521754,1.246244819521754,1.246244819521754,1.246244819521754
2013-05-03,1.249670313074973,1.249670313074973,1.249670313074973,1.249670313074973
2013-05-06,1.2553639714942573,1.2553639714942573,1.2553639714942573,1.2553639714942573
2013-05-07,1.249638006890958,1.249638006890958,1.249638006890958,1.249638006890958
2013-05-08,1.25455773381584,1.25455773381584,1.25455773381584,1.25455773381584
2013-05-09,1.2577497490246663,1.2577497490246663,1.2577497490246663,1.2577497490246663
2013-05-10,1.267446422119619,1.267446422119619,1.267446422119619,1.267446422119619
2013-05-13,1.2762292303730784,1.2762292303730784,1.2762292303730784,1.2762292303730784
2013-05-14,1.2657077746427965,1.2657077746427965,1.2657077746427965,1.2657077746427965
2013-05-15,1.2792326784385057,1.2792326784385057,1.2792326784385057,1.2792326784385057
2013-05-16,1.2575122974434543,1.2575122974434543,1.2575122974434543,1.2575122974434543
2013-05-17,1.2575122974434543,1.2575122974434543,1.2575122974434543,1.2575122974434543
2013-05-20,1.2575122974434543,1.2575122974434543,1.2575122974434543,1.2575122974434543
2013-05-21,1.2575122974434543,1.2575122974434543,1.2575122974434543,1.2575122974434543
2013-05-22,1.2575122974434543,1.2575122974434543,1.2575122974434543,1.2575122974434543
2013-05-23,1.2575122974434543,1.2575122974434543,1.2575122974434543,1.2575122974434543
2013-05-24,1.2575122974434543,1.2575122974434543,1.2575122974434543,1.2575122974434543
2013-05-27,1.2575122974434543,1.2575122974434543,1.2575122974434543,1.2575122974434543
2013-05-28,1.2575122974434543,1.2575122974434543,1.2575122974434543,1.2575122974434543
2013-05-29,1.2575122974434543,1.2575122974434543,1.2575122974434543,1.2575122974434543
2013-05-30,1.2575122974434543,1.2575122974434543,1.2575122974434543,1.2575122974434543
2013-05-31,1.2575122974434543,1.2575122974434543,1.2575122974434543,1.2575122974434543
2013-06-03,1.2575122974434543,1.2575122974434543,1.2575122974434543,1.2575122974434543
2013-06-04,1.2575122974434543,1.2575122974434543,1.2575122974434543,1.2575122974434543
2013-06-05,1.2575122974434543,1.2575122974434543,1.2575122974434543,1.2575122974434543
2013-06-06,1.2575122974434543,1.2575122974434543,1.2575122974434543,1.2575122974434543
2013-06-07,1.2575122974434543,1.2575122974434543,1.2575122974434543,1.2575122974434543
2013-06-13,1.2575122974434543,1.2575122974434543,1.2575122974434543,1.2575122974434543
2013-06-14,1.2575122974434543,1.2575122974434543,1.2575122974434543,1.2575122974434543
2013-06-17,1.2575122974434543,1.2575122974434543,1.2575122974434543,1.2575122974434543
2013-06-18,1.2575122974434543,1.2575122974434543,1.2575122974434543,1.2575122974434543
2013-06-19,1.2575122974434543,1.2575122974434543,1.2575122974434543,1.2575122974434543
2013-06-20,1.2575122974434543,1.2575122974434543,1.2575122974434543,1.2575122974434543
2013-06-21,1.2575122974434543,1.2575122974434543,1.2575122974434543,1.2575122974434543
2013-06-24,1.2575122974434543,1.2575122974434543,1.2575122974434543,1.2575122974434543
2013-06-25,1.2575122974434543,1.2575122974434543,1.2575122974434543,1.2575122974434543
2013-06-26,1.2575122974434543,1.2575122974434543,1.2575122974434543,1.2575122974434543
2013-06-27,1.2575122974434543,1.2575122974434543,1.2575122974434543,1.2575122974434543
2013-06-28,1.2575122974434543,1.2575122974434543,1.2575122974434543,1.2575122974434543
2013-07-01,1.2575122974434543,1.2575122974434543,1.2575122974434543,1.2575122974434543
2013-07-02,1.2575122974434543,1.2575122974434543,1.2575122974434543,1.2575122974434543
2013-07-03,1.2575122974434543,1.2575122974434543,1.2575122974434543,1.2575122974434543
2013-07-04,1.2575122974434543,1.2575122974434543,1.2575122974434543,1.2575122974434543
2013-07-05,1.2575122974434543,1.2575122974434543,1.2575122974434543,1.2575122974434543
2013-07-08,1.2575122974434543,1.2575122974434543,1.2575122974434543,1.2575122974434543
2013-07-09,1.2575122974434543,1.2575122974434543,1.2575122974434543,1.2575122974434543
2013-07-10,1.2575122974434543,1.2575122974434543,1.2575122974434543,1.2575122974434543
2013-07-11,1.2575122974434543,1.2575122974434543,1.2575122974434543,1.2575122974434543
2013-07-12,1.2575122974434543,1.2575122974434543,1.2575122974434543,1.2575122974434543
2013-07-15,1.2575122974434543,1.2575122974434543,1.2575122974434543,1.2575122974434543
2013-07-16,1.2575122974434543,1.2575122974434543,1.2575122974434543,1.2575122974434543
2013-07-17,1.2575122974434543,1.2575122974434543,1.2575122974434543,1.2575122974434543
2013-07-18,1.253739760551124,1.253739760551124,1.253739760551124,1.253739760551124
2013-07-19,1.2524444835155637,1.2524444835155637,1.2524444835155637,1.2524444835155637
2013-07-22,1.250557351101939,1.250557351101939,1.250557351101939,1.250557351101939
2013-07-23,1.2517289609880533,1.2517289609880533,1.2517289609880533,1.2517289609880533
2013-07-24,1.2460195763902056,1.2460195763902056,1.2460195763902056,1.2460195763902056
2013-07-25,1.2369792456343656,1.2369792456343656,1.2369792456343656,1.2369792456343656
2013-07-26,1.2629171634881022,1.2629171634881022,1.2629171634881022,1.2629171634881022
2013-07-29,1.2666888897080049,1.2666888897080049,1.2666888897080049,1.2666888897080049
2013-07-30,1.2811439217431662,1.2811439217431662,1.2811439217431662,1.2811439217431662
2013-07-31,1.2924470548725053,1.2924470548725053,1.2924470548725053,1.2924470548725053
2013-08-01,1.295547023465559,1.295547023465559,1.295547023465559,1.295547023465559
2013-08-02,1.3114638885532786,1.3114638885532786,1.3114638885532786,1.3114638885532786
2013-08-05,1.3122100998009074,1.3122100998009074,1.3122100998009074,1.3122100998009074
2013-08-06,1.318035364128777,1.318035364128777,1.318035364128777,1.318035364128777
2013-08-07,1.3191250120461038,1.3191250120461038,1.3191250120461038,1.3191250120461038
2013-08-08,1.3308636376577914,1.3308636376577914,1.3308636376577914,1.3308636376577914
2013-08-09,1.334283854418679,1.334283854418679,1.334283854418679,1.334283854418679
2013-08-12,1.349156210811111,1.349156210811111,1.349156210811111,1.349156210811111
2013-08-13,1.3593819299117824,1.3593819299117824,1.3593819299117824,1.3593819299117824
2013-08-14,1.3707647899253206,1.3707647899253206,1.3707647899253206,1.3707647899253206
2013-08-15,1.3723175847343223,1.3723175847343223,1.3723175847343223,1.3723175847343223
2013-08-16,1.3602274644453802,1.3602274644453802,1.3602274644453802,1.3602274644453802
2013-08-19,1.362665120813074,1.362665120813074,1.362665120813074,1.362665120813074
2013-08-20,1.3668656866126174,1.3668656866126174,1.3668656866126174,1.3668656866126174
2013-08-21,1.385976643277757,1.385976643277757,1.385976643277757,1.385976643277757
2013-08-22,1.3835559613722852,1.3835559613722852,1.3835559613722852,1.3835559613722852
2013-08-23,1.3725760122299053,1.3725760122299053,1.3725760122299053,1.3725760122299053
2013-08-26,1.3764164084995973,1.3764164084995973,1.3764164084995973,1.3764164084995973
2013-08-27,1.3774661063587004,1.3774661063587004,1.3774661063587004,1.3774661063587004
2013-08-28,1.371183209647983,1.371183209647983,1.371183209647983,1.371183209647983
2013-08-29,1.3710989155982096,1.3710989155982096,1.3710989155982096,1.3710989155982096
2013-08-30,1.3710146267304475,1.3710146267304475,1.3710146267304475,1.3710146267304475
2013-09-02,1.370930343044378,1.370930343044378,1.370930343044378,1.370930343044378
2013-09-03,1.3708460645396827,1.3708460645396827,1.3708460645396827,1.3708460645396827
2013-09-04,1.370761791216043,1.370761791216043,1.370761791216043,1.370761791216043
2013-09-05,1.3706775230731405,1.3706775230731405,1.3706775230731405,1.3706775230731405
2013-09-06,1.3705932601106565,1.3705932601106565,1.3705932601106565,1.3705932601106565
2013-09-09,1.3705090023282727,1.3705090023282727,1.3705090023282727,1.3705090023282727
2013-09-10,1.3704247497256705,1.3704247497256705,1.3704247497256705,1.3704247497256705
2013-09-11,1.372997879536527,1.372997879536527,1.372997879536527,1.372997879536527
2013-09-12,1.3752390598547433,1.3752390598547433,1.3752390598547433,1.3752390598547433
2013-09-13,1.3769035944218526,1.3769035944218526,1.3769035944218526,1.3769035944218526
2013-09-16,1.378304194852343,1.378304194852343,1.378304194852343,1.378304194852343
2013-09-17,1.3704950061114223,1.3704950061114223,1.3704950061114223,1.3704950061114223
2013-09-18,1.378141889796772,1.378141889796772,1.378141889796772,1.378141889796772
2013-09-23,1.3807074209365806,1.3807074209365806,1.3807074209365806,1.3807074209365806
2013-09-24,1.3716427390492374,1.3716427390492374,1.3716427390492374,1.3716427390492374
2013-09-25,1.3732527133617707,1.3732527133617707,1.3732527133617707,1.3732527133617707
2013-09-26,1.3775571500995925,1.3775571500995925,1.3775571500995925,1.3775571500995925
2013-09-27,1.3718537568533786,1.3718537568533786,1.3718537568533786,1.3718537568533786
2013-09-30,1.3710276281532383,1.3710276281532383,1.3710276281532383,1.3710276281532383
2013-10-08,1.36189497039256,1.36189497039256,1.36189497039256,1.36189497039256
2013-10-09,1.36189497039256,1.36189497039256,1.36189497039256,1.36189497039256
2013-10-10,1.36189497039256,1.36189497039256,1.36189497039256,1.36189497039256
2013-10-11,1.36189497039256,1.36189497039256,1.36189497039256,1.36189497039256
2013-10-14,1.36189497039256,1.36189497039256,1.36189497039256,1.36189497039256
2013-10-15,1.36189497039256,1.36189497039256,1.36189497039256,1.36189497039256
2013-10-16,1.36189497039256,1.36189497039256,1.36189497039256,1.36189497039256
2013-10-17,1.36189497039256,1.36189497039256,1.36189497039256,1.36189497039256
2013-10-18,1.36189497039256,1.36189497039256,1.36189497039256,1.36189497039256
2013-10-21,1.36189497039256,1.36189497039256,1.36189497039256,1.36189497039256
2013-10-22,1.3557664430257936,1.3557664430257936,1.3557664430257936,1.3557664430257936
2013-10-23,1.356191707169651,1.356191707169651,1.356191707169651,1.356191707169651
2013-10-24,1.3591100216311105,1.3591100216311105,1.3591100216311105,1.3591100216311105
2013-10-25,1.3563993036005744,1.3563993036005744,1.3563993036005744,1.3563993036005744
2013-10-28,1.3545820013488716,1.3545820013488716,1.3545820013488716,1.3545820013488716
2013-10-29,1.3296154698428508,1.3296154698428508,1.3296154698428508,1.3296154698428508
2013-10-30,1.3437791866708324,1.3437791866708324,1.3437791866708324,1.3437791866708324
2013-10-31,1.3722765819441127,1.3722765819441127,1.3722765819441127,1.3722765819441127
2013-11-01,1.3825542923962975,1.3825542923962975,1.3825542923962975,1.3825542923962975
2013-11-04,1.3912460678733036,1.3912460678733036,1.3912460678733036,1.3912460678733036
2013-11-05,1.3838806144488582,1.3838806144488582,1.3838806144488582,1.3838806144488582
2013-11-06,1.390936638863002,1.390936638863002,1.390936638863002,1.390936638863002
2013-11-07,1.4023747051453592,1.4023747051453592,1.4023747051453592,1.4023747051453592
2013-11-08,1.4106696984876421,1.4106696984876421,1.4106696984876421,1.4106696984876421
2013-11-11,1.4330770905888004,1.4330770905888004,1.4330770905888004,1.4330770905888004
2013-11-12,1.4517579480892875,1.4517579480892875,1.4517579480892875,1.4517579480892875
2013-11-13,1.4547184806589935,1.4547184806589935,1.4547184806589935,1.4547184806589935
2013-11-14,1.4773819835701354,1.4773819835701354,1.4773819835701354,1.4773819835701354
2013-11-15,1.4822601849422676,1.4822601849422676,1.4822601849422676,1.4822601849422676
2013-11-18,1.4723803585448316,1.4723803585448316,1.4723803585448316,1.4723803585448316
2013-11-19,1.4713994168968179,1.4713994168968179,1.4713994168968179,1.4713994168968179
2013-11-20,1.4733468948609245,1.4733468948609245,1.4733468948609245,1.4733468948609245
2013-11-21,1.4583595118542652,1.4583595118542652,1.4583595118542652,1.4583595118542652
2013-11-22,1.4560636702429177,1.4560636702429177,1.4560636702429177,1.4560636702429177
2013-11-25,1.4650918692888886,1.4650918692888886,1.4650918692888886,1.4650918692888886
2013-11-26,1.4948143288249587,1.4948143288249587,1.4948143288249587,1.4948143288249587
2013-11-27,1.4879961835462088,1.4879961835462088,1.4879961835462088,1.4879961835462088
2013-11-28,1.4879047083709909,1.4879047083709909,1.4879047083709909,1.4879047083709909
2013-11-29,1.4878132388192469,1.4878132388192469,1.4878132388192469,1.4878132388192469
2013-12-02,1.487721774890631,1.487721774890631,1.487721774890631,1.487721774890631
2013-12-03,1.480935980160166,1.480935980160166,1.480935980160166,1.480935980160166
2013-12-04,1.480935980160166,1.480935980160166,1.480935980160166,1.480935980160166
2013-12-05,1.4742717682494453,1.4742717682494453,1.4742717682494453,1.4742717682494453
2013-12-06,1.4816007534723798,1.4816007534723798,1.4816007534723798,1.4816007534723798
2013-12-09,1.4894584800489488,1.4894584800489488,1.4894584800489488,1.4894584800489488
2013-12-10,1.4958989099345514,1.4958989099345514,1.4958989099345514,1.4958989099345514
2013-12-11,1.4814848865939427,1.4814848865939427,1.4814848865939427,1.4814848865939427
2013-12-12,1.4747275395507082,1.4747275395507082,1.4747275395507082,1.4747275395507082
2013-12-13,1.4802844192755968,1.4802844192755968,1.4802844192755968,1.4802844192755968
2013-12-16,1.4799908445912322,1.4799908445912322,1.4799908445912322,1.4799908445912322
2013-12-17,1.4907310934642397,1.4907310934642397,1.4907310934642397,1.4907310934642397
2013-12-18,1.4882819723924927,1.4882819723924927,1.4882819723924927,1.4882819723924927
2013-12-19,1.4895407638467966,1.4895407638467966,1.4895407638467966,1.4895407638467966
2013-12-20,1.4799273058578692,1.4799273058578692,1.4799273058578692,1.4799273058578692
2013-12-23,1.4654636911840098,1.4654636911840098,1.4654636911840098,1.4654636911840098
2013-12-24,1.4737912575545633,1.4737912575545633,1.4737912575545633,1.4737912575545633
2013-12-25,1.4848679910635234,1.4848679910635234,1.4848679910635234,1.4848679910635234
2013-12-26,1.4848911831555258,1.4848911831555258,1.4848911831555258,1.4848911831555258
2013-12-27,1.50708488749312,1.50708488749312,1.50708488749312,1.50708488749312
2013-12-30,1.5221306928187868,1.5221306928187868,1.5221306928187868,1.5221306928187868
2013-12-31,1.521693324441485,1.521693324441485,1.521693324441485,1.521693324441485
2014-01-02,1.5347603284068474,1.5347603284068474,1.5347603284068474,1.5347603284068474
2014-01-03,1.5359967019958878,1.5359967019958878,1.5359967019958878,1.5359967019958878
2014-01-06,1.5249449443863075,1.5249449443863075,1.5249449443863075,1.5249449443863075
2014-01-07,1.5250263972732798,1.5250263972732798,1.5250263972732798,1.5250263972732798
2014-01-08,1.5161608010319791,1.5161608010319791,1.5161608010319791,1.5161608010319791
2014-01-09,1.4996215132771937,1.4996215132771937,1.4996215132771937,1.4996215132771937
2014-01-10,1.482944352702229,1.482944352702229,1.482944352702229,1.482944352702229
2014-01-13,1.476180348743976,1.476180348743976,1.476180348743976,1.476180348743976
2014-01-14,1.4760895999520451,1.4760895999520451,1.4760895999520451,1.4760895999520451
2014-01-15,1.4693568618836081,1.4693568618836081,1.4693568618836081,1.4693568618836081
2014-01-16,1.4693568618836081,1.4693568618836081,1.4693568618836081,1.4693568618836081
2014-01-17,1.4693568618836081,1.4693568618836081,1.4693568618836081,1.4693568618836081
2014-01-20,1.4693568618836081,1.4693568618836081,1.4693568618836081,1.4693568618836081
2014-01-21,1.4693568618836081,1.4693568618836081,1.4693568618836081,1.4693568618836081
2014-01-22,1.4693568618836081,1.4693568618836081,1.4693568618836081,1.4693568618836081
2014-01-23,1.4693568618836081,1.4693568618836081,1.4693568618836081,1.4693568618836081
2014-01-24,1.4693568618836081,1.4693568618836081,1.4693568618836081,1.4693568618836081
2014-01-27,1.4693568618836081,1.4693568618836081,1.4693568618836081,1.4693568618836081
2014-01-28,1.4693568618836081,1.4693568618836081,1.4693568618836081,1.4693568618836081
2014-01-29,1.4693568618836081,1.4693568618836081,1.4693568618836081,1.4693568618836081
2014-01-30,1.4693568618836081,1.4693568618836081,1.4693568618836081,1.4693568618836081
2014-02-07,1.4693568618836081,1.4693568618836081,1.4693568618836081,1.4693568618836081
2014-02-10,1.4693568618836081,1.4693568618836081,1.4693568618836081,1.4693568618836081
2014-02-11,1.4693568618836081,1.4693568618836081,1.4693568618836081,1.4693568618836081
2014-02-12,1.4693568618836081,1.4693568618836081,1.4693568618836081,1.4693568618836081
2014-02-13,1.4693568618836081,1.4693568618836081,1.4693568618836081,1.4693568618836081
2014-02-14,1.4693568618836081,1.4693568618836081,1.4693568618836081,1.4693568618836081
2014-02-17,1.4693568618836081,1.4693568618836081,1.4693568618836081,1.4693568618836081
2014-02-18,1.4693568618836081,1.4693568618836081,1.4693568618836081,1.4693568618836081
2014-02-19,1.4693568618836081,1.4693568618836081,1.4693568618836081,1.4693568618836081
2014-02-20,1.4693568618836081,1.4693568618836081,1.4693568618836081,1.4693568618836081
2014-02-21,1.4693568618836081,1.4693568618836081,1.4693568618836081,1.4693568618836081
2014-02-24,1.4693568618836081,1.4693568618836081,1.4693568618836081,1.4693568618836081
2014-02-25,1.4627447560051319,1.4627447560051319,1.4627447560051319,1.4627447560051319
2014-02-26,1.467660050334961,1.467660050334961,1.467660050334961,1.467660050334961
2014-02-27,1.4883215671230994,1.4883215671230994,1.4883215671230994,1.4883215671230994
2014-02-28,1.4910732256971833,1.4910732256971833,1.4910732256971833,1.4910732256971833
2014-03-03,1.4906262958057501,1.4906262958057501,1.4906262958057501,1.4906262958057501
2014-03-04,1.4965166758376747,1.4965166758376747,1.4965166758376747,1.4965166758376747
2014-03-05,1.4998982597617707,1.4998982597617707,1.4998982597617707,1.4998982597617707
2014-03-06,1.506617271345067,1.506617271345067,1.506617271345067,1.506617271345067
2014-03-07,1.5121490760943639,1.5121490760943639,1.5121490760943639,1.5121490760943639
2014-03-10,1.5169918622732417,1.5169918622732417,1.5169918622732417,1.5169918622732417
2014-03-11,1.536149452140752,1.536149452140752,1.536149452140752,1.536149452140752
2014-03-12,1.5533653779067391,1.5533653779067391,1.5533653779067391,1.5533653779067391
2014-03-13,1.549743643835325,1.549743643835325,1.549743643835325,1.549743643835325
2014-03-14,1.5545493662507595,1.5545493662507595,1.5545493662507595,1.5545493662507595
2014-03-17,1.5492960315099706,1.5492960315099706,1.5492960315099706,1.5492960315099706
2014-03-18,1.5475268773232413,1.5475268773232413,1.5475268773232413,1.5475268773232413
2014-03-19,1.5700874025496507,1.5700874025496507,1.5700874025496507,1.5700874025496507
2014-03-20,1.5819078159584583,1.5819078159584583,1.5819078159584583,1.5819078159584583
2014-03-21,1.594478642296477,1.594478642296477,1.594478642296477,1.594478642296477
2014-03-24,1.6134962374318846,1.6134962374318846,1.6134962374318846,1.6134962374318846
2014-03-25,1.6187362931643117,1.6187362931643117,1.6187362931643117,1.6187362931643117
2014-03-26,1.6198929640269206,1.6198929640269206,1.6198929640269206,1.6198929640269206
2014-03-27,1.6337222635250404,1.6337222635250404,1.6337222635250404,1.6337222635250404
2014-03-28,1.636036301017193,1.636036301017193,1.636036301017193,1.636036301017193
2014-03-31,1.627991579017857,1.627991579017857,1.627991579017857,1.627991579017857
2014-04-01,1.6322293361946383,1.6322293361946383,1.6322293361946383,1.6322293361946383
2014-04-02,1.6456630473635327,1.6456630473635327,1.6456630473635327,1.6456630473635327
2014-04-03,1.6502265070593756,1.6502265070593756,1.6502265070593756,1.6502265070593756
2014-04-04,1.65321984053438,1.65321984053438,1.65321984053438,1.65321984053438
2014-04-08,1.6627554870783419,1.6627554870783419,1.6627554870783419,1.6627554870783419
2014-04-09,1.6592220369121418,1.6592220369121418,1.6592220369121418,1.6592220369121418
2014-04-10,1.652360447882352,1.6542443708014054,1.653773390071642,1.6533024093418787
2014-04-11,1.674961272090827,1.671908230010463,1.6726725502371957,1.6734361639928341
2014-04-14,1.6938416165750052,1.6907541602743472,1.6915270960012811,1.6922993172937024
2014-04-15,1.6858469398567328,1.6827740558837139,1.6835433434707034,1.6843119199952035
2014-04-16,1.6882044000272174,1.6851272189846345,1.6858975823305218,1.6866672336195818
2014-04-17,1.6949814319797836,1.6918918980762265,1.692665353925018,1.693438094858542
2014-04-18,1.6936627239002635,1.6905755936769142,1.6913484477713396,1.692120587506707
2014-04-21,1.6953971159022287,1.6923068243092083,1.6930804698433586,1.6938534002869126
2014-04-22,1.700440549430347,1.697341064899527,1.698117011858983,1.6988922416006054
2014-04-23,1.7102729887369434,1.7071555820896809,1.707936015798989,1.7087157281433025
2014-04-24,1.7282210659631971,1.725070944389359,1.7258595681856161,1.7266474630466755
2014-04-25,1.7140541360828545,1.7109298373347708,1.7117119964615224,1.7124934326284544
2014-04-28,1.7027090787704438,1.6996054592690721,1.7003824414064082,1.7011587053690829
2014-04-29,1.7180760650382454,1.7149444353037384,1.715728429721671,1.7165116994834007
2014-04-30,1.7316673651929522,1.7097996019978272,1.7152612228942319,1.7207263943454996
2014-05-05,1.7448393636419846,1.7097996019978272,1.7185230240088372,1.727270782099496
2014-05-06,1.7380410981438004,1.7097996019978272,1.7168490911492573,1.7239058748167249
2014-05-07,1.7408863899243865,1.7097996019978272,1.7175517409043137,1.7253169505448416
2014-05-08,1.762890199250175,1.7097996019978272,1.7229789590778781,1.7362204607986005
2014-05-09,1.7852757711705123,1.7097996019978272,1.7284486516063848,1.7472439176228824
2014-05-12,1.78888586217682,1.7097996019978272,1.7293224461529744,1.7490105101165174
2014-05-13,1.786439345328148,1.7097996019978272,1.728731181976937,1.7478145188652092
2014-05-14,1.7893342843214264,1.7097996019978272,1.7294315375922409,1.7492306924444894
2014-05-15,1.7748860963836213,1.7097996019978272,1.7259404135329128,1.7421685090357029
2014-05-16,1.792456121039997,1.7097996019978272,1.7302117884232502,1.7507915817279973
2014-05-19,1.804697996305946,1.7097996019978272,1.7331659802510064,1.7567702419330107
2014-05-20,1.8066144218483273,1.7097996019978272,1.7336260965087593,1.7577030072407318
2014-05-21,1.8105998503744336,1.7097996019978272,1.7345822002040292,1.7596417717111033
2014-05-22,1.8014224729370139,1.7097996019978272,1.732384183405313,1.755182228457992
2014-05-23,1.7834394061535719,1.6876017803809984,1.7111924409974666,1.735027990991451
2014-05-26,1.7753047845269776,1.6799042932152448,1.7033873521395142,1.727114183452172
2014-05-27,1.767207266526545,1.6722419158184876,1.6956178638432642,1.719236472362111
2014-05-28,1.767207266526545,1.6722419158184876,1.6956178638432642,1.719236472362111
2014-05-29,1.767207266526545,1.6722419158184876,1.6956178638432642,1.719236472362111
2014-05-30,1.767207266526545,1.6722419158184876,1.6956178638432642,1.719236472362111
2014-06-03,1.767207266526545,1.6722419158184876,1.6956178638432642,1.719236472362111
2014-06-04,1.767207266526545,1.6722419158184876,1.6956178638432642,1.719236472362111
2014-06-05,1.767207266526545,1.6722419158184876,1.6956178638432642,1.719236472362111
2014-06-06,1.767207266526545,1.6722419158184876,1.6956178638432642,1.719236472362111
2014-06-09,1.767207266526545,1.6722419158184876,1.6956178638432642,1.719236472362111
2014-06-10,1.767207266526545,1.6722419158184876,1.6956178638432642,1.719236472362111
2014-06-11,1.767207266526545,1.6722419158184876,1.6956178638432642,1.719236472362111
2014-06-12,1.767207266526545,1.6722419158184876,1.6956178638432642,1.719236472362111
2014-06-13,1.767207266526545,1.6722419158184876,1.6956178638432642,1.719236472362111
2014-06-16,1.7592548338271756,1.6647168271973045,1.6879875834559697,1.7114999082364815
2014-06-17,1.7558814484403689,1.6615247192035911,1.6847508535987301,1.708218093306119
2014-06-18,1.7522265573803923,1.65806623295582,1.681244021837067,1.7046624141665847
2014-06-19,1.7328139060099392,1.639696769490084,1.6626177751755766,1.6857767187003523
2014-06-20,1.7457365489935524,1.6519249815791106,1.6750169230888552,1.698348576884486
2014-06-23,1.763646938714017,1.668872911222968,1.6922017645806546,1.7157727895531927
2014-06-24,1.7725132568734319,1.6772627753583154,1.7007089090126548,1.7243984317424041
2014-06-25,1.7872018670805063,1.6911620559569447,1.714802484980741,1.7386883200167706
2014-06-26,1.7954749007181394,1.6989905172143602,1.7227403787919853,1.7467367823767366
2014-06-27,1.8128501541907374,1.715432067509679,1.739411762355753,1.7636403850567666
2014-06-30,1.809441128417931,1.7122062343562217,1.7361408359012496,1.760323897197733
2014-07-01,1.822356867747348,1.7244279137763656,1.7485333598267239,1.7728890391271797
2014-07-02,1.8296074614675901,1.731288878510508,1.7554902326669293,1.7799428156740704
2014-07-03,1.833500407399306,1.734972627149583,1.759225475719527,1.7837300876921933
2014-07-04,1.8397411707173579,1.7408780272714717,1.7652134262936015,1.7898014456562554
2014-07-07,1.8608550886519812,1.760857335441037,1.7854720213683237,1.8103422268511022
2014-07-08,1.869464322305363,1.7690039301563005,1.7937324957638185,1.8187177630863474
2014-07-09,1.8608376507374664,1.760840834596949,1.7854552898621108,1.8103252622883124
2014-07-10,1.8883429072868723,1.7868680266408465,1.8118463110163145,1.837083889381534
2014-07-11,1.8995815747085643,1.7975027558525685,1.8226297010617107,1.848017483475507
2014-07-14,1.9112660273737352,1.808559314910579,1.8338408176316625,1.8593847619844022
2014-07-15,1.9261573290283347,1.8226503948193116,1.8481288740355084,1.873871839652351
2014-07-16,1.9331879051430065,1.829303165150216,1.8548746421629667,1.8807115709657127
2014-07-17,1.9363693575575813,1.8323136541752474,1.8579272142349021,1.8838066629392605
2014-07-18,1.9455131985157483,1.840966127720062,1.866700639042782,1.8927022945782463
2014-07-21,1.9473889907946689,1.8427411195580852,1.8685004431502248,1.8945271685257343
2014-07-22,1.9261127806179201,1.822608240330368,1.8480861302770737,1.8738285005073507
2014-07-23,1.9312929648715365,1.8275100542854377,1.8530564657463793,1.8788680687974233
2014-07-24,1.9435159532794601,1.8390762095064197,1.8647843020260255,1.8907592645106828
2014-07-25,1.9632290559335352,1.8577299787463857,1.8836988287174672,1.9099372555184486
2014-07-28,1.962556473161138,1.8570935389098344,1.8830534922108833,1.9092829299874878
2014-07-29,1.9637560323408456,1.8582286367440317,1.8842044573593275,1.9104499271652233
2014-07-30,1.950857305857409,1.8460230559415738,1.8718282570910187,1.8979013362685064
2014-07-31,1.9629470937644133,1.8574631685273402,1.8834282888097005,1.9096629472048952
2014-08-01,1.9822524402557422,1.8757310934129436,1.901951577502781,1.928444250580088
2014-08-04,1.993026564761648,1.8859262430970185,1.9122892432228826,1.9389259117633468
2014-08-05,1.9972409035253635,1.8899141137116495,1.916332859513624,1.9430258524136081
2014-08-06,2.0052513719936167,1.8974941194029367,1.9240188246461802,1.9508188769287211
2014-08-07,1.993084384437695,1.8859809556865808,1.9123447206292084,1.938982161925828
2014-08-08,2.0097712485758623,1.9017711089888913,1.9283556014467227,1.955216061581569
2014-08-11,2.0006042824278882,1.8930967529448144,1.919559988248333,1.9462979324854375
2014-08-12,2.000481294459706,1.8929803740460678,1.9194419825113505,1.9461782830223748
2014-08-13,2.001278450914524,1.8937346932832404,1.9202068462320188,1.9469538006864664
2014-08-14,2.0037015788836823,1.8960276083442922,1.9225318135115834,1.9493111529114637
2014-08-15,2.0233293072996927,1.9146005911467379,1.9413644244674368,1.9684060871625824
2014-08-18,2.040371738695287,1.9307272044008745,1.9577164685457136,1.9849859022120213
2014-08-19,2.05462928154268,1.944218582134314,1.9713964396529324,1.9988564244386995
2014-08-20,2.062935574391147,1.952078515334776,1.97936624534746,2.0069372431891073
2014-08-21,2.067959178587123,1.9568321634575023,1.9841863438027574,2.011824481783032
2014-08-22,2.0857815939331097,1.9736968462523303,2.00128677475384,2.0291631081393118
2014-08-25,2.091341764600022,1.9789582270900123,2.0066217034220344,2.034572348121616
2014-08-26,2.0728888835369177,1.961496958247458,1.9889163468616389,2.0166203700233116
2014-08-27,2.0924366657218205,1.9799942909316621,2.007672250200802,2.035637528181636
2014-08-28,2.0838832977964286,1.971900559858243,1.9994653784178307,2.027316341200683
2014-08-29,2.0944567337301288,1.9819058054779648,2.0096104854411982,2.0376027614976815
2014-09-01,2.1164576490999987,2.0027244460328917,2.030720145767221,2.059006462606028
2014-09-02,2.1206425638568023,2.0066844738140186,2.034735530014845,2.0630777779632608
2014-09-03,2.1271685460096355,2.012859765815449,2.0409971452351217,2.0694266125044334
2014-09-04,2.1430864705827344,2.027922300464422,2.0562702361581273,2.0849124454391124
2014-09-05,2.1563752003751424,2.040496926761952,2.0690206407374845,2.0978404530153703
2014-09-09,2.1723547577226356,2.0556177821923542,2.0843528676969023,2.113386245704425
2014-09-10,2.208452024650275,2.0897752712126048,2.1189878376847338,2.1485036532830883
2014-09-11,2.2162255571169114,2.097131073257396,2.126446465071153,2.156066173418036
2014-09-12,2.2466971144315337,2.125965164394838,2.1556836224213214,2.1857105811212363
2014-09-15,2.2786860094829176,2.1562350552892906,2.186376650297075,2.2168311384687613
2014-09-16,2.2642570534875768,2.142581475726813,2.172532209972655,2.2027938560994693
2014-09-17,2.2890410424063123,2.16603363433668,2.1963122017958554,2.22690508429935
2014-09-18,2.301133771885266,2.1774765304215897,2.2079150559236793,2.238669556958796
2014-09-19,2.324956205230481,2.200018805077895,2.2307724447005803,2.2618453309855795
2014-09-22,2.3039770292430015,2.18016699815626,2.210643133189204,2.241435634171312
2014-09-23,2.3215295055664136,2.1967762477844106,2.227484560322514,2.258511648992593
2014-09-24,2.332326980419197,2.2069934930254345,2.237844630469104,2.2690160266781856
2014-09-25,2.330025312205912,2.204815510773173,2.235636202621952,2.2667768371872246
2014-09-26,2.3438426017845417,2.2178902933603912,2.248893755079548,2.28021905680839
2014-09-29,2.374810075000282,2.2471936511041215,2.278606738823613,2.310345918788786
2014-09-30,2.409845166284213,2.2803460431745037,2.3122225618046803,2.3444299834532885
2014-10-08,2.4018216127739733,2.272753655599046,2.3045240417039765,2.3366242290893053
2014-10-09,2.3798478281094293,2.251960687812396,2.2834404130209194,2.3152469222240115
2014-10-10,2.389542130600836,2.2611340424481634,2.292742000216313,2.3246780731325836
2014-10-13,2.407655994335154,2.278274511915272,2.3101220730085106,2.342300236518459
2014-10-14,2.430350554924015,2.299749522909522,2.3318972790499513,2.3643787538648087
2014-10-15,2.4550431496137746,2.3231151985903904,2.355589579015926,2.3884010687296233
2014-10-16,2.478011878007768,2.344849644289553,2.377627846350107,2.41074631160334
2014-10-17,2.4522197945511546,2.320443563650686,2.3528805978053855,2.3856543535649526
2014-10-20,2.445878217954233,2.3144427677063657,2.3467959178890307,2.3794849188957894
2014-10-21,2.464388408756395,2.331958266604247,2.364556262576263,2.3974926510618118
2014-10-22,2.4633780157194654,2.331002169591854,2.363586800467674,2.396509685116949
2014-10-23,2.434212873107692,2.3034042896600386,2.335603135081746,2.3681362295242967
2014-10-24,2.4486446404515756,2.3170605294961373,2.34945027286724,2.3821762469281507
2014-10-27,2.4462751670131677,2.314818385703965,2.3471767865783546,2.379871092783096
2014-10-28,2.490634466397944,2.3567939259773842,2.3897390948537365,2.42302626016798
2014-10-29,2.5029695363737017,2.3684661397797635,2.4015744722872854,2.4350264949979015
2014-10-30,2.509378981580136,2.3745311572422643,2.4077242714620684,2.4412619559849804
2014-10-31,2.52650270974286,2.390734698576196,2.4241543189829677,2.4579208610029712
2014-11-03,2.549056257915552,2.412076274812998,2.445794225008157,2.4798621937114316
2014-11-04,2.5649724120822426,2.4271371341928276,2.461065617243754,2.495346304297337
2014-11-05,2.579587476138021,2.4409668208285566,2.475088626408321,2.509564642828725
2014-11-06,2.5863001968965764,2.447318816564577,2.4815294154706984,2.516095146961143
2014-11-07,2.6009694995042287,2.461199827106457,2.4956044659884267,2.5303662517403587
2014-11-10,2.610659263934388,2.4703688875451726,2.5049016989590136,2.539792987773235
2014-11-11,2.5929215936576444,2.4535843958290204,2.4878825800622675,2.522536806083551
2014-11-12,2.616096769201257,2.475514194718232,2.5101189313911583,2.5450828921045114
2014-11-13,2.612613587904195,2.472218190975111,2.5067768534458184,2.541694261670952
2014-11-14,2.620797032883565,2.479961877847333,2.5146287878270477,2.5496555672543963
2014-11-17,2.635979247034811,2.494328237334156,2.529195971889246,2.5644256606070215
2014-11-18,2.641622593726541,2.4996683245226583,2.534610707129197,2.5699158188031657
2014-11-19,2.6406716916710997,2.4987685215934454,2.533698326027946,2.5689907289586835
2014-11-20,2.6492802431771385,2.506914470818278,2.5419581459098235,2.5773656015634567
2014-11-21,2.661632021942564,2.5186024955212654,2.5538095552615183,2.5893820916233956
2014-11-24,2.6656412493501147,2.5223962769570623,2.557656369238135,2.59328248865979
2014-11-25,2.6534827297610066,2.5108911261599127,2.5459903901514256,2.581454011760977
2014-11-26,2.6533196058227015,2.5107367680988784,2.5458338743487525,2.581295315817631
2014-11-27,2.6531564919125077,2.510582419527069,2.5456773681679525,2.5811366296301834
2014-11-28,2.652993388029808,2.5104280804439014,2.545520871608434,2.580977953198034
2014-12-01,2.6528302941739867,2.5102737508487922,2.5453643846696057,2.5808192865205837
2014-12-02,2.652667210344427,2.5101194307411583,2.545207907350876,2.580660629597232
2014-12-03,2.6405678679260802,2.4986702770798743,2.5335987081732214,2.5688897235064565
2014-12-04,2.6405678679260802,2.4986702770798743,2.5335987081732214,2.5688897235064565
2014-12-05,2.6405678679260802,2.4986702770798743,2.5335987081732214,2.5688897235064565
2014-12-08,2.6405678679260802,2.4986702770798743,2.5335987081732214,2.5688897235064565
2014-12-09,2.6405678679260802,2.4986702770798743,2.5335987081732214,2.5688897235064565
2014-12-10,2.6405678679260802,2.4986702770798743,2.5335987081732214,2.5688897235064565
2014-12-11,2.6405678679260802,2.4986702770798743,2.5335987081732214,2.5688897235064565
2014-12-12,2.6405678679260802,2.4986702770798743,2.5335987081732214,2.5688897235064565
2014-12-15,2.6405678679260802,2.4986702770798743,2.5335987081732214,2.5688897235064565
2014-12-16,2.6405678679260802,2.4986702770798743,2.5335987081732214,2.5688897235064565
2014-12-17,2.6405678679260802,2.4986702770798743,2.5335987081732214,2.5688897235064565
2014-12-18,2.6405678679260802,2.4986702770798743,2.5335987081732214,2.5688897235064565
2014-12-19,2.6405678679260802,2.4986702770798743,2.5335987081732214,2.5688897235064565
2014-12-22,2.6405678679260802,2.4986702770798743,2.5335987081732214,2.5688897235064565
2014-12-23,2.6405678679260802,2.4986702770798743,2.5335987081732214,2.5688897235064565
2014-12-24,2.6405678679260802,2.4986702770798743,2.5335987081732214,2.5688897235064565
2014-12-25,2.6405678679260802,2.4986702770798743,2.5335987081732214,2.5688897235064565
2014-12-26,2.6405678679260802,2.4986702770798743,2.5335987081732214,2.5688897235064565
2014-12-29,2.6405678679260802,2.4986702770798743,2.5335987081732214,2.5688897235064565
2014-12-30,2.6405678679260802,2.4986702770798743,2.5335987081732214,2.5688897235064565
2014-12-31,2.6405678679260802,2.4986702770798743,2.5335987081732214,2.5688897235064565
2015-01-05,2.6405678679260802,2.4986702770798743,2.5335987081732214,2.5688897235064565
2015-01-06,2.628685312520413,2.487426260833015,2.522197513986442,2.5573297197506775
2015-01-07,2.6273342647794413,2.4861478150584193,2.520901197064319,2.556015346164637
2015-01-08,2.638148174637361,2.4963806121280236,2.531277036435509,2.566535712727589
2015-01-09,2.6236718153464755,2.4826821766059424,2.517387113118656,2.5524523138239466
2015-01-12,2.585956277689765,2.4469933787259146,2.4811994283990995,2.5157605634320355
2015-01-13,2.574161217095421,2.4358321555354685,2.4698821846169405,2.5042856794432575
2015-01-14,2.574002969479616,2.435682411755415,2.4697303475973946,2.504131727454767
2015-01-15,2.573844731592148,2.435532677180922,2.4695785199120914,2.5039777849305387
2015-01-16,2.5621049141669734,2.4244237285282715,2.4583142814034353,2.4925566445365748
2015-01-19,2.5621049141669734,2.4244237285282715,2.4583142814034353,2.4925566445365748
2015-01-20,2.5621049141669734,2.4244237285282715,2.4583142814034353,2.4925566445365748
2015-01-21,2.5621049141669734,2.4244237285282715,2.4583142814034353,2.4925566445365748
2015-01-22,2.5621049141669734,2.4244237285282715,2.4583142814034353,2.4925566445365748
2015-01-23,2.5621049141669734,2.4244237285282715,2.4583142814034353,2.4925566445365748
2015-01-26,2.5621049141669734,2.4244237285282715,2.4583142814034353,2.4925566445365748
2015-01-27,2.5621049141669734,2.4244237285282715,2.4583142814034353,2.4925566445365748
2015-01-28,2.5505754420532223,2.4135138217498944,2.44725186713712,2.4813401396361603
2015-01-29,2.546559611946317,2.4097137924274867,2.443398717935888,2.4774333191305096
2015-01-30,2.538938556691473,2.402502273845986,2.436086390923534,2.470019137217503
2015-02-02,2.5344004917130043,2.3982080732632673,2.431732162537015,2.465604257891963
2015-02-03,2.537699203738688,2.401329520657723,2.4348972440440746,2.4688134264676003
2015-02-04,2.526124253250717,2.3903765794005536,2.423791193728267,2.4575526777022225
2015-02-05,2.525968958726952,2.3902296300206727,2.4236421901712752,2.457401598644167
2015-02-06,2.525813673749981,2.390082689674565,2.4234931957743386,2.4572505288737587
2015-02-09,2.518080687354974,2.382765254855727,2.4160734719419428,2.4497274541884067
2015-02-10,2.5087218677217233,2.373909355058491,2.4070937772251946,2.4406226794647443
2015-02-11,2.5087987313747324,2.373982088248762,2.4071675271387396,2.4406974566559403
2015-02-12,2.5152074915436873,2.3800464574860043,2.4133166690268477,2.446932251200864
2015-02-13,2.513601734527164,2.378526989882791,2.411775961078334,2.4453700824157703
2015-02-16,2.513601734527164,2.378526989882791,2.411775961078334,2.4453700824157703
2015-02-17,2.513601734527164,2.378526989882791,2.411775961078334,2.4453700824157703
2015-02-25,2.513601734527164,2.378526989882791,2.411775961078334,2.4453700824157703
2015-02-26,2.513601734527164,2.378526989882791,2.411775961078334,2.4453700824157703
2015-02-27,2.513601734527164,2.378526989882791,2.411775961078334,2.4453700824157703
2015-03-02,2.513601734527164,2.378526989882791,2.411775961078334,2.4453700824157703
2015-03-03,2.513601734527164,2.378526989882791,2.411775961078334,2.4453700824157703
2015-03-04,2.513601734527164,2.378526989882791,2.411775961078334,2.4453700824157703
2015-03-05,2.513601734527164,2.378526989882791,2.411775961078334,2.4453700824157703
2015-03-06,2.513601734527164,2.378526989882791,2.411775961078334,2.4453700824157703
2015-03-09,2.513601734527164,2.378526989882791,2.411775961078334,2.4453700824157703
2015-03-10,2.513601734527164,2.378526989882791,2.411775961078334,2.4453700824157703
2015-03-11,2.513601734527164,2.378526989882791,2.411775961078334,2.4453700824157703
2015-03-12,2.502290526721792,2.367823618428319,2.4009229692534815,2.4343659170448992
2015-03-13,2.4932042784032786,2.359225642637048,2.3922048040127573,2.425526314694898
2015-03-16,2.481832278114041,2.348464745536539,2.38129348240193,2.414463007050516
2015-03-17,2.501207666742683,2.366798948668111,2.399883975831828,2.433312451271071
2015-03-18,2.521569468590522,2.38606655761048,2.4194209229727788,2.45312153255027
2015-03-19,2.544771825205111,2.408022076927094,2.4416833542699785,2.475694061812759
2015-03-20,2.5568209900340944,2.419423749418649,2.4532444085477674,2.4874161523834974
2015-03-23,2.55086147453371,2.413784483551833,2.4475263124683164,2.481618407772586
2015-03-24,2.467426270175744,2.3348328808592376,2.3674710605108884,2.4004480498138716
2015-03-25,2.467426270175744,2.3348328808592376,2.3674710605108884,2.4004480498138716
2015-03-26,2.4563228519599534,2.3243261328953713,2.3568174407385896,2.389646033589709
2015-03-27,2.49784459827059,2.363616603183614,2.396657144952043,2.430040673203048
2015-03-30,2.5281882489365723,2.392329661059583,2.4257715771400608,2.4595606462801776
2015-03-31,2.528692295947132,2.392806621829588,2.426255205252909,2.4600510109480656
2015-04-01,2.543955220999607,2.4072493550132914,2.440899830625203,2.474899624306656
2015-04-02,2.550955656306832,2.413873604229246,2.447616678946533,2.481710032983986
2015-04-03,2.598623954738672,2.458980326119397,2.493353939024071,2.5280843767249666
2015-04-07,2.612635098921742,2.47223854604374,2.506797493054036,2.5417151887724994
2015-04-08,2.645331623931992,2.503178040612034,2.538169484864565,2.5735241674825113
2015-04-09,2.689201329596481,2.5446902967216234,2.580262032815921,2.616203031155601
2015-04-10,2.7323153118442614,2.5854874401230874,2.621629471636182,2.658146685503993
2015-04-13,2.751226578708684,2.603382462246935,2.6397746448315416,2.6765446065332523
2015-04-14,2.7619284427897712,2.6135092346028235,2.650042977389941,2.686955968798999
2015-04-15,2.7401662595417555,2.5929164972955676,2.6291623781696276,2.6657845194354195
2015-04-16,2.7305511204914863,2.583818052053269,2.6199367475117032,2.656430383078484
2015-04-17,2.7219059218115396,2.575637424983078,2.6116417650295385,2.648019858086362
2015-04-20,2.7018249952046087,2.5566355977403763,2.5923743148995024,2.628484027697141
2015-04-21,2.7159759492799447,2.5700261145189263,2.605952015135948,2.6422508545011394
2015-04-22,2.744157039743122,2.596692822832447,2.632991492234674,2.6696669700145503
2015-04-23,2.747112073814147,2.5994890606760994,2.635826818149185,2.6725417897644506
2015-04-24,2.7890185788399315,2.6391436136971005,2.6760356945378736,2.7133107438278663
2015-04-27,2.831794450007649,2.679620815272275,2.7170787191266084,2.7549254651124553
2015-04-28,2.8546059228300305,2.701206455925574,2.738966101297818,2.777117721112862
2015-04-29,2.908698148828797,2.75239189939246,2.7908670562315487,2.829741615078124
2015-04-30,2.9483363532487847,2.7899000446759317,2.8288995206618845,2.86830384149525
2015-05-04,3.0001549516427435,2.838934039666038,2.8786189524344885,2.918715825416458
2015-05-05,3.04026582951475,2.876889458098468,2.9171049423590825,2.9577378945773423
2015-05-06,3.0638716564049258,2.8992267661952678,2.9397544993883753,2.980702941925537
2015-05-07,3.0521852505785523,2.8881683589341107,2.9285415087796007,2.9693337632739483
2015-05-08,3.077640342098554,2.9122555567501363,2.9529654168998496,2.9940978770128646
2015-05-11,3.124405739449341,2.956507897231738,2.9978363523354994,3.039593828898581
2015-05-12,3.1751921105157543,3.004565134239648,3.0465653722139887,3.089001605275547
2015-05-13,3.2296689502708498,3.056114523270202,3.0988353602364036,3.1419996726669703
2015-05-14,3.3096353004199064,3.1317836794055225,3.1755622809476303,3.2197953383718523
2015-05-15,3.382169711376665,3.200420270392103,3.245158329634872,3.290360804675795
2015-05-18,3.4839615848600594,3.296742100181313,3.3428266237517037,3.389389540465623
2015-05-19,3.522919074657138,3.33360611076327,3.380205949245455,3.4272895302401425
2015-05-20,3.5298179351877446,3.340134243580051,3.386825337574958,3.434001121385459
2015-05-21,3.5429794471126286,3.352588488383829,3.3994536778708215,3.446805364419817
2015-05-22,3.642165973548943,3.4464449760369438,3.4946221673081364,3.543299475238741
2015-05-25,3.7249854145845775,3.5248139050062415,3.574086600458387,3.6238707847541023
2015-05-26,3.7815985735240423,3.578384812708281,3.628406365572884,3.678947181002555
2015-05-27,3.8290285373902697,3.6232660075433123,3.6739149459959872,3.7250896597633565
2015-05-28,3.877860234118365,3.6694736095807103,3.7207684752125565,3.772595821384838
2015-05-29,3.896341012843551,3.686961276933938,3.738500599303327,3.7905749398639306
2015-06-01,3.9611923338591413,3.748327648243413,3.8007247993112876,3.8536658734984495
2015-06-02,4.033162771852393,3.81643057277964,3.8697797215275367,3.9236826758699523
2015-06-03,4.0876393068890735,3.867979673466593,3.9220494171756513,3.976680446814534
2015-06-04,4.0500820592138345,3.8324406594556595,3.8860136101250786,3.940142689626765
2015-06-05,4.143911683659596,3.9212281117911783,3.9760422051753057,4.03142531141694
2015-06-08,4.269021221846374,4.039614572614098,4.096083567558134,4.153138754523053
2015-06-09,4.285322020201354,4.055039406354218,4.11172402208158,4.168997068141006
2015-06-10,4.341573548303741,4.108268116366564,4.165696805990714,4.223721650011818
2015-06-11,4.439600741054643,4.201027570061133,4.259752926242831,4.31908789722733
2015-06-12,4.524513043390926,4.281376895137458,4.341225439076287,4.401695257379096
2015-06-15,4.557625408582503,4.3127098836635165,4.372996425420913,4.433908788299792
2015-06-16,4.517220067054975,4.274475825324623,4.334227900536209,4.394600248691471
2015-06-17,4.521435636180197,4.278464860184174,4.338272697346627,4.398701386305108
2015-06-18,4.509210914886967,4.266897065198859,4.326543198380697,4.386808504745667
2015-06-19,4.427438277710323,4.18951868743643,4.248083163162067,4.307255583626435
2015-06-23,4.425109688476435,4.1873152308326755,4.245848904862364,4.304990203885258
2015-06-24,4.4407823069530155,4.202145641528463,4.2608866270161005,4.320237389550873
2015-06-25,4.463102195924124,4.2232661148316675,4.282302339352321,4.341951405730551
2015-06-26,4.378646248248029,4.14334862104401,4.201267694294037,4.259788012503882
2015-06-29,4.296996036869597,4.066086090219982,4.122925125415874,4.1803541939378315
2015-06-30,4.27739658382942,4.047539863344557,4.1041196444029975,4.161286767528222
2015-07-01,4.277133629121398,4.04729103917263,4.103867341965842,4.161030950718743
2015-07-02,4.276870690578624,4.047042230297271,4.103615055039081,4.1607751496357075
2015-07-03,4.275513631811135,4.045758096513867,4.102312970596569,4.159454928192305
2015-07-06,4.275330986360631,4.04558526597845,4.102137724096347,4.159277240647688
2015-07-07,4.275148348712548,4.045412442826172,4.101962485082472,4.159099560693696
2015-07-08,4.273874242627107,4.044206804052707,4.100739992916541,4.157860040183997
2015-07-09,4.273771665674419,4.044109739331929,4.100641571346705,4.157760247679956
2015-07-10,4.273669091183672,4.0440126769407945,4.100543152139077,4.157660457571028
2015-07-13,4.273566519154809,4.043915616879247,4.100444735293603,4.157560669857156
2015-07-14,4.318393717543163,4.086333912420243,4.143455988027267,4.201171035139633
2015-07-15,4.29847727807313,4.067487733182245,4.124346361675448,4.181795226888361
2015-07-16,4.29711499839419,4.066198659046267,4.123039267820124,4.180469926255009
2015-07-17,4.33221671919348,4.099414100126532,4.156719021161054,4.214618811778451
2015-07-20,4.3210284019746945,4.0888270154222575,4.1459839416365085,4.203734201132469
2015-07-21,4.371942622927536,4.137005231979691,4.194835632214368,4.253266356914103
2015-07-22,4.363066696057964,4.128606275482522,4.186319268320169,4.244631366842915
2015-07-23,4.442592717067718,4.203858764678177,4.262623697584742,4.32199865613125
2015-07-24,4.447238688918505,4.208255073484596,4.267081461546176,4.326518513199933
2015-07-27,4.413469980141505,4.176301011655188,4.234680720033979,4.293666455122952
2015-07-28,4.409577550962871,4.172617752000162,4.2309459728008445,4.2898796858306625
2015-07-29,4.487602145752487,4.246449497909854,4.30580979848239,4.365786305073599
2015-07-30,4.497086378799372,4.255424071713844,4.314909826127002,4.3750130888671235
2015-07-31,4.548804896584043,4.304363364179249,4.36453323154653,4.425327708864517
2015-08-03,4.543519428271606,4.299361923870461,4.359461877065875,4.4201857144485945
2015-08-04,4.603378761599964,4.356004564572917,4.416896314345441,4.478420167768645
2015-08-05,4.667162856285276,4.416361059657367,4.478096521262913,4.540472844903186
2015-08-06,4.735251462716161,4.480790752665131,4.543426864553841,4.606713187926656
2015-08-07,4.783282157127287,4.526240396270332,4.58951183998311,4.653440090417719
2015-08-10,4.810905467459573,4.552379298178597,4.616016132572383,4.680313566727031
2015-08-11,4.853425254238147,4.592614176706767,4.656813446726859,4.721679155026396
2015-08-12,4.870589789129088,4.6088563319162,4.673282647899196,4.738377759075054
2015-08-13,4.8610068369172295,4.599788343871168,4.66408790019384,4.729054935845658
2015-08-14,4.921312633217591,4.65685345572898,4.721950714271766,4.787723732912233
2015-08-17,4.986668408539195,4.718697173216863,4.784658933188528,4.8513054274540695
2015-08-18,4.892388153875964,4.629483306417991,4.694197962909201,4.759584407791671
2015-08-19,4.917460112287301,4.653207959751668,4.718254258607531,4.78397578855995
2015-08-20,4.944083184913086,4.67840037425561,4.7437988330271486,4.8098761785886515
2015-08-21,4.884719985712757,4.62222720665938,4.686840431528038,4.752124391848944
2015-08-24,4.805704700979234,4.547458008034797,4.611026048660452,4.675253974914231
2015-08-25,4.74636609910201,4.491308115962322,4.554091248049167,4.617526117803949
2015-08-26,4.7410431324038225,4.486271192338354,4.548983914238894,4.612347642894958
2015-08-27,4.76156973308119,4.505694744228466,4.568678984224053,4.632317049543849
2015-08-28,4.848557411039799,4.5880079193706305,4.652142799405602,4.716943449301969
2015-08-31,4.814005279245423,4.555312533740508,4.6189903712699,4.683329234204544
2015-09-01,4.759721875755153,4.503946186188001,4.566905983427139,4.630519352255692
2015-09-02,4.729102544424838,4.474972262045234,4.537527038372967,4.600731181858517
2015-09-07,4.743436457420408,4.488535905983842,4.5512802858807335,4.6146760011677355
2015-09-08,4.85543907491229,4.5945197796352,4.658745687712017,4.723638310591995
2015-09-09,4.922003743621493,4.657507427567911,4.722613827857217,4.788396083142635
2015-09-10,4.942808292443314,4.643534905285207,4.716978386363545,4.791333393967105
2015-09-11,4.944746128094055,4.643534905285207,4.71744071103507,4.792272618808133
2015-09-14,4.843780628499051,4.643534905285207,4.693359658850544,4.743346527698586
2015-09-15,4.731890168634861,4.643534905285207,4.666255718209267,4.688561302583647
2015-09-16,4.854124520260403,4.643534905285207,4.69639043826337,4.749118842008031
2015-09-17,4.816141068684007,4.643534905285207,4.6872031420758145,4.730537950148639
2015-09-18,4.858257593174838,4.643534905285207,4.6974503868674145,4.751221918349624
2015-09-21,4.927208744494601,4.643534905285207,4.714117607894198,4.7849379384620745
2015-09-22,4.94656438696619,4.643534905285207,4.718747246078768,4.794336317218515
2015-09-23,4.963192870216923,4.643534905285207,4.722712908071999,4.802394692174606
2015-09-24,5.015805778011044,4.643534905285207,4.735228826013731,4.827848866104313
2015-09-25,4.9489850983533294,4.643534905285207,4.719458119247325,4.795690509421916
2015-09-28,4.997893254880723,4.643534905285207,4.731118085474413,4.819387123720652
2015-09-29,4.984617381929647,4.643534905285207,4.727976275544901,4.812986269611364
2015-09-30,5.002315203005192,4.643534905285207,4.732172930561862,4.821530493100556
2015-10-08,5.061807766036725,4.643534905285207,4.746242870425828,4.8502017378270885
2015-10-09,5.11742024806452,4.643534905285207,4.759279237991095,4.876845554566428
2015-10-12,5.166044776005402,4.643534905285207,4.770584626989276,4.900014876357135
2015-10-13,5.1882288079192405,4.649544570349886,4.780336658333953,4.913706500235887
2015-10-14,5.194248677487659,4.65493940795291,4.785883253181963,4.9194078432806965
2015-10-15,5.236535392752628,4.69283557148719,4.824845439050309,4.959457061494423
2015-10-16,5.2713243799451055,4.724012482239827,4.8568993589793354,4.992405275390344
2015-10-19,5.274577545048432,4.726927877204585,4.859896764254775,4.995486307300531
2015-10-20,5.308626049303999,4.757441187999276,4.89126841710206,5.0277332190844755
2015-10-21,5.276157460944958,4.728343753344644,4.861352469112224,4.996982625851235
2015-10-22,5.312323870910467,4.760755071601755,4.894675520534815,5.031235379597651
2015-10-23,5.364925451784143,4.807895127254217,4.943141630000329,5.0810536777935855
2015-10-26,5.425436955315765,4.862123832869457,4.998895793760721,5.138363364634792
2015-10-27,5.442017743911183,4.876983068735901,5.0141730212079345,5.154066821771452
2015-10-28,5.45751631293731,4.890872449896891,5.0284531118535565,5.168745322313254
2015-10-29,5.51047830380538,4.9383354948381015,5.077251296324245,5.218904960299274
2015-10-30,5.546216072749056,4.970362677080885,5.110179405953442,5.25275175350439
2015-11-02,5.610424116321394,5.0279041177954635,5.169339492335956,5.3135623871039055
2015-11-03,5.677779420990753,5.0882660452863355,5.231399406029954,5.3773537522561154
2015-11-04,5.754263128902176,5.156808590730164,5.301870059162332,5.449790513748373
2015-11-05,5.7716336359552365,5.172375550041886,5.317874918376106,5.466241903341818
2015-11-06,5.83825308173509,5.232078021515896,5.379256825498865,5.529336345759416
2015-11-09,5.836370091975726,5.230390539113749,5.377521874071855,5.527552989750455
2015-11-10,5.874315444490739,5.264396095593233,5.412484009774899,5.563490557696988
2015-11-11,6.014095611897073,5.389663145769336,5.54127483282816,5.695874602930341
2015-11-12,6.136337391427545,5.499212786567417,5.6539061144280645,5.811648260746365
2015-11-13,6.118955334008442,5.483635476142878,5.63789061292378,5.795185931945956
2015-11-16,6.259762319967783,5.60982273219359,5.767627527321914,5.928542464165767
2015-11-17,6.2873118548457185,5.6345118496264694,5.793011151748043,5.954634283478277
2015-11-18,6.291173934233604,5.637972936427575,5.79656959921804,5.9582920104782335
2015-11-19,6.292679332773995,5.639322032211285,5.797956645181983,5.959717754574576
2015-11-20,6.304786119392318,5.650171793482356,5.809111611169192,5.971183940493868
2015-11-23,6.348358655188496,5.689220273171273,5.8492585279445475,6.012450943222551
2015-11-24,6.405217770305962,5.7401758111317,5.901647449562956,6.066301498757785
2015-11-25,6.47080027363556,5.79894900397945,5.962073937371909,6.128413865972682
2015-11-26,6.530052838409979,5.852049484128994,6.0166681385873835,6.184531227690289
2015-11-27,6.452223567899647,5.782301083371639,5.944957709327973,6.11082010071927
2015-11-30,6.473152300271032,5.801056824023082,5.9642410505743495,6.130641440930403
2015-12-01,6.6356360804771,5.946670212714403,6.1139505563922425,6.284527793390957
2015-12-02,6.61359527589487,5.92691786426072,6.093642572680578,6.263653223522175
2015-12-03,6.706587048173429,6.010254472165334,6.179323446521012,6.351724565945653
2015-12-04,6.82998378638215,6.120839154410169,6.2930188853724385,6.4685920706552755
2015-12-07,6.935793305110653,6.215662665768132,6.390509790246656,6.568802940146898
2015-12-08,6.927430840353075,6.208168460318097,6.382804772153842,6.560882954549003
2015-12-09,6.903753958662049,6.1869499056272765,6.360989337697697,6.538458876549026
2015-12-10,6.82222573644967,6.113886608507603,6.285870763756673,6.461244518765466
2015-12-11,6.867409900454774,6.154379384018017,6.327502604518993,6.504037874378603
2015-12-14,6.9631129978427175,6.240145805141652,6.41568164243293,6.594677078842764
2015-12-15,7.0282311823853725,6.298502888566577,6.475680315625266,6.656349695552035
2015-12-16,7.108761689041434,6.370672061097806,6.549879613176403,6.732619129432666
2015-12-17,7.18426585352891,6.438336767306541,6.61944773338063,6.804128177620883
2015-12-18,7.297547225705073,6.539856343335938,6.723823063800428,6.911415545897321
2015-12-21,7.430417933491291,6.6589313303532744,6.846247640426602,7.037255728493648
2015-12-22,7.525831459683121,6.74443824592454,6.9341598728747,7.127620683706032
2015-12-23,7.624006640449778,6.832420078564608,7.024616642021247,7.2206011673652375
2015-12-24,7.744394596516383,6.940308374973318,7.1355398454714605,7.334619092205339
2015-12-25,7.904450331668377,7.083745818054741,7.283012196142618,7.486205873616354
2015-12-28,7.8506669205145725,7.035546639382558,7.233457170435899,7.435268278769358
2015-12-29,7.9780793053054575,7.149730031023949,7.3508525506882,7.555938952044582
2015-12-30,8.039925881027534,7.205155190744042,7.407836824910146,7.6145130690301395
2015-12-31,8.044905112720945,7.209617437985197,7.412424595549333,7.619228836981768
2016-01-04,7.92297850801338,7.100350247988884,7.300083710116502,7.503753677291668
2016-01-05,7.804845732436152,6.994482980834615,7.191238387647187,7.3918716056377125
2016-01-06,7.875071444734077,7.0574172868188425,7.255943041062428,7.4583814978913665
2016-01-07,7.716793216759977,6.915572795620173,7.110108452147261,7.308478171258001
2016-01-08,7.686050394156816,6.888021943642794,7.081782592338182,7.279362029149894
2016-01-11,7.466475735562984,6.691245317274069,6.879470622574029,7.071405621064589
2016-01-12,7.462957086864791,6.688092003386933,6.876228605696498,7.068073152967969
2016-01-13,7.401393354397759,6.632920319827864,6.81950493794175,7.009766913285498
2016-01-14,7.454920633531244,6.680889960195462,6.868823968411668,7.060461928705149
2016-01-15,7.350824855873979,6.5876022553309594,6.772912072399439,6.961874121910493
2016-01-18,7.358769219095417,6.59472176995698,6.780231859583187,6.969398128781938
2016-01-19,7.469544484866603,6.693995443991809,6.8822981105924725,7.074311995081435
2016-01-20,7.563475111510244,6.778173426742662,6.968844027225814,7.1632725147111
2016-01-21,7.484592343509102,6.707480911197849,6.896162925148911,7.088563633465891
2016-01-22,7.528322567565826,6.7466707066657685,6.936455132928264,7.1299799807704485
2016-01-25,7.652754135491212,6.726430694545771,6.949510336762214,7.178208800283698
2016-01-26,7.469465308951998,6.726430694545771,6.907898925625276,7.092247233744163
2016-01-27,7.348154881152477,6.726430694545771,6.879851396812902,7.0346551899766965
2016-01-28,7.302686808118441,6.726430694545771,6.869208807250183,7.012891072240996
2016-01-29,7.384336032346742,6.726430694545771,6.888409465340527,7.052095623298115
2016-02-01,7.438055033721157,6.726430694545771,6.900937283546362,7.077746645463208
2016-02-02,7.522173841249404,6.726430694545771,6.920448385994764,7.117768640803671
2016-02-03,7.544351722044814,6.726430694545771,6.925549334290911,7.128261420402795
2016-02-04,7.633705429262874,6.726430694545771,6.94605551992288,7.1704742312180265
2016-02-05,7.667786094657037,6.726430694545771,6.953808183297744,7.186480516452379
2016-02-15,7.67971846287977,6.726430694545771,6.956513507845437,7.192072204241345
2016-02-16,7.772718790032271,6.726430694545771,6.977574111668269,7.235619703484438
2016-02-17,7.801486712642505,6.726430694545771,6.984030356821157,7.249009725257376
2016-02-18,7.785966637696248,6.726430694545771,6.980556894692806,7.241799229465604
2016-02-19,7.8522453721705565,6.763510742850928,7.024273253981493,7.292582991565916
2016-02-22,7.980664135908588,6.874123904686664,7.139151030296457,7.41184881272237
2016-02-23,8.02835869070579,6.915205483070555,7.1818164807177975,7.45614397705041
2016-02-24,8.139795504013485,7.011191286905327,7.281502951290964,7.559638222434308
2016-02-25,7.971110078166115,6.865894542368459,7.130604390566464,7.402975712648328
2016-02-26,8.030075475692042,6.916684231268979,7.1833522410373245,7.457738399587853
2016-02-29,7.89086778741934,6.796778057875978,7.0588231674874695,7.328452625687985
2016-03-01,7.8943816506339175,6.799804714644109,7.061966514928417,7.331716041169643
2016-03-02,7.996591190891162,6.887842631289172,7.153398672980331,7.426640679859291
2016-03-03,8.03104055557121,6.917515500265436,7.184215559038978,7.458634694186244
2016-03-04,7.984129417500111,6.877108715802518,7.142250918754748,7.415067109196508
2016-03-07,8.134038673221847,7.0062326559585655,7.2763531437339175,7.5542917050591365
2016-03-08,8.220584539497072,7.080778708527987,7.353773268157727,7.634669085346552
2016-03-09,8.206138637667157,7.068335769268463,7.340850599921564,7.621252803380119
2016-03-10,8.21041568641098,7.072019793869767,7.344676659560975,7.62522500896527
2016-03-11,8.286757782214266,7.137776855783199,7.412968939830827,7.696125884193732
2016-03-14,8.385711302652046,7.223010208385226,7.501488405799359,7.788026573219278
2016-03-15,8.451670755649303,7.279824208431712,7.560492830594583,7.849284820034332
2016-03-16,8.60082296329059,7.408296067229843,7.693917833666968,7.98780632580061
2016-03-17,8.638340507028477,7.440611704106896,7.727479377727617,8.022649837227027
2016-03-18,8.683205949841234,7.479256434380138,7.767614029033168,8.064317532218446
2016-03-21,8.724106142321544,7.51448570678745,7.804201541840696,8.102302596858783
2016-03-22,8.743759971750933,7.531414480683762,7.821782992986945,8.120555615635281
2016-03-23,8.729811478789342,7.519399983234834,7.809305284841107,8.107601290126022
2016-03-24,8.693363635142392,7.488005729696402,7.776700647420842,8.073751236789555
2016-03-25,8.76255236026702,7.54760125473222,7.838593836990854,8.138008591996542
2016-03-28,8.765810431600197,7.550407585841158,7.84150836426815,8.141034446954393
2016-03-29,8.686391499198058,7.482000298876927,7.77046368134099,8.067276034144623
2016-03-30,8.788293996247399,7.569773744668527,7.86162117204734,8.16191551388043
2016-03-31,8.946648873330988,7.706172298403691,8.003278478335554,8.308983776334902
2016-04-01,9.059729336119997,7.803573855363518,8.104435285423094,8.414004521424733
2016-04-05,9.13881757312625,7.871696298724845,8.175184142797887,8.487455808883075
2016-04-06,9.236076182976845,7.955469744584117,8.262187416321943,8.577782390690304
2016-04-07,9.297804750493468,8.008639482633715,8.317407077102073,8.635111304934487
2016-04-08,9.349038927068785,8.052769904856179,8.363238917442066,8.682693807387128
2016-04-11,9.450710460037838,8.140344410349279,8.45418979784335,8.777118784818978
2016-04-12,9.495766540090003,8.179153345503495,8.494494984836276,8.818963529536147
2016-04-13,9.527938467415687,8.206864549849792,8.523274575632529,8.848842428997528
2016-04-14,9.672296189918814,8.331206691579565,8.652410643231509,8.982911172641042
2016-04-15,9.861492164505668,8.494170142920186,8.821657038506093,9.158622358543965
2016-04-18,9.902406245740465,8.529411378369371,8.858256975582355,9.196620322029148
2016-04-19,9.942430841762544,8.563886458087717,8.894061218319816,9.23379219763423
2016-04-20,9.88673177581926,8.51591021524012,8.844235284382016,9.182063037159482
2016-04-21,9.899678814246526,8.527062112479763,8.855817135359983,9.194087285989053
2016-04-22,9.932263481299625,8.555128829096509,8.884965944958084,9.224349507490619
2016-04-25,10.011962165805803,8.62377707979421,8.956260881809952,9.298367733301522
2016-04-26,10.09668559870474,8.69675338420442,9.03205073751246,9.377052572664237
2016-04-27,10.14055783543512,8.734542619050606,9.071296910352364,9.417797851526235
2016-04-28,10.100163701857443,8.69974923913802,9.035162095575302,9.380282776853246
2016-04-29,10.173674854848672,8.76306787596229,9.100921938951528,9.44855448240822
2016-05-03,10.211489857536971,8.795639728318013,9.134749576702644,9.483674251641116
2016-05-04,10.232536342537152,8.813768062399685,9.153576836253274,9.503220665599157
2016-05-05,10.2420895160359,8.821996663076899,9.162122684977732,9.512092944453222
2016-05-06,10.078436076547726,8.681034206655749,9.015725517870218,9.360103770305342
2016-05-09,9.85307524747675,8.486920253742175,8.814127634830456,9.150805350407149
2016-05-10,9.817715841391587,8.456463523013227,8.782496665767649,9.117966157133536
2016-05-11,9.775843220559855,8.420396652022355,8.745039261338482,9.079077973178915
2016-05-12,9.602314709764544,8.270928329099764,8.589808289888872,8.917917565372168
2016-05-13,9.602314709764544,8.270928329099764,8.589808289888872,8.917917565372168
2016-05-16,9.602314709764544,8.270928329099764,8.589808289888872,8.917917565372168
2016-05-17,9.602314709764544,8.270928329099764,8.589808289888872,8.917917565372168
2016-05-18,9.602314709764544,8.270928329099764,8.589808289888872,8.917917565372168
2016-05-19,9.602314709764544,8.270928329099764,8.589808289888872,8.917917565372168
2016-05-20,9.602314709764544,8.270928329099764,8.589808289888872,8.917917565372168
2016-05-23,9.602314709764544,8.270928329099764,8.589808289888872,8.917917565372168
2016-05-24,9.602314709764544,8.270928329099764,8.589808289888872,8.917917565372168
2016-05-25,9.559104293570604,8.233709151618815,8.551154152584372,8.877786936327993
2016-05-26,9.608084310768803,8.209008024163959,8.542867897874041,8.887214759146245
2016-05-27,9.65275615172385,8.209008024163959,8.552797703433878,8.907874873660901
2016-05-30,9.686217097700448,8.209008024163959,8.560209697930711,8.923314294031043
2016-05-31,9.667763036295415,8.209008024163959,8.556132496433671,8.914813999836854
2016-06-01,9.62366644742086,8.146938082784693,8.497854977293798,8.86077954018188
2016-06-02,9.62307482858188,8.146437246427146,8.497332568176342,8.86023482012818
2016-06-03,9.605437505144378,8.131506327657629,8.48175852292255,8.843995641898925
2016-06-06,9.679704348223371,8.194377103102116,8.547337360837892,8.912375206721082
2016-06-07,9.667403195428172,8.18396353248255,8.53647524159485,8.901049190425331
2016-06-08,9.659970747886065,8.177671576058259,8.529912268773188,8.894205927571782
2016-06-13,9.476937063645895,8.022723968437438,8.368290529997152,8.725681682333205
2016-06-14,9.476937063645895,8.022723968437438,8.368290529997152,8.725681682333205
2016-06-15,9.476937063645895,8.022723968437438,8.368290529997152,8.725681682333205
2016-06-16,9.476937063645895,8.022723968437438,8.368290529997152,8.725681682333205
2016-06-17,9.476937063645895,8.022723968437438,8.368290529997152,8.725681682333205
2016-06-20,9.476937063645895,8.022723968437438,8.368290529997152,8.725681682333205
2016-06-21,9.43429084685949,7.9866217105794695,8.330633222612166,8.686416114762705
2016-06-22,9.476880667101724,8.02267622580671,8.368240730925644,8.72562975645366
2016-06-23,9.444922642100424,7.995622082528142,8.340021271813512,8.696205106750424
2016-06-24,9.401842472557886,7.959152460915997,8.301980777042642,8.65653998670957
2016-06-27,9.358958800231697,7.922849184497111,8.264113792529749,8.617055787165476
2016-06-28,9.358958800231697,7.922849184497111,8.264113792529749,8.617055787165476
2016-06-29,9.358958800231697,7.922849184497111,8.264113792529749,8.617055787165476
2016-06-30,9.358958800231697,7.922849184497111,8.264113792529749,8.617055787165476
2016-07-01,9.316843485630654,7.887196363166875,8.226925280463366,8.578279036123233
2016-07-04,9.331330999671847,7.899460803181699,8.239717992469355,8.591618096522474
2016-07-05,9.288768944189092,7.863429792278679,8.202135000892905,8.552430018624081
2016-07-06,9.26751950579947,7.84544102886922,8.183371399019283,8.532865064876793
2016-07-07,9.24029451128406,7.822393643983948,8.159331283288592,8.507798249053355
2016-07-08,9.340987280605447,7.907635351136559,8.248244646571726,8.600508905134573
2016-07-11,9.347829604273628,7.913427736769581,8.254286530354541,8.606808824390665
2016-07-12,9.36502411802744,7.927983793931499,8.269469567410459,8.622640295328022
2016-07-13,9.363326994354974,7.9265470897861565,8.267970979431965,8.621077705976417
2016-07-14,9.358009736957856,7.922045752689612,8.263275754126255,8.616181957998068
2016-07-15,9.390825009264127,7.949825600745397,8.292252176638678,8.64639589933171
2016-07-18,9.373190121049065,7.93489674351932,8.276680281726158,8.630158963280035
2016-07-19,9.38165472892014,7.9420624777638995,8.284154669010988,8.637952565089643
2016-07-20,9.44013843050485,7.991571996642787,8.33579673467458,8.691800148987856
2016-07-21,9.46732534539732,8.014587145131257,8.359803225474991,8.716831903834724
2016-07-22,9.476870254990164,8.022667411408515,8.368231536860732,8.7256201697306
2016-07-25,9.545523193859824,8.080785722680847,8.428853205480152,8.788830855536597
2016-07-26,9.598082550754711,8.125279973248768,8.475263977822776,8.837223729163691
2016-07-27,9.531013849065625,8.06850280178932,8.41604121656197,8.775471694950943
2016-07-28,9.598845715989476,8.125926032622141,8.475937865215299,8.837926396794053
2016-07-29,9.633452342618181,8.155222356007672,8.50649608291235,8.869789688280898
2016-08-01,9.60137900141574,8.128070591520412,8.478174797707306,8.840258863717873
2016-08-02,9.637932809755448,8.159015306287973,8.510452408723415,8.873914980003887
2016-08-03,9.705021764422588,8.215809622954925,8.56969305369531,8.935685661701413
2016-08-04,9.709366579609705,8.219487736749079,8.573529596614268,8.939686054870297
2016-08-05,9.753616352219051,8.256947488663306,8.612602870035255,8.980428061249755
2016-08-08,9.747579408547246,8.251836899412092,8.607272149970363,8.974869677938715
2016-08-09,9.72712846226472,8.23452410142513,8.589213629695701,8.956039918263686
2016-08-10,9.731315062146553,8.238068277670331,8.592910465910688,8.95989463816473
2016-08-11,9.747182074690265,8.251500535475467,8.606921297671747,8.974503841515581
2016-08-12,9.778393651949637,8.277922771614614,8.634481631211136,9.00324121585286
2016-08-15,9.733792454846979,8.2401655204465,8.595098044211023,8.96217564308867
2016-08-16,9.733194065966558,8.239658952894013,8.594569657036173,8.961624689667989
2016-08-17,9.732595713872339,8.239152416482975,8.594041302344142,8.961073770117395
2016-08-18,9.73199739856206,8.23864591121147,8.593512980132932,8.960522884434805
2016-08-19,9.73139912003346,8.238139437077585,8.592984690400547,8.95997203261814
2016-08-22,9.772693988934236,8.273097708117984,8.6294487354859,8.997993376299325
2016-08-23,9.826262501414151,8.318446261784628,8.676750608726286,9.047315407769691
2016-08-24,9.895288827383348,8.376880664808215,8.737701984265579,9.110869881547792
2016-08-25,9.919116628509292,8.397052147421684,8.75874232263374,9.132808806162211
2016-08-26,10.060696301680759,8.516906761815346,8.883759491185568,9.263165181063338
2016-08-29,10.190969975214445,8.62719025489924,8.998793277019374,9.383111805084267
2016-08-30,10.21678613146776,8.649044984349846,9.021589365507106,9.406881464016786
2016-08-31,10.27229169526983,8.696033353493366,9.070601686767402,9.45798699295326
2016-09-01,10.372873672500678,8.781181269334047,9.159417218821329,9.550595639650172
2016-09-02,10.485288758223868,8.87634653175887,9.2586815793387,9.654099361129505
2016-09-05,10.51598862401781,8.902335577320613,9.285790063279268,9.68236558837247
2016-09-06,10.515184240228324,8.901654624280154,9.285079779228331,9.681624969663034
2016-09-07,10.620059706844412,8.9904372039334,9.377686532678142,9.778186752423895
2016-09-08,10.72457126287151,9.078911714198295,9.46997194712199,9.874413472501633
2016-09-09,10.775421508235123,9.121959112270034,9.514873546010593,9.921232719219384
2016-09-12,10.671169135179765,9.033704013976077,9.422816994372669,9.82524463617107
2016-09-13,10.816221411593123,9.15649836903431,9.550900528420899,9.95879833424679
2016-09-14,10.918800925615338,9.243337304471966,9.641479918153975,10.05324616907729
2016-09-19,10.990344122547425,9.303902370690194,9.704653731945472,10.119117996522528
2016-09-20,11.08230799036266,9.381754605182891,9.785859332338482,10.203791708233682
2016-09-21,11.139679783254227,9.430322835071118,9.83651956442815,10.256615526620841
2016-09-22,11.238885937746986,9.514306044848746,9.924120222487158,10.34795741474552
2016-09-23,11.392855356602796,9.644649228386326,10.060077739253082,10.489721375899524
2016-09-26,11.294824333335564,9.561660828786898,9.973514741298814,10.399461464044187
2016-09-27,11.270621468945697,9.541171835461167,9.952143215930194,10.377177208166117
2016-09-28,11.298170864940113,9.56449384320228,9.976469783476116,10.402542709527308
2016-09-29,11.428037843236234,9.674433047450199,10.091144450759037,10.522114877839511
2016-09-30,11.441812999623643,9.686094439372086,10.103308139298047,10.534798050572817
2016-10-10,11.429102211592673,9.67533409105396,10.09208430543759,10.523094871629558
2016-10-11,11.562571179946413,9.788322568687917,10.209939588892793,10.64598349318553
2016-10-12,11.627678123052535,9.843439008679155,10.267430085218027,10.705929281264368
2016-10-13,11.676339778216098,9.884633650429194,10.310399123140769,10.75073343161813
2016-10-14,11.646799943429246,9.85962663191925,10.284314965564924,10.723535277449992
2016-10-17,11.572679772750524,9.796880022349587,10.218865641779512,10.655290758019373
2016-10-18,11.51989447999976,9.752194505236991,10.172255364378406,10.606689858914661
2016-10-19,11.576546937577792,9.80015378007756,10.222280411613333,10.658851365108902
2016-10-20,11.54971942216628,9.77744288208804,10.198591276436662,10.634150519441507
2016-10-21,11.531014853934247,9.761608484659144,10.182074836562407,10.616928699004998
2016-10-24,11.518957111347865,9.751400973539955,10.171427652517487,10.605826797313586
2016-10-25,11.550157508671795,9.777813745277744,10.198978113990906,10.634553877970827
2016-10-26,11.59929660858842,9.81941256903704,10.242368743444624,10.679797625096006
2016-10-27,11.704826396887292,9.908749066291753,10.335553273649186,10.776961860177009
2016-10-28,11.623183825644615,9.839634350349817,10.26346154705162,10.701791255623395
2016-10-31,11.61906871233333,9.836150691233632,10.259827834648402,10.698002355412298
2016-11-01,11.770453993502297,9.964306266768885,10.393503515543959,10.837387028540297
2016-11-02,11.919320910698403,10.090329915198298,10.524955439835074,10.974452973345015
2016-11-03,12.004343276853204,10.162305804689007,10.600031580654926,11.052735449841714
2016-11-04,12.100329067554604,10.243562807718346,10.684788604780588,11.141112258726553
2016-11-07,12.217612748830408,10.342849591471238,10.78835201485202,11.249098632643781
2016-11-08,12.306149811391032,10.417800855696147,10.86653169012094,11.330617188671377
2016-11-09,12.369586102848618,10.47150300149786,10.922546973698063,11.389024760933303
2016-11-10,12.511139243052659,10.59133515434384,11.047540713205406,11.519356706187349
2016-11-11,12.654166948165264,10.712415603675858,11.173836517660245,11.651046324698658
2016-11-14,12.686030741944496,10.739389975285713,11.201972769061069,11.680384213073546
2016-11-15,12.768460637447516,10.809171202482494,11.274759715866137,11.756279729149774
2016-11-16,12.772039741004054,10.812201101245746,11.277920122883396,11.759575110150273
2016-11-17,12.800861808208365,10.836600491874494,11.303370479936627,11.786112395579378
2016-11-18,12.829666103266655,10.860984837450086,11.328805143894055,11.81263331769532
2016-11-21,12.817302140963326,10.850518095289658,11.317887562827373,11.801249470924292
2016-11-22,12.863487889484542,10.889616752289584,11.358670334663385,11.843773984609452
2016-11-23,12.856070314891253,10.883337386596049,11.352120494898946,11.83694441569691
2016-11-24,12.838245146593584,10.868247447306304,11.336380579559295,11.820532283437837
2016-11-25,12.813116940511856,10.84697510373561,11.314191962332302,11.797396039518024
2016-11-28,12.821163093262015,10.853786593786552,11.321296846896784,11.804804357964565
2016-11-29,12.655570051089555,10.713603403846449,11.175075480506058,11.652338200903246
2016-11-30,12.574366770129599,10.64486057015472,11.103371654417709,11.57757206323038
2016-12-01,12.728010429607338,10.774927981303728,11.239041520321306,11.719036088590888
2016-12-02,12.70927211957457,10.759065019671896,11.222495285884772,11.701783201132342
2016-12-05,12.725078987774399,10.772446362137403,11.23645300920584,11.716337027899367
2016-12-06,12.814290220295918,10.84796834657157,11.315227987583928,11.798476311113296
2016-12-07,12.953435301898796,10.965761951590629,11.438095371935331,11.926591089292682
2016-12-08,12.996481863480724,11.002203122302518,11.476106190326943,11.966225265541853
2016-12-09,13.167278219620705,11.146791190253541,11.626922168110209,12.123482259670983
2016-12-12,12.986593428252412,10.993832043568561,11.467374540182826,11.95712070596114
2016-12-13,13.040782780149058,11.039706170343448,11.515224624789058,12.00701436169047
2016-12-14,13.244245185695123,11.211947761343566,11.694885258821648,12.194347903444914
2016-12-15,13.44209597072156,11.379438821434569,11.869590740093704,12.376514668840343
2016-12-16,13.746966345963228,11.637527574192085,12.138796271045077,12.657217371714353
2016-12-19,13.970930565670612,11.827125025504857,12.336560342521823,12.863427508626135
2016-12-20,14.160821857455305,11.987877957361146,12.504237460993627,13.038265745414304
2016-12-21,14.279310358819416,12.088184684470757,12.608864746921533,13.147361430969292
2016-12-22,14.285516520582014,12.09343852570558,12.614344889330077,13.153075618121303
2016-12-23,14.350724981698649,12.148640906013894,12.671925027720073,13.213114876678926
2016-12-26,14.475410117769583,12.254193409206241,12.782024043510349,13.32791597755854
2016-12-27,14.884159197238644,12.600220930008579,13.142956170408961,13.704262716113499
2016-12-28,15.027169723033749,12.721286836147861,13.269236805245287,13.83593651714549
2016-12-29,15.165668203555958,12.838533059459829,13.391533230259965,13.963455951579581
2016-12-30,15.259512451337027,12.917977134155786,13.47439923693775,14.049860981850046
2017-01-03,15.439376178581652,13.070241207023102,13.633221851806116,14.215466558799061
2017-01-04,15.474280656998939,13.099789677559894,13.664043077507229,14.247604090779246
2017-01-05,15.545252418693034,13.159870993896757,13.726712304631274,14.312949781778153
2017-01-06,15.59248596124481,13.199856663464828,13.768420295744829,14.35643902880679
2017-01-09,15.643265777297286,13.24284443943306,13.813259704399027,14.403193429282979
2017-01-10,15.804128770272706,13.379023394797148,13.955304359935162,14.55130449742074
2017-01-11,15.709332286971383,13.298773202820826,13.87159751370838,14.464022717206642
2017-01-12,15.728183399272268,13.314731657485273,13.888243354393822,14.481379464876353
2017-01-13,15.66456212663954,13.260872915422812,13.832064729411584,14.42280157525971
2017-01-16,15.593112945127219,13.200387438185338,13.76897393277443,14.35701631044759
2017-01-17,15.592154352118298,13.199575938957581,13.76812747945889,14.356133706985881
2017-01-18,15.591195818039274,13.198764489617073,13.767281078179415,14.355251157782583
2017-01-19,15.590237342886526,13.197953090160745,13.766434728932806,14.354368662834359
2017-01-20,15.589278926656432,13.197141740585531,13.765588431715864,14.353486222137875
2017-01-23,15.588320569345367,13.196330440888364,13.76474218652539,14.352603835689793
2017-01-24,15.587362270949711,13.195519191066179,13.763895993358187,14.35172150348678
2017-01-25,15.637573792711558,13.238025876129624,13.808233588852861,14.397952659474944
2017-01-26,15.756546335087176,13.338742369327017,13.913288290915908,14.507494015161457
2017-02-03,15.767784853102627,13.348256363906357,13.923212086256987,14.51784163381983
2017-02-06,16.073664678178137,13.308211594814638,13.959409081981821,14.636880937189307
2017-02-07,16.187562934596148,13.308211594814638,13.984138233468073,14.68873952860335
2017-02-08,16.35237661600255,13.308211594814638,14.019733111351576,14.76351623361788
2017-02-09,16.458796484568055,13.308211594814638,14.042542917382667,14.811556084155837
2017-02-10,16.430756358593328,13.245614346636692,13.987023534524237,14.764104954905466
2017-02-13,16.467701521862576,13.275397600307913,14.018473874171175,14.797302590862014
2017-02-14,16.488917943323145,13.292501166957504,14.03653479478924,14.816366927668852
2017-02-15,16.465476408449135,13.273603830531966,14.016579700038129,14.795303181507043
2017-02-16,16.42325687383329,13.23956865520521,13.980639441939198,14.757366179301446
2017-02-17,16.316840951448384,13.153781717739312,13.890050671808279,14.661744540669936
2017-02-20,16.157598721450647,13.025408980647065,13.754492407169804,14.518655023326433
2017-02-21,16.239860295716944,13.091723949020917,13.824519285430219,14.592572406660292
2017-02-22,16.245481933534307,13.096255818698742,13.829304821697567,14.597623814455684
2017-02-23,16.26658560323538,13.113268490791164,13.847269760032216,14.616586836461508
2017-02-24,16.413405143360638,13.231626706603464,13.972252951203814,14.74851375768973
2017-02-27,16.45458112638338,13.264820625347058,14.00730486427628,14.785513060807707
2017-02-28,16.49929328310526,13.300865221932819,14.045367018853918,14.825689846355182
2017-03-01,16.55110554903956,13.342633554321981,14.089473289264351,14.872246542560184
2017-03-02,16.51703386105482,13.315166745774928,14.060469055295885,14.841630911336708
2017-03-03,16.465746645482884,13.273821681460625,14.016809744941026,14.795546007086216
2017-03-06,16.568058226312733,13.356299913946748,14.103904608846852,14.887479627456903
2017-03-07,16.601347771585466,13.383136200045465,14.132243027542946,14.917392452501664
2017-03-08,16.586919626226198,13.371504985693843,14.119960768327651,14.904427823987929
2017-03-09,16.582069787716183,13.3675953001538,14.115832242294049,14.900069928148351
2017-03-10,16.481133297765073,13.286225593841023,14.02990795313617,14.809371916511259
2017-03-13,16.376262073458296,13.201683910980469,13.940634139413888,14.715138289730898
2017-03-14,16.392722522759275,13.21495346222052,13.954646439684,14.729929075728858
2017-03-15,16.407328484507328,13.226728022822245,13.967080068803426,14.743053483851606
2017-03-16,16.459450611381314,13.268746148855634,14.011450114791883,14.789888610296527
2017-03-17,16.580626169289943,13.366431530664416,14.114603332044155,14.898772742949165
2017-03-20,16.66145707223275,13.431593166824332,14.183412321545518,14.971404574899083
2017-03-21,16.646613260918873,13.419626864372585,14.170776218029769,14.958066443446949
2017-03-22,16.545140258079545,13.337824649497557,14.084395211102464,14.866886340029147
2017-03-23,16.523881781023146,13.320687179831493,14.066298489782604,14.847784213529781
2017-03-24,16.461617274722567,13.270492799247798,14.013294532083709,14.791835498453963
2017-03-27,16.24556519422762,13.096322939104514,13.829375699096738,14.597698629612573
2017-03-28,16.24556519422762,13.096322939104514,13.829375699096738,14.597698629612573
2017-03-29,16.24556519422762,13.096322939104514,13.829375699096738,14.597698629612573
2017-03-30,16.24556519422762,13.096322939104514,13.829375699096738,14.597698629612573
2017-03-31,16.24556519422762,13.096322939104514,13.829375699096738,14.597698629612573
2017-04-05,16.24556519422762,13.096322939104514,13.829375699096738,14.597698629612573
2017-04-06,16.24556519422762,13.096322939104514,13.829375699096738,14.597698629612573
2017-04-07,16.24556519422762,13.096322939104514,13.829375699096738,14.597698629612573
2017-04-10,16.24556519422762,13.096322939104514,13.829375699096738,14.597698629612573
2017-04-11,16.24556519422762,13.096322939104514,13.829375699096738,14.597698629612573
2017-04-12,16.24556519422762,13.096322939104514,13.829375699096738,14.597698629612573
2017-04-13,16.24556519422762,13.096322939104514,13.829375699096738,14.597698629612573
2017-04-14,16.24556519422762,13.096322939104514,13.829375699096738,14.597698629612573
2017-04-17,16.24556519422762,13.096322939104514,13.829375699096738,14.597698629612573
2017-04-18,16.24556519422762,13.096322939104514,13.829375699096738,14.597698629612573
2017-04-19,16.24556519422762,13.096322939104514,13.829375699096738,14.597698629612573
2017-04-20,16.24556519422762,13.096322939104514,13.829375699096738,14.597698629612573
2017-04-21,16.24556519422762,13.096322939104514,13.829375699096738,14.597698629612573
2017-04-24,16.24556519422762,13.096322939104514,13.829375699096738,14.597698629612573
2017-04-25,16.24556519422762,13.096322939104514,13.829375699096738,14.597698629612573
2017-04-26,16.24556519422762,13.096322939104514,13.829375699096738,14.597698629612573
2017-04-27,16.24556519422762,13.096322939104514,13.829375699096738,14.597698629612573
2017-04-28,16.172460150853595,13.037389485878544,13.767143508450804,14.532008985779317
2017-05-02,16.26798688196624,13.114398128237921,13.84846262773468,14.61784597668622
2017-05-03,16.370216463919213,13.196810257528535,13.93548768838887,14.709705915724294
2017-05-04,16.41287359593416,13.231198200936145,13.971800460387117,14.74803612769987
2017-05-05,16.202615507222387,13.061699153201772,13.792813883570307,14.559105537919997
2017-05-08,16.018991368187347,12.913670999335364,13.63650001109014,14.394107286969147
2017-05-09,16.160980548159454,13.028135232037718,13.757371257585069,14.521693814930336
2017-05-10,16.178576765719924,13.042320380102652,13.772350404239397,14.53750516269804
2017-05-11,16.051856280419212,12.94016496853914,13.664476952066854,14.423638551564354
2017-05-12,16.037635572222236,12.928700979152268,13.652371278056012,14.410860318854244
2017-05-15,16.163168823780982,13.029899305117148,13.759234072780567,14.523660123129506
2017-05-16,16.50221338780503,13.303219257246884,14.047852818793233,14.828313750655497
2017-05-17,16.655112217898555,13.42647827790734,14.178011132156627,14.965703309950035
2017-05-18,16.754809337718772,13.506848868998135,14.262880381679661,15.055287666786878
2017-05-19,16.72608582863552,13.483693481887798,14.238428896381393,15.029477722708648
2017-05-22,16.33006104849791,13.164439066879027,13.901304554741301,14.673623659080162
2017-05-23,16.06994040615622,12.954743442596005,13.679871440717555,14.43988831661301
2017-05-24,16.107561856282654,12.985071883275204,13.71189748363591,14.47369364036683
2017-05-25,16.06715992178446,12.95250196187038,13.677504495490176,14.43738987027285
2017-05-26,16.224344320708358,13.079215783438611,13.81131098857099,14.578630292340971
2017-05-31,16.29070624746539,13.132713289575246,13.867802960765655,14.638260806619648
2017-06-01,16.216401098159007,13.072812373865615,13.804549154951589,14.571492789426356
2017-06-02,16.215404188255434,13.072008717367222,13.803700514634686,14.570597000935203
2017-06-05,16.214407339637305,13.071205110273942,13.802851926488295,14.569701267513015
2017-06-06,16.213410552300854,13.070401552582737,13.802003390509208,14.568805589156407
2017-06-07,16.21241382624231,13.06959804429057,13.801154906694219,14.567909965861991
2017-06-08,16.211417161457913,13.068794585394405,13.800306475040118,14.567014397626386
2017-06-09,16.19605062093268,13.056406886058049,13.78722538739693,14.55320655992513
2017-06-12,15.841187129255585,12.770334543807207,13.48514044977718,14.234338595393192
2017-06-13,16.17691135378468,13.04097781231446,13.770932687645914,14.536008681582464
2017-06-14,16.261290490119187,13.108999848208422,13.842762184716895,14.611828832381267
2017-06-15,16.32818985075006,13.16293060535763,13.89971165868918,14.671942266006234
2017-06-16,16.29713352388829,13.137894622858934,13.873274313674063,14.64403613318471
2017-06-19,16.35329569542514,13.183169621088561,13.921083531819097,14.694501502944256
2017-06-20,16.348564352901505,13.179355460800247,13.91705587796168,14.690250083467756
2017-06-21,16.477126194444875,13.282995277228192,14.026496822983571,14.805771273138951
2017-06-22,16.24303824345799,13.094285843876692,13.827224579628217,14.595427999730141
2017-06-23,16.29232025754954,13.134014419885965,13.869176920462897,14.639711099823478
2017-06-26,16.346456404590676,13.177656143387308,13.915261443062295,14.688355954590097
2017-06-27,16.372591833860938,13.198725156239943,13.937509771520824,14.711840340358247
2017-06-28,16.304298672129544,13.143670789717527,13.879373795334647,14.650474485646557
2017-06-29,16.36407812646627,13.191861851693961,13.930262300796022,14.704190219646398
2017-06-30,16.606259388287967,13.387095687925385,14.136424143549489,14.921805860071673
2017-07-03,16.641137296885347,13.415212429261915,14.166114689604685,14.953145933036117
2017-07-04,16.655979504092173,13.427177438566654,14.178749427590898,14.966482623093565
2017-07-05,16.748358954201624,13.501648907986512,14.257389358376038,15.049491576992335
2017-07-06,16.88404740012462,13.611033819232578,14.372896973793594,15.171416484954797
2017-07-07,17.101804075446914,13.786577834357383,14.558266878626963,15.367085043292843
2017-07-10,16.808239864037578,13.549921758067326,14.30836422994403,15.10329847536746
2017-07-11,16.680416378528506,13.446877165563794,14.19955182587322,14.988440746692618
2017-07-12,16.676108083231313,13.443404043769972,14.195884299777624,14.984569462708103
2017-07-13,16.530268059276302,13.325835462540173,14.071734942145195,14.85352270056854
2017-07-14,16.472668947942118,13.279402078781636,14.022702499072205,14.801766146792948
2017-07-17,15.729132391371701,12.680001888917149,13.389751520519694,14.133650113700332
2017-07-18,15.729132391371701,12.680001888917149,13.389751520519694,14.133650113700332
2017-07-19,15.729132391371701,12.680001888917149,13.389751520519694,14.133650113700332
2017-07-20,15.729132391371701,12.680001888917149,13.389751520519694,14.133650113700332
2017-07-21,15.729132391371701,12.680001888917149,13.389751520519694,14.133650113700332
2017-07-24,15.729132391371701,12.680001888917149,13.389751520519694,14.133650113700332
2017-07-25,15.729132391371701,12.680001888917149,13.389751520519694,14.133650113700332
2017-07-26,15.729132391371701,12.680001888917149,13.389751520519694,14.133650113700332
2017-07-27,15.729132391371701,12.680001888917149,13.389751520519694,14.133650113700332
2017-07-28,15.729132391371701,12.680001888917149,13.389751520519694,14.133650113700332
2017-07-31,15.729132391371701,12.680001888917149,13.389751520519694,14.133650113700332
2017-08-01,15.729132391371701,12.680001888917149,13.389751520519694,14.133650113700332
2017-08-02,15.729132391371701,12.680001888917149,13.389751520519694,14.133650113700332
2017-08-03,15.729132391371701,12.680001888917149,13.389751520519694,14.133650113700332
2017-08-04,15.729132391371701,12.680001888917149,13.389751520519694,14.133650113700332
2017-08-07,15.729132391371701,12.680001888917149,13.389751520519694,14.133650113700332
2017-08-08,15.729132391371701,12.680001888917149,13.389751520519694,14.133650113700332
2017-08-09,15.729132391371701,12.680001888917149,13.389751520519694,14.133650113700332
2017-08-10,15.729132391371701,12.680001888917149,13.389751520519694,14.133650113700332
2017-08-11,15.729132391371701,12.680001888917149,13.389751520519694,14.133650113700332
2017-08-14,15.729132391371701,12.680001888917149,13.389751520519694,14.133650113700332
2017-08-15,15.729132391371701,12.680001888917149,13.389751520519694,14.133650113700332
2017-08-16,15.729132391371701,12.680001888917149,13.389751520519694,14.133650113700332
2017-08-17,15.729132391371701,12.680001888917149,13.389751520519694,14.133650113700332
2017-08-18,15.65835129561053,12.622941880417022,13.329497638677356,14.070048688188681
2017-08-21,16.055673428741525,12.943242153391598,13.66772637907153,14.427068507996607
2017-08-22,16.018195429774444,12.913029355516231,13.635822451940065,14.39339208445446
2017-08-23,16.46743956519606,13.275186424577194,14.018250878103345,14.79706720573222
2017-08-24,16.460567127358082,13.269646225499537,14.012400572269488,14.790891872636072
2017-08-25,16.927999885769214,13.646466008823772,14.410312442545909,15.210910656551247
2017-08-28,17.556953949362242,14.153495800166652,14.945722687674971,15.776066855331177
2017-08-29,17.7364135092909,14.298166688697535,15.09849137545998,15.93732296065722
2017-08-30,17.53391451321207,14.134922614651092,14.92610988783657,15.755364421067092
2017-08-31,18.16784516749037,14.645964272492355,15.465756559428142,16.32499241077322
2017-09-01,18.16950295391351,14.64730069299247,15.467167784645632,16.326482039869404
2017-09-04,18.122592571961754,14.609484002474662,15.427234345061178,16.284330005751496
2017-09-05,18.222892753863842,14.690340750598601,15.512616963740681,16.374456253154836
2017-09-06,18.140005575202277,14.623521452760393,15.44205752671006,16.2999767235174
2017-09-07,18.186115956987226,14.660693225086026,15.481309949491843,16.341409905370142
2017-09-08,18.156771165760492,14.637036992884118,15.456329584830216,16.315041698813133
2017-09-11,18.248877797739855,14.711288530630776,15.534737273500456,16.39780550784953
2017-09-12,17.947736171518006,14.468523939786639,15.278384192652357,16.127210139091293
2017-09-13,17.865872979359366,14.402530126181654,15.208696445457731,16.053650728033407
2017-09-14,17.864774667495883,14.401644724739471,15.207761484610675,16.052663823275537
2017-09-15,17.86367642315157,14.400759377727704,15.206826581240719,16.05167697918804
2017-09-18,17.78219664421383,14.335074651759864,15.137465222535281,15.978462089886238
2017-09-19,17.78219664421383,14.335074651759864,15.137465222535281,15.978462089886238
2017-09-20,17.78219664421383,14.335074651759864,15.137465222535281,15.978462089886238
2017-09-21,17.702176759314867,14.270566815826946,15.069346629033873,15.90655901048175
2017-09-22,18.081042114014984,14.575988201680245,15.391863652410885,16.246994212519454
2017-09-25,17.98748891813886,14.500570519960293,15.312224546097626,16.162930571586728
2017-09-26,17.905444405801212,14.43443053553322,15.242382446324472,16.089208232536063
2017-09-27,18.04910359787458,14.550241044436424,15.364675325400002,16.21829537516166
2017-09-28,18.02631349202651,14.53186885593856,15.345274773173779,16.19781698041641
2017-09-29,18.19459304505773,14.667527009052744,15.48852624725433,16.3490271212337
2017-10-09,18.21358471561356,14.682837098161901,15.504693302332438,16.366092374423253
2017-10-10,18.534083249710385,14.941206213293272,15.777524354132938,16.654081185895347
2017-10-11,18.482512240089147,14.89963236909514,15.733623458183363,16.607741274204052
2017-10-12,18.48960380846028,14.90534921972008,15.739660303447145,16.6141135103593
2017-10-13,18.817471013031604,15.169658570664248,16.018764089447803,16.908723552278083
2017-10-16,18.341011670746212,14.785562028665208,15.613168151662244,16.480593794723273
2017-10-17,18.562634272745413,14.96422255119461,15.801829007090491,16.679736140022804
2017-10-18,18.48859379999498,14.904535003847956,15.738800512706788,16.61320595195715
2017-10-19,18.269608923728775,14.72800087751414,15.552385076241604,16.416433775060966
2017-10-20,18.396326121183392,14.830153638588504,15.660255729566686,16.53029743185075
2017-10-23,18.530607522639976,14.938404264354102,15.774565569079328,16.65095801869951
2017-10-24,18.437513662687067,14.863356875173437,15.69531748203676,16.567307121016814
2017-10-25,18.752929159132226,15.117628311842905,15.963821492177761,16.850728492029013
2017-10-26,18.80339716210384,15.158312969908403,16.006783430745806,16.896077280391253
2017-10-27,18.853509868622986,15.198711206601365,16.049442915809344,16.941106811745488
2017-10-30,18.461299006446787,14.882531372297462,15.715565251261939,16.588679801859552
2017-10-31,18.634425425734634,15.022096814876836,15.862942721183495,16.744245167753125
2017-11-01,18.7071355806096,15.08071192969803,15.924838754770722,16.809579978545322
2017-11-02,18.58948155679272,14.985865424047462,15.824683316752951,16.703860173681264
2017-11-03,18.73678120404619,15.104610677055529,15.950075209116072,16.836218502440328
2017-11-06,18.950369010429846,15.276793968606949,16.131896277445236,17.028141060459824
2017-11-07,19.022693236003768,15.335097967459097,16.19346378067765,17.093129088634022
2017-11-08,19.164279699609118,15.449237551340135,16.31399220647847,17.220353749705087
2017-11-09,19.32385670594615,15.577880167565507,16.449835456447765,17.363744085398146
2017-11-10,19.3513945900662,15.600079765990312,16.473277653804477,17.388488668210478
2017-11-13,19.27550820074457,15.538904137481444,16.40867778449678,17.32029980385504
2017-11-14,19.24020733817581,15.510446432827763,16.378627190065075,17.288579679194356
2017-11-15,19.353562479607746,15.60182740488086,16.47512311492483,17.39043665818875
2017-11-16,19.14383269438491,15.432754247721435,16.29658626745534,17.201980783509537
2017-11-17,19.057816681866832,15.363412648066225,16.22336334544378,17.124689792826985
2017-11-20,19.056696168122198,15.362509348631455,16.22240948478302,17.12368293823258
2017-11-21,18.971071672634878,15.293483369480034,16.14951984979756,17.046743751107183
2017-11-22,18.971071672634878,15.293483369480034,16.14951984979756,17.046743751107183
2017-11-23,18.971071672634878,15.293483369480034,16.14951984979756,17.046743751107183
2017-11-24,18.971071672634878,15.293483369480034,16.14951984979756,17.046743751107183
2017-11-27,18.971071672634878,15.293483369480034,16.14951984979756,17.046743751107183
2017-11-28,18.971071672634878,15.293483369480034,16.14951984979756,17.046743751107183
2017-11-29,18.971071672634878,15.293483369480034,16.14951984979756,17.046743751107183
2017-11-30,18.971071672634878,15.293483369480034,16.14951984979756,17.046743751107183
2017-12-01,18.971071672634878,15.293483369480034,16.14951984979756,17.046743751107183
2017-12-04,18.971071672634878,15.293483369480034,16.14951984979756,17.046743751107183
2017-12-05,18.971071672634878,15.293483369480034,16.14951984979756,17.046743751107183
2017-12-06,18.971071672634878,15.293483369480034,16.14951984979756,17.046743751107183
2017-12-07,18.971071672634878,15.247602919371595,16.113183430135518,17.021173635480523
2017-12-08,18.971071672634878,15.247602919371595,16.113183430135518,17.021173635480523
2017-12-11,18.971071672634878,15.247602919371595,16.113183430135518,17.021173635480523
2017-12-12,18.971071672634878,15.247602919371595,16.113183430135518,17.021173635480523
2017-12-13,18.971071672634878,15.247602919371595,16.113183430135518,17.021173635480523
2017-12-14,18.971071672634878,15.247602919371595,16.113183430135518,17.021173635480523
2017-12-15,18.971071672634878,15.247602919371595,16.113183430135518,17.021173635480523
2017-12-18,18.971071672634878,15.247602919371595,16.113183430135518,17.021173635480523
2017-12-19,18.971071672634878,15.247602919371595,16.113183430135518,17.021173635480523
2017-12-20,18.971071672634878,15.247602919371595,16.113183430135518,17.021173635480523
2017-12-21,18.88570185010802,15.247602919371595,16.095056098776613,16.982875994800693
2017-12-22,18.947807090662558,15.247602919371595,16.108288163683266,17.010799913311537
2017-12-25,18.75917454491581,15.247602919371595,16.068197146957704,16.92612545791195
2017-12-26,19.26113798914802,15.247602919371595,16.175686519200298,17.15258254993423
2017-12-27,19.384199649358937,15.247602919371595,16.201523606801583,17.207377476555102
2017-12-28,19.493259615666975,15.287646632148821,16.256223677446034,17.27837907435474
2017-12-29,19.625298039703935,15.391198157565356,16.36633590072126,17.395414910734683
2018-01-02,19.506119684912576,15.297732179572284,16.266948213325907,17.289777945335217
2018-01-03,19.46881170578971,15.268473286363292,16.235835568979482,17.256709006712715
2018-01-04,19.38002617779708,15.198842972872304,16.1617936985676,17.17801154722059
2018-01-05,19.42268516484009,15.232298409903205,16.197368766508884,17.215823496765687
2018-01-08,19.365448869280254,15.187410675460436,16.14963708687018,17.165090554661955
2018-01-09,19.41013979432172,15.222459665889344,16.186906670723776,17.204703567532793
2018-01-10,19.321606288556787,15.15302700157743,16.113074971919204,17.126229494773888
2018-01-11,19.423862626542665,15.233221837733474,16.19835069981229,17.216867171863836
2018-01-12,19.483113255212075,15.279689318887966,16.24776221392895,17.269385572722822
2018-01-15,19.07697586511411,14.961174866901153,15.90906769144384,16.90939468763033
2018-01-16,19.07697586511411,14.961174866901153,15.90906769144384,16.90939468763033
2018-01-17,19.07697586511411,14.961174866901153,15.90906769144384,16.90939468763033
2018-01-18,18.9911294737211,14.893849580000099,15.837476886832343,16.833302411535993
2018-01-19,18.96008540299275,14.869503175515906,15.811587970993308,16.805785657918022
2018-01-22,18.78841029337375,14.734866461947421,15.668421100144602,16.653616770820022
2018-01-23,18.950241923525798,14.861783397567601,15.80337909227656,16.797060623060133
2018-01-24,18.978443018017963,14.883900189511907,15.826897134361474,16.82205742762512
2018-01-25,18.904617271224026,14.826002128767202,15.765330835204807,16.75661997572109
2018-01-26,18.824843731978376,14.763439494162817,15.698804429509345,16.685910536747556
2018-01-29,18.705263120911123,14.669658045493078,15.599081284210826,16.57991702059378
2018-01-30,18.7196704204237,14.68095701283945,15.611096118470568,16.59268732106297
2018-01-31,18.63428628271805,14.613994249762843,15.539890806048971,16.517004776054986
2018-02-01,18.549291599036327,14.547336917158852,15.469010275210845,16.441667434178235
2018-02-02,18.549291599036327,14.547336917158852,15.469010275210845,16.441667434178235
2018-02-05,18.549291599036327,14.547336917158852,15.469010275210845,16.441667434178235
2018-02-06,18.549291599036327,14.547336917158852,15.469010275210845,16.441667434178235
2018-02-07,18.549291599036327,14.547336917158852,15.469010275210845,16.441667434178235
2018-02-08,18.549291599036327,14.547336917158852,15.469010275210845,16.441667434178235
2018-02-09,18.549291599036327,14.547336917158852,15.469010275210845,16.441667434178235
2018-02-12,18.549291599036327,14.547336917158852,15.469010275210845,16.441667434178235
2018-02-13,18.549291599036327,14.547336917158852,15.469010275210845,16.441667434178235
2018-02-14,18.549291599036327,14.547336917158852,15.469010275210845,16.441667434178235
2018-02-22,18.549291599036327,14.547336917158852,15.469010275210845,16.441667434178235
2018-02-23,18.549291599036327,14.547336917158852,15.469010275210845,16.441667434178235
2018-02-26,18.549291599036327,14.547336917158852,15.469010275210845,16.441667434178235
2018-02-27,18.549291599036327,14.547336917158852,15.469010275210845,16.441667434178235
2018-02-28,18.549291599036327,14.547336917158852,15.469010275210845,16.441667434178235
2018-03-01,18.465819786840665,14.481873901031637,15.399399728972398,16.367679930724435
2018-03-02,18.395243213289238,14.426524014033008,15.340543047808739,16.305122471600946
2018-03-05,18.311338852561885,14.360721770437731,15.270571781720397,16.23075156703076
2018-03-06,18.310213155501277,14.359838939181353,15.269633017061686,16.22975377492623
2018-03-07,18.309087527643356,14.358956162197387,15.268694310113917,16.22875604416138
2018-03-08,18.592058981753897,14.580877363818814,15.504675738723014,16.47957546316782
2018-03-09,18.810603385597616,14.752271460304922,15.686928824270709,16.673288219712433
2018-03-12,18.88395348821435,14.809796495693831,15.748098464362243,16.73830407150646
2018-03-13,18.88673880321704,14.811980887240443,15.750421252063665,16.74077291096209
2018-03-14,18.75869401585598,14.71156138322423,15.643639485180538,16.627276942707432
2018-03-15,18.673131883774825,14.644459027531054,15.572285735994717,16.551436627559728
2018-03-16,18.746377975965324,14.701902492434899,15.633368637552676,16.616360286892995
2018-03-19,18.973288134823346,14.879857457087304,15.822598267168656,16.817488257169444
2018-03-20,19.352183107966933,15.17700696283037,16.138574227840298,17.15333208751995
2018-03-21,19.715417554526276,15.461874654181505,16.441490237119538,17.475294785614402
2018-03-22,20.054952421275132,15.728155879820054,16.72464220087449,17.776250718706894
2018-03-23,19.330108979984853,15.159695262532095,16.120165712844024,17.133766085808073
2018-03-26,19.23793904181398,15.087410715327335,16.043301444846595,17.052068762611484
2018-03-27,19.61372415796992,15.382121306510134,16.356683969028246,17.38515608692046
2018-03-28,20.008022951813842,15.691351304294788,16.68550580359317,17.73465351130815
2018-03-29,20.38486099643726,15.986887657749119,16.99976640773791,18.06867412730656
2018-03-30,20.55716628447609,16.122018590611223,17.143458810055,18.221401590129556
2018-04-02,20.53343982961349,16.103411048059357,17.123672352329415,18.200371003696638
2018-04-03,20.712774047615497,16.244054440079026,17.273226465819878,18.359328749129386
2018-04-04,20.923701973071196,16.409475290813877,17.449127859616105,18.546290433590904
2018-04-09,20.98847228015931,16.460271596128717,17.50314245853085,18.603701351041124
2018-04-10,20.912853338209544,16.400967216767974,17.440080740848742,18.536674452001645
2018-04-11,21.279328414786434,16.688376381815686,17.745699243577498,18.861509570357605
2018-04-12,21.386076866330406,16.772094171344417,17.834721128051097,18.956128954069843
2018-04-13,21.138817190616685,16.578180037781397,17.628521206946854,18.736963637903322
2018-04-16,20.5196998660742,16.092635440928035,17.112214036736304,18.188192214557183
2018-04-17,20.4261054362742,16.0192337319409,17.03416182711155,18.10523225459068
2018-04-18,20.332937909272328,15.946166822738551,16.956465629129372,18.02265069149157
2018-04-19,20.332937909272328,15.946166822738551,16.956465629129372,18.02265069149157
2018-04-20,20.332937909272328,15.946166822738551,16.956465629129372,18.02265069149157
2018-04-23,20.332937909272328,15.946166822738551,16.956465629129372,18.02265069149157
2018-04-24,20.332937909272328,15.946166822738551,16.956465629129372,18.02265069149157
2018-04-25,20.332937909272328,15.946166822738551,16.956465629129372,18.02265069149157
2018-04-26,20.332937909272328,15.946166822738551,16.956465629129372,18.02265069149157
2018-04-27,20.332937909272328,15.946166822738551,16.956465629129372,18.02265069149157
2018-05-02,20.332937909272328,15.946166822738551,16.956465629129372,18.02265069149157
2018-05-03,20.332937909272328,15.946166822738551,16.956465629129372,18.02265069149157
2018-05-04,20.332937909272328,15.946166822738551,16.956465629129372,18.02265069149157
2018-05-07,20.244723981980943,15.876984788791756,16.882900439838906,17.944459885775675
2018-05-08,20.49529643891542,16.07349698084633,17.091863024221677,18.16656157537851
2018-05-09,20.793429114752865,16.307308415545364,17.340488013552545,18.430819554245776
2018-05-10,21.006958837037807,16.474769733155348,17.518559151765732,18.620087411855167
2018-05-11,20.666216723744917,16.207541720836325,17.234400415914138,18.318061403062902
2018-05-14,20.50630055832974,16.082126994113523,17.101039807894573,18.176315374915823
2018-05-15,20.757754271591423,16.279330314054775,17.310737307845837,18.39919818995295
2018-05-16,20.719408922460754,16.24925786034237,17.278759558369966,18.365209750303503
2018-05-17,20.865003198881652,16.363440603170933,17.40017655944206,18.49426118390955
2018-05-18,20.975125478229675,16.449804327155107,17.492012016428067,18.591871051352033
2018-05-21,21.16158761644585,16.59603781173009,17.647510393096727,18.757146822086877
2018-05-22,21.31977819462168,16.720099241545743,17.779431963587893,18.897363329207963
2018-05-23,21.322283915770843,16.722064360784,17.78152158657949,18.89958434307242
2018-05-24,21.56407416238713,16.911689078365818,17.983160327842658,19.113901682495744
2018-05-25,21.739503065039486,17.04926971524706,18.129457639694678,19.269397845804896
2018-05-28,21.517521657558987,16.875180138471432,17.944338296732816,19.072638607918165
2018-05-29,21.6199168181366,16.955483846656517,18.029729794443124,19.16339933417543
2018-05-30,20.909282316622527,16.398166632503738,17.437102720403725,18.53350918021643
2018-05-31,20.96302373348975,16.440313497972905,17.481919878260396,18.581144341853456
2018-06-01,21.098014092196053,16.54618008690349,17.594493840167956,18.700796705547212
2018-06-04,21.01157291184151,16.478388334996385,17.522407016799715,18.62417722213357
2018-06-05,20.919267144231718,16.40599726315155,17.44542947509719,18.542359502831793
2018-06-06,20.918119607340767,16.405097303943492,17.444472497313832,18.541342352401614
2018-06-07,20.82622438867197,16.333028206322513,17.367837329105885,18.459888534282655
2018-06-08,20.82622438867197,16.333028206322513,17.367837329105885,18.459888534282655
2018-06-11,20.82622438867197,16.333028206322513,17.367837329105885,18.459888534282655
2018-06-12,20.82622438867197,16.333028206322513,17.367837329105885,18.459888534282655
2018-06-13,20.82622438867197,16.333028206322513,17.367837329105885,18.459888534282655
2018-06-14,20.82622438867197,16.333028206322513,17.367837329105885,18.459888534282655
2018-06-15,20.82622438867197,16.333028206322513,17.367837329105885,18.459888534282655
2018-06-19,20.82622438867197,16.333028206322513,17.367837329105885,18.459888534282655
2018-06-20,20.82622438867197,16.333028206322513,17.367837329105885,18.459888534282655
2018-06-21,20.82622438867197,16.333028206322513,17.367837329105885,18.459888534282655
2018-06-22,20.82622438867197,16.333028206322513,17.367837329105885,18.459888534282655
2018-06-25,20.82622438867197,16.333028206322513,17.367837329105885,18.459888534282655
2018-06-26,20.82622438867197,16.333028206322513,17.367837329105885,18.459888534282655
2018-06-27,20.82622438867197,16.333028206322513,17.367837329105885,18.459888534282655
2018-06-28,20.82622438867197,16.333028206322513,17.367837329105885,18.459888534282655
2018-06-29,20.82622438867197,16.333028206322513,17.367837329105885,18.459888534282655
2018-07-02,20.82622438867197,16.333028206322513,17.367837329105885,18.459888534282655
2018-07-03,20.73250637892295,16.259529579394062,17.28968206112491,18.376819035878384
2018-07-04,20.609219640739674,16.16284158954852,17.18686822537426,18.267540493491392
2018-07-05,20.388545771479265,15.98977745349758,17.002839291825275,18.07194022755016
2018-07-06,20.60575864804983,16.160127295773034,17.183981962511023,18.264472748801804
2018-07-09,20.59808772018194,16.1541113478558,17.1775848631191,18.257673413946236
2018-07-10,20.64899478391294,16.194035363476782,17.22003833837616,18.302796269848674
2018-07-11,20.379728049773657,15.982862129113983,16.99548583431237,18.064124400889785
2018-07-12,20.533192421504836,16.103217017516812,17.123466028624033,18.2001517068129
2018-07-13,20.779607816394023,16.29646902134072,17.328961869538464,18.41856867178423
2018-07-16,20.94197348083035,16.423804774931238,17.464365214625637,18.562485879788557
2018-07-17,21.1003540578929,16.548015211936967,17.596445232932197,18.702870797573286
2018-07-18,21.231524470582077,16.650885996881193,17.705833586167095,18.819137248565486
2018-07-19,21.09041582648762,16.54022112450018,17.588157336712285,18.694061776766368
2018-07-20,21.2439815251503,16.660655478849375,17.716222031681895,18.83017889656194
2018-07-23,21.387413472891872,16.77314240900197,17.83583577873858,18.957313691527688
2018-07-24,21.526942655664108,16.88256858415946,17.952194851022917,19.080989164968567
2018-07-25,21.482216782796893,16.84749218579462,17.914896122753063,19.041345175145025
2018-07-26,21.81181918932143,17.10598385006216,18.189765003111123,19.333497202873286
2018-07-27,21.87970639067635,17.159224588944305,18.246378907189765,19.39367086404818
2018-07-30,21.71633734306463,17.03110192912443,18.110138799977886,19.24886428016711
2018-07-31,22.096636030610725,17.329352302048306,18.42728537530076,19.585952330829496
2018-08-01,22.039645747025567,17.284657503225866,18.379758855074414,19.535437448108294
2018-08-02,21.626378501173704,16.960551440730967,18.035118455285634,19.169126822095592
2018-08-03,21.77160365631469,17.07444469910167,18.156227631078185,19.297851075049223
2018-08-06,21.715921131125363,17.03077551367739,18.10979170387824,19.248495359432262
2018-08-07,21.769451697294535,17.072757018861644,18.154433024744197,19.295943627837428
2018-08-08,21.882362434245273,17.161307598985815,18.24859389017387,19.39602512026426
2018-08-09,21.957326085193152,17.22009806443603,18.3111091339819,19.4624711843609
2018-08-10,21.91318604839368,17.18548110974375,18.274298958285776,19.42334646621657
2018-08-13,21.8643695212314,17.147196603623193,18.233588866677067,19.38007661407109
2018-08-14,22.161083400444262,17.379895342864046,18.481030663677007,19.6430770040901
2018-08-15,22.166261347343955,17.327755656835453,18.440527869922853,19.615907195381897
2018-08-16,22.14765400981889,17.327755656835453,18.436657921797195,19.60767396650479
2018-08-17,22.094332988442783,17.327755656835453,18.425561245025964,19.58407098800783
2018-08-20,22.030261921294954,17.327755656835453,18.412203234033008,19.555675192399136
2018-08-21,22.029941886163147,17.327755656835453,18.412136365196975,19.55553314907913
2018-08-22,21.976673024656066,17.327755656835453,18.401006132226374,19.531890304436182
2018-08-23,22.03066804039601,17.327755656835453,18.4123086006963,19.555884489616886
2018-08-24,22.084229548251297,17.327755656835453,18.423499716303212,19.579656865896787
2018-08-27,21.983498987588554,17.327755656835453,18.402491405239672,19.535003512485098
2018-08-28,22.004065218320157,17.327755656835453,18.40679542759401,19.54414130692372
2018-08-29,22.055683597076502,17.327755656835453,18.417590352629965,19.5670651820904
2018-08-30,21.865509611596668,17.327755656835453,18.37788917373793,19.48270718081958
2018-08-31,21.88069494430327,17.327755656835453,18.381079979332053,19.489472433398213
2018-09-03,21.707102275881475,17.327755656835453,18.34462294802879,19.412161599933864
2018-09-04,21.847320369722134,17.327755656835453,18.374247446376227,19.47485850581922
2018-09-05,21.99997254258272,17.327755656835453,18.406343702918228,19.542896128208508
2018-09-06,21.989687256106862,17.327755656835453,18.404192398892835,19.538327843296845
2018-09-07,22.11026089066403,17.327755656835453,18.429420820092957,19.591894025794087
2018-09-10,21.967880640131106,17.327755656835453,18.399751500873737,19.52881248203481
2018-09-11,22.203608712297058,17.327755656835453,18.449111496276636,19.63359021170052
2018-09-12,22.321657315471633,17.327755656835453,18.47363331917227,19.685782581189304
2018-09-13,22.28743404643691,17.327755656835453,18.466552436756196,19.6706915907688
2018-09-14,22.279133376105836,17.327755656835453,18.464833028819758,19.66702854176686
2018-09-17,22.146426267353565,17.327755656835453,18.43733628373231,19.608454573662577
2018-09-18,22.231250185879425,17.327755656835453,18.454990679659282,19.64600613916338
2018-09-19,22.27867877071523,17.327755656835453,18.464833739358756,19.666962726423776
2018-09-20,22.505943047558095,17.327755656835453,18.511923572759414,19.767273837951436
2018-09-21,22.473207010461213,17.327755656835453,18.50519193952445,19.75289758612551
2018-09-25,22.448172482537878,17.327755656835453,18.500038372166205,19.741895496705062
2018-09-26,22.501106547009982,17.327755656835453,18.510944407219732,19.76517175159479
2018-09-27,22.28671113989157,17.327755656835453,18.466850337289873,19.671008337106812
2018-09-28,22.413117676003303,17.327755656835453,18.493035566790294,19.726793688523422
2018-10-08,22.09969426815153,17.327755656835453,18.428384250620734,19.588864664252394
2018-10-09,22.334038706320268,17.327755656835453,18.477237747202732,19.692724505669368
2018-10-10,22.643151829509407,17.327755656835453,18.541171063776705,19.829002580049355
2018-10-11,21.895095292654307,17.327755656835453,18.388035975520893,19.501459508505945
2018-10-12,21.785647393699804,17.189155436392543,18.254745874964012,19.374724584355597
2018-10-15,21.99603902488648,17.35515713400699,18.43103835285671,19.561833089117037
2018-10-16,21.95179324674534,17.320246647110366,18.39396369441713,19.52248379873272
2018-10-17,22.23263479701982,17.541834235187345,18.629287944311773,19.772245836558827
2018-10-18,22.114558315755595,17.44867037582827,18.530348669277345,19.667236365734208
2018-10-19,22.17462870745615,17.496066685949607,18.580683172323617,19.72065902854703
2018-10-22,22.83251503136665,18.015147440210086,19.13194279020734,20.305739935404368
2018-10-23,23.749058992526145,18.738312390415494,19.89993819524809,21.12085396419632
2018-10-24,24.047225242033015,18.973569388568414,20.149779249538405,21.386023452169237
2018-10-25,23.902098572345633,18.859062583324526,20.02817393632705,21.25695731958091
2018-10-26,24.057304832938875,18.98152231517578,20.158225194117648,21.394987578605086
2018-10-29,24.150609760757398,19.05514110089604,20.23640775695035,21.47796685602467
2018-10-30,24.554054469670458,19.37346415488535,20.574464299531524,21.836764094359967
2018-10-31,24.871009892556735,19.623546052014344,20.840049278206703,22.118643439644675
2018-11-01,24.638955255919498,19.440451965030885,20.645604819230243,21.912269279991776
2018-11-02,24.6823210932281,19.474668167315627,20.68194215295357,21.950836008766938
2018-11-05,25.23858203239811,19.913565188542186,21.148047286356853,22.445537970048594
2018-11-06,24.817515492885235,19.58133828401403,20.795224965479626,22.0710690324347
2018-11-07,25.01575813503178,19.737754273330168,20.961337497669657,22.24737302391374
2018-11-08,25.828239254244796,20.378812305478686,21.64213601108584,22.969940392707816
2018-11-09,26.144539930057086,20.628377598761904,21.907172360600175,23.251237448928457
2018-11-12,26.74678700435577,21.10355827088765,22.411810441653593,23.78683645984632
2018-11-13,27.236268388370817,21.48976536590785,22.821959293980303,24.222149068789182
2018-11-14,27.23031705719158,21.485069689215546,22.816972522812502,24.216856345537757
2018-11-15,27.441470315332477,21.651672320273192,22.993903187225413,24.404642191312174
2018-11-16,27.489515460221234,21.68958055630274,23.03416143131706,24.44737038905691
2018-11-19,27.461754343830542,21.667676679126,23.010899688585287,24.422681474630643
2018-11-20,27.16728705652247,21.435338209628185,22.764158088431902,24.160801600803893
2018-11-21,27.58101379880579,21.761773919927844,23.110830207261976,24.52874300461272
2018-11-22,27.77391154114698,21.913972714689884,23.272464112495886,24.700293593092606
2018-11-23,26.839076038167345,21.17637550319631,22.48914176116092,23.868912267828623
2018-11-26,26.829030566571596,21.16844949716258,22.48072440601601,23.859978484867284
2018-11-27,27.04944038223552,21.342355670924,22.665411374485725,24.055996505218246
2018-11-28,26.945769113160733,21.260557708889145,22.578542591690564,23.963798084426056
2018-11-29,26.944885649289922,21.259860644554845,22.57780231493129,23.963012389657944
2018-11-30,26.944002214385012,21.259163603075013,22.577062062443275,23.9622267206502
2018-12-03,26.840735053806206,21.177684487830664,22.490531892394696,23.870387687424984
2018-12-04,26.840735053806206,21.177684487830664,22.490531892394696,23.870387687424984
2018-12-05,26.840735053806206,21.177684487830664,22.490531892394696,23.870387687424984
2018-12-06,26.840735053806206,21.177684487830664,22.490531892394696,23.870387687424984
2018-12-07,26.840735053806206,21.177684487830664,22.490531892394696,23.870387687424984
2018-12-10,26.840735053806206,21.177684487830664,22.490531892394696,23.870387687424984
2018-12-11,26.727365217511828,21.088234231767768,22.39553643441998,23.76956399764966
2018-12-12,26.8049784680797,21.149472082717317,22.460570543346947,23.83858812746661
2018-12-13,26.784659705669117,21.13344031836169,22.443544937561818,23.820517954086597
2018-12-14,26.670188992666446,21.043121456444982,22.3476270271033,23.71871521683845
2018-12-17,26.661597451621592,21.036342620278706,22.340427957201275,23.71107446425988
2018-12-18,26.716907142185022,21.07998267609401,22.386773348155792,23.760263272016967
2018-12-19,26.72098982275375,21.083203963468435,22.39019432963612,23.763894140090592
2018-12-20,26.967714601757407,21.277872981086425,22.596931272558958,23.983314961282908
2018-12-21,27.00885936715954,21.31033672912706,22.631407513862587,24.019906414515773
2018-12-24,27.265551839984692,21.51287038511653,22.846496639962844,24.248191848223044
2018-12-25,27.104037782012487,21.385433720165747,22.711159918944883,24.10455184831108
2018-12-26,27.428228509391662,21.641224365412732,22.98280754255592,24.39286579842072
2018-12-27,27.1301915446322,21.40606937458503,22.733074819230797,24.127811287814723
2018-12-28,26.99923385784719,21.302742078725604,22.623342055754378,24.011346118439143
2019-01-02,27.34981526348381,21.579355307871115,22.91710309726627,24.323130205267336
2019-01-03,27.410130085059333,21.626944476301325,22.967642414297234,24.37677024796436
2019-01-04,27.391152760792245,21.61197112385975,22.951740833516915,24.359893061604996
2019-01-07,27.490762228070164,21.690564272139177,23.035206129683637,24.448479182532584
2019-01-08,27.544935299313877,21.733307520721464,23.08059911851473,24.496657155684723
2019-01-09,27.493595371946704,21.69279965902429,23.037580092713462,24.450998794703104
2019-01-10,27.495884882802443,21.694606112477857,23.039498531862606,24.453034935353926
2019-01-11,27.588897549963164,21.767994300787628,23.11743620208592,24.535754295331103
2019-01-14,27.415339525348426,21.63105479155832,22.972007536292907,24.38140318216254
2019-01-15,27.298173449797623,21.538609253993194,22.87383111327023,24.277203366412145
2019-01-16,27.29680429228893,21.53752897114419,22.87268386150707,24.275985727607836
2019-01-17,27.295435203451213,21.53644874247747,22.871536667285064,24.274768149874987
2019-01-18,27.17878156798255,21.444407526714887,22.773789630789516,24.17102406469243
2019-01-21,27.17878156798255,21.444407526714887,22.773789630789516,24.17102406469243
2019-01-22,27.17878156798255,21.444407526714887,22.773789630789516,24.17102406469243
2019-01-23,27.17878156798255,21.444407526714887,22.773789630789516,24.17102406469243
2019-01-24,27.17878156798255,21.444407526714887,22.773789630789516,24.17102406469243
2019-01-25,27.17878156798255,21.444407526714887,22.773789630789516,24.17102406469243
2019-01-28,27.17878156798255,21.444407526714887,22.773789630789516,24.17102406469243
2019-01-29,27.17878156798255,21.444407526714887,22.773789630789516,24.17102406469243
2019-01-30,27.17878156798255,21.444407526714887,22.773789630789516,24.17102406469243
2019-01-31,27.17878156798255,21.444407526714887,22.773789630789516,24.17102406469243
2019-02-01,27.17878156798255,21.444407526714887,22.773789630789516,24.17102406469243
2019-02-11,27.17878156798255,21.444407526714887,22.773789630789516,24.17102406469243
2019-02-12,27.17878156798255,21.444407526714887,22.773789630789516,24.17102406469243
2019-02-13,27.17878156798255,21.444407526714887,22.773789630789516,24.17102406469243
2019-02-14,27.17878156798255,21.444407526714887,22.773789630789516,24.17102406469243
2019-02-15,27.17878156798255,21.444407526714887,22.773789630789516,24.17102406469243
2019-02-18,27.17878156798255,21.444407526714887,22.773789630789516,24.17102406469243
2019-02-19,27.17878156798255,21.444407526714887,22.773789630789516,24.17102406469243
2019-02-20,27.17878156798255,21.444407526714887,22.773789630789516,24.17102406469243
2019-02-21,27.17878156798255,21.444407526714887,22.773789630789516,24.17102406469243
2019-02-22,27.17878156798255,21.444407526714887,22.773789630789516,24.17102406469243
2019-02-25,27.17878156798255,21.444407526714887,22.773789630789516,24.17102406469243
2019-02-26,27.17878156798255,21.444407526714887,22.773789630789516,24.17102406469243
2019-02-27,27.17878156798255,21.444407526714887,22.773789630789516,24.17102406469243
2019-02-28,27.17878156798255,21.444407526714887,22.773789630789516,24.17102406469243
2019-03-01,27.17878156798255,21.444407526714887,22.773789630789516,24.17102406469243
2019-03-04,27.17878156798255,21.444407526714887,22.773789630789516,24.17102406469243
2019-03-05,27.17878156798255,21.444407526714887,22.773789630789516,24.17102406469243
2019-03-06,27.17878156798255,21.444407526714887,22.773789630789516,24.17102406469243
2019-03-07,27.17878156798255,21.444407526714887,22.773789630789516,24.17102406469243
2019-03-08,27.17878156798255,21.444407526714887,22.773789630789516,24.17102406469243
2019-03-11,27.17878156798255,21.444407526714887,22.773789630789516,24.17102406469243
2019-03-12,27.17878156798255,21.444407526714887,22.773789630789516,24.17102406469243
2019-03-13,27.17878156798255,21.444407526714887,22.773789630789516,24.17102406469243
2019-03-14,27.17878156798255,21.444407526714887,22.773789630789516,24.17102406469243
2019-03-15,27.17878156798255,21.444407526714887,22.773789630789516,24.17102406469243
2019-03-18,27.17878156798255,21.444407526714887,22.773789630789516,24.17102406469243
2019-03-19,27.17878156798255,21.444407526714887,22.773789630789516,24.17102406469243
2019-03-20,27.05647705092663,21.34790769284467,22.671307577450964,24.062254456401313
2019-03-21,27.13240585965948,21.407816497564724,22.73493024989024,24.129780554232244
2019-03-22,27.141199102490766,21.414754479029558,22.742298330829087,24.13760068713813
2019-03-25,27.339249316559233,21.571018640122066,22.90824962265747,24.313733545717252
2019-03-26,27.197799207233423,21.45941268819616,22.789724992516103,24.18793710455172
2019-03-27,27.510141689011558,21.70585491557865,23.05144467097121,24.465714002850163
2019-03-28,27.565456257130506,21.749498819847865,23.097794148953067,24.51490714838492
2019-03-29,27.57213992476158,21.754772319401013,23.10339456338708,24.5208511635994
2019-04-01,27.688287007512624,21.84641385856724,23.20071714652739,24.624144754049627
2019-04-02,27.74089628127311,21.887923250862194,23.244799789829592,24.67093198838204
2019-04-03,28.028021876067523,22.11446903072803,23.485389599829258,24.926282642862468
2019-04-04,27.945245607398647,22.04915749222377,23.41602926723409,24.852666863693845
2019-04-08,28.24988329421827,22.289520537484474,23.671292902797994,25.12359162316885
2019-04-09,28.67191485401449,22.622508855403282,24.02492383861873,25.498918786470057
2019-04-10,28.799722103541963,22.723350415827184,24.132016770902986,25.612582163772075
2019-04-11,29.102786901711948,22.962472431753564,24.38596244321935,25.882108099340773
2019-04-12,29.409499872390008,23.204472902617127,24.642965011704067,26.154878480039006
2019-04-15,29.27569211009792,23.098896860598764,24.530844097755647,26.035878640612257
2019-04-16,29.17639671553071,23.020551519719554,24.447641971070034,25.947571835334994
2019-04-17,29.507088383660577,23.281471490665567,24.72473689763276,26.241667295367556
2019-04-18,29.38110790723274,23.182071277665923,24.61917466480868,26.12962853013439
2019-04-19,29.56756394822201,23.329187487374973,24.775410905283923,26.295450292323615
2019-04-22,29.505865687063668,23.280506767355952,24.723712369178067,26.240579909283166
2019-04-23,28.990287046881566,22.873708602232938,24.291695964753675,25.782058113966052
2019-04-24,29.1179826301666,22.974462056558195,24.398695329064406,25.895622182642832
2019-04-25,28.839733231112938,22.754919709067554,24.165543108347983,25.64816543394019
2019-04-26,28.6725494629415,22.623009569992607,24.025455593516035,25.499483165988256
2019-04-29,28.541768265584267,22.519821526557134,23.915870715002384,25.383174954723376
2019-04-30,28.41158358726362,22.41710414429851,23.806785674901874,25.267397248328713
2019-05-06,28.41158358726362,22.41710414429851,23.806785674901874,25.267397248328713
2019-05-07,28.283731461120937,22.316227175649168,23.69965513936482,25.153693960711234
2019-05-08,28.680190036663628,22.629038080734542,24.031857823806273,25.50627819066012
2019-05-09,28.90398786674649,22.805617441361402,24.21938369539054,25.705309288615272
2019-05-10,28.94649943170245,22.839159611794383,24.255005212667207,25.74311628364218
2019-05-13,29.13949174825747,22.991433026825103,24.41671836403086,25.91475098021914
2019-05-14,29.048284936138703,22.919469681323573,24.340293865497244,25.83363762916356
2019-05-15,29.186686290509837,22.850711272279604,24.31452070458158,25.85642971204821
2019-05-16,29.35801200335601,22.850711272279604,24.35020223545804,25.932318273154134
2019-05-17,28.960742942800785,22.850711272279604,24.267826239040907,25.756861779076516
2019-05-20,29.02488322264138,22.850711272279604,24.28126292097591,25.785384050165842
2019-05-21,28.885166410653714,22.850711272279604,24.252042298274947,25.72332261777812
2019-05-22,28.967580139338803,22.850711272279604,24.269340980283687,25.760018873928452
2019-05-23,28.519846222823112,22.850711272279604,24.175561943200773,25.560940558023855
2019-05-24,28.826859252251648,22.850711272279604,24.24062376411953,25.69852092459472
2019-05-27,28.695374217273137,22.850711272279604,24.212982188292315,25.63991289357236
2019-05-28,28.740691685953283,22.850711272279604,24.22254183938506,25.660158943348858
2019-05-29,28.860313502224745,22.850711272279604,24.247746038375812,25.713559098991563
2019-05-30,28.733581587166853,22.850711272279604,24.221126756407134,25.657102183038134
2019-05-31,29.07760961689254,22.850711272279604,24.293626824754554,25.810698808048564
2019-06-03,28.759796040274374,22.850711272279604,24.227245470407283,25.669645423480894
2019-06-04,28.728736652942224,22.850711272279604,24.22070436524782,25.655784347088517
2019-06-05,28.96922325557353,22.850711272279604,24.271391896138073,25.763165894874767
2019-06-06,28.746875679483576,22.850711272279604,24.224819322299755,25.664295838218578
2019-06-10,28.579493959380105,22.850711272279604,24.189556429972153,25.58957930153228
2019-06-11,28.59058971574148,22.850711272279604,24.191904279666574,25.594546774674445
2019-06-12,28.70913526226461,22.850711272279604,24.216981084156977,25.647608281372662
2019-06-13,28.980649438394934,22.850711272279604,24.27423858779965,25.768888305459342
2019-06-14,28.60339510054898,22.850711272279604,24.195241377742114,25.60116561664646
2019-06-17,28.946138195608707,22.850711272279604,24.2677218637681,25.754549903891743
2019-06-18,28.75397641420222,22.850711272279604,24.227445949995893,25.66906284935946
2019-06-19,28.594633064008555,22.850711272279604,24.193881180129825,25.597938869638718
2019-06-20,28.18776111618926,22.850711272279604,24.107817726027854,25.41582281966642
2019-06-21,28.06091619116641,22.679330937737507,23.945089956377167,25.263327882748424
2019-06-24,27.917612728360112,22.563510533465358,23.822805484816065,25.13431134091689
2019-06-25,28.01681102844229,22.64368436174303,23.907453904803692,25.22361987109155
2019-06-26,28.279093907096176,22.855666043444728,24.131266523058894,25.45975394156606
2019-06-27,28.027391429469436,22.65223562980263,23.91648242877075,25.233145438199152
2019-06-28,27.86531609344995,22.521243464137417,23.778179442715064,25.087228522027473
2019-07-01,27.738216847945143,22.418519596138847,23.66972243987642,24.972800686137756
2019-07-02,27.768713981651363,22.44316792134904,23.695746415894604,25.000257348032026
2019-07-03,27.39051682895772,22.137502264275827,23.373021214023048,24.659765305372733
2019-07-04,27.535325537924958,22.25453923523433,23.496590150228307,24.790137024884462
2019-07-05,27.644520586207783,22.34279261298926,23.589769048454954,24.888445657758325
2019-07-08,27.60100980835083,22.307626429403037,23.552640200531428,24.84927277259859
2019-07-09,27.47511611634865,22.205876911160654,23.44521192700693,24.7359303001806
2019-07-10,27.49968617740517,22.22573487096728,23.466178181929756,24.75805080060693
2019-07-11,27.830884916834986,22.49341557556433,23.748798448319423,25.056230029380735
2019-07-12,27.80162635804328,22.469768288602005,23.723831379621863,25.029888460235384
2019-07-15,27.856029069396484,22.5137375263234,23.770254590052655,25.078867386128728
2019-07-16,28.063318233135153,22.681272310726342,23.947139679580385,25.265490448412034
2019-07-17,28.073205552613313,22.689263417966202,23.955576779521067,25.274392032100767
2019-07-18,27.917976971139158,22.563804920949767,23.823116302397747,25.134639269794665
2019-07-19,27.95486464728427,22.593618196080193,23.854593490011972,25.167849356412578
2019-07-22,27.665586706638283,22.359818625738193,23.60774530216327,24.9074115498207
2019-07-23,28.135027186954712,22.739228761035854,24.00833074469705,25.3300502368427
2019-07-24,28.24410038172734,22.827383654619243,24.10140566223956,25.428249164632064
2019-07-25,28.16162852516225,22.760728435119386,24.031030339820752,25.353999502243678
2019-07-26,28.139800350971054,22.743086516983993,24.01240380635225,25.334347530871213
2019-07-29,28.01144912820832,22.63935077872554,23.902878459634163,25.218792536062193
2019-07-30,28.028786117999417,22.65336284184771,23.917672551790403,25.23440108050916
2019-07-31,27.992847561088926,22.62431666174279,23.887005271639552,25.202045488814388
2019-08-01,28.259278622128427,22.839650978136547,24.11435763890731,25.441914180461325
2019-08-02,28.033159908043604,22.771132025202135,24.011862128874878,25.301963627430112
2019-08-05,28.149540963083627,22.797354114182152,24.057521876760887,25.369053040082164
2019-08-06,27.536091367536002,22.300542188217126,23.53324771241372,24.816197299120915
2019-08-07,27.4462447928358,22.227778508622027,23.45646187994715,24.735225374142516
2019-08-08,27.26871137380983,22.084000241475707,23.30473599149751,24.57522792588702
2019-08-09,27.26871137380983,22.084000241475707,23.30473599149751,24.57522792588702
2019-08-12,27.26871137380983,22.084000241475707,23.30473599149751,24.57522792588702
2019-08-13,27.26871137380983,22.084000241475707,23.30473599149751,24.57522792588702
2019-08-14,27.26871137380983,22.084000241475707,23.30473599149751,24.57522792588702
2019-08-15,27.26871137380983,22.084000241475707,23.30473599149751,24.57522792588702
2019-08-16,27.26871137380983,22.084000241475707,23.30473599149751,24.57522792588702
2019-08-19,27.26871137380983,22.084000241475707,23.30473599149751,24.57522792588702
2019-08-20,27.26871137380983,22.084000241475707,23.30473599149751,24.57522792588702
2019-08-21,27.26871137380983,22.084000241475707,23.30473599149751,24.57522792588702
2019-08-22,27.26871137380983,22.084000241475707,23.30473599149751,24.57522792588702
2019-08-23,27.26871137380983,22.084000241475707,23.30473599149751,24.57522792588702
2019-08-26,27.26871137380983,22.084000241475707,23.30473599149751,24.57522792588702
2019-08-27,27.26871137380983,22.084000241475707,23.30473599149751,24.57522792588702
2019-08-28,27.26871137380983,22.084000241475707,23.30473599149751,24.57522792588702
2019-08-29,27.26871137380983,22.084000241475707,23.30473599149751,24.57522792588702
2019-08-30,27.26871137380983,22.084000241475707,23.30473599149751,24.57522792588702
2019-09-02,27.26871137380983,22.084000241475707,23.30473599149751,24.57522792588702
2019-09-03,27.26871137380983,22.084000241475707,23.30473599149751,24.57522792588702
2019-09-04,27.26871137380983,22.084000241475707,23.30473599149751,24.57522792588702
2019-09-05,27.26871137380983,22.084000241475707,23.30473599149751,24.57522792588702
2019-09-06,27.26871137380983,22.084000241475707,23.30473599149751,24.57522792588702
2019-09-09,27.26871137380983,22.084000241475707,23.30473599149751,24.57522792588702
2019-09-10,27.26871137380983,22.084000241475707,23.30473599149751,24.57522792588702
2019-09-11,27.26871137380983,22.084000241475707,23.30473599149751,24.57522792588702
2019-09-12,27.26871137380983,22.084000241475707,23.30473599149751,24.57522792588702
2019-09-16,27.26871137380983,22.084000241475707,23.30473599149751,24.57522792588702
2019-09-17,27.26871137380983,22.084000241475707,23.30473599149751,24.57522792588702
2019-09-18,27.146002172627686,21.98462224038907,23.19986467953577,24.46463940022053
2019-09-19,27.151585615659858,21.989144080661625,23.204636473259523,24.46967133529241
2019-09-20,27.230402967110408,22.05297556813478,23.27199636943959,24.54070345521401
2019-09-23,27.37587921901486,22.17079182788193,23.39632515040729,24.671810202406668
2019-09-24,27.394308152770172,22.185716793419296,23.41207512222975,24.688418807091335
2019-09-25,27.210570988062507,22.036914324019538,23.255047309047093,24.52283039188357
2019-09-26,27.08199769042237,21.9327871910132,23.145164347729843,24.40695699943115
2019-09-27,27.331182402603268,22.134593399181156,23.35812578367326,24.631528341052142
2019-09-30,27.487113989898177,22.260877078826606,23.491390037521835,24.772057691562566
2019-10-08,27.705415433918176,22.43767198036649,23.677957618575004,24.96879627850197
2019-10-09,27.885407074156582,22.583441077116188,23.831784383577965,25.131009135683826
2019-10-10,27.92600272769793,22.61631811374327,23.866478761878952,25.167594929009475
2019-10-11,27.985487714890283,22.664492978096476,23.91731658486852,25.221204250637506
2019-10-14,27.972419081768454,22.65390913740588,23.906147701949962,25.209426479651334
2019-10-15,28.25426377969122,22.882165555234376,24.147021433959242,25.463431797181933
2019-10-16,27.92503255549599,22.61553240433264,23.865649620863717,25.16672058615318
2019-10-17,27.700461800802774,22.43366020168662,23.673724081083233,24.964331943491654
2019-10-18,27.7364152972463,22.46277771344786,23.70445111952306,24.996734111592666
2019-10-21,28.398792110241967,22.999214125774756,24.270540090217125,25.59368425452554
2019-10-22,28.334980550842683,22.94753531800622,24.21600463657503,25.53617572047542
2019-10-23,28.652201735905,23.20444194742054,24.487112275929327,25.822063191245814
2019-10-24,28.759866025563653,23.291635587274882,24.579125712567805,25.919092875618112
2019-10-25,28.5384306561799,23.112302626362077,24.389879776009746,25.719529918686995
2019-10-28,28.40826120135917,23.00688282003948,24.27863268636297,25.602218030444252
2019-10-29,28.406514791859088,23.005468462489066,24.277140147468316,25.60064412359812
2019-10-30,28.404768489720244,23.004054191886866,24.275647700328104,25.599070313508555
2019-10-31,28.27520869460883,22.899128128190505,24.164921645884476,25.482307865468847
2019-11-01,28.27520869460883,22.899128128190505,24.164921645884476,25.482307865468847
2019-11-04,28.27520869460883,22.899128128190505,24.164921645884476,25.482307865468847
2019-11-05,28.27520869460883,22.899128128190505,24.164921645884476,25.482307865468847
2019-11-06,28.27520869460883,22.899128128190505,24.164921645884476,25.482307865468847
2019-11-07,28.27520869460883,22.899128128190505,24.164921645884476,25.482307865468847
2019-11-08,28.27520869460883,22.899128128190505,24.164921645884476,25.482307865468847
2019-11-11,28.27520869460883,22.899128128190505,24.164921645884476,25.482307865468847
2019-11-12,28.27520869460883,22.899128128190505,24.164921645884476,25.482307865468847
2019-11-13,28.27520869460883,22.899128128190505,24.164921645884476,25.482307865468847
2019-11-14,28.27520869460883,22.899128128190505,24.164921645884476,25.482307865468847
2019-11-15,28.27520869460883,22.899128128190505,24.164921645884476,25.482307865468847
2019-11-18,28.27520869460883,22.830430743805934,24.110550572181236,25.444084403670644
2019-11-19,28.27520869460883,22.830430743805934,24.110550572181236,25.444084403670644
2019-11-20,28.27520869460883,22.830430743805934,24.110550572181236,25.444084403670644
2019-11-21,28.27520869460883,22.830430743805934,24.110550572181236,25.444084403670644
2019-11-22,28.14797025548309,22.830430743805934,24.083426202787532,25.386835213762385
2019-11-25,28.44356580292954,23.001692926262056,24.282150284208484,25.615354484276217
2019-11-26,28.654132619886685,23.17197373063328,24.461910273854162,25.804984142398318
2019-11-27,28.618131994210998,23.142860807778153,24.43117669392824,25.772563144457074
2019-11-28,28.787049209862346,23.27946048558547,24.5753805973507,25.924684520074493
2019-11-29,28.886378686278686,23.35978607242943,24.660177745876464,26.01413743068249
2019-12-02,28.80030550485332,23.290180562977838,24.586697439599412,25.936622710162702
2019-12-03,29.099812799794353,23.532385597154654,24.84238553431171,26.20634928325471
2019-12-04,29.29968405410201,23.69401713267395,25.01301476793937,26.386346863930065
2019-12-05,29.207183326349163,23.619213806327025,24.93404729289579,26.303043703283496
2019-12-06,29.245097814335583,23.649874428000214,24.966414728878107,26.337188263659325
2019-12-09,29.153452154034554,23.57576257610112,24.888177221255347,26.25465514907653
2019-12-10,29.061065375664533,23.501051398141325,24.80930702431177,26.171454607554956
2019-12-11,28.989081664503452,23.442839736801403,24.747854838445242,26.10662840779997
2019-12-12,28.838594702141872,23.32114420391254,24.619384763307846,25.971104721604593
2019-12-13,28.83682183771346,23.31971052701476,24.61787127653961,25.96950813729794
2019-12-16,28.70529136140239,23.213344692030716,24.505584272340933,25.85105604871182
2019-12-17,28.70529136140239,23.213344692030716,24.505584272340933,25.85105604871182
2019-12-18,28.70529136140239,23.213344692030716,24.505584272340933,25.85105604871182
2019-12-19,28.70529136140239,23.213344692030716,24.505584272340933,25.85105604871182
2019-12-20,28.57611755027608,23.10888464091658,24.3953091431154,25.734726296492617
2019-12-23,28.7455154983811,23.24587307660171,24.53992344577428,25.887280604193805
2019-12-24,29.1343109143159,23.56028347192386,24.87183642690156,26.237417168295266
2019-12-25,28.98859637291333,23.44244729204912,24.747440547093575,26.106191369905524
2019-12-26,29.172020511722337,23.59077840304204,24.904028948673417,26.271377210848218
2019-12-27,29.26021294739934,23.66209770730637,24.979318453226984,26.350800463134874
2019-12-30,28.97419925563125,23.430804656486472,24.735149789741808,26.093225792196765
2019-12-31,28.850531880627337,23.330797540481914,24.62957548144642,25.981854958075154
2020-01-02,28.858355828851025,23.337124597214505,24.63625475253007,25.9889009525403
2020-01-03,28.890194728256418,23.36287202256571,24.663435484566346,26.01757403454095
2020-01-06,28.710496603355395,23.217554057967448,24.510027965098878,25.855743721091805
2020-01-07,28.57954232154796,23.11165417894442,24.39823285567975,25.737810534621012
2020-01-08,28.4491853482497,23.006237330319387,24.286947665976253,25.62041526485535
2020-01-09,28.4491853482497,23.006237330319387,24.286947665976253,25.62041526485535
2020-01-10,28.4491853482497,23.006237330319387,24.286947665976253,25.62041526485535
2020-01-13,28.4491853482497,23.006237330319387,24.286947665976253,25.62041526485535
2020-01-14,28.4491853482497,23.006237330319387,24.286947665976253,25.62041526485535
2020-01-15,28.4491853482497,23.006237330319387,24.286947665976253,25.62041526485535
2020-01-16,28.4491853482497,23.006237330319387,24.286947665976253,25.62041526485535
2020-01-17,28.4491853482497,23.006237330319387,24.286947665976253,25.62041526485535
2020-01-20,28.4491853482497,23.006237330319387,24.286947665976253,25.62041526485535
2020-01-21,28.4491853482497,23.006237330319387,24.286947665976253,25.62041526485535
2020-01-22,28.4491853482497,23.006237330319387,24.286947665976253,25.62041526485535
2020-01-23,28.4491853482497,23.006237330319387,24.286947665976253,25.62041526485535
2020-02-03,28.4491853482497,23.006237330319387,24.286947665976253,25.62041526485535
2020-02-04,28.4491853482497,23.006237330319387,24.286947665976253,25.62041526485535
2020-02-05,28.4491853482497,23.006237330319387,24.286947665976253,25.62041526485535
2020-02-06,28.4491853482497,23.006237330319387,24.286947665976253,25.62041526485535
2020-02-07,28.4491853482497,23.006237330319387,24.286947665976253,25.62041526485535
2020-02-10,28.4491853482497,23.006237330319387,24.286947665976253,25.62041526485535
2020-02-11,28.4491853482497,23.006237330319387,24.286947665976253,25.62041526485535
2020-02-12,28.4491853482497,23.006237330319387,24.286947665976253,25.62041526485535
2020-02-13,28.4491853482497,23.006237330319387,24.286947665976253,25.62041526485535
2020-02-14,28.4491853482497,23.006237330319387,24.286947665976253,25.62041526485535
2020-02-17,28.4491853482497,23.006237330319387,24.286947665976253,25.62041526485535
2020-02-18,28.4491853482497,23.006237330319387,24.286947665976253,25.62041526485535
2020-02-19,28.4491853482497,23.006237330319387,24.286947665976253,25.62041526485535
2020-02-20,28.4491853482497,23.006237330319387,24.286947665976253,25.62041526485535
2020-02-21,28.4491853482497,23.006237330319387,24.286947665976253,25.62041526485535
2020-02-24,28.4491853482497,23.006237330319387,24.286947665976253,25.62041526485535
2020-02-25,28.4491853482497,23.006237330319387,24.286947665976253,25.62041526485535
2020-02-26,28.4491853482497,23.006237330319387,24.286947665976253,25.62041526485535
2020-02-27,28.4491853482497,23.006237330319387,24.286947665976253,25.62041526485535
2020-02-28,28.4491853482497,23.006237330319387,24.286947665976253,25.62041526485535
2020-03-02,28.4491853482497,23.006237330319387,24.286947665976253,25.62041526485535
2020-03-03,28.4491853482497,23.006237330319387,24.286947665976253,25.62041526485535
2020-03-04,28.4491853482497,23.006237330319387,24.286947665976253,25.62041526485535
2020-03-05,28.32116401418258,22.90270926233295,24.17765640147936,25.5051233961635
2020-03-06,28.709844478062717,23.21702669842907,24.509471248529984,25.855156438166176
2020-03-09,28.99068201478553,23.44413390526179,24.749221050625753,26.1080696314517
2020-03-10,28.87624944596016,23.351594776127232,24.65153045680648,26.005015364791984
2020-03-11,29.57392590738271,23.915790553784255,25.247133863334092,26.633320198246913
2020-03-12,29.633547421418275,23.964005175226117,25.298032494469663,26.687013403504356
2020-03-13,29.575560905409898,23.917112741122406,25.248529654146175,26.63479262453614
2020-03-16,29.981185178244857,24.245132266938228,25.594809358320497,27.000084712317346
2020-03-17,30.063613458404028,24.31179022402411,25.66517802800001,27.074316952762704
2020-03-18,29.980552653646406,24.244620758054893,25.5942693747803,26.999515081142352
2020-03-19,30.135419552443288,24.369858250261355,25.726478582890483,27.138983196288244
2020-03-20,30.75386161931883,24.869978896649823,26.25443992620426,27.695932099276135
2020-03-23,31.132082354975925,25.175837778064523,26.57732534807649,28.036545448681235
2020-03-24,31.41023510481964,25.40077385615082,26.814783159114207,28.287040809825058
2020-03-25,31.33772205806796,25.342134132633525,26.752879081721463,28.22173790757474
2020-03-26,31.16506050608413,25.202506491485423,26.605478654411318,28.066244503881467
2020-03-27,31.645759823605687,25.591237572816855,27.015849602640763,28.499146746306923
2020-03-30,31.77253604165058,25.69375874256137,27.124077916923095,28.613317303820544
2020-03-31,31.890481583581526,25.789138736628,27.224767520834316,28.719535240324486
2020-04-01,31.680097541056195,25.619005737963857,27.04516356493814,28.530070182938243
2020-04-02,31.329780719651716,25.33571214500583,26.746099595133284,28.214586195302754
2020-04-03,31.517838878938647,25.48779068755448,26.9066440401447,28.383945285058623
2020-04-07,31.551943304736323,25.515370194816676,26.935758842357384,28.414658626780362
2020-04-08,32.01818669516538,25.438824084232227,26.974660881260693,28.581978490092915
2020-04-09,31.87214538137802,25.438824084232227,26.943901683749182,28.516794447519295
2020-04-10,31.870186028178345,25.438824084232227,26.943487586899533,28.51591790670636
2020-04-13,31.86822679543071,25.438824084232227,26.94307349641408,28.515041392836277
2020-04-14,31.866267683127713,25.438824084232227,26.94265941229272,28.51416490590822
2020-04-15,31.864308691261947,25.438824084232227,26.942245334535357,28.513288445921358
2020-04-16,31.718969245636792,25.438824084232227,26.911523100461814,28.44826105782025
2020-04-17,31.718969245636792,25.438824084232227,26.911523100461814,28.44826105782025
2020-04-20,31.718969245636792,25.438824084232227,26.911523100461814,28.44826105782025
2020-04-21,31.718969245636792,25.438824084232227,26.911523100461814,28.44826105782025
2020-04-22,31.718969245636792,25.438824084232227,26.911523100461814,28.44826105782025
2020-04-23,31.718969245636792,25.438824084232227,26.911523100461814,28.44826105782025
2020-04-24,31.718969245636792,25.438824084232227,26.911523100461814,28.44826105782025
2020-04-27,31.718969245636792,25.438824084232227,26.911523100461814,28.44826105782025
2020-04-28,31.718969245636792,25.438824084232227,26.911523100461814,28.44826105782025
2020-04-29,31.718969245636792,25.438824084232227,26.911523100461814,28.44826105782025
2020-04-30,31.718969245636792,25.438824084232227,26.911523100461814,28.44826105782025
2020-05-06,31.718969245636792,25.438824084232227,26.911523100461814,28.44826105782025
2020-05-07,31.718969245636792,25.438824084232227,26.911523100461814,28.44826105782025
2020-05-08,31.718969245636792,25.438824084232227,26.911523100461814,28.44826105782025
2020-05-11,31.718969245636792,25.438824084232227,26.911523100461814,28.44826105782025
2020-05-12,31.718969245636792,25.438824084232227,26.911523100461814,28.44826105782025
2020-05-13,31.718969245636792,25.438824084232227,26.911523100461814,28.44826105782025
2020-05-14,31.718969245636792,25.438824084232227,26.911523100461814,28.44826105782025
2020-05-15,31.718969245636792,25.438824084232227,26.911523100461814,28.44826105782025
2020-05-18,31.718969245636792,25.438824084232227,26.911523100461814,28.44826105782025
2020-05-19,31.718969245636792,25.438824084232227,26.911523100461814,28.44826105782025
2020-05-20,31.718969245636792,25.438824084232227,26.911523100461814,28.44826105782025
2020-05-21,31.718969245636792,25.438824084232227,26.911523100461814,28.44826105782025
2020-05-22,31.576233884031428,25.438824084232227,26.881247636973793,28.384252470440156
2020-05-25,31.88104405008205,25.438824084232227,26.94611982523068,28.52125121355361
2020-05-26,31.818486569077702,25.438824084232227,26.93290130126657,28.493268791958364
2020-05-27,32.38479992704595,25.438824084232227,27.052740924551564,28.746833943368607
2020-05-28,32.17473948748436,25.438824084232227,27.00887226809268,28.65360235651689
2020-05-29,32.281665550650565,25.438824084232227,27.031311862229177,28.701214504187956
2020-06-01,32.145826233183826,25.438824084232227,27.002875326420373,28.64082800736055
2020-06-02,32.66339427339603,25.77208869510589,27.376882149732015,29.05900212750493
2020-06-03,33.007266753063064,26.0434111416222,27.665099481696444,29.36492842024094
2020-06-04,33.42483946218679,26.372884582322072,28.015088792388983,29.736422152375738
2020-06-05,33.22737501780789,26.217081081557065,27.849583616249756,29.56074782835159
2020-06-08,32.88271021948133,25.945133479351263,27.560702200988125,29.254116648994795
2020-06-09,32.888516502338824,25.949714755734842,27.565568747317855,29.259282210923132
2020-06-10,32.73850544130506,25.831352948696374,27.43983670903968,29.125824808877198
2020-06-11,32.73649282826563,25.829764955687235,27.43814983383216,29.124034286860258
2020-06-12,32.587175177427135,25.711950263529264,27.312998978545515,28.99119377747927
2020-06-15,32.587175177427135,25.711950263529264,27.312998978545515,28.99119377747927
2020-06-16,32.587175177427135,25.711950263529264,27.312998978545515,28.99119377747927
2020-06-17,32.587175177427135,25.711950263529264,27.312998978545515,28.99119377747927
2020-06-18,32.587175177427135,25.711950263529264,27.312998978545515,28.99119377747927
2020-06-19,32.587175177427135,25.711950263529264,27.312998978545515,28.99119377747927
2020-06-22,32.587175177427135,25.711950263529264,27.312998978545515,28.99119377747927
2020-06-23,32.587175177427135,25.711950263529264,27.312998978545515,28.99119377747927
2020-06-24,32.587175177427135,25.711950263529264,27.312998978545515,28.99119377747927
2020-06-29,32.587175177427135,25.711950263529264,27.312998978545515,28.99119377747927
2020-06-30,32.587175177427135,25.711950263529264,27.312998978545515,28.99119377747927
2020-07-01,32.587175177427135,25.711950263529264,27.312998978545515,28.99119377747927
2020-07-02,32.587175177427135,25.711950263529264,27.312998978545515,28.99119377747927
2020-07-03,32.587175177427135,25.711950263529264,27.312998978545515,28.99119377747927
2020-07-06,32.587175177427135,25.711950263529264,27.312998978545515,28.99119377747927
2020-07-07,32.587175177427135,25.711950263529264,27.312998978545515,28.99119377747927
2020-07-08,32.587175177427135,25.711950263529264,27.312998978545515,28.99119377747927
2020-07-09,32.587175177427135,25.711950263529264,27.312998978545515,28.99119377747927
2020-07-10,32.587175177427135,25.711950263529264,27.312998978545515,28.99119377747927
2020-07-13,32.587175177427135,25.711950263529264,27.312998978545515,28.99119377747927
2020-07-14,32.587175177427135,25.711950263529264,27.312998978545515,28.99119377747927
2020-07-15,32.587175177427135,25.711950263529264,27.312998978545515,28.99119377747927
2020-07-16,32.587175177427135,25.711950263529264,27.312998978545515,28.99119377747927
2020-07-17,32.44053288912871,25.596246487343382,27.19009048314206,28.860733405480616
2020-07-20,32.669509276272606,25.776913557922875,27.382007450296197,29.064442342325012
2020-07-21,32.392131256219784,25.558056605242466,27.14952256821837,28.81767287288861
2020-07-22,32.00283628923586,25.2508948836623,26.823234297520084,28.471336445659837
2020-07-23,31.795118235189243,25.087001074352212,26.64913504015547,28.28653999358449
2020-07-24,32.36448982494987,25.536246948463226,27.126354853314275,28.793081662209268
2020-07-27,32.46257576761342,25.613638771031006,27.20856576104693,28.880343861375753
2020-07-28,32.84955890483596,25.91897641146517,27.53291636750867,29.22462356830803
2020-07-29,32.2916765377791,25.478795769953102,27.065326266844544,28.72830329137934
2020-07-30,32.47432625335593,25.62291014553152,27.218414451623367,28.890797685841537
2020-07-31,32.34625771791614,25.521861441689527,27.111073580295745,28.776861460700278
2020-08-03,31.988137657907394,25.23929736176599,26.81091461346419,28.45825980226295
2020-08-04,31.988137657907394,25.23929736176599,26.81091461346419,28.45825980226295
2020-08-05,31.988137657907394,25.23929736176599,26.81091461346419,28.45825980226295
2020-08-06,31.988137657907394,25.23929736176599,26.81091461346419,28.45825980226295
2020-08-07,31.844191038446812,25.125720523638044,26.6902654977036,28.330197633152768
2020-08-10,32.446043473881915,25.6005944518517,27.194709189578457,28.86563589946906
2020-08-11,32.5772522598408,25.704120877825854,27.30468206747778,28.982365849774066
2020-08-12,32.996001681347785,26.03452276875525,27.655657641752455,29.354906444563817
2020-08-13,33.47919199508662,26.415769846693994,28.060644464750656,29.784776905588224
2020-08-14,33.583902803653125,26.498388824474578,28.148408015652134,29.877932919425557
2020-08-17,33.37004068676047,26.32964722343498,27.969159101058125,29.68767039931637
2020-08-18,33.50526931419342,26.436345386863696,28.0825012162564,29.807976603239407
2020-08-19,33.828808851805405,26.691624724642168,28.353676456583354,30.095813685727077
2020-08-20,34.27297536176333,27.042081220198565,28.725955408862355,30.490966603693913
2020-08-21,34.49332474224643,27.21594140540128,28.910641635001614,30.687000520520126
2020-08-24,34.570658722698475,27.276959503724854,28.975459248605528,30.755800727984013
2020-08-25,35.523257815585104,28.028579745860792,29.773881876811686,31.60328090212495
2020-08-26,35.790683111639936,28.239583794967032,29.998024865524695,31.841195926569778
2020-08-27,36.481723215413204,28.784828624614928,30.577221360640582,32.45598003864518
2020-08-28,35.84809104603642,28.284879833850358,30.046141428098604,31.892268918978342
2020-08-31,35.4948560310899,28.00617015477596,29.750076870496084,31.57801324288651
2020-09-01,35.86803289588963,28.300614362811416,30.06285572510978,31.910010193888727
2020-09-02,36.726197593354996,28.977723928123805,30.7821279964152,32.67347676936668
2020-09-03,36.72267994391996,28.97494843049856,30.779179672269176,32.67034729110238
2020-09-04,37.10878739203775,29.279595134250272,31.102796318346403,33.013847940863045
2020-09-07,37.809732478023406,29.832655198223314,31.69029469196439,33.63744402443087
2020-09-08,38.37104371476738,30.275541288316766,32.160758705870506,34.136814796684654
2020-09-09,39.39344828911197,31.08223948850205,33.01768892282523,35.046397446068056
2020-09-10,38.196148731477386,30.137545555725378,32.01417016378475,33.98121940298568
2020-09-11,37.994039802495834,29.978077461252788,31.844772204594598,33.801413111327676
2020-09-14,38.2365755868729,30.169443174637756,32.04805400471639,34.0171851714883
2020-09-15,38.00799343264469,29.98908716192275,31.856467464583464,33.81382696411922
2020-09-16,38.17430373803869,30.120309407401855,31.995860743584043,33.961784995603004
2020-09-17,38.350995620059074,30.259722929983724,32.14395535954459,34.11897900099531
2020-09-18,38.179458380855536,30.12437652641452,32.00018111665182,33.9663708257016
2020-09-21,37.79972380074573,29.8247581463627,31.681905901258432,33.62853980058105
2020-09-22,37.62731174702084,29.688721496175297,31.537398431014775,33.47515334618921
2020-09-23,37.62499859261016,29.686896369853812,31.535459656521066,33.473095447417926
2020-09-24,37.6226855804016,29.685071355732717,31.533521001214314,33.471037675156815
2020-09-25,37.45108103318967,29.549671844762987,31.3896903439943,33.31836961926581
2020-09-28,37.45108103318967,29.549671844762987,31.3896903439943,33.31836961926581
2020-09-29,37.45108103318967,29.549671844762987,31.3896903439943,33.31836961926581
2020-09-30,37.45108103318967,29.549671844762987,31.3896903439943,33.31836961926581
2020-10-09,37.45108103318967,29.549671844762987,31.3896903439943,33.31836961926581
2020-10-12,37.45108103318967,29.549671844762987,31.3896903439943,33.31836961926581
2020-10-13,37.45108103318967,29.549671844762987,31.3896903439943,33.31836961926581
2020-10-14,37.45108103318967,29.549671844762987,31.3896903439943,33.31836961926581
2020-10-15,37.45108103318967,29.549671844762987,31.3896903439943,33.31836961926581
2020-10-16,37.45108103318967,29.549671844762987,31.3896903439943,33.31836961926581
2020-10-19,37.45108103318967,29.549671844762987,31.3896903439943,33.31836961926581
2020-10-20,37.45108103318967,29.549671844762987,31.3896903439943,33.31836961926581
2020-10-21,37.28255116854032,29.416698321461556,31.248436737446326,33.16843695597912
2020-10-22,37.373108395427295,29.488149832709265,31.32433743862699,33.24900123006354
2020-10-23,37.900310251842605,29.90412292142241,31.766212614592934,33.718026578102
2020-10-26,37.86649257614841,29.8774400809877,31.737868269412253,33.68794066903451
2020-10-27,37.50504517797828,29.59225066294112,31.43492048816802,33.366378842835644
2020-10-28,37.6127240242558,29.67721148341259,31.52517170516906,33.46217537264131
2020-10-29,37.55185392654191,29.629183726590032,31.474153324237566,33.40802226521579
2020-10-30,37.311066316263656,29.439197358460863,31.272336759353728,33.19380546886001
2020-11-02,36.871374340247236,29.092271362051143,30.90380814567598,32.80263332185156
2020-11-03,36.93872571167589,29.145412976901934,30.96025881772775,32.86255249709875
2020-11-04,36.770240841376264,29.012474955066214,30.81904292327422,32.71265986305376
2020-11-05,36.767980375750774,29.01069140127799,30.817148309979757,32.71064883888185
2020-11-06,36.76572004908833,29.008907957134472,30.815253813157423,32.70863793833848
2020-11-09,36.59802429200418,28.87659256182708,30.674699315352456,32.55944733918967
2020-11-10,36.59802429200418,28.87659256182708,30.674699315352456,32.55944733918967
2020-11-11,36.59802429200418,28.87659256182708,30.674699315352456,32.55944733918967
2020-11-12,36.43333318269016,28.74664789529886,30.53666316843337,32.412929826163314
2020-11-13,36.457292645386296,28.765552403278754,30.556744834812335,32.434245371989114
2020-11-16,36.64533146369865,28.913918891559373,30.714349905657812,32.60153418391283
2020-11-17,36.77580428881611,29.01686462931961,30.823705936665668,32.717609386353075
2020-11-18,37.151459217838195,29.31326408090374,31.138561785225775,33.05181094820825
2020-11-19,36.797007091516896,29.03359407596608,30.841477103554347,32.73647246848208
2020-11-20,36.45275056318551,28.761968607168672,30.55293788051712,32.430204506694125
2020-11-23,36.22315752302564,28.58081498469905,30.36050406453814,32.225946964240855
2020-11-24,36.24962076199002,28.601695023559717,30.38268427546062,32.2494899956518
2020-11-25,36.59109200517109,28.87112284518873,30.668889006782887,32.553280027362085
2020-11-26,36.81761713701734,29.049855825011566,30.858751449938666,32.754808203924405
2020-11-27,36.69745539860123,28.955045746356006,30.758037674634416,32.64790626400193
2020-11-30,36.53007101015695,28.868180609116937,30.653758708960417,32.52447760965068
2020-12-01,36.527825309070266,28.868180609116937,30.653287595865507,32.5234778818553
2020-12-02,36.361214637181796,28.868180609116937,30.61833366144206,32.44930485819188
2020-12-03,36.361214637181796,28.868180609116937,30.61833366144206,32.44930485819188
2020-12-04,36.361214637181796,28.868180609116937,30.61833366144206,32.44930485819188
2020-12-07,36.361214637181796,28.868180609116937,30.61833366144206,32.44930485819188
2020-12-08,36.361214637181796,28.868180609116937,30.61833366144206,32.44930485819188
2020-12-09,36.361214637181796,28.868180609116937,30.61833366144206,32.44930485819188
2020-12-10,36.361214637181796,28.868180609116937,30.61833366144206,32.44930485819188
2020-12-11,36.361214637181796,28.868180609116937,30.61833366144206,32.44930485819188
2020-12-14,36.361214637181796,28.868180609116937,30.61833366144206,32.44930485819188
2020-12-15,36.361214637181796,28.868180609116937,30.61833366144206,32.44930485819188
2020-12-16,36.361214637181796,28.868180609116937,30.61833366144206,32.44930485819188
2020-12-17,36.361214637181796,28.868180609116937,30.61833366144206,32.44930485819188
2020-12-18,36.361214637181796,28.868180609116937,30.61833366144206,32.44930485819188
2020-12-21,36.361214637181796,28.868180609116937,30.61833366144206,32.44930485819188
2020-12-22,36.361214637181796,28.868180609116937,30.61833366144206,32.44930485819188
2020-12-23,36.361214637181796,28.781576067289585,30.549442410703815,32.400630900904595
2020-12-24,36.361214637181796,28.781576067289585,30.549442410703815,32.400630900904595
2020-12-25,36.361214637181796,28.781576067289585,30.549442410703815,32.400630900904595
2020-12-28,36.361214637181796,28.781576067289585,30.549442410703815,32.400630900904595
2020-12-29,36.361214637181796,28.781576067289585,30.549442410703815,32.400630900904595
2020-12-30,36.361214637181796,28.781576067289585,30.549442410703815,32.400630900904595
2020-12-31,36.361214637181796,28.781576067289585,30.549442410703815,32.400630900904595
2021-01-04,36.361214637181796,28.781576067289585,30.549442410703815,32.400630900904595
2021-01-05,36.361214637181796,28.781576067289585,30.549442410703815,32.400630900904595
2021-01-06,36.361214637181796,28.781576067289585,30.549442410703815,32.400630900904595
2021-01-07,36.361214637181796,28.781576067289585,30.549442410703815,32.400630900904595
2021-01-08,36.361214637181796,28.781576067289585,30.549442410703815,32.400630900904595
2021-01-11,36.361214637181796,28.781576067289585,30.549442410703815,32.400630900904595
2021-01-12,36.361214637181796,28.781576067289585,30.549442410703815,32.400630900904595
2021-01-13,36.361214637181796,28.781576067289585,30.549442410703815,32.400630900904595
2021-01-14,36.361214637181796,28.781576067289585,30.549442410703815,32.400630900904595
2021-01-15,36.361214637181796,28.781576067289585,30.549442410703815,32.400630900904595
2021-01-18,36.361214637181796,28.781576067289585,30.549442410703815,32.400630900904595
2021-01-19,36.361214637181796,28.781576067289585,30.549442410703815,32.400630900904595
2021-01-20,36.361214637181796,28.781576067289585,30.549442410703815,32.400630900904595
2021-01-21,36.361214637181796,28.781576067289585,30.549442410703815,32.400630900904595
2021-01-22,36.361214637181796,28.781576067289585,30.549442410703815,32.400630900904595
2021-01-25,36.361214637181796,28.781576067289585,30.549442410703815,32.400630900904595
2021-01-26,36.361214637181796,28.781576067289585,30.549442410703815,32.400630900904595
2021-01-27,36.197589171314476,28.652058974986783,30.41196991985565,32.254828061850525
2021-01-28,37.13462063973157,29.39376253892969,31.19923154373313,33.08979496418468
2021-01-29,36.59641504131358,28.967748019742846,30.747049703878528,32.610212499265856
2021-02-01,35.72215318254927,28.275729492808807,30.012524947962255,31.831178133136753
2021-02-02,35.030040707765195,27.727890592516726,29.431035842025594,31.21445283775953
2021-02-03,35.030040707765195,27.727890592516726,29.431035842025594,31.21445283775953
2021-02-04,35.030040707765195,27.727890592516726,29.431035842025594,31.21445283775953
2021-02-05,35.030040707765195,27.727890592516726,29.431035842025594,31.21445283775953
2021-02-08,35.030040707765195,27.727890592516726,29.431035842025594,31.21445283775953
2021-02-09,35.030040707765195,27.727890592516726,29.431035842025594,31.21445283775953
2021-02-10,35.030040707765195,27.727890592516726,29.431035842025594,31.21445283775953
2021-02-18,35.030040707765195,27.727890592516726,29.431035842025594,31.21445283775953
2021-02-19,34.87240552458025,27.6031150848504,29.29859618073648,31.073987799989613
2021-02-22,36.01066919048931,28.50410320122353,30.254926178423833,32.088268023437294
2021-02-23,36.11656783341294,28.587926854452437,30.34389857732876,32.18263183599174
2021-02-24,37.009465833478075,29.29469674554751,31.094080778440638,32.978272433285845
2021-02-25,36.828125165167876,29.151157254605256,30.941724583562703,32.81668399021899
2021-02-26,38.14797335916747,30.195877888168187,32.050615658731346,33.99276995450022
2021-03-01,38.420825585131865,30.411852991725183,32.27985671811026,34.23590221375435
2021-03-02,38.12345593329154,30.176471216392688,32.03001696043897,33.97092304772406
2021-03-03,38.18805517801228,30.227604493825012,32.08429102487996,34.02848592909528
2021-03-04,39.38785145525636,31.17729850606629,33.09231860707092,35.097596428377486
2021-03-05,40.248356744261535,31.858428074452096,33.81528556603737,35.86437263581536
2021-03-08,41.15523201037629,32.57626161537388,34.57721098553462,36.67246804912141
2021-03-09,41.67645406985955,32.98883288128607,35.01512383988383,37.13691687832685
2021-03-10,40.789413306251646,32.28669926261259,34.26986268746687,36.34649552792656
2021-03-11,40.45081965149348,32.0186867903241,33.985387939858,36.04478261369433
2021-03-12,40.41618639567389,31.99127297324522,33.95629026903724,36.01392172662265
2021-03-15,41.00130306790558,32.454419767930546,34.44788518027011,36.53530555607148
2021-03-16,42.04755544094327,33.28257670824833,35.32691045310831,37.46759666092708
2021-03-17,42.124297554558574,33.343321625672644,35.39138653851304,37.535979769759265
2021-03-18,42.087308890622374,33.31404339458686,35.360309934773504,37.503020033411815
2021-03-19,42.60841751307047,33.726524869861166,35.79812748322582,37.96736778151906
2021-03-22,42.606815601937896,33.7252568834208,35.79678161256721,37.96594035584419
2021-03-23,42.81697523691502,33.89160791378992,35.97335051241972,38.15320870843106
2021-03-24,43.556224709592485,34.4767579188949,36.59444250337896,38.81193668402014
2021-03-25,43.36632588646432,34.32644425425281,36.434896041059126,38.64272226865789
2021-03-26,43.11277986657158,34.12575090198401,36.22187539225891,38.416793319669
2021-03-29,42.83120212461663,33.902869150650965,35.985303454334904,38.16588595647923
2021-03-30,42.11420244462156,33.335330881208826,35.38290497422186,37.526984252578735
2021-03-31,42.694513105135655,33.79467349627005,35.87046203964411,38.044085556998596
2021-04-01,42.30213897677796,33.48409130216987,35.540802787132336,37.694450116190694
2021-04-02,42.29229271943798,33.476297535997965,35.53253030023743,37.68567634575944
2021-04-06,42.91800686489513,33.971579100531805,36.05823381270095,38.24323563740371
2021-04-07,43.42611092971466,34.37376686949451,36.485125378940765,38.695995327302306
2021-04-08,42.541712741947755,33.67372497130783,35.742084427891555,37.90792871464403
2021-04-09,42.904497856039605,33.96088609784065,36.046884007911,38.23119807446385
2021-04-12,43.26592639967975,34.24697343638162,36.35054384407688,38.55325862597142
2021-04-13,42.99976079242629,34.03629109949873,36.12692065184763,38.31608465680714
2021-04-14,43.189525022433514,34.18649822748666,36.28635403365466,38.48517913937625
2021-04-15,43.38324875984841,34.33983948795008,36.44911405745461,38.65780184671302
2021-04-16,44.31456021360769,35.07701539684564,37.231569921675245,39.48767177730063
2021-04-19,43.751043388056594,34.630965875628284,36.758122459003516,38.98553506780633
2021-04-20,43.6596505991323,34.55862427393337,36.68133737990604,38.90409708366615
2021-04-21,43.42561256397181,34.373372390055906,36.48470666917784,38.69555124520415
2021-04-22,43.392962360573456,34.34752825030153,36.45727509082248,38.666457409926494
2021-04-23,42.63202897177123,33.74521442689155,35.81796501904548,37.988407402060574
2021-04-26,42.63202897177123,33.74521442689155,35.81796501904548,37.988407402060574
2021-04-27,42.63202897177123,33.74521442689155,35.81796501904548,37.988407402060574
2021-04-28,42.63202897177123,33.74521442689155,35.81796501904548,37.988407402060574
2021-04-29,42.63202897177123,33.74521442689155,35.81796501904548,37.988407402060574
2021-04-30,42.63202897177123,33.74521442689155,35.81796501904548,37.988407402060574
2021-05-06,42.63202897177123,33.74521442689155,35.81796501904548,37.988407402060574
2021-05-07,42.63202897177123,33.74521442689155,35.81796501904548,37.988407402060574
2021-05-10,42.63202897177123,33.74521442689155,35.81796501904548,37.988407402060574
2021-05-11,42.440184841398256,33.59336096197054,35.65678417645978,37.8174595687513
2021-05-12,42.64144924045978,33.75267100342617,35.82587960492128,37.99680158393296
2021-05-13,43.30076000966624,34.27454584301128,36.37980984558034,38.584298043971614
2021-05-14,43.3823572194973,34.339133792700665,36.44836501590348,38.65700741588507
2021-05-17,41.55180741217004,32.89016931089601,34.91040000354427,37.025847146770104
2021-05-18,41.65056429692295,32.968339933606124,34.99337214277348,37.11384710506991
2021-05-19,42.124544590299486,33.343517165839266,35.39159408944928,37.53619989755038
2021-05-20,41.79824721380335,33.08523776412265,35.117450252080346,37.24544391029098
2021-05-21,42.53356841459075,33.66727836110293,35.73524184405466,37.90067149435414
2021-05-24,42.51709486304426,33.65423878633446,35.72140133241909,37.88599229651626
2021-05-25,42.323165942230055,33.50073511376039,35.55846892058142,37.71318675503453
2021-05-26,42.320564108258196,33.498675642339464,35.556282949131386,37.71086832142254
2021-05-27,42.12753160328109,33.345881524186524,35.39410367506055,37.53886155520069
2021-05-28,42.12753160328109,33.345881524186524,35.39410367506055,37.53886155520069
2021-05-31,42.12753160328109,33.345881524186524,35.39410367506055,37.53886155520069
2021-06-01,42.12753160328109,33.345881524186524,35.39410367506055,37.53886155520069
2021-06-02,41.93795771106633,33.19582505732769,35.23483020852278,37.369936678202286
2021-06-03,42.223548460012275,33.421883288520455,35.47477373695025,37.62441993839152
2021-06-04,42.03095846269067,33.26943943555734,35.312966242597795,37.45280748042806
2021-06-07,42.13014228397452,33.347947998195025,35.39629707922189,37.54118787192008
2021-06-08,43.47772654758651,34.41462300829136,36.52849104649074,38.74198880139485
2021-06-09,44.097008776865756,34.904813414936775,37.04879068411597,39.293816762440144
2021-06-10,43.16184886016584,34.16459127037574,36.263101473645825,38.46051755622135
2021-06-11,43.4863707279473,34.4214652751704,36.53575358963609,38.749691429046464
2021-06-15,43.26011872333564,34.24237639307215,36.345664434085094,38.54808354093934
2021-06-16,44.11033495388906,34.915361697812074,37.05998687988639,39.30569140819553
2021-06-17,43.209693847567614,34.20246278149228,36.30329918711211,38.50315110938319
2021-06-18,43.361110315234285,34.32231588941163,36.43051409742716,38.63807479469292
2021-06-21,43.31027394853924,34.282076563811046,36.38780312992466,38.59277569316222
2021-06-22,43.822693586664265,34.687680307806644,36.81832049248292,39.04938088985129
2021-06-23,43.42715076427617,34.37458994644143,36.485999012189026,38.696921899644906
2021-06-24,44.01857345472095,34.842728244977565,36.982892023118616,39.22392487495053
2021-06-25,43.81779599160048,34.683803635745996,36.814205701493535,39.04501675703704
2021-06-28,43.61793431439793,34.525603913246655,36.64628879171125,38.86692467461101
2021-06-29,43.61793431439793,34.525603913246655,36.64628879171125,38.86692467461101
2021-06-30,43.61793431439793,34.525603913246655,36.64628879171125,38.86692467461101
2021-07-01,43.61793431439793,34.525603913246655,36.64628879171125,38.86692467461101
2021-07-02,43.61793431439793,34.525603913246655,36.64628879171125,38.86692467461101
2021-07-05,43.42165360998314,34.37023869563705,36.48138049214855,38.692023513575265
2021-07-06,43.90071549833388,34.749438244334385,36.883871820212406,39.11890439690171
2021-07-07,43.42335253753406,34.37158347504081,36.48280787266636,38.693537388319385
2021-07-08,43.190119242043224,34.18696857967563,36.28685327654102,38.48570863462113
2021-07-09,43.123321352856316,34.13409497388575,36.23073198661069,38.426186592409394
2021-07-12,42.31048500419067,33.490697567258536,35.54781483242146,37.70188706669927
2021-07-13,42.31048500419067,33.490697567258536,35.54781483242146,37.70188706669927
2021-07-14,42.31048500419067,33.490697567258536,35.54781483242146,37.70188706669927
2021-07-15,42.31048500419067,33.490697567258536,35.54781483242146,37.70188706669927
2021-07-16,42.31048500419067,33.490697567258536,35.54781483242146,37.70188706669927
2021-07-19,42.31048500419067,33.490697567258536,35.54781483242146,37.70188706669927
2021-07-20,42.31048500419067,33.490697567258536,35.54781483242146,37.70188706669927
2021-07-21,42.31048500419067,33.490697567258536,35.54781483242146,37.70188706669927
2021-07-22,42.31048500419067,33.490697567258536,35.54781483242146,37.70188706669927
2021-07-23,42.31048500419067,33.490697567258536,35.54781483242146,37.70188706669927
2021-07-26,42.31048500419067,33.490697567258536,35.54781483242146,37.70188706669927
2021-07-27,42.31048500419067,33.490697567258536,35.54781483242146,37.70188706669927
2021-07-28,42.31048500419067,33.490697567258536,35.54781483242146,37.70188706669927
2021-07-29,42.31048500419067,33.490697567258536,35.54781483242146,37.70188706669927
2021-07-30,42.31048500419067,33.490697567258536,35.54781483242146,37.70188706669927
2021-08-02,42.31048500419067,33.490697567258536,35.54781483242146,37.70188706669927
2021-08-03,42.31048500419067,33.490697567258536,35.54781483242146,37.70188706669927
2021-08-04,42.31048500419067,33.490697567258536,35.54781483242146,37.70188706669927
2021-08-05,42.31048500419067,33.490697567258536,35.54781483242146,37.70188706669927
2021-08-06,42.31048500419067,33.490697567258536,35.54781483242146,37.70188706669927
2021-08-09,42.31048500419067,33.490697567258536,35.54781483242146,37.70188706669927
2021-08-10,42.31048500419067,33.490697567258536,35.54781483242146,37.70188706669927
2021-08-11,42.31048500419067,33.490697567258536,35.54781483242146,37.70188706669927
2021-08-12,42.31048500419067,33.490697567258536,35.54781483242146,37.70188706669927
2021-08-13,42.31048500419067,33.490697567258536,35.54781483242146,37.70188706669927
2021-08-16,42.12008782167181,33.339989428205875,35.38784966567557,37.53222857489913
2021-08-17,42.3120497648004,33.491936147349044,35.54912949048805,37.7032813884091
2021-08-18,42.927070892792315,33.97875369607275,36.065849097311705,38.25131238140974
2021-08-19,42.24175197887978,33.43629221210032,35.49006770765129,37.64064066978922
2021-08-20,41.965310343036826,33.21747592530763,35.257810949499174,37.394309971049836
2021-08-23,42.2328206029347,33.429222616689,35.48256387265003,37.63268212884604
2021-08-24,42.18450619262018,33.3909795357169,35.44197176619159,37.589630283867386
2021-08-25,42.51533831888977,33.652848400735365,35.719925544411886,37.88442708095957
2021-08-26,43.07987421400151,34.099704562445076,36.19422919429205,38.387471859588146
2021-08-27,42.83459152715725,33.905552018867006,35.988151113819214,38.1689061740872
2021-08-30,42.52399540489216,33.65970088302413,35.72719893043361,37.89214120852764
2021-08-31,42.72623869891507,33.819785764926486,35.897116792786484,38.07235549419451
2021-09-01,43.47486988086714,34.412361825014024,36.526090973327626,38.7394432922609
2021-09-02,43.2579997914331,34.240699160880055,36.343884180351175,38.54619541010646
2021-09-03,44.151420905772014,34.9478831210158,37.0945058840908,39.34230214233783
2021-09-06,44.21493587977812,34.998158148239426,37.14786898155544,39.39889885534609
2021-09-07,43.50108489730275,34.43311221790313,36.54811592884373,38.76280288241945
2021-09-08,44.27502903472473,35.04572464807936,37.198357184291154,39.45244646514197
2021-09-09,44.1686951712939,34.96155649777412,37.1090191280793,39.35769483773713
2021-09-10,43.15609656708646,34.1600380654711,36.25826859476896,38.45539182192568
2021-09-13,42.95925303248544,34.00422734184692,36.092887424634334,38.27998913602873
2021-09-14,42.95661209479902,34.00213691803492,36.09066859958774,38.277635858008075
2021-09-15,43.28408801504011,34.26134919140564,36.36580260889191,38.569442018130566
2021-09-16,44.53076424944657,35.248150848882744,37.413217119320514,39.68032615462002
2021-09-17,44.06417773417639,34.87882613255471,37.02120717080572,39.26456178548507
2021-09-22,43.75367523849542,34.6330491064653,36.76033364925713,38.987880248392486
2021-09-23,44.352074645614245,35.10670979757434,37.263088257671185,39.52110001332166
2021-09-24,43.61637438803479,34.524369159685,36.64497819521246,38.86553466058569
2021-09-27,42.76780337156116,33.85268611766256,35.93203800171723,38.109392805251375
2021-09-28,43.12405494218329,34.13467564362486,36.23134832314183,38.426840276761084
2021-09-29,43.67029584508945,34.56705047639466,36.690281149567234,38.91358281423235
2021-09-30,43.85026003604379,34.709500422113585,36.841480875495165,39.07394471040864
2021-10-08,46.143824220378335,36.52496210828986,38.76845464861364,41.117686299507476
2021-10-11,46.49472163923825,36.80271357653716,39.06326659580761,41.43036281116983
2021-10-12,47.21080636468467,37.36952761731414,39.66489636256574,42.06844922039665
2021-10-13,46.55049540095509,36.8468610776982,39.11012579285585,41.48006151032974
2021-10-14,46.23419009355697,36.596490858875605,38.844376948407785,41.19820922296077
2021-10-15,45.543789665167814,36.05000712215652,38.26432624499062,40.5830094922238
2021-10-18,45.488284231961465,36.00607201536989,38.21769248833155,40.53354989434572
2021-10-19,44.80745423283202,35.46716371419341,37.64568253053943,39.92687815006633
2021-10-20,44.16394412474263,34.95779582561068,37.10502746211165,39.35346129088679
2021-10-21,43.984719667937554,34.85292243813385,36.983896593639805,39.21457973079212
2021-10-22,43.806222533081495,34.85292243813385,36.94637492914123,39.13501016459532
2021-10-25,43.806222533081495,34.85292243813385,36.94637492914123,39.13501016459532
2021-10-26,43.806222533081495,34.85292243813385,36.94637492914123,39.13501016459532
2021-10-27,43.806222533081495,34.85292243813385,36.94637492914123,39.13501016459532
2021-10-28,43.806222533081495,34.85292243813385,36.94637492914123,39.13501016459532
2021-10-29,43.806222533081495,34.85292243813385,36.94637492914123,39.13501016459532
2021-11-01,43.806222533081495,34.85292243813385,36.94637492914123,39.13501016459532
2021-11-02,43.806222533081495,34.85292243813385,36.94637492914123,39.13501016459532
2021-11-03,43.806222533081495,34.74836367081945,36.863245585550665,39.07630764934843
2021-11-04,43.806222533081495,34.74836367081945,36.863245585550665,39.07630764934843
2021-11-05,43.806222533081495,34.74836367081945,36.863245585550665,39.07630764934843
2021-11-08,43.63418629036877,34.611899543563815,36.71847587252769,38.92284677647805
2021-11-09,43.586315934876176,34.573927391994445,36.678192630359106,38.880145154873965
2021-11-10,44.00286100580196,34.90434299902118,37.02871824884611,39.25171436125837
2021-11-11,44.08983061378227,34.9733298093796,37.10190378807027,39.32929354889582
2021-11-12,44.12819802957833,35.003763954122036,37.13419023938218,39.36351829726861
2021-11-15,45.38639536496713,36.00180249868564,38.19297218147948,40.48586355596135
2021-11-16,45.564058268744915,36.14272985636005,38.342476769519614,40.644343559131094
2021-11-17,45.57993533222573,36.15532400266973,38.35583743054964,40.658506319151684
2021-11-18,44.99042340852868,35.6877060815527,37.85975898410419,40.13264611114245
2021-11-19,45.039827113469755,35.726894530286934,37.90133255066094,40.17671552095831
2021-11-22,44.120888224409086,34.99796560508173,37.12803898671634,39.356997757967726
2021-11-23,43.94594619565577,34.85919652423162,36.98082403422192,39.20094484719225
2021-11-24,43.944276231380584,34.85787186023194,36.97941874749242,39.199455194946346
2021-11-25,44.00413940234743,34.90535706016383,37.0297940285661,39.25285472474601
2021-11-26,43.697837272049355,34.662389344590856,36.77203862306342,38.979625133490124
2021-11-29,42.819103574392315,33.96535234093386,36.03257801158139,38.19577146325949
2021-11-30,42.819103574392315,33.96535234093386,36.03257801158139,38.19577146325949
2021-12-01,42.63636175934694,33.82039624383449,35.87879948384644,38.032760937078635
2021-12-02,42.72812862453424,33.89318837746462,35.956021948884626,38.1146194048652
2021-12-03,42.529636017483064,33.73573829624443,35.788989018457485,37.93755875615495
2021-12-06,42.29072445172811,33.54622672706613,35.58794324887527,37.72444332860632
2021-12-07,43.11970818204432,34.20380061663094,36.28553891154613,38.46391871381393
2021-12-08,42.390392338136714,33.625286179421614,35.671814479061766,37.813349716029286
2021-12-09,42.46148530170245,33.681679175885826,35.7316397099031,37.876766517464304
2021-12-10,43.295782275720555,34.34346768414518,36.43370650466692,38.620981456404365
2021-12-13,42.88246910730397,34.01561571573516,36.08590055496248,38.2522951924295
2021-12-14,43.69058447365253,34.65663621497248,36.765935341999125,38.9731554457361
2021-12-15,44.34963815571843,35.179416671692394,37.32053366915938,39.56104873916935
2021-12-16,44.738234072177875,35.487662200416786,37.647539876808736,39.90768656148746
2021-12-17,45.401424304232556,36.013723888318964,38.2056191399935,40.49926976677847
2021-12-20,46.57645871504304,36.94579519398188,39.19441889382912,41.547431499982615
2021-12-21,47.40164479670425,37.60035667871178,39.88881880834089,42.28351928227434
2021-12-22,46.58564435921291,36.95308151281306,39.202148678259626,41.55562533722271
2021-12-23,45.42400578536521,36.031636172767385,38.224621615818705,40.51941304444299
2021-12-24,45.00315515009022,35.69780526747563,37.870472834529444,40.144003160926786
2021-12-27,46.093988574793194,36.56308591378654,38.78841686399662,41.117055390337704
2021-12-28,46.06700754140468,36.54168377714509,38.76571213388205,41.09298759584593
2021-12-29,46.68744022423824,37.03382893940102,39.28781061747816,41.64642993778277
2021-12-30,46.77846977641805,37.10603621501231,39.36441262841423,41.72763070289039
2021-12-31,46.31525579590116,36.73860147808074,38.974614792968374,41.31443159638245
2022-01-04,48.360114464270175,38.36064256163353,40.69537780153191,43.138499543904786
2022-01-05,49.32582979892216,39.126675917411525,41.50803407473886,43.99994313197167
2022-01-06,49.6458898974196,39.38055685158038,41.77736690762891,44.28544519428078
2022-01-07,49.4358619070434,39.21395657041868,41.600626870680266,44.09809467893523
2022-01-10,49.96229782985648,39.63154078191918,42.04362641699037,44.567689427991205
2022-01-11,50.969960684533554,40.430848124739086,42.89158182449775,45.46655131197233
2022-01-12,51.423806671760495,40.7908518982394,43.27349642744095,45.871393921008284
2022-01-13,52.28004290968603,41.47004326565535,43.99402526770014,46.63517926288367
2022-01-14,50.873078778608395,40.353998592742414,42.8100550165604,45.380130092732806
2022-01-17,51.14948903088786,40.57325520545985,43.04265619563826,45.62669533919635
2022-01-18,49.861657304132,39.551709803905595,41.95893670395158,44.477915420606024
2022-01-19,51.581701191151026,40.91609840122806,43.40636578043094,46.012240003118904
2022-01-20,50.55545989456901,40.10205410054189,42.542776482874686,45.09680565820544
2022-01-21,51.58598029089553,40.919492707002625,43.40996667308146,46.01605707312425
2022-01-24,51.42284919946648,40.79009240350206,43.27269070774465,45.87053983043021
2022-01-25,51.42252054949711,40.78983170883368,43.272414146474766,45.87024666597618
2022-01-26,51.42219190162818,40.789571015831434,43.27213758697242,45.869953503395806
2022-01-27,51.421863255859684,40.78931032449531,43.2718610292376,45.869660342689066
2022-01-28,51.42153461219161,40.789049634825304,43.271584473270295,45.86936718385595
2022-02-07,51.4064678148544,40.77709821507364,43.258905656921556,45.855927202638796
2022-02-08,52.34140290777863,41.518715792188594,44.04566013936953,46.68991400201849
2022-02-09,51.94985848956129,41.208131426526364,43.71617274667098,46.340646038247094
2022-02-10,52.0470567449986,41.28523189611272,43.79796576495661,46.427349449607895
2022-02-11,51.664178964885785,40.98152215864816,43.47577140941978,46.085812355956655
2022-02-14,52.58663435677019,41.71324047567724,44.25202413532123,46.90866693235511
2022-02-15,51.97883229657162,41.231114288884854,43.740554409859655,46.36649143944902
2022-02-16,52.89300192840334,41.1074209460182,43.834458212514924,46.70467343207061
2022-02-17,52.686448975162854,41.1074209460182,43.79166362501095,46.61348000500264
2022-02-18,52.8878176402334,41.1074209460182,43.83350677926084,46.702558832912686
2022-02-21,53.18590839546122,41.1074209460182,43.89527130142829,46.834173273200946
2022-02-22,53.04115100562868,41.1074209460182,43.86540359261555,46.77043841482846
2022-02-23,52.609018954589445,40.64919203448297,43.40933019995292,46.31923888660735
2022-02-24,52.61316199789693,40.65239322253703,43.412748753245516,46.3228865998035
2022-02-25,53.03347049495734,40.977151242173946,43.75955830600471,46.692944245208686
2022-02-28,52.5047327071814,40.56861361310802,43.3232803887417,46.22742079719476
2022-03-01,53.3137319549363,41.1936996996995,43.99081071291709,46.93969846669835
2022-03-02,54.21414218720285,41.88941593179288,44.73376707029781,47.732458291402544
2022-03-03,54.72119478335007,42.2811981539659,45.15215186462171,48.178889165722595
2022-03-04,54.771158298174115,42.319803255318455,45.193378307464506,48.22287918919646
2022-03-07,55.51997749466134,42.89839027180303,45.811252208295755,48.88217175792708
2022-03-08,55.216453165976134,42.66386739019384,45.56080488824616,48.614935908112
2022-03-09,54.91983969937097,42.434684295666756,45.31605993444403,48.35378467796782
2022-03-10,55.21382934380554,42.6618400524218,45.558639891345386,48.61262578242765
2022-03-11,55.34056620115279,42.759765293274555,45.663214395839375,48.72421035267543
2022-03-14,55.02267496187918,42.51414159056939,45.40091249309506,48.444325257981234
2022-03-15,54.68533003889878,42.25348669092329,45.12255875368065,48.14731230497026
2022-03-16,55.22004302588776,42.66664115233244,45.563766992793475,48.618096574897294
2022-03-17,54.75854183860745,42.310054947938625,45.182968076097964,48.21177111654687
2022-03-18,55.50454300438644,42.8864645683475,45.79851673255176,48.86858257005888
2022-03-21,55.90405229918865,43.195151754816294,46.12816421962976,49.2203277048491
2022-03-22,56.375443202342154,43.55937940487255,46.517123447056285,49.635360493637414
2022-03-23,56.131070532478745,43.37056098965308,46.315483991906945,49.42020430373523
2022-03-24,55.593624009751,42.95529441854513,45.872020227831754,48.94701331158822
2022-03-25,56.573961792728014,43.71276793906999,46.68092728168638,49.81014478337018
2022-03-28,56.71176092077981,43.81924061865363,46.79462960820247,49.93146905166925
2022-03-29,56.07300162690258,43.32569312971379,46.267569540229346,49.369077946264326
2022-03-30,55.306575557163974,42.73350188364759,45.63516766320797,48.69428353042873
2022-03-31,56.35560968116647,43.54405472049313,46.50075819473166,49.61789821010592
2022-04-01,55.699141077413465,43.036823852690816,45.95908562693841,49.039915067994116
2022-04-06,57.190603753318975,44.18922612001837,47.18973765326059,50.35306283901332
2022-04-07,56.70109116634549,43.81099646383799,46.78582566350639,49.922074941793696
2022-04-08,56.529146115289564,43.678140395835946,46.64394847883626,49.77068713693643
2022-04-11,57.31403268876084,44.284595442600086,47.2915826889844,50.46173497280061
2022-04-12,58.24954504540257,45.007433887251295,48.06350289587231,51.2854002148015
2022-04-13,58.48158344440582,45.18672203266603,48.2549649622928,51.489696783106154
2022-04-14,58.03025755147231,44.83799793066701,47.88256199596776,51.09233009074218
2022-04-15,56.76662362464217,43.86163115603957,46.83989852358899,49.97977253150336
2022-04-18,57.104903379436145,44.12300836829793,47.119023621673136,50.277608550577
2022-04-19,57.367872495100265,44.32619562200809,47.336007579958064,50.50913784974071
2022-04-20,58.214988276897145,44.98073305254687,48.034989036376274,51.25497495222562
2022-04-21,58.1090032991017,44.89884208022335,47.947537550133426,51.16166122765045
2022-04-22,58.83244081711144,45.457817540684054,48.54446824229147,51.798606676968774
2022-04-25,57.908200993724336,45.321444088062,48.2445884660647,51.31403855706654
2022-04-26,56.52147870688945,45.321444088062,47.95576130127193,50.69963230999369
2022-04-27,54.19824525477924,45.321444088062,47.46297328764664,49.657664862511574
2022-04-28,54.19824525477924,45.321444088062,47.46297328764664,49.657664862511574
2022-04-29,54.19824525477924,45.321444088062,47.46297328764664,49.657664862511574
2022-05-05,54.19824525477924,45.321444088062,47.46297328764664,49.657664862511574
2022-05-06,54.19824525477924,45.321444088062,47.46297328764664,49.657664862511574
2022-05-09,54.19824525477924,45.321444088062,47.46297328764664,49.657664862511574
2022-05-10,54.19824525477924,45.321444088062,47.46297328764664,49.657664862511574
2022-05-11,54.19824525477924,45.321444088062,47.46297328764664,49.657664862511574
2022-05-12,54.19824525477924,45.185479755797815,47.35618159774943,49.58317836521781
2022-05-13,54.19824525477924,45.185479755797815,47.35618159774943,49.58317836521781
2022-05-16,54.19824525477924,45.185479755797815,47.35618159774943,49.58317836521781
2022-05-17,54.19824525477924,45.185479755797815,47.35618159774943,49.58317836521781
2022-05-18,54.02251975189727,45.03897609842433,47.202639932577156,49.42241616873423
2022-05-19,54.507222647057134,45.4430765034073,47.626153244055104,49.86584584052291
2022-05-20,54.28845420166805,45.26068762506139,47.435002438729185,49.665705876628934
2022-05-23,54.59133363031092,45.513200455081154,47.699645937012356,49.94279463961301
2022-05-24,54.01520000662017,45.03287357240192,47.19624424236685,49.41571971142355
2022-05-25,54.582247823663195,45.505625550572425,47.69170713553366,49.934482503869724
2022-05-26,54.39365520001809,45.348394479017436,47.52692271324563,49.76194884244578
2022-05-27,54.199235945782156,45.186305702247665,47.35704722250944,49.58408469730424
2022-05-30,53.94110371349259,44.97109894229429,47.131501970793764,49.34793283564785
2022-05-31,53.76567807722614,44.82484528594614,46.97822231664847,49.18744497165997
2022-06-01,54.28987538449216,45.26187247574107,47.43624420940988,49.66700604347246
2022-06-02,55.02652153833215,45.87601984739584,48.079895103835355,50.34092560426634
2022-06-06,54.97699584083291,45.83472990542034,48.036621600910976,50.29561709877464
2022-06-07,53.92416848650721,44.95697991772975,47.116704670978095,49.3324396702082
2022-06-08,53.92416848650721,44.95697991772975,47.116704670978095,49.3324396702082
2022-06-09,53.92416848650721,44.95697991772975,47.116704670978095,49.3324396702082
2022-06-10,53.92416848650721,44.95697991772975,47.116704670978095,49.3324396702082
2022-06-13,53.92416848650721,44.95697991772975,47.116704670978095,49.3324396702082
2022-06-14,53.92416848650721,44.95697991772975,47.116704670978095,49.3324396702082
2022-06-15,53.92416848650721,44.95697991772975,47.116704670978095,49.3324396702082
2022-06-16,53.92416848650721,44.95697991772975,47.116704670978095,49.3324396702082
2022-06-17,53.92416848650721,44.95697991772975,47.116704670978095,49.3324396702082
2022-06-20,53.92416848650721,44.95697991772975,47.116704670978095,49.3324396702082
2022-06-21,53.92416848650721,44.95697991772975,47.116704670978095,49.3324396702082
2022-06-22,53.92416848650721,44.95697991772975,47.116704670978095,49.3324396702082
2022-06-23,53.92416848650721,44.95697991772975,47.116704670978095,49.3324396702082
2022-06-24,53.92416848650721,44.95697991772975,47.116704670978095,49.3324396702082
2022-06-27,53.92416848650721,44.95697991772975,47.116704670978095,49.3324396702082
2022-06-28,53.92416848650721,44.95697991772975,47.116704670978095,49.3324396702082
2022-06-29,53.92416848650721,44.95697991772975,47.116704670978095,49.3324396702082
2022-06-30,53.92416848650721,44.95697991772975,47.116704670978095,49.3324396702082
2022-07-01,53.92416848650721,44.95697991772975,47.116704670978095,49.3324396702082
2022-07-04,53.92416848650721,44.95697991772975,47.116704670978095,49.3324396702082
2022-07-05,53.92416848650721,44.95697991772975,47.116704670978095,49.3324396702082
2022-07-06,53.92416848650721,44.95697991772975,47.116704670978095,49.3324396702082
2022-07-07,53.92416848650721,44.95697991772975,47.116704670978095,49.3324396702082
2022-07-08,53.92416848650721,44.95697991772975,47.116704670978095,49.3324396702082
2022-07-11,53.681509728317934,44.75467350809996,46.9046794999587,49.11044369169227
2022-07-12,53.57996974048664,44.67001886581428,46.81595806477998,49.01754999551864
2022-07-13,54.70067751258161,45.60436126214301,47.79518609188402,50.04282771618748
2022-07-14,54.1677356138729,45.16004364149097,47.329523537355584,49.55526666881867
2022-07-15,53.92066580479058,44.95405970595805,47.11364417278904,49.32923524741746
2022-07-18,55.62003520197257,46.37083659851285,48.59848275743882,50.88390063432751
2022-07-19,56.24727154043425,46.893768194184055,49.14653588737441,51.45772679974841
2022-07-20,55.80642879015811,46.5262343178666,48.76134575363503,51.054422511663034
2022-07-21,56.077433203173676,46.752172710530104,48.9981381836524,51.30235046735874
2022-07-22,57.62872562271552,48.04549672663097,50.35359323917484,52.72154786707476
2022-07-25,58.73570267473409,48.968391719614296,51.320823931856914,53.73426406034672
2022-07-26,58.70528057615053,48.943028589992394,51.29424236231836,53.70643245190217
2022-07-27,58.41420577485575,48.700357365499784,51.03991325841755,53.44014313344962
2022-07-28,58.67037893635919,48.91393083358308,51.26374675523277,53.67450274231697
2022-07-29,59.20230098126602,49.35739819454309,51.728518203755506,54.16113077805916
2022-08-01,59.31591284223718,49.45211724715814,51.82778754161907,54.26506840815136
2022-08-02,57.82937607658108,48.212780500829076,50.52891329402645,52.90511261527482
2022-08-03,58.92210538209471,49.12379704169208,51.483694896010576,53.904794280345065
2022-08-04,60.213190910047786,50.200184638967336,52.6117919484623,55.08594181964854
2022-08-05,59.374949057680546,49.50133617860575,51.879370941159735,54.31907759583955
2022-08-08,59.880570289750885,49.92287635649188,52.32116182890973,54.7816443748401
2022-08-09,60.936304717056714,50.80304999252523,53.243618838790184,55.747481334493145
2022-08-10,61.73668780974828,51.47033532365887,53.94296043014785,56.47971053229971
2022-08-11,61.5682794424595,51.32993201659492,53.795812174952175,56.32564240566163
2022-08-12,62.14273827057029,51.80886260975559,54.29775050259657,56.85118514978174
2022-08-15,61.83279131949184,51.55045753377038,54.026931695973936,56.5676306751519
2022-08-16,62.313452972690705,51.95118872530448,54.4469139376306,57.007363223167886
2022-08-17,62.357950055585746,51.98828627392242,54.48579364541896,57.048071308596576
2022-08-18,62.246440928593664,51.895320286248804,54.388361589402756,56.94605736133671
2022-08-19,62.36128984742164,51.99107068319028,54.488711817177766,57.05112671183931
2022-08-22,62.076847608843295,51.75392907551356,54.24017797183157,56.790905182826094
2022-08-23,61.829115725186725,51.54739316348895,54.023720113927794,56.564268063554934
2022-08-24,62.484733535138616,52.09398660281269,54.59657179797863,57.164058972973564
2022-08-25,62.47015713864087,52.08183415275153,54.58383554653095,57.15072377984928
2022-08-26,61.576877565238156,51.33710033543857,53.803324858467874,56.3335083845939
2022-08-29,62.492290404453755,52.10028682090742,54.60317467735076,57.17097236283284
2022-08-30,63.81988644044143,53.20711350000011,55.763173099313335,58.385521482271876
2022-08-31,64.15181492241312,53.483844741611335,56.05319845706845,58.68918572543567
2022-09-01,64.83528426332437,54.05365820922965,56.6503856551509,59.31445656360126
2022-09-02,66.38120832163509,55.3425065826858,58.00115005900835,60.72874272659364
2022-09-05,67.17557806433562,56.0047785392534,58.69523743424061,61.45547062073666
2022-09-06,66.02037017004147,55.04167313471518,57.68586462949057,60.398630518212435
2022-09-07,65.44579343518492,54.562644241824536,57.18382327981589,59.87297990729373
2022-09-08,65.24596750382631,54.396047878166584,57.00922365857588,59.69016947219618
2022-09-09,64.34765998708741,53.647122227137196,56.22431976190297,58.86835427098627
2022-09-13,65.52175800666049,54.62597646947197,57.25019797561797,59.942475974541004
2022-09-14,65.97003596499302,54.999709133988794,57.64188468616127,60.352582350876816
2022-09-15,66.33723135725563,54.834710006586825,57.59240047638548,60.430017537292436
2022-09-16,64.8070685552927,54.834710006586825,57.260287773301286,59.73306528992208
2022-09-19,63.75901735231072,54.834710006586825,57.02878635369649,59.25006773787657
2022-09-20,64.64392156726115,54.834710006586825,57.22666037808366,59.6612302436256
2022-09-21,66.03793843338929,54.834710006586825,57.535177125772876,60.30451393679568
2022-09-22,65.73608400599524,54.834710006586825,57.46942988881214,60.166690248204695
2022-09-23,64.7303962262156,54.834710006586825,57.2496255597894,59.706449072848955
2022-09-26,63.186771650163,54.834710006586825,56.908317866124655,58.99453977280704
2022-09-27,64.53699443186835,54.834710006586825,57.212332872923845,59.62485977110103
2022-09-28,65.37781457594114,54.834710006586825,57.398680573155445,60.013270973268064
2022-09-29,63.99464702310929,54.834710006586825,57.09509137757317,59.37843475483566
2022-09-30,64.2628367580731,54.834710006586825,57.154910120767255,59.50285677620968
2022-10-10,64.42413988130438,54.834710006586825,57.190775583512035,59.577534436918306
2022-10-11,64.10684301603891,54.834710006586825,57.12035767087796,59.43082107022138
2022-10-12,64.5419200218001,54.834710006586825,57.21727304299056,59.63249208118265
2022-10-13,65.54130146223595,54.834710006586825,57.43876428748795,60.094173464481614
2022-10-14,65.21292607801891,54.834710006586825,57.36681928536313,59.943631387498485
2022-10-17,67.06035307028677,56.223626792815374,58.862897370626285,61.55186827462367
2022-10-18,66.74997254340751,55.96340270946278,58.590457750745585,61.2669830864193
2022-10-19,66.73396086519305,55.949978464300926,58.57640333963205,61.252286642646055
2022-10-20,67.12613016860945,56.27877453448821,58.920633878274074,61.612242297516175
2022-10-21,67.95964594781923,56.97759698248658,59.65226071174749,62.377291258606014
2022-10-24,66.88869789154174,56.079710510467464,58.71222531617089,61.39431322954813
2022-10-25,66.02482896028168,55.35543987714457,57.95395569911211,60.601404391031764
2022-10-26,67.29961567248573,56.4242253676158,59.07291251896745,61.77147732079375
2022-10-27,67.98569568334285,56.999437168842256,59.6751261283231,62.40120121159804
2022-10-28,66.71037144168396,55.930201011858315,58.55569748659857,61.23063490623208
2022-10-31,67.66570170562694,56.73115313579831,59.39424820556943,62.107492242538505
2022-11-01,61.68672790934428,51.71836128583763,54.14614400034137,56.61964449529366
2022-11-02,61.68672790934428,51.71836128583763,54.14614400034137,56.61964449529366
2022-11-03,61.68672790934428,51.71836128583763,54.14614400034137,56.61964449529366
2022-11-04,61.68672790934428,51.71836128583763,54.14614400034137,56.61964449529366
2022-11-07,61.68672790934428,51.71836128583763,54.14614400034137,56.61964449529366
2022-11-08,61.68672790934428,51.71836128583763,54.14614400034137,56.61964449529366
2022-11-09,61.68672790934428,51.71836128583763,54.14614400034137,56.61964449529366
2022-11-10,61.68672790934428,51.71836128583763,54.14614400034137,56.61964449529366
2022-11-11,61.68672790934428,51.71836128583763,54.14614400034137,56.61964449529366
2022-11-14,61.68672790934428,51.71836128583763,54.14614400034137,56.61964449529366
2022-11-15,61.68672790934428,51.71836128583763,54.14614400034137,56.61964449529366
2022-11-16,61.68672790934428,51.71836128583763,54.14614400034137,56.61964449529366
2022-11-17,61.507903004966785,51.56843388127351,53.98917864731599,56.45550866160771
2022-11-18,61.76084288959697,51.780499535916874,54.21119916746326,56.68767150816829
2022-11-21,61.44864546017785,51.51875215533062,53.93716474315879,56.40111866179212
2022-11-22,61.61272287160728,51.65631521193532,54.08118533636512,56.55171839401483
2022-11-23,60.729996209660634,50.916234193433404,53.30636315709592,55.741500840258574
2022-11-24,61.04196889922387,51.177793151364476,53.58020031373827,56.027847407404586
2022-11-25,61.003607702465516,51.14563099427582,53.54652838860786,55.99263728366348
2022-11-28,60.84429333143851,51.012061286851726,53.40668860187725,55.84640934523567
2022-11-29,61.17764762393112,51.291546652985176,53.69929367489981,56.15238118345101
2022-11-30,61.00029850269929,51.142856550001056,53.54362370532929,55.98959990883946
2022-12-01,60.743829494831495,50.92783206650081,53.31850546187111,55.75419782898079
2022-12-02,61.7512814642893,51.77248320460494,54.20280653052006,56.67889547935079
2022-12-05,61.81942213593201,51.829612574142196,54.26261768835077,56.74143892645583
2022-12-06,61.37597414066574,51.4578242752983,53.873376763728594,56.33441672419174
2022-12-07,61.48412202479351,51.54849582707583,53.96830465349963,56.433681103414955
2022-12-08,61.473387695385696,51.53949612899993,53.95888248822095,56.42382851541809
2022-12-09,61.158246772641256,51.275280913655685,53.682264383133614,56.134573960727955
2022-12-12,61.2207133950873,51.32765314115847,53.73709508738412,56.19190943750855
2022-12-13,61.564576865113544,51.61594943727511,54.03892469637004,56.5075272063164
2022-12-14,61.55312825229912,51.60635088157561,54.02887556166856,56.49701900772188
2022-12-15,61.8021928218013,51.81516745891046,54.24749448510161,56.725624866056776
2022-12-16,61.22685031755576,51.33279835770932,53.74248183262022,56.19754225967687
2022-12-19,60.503113729411304,50.72601515474153,53.107214784940595,55.53325498561044
2022-12-20,60.943374952311835,51.09513165285725,53.49365848816265,55.93735218399524
2022-12-21,60.895457887161704,51.05495782339374,53.451598803727684,55.89337113189526
2022-12-22,60.51774990108684,50.73828617056959,53.120061831396384,55.54668890997515
2022-12-23,60.89754478143618,51.05670748261073,53.45343059610392,55.89528660408716
2022-12-26,60.74211465460404,50.926394338655,53.317000243665504,55.752623849498725
2022-12-27,60.44248963755483,50.67518771111594,53.05400138039148,55.47761068990702
2022-12-28,59.105239269691864,49.55403248050628,51.88021646041278,54.25020500645315
2022-12-29,59.105239269691864,49.55403248050628,51.88021646041278,54.25020500645315
2022-12-30,59.105239269691864,49.55403248050628,51.88021646041278,54.25020500645315
2023-01-03,59.105239269691864,49.55403248050628,51.88021646041278,54.25020500645315
2023-01-04,58.83926569297825,49.331039334344005,51.64675548634093,54.006079083924114
2023-01-05,58.08346006069803,48.69736933632458,50.98333951359139,53.31235698749299
2023-01-06,57.09780639026712,47.87099396584013,50.11817212050078,52.40766707595651
2023-01-09,57.09780639026712,47.87099396584013,50.11817212050078,52.40766707595651
2023-01-10,57.09780639026712,47.87099396584013,50.11817212050078,52.40766707595651
2023-01-11,57.09780639026712,47.87099396584013,50.11817212050078,52.40766707595651
2023-01-12,57.09780639026712,47.87099396584013,50.11817212050078,52.40766707595651
2023-01-13,57.09780639026712,47.87099396584013,50.11817212050078,52.40766707595651
2023-01-16,57.09780639026712,47.87099396584013,50.11817212050078,52.40766707595651
2023-01-17,57.09780639026712,47.87099396584013,50.11817212050078,52.40766707595651
2023-01-18,56.84086626151092,47.65557449299385,49.892640345958526,52.17183257411471
2023-01-19,56.52533477397872,47.391031826810774,49.61567941871226,51.88221953648692
2023-01-20,56.26751148650601,47.17487191070999,49.38937244275052,51.645574420526714
2023-01-30,56.26751148650601,47.17487191070999,49.38937244275052,51.645574420526714
2023-01-31,56.014307684816735,46.962584987111796,49.16712026675815,51.41316933563434
2023-02-01,56.630803750326905,47.479457373246625,49.708255870316414,51.979025059303645
2023-02-02,56.62628444231426,47.47566837012583,49.704289002389906,51.97487697718431
2023-02-03,56.913264840832205,47.71627370672785,49.95618892495128,52.23828417500299
2023-02-06,57.955506070524144,48.590092278259476,50.871026615628075,53.19491341930687
2023-02-07,58.44224860539229,48.99817886551517,51.298269756531795,53.64167385253124
2023-02-08,58.489172654991,49.03752014738228,51.33945781160882,53.68474345755979
2023-02-09,58.10392213935478,48.71452481226723,51.00130030832058,53.33113826603451
2023-02-10,58.97057645044758,49.44113071746124,51.762014820458596,54.12660368716207
2023-02-13,58.82916361910248,49.32256972144428,51.6378882896956,53.99680681660023
2023-02-14,58.796808368004164,49.29544296950737,51.6094881435943,53.96710929694195
2023-02-15,59.57385364718866,49.94692035931768,52.291547429399536,54.680326368997214
2023-02-16,58.55519792606131,49.09287595792596,51.39741215537444,53.745345267744945
2023-02-17,59.47633105916237,49.8651570917233,52.20594599982918,54.59081450069996
2023-02-20,58.73886201515551,49.246860551321284,51.55862515131096,53.91392278487875
2023-02-21,58.52393693841064,49.06666664016404,51.3699725099873,53.716652126329606
2023-02-22,58.25699762920283,48.84286382061279,51.13566385453455,53.47163979869606
2023-02-23,58.253416256397756,48.83986118554186,51.132520268641855,53.46835260772483
2023-02-24,58.24983510375905,48.83685873505914,51.12937687600239,53.46506561883501
2023-02-27,57.44364776217672,48.160948541584474,50.42173785269869,52.72510027743971
2023-02-28,58.122591505679324,48.73017727212811,51.017687531823334,53.34827408957504
2023-03-01,58.90455780653954,49.38578046315281,51.70406629375111,54.066007959769486
2023-03-02,59.41063364699902,49.81007615919592,52.148279437506815,54.53051361837051
2023-03-03,59.20457251182395,49.637313806626075,51.96740720978126,54.341378797748234
2023-03-06,58.87121187742636,49.35782312341805,51.674796570088006,54.03540113856593
2023-03-07,58.8201691621333,49.31502873830467,51.6299933148969,53.98855118409574
2023-03-08,60.125471001845504,50.40939821487206,52.77573509392003,55.18663266172203
2023-03-09,61.637473317707325,51.677066069644425,54.10291028862025,56.57443578407226
2023-03-10,61.631751627017934,51.67226898482134,54.09788801724206,56.56918408563201
2023-03-13,60.73005606279911,50.91628437450709,53.306415693788416,55.74155577692868
2023-03-14,60.063355199349544,50.3573201160018,52.72121232539864,55.12961918776974
2023-03-15,61.14432295613399,51.26360713880968,53.67004261357008,56.12179387711226
2023-03-16,61.013418095255034,51.153856060766444,53.55513955925484,56.001641829226614
2023-03-17,60.840900711811194,51.00921690308332,53.4037106959791,55.84329540284129
2023-03-20,60.39569846776757,50.635957836132135,53.01292996190146,55.434663049650155
2023-03-21,61.52361184923617,51.581604229431704,54.00296724289751,56.469927146881716
2023-03-22,62.184742318969306,52.13589825100769,54.58328114234429,57.076750906707474
2023-03-23,61.40827356952362,51.484904225680054,53.90172791129858,56.3640630069711
2023-03-24,61.823076410351995,51.8326763301736,54.265825264366995,56.74479303074308
2023-03-27,61.3446130646011,51.431531043071615,53.845849264732415,56.305631715844726
2023-03-28,61.11659067955728,51.24035630434523,53.64570032971306,56.09633959068737
2023-03-29,60.162520846159055,50.440460929636366,52.80825596629211,55.22063915039041
2023-03-30,58.68908299627525,49.20512565355383,51.51493111831818,53.86823272402048
2023-03-31,58.68908299627525,49.20512565355383,51.51493111831818,53.86823272402048
2023-04-03,58.68908299627525,49.20512565355383,51.51493111831818,53.86823272402048
2023-04-04,58.68908299627525,49.20512565355383,51.51493111831818,53.86823272402048
2023-04-06,58.68908299627525,49.20512565355383,51.51493111831818,53.86823272402048
2023-04-07,58.68908299627525,49.20512565355383,51.51493111831818,53.86823272402048
2023-04-10,58.68908299627525,49.20512565355383,51.51493111831818,53.86823272402048
2023-04-11,58.68908299627525,49.20512565355383,51.51493111831818,53.86823272402048
2023-04-12,58.68908299627525,49.20512565355383,51.51493111831818,53.86823272402048
2023-04-13,58.68908299627525,49.20512565355383,51.51493111831818,53.86823272402048
2023-04-14,58.68908299627525,49.20512565355383,51.51493111831818,53.86823272402048
2023-04-17,58.68908299627525,49.20512565355383,51.51493111831818,53.86823272402048
2023-04-18,58.68908299627525,49.20512565355383,51.51493111831818,53.86823272402048
2023-04-19,58.68908299627525,49.20512565355383,51.51493111831818,53.86823272402048
2023-04-20,58.68908299627525,49.20512565355383,51.51493111831818,53.86823272402048
2023-04-21,58.68908299627525,49.20512565355383,51.51493111831818,53.86823272402048
2023-04-24,58.68908299627525,49.20512565355383,51.51493111831818,53.86823272402048
2023-04-25,58.68908299627525,49.20512565355383,51.51493111831818,53.86823272402048
2023-04-26,58.42498212279202,48.98370258811284,51.28311392828575,53.62582567676239
2023-04-27,59.39353930895781,49.79574420837406,52.13327471087371,54.514823446828295
2023-04-28,61.18975884252175,51.301700739608165,53.709924418465775,56.16349755992689
2023-05-04,62.77252011697305,52.628693144548244,55.099208998619716,57.61624734448428
2023-05-05,63.38066715336589,53.1385656764371,55.63301615814843,58.17443984663859
2023-05-08,62.61801633192182,52.49915664867425,54.9635917519686,57.474434839926836
2023-05-09,61.62730524516868,51.66854112324253,54.09398516098674,56.56510293936072
2023-05-10,62.296494533900905,52.229591685919935,54.68137276962163,57.1793235490802
2023-05-11,63.79892921875487,53.48923800650035,56.00014988026308,58.558344946662615
2023-05-12,64.04076411389681,53.69199320040291,56.2124228845292,58.780314991979594
2023-05-15,64.27597275110905,53.889192917249126,56.418879624451186,58.99620307475732
2023-05-16,64.45035515688403,54.03539571596165,56.57194552978004,59.1562613264403
2023-05-17,65.95328079323978,55.29545365194142,57.89115357802532,60.53573334768907
2023-05-18,66.3687303222883,55.64376794202565,58.255818568163775,60.91705693928941
2023-05-19,66.30222476281888,55.58800945606396,58.19744264643963,60.85601429264988
2023-05-22,67.06107425769703,56.22423143877895,58.863530400107535,61.55253022211492
2023-05-23,67.87632559301473,56.90774091525315,59.57912543480374,62.300815020878076
2023-05-24,68.48974090534668,57.42203038750514,60.11755687636686,62.863843051206516
2023-05-25,68.52386898167167,57.450643482107274,60.14751313758829,62.89516777233079
2023-05-26,67.46659854232263,56.564224370374696,59.2194834074261,61.9247438506843
2023-05-29,66.29178990571526,55.57926083658061,58.18828334597899,60.84643657764391
2023-05-30,66.02603456035423,55.35645065632234,57.95501392666523,60.60251096046449
2023-05-31,65.7248766926971,55.10395888164993,57.69066958839909,60.326090861982905
2023-06-01,65.720836228966,55.10057134319409,57.68712303084243,60.322382290823356
2023-06-02,65.71679601362405,55.09718401298857,57.68357669131185,60.31867394764974
2023-06-05,65.712756046656,55.09379689102056,57.68003056979394,60.314965832448046
2023-06-06,65.70871632804658,55.09040997727726,57.67648466627531,60.31125794520425
2023-06-07,65.70467685778051,55.08702327174587,57.67293898074254,60.30755028590434
2023-06-08,65.70063763584254,55.08363677441359,57.66939351318226,60.30384285453431
2023-06-09,65.4009639682374,54.83238935808392,57.40635194639492,60.02878504065028
2023-06-12,65.4009639682374,54.83238935808392,57.40635194639492,60.02878504065028
2023-06-13,65.10665963038034,54.58564360597255,57.148023362636145,59.758655507967354
2023-06-14,64.90002243474707,54.41239828236648,56.96664549206683,59.56899194575906
2023-06-15,63.718287447734596,53.42162767296984,55.92936575709606,58.48432726795952
2023-06-16,63.42765567337015,53.177961010510224,55.674260802770405,58.21756862633187
2023-06-19,63.138349528297596,52.93540576013182,55.42031943284877,57.95202672389242
2023-06-20,63.138349528297596,52.93540576013182,55.42031943284877,57.95202672389242
2023-06-21,63.138349528297596,52.93540576013182,55.42031943284877,57.95202672389242
2023-06-26,63.138349528297596,52.93540576013182,55.42031943284877,57.95202672389242
2023-06-27,63.138349528297596,52.93540576013182,55.42031943284877,57.95202672389242
2023-06-28,63.138349528297596,52.93540576013182,55.42031943284877,57.95202672389242
2023-06-29,62.85422695542026,52.69719643421123,55.17092799540095,57.69124260363491
2023-06-30,63.76725465830926,53.46268194790856,55.97234721720798,58.529272204230715
2023-07-03,64.5704455350972,54.13607989516643,56.67735606349066,59.26648721703589
2023-07-04,65.13736512153677,54.61138719359517,57.17497541540511,59.786838782591445
2023-07-05,65.6714381383542,55.05915581697513,57.64376336145716,60.27704186794834
2023-07-06,65.9652066740978,55.305452350782645,57.90162163953796,60.54667961048106
2023-07-07,66.21328621455682,55.51344307643663,58.11937594385076,60.77438135222343
2023-07-10,66.0591815901273,55.38424123817772,57.98410906443803,60.63293522035689
2023-07-11,66.30335456509442,55.58895668611243,58.19843434171634,60.85705129048327
2023-07-12,66.45442171598401,55.715611896283605,58.33103504827043,60.99570945356262
2023-07-13,65.91876317952855,55.26651396787735,57.86085539645693,60.504051086635634
2023-07-14,66.28943634596159,55.57728760412407,58.186217485304326,60.84427634446138
2023-07-17,67.368728298247,56.48216962677289,59.133576819272236,61.83491288356974
2023-07-18,67.96249583819879,56.979986340218275,59.65476223160609,62.379907052725905
2023-07-19,68.28341911205608,57.249049498289764,59.936455853366596,62.67446898349923
2023-07-20,68.36241880593869,57.31528310879502,60.005798626859736,62.746979468889926
2023-07-21,68.16784743311318,57.152153811834104,59.835011653252764,62.56839061628404
2023-07-24,69.02969620933736,57.874730740343345,60.591508058971236,63.35944523973936
2023-07-25,69.43733382185086,58.21649549318698,60.94931606103529,63.73359860279898
2023-07-26,70.69986437797368,59.27500538095295,62.05751491698891,64.89242212407852
2023-07-27,71.33635356547148,59.80864006817315,62.61619968385747,65.47662869075175
2023-07-28,70.7745494970412,59.3376216373426,62.123070529172715,64.96097244331261
2023-07-31,70.97061141527412,59.502000612613685,62.29516584395784,65.14092940465002
2023-08-01,70.62333009293236,59.210838777557534,61.99033618082868,64.82217453342808
2023-08-02,71.10120387752512,59.61148977459081,62.40979468724475,65.26079471501765
2023-08-03,70.40920892365729,59.43265530526703,62.11752127172426,64.84532703924741
2023-08-04,70.08805852648341,59.43265530526703,62.04668868131161,64.69744082626563
2023-08-07,70.08374983436089,59.2507036925087,61.903269286163,64.5964173633361
2023-08-08,70.07944140711697,59.24706123121613,61.89946375731345,64.59244627210475
2023-08-09,70.0751332447354,59.24341899384536,61.89565846241034,64.58847542499787
2023-08-10,70.07082534719986,59.23977698038262,61.89185340143929,64.58450482200043
2023-08-11,70.06651771449408,59.23613519081416,61.88804857438593,64.58053446309744
2023-08-14,70.0622103466018,59.2324936251262,61.88424398123586,64.57656434827389
2023-08-15,70.05790324350673,59.22885228330499,61.88043962197472,64.57259447751478
2023-08-16,70.34073630552994,59.467967028049515,62.13025917704752,64.83328261937052
2023-08-17,71.55274442498167,60.492631577653,63.20079642958836,65.95039439659267
2023-08-18,73.9170443772507,62.4914749078571,65.289124993121,68.12957725781007
2023-08-21,75.00020375604198,63.40720723605308,66.24585329124463,69.1279287368445
2023-08-22,73.11579648896364,61.81407820283848,64.58140224839302,67.3910645052018
2023-08-23,74.11223151925725,62.65649141372259,65.4615290417255,68.30948187362772
2023-08-24,72.67265670644173,62.46852193948143,64.99635525882391,67.54358728604542
2023-08-25,72.60564787223129,62.46852193948143,64.98137256040883,67.51244753385011
2023-08-28,73.1211954282344,62.46852193948143,65.09672511489674,67.7521387861554
2023-08-29,75.41388338580903,64.23979370571921,66.99134115104994,69.77485375624653
2023-08-30,76.24030535170878,64.94376456916987,67.72546480795116,70.53948049634695
2023-08-31,76.44631926655708,65.11925336242902,67.90847021533564,70.73008983954644
2023-09-01,76.48439096180496,65.1516839672321,67.94228990224263,70.76531474574286
2023-09-04,77.06992419023531,65.65045862401217,68.46242829719014,71.30706506476751
2023-09-05,76.83057931895148,65.44657752857599,68.24981447590075,71.08561706817383
2023-09-06,77.15254807671576,65.72084011326018,68.5358243977214,71.3835107977959
2023-09-07,77.3787534281315,65.91352857402723,68.73676617643024,71.59280177454043
2023-09-08,76.91251460750283,65.51637244958317,68.32259888403914,71.16142569278608
2023-09-11,76.26114760442309,64.96151862127032,67.74397930951577,70.55876428163687
2023-09-12,75.38299582689052,64.21348276237676,66.96390324566788,69.74627579672942
2023-09-13,75.91235281329841,64.66440482177468,67.43413939947688,70.23605041982499
2023-09-14,75.22932748747155,64.08258349051626,66.8273972379151,69.60409791875077
2023-09-15,75.10484507821093,63.976545663900396,66.71681755189866,69.48892360983805
2023-09-18,77.39158317970394,65.92445733882896,68.74816304695175,71.60467218883957
2023-09-19,76.95732157905184,65.55454036349579,68.36240162303386,71.20288224888328
2023-09-20,77.4282089562977,65.95565626702441,68.78069830153028,71.63855929411518
2023-09-21,77.54809444912048,66.0577783031997,68.88719447422656,71.7494804183651
2023-09-22,77.86268097892423,66.32575248606739,69.16664664660433,72.04054392186414
2023-09-25,77.63833589852267,66.13464865959872,68.96735737595567,71.83297411544176
2023-09-26,78.16892161132941,66.58661738476745,69.43868502678976,72.32388558762847
2023-09-27,78.46166030067141,66.83598092591818,69.69872941815856,72.59473491033391
2023-09-28,79.25337113205636,67.51038381036535,70.40201862721514,73.32724602098064
2023-10-09,78.83944441381792,67.15778869398753,70.03432099982756,72.94427043433521
2023-10-10,78.74957292363672,67.0812334798802,69.95448673870509,72.86111903299219
2023-10-11,78.00964582377443,66.45094152144527,69.29719783448313,72.17651955521369
2023-10-12,77.1341638185276,65.70517985416176,68.51949337143286,71.3665012119093
2023-10-13,75.53652613441835,64.34426445455811,67.10028663751633,69.888325964072
2023-10-16,75.53652613441835,64.34426445455811,67.10028663751633,69.888325964072
2023-10-17,75.53652613441835,64.34426445455811,67.10028663751633,69.888325964072
2023-10-18,75.53652613441835,64.34426445455811,67.10028663751633,69.888325964072
2023-10-19,75.53652613441835,64.34426445455811,67.10028663751633,69.888325964072
2023-10-20,75.19661176681348,64.05471526451261,66.79833534764751,69.57382849723368
2023-10-23,74.31713672964933,63.305552213622896,66.01708381141404,68.76011569867032
2023-10-24,77.69112890181016,66.17961931338333,69.01425423280531,71.88181955236077
2023-10-25,79.41434718783526,67.64750801284004,70.54501619458168,73.47618518504368
2023-10-26,78.47371155322946,66.846246542055,69.70943473573628,72.60588503743341
2023-10-27,78.15500544009913,66.57476317531862,69.42632307256397,72.31100999007475
2023-10-30,77.95163456952112,66.40152580594928,69.24566552305976,72.12284605903481
2023-10-31,78.69164640907748,67.03188994818143,69.90302970288748,72.80752394014566
2023-11-01,80.12732563612688,68.25484430661717,71.17836618689674,74.13585108112807
2023-11-02,81.02332544778695,69.01808365297123,71.97429694074903,74.96485302370631
2023-11-03,80.30846789450058,68.40914668154969,71.33927770985204,74.30344853161924
2023-11-06,79.84573384268921,68.01497602364974,70.92822375883728,73.87531515161551
2023-11-07,80.06010155063868,68.19758082687133,71.11864997229115,74.0736536378557
2023-11-08,79.91286726964047,68.07216227775157,70.9878594400357,73.93742871529072
2023-11-09,79.48364335448308,67.7065365530795,70.60657307153782,73.54029977080215
2023-11-10,79.4787570649326,67.70237426599633,70.60223250352114,73.53577885073427
2023-11-13,80.18598977661838,68.30481617007126,71.23047846745516,74.19012864435325
2023-11-14,79.289138423046,67.54085145493465,70.43379127550166,73.36033883341798
2023-11-15,79.23798843033046,67.49728036652796,70.38835393083728,73.31301355190315
2023-11-16,79.6949121331611,67.88650159597888,70.79424645728008,73.73577104841964
2023-11-17,79.8135797997966,67.98758625150847,70.899660815781,73.84556540873294
2023-11-20,80.13396791431818,68.2605023971648,71.18426662729787,74.14199668679903
2023-11-21,80.13396791431818,68.2605023971648,71.18426662729787,74.14199668679903
2023-11-22,79.77336505870375,67.95333013637756,70.86393742747504,73.80835770170845
2023-11-23,79.38465871773074,67.62221848909022,70.51864345869106,73.44871665316617
2023-11-24,79.37212178810016,67.6115391587466,70.50750670651543,73.4371171652171
2023-11-27,79.44368239355113,67.67249661545398,70.57107512014845,73.50332686767342
2023-11-28,80.65182340498681,68.70162713967058,71.64428582117557,74.6211298318649
2023-11-29,80.69646771090434,68.73965649014978,71.68394406172622,74.6624358855594
2023-11-30,80.79903181858828,68.82702365417076,71.77505337501482,74.75733082125281
2023-12-01,80.36499294759156,68.45729640659688,71.3894898053601,74.35574695647041
2023-12-04,81.66554411025712,69.56514465207114,72.54478990012909,75.55905015613804
2023-12-05,82.62890392821521,70.3857632595682,73.40055760918449,76.45037529939833
2023-12-06,83.12450743338782,70.80793309757061,73.84081001364987,76.90892033834814
2023-12-07,82.245400243161,70.0590833896664,73.05988524164817,76.09554788117956
2023-12-08,81.8702626246933,69.73952998464767,72.7266445829117,75.74846096174402
2023-12-11,81.86522961674505,69.7352427184601,72.72217368262997,75.74380429406195
2023-12-12,81.86019691820304,69.73095571583397,72.71770305719866,75.73914791265042
2023-12-13,82.61622816546668,70.37496566703658,73.38929752936215,76.43864735949762
2023-12-14,83.52136579550547,71.14598887945368,74.1933455512943,77.27610384535625
2023-12-15,84.6884301993486,72.14012912496554,75.23006725442056,78.35590168159389
2023-12-18,84.48730472470933,71.96880445078462,75.05140432551666,78.16981524830658
2023-12-19,85.35764401592671,72.7101854009706,75.82454043464425,78.97507542105662
2023-12-20,87.29798758692799,74.36302788995448,77.54817820900733,80.7703309207749
2023-12-21,87.36016111224333,74.41598915200463,77.60340793141341,80.82785545659803
2023-12-22,85.76541167950653,73.05753405100923,76.18676687671051,79.35235249280282
2023-12-25,84.25874555566617,71.77411093800305,74.84837161351268,77.95834645928997
2023-12-26,84.11463236676867,71.65135102816409,74.72035359655939,77.8250092509642
2023-12-27,84.69967206755653,72.14970528338786,75.24005358312397,78.36630294559116
2023-12-28,85.38224316505533,72.7311396894174,75.8463922465032,78.99783518299854
2023-12-29,86.72929975226556,73.87860264169124,77.04300384283097,80.244166390916
2024-01-02,89.65984734049964,76.3749304272509,79.64625545153567,82.95558397365292
2024-01-03,89.43631352860722,76.14580563596915,79.41740922475816,82.72774099766842
2024-01-04,90.56890153416137,76.14580563596915,79.66883731244253,83.25155757442492
2024-01-05,90.42988289715244,76.14580563596915,79.63826541362391,83.18766413050089
2024-01-08,90.45635776768097,76.14580563596915,79.64409427433453,83.19984142503488
2024-01-09,91.8779688677307,76.14580563596915,79.95701569652078,83.85362531049697
2024-01-10,91.29990817255097,76.14580563596915,79.83125103104214,83.58983799816474
2024-01-11,90.75871645743022,76.14580563596915,79.71294858000333,83.34209334705623
2024-01-12,90.35996288086307,76.14580563596915,79.62539273802561,83.15900923625173
2024-01-15,90.34618189285264,76.14580563596915,79.62235677899115,83.15266785854027
2024-01-16,89.75578309463505,76.14580563596915,79.49227672810056,82.8809727290743
2024-01-17,89.80963316088038,76.14580563596915,79.50419981600702,82.90583544943647
2024-01-18,89.3353346118333,76.14580563596915,79.3992313251873,82.68691618611668
2024-01-19,89.32984268552521,76.14580563596915,79.39801105011571,82.68437458008637
2024-01-22,88.92239151689976,76.14580563596915,79.3074735225204,82.49580464624958
2024-01-23,88.92239151689976,76.14580563596915,79.3074735225204,82.49580464624958
2024-01-24,88.92239151689976,76.14580563596915,79.3074735225204,82.49580464624958
2024-01-25,88.92239151689976,76.14580563596915,79.3074735225204,82.49580464624958
2024-01-26,88.92239151689976,76.14580563596915,79.3074735225204,82.49580464624958
2024-01-29,88.92239151689976,76.14580563596915,79.3074735225204,82.49580464624958
2024-01-30,88.92239151689976,76.14580563596915,79.3074735225204,82.49580464624958
2024-01-31,88.92239151689976,76.14580563596915,79.3074735225204,82.49580464624958
2024-02-01,88.92239151689976,76.14580563596915,79.3074735225204,82.49580464624958
2024-02-02,88.92239151689976,76.14580563596915,79.3074735225204,82.49580464624958
2024-02-05,88.92239151689976,76.14580563596915,79.3074735225204,82.49580464624958
2024-02-06,88.92239151689976,75.91736821906125,79.12903170709473,82.37206093928022
2024-02-07,88.92239151689976,75.91736821906125,79.12903170709473,82.37206093928022
2024-02-08,88.92239151689976,75.91736821906125,79.12903170709473,82.37206093928022
2024-02-19,88.92239151689976,75.91736821906125,79.12903170709473,82.37206093928022
2024-02-20,88.92239151689976,75.91736821906125,79.12903170709473,82.37206093928022
2024-02-21,88.92239151689976,75.91736821906125,79.12903170709473,82.37206093928022
2024-02-22,88.92239151689976,75.91736821906125,79.12903170709473,82.37206093928022
2024-02-23,88.92239151689976,75.91736821906125,79.12903170709473,82.37206093928022
2024-02-26,88.92239151689976,75.91736821906125,79.12903170709473,82.37206093928022
2024-02-27,88.92239151689976,75.91736821906125,79.12903170709473,82.37206093928022
2024-02-28,88.92239151689976,75.91736821906125,79.12903170709473,82.37206093928022
2024-02-29,88.92239151689976,75.91736821906125,79.12903170709473,82.37206093928022
2024-03-01,88.52224075507372,75.57574006207547,78.77295106441281,82.00138666505346
2024-03-04,87.09261711790727,74.35520086799842,77.50077729372585,80.67707404421564
2024-03-05,83.41461130750533,71.21510851716388,74.22784419526253,77.27000284897146
2024-03-06,87.20383851901254,74.45015598467388,77.59974946062817,80.78010249265604
2024-03-07,89.37525419166751,76.30399909848914,79.53201890007688,82.79156418482668
2024-03-08,88.96759589213609,75.9559613916175,79.16925755325512,82.41393540405976
2024-03-11,88.9621265727165,75.95129196776146,79.16439059070062,82.4088689736046
2024-03-12,88.95665758952556,75.94662283096017,79.15952392734464,82.40380285461032
2024-03-13,88.57498978502521,75.62077447311312,78.81989064388593,82.05025001921577
2024-03-14,88.57498978502521,75.62077447311312,78.81989064388593,82.05025001921577
2024-03-15,88.22391850191862,75.32104785289872,78.50748417102231,81.725039859741
2024-03-18,90.96436126366967,77.66069705348929,80.94611159080854,84.26361213968993
2024-03-19,91.0852238863658,77.76388334970355,81.05366315504764,84.37557160402929
2024-03-20,92.79576256631563,79.22425337128601,82.57581373076893,85.96010609506405
2024-03-21,93.14463822637369,79.52210548137306,82.88626639286721,86.28328236866969
2024-03-22,91.90654439581942,78.46508459360182,81.7845285256882,85.1363908071716
2024-03-25,90.69099243406005,77.42730879499713,80.7028499059066,84.0103806025329
2024-03-26,90.95876970344067,77.65592326671205,80.94113585028802,84.25843247310571
2024-03-27,90.29965174535087,77.0932022256952,80.35460904961724,83.64786742099926
2024-03-28,91.65432615202121,78.24975361836196,81.56008803246527,84.90275183060183
2024-03-29,93.16414452795509,79.53875895924838,82.90362439156692,86.30135176868419
2024-04-01,94.35224832727472,80.55310092730343,83.96087781901007,87.40193573735925
2024-04-02,96.42391126850838,82.32178028525264,85.80438067320553,89.32099282894136
2024-04-03,95.89267032928525,81.86823407143565,85.33164731092405,88.82888493268881
2024-04-08,95.50882329948496,81.54052520301634,84.99007480850244,88.47331340125893
2024-04-09,95.46185144241073,81.50042304529649,84.94827613997404,88.42980165346013
2024-04-10,95.16012307499116,81.24282287079855,84.6797782605852,88.15029964002777
2024-04-11,95.16012307499116,81.24282287079855,84.6797782605852,88.15029964002777
2024-04-12,95.16012307499116,81.24282287079855,84.6797782605852,88.15029964002777
2024-04-15,95.16012307499116,81.24282287079855,84.6797782605852,88.15029964002777
2024-04-16,95.16012307499116,81.24282287079855,84.6797782605852,88.15029964002777
2024-04-17,95.16012307499116,81.24282287079855,84.6797782605852,88.15029964002777
2024-04-18,95.16012307499116,81.24282287079855,84.6797782605852,88.15029964002777
2024-04-19,95.16012307499116,81.24282287079855,84.6797782605852,88.15029964002777
2024-04-22,95.16012307499116,81.24282287079855,84.6797782605852,88.15029964002777
2024-04-23,95.16012307499116,81.24282287079855,84.6797782605852,88.15029964002777
2024-04-24,95.16012307499116,81.24282287079855,84.6797782605852,88.15029964002777
2024-04-25,95.16012307499116,81.24282287079855,84.6797782605852,88.15029964002777
2024-04-26,95.16012307499116,81.24282287079855,84.6797782605852,88.15029964002777
2024-04-29,95.16012307499116,81.24282287079855,84.6797782605852,88.15029964002777
2024-04-30,95.16012307499116,81.24282287079855,84.6797782605852,88.15029964002777
2024-05-06,94.86703589894339,80.9926001014292,84.4189698854301,87.87880227795625
2024-05-07,95.82832187357045,81.81329666676744,85.27438579438476,88.76927660653982
2024-05-08,95.39269200887283,81.44137827499563,84.88673349682297,88.36573674273596
2024-05-09,95.7425909280391,81.74010399112473,85.19809672262785,88.68986089864866
2024-05-10,93.9297347514987,80.19238054897617,83.58489726378733,87.0105459713195
2024-05-13,91.30105968245687,77.948152860759,81.24572813734373,84.57550818968798
2024-05-14,93.01674567542263,79.41291739367772,82.77245913300082,86.16481082487842
2024-05-15,94.5123685204396,80.68980331976545,84.10336336877715,87.55026092389541
2024-05-16,97.04129617589491,82.84887179221067,86.35377064212902,89.89289903104311
2024-05-17,98.02495211282272,83.68866668178494,87.22909282470032,90.80409547321824
2024-05-20,97.67063736550034,83.38617095850242,86.91380010262102,90.4758807743077
2024-05-21,97.66827395458057,83.38415319971311,86.9116969830983,90.47369146040164
2024-05-22,97.66591060085005,83.38213548974906,86.90959391446634,90.47150219947208
2024-05-23,97.66354730430741,83.38011782860907,86.90749089672394,90.46931299151774
2024-05-24,97.66118406495126,83.37810021629197,86.90538792986987,90.46712383653733
2024-05-27,97.6588208827802,83.12796591564309,86.70932507803593,90.33032859977864
2024-05-28,97.65645775779288,83.12796591564309,86.70880053511479,90.32923570384412
2024-05-29,97.65409468998789,83.12796591564309,86.70827599536683,90.32814282113242
2024-05-30,97.65173167936385,83.12796591564309,86.70775145879205,90.32704995164337
2024-05-31,97.64936872591939,83.12796591564309,86.70722692539042,90.32595709537682
2024-06-03,97.29641153838114,83.12796591564309,86.62887532067927,90.16271387018216
2024-06-04,97.29641153838114,83.12796591564309,86.62887532067927,90.16271387018216
2024-06-05,97.29641153838114,83.12796591564309,86.62887532067927,90.16271387018216
2024-06-06,97.29641153838114,83.12796591564309,86.62887532067927,90.16271387018216
2024-06-07,97.29641153838114,82.87858201789616,86.43396035120774,90.02746979937689
2024-06-11,97.29641153838114,82.87858201789616,86.43396035120774,90.02746979937689
2024-06-12,97.29641153838114,82.87858201789616,86.43396035120774,90.02746979937689
2024-06-13,97.29641153838114,82.87858201789616,86.43396035120774,90.02746979937689
2024-06-14,97.29641153838114,82.87858201789616,86.43396035120774,90.02746979937689
2024-06-17,97.29641153838114,82.87858201789616,86.43396035120774,90.02746979937689
2024-06-18,97.29641153838114,82.87858201789616,86.43396035120774,90.02746979937689
2024-06-19,97.29641153838114,82.87858201789616,86.43396035120774,90.02746979937689
2024-06-20,96.92420591078847,82.5615315311802,86.10330883026084,89.68307137432255
2024-06-21,96.43619375043605,82.14583525607611,85.66977975090555,89.23151823548427
2024-06-24,93.93673560421345,80.01675830763911,83.44936830001782,86.9187927277702
2024-06-25,95.71273415139073,81.52958122606537,85.02708926200798,88.56210775904108
2024-06-26,97.36465369455708,82.93671173766981,86.49458375681883,90.09061363538312
2024-06-27,98.31013803314492,83.74208986069934,87.33451150484223,90.96546155004053
2024-06-28,97.62805977532042,83.16108509454276,86.72858242522794,90.33434084593436
2024-07-01,97.39037039598509,82.95861762006396,86.51742937174386,90.11440906138645
2024-07-02,100.49220164024335,85.6008052518403,89.27296325571034,92.98450482596732
2024-07-03,101.26458424461514,86.25873265135566,89.95911484492797,93.69918330679921
2024-07-04,98.66391237813183,85.9999564534016,89.17912549143932,92.35544571831552
2024-07-05,100.54879682911074,85.9999564534016,89.60504704405953,93.23762918034224
2024-07-08,98.77157047842039,85.9999564534016,89.20909886818974,92.41362940769044
2024-07-09,98.45189056397639,85.9999564534016,89.13691626302392,92.26407837291691
2024-07-10,98.4509735348552,85.9999564534016,89.13670869680169,92.2636486765128
2024-07-11,98.45005651427566,85.9999564534016,89.1365011310628,92.26321898210989
2024-07-12,98.4491395022377,85.7411555383323,88.9351137424957,92.12396476883328
2024-07-15,98.13050315434207,85.46364931732094,88.64727009057685,91.82580021568408
2024-07-16,98.13050315434207,85.46364931732094,88.64727009057685,91.82580021568408
2024-07-17,98.13050315434207,85.46364931732094,88.64727009057685,91.82580021568408
2024-07-18,98.13050315434207,85.46364931732094,88.64727009057685,91.82580021568408
2024-07-19,98.13050315434207,85.46364931732094,88.64727009057685,91.82580021568408
2024-07-22,98.13050315434207,85.46364931732094,88.64727009057685,91.82580021568408
2024-07-23,98.13050315434207,85.46364931732094,88.64727009057685,91.82580021568408
2024-07-24,97.81247532527061,85.18667306647912,88.35997615083545,91.52820508515254
2024-07-25,98.8096081081638,86.05509423768166,89.26074702513,92.46127393497233
2024-07-26,98.95260664440869,86.17963427733989,89.3899263267496,92.59508508031728
2024-07-29,100.29369703596923,87.34761441850853,90.6014150925777,93.8500128999874
2024-07-30,101.67357242405006,88.54937312225287,91.8479407118966,95.14123385204103
2024-07-31,100.94915063204502,88.28372500288611,91.47767924551921,94.6595824839555
2024-08-01,102.64126767486923,89.49869208039448,92.80521001424417,96.10428395195399
2024-08-02,102.58327164734082,89.44812208328482,92.75277171494515,96.0499815565926
2024-08-05,103.3618290238805,90.12699003268082,93.45672035543525,96.77895442377181
2024-08-06,105.36671386494702,91.87516184614329,95.2694781568971,98.65615281016701
2024-08-07,105.48536675458138,91.97862197163074,95.37676060372145,98.76724897309887
2024-08-08,106.27494906149661,92.66710317767527,96.0906776614191,99.50654461846821
2024-08-09,106.02443751931287,92.4486680795478,95.86417250603657,99.27198757402941
2024-08-12,106.2169863365564,92.61656221896462,96.03826947333908,99.45227340473059
2024-08-13,107.08274798726595,93.37146847789072,96.82106564915102,100.26289670858593
2024-08-14,108.1423508234578,94.29539576476176,97.77912731354871,101.25501590345252
2024-08-15,107.54266141795839,93.77249285580044,97.23690582231593,100.69351932206135
2024-08-16,107.00981462286448,93.3078737769403,96.75512144996435,100.19460830061134
2024-08-19,106.48824765063625,92.85309020982164,96.28353596109976,99.70625871633145
2024-08-20,106.19332426214154,92.59592992593072,96.01687492283138,99.43011831282679
2024-08-21,106.64040051422164,92.98576084606432,96.42110809732903,99.84872131775248
2024-08-22,106.29374395064414,92.68349149822708,96.10767144641457,99.52414250481935
2024-08-23,106.26187529921583,92.6557034292972,96.0788567507695,99.49430349371386
2024-08-26,106.25885631894951,92.65307101066702,96.07612707776379,99.49147678528232
2024-08-27,106.2558374244547,92.65043866682585,96.07339748231014,99.48865015715971
2024-08-28,106.25281861572896,92.64780639777156,96.07066796440637,99.48582360934374
2024-08-29,106.24979989276986,92.64517420350202,96.06793852405026,99.48299714183213
2024-08-30,106.24678125557496,92.64254208401512,96.06520916123962,99.4801707546226
2024-09-02,106.24376270414183,92.63991003930872,96.06247987597224,99.47734444771288
2024-09-03,106.11778603652638,92.53006390003516,95.94857548488484,99.3593909411936
2024-09-04,103.94560907516137,90.63602068122822,93.98455707733608,97.32555488072931
2024-09-05,105.06232644077079,91.60974933744568,94.99426001641339,98.37115111341188
2024-09-06,104.62797641243199,91.23101512729794,94.60153351845779,97.96446382862271
2024-09-09,106.4012445696894,92.77722733197442,96.20487033876226,99.62479665934971
2024-09-10,108.31760981278863,94.44821393113644,97.93759132787926,101.41911305518624
2024-09-11,106.9622559543874,93.26640470000663,96.71212030319374,100.15007853316757
2024-09-12,107.4403730821505,93.68330190485779,97.14441972289708,100.59774549256628
2024-09-13,107.05737630570074,93.34934548226332,96.79812532222981,100.2391408904368
2024-09-18,104.39008119418743,91.02358091133996,94.38643567145431,97.74171960378119
2024-09-19,107.18860303417664,93.46376944477501,96.91677666365969,100.36201009364541
2024-09-20,106.46462833217099,92.83249519810411,96.26218006926197,99.68414365735023
2024-09-23,107.0827330816071,93.37145548080878,96.82105217189351,100.26288275223384
2024-09-24,107.09793139362485,93.09134111436634,96.60664027098778,100.1196036115343
2024-09-25,108.20042477670809,93.77037306636204,97.38376869056454,101.00008090566557
2024-09-26,107.5879660369011,93.23959433200888,96.8325366563746,100.4283790625393
2024-09-27,106.94984835099982,92.68657863368153,96.25821076764163,99.83272578265274
2024-09-30,106.94984835099982,92.68657863368153,96.25821076764163,99.83272578265274
2024-10-08,106.94984835099982,92.68657863368153,96.25821076764163,99.83272578265274
2024-10-09,106.94984835099982,92.68657863368153,96.25821076764163,99.83272578265274
2024-10-10,106.94984835099982,92.68657863368153,96.25821076764163,99.83272578265274
2024-10-11,106.47763552405272,92.27734204296638,95.83320444435745,99.39193699809137
2024-10-14,107.45496446060878,93.12433039054947,96.71283107510853,100.30422825634952
2024-10-15,106.98235141235882,92.71474695368325,96.2874645401259,99.86306588375415
2024-10-16,108.4091861082114,93.95129313185431,97.57166042260353,101.19494993150644
2024-10-17,107.43090809853267,93.10348228342647,96.69117959633853,100.28177275748249
2024-10-18,105.30694812968595,91.2627823132758,94.77954914996053,98.29915458258515
2024-10-21,105.30694812968595,91.2627823132758,94.77954914996053,98.29915458258515
2024-10-22,104.8499758988789,90.86675377039185,94.36825984019337,97.8725921880437
2024-10-23,105.59791052023124,91.51494076797705,95.04142440781641,98.57075448661719
2024-10-24,107.15736338753791,92.8664186152085,96.44498079520613,100.0264314499155
2024-10-25,109.47315105129259,94.87336335337278,98.5292621707086,102.18811188584957
2024-10-28,114.52352150770017,99.2501957253157,103.07475364491887,106.90239859732422
2024-10-29,113.7913214972792,98.61564490651756,102.41575071958643,106.21892382867834
2024-10-30,112.85178419711103,97.80140814794342,101.57013774436426,105.34190931115953
2024-10-31,115.31413713984642,99.93537161932396,103.78633245806093,107.64040164099846
2024-11-01,112.49638873839221,97.49340968288261,101.25027070856495,105.01016412477802
2024-11-04,112.4673489603292,97.46824276853498,101.22413399943882,104.98305683809315
2024-11-05,111.99989090779641,97.06312683604826,100.80340712193959,104.54670641504028
2024-11-06,113.48697949945148,98.35189120374827,102.14183339642949,105.93483468145894
2024-11-07,115.5679930391241,100.15537225637773,104.01481071243941,107.87736435550109
2024-11-08,115.67499529861,100.24810425638275,104.11111609486879,107.97724600464865
2024-11-11,117.89437249408029,102.17149622109733,106.10862503151871,110.04893173753997
2024-11-12,119.65513964815085,103.69744025746247,107.69337057760887,111.6925262556222
2024-11-13,120.76770606054008,104.66163025732743,108.69471516919062,112.73105542864656
2024-11-14,120.27291145117748,104.23282348316823,108.24938453498152,112.2691875969773
2024-11-15,120.36305218487844,104.31094267951204,108.33051401648261,112.35332979341952
2024-11-18,118.10602080944757,102.3549182504638,106.29911513939038,110.24649562899195
2024-11-19,117.44502875713309,101.78207880489471,105.70420160497741,109.62949018839838
2024-11-20,119.93585346405594,103.94071692940368,107.94602179753487,111.9545595902996
2024-11-21,121.0260796141905,104.88554605586778,108.92725945389537,112.97223516409056
2024-11-22,119.58001079824231,103.63233089861747,107.62575226135382,111.62239695682536
2024-11-25,124.13041497170447,107.57587453838448,111.72125843327053,115.86998831907377
2024-11-26,124.48459859586603,107.88282278410685,112.04003478004104,116.20060231407058
2024-11-27,123.02969028701585,106.62194700492415,110.7305717672346,114.84251284993545
2024-11-28,125.78534425830487,109.01009567867315,113.21074658618792,117.4147880939798
2024-11-29,125.54803899418219,108.8044384162981,112.99716442144071,117.19327463019079
2024-12-02,126.44550087192306,109.58221110307146,113.80490819962716,118.03101369127708
2024-12-03,127.30383615789617,110.32607528057187,114.5774368206622,118.8322298926587
2024-12-04,127.14835343625212,110.19132837136127,114.43749750497827,118.68709397939504
2024-12-05,128.53855642682166,111.39612819846637,115.68872370622418,119.98478402832585
2024-12-06,128.8576670797086,111.67268094798108,115.97593328115484,120.282659030443
2024-12-09,130.9694679728286,113.50284342653326,117.87662017883139,122.25392727178259
2024-12-10,130.10158383605716,112.75070387207788,117.09549729322369,121.44379766081705
2024-12-11,130.64265853385797,113.21961863257216,117.58248145547343,121.948865809733
2024-12-12,133.58142323063242,115.76645763564895,120.22746165825251,124.69206642793267
2024-12-13,133.6050716716593,115.78695222374418,120.24874599531132,124.71414115140938
2024-12-16,136.11212977959067,117.95965879643019,122.50517675683963,127.05436368065385
2024-12-17,128.71032069906647,111.54498528401945,115.84331692701892,120.14511801434512
2024-12-18,128.27220333959022,111.16529704961816,115.44899759155786,119.73615576817468
2024-12-19,128.27220333959022,111.16529704961816,115.44899759155786,119.73615576817468
2024-12-20,128.27220333959022,111.16529704961816,115.44899759155786,119.73615576817468
2024-12-23,127.8933909752721,110.83700465337697,115.10805460783102,119.38255198590532
2024-12-24,127.8933909752721,110.83700465337697,115.10805460783102,119.38255198590532
2024-12-25,127.8933909752721,110.83700465337697,115.10805460783102,119.38255198590532
2024-12-26,127.8933909752721,110.83700465337697,115.10805460783102,119.38255198590532
2024-12-27,127.8933909752721,110.83700465337697,115.10805460783102,119.38255198590532
2024-12-30,127.8933909752721,110.83700465337697,115.10805460783102,119.38255198590532
2024-12-31,127.8933909752721,110.83700465337697,115.10805460783102,119.38255198590532
2025-01-02,127.8933909752721,110.83700465337697,115.10805460783102,119.38255198590532
2025-01-03,127.8933909752721,110.83700465337697,115.10805460783102,119.38255198590532
2025-01-06,127.8933909752721,110.50449363941684,114.8490614849634,119.20347815792647
2025-01-07,127.8933909752721,110.50449363941684,114.8490614849634,119.20347815792647
2025-01-08,127.8933909752721,110.50449363941684,114.8490614849634,119.20347815792647
2025-01-09,127.8933909752721,110.50449363941684,114.8490614849634,119.20347815792647
2025-01-10,127.54017310164362,110.50449363941684,114.76976352246393,119.03886918648946
2025-01-13,128.15105028625996,110.50449363941684,114.90719126055357,119.32394849718868
2025-01-14,130.91137427315465,110.50449363941684,115.52595535884753,120.60904431385204
2025-01-15,131.53850441322044,110.50449363941684,115.6643119549945,120.89793275946535
2025-01-16,131.63059160338767,110.50449363941684,115.68455546000104,120.9402517404151
2025-01-17,130.078407027952,110.50449363941684,115.34351812891052,120.22718956005815
2025-01-20,132.31072087783713,110.50449363941684,115.8383791494608,121.25881666297158
2025-01-21,130.32791942871881,110.50449363941684,115.40439219716173,120.35022756375677
2025-01-22,130.16323129890432,110.50449363941684,115.36793467216125,120.27418762547225
2025-01-23,131.2698680503702,110.50449363941684,115.61314677079868,120.78546809596627
2025-01-24,131.3972222673392,110.50449363941684,115.64118790087102,120.84405937414404
2025-01-27,133.48515372438078,110.50449363941684,116.10057903140921,121.80417903500918
2025-02-05,136.03092653504478,110.50449363941684,116.65413440658372,122.96567811771932
2025-02-06,134.9752887394942,110.50449363941684,116.42781728072208,122.4885541993465
2025-02-07,134.42901822971385,109.72574758254218,115.69464930533964,121.80908703349179
2025-02-10,136.39577132554186,111.33108143524682,117.38731070158062,123.5912052262597
2025-02-11,137.0832342086339,111.89221309994161,117.97896701371602,124.21413044926298
2025-02-12,136.2589964443666,111.21944091086375,117.26959711473951,123.467270501269
2025-02-13,135.230141433291,110.37965284478264,116.38412594742779,122.53500237018143
2025-02-14,135.31063170078164,110.4453518649037,116.45339888709852,122.60793637005162
2025-02-17,138.0692585655461,112.6970412622057,118.82757651545722,125.1075887835567
2025-02-18,136.6885169570899,111.57003083542946,117.63925855944375,123.85646847508426
2025-02-19,137.40018240222452,112.15091749237597,118.25174450319201,124.5013241713224
2025-02-20,137.61543897568666,112.32661756633492,118.43700237463473,124.69637288205965
2025-02-21,135.01236675338134,110.20189740274849,116.19670089923856,122.3376719478653
2025-02-24,135.01236675338134,110.20189740274849,116.19670089923856,122.3376719478653
2025-02-25,134.60196408485996,109.86691214282173,115.84349298748084,121.96579707273028
2025-02-26,134.23191830732037,109.56486761318817,115.52501772802304,121.6304904632178
2025-02-27,134.23191830732037,109.56486761318817,115.52501772802304,121.6304904632178
2025-02-28,133.68918797871945,109.1218718089661,115.05792367450881,121.13871058783928
2025-03-03,135.39605188442155,110.51507485798922,116.52691469730048,122.68533747526259
2025-03-04,136.88747318958772,111.73242599113702,117.81048774678045,124.03674708872977
2025-03-05,136.32817684839628,111.27590841802983,117.32913636220565,123.5299563853618
2025-03-06,136.32234810042488,111.27115078655221,117.3241199233346,123.5246748287582
2025-03-07,136.31651960166315,111.26639335848841,117.31910369894277,123.51939349796896
2025-03-10,138.16786327021586,112.77752593045308,118.91243941839923,125.1969366729573
2025-03-11,138.57117931741624,113.10672683791991,119.25954831835658,125.56239020480922
2025-03-12,139.46582504986276,113.83696851569871,120.02951395249552,126.37304835974345
2025-03-13,140.04357357333615,114.30854741650197,120.52674597643035,126.89655899090036
2025-03-14,141.39381385149346,115.41066157226928,121.68881334489399,128.12004137382706
2025-03-17,142.55858077249601,116.36138577489663,122.6912553936604,129.17546227269645
2025-03-18,143.9478461757255,117.49535362623827,123.88690924678916,130.43430617889402
2025-03-19,142.8612212408903,116.6084116929655,122.95171911881121,129.4496914505924
2025-03-20,143.8719690788883,117.43342004013839,123.82160657460952,130.36555227431148
2025-03-21,143.8880752190437,117.44656644478,123.83546812222389,130.38014640178338
2025-03-24,143.30017574120302,116.96670197385733,123.32949980666761,129.84743776784194
2025-03-25,143.59447758262237,117.20692160790595,123.58278699704748,130.11411113262326
2025-03-26,147.66595323064658,120.53020489247304,127.0868514725349,133.80336467397882
2025-03-27,145.77528166859042,118.98697149456812,125.45966869455852,132.09018563059175
2025-03-28,143.68137127676917,117.27784733269385,123.65757096559497,130.1928474180799
2025-03-31,142.62817161283692,116.41818829478306,122.75114787799254,129.2385200621489
2025-04-01,142.62817161283692,116.41818829478306,122.75114787799254,129.2385200621489
2025-04-02,142.62817161283692,116.41818829478306,122.75114787799254,129.2385200621489
2025-04-03,142.62817161283692,116.41818829478306,122.75114787799254,129.2385200621489
2025-04-07,142.62817161283692,116.41818829478306,122.75114787799254,129.2385200621489
2025-04-08,142.62817161283692,116.41818829478306,122.75114787799254,129.2385200621489
2025-04-09,142.62817161283692,116.41818829478306,122.75114787799254,129.2385200621489
2025-04-10,142.10293152177113,115.98946864472929,122.29910657815115,128.7625884752888
2025-04-11,140.81003972759115,114.93416436200877,121.18639546348841,127.59107081372973
2025-04-14,142.4516700442786,116.27412143470633,122.59924401567835,129.07858811286297
2025-04-15,144.9544778325224,118.31700219986361,124.7532541628382,131.3464372403879
2025-04-16,144.14880401633812,117.65938256570519,124.05986109305728,130.61639849363087
2025-04-17,146.7479391208753,119.78088911368897,126.2967741374029,132.97153191891084
2025-04-18,146.64780350222773,119.69915485898389,126.21059367253777,132.88079683471832
2025-04-21,145.55150141637242,118.80431409074129,125.26707502584942,131.88741342725524
2025-04-22,146.5865784646489,119.64918080496211,126.15790111147716,132.82531948295843
2025-04-23,147.7817203555381,120.62469813873406,127.18648499728867,133.90826380942764
2025-04-24,148.00440838800463,120.80646403393924,127.378138660761,134.11004632844953
2025-04-25,147.8069056408017,120.64525526464348,127.20816039732208,133.93108474976503
2025-04-28,148.7206050329906,121.39104921742177,127.99452432485711,134.75900784443053
2025-04-29,153.59668575061696,125.37107978716158,132.1910620667776,139.177331717783
2025-04-30,156.9141402959301,124.99496654780009,132.607413593634,140.47157494679007
2025-05-06,160.8510206728112,124.99496654780009,133.43917343921126,142.23374815143129
2025-05-07,163.18909453040237,124.99496654780009,133.92407966127283,143.26747801782895
2025-05-08,165.36519371481575,126.2867685467737,135.40860560527614,144.96302457284665
2025-05-09,165.97252200220072,126.75057550117526,135.9059138639975,145.4954228573357
2025-05-12,165.1453930850098,126.11891030140066,135.22862276774796,144.77034216257692
2025-05-13,164.84579186084335,125.89010961122706,134.9832955432537,144.50770467130533
2025-05-14,163.60776966535562,124.944651749478,133.96954618382995,143.42242524874607
2025-05-15,168.38215830321639,128.59077642249528,137.87903459277123,147.60776680631787
2025-05-16,169.0339976070687,129.08857573228988,138.412790513413,148.17918449645677
2025-05-19,171.52380712884317,130.99000366726477,140.45156075273945,150.3618101795201
2025-05-20,174.42014827309686,133.20189333703203,142.8232177313957,152.90081106013997
2025-05-21,172.8000563011172,131.96465486324095,141.4966121141556,151.48060027050195
2025-05-22,171.43885261475273,130.92512525593204,140.3819960998978,150.28733705106413
2025-05-23,171.49776385993343,130.97011483697875,140.4302353296002,150.33898003645243
2025-05-26,173.0161131356641,132.12965403171427,141.67352936040479,151.67000078164924
2025-05-27,174.98179417508993,133.63081338022178,143.28311915759275,153.39316308938422
2025-05-28,174.60015748030725,133.33936350579359,142.97061752694458,153.0586113719346
2025-05-29,176.23009006025052,134.58411709538586,144.3052810853555,154.48744867034384
2025-05-30,175.63590321646458,134.13034605246528,143.81873364342638,153.9665704849069
2025-06-03,177.4153767789038,135.4893017121576,145.27584821746967,155.52649893153924
2025-06-04,178.72380208908547,136.48852531293915,146.34724687646377,156.67349538303378
2025-06-05,177.79896354216453,135.78224082286948,145.58994665363366,155.8627601249575
2025-06-06,180.9596085473622,138.19597514787063,148.1780277567537,158.6334559966938
2025-06-09,182.14794601024428,139.10348956949227,149.15109297817435,159.67518061215125
2025-06-10,181.01201690688896,138.23599857856237,148.22094212540748,158.67939839931938
2025-06-11,181.5949918011135,138.6812072339127,148.69830870876459,159.19044792563366
2025-06-12,181.73433631035292,138.78762241954678,148.81241038440135,159.31260060518605
2025-06-13,179.63191102942574,137.18203366852325,147.09084813006993,157.46956507385636
2025-06-16,182.34984965981585,139.25768017568575,149.3164209473856,159.85217410792075
2025-06-17,182.38459616770268,139.28421553116618,149.34487298180056,159.88263371531133
2025-06-18,181.6442173934973,138.71880003595464,148.73861688169413,159.23360023960035
2025-06-19,177.01098750292326,135.18047605331537,144.94471572971847,155.172001765394
2025-06-20,178.0083351157611,135.9421345638744,145.76138970157635,156.04630017886072
2025-06-23,182.82305908141095,139.61906268524936,149.70390652701724,160.26700063501383
2025-06-24,187.58845839051588,143.258322350858,153.60603406124957,164.44446193522282
2025-06-25,185.61893936709987,141.75423199501475,151.9933015467293,162.71793516030473
2025-06-26,188.12296604823973,143.66651734849373,154.0437134482586,164.91302394020326
2025-06-27,189.68239279676334,144.85742675592365,155.3206435979327,166.28005416577562
2025-06-30,191.72447854051876,146.41693516202184,156.99279707156637,168.07019463730919
2025-07-01,192.9937007331468,147.38621996539632,158.032094419734,169.18282471238803
2025-07-02,195.69029265029573,149.44556432714504,160.24018756911408,171.54672071472783
2025-07-03,195.79263060772547,149.52371819769755,160.32398658270793,171.63643257914356
2025-07-04,192.91676936759575,147.32746870500662,157.96909948892323,169.1153848649554
2025-07-07,196.96082075955204,150.4158464382798,161.2805542617169,172.66049558708852
2025-07-08,195.32280156721018,149.16491723140453,159.93926901415625,171.2245693737419
2025-07-09,196.330529552189,149.9345030670829,160.7644429108514,172.10796746597384
2025-07-10,196.05639873000914,149.7251537178367,160.53997201978333,171.86765792912917
2025-07-11,192.84904238383717,147.27574668460952,157.91364152811187,169.05601379544382
2025-07-14,196.68540302129645,150.2055142916931,161.05502958473764,172.41905790929403
2025-07-15,192.86204120753024,147.2856736795365,157.92428556118344,169.06740887052646
2025-07-16,195.40343812372745,149.22649808720948,160.00529792528036,171.29525727886445
2025-07-17,193.87666706525815,148.06052731093268,158.755107752478,169.95685380051407
2025-07-18,195.96637388289687,149.6564031738115,160.46625554569675,171.78874002729665
2025-07-21,200.58909927503316,153.18670503805262,164.25155513252992,175.84113001070182
2025-07-22,200.12065191208646,152.82895923694517,163.86796894494637,175.43047801640705
2025-07-23,201.7224277508386,154.05220997108185,165.17957647217304,176.83463245215646
2025-07-24,203.08695042909216,155.09427423971272,166.29691022922557,178.03080517807487
2025-07-25,204.331445252494,156.04467514446202,167.3159596732727,179.12175865874931
2025-07-28,206.1541610972393,157.43665424744577,168.80848301151065,180.71959430877615
2025-07-29,202.93067800222894,154.97493147260323,166.16894719818654,177.89381308713644
2025-07-30,204.36962432136806,156.07383189217848,167.3472224460691,179.1552273299674
2025-07-31,201.71762375684736,154.04854123727125,165.17564274154282,176.83042115784866
2025-08-01,207.91828295793493,158.78388605666302,170.2530269080125,182.2660650919964
2025-08-04,209.75077604963093,160.18333188765013,171.75355630451767,183.8724717070379
2025-08-05,212.4459483915735,162.24159214239,173.96048704060553,186.2351232763087
2025-08-06,211.43593047195813,161.47025752004782,173.133438040395,185.34971777342687
2025-08-07,211.71256457346732,161.68151858390678,173.35995873139862,185.5922217439052
2025-08-08,215.6235699780966,164.6682912125615,176.5624693471988,189.02070121917833
2025-08-11,217.45762819590428,166.06893230546905,178.0642803407536,190.6284798606414
2025-08-12,215.70465728343623,164.73021629807357,176.62886735213362,189.09178426133752
2025-08-13,209.3374609657901,159.867689731297,171.4151149558803,183.5101499674433
2025-08-14,202.14381912623298,154.37401986285272,165.52463105877877,177.2040340591925
2025-08-15,202.14381912623298,154.37401986285272,165.52463105877877,177.2040340591925
2025-08-18,202.14381912623298,154.37401986285272,165.52463105877877,177.2040340591925
2025-08-19,202.14381912623298,154.37401986285272,165.52463105877877,177.2040340591925
2025-08-20,202.14381912623298,154.37401986285272,165.52463105877877,177.2040340591925
2025-08-21,202.14381912623298,154.37401986285272,165.52463105877877,177.2040340591925
2025-08-22,202.14381912623298,154.37401986285272,165.52463105877877,177.2040340591925
2025-08-25,202.14381912623298,154.37401986285272,165.52463105877877,177.2040340591925
2025-08-26,202.14381912623298,154.37401986285272,165.52463105877877,177.2040340591925
2025-08-27,202.14381912623298,154.37401986285272,165.52463105877877,177.2040340591925
2025-08-28,202.14381912623298,154.37401986285272,165.52463105877877,177.2040340591925
2025-08-29,202.14381912623298,154.37401986285272,165.52463105877877,177.2040340591925
2025-09-01,202.14381912623298,154.37401986285272,165.52463105877877,177.2040340591925
2025-09-02,202.14381912623298,154.37401986285272,165.52463105877877,177.2040340591925
2025-09-03,202.14381912623298,154.37401986285272,165.52463105877877,177.2040340591925
2025-09-04,202.14381912623298,154.37401986285272,165.52463105877877,177.2040340591925
2025-09-05,202.14381912623298,154.37401986285272,165.52463105877877,177.2040340591925
2025-09-08,202.14381912623298,154.37401986285272,165.52463105877877,177.2040340591925
2025-09-09,202.14381912623298,154.37401986285272,165.52463105877877,177.2040340591925
2025-09-10,201.23417194016494,153.67933677346988,164.77977021901427,176.40661590592615
2025-09-11,195.4782506113728,149.2836311942402,160.06655782167297,171.3608396680073
2025-09-12,195.4782506113728,149.2836311942402,160.06655782167297,171.3608396680073
2025-09-15,194.59859848362163,148.61185485386613,159.34625831147545,170.58971588950126
2025-09-16,196.7058804056092,150.22115254442966,161.07179740627214,172.43700886679986
2025-09-17,193.42610307746173,147.71643875901833,158.38616529274438,169.56187879418223
2025-09-18,188.84039130641887,144.21440360855837,154.63117415660795,165.5419358230144
2025-09-19,188.84039130641887,144.21440360855837,154.63117415660795,165.5419358230144
2025-09-22,188.84039130641887,144.21440360855837,154.63117415660795,165.5419358230144
2025-09-23,188.84039130641887,144.21440360855837,154.63117415660795,165.5419358230144
2025-09-24,188.84039130641887,144.21440360855837,154.63117415660795,165.5419358230144
2025-09-25,188.84039130641887,144.21440360855837,154.63117415660795,165.5419358230144
2025-09-26,188.84039130641887,144.21440360855837,154.63117415660795,165.5419358230144
2025-09-29,188.84039130641887,144.21440360855837,154.63117415660795,165.5419358230144
2025-09-30,188.84039130641887,144.21440360855837,154.63117415660795,165.5419358230144
2025-10-09,188.84039130641887,144.21440360855837,154.63117415660795,165.5419358230144
2025-10-10,188.84039130641887,144.21440360855837,154.63117415660795,165.5419358230144
2025-10-13,188.84039130641887,144.21440360855837,154.63117415660795,165.5419358230144
2025-10-14,187.99060954554,143.56543879231987,153.93533387290321,164.79699711181084
2025-10-15,186.65905955347142,142.5485552397458,152.84499966369432,163.6297290193905
2025-10-16,185.3477155198741,141.54710265630982,151.77121102009113,162.48017394618896
2025-10-17,189.57260861895108,144.77358632528637,155.23074727754548,166.1838147691506
2025-10-20,194.74556940871545,148.72409421200123,159.46660484622322,170.71855406485886
2025-10-21,199.0075828134781,151.9789260680854,162.95653691261188,174.45473542228473
2025-10-22,203.2354700197836,155.2076962891354,166.41852488239903,178.16100095017964
2025-10-23,204.96705604757184,156.53008100019645,167.8364269465586,179.67895005577654
2025-10-24,204.38294640351654,156.08400575444693,167.3581311779912,179.16690578102757
2025-10-27,202.47606355575434,154.6277496498131,165.79668803710027,177.49528735330443
2025-10-28,205.31766870254745,156.79783830881627,168.12352467039815,179.98630536905023
2025-10-29,197.32163242436576,156.3274447938898,166.10836642294558,176.21156902280157
2025-10-30,196.904240873852,156.3274447938898,166.02052477608362,176.02520015105335
2025-10-31,201.16845599966928,159.2439347668189,169.2423670430644,179.57321493881557
2025-11-03,205.15626538731948,162.40066455745028,172.5972980968852,183.13293680845456
2025-11-04,210.5739967391185,166.68931336018034,177.15521784342536,187.96907988905247
2025-11-05,213.61227516952735,169.0943992359513,179.71131159452082,190.68120204019465
2025-11-06,210.96387152602176,166.997936274366,177.4832182322439,188.31710199102614
2025-11-07,212.42083998567674,168.15126515584328,178.70896105357122,189.6176662821053
2025-11-10,214.819372452197,170.0499313544608,180.72683860821226,191.75871858579686
2025-11-11,218.26560330239175,172.77795030739603,183.62614140181105,194.8349998552212
2025-11-12,218.66565963970433,173.09463288551433,183.9627074958386,195.19211052792025
2025-11-13,217.01945297890515,171.7915039988193,182.5777591920341,193.72262257532648
2025-11-14,223.81492486813127,177.1707652595383,188.29476756689147,199.7886070663378
2025-11-17,224.79155447391705,177.9438603278593,189.11640287440602,200.66039641941444
2025-11-18,225.05685329494042,178.1538695360069,189.33959790873988,200.89721566611942
2025-11-19,216.7071195237269,177.6194079273989,187.157432854542,196.86917091825586
2025-11-20,215.79210050148936,177.6194079273989,186.95987057371866,196.45354304991852
2025-11-21,214.9795932495747,177.6194079273989,186.7838837670826,196.08369649848908
2025-11-24,214.21154230195984,176.45197433526974,185.69630302070843,195.08902879236211
2025-11-25,216.58520931368585,178.40722952895646,187.75399414203181,197.25080022175283
2025-11-26,212.2750738687358,174.8568517073833,184.01761183020707,193.32542753229458
2025-11-27,212.2750738687358,174.8568517073833,184.01761183020707,193.32542753229458
2025-11-28,212.2750738687358,174.8568517073833,184.01761183020707,193.32542753229458
2025-12-01,212.2750738687358,174.8568517073833,184.01761183020707,193.32542753229458
2025-12-02,212.2750738687358,174.8568517073833,184.01761183020707,193.32542753229458
2025-12-03,212.2750738687358,174.8568517073833,184.01761183020707,193.32542753229458
2025-12-04,212.2750738687358,174.8568517073833,184.01761183020707,193.32542753229458
2025-12-05,212.2750738687358,174.8568517073833,184.01761183020707,193.32542753229458
2025-12-08,212.2750738687358,174.8568517073833,184.01761183020707,193.32542753229458
2025-12-09,212.2750738687358,174.8568517073833,184.01761183020707,193.32542753229458
2025-12-10,212.2750738687358,174.8568517073833,184.01761183020707,193.32542753229458
2025-12-11,212.2750738687358,174.8568517073833,184.01761183020707,193.32542753229458
2025-12-12,212.2750738687358,174.8568517073833,184.01761183020707,193.32542753229458
2025-12-15,212.2750738687358,174.8568517073833,184.01761183020707,193.32542753229458
2025-12-16,212.2750738687358,174.8568517073833,184.01761183020707,193.32542753229458
2025-12-17,212.2750738687358,174.8568517073833,184.01761183020707,193.32542753229458
2025-12-18,212.2750738687358,174.8568517073833,184.01761183020707,193.32542753229458
2025-12-19,212.2750738687358,174.8568517073833,184.01761183020707,193.32542753229458
2025-12-22,212.2750738687358,174.8568517073833,184.01761183020707,193.32542753229458
2025-12-23,212.2750738687358,174.8568517073833,184.01761183020707,193.32542753229458
2025-12-24,212.2750738687358,174.8568517073833,184.01761183020707,193.32542753229458
2025-12-25,212.2750738687358,174.8568517073833,184.01761183020707,193.32542753229458
2025-12-26,212.2750738687358,174.8568517073833,184.01761183020707,193.32542753229458
2025-12-29,212.2750738687358,174.8568517073833,184.01761183020707,193.32542753229458
2025-12-30,211.3198360363265,174.06999587470008,183.18953257697115,192.45546310839927
2025-12-31,210.3559642600171,173.2760280235369,182.3539687062141,191.57763548669482
2026-01-05,209.3964888944687,172.48568161756023,181.52221600835702,190.7038118112592
2026-01-06,209.3964888944687,172.48568161756023,181.52221600835702,190.7038118112592
2026-01-07,209.3964888944687,172.48568161756023,181.52221600835702,190.7038118112592
2026-01-08,209.3964888944687,172.48568161756023,181.52221600835702,190.7038118112592
2026-01-09,209.3964888944687,172.48568161756023,181.52221600835702,190.7038118112592
2026-01-12,209.3964888944687,172.48568161756023,181.52221600835702,190.7038118112592
2026-01-13,209.3964888944687,172.48568161756023,181.52221600835702,190.7038118112592
2026-01-14,209.3964888944687,172.48568161756023,181.52221600835702,190.7038118112592
2026-01-15,209.3964888944687,172.48568161756023,181.52221600835702,190.7038118112592
2026-01-16,209.3964888944687,172.48568161756023,181.52221600835702,190.7038118112592
2026-01-19,208.4542046944436,171.70949605028122,180.70536603631942,189.84564465810854
2026-01-20,212.32878610468757,174.90109596228103,184.06417404406366,193.37434491477308
2026-01-21,214.8954272580976,177.01530929580417,186.28915113095286,195.71186382013363
2026-01-22,216.71909315635477,178.51751335454614,187.87005574333796,197.37273234808265
2026-01-23,213.09394032686325,175.53137466586065,184.72747308375045,194.07119435844223
2026-01-26,212.98526570836117,175.44185637572204,184.63326492544508,193.972221046593
2026-01-27,211.3848074458494,174.12351462239434,183.24585517481438,192.51463456595417
2026-01-28,207.53960777205876,170.95611725966367,179.91251768923286,189.01269315882365
2026-01-29,208.24563407564702,171.537690660714,180.52455975289956,189.6556929915532
2026-01-30,216.501003378928,178.33786677063307,187.68099746496722,197.17411129148357
2026-02-02,223.30835414431036,183.94526994618752,193.58217280273112,203.3737746485371
2026-02-03,221.53154400454943,182.48166227215384,192.04188664178184,201.75557909852446
2026-02-04,224.97905760331253,185.32147461145314,195.03047690645343,204.8953355864502
2026-02-05,230.67833262528862,190.01612513821968,199.97108043372447,210.08584034128063
2026-02-06,233.24643891759152,192.13154534718726,202.19732762432932,212.42469359361698
2026-02-09,232.45844620994862,191.48245395121856,201.5142302942597,211.70704443999287
2026-02-10,232.54837878446315,191.55653390115782,201.59219129686963,211.78894879692103
2026-02-11,232.52111908906758,191.5340793358219,201.56856033561502,211.7641225553341
2026-02-12,225.7609861566833,185.96557079576098,195.7083173254473,205.60746192858295
2026-02-13,229.77683256693157,189.2735345968742,199.1895855328854,209.26481655819603
2026-02-24,234.21403556411155,192.92858147700503,203.03612052102918,213.3059135689918
2026-02-25,230.64043334041375,189.98490644864677,199.93822619527978,210.0513242988736
2026-02-26,229.58843647943576,189.1183475269412,199.02626820378356,209.0932384567414
2026-02-27,229.57432243620957,189.10672139901945,199.01403298237759,209.08038436421333
2026-03-02,228.52718831897704,188.2441680538825,198.10629041982776,208.12672717211734
2026-03-03,228.52718831897704,188.2441680538825,198.10629041982776,208.12672717211734
2026-03-04,228.52718831897704,188.2441680538825,198.10629041982776,208.12672717211734
2026-03-05,228.52718831897704,188.2441680538825,198.10629041982776,208.12672717211734
2026-03-06,228.52718831897704,188.2441680538825,198.10629041982776,208.12672717211734
2026-03-09,228.52718831897704,188.2441680538825,198.10629041982776,208.12672717211734
2026-03-10,227.65377787725936,187.52471570696426,197.34914592470045,207.33128546537858
2026-03-11,226.77606635618406,186.8017204419741,196.58827289782772,206.53192663360716
2026-03-12,225.90173882250141,186.08151266102962,195.83033339144382,205.73564970305725
2026-03-13,225.90173882250141,186.08151266102962,195.83033339144382,205.73564970305725
2026-03-16,225.06202326083866,185.38981571910398,195.10239840851034,204.97089495816263
2026-03-17,223.27454212547786,183.91741805074278,193.55286174494503,203.3429810048116
2026-03-18,226.95265487379805,186.94718128989612,196.74135444760995,206.69275121862714
2026-03-19,223.732117691035,184.29433570458383,193.94952613549776,203.75970912190726
2026-03-20,215.42142737057068,177.44859014215376,186.74513158478408,196.19090827303427
2026-03-23,208.84444515797176,172.03094791751062,181.04365878463514,190.20104863030846
2026-03-24,208.84444515797176,172.03094791751062,181.04365878463514,190.20104863030846
2026-03-25,208.1853811854127,171.4880586879127,180.47232755830075,189.60081883439327
2026-03-26,206.2026867514781,169.85485842423063,178.7535638425604,187.7951181361411
2026-03-27,205.5436080263292,169.31195704251627,178.1822198274595,187.19487490458937
2026-03-30,207.51295940329175,170.9341662609863,179.88941667652182,188.9884236711677
2026-03-31,207.3971846074805,170.42136376220336,179.45957469401483,188.6522212049956
2026-04-01,205.48064890484972,170.42136376220336,179.0449829015431,187.7805634773262
2026-04-02,204.82223046195531,170.42136376220336,178.90155513902823,187.479712309906
2026-04-03,204.1659217790225,170.42136376220336,178.75824227234975,187.1793431488408
2026-04-07,204.1659217790225,170.42136376220336,178.75824227234975,187.1793431488408
2026-04-08,203.48162233972326,170.42136376220336,178.60845703408472,186.8656602421905
2026-04-09,197.8618877736254,165.2034199338296,173.27379796678306,181.4245251219399
2026-04-10,198.03089612420604,165.3445322916842,173.42180382643966,181.57949311547696
2026-04-13,198.03089612420604,165.3445322916842,173.42180382643966,181.57949311547696
2026-04-14,198.03089612420604,165.3445322916842,173.42180382643966,181.57949311547696
2026-04-15,198.03089612420604,165.3445322916842,173.42180382643966,181.57949311547696
2026-04-16,198.03089612420604,165.3445322916842,173.42180382643966,181.57949311547696
2026-04-17,198.03089612420604,165.3445322916842,173.42180382643966,181.57949311547696
2026-04-20,198.03089612420604,165.3445322916842,173.42180382643966,181.57949311547696
2026-04-21,198.03089612420604,165.3445322916842,173.42180382643966,181.57949311547696
2026-04-22,198.03089612420604,165.3445322916842,173.42180382643966,181.57949311547696
2026-04-23,198.03089612420604,165.3445322916842,173.42180382643966,181.57949311547696
2026-04-24,198.03089612420604,165.3445322916842,173.42180382643966,181.57949311547696
2026-04-27,198.03089612420604,165.3445322916842,173.42180382643966,181.57949311547696
2026-04-28,197.22268786594125,164.66972437497785,172.71403076294862,180.8384267024087
2026-04-29,200.5950404128643,167.48544689861848,175.66730458674263,183.9306212945743
2026-04-30,205.34714319826787,171.45318237743865,179.82886853026204,188.2879434695193
