rule,full_annual,full_vol,full_sharpe,full_max_dd,full_total_return,full_annual_delta,full_sharpe_delta,full_max_dd_delta,last_10y_annual,last_10y_vol,last_10y_sharpe,last_10y_max_dd,last_10y_total_return,last_10y_annual_delta,last_10y_sharpe_delta,last_10y_max_dd_delta,last_5y_annual,last_5y_vol,last_5y_sharpe,last_5y_max_dd,last_5y_total_return,last_5y_annual_delta,last_5y_sharpe_delta,last_5y_max_dd_delta,last_3y_annual,last_3y_vol,last_3y_sharpe,last_3y_max_dd,last_3y_total_return,last_3y_annual_delta,last_3y_sharpe_delta,last_3y_max_dd_delta,last_1y_annual,last_1y_vol,last_1y_sharpe,last_1y_max_dd,last_1y_total_return,last_1y_annual_delta,last_1y_sharpe_delta,last_1y_max_dd_delta,family,direction,ma,days,scale,trigger_days,score_3_5_10,robust_pass
zz2000_and_cyb_below_ma53_days13:scale0.00,38.16654613303745,13.523682610511498,2.822200670649568,-17.60868647176209,17045.318237743864,-1.5752448578056928,0.011736499260027511,-2.1316282072803006e-14,34.670605530407215,15.041982694046197,2.3049225780674694,-17.60868647176206,1856.5429003208567,-0.42034375252679723,0.07902292076838213,-2.4868995751603507e-14,38.57073356131351,17.422408509316845,2.2138577189650523,-17.60868647176208,408.08147255631997,1.4764153435397276,0.18851231389954215,0.0,49.716992740648244,17.10409441951624,2.9067304892751173,-14.766054859709431,234.20564992120356,-0.20724975976405347,0.1273355589123688,1.0277670643590984,37.924852581561154,18.15876534123322,2.0885149330855084,-14.766054859709431,37.16806933331378,6.444617305854706,0.451638071228331,1.0277670643590984,zz2000_and_cyb,below,53.0,13.0,0.0,311.0,0.24980122093367269,False
zz2000_and_cyb_below_ma54_days13:scale0.00,37.94084013285142,13.519221033842122,2.806436852972197,-17.608686471762102,16605.02787670298,-1.8009508579917224,-0.004027318417343384,-3.197442310920451e-14,34.670605530407215,15.041982694046197,2.3049225780674694,-17.60868647176206,1856.5429003208567,-0.42034375252679723,0.07902292076838213,-2.4868995751603507e-14,38.57073356131351,17.422408509316845,2.2138577189650523,-17.60868647176208,408.08147255631997,1.4764153435397276,0.18851231389954215,0.0,49.716992740648244,17.10409441951624,2.9067304892751173,-14.766054859709431,234.20564992120356,-0.20724975976405347,0.1273355589123688,1.0277670643590984,37.924852581561154,18.15876534123322,2.0885149330855084,-14.766054859709431,37.16806933331378,6.444617305854706,0.451638071228331,1.0277670643590984,zz2000_and_cyb,below,54.0,13.0,0.0,316.0,0.24980122093367269,False
zz2000_and_cyb_below_ma54_days13:scale0.25,38.41184062902185,13.555506412077342,2.833670647287559,-17.60868647176208,17536.140234311722,-1.3299503618212896,0.023206475898018386,-1.0658141036401503e-14,34.80366151536729,15.088744590316908,2.306597563968462,-17.60868647176208,1875.9412259169294,-0.28728776756672403,0.08069790666937493,-4.618527782440651e-14,38.239766297263955,17.48729775955135,2.186716714214914,-17.60868647176207,402.0633317237356,1.1454480794901727,0.16137130914940379,1.0658141036401503e-14,49.80823765818698,17.170069317653645,2.900875747017279,-14.934332709011711,234.81497223711608,-0.11600484222531549,0.12148081665453025,0.8594892150568185,36.331035704013104,18.252680581658268,1.9904493228529618,-14.934332709011711,35.60996603201592,4.8508004283066555,0.35357246099578443,0.8594892150568185,zz2000_and_cyb,below,54.0,13.0,0.25,316.0,0.2263766808150584,False
zz2000_and_cyb_below_ma53_days13:scale0.25,38.58130464263858,13.560770754778922,2.8450672414060407,-17.608686471762024,17882.886853026204,-1.1604863482045644,0.034603070016500315,4.618527782440651e-14,34.80366151536729,15.088744590316908,2.306597563968462,-17.60868647176208,1875.9412259169294,-0.28728776756672403,0.08069790666937493,-4.618527782440651e-14,38.239766297263955,17.48729775955135,2.186716714214914,-17.60868647176207,402.0633317237356,1.1454480794901727,0.16137130914940379,1.0658141036401503e-14,49.80823765818698,17.170069317653645,2.900875747017279,-14.934332709011711,234.81497223711608,-0.11600484222531549,0.12148081665453025,0.8594892150568185,36.331035704013104,18.252680581658268,1.9904493228529618,-14.934332709011711,35.60996603201592,4.8508004283066555,0.35357246099578443,0.8594892150568185,zz2000_and_cyb,below,53.0,13.0,0.25,311.0,0.2263766808150584,False
zz2000_and_cyb_below_ma54_days13:scale0.50,38.86912077694535,13.672746683014486,2.8428172976562247,-17.60868647176207,18486.478552737593,-0.8726702138977913,0.032353126266684296,0.0,34.91814259266002,15.226665857357052,2.2932231467986575,-17.608686471762034,1892.7698339474362,-0.17280669027399398,0.06732348949957023,0.0,37.88332189618904,17.660054038885615,2.1451419011954256,-17.60868647176207,395.64579393056096,0.7890036784152556,0.11979649612991539,1.0658141036401503e-14,49.87326620392243,17.33725878465987,2.8766523487583084,-15.221090837728624,235.24967576781367,-0.05097629648987123,0.0972574183955599,0.5727310863399051,34.725293363104214,18.465851785494376,1.8805140302481058,-15.22109083772859,34.039889237977164,3.2450580873977657,0.24363716839092842,0.5727310863399389,zz2000_and_cyb,below,54.0,13.0,0.5,316.0,0.17429008139848973,False
zz2000_and_cyb_below_ma53_days13:scale0.50,38.98220862797235,13.67750004075894,2.8500974967505317,-17.60868647176208,18728.79434695193,-0.7595823628707947,0.03963332536099129,-1.0658141036401503e-14,34.91814259266002,15.226665857357052,2.2932231467986575,-17.608686471762034,1892.7698339474362,-0.17280669027399398,0.06732348949957023,0.0,37.88332189618904,17.660054038885615,2.1451419011954256,-17.60868647176207,395.64579393056096,0.7890036784152556,0.11979649612991539,1.0658141036401503e-14,49.87326620392243,17.33725878465987,2.8766523487583084,-15.221090837728624,235.24967576781367,-0.05097629648987123,0.0972574183955599,0.5727310863399051,34.725293363104214,18.465851785494376,1.8805140302481058,-15.22109083772859,34.039889237977164,3.2450580873977657,0.24363716839092842,0.5727310863399389,zz2000_and_cyb,below,53.0,13.0,0.5,311.0,0.17429008139848973,False
zz2000_and_cyb_below_ma53_days13:scale0.75,39.369092398453056,13.871860115129895,2.838054310792364,-17.608686471762024,19580.355905481196,-0.37269859239008696,0.02759013940282351,4.618527782440651e-14,35.01394022316544,15.453305886681367,2.2657896297349978,-17.60868647176209,1906.9509946405976,-0.07700905976857086,0.039889972435910526,-5.684341886080802e-14,37.501477340439024,17.937561022640935,2.090667582571809,-17.60868647176208,388.8438612901112,0.40715912266524157,0.06532217750629865,0.0,49.91196857627851,17.602779078640694,2.835459580177425,-15.507587783672127,235.5085720204018,-0.012273924133786807,0.056064649814676404,0.2862341403964024,33.108176136816134,18.794221451323168,1.761614665580373,-15.50758778367214,32.45836653653993,1.6279408611096855,0.12473780372319565,0.28623414039638995,zz2000_and_cyb,below,53.0,13.0,0.75,311.0,0.09787379284191348,False
zz2000_and_cyb_below_ma54_days13:scale0.75,39.312498172420554,13.868888948719723,2.8345816537848623,-17.60868647176206,19453.57334330146,-0.4292928184225886,0.024117482395321854,1.0658141036401503e-14,35.01394022316544,15.453305886681367,2.2657896297349978,-17.60868647176209,1906.9509946405976,-0.07700905976857086,0.039889972435910526,-5.684341886080802e-14,37.501477340439024,17.937561022640935,2.090667582571809,-17.60868647176208,388.8438612901112,0.40715912266524157,0.06532217750629865,0.0,49.91196857627851,17.602779078640694,2.835459580177425,-15.507587783672127,235.5085720204018,-0.012273924133786807,0.056064649814676404,0.2862341403964024,33.108176136816134,18.794221451323168,1.761614665580373,-15.50758778367214,32.45836653653993,1.6279408611096855,0.12473780372319565,0.28623414039638995,zz2000_and_cyb,below,54.0,13.0,0.75,316.0,0.09787379284191348,False
zz2000_and_cyb_below_ma60_days13:scale0.50,38.702325378862334,13.623585425387425,2.8408325833771273,-17.608686471762113,18134.411201763487,-1.039465611980809,0.030368411987586885,-4.263256414560601e-14,34.95963056546141,15.165546805813875,2.3052007957971723,-17.60868647176207,1898.9002936403856,-0.1313187174726025,0.07930113849808507,-3.552713678800501e-14,37.028001709504,17.5438653113838,2.1105954162494283,-17.608686471762013,380.51350716149744,-0.06631650826978586,0.08525001118391806,6.750155989720952e-14,48.73372321873055,17.151955926621454,2.8412924699212416,-14.76605485970942,227.68625986805108,-1.1905192816817447,0.06189753955849309,1.027767064359109,34.103067845146114,18.476413702309177,1.8457622996871912,-14.76605485970941,33.4313982481786,2.622832569439666,0.2088854378300138,1.0277670643591197,zz2000_and_cyb,below,60.0,13.0,0.5,346.0,0.08585087173494929,False
zz2000_and_cyb_below_ma52_days13:scale0.50,38.87752145286634,13.673613769646822,2.8432513970204463,-17.608686471762113,18504.377889571755,-0.8642695379768028,0.03278722563090586,-4.263256414560601e-14,34.74193793806371,15.221318364325914,2.282452617211405,-17.60868647176205,1866.921084583754,-0.3490113448703056,0.05655295991231757,-1.4210854715202004e-14,37.340544793342566,17.62759909405055,2.118300092605651,-17.60868647176207,385.9995600173772,0.2462265755687838,0.09295468754014102,1.0658141036401503e-14,48.89126456619481,17.283397308285434,2.8287994364833,-14.76605485970941,228.72506316870346,-1.0329779342174845,0.04940450612055125,1.0277670643591197,34.55711071279557,18.51573933870356,1.86636407440456,-14.76605485970942,33.87542367394622,3.0768754370891216,0.22948721254738258,1.027767064359109,zz2000_and_cyb,below,52.0,13.0,0.5,310.0,0.08200478017487355,False
zz2000_and_cyb_below_ma52_days13:scale0.25,38.424606484196254,13.555928666732491,2.834524098558722,-17.60868647176206,17562.041099978996,-1.317184506646889,0.024059927169181705,1.0658141036401503e-14,34.539454095376556,15.082039195876854,2.290105047918122,-17.608686471762013,1837.5901260627502,-0.5514951875574567,0.06420539061903474,2.1316282072803006e-14,37.42258126579871,17.446031070227335,2.145048413312901,-17.60868647176207,387.4478044185731,0.32826304802492956,0.11970300824739066,1.0658141036401503e-14,48.33519714608361,17.101810385494147,2.826320492190803,-14.766054859709431,225.0681991515214,-1.5890453543286895,0.04692556182805463,1.0277670643590984,36.0793977246729,18.31548026405522,1.9698854304945523,-14.76605485970942,35.36393825139932,4.599162448966453,0.33300856863737494,1.027767064359109,zz2000_and_cyb,below,52.0,13.0,0.25,310.0,0.07530008528706733,False
zz2000_and_cyb_below_ma60_days13:scale0.25,38.15987060471677,13.495678103412326,2.8275622990050575,-17.60868647176209,17032.141520496243,-1.5819203861263702,0.0170981276155171,-2.1316282072803006e-14,34.86239386399967,15.013513636925449,2.322067619018661,-17.60868647176209,1884.5587809244844,-0.2285554189343415,0.09616796171957365,-5.684341886080802e-14,36.94733533586727,17.34612976225605,2.1300045510014605,-17.608686471762024,379.1056427392165,-0.14698288190651,0.10465914593595027,5.684341886080802e-14,48.089682540302746,16.942800832513207,2.838354945896474,-14.766054859709431,223.4622762341069,-1.8345599601095515,0.05896001553372532,1.0277670643590984,35.38696738169498,18.273350967940058,1.9365341060750243,-14.766054859709444,34.6869052211644,3.9067321059885316,0.2996572442178469,1.027767064359086,zz2000_and_cyb,below,60.0,13.0,0.25,346.0,0.0742382408432142,False
zz2000_and_cyb_below_ma59_days13:scale0.50,38.526952422406694,13.616747853375507,2.8293798811039963,-17.60868647176205,17770.98485034861,-1.2148385684364484,0.018915709714455886,2.1316282072803006e-14,34.6879417891506,15.15562629659466,2.2887831297967995,-17.60868647176205,1859.0606172986754,-0.40300749378341294,0.06288347249771231,-1.4210854715202004e-14,37.14446853995561,17.548820398549783,2.1166362009736672,-17.608686471762102,382.5520262993993,0.050150322181828244,0.09129079590815703,-2.1316282072803006e-14,48.638601517440506,17.14665058539748,2.8366240552462396,-14.76605485970942,227.06010112252275,-1.2856409829717919,0.05722912488349108,1.027767064359109,33.842360372135104,18.46112885615489,1.8331685259242505,-14.76605485970941,33.17643108240607,2.362125096428656,0.1962916640670731,1.0277670643591197,zz2000_and_cyb,below,59.0,13.0,0.5,350.0,0.07092463999071057,False
zz2000_and_cyb_below_ma60_days13:scale0.75,39.22970504822132,13.839928980881641,2.8345308059320895,-17.60868647176205,19269.47821269348,-0.5120859426218232,0.024066634542549092,2.1316282072803006e-14,35.035846077172074,15.417587148349767,2.272459739650128,-17.60868647176208,1910.2065025491854,-0.05510320576193806,0.04656008235104059,-4.618527782440651e-14,37.07703815188819,17.8691051421901,2.0749241697809997,-17.60868647176206,381.3709514154705,-0.017280065885593388,0.0495787647154895,2.1316282072803006e-14,49.345388811183845,17.49431740141743,2.8206524255233743,-14.923984645330979,231.73174756497042,-0.5788536892284526,0.04125749516062571,0.8698372787375508,32.80063911382063,18.797906054556133,1.7449091945999269,-14.923984645330924,32.157561652170855,1.3204038381141814,0.10803233274274948,0.8698372787376059,zz2000_and_cyb,below,60.0,13.0,0.75,346.0,0.06357713908647868,False
zz2000_and_cyb_below_ma52_days13:scale0.75,39.31663954073883,13.869606207782367,2.834733658023967,-17.60868647176206,19462.824830603604,-0.4251514501043161,0.024269486634426407,1.0658141036401503e-14,34.92581095692271,15.450219354835088,2.2605381939766964,-17.608686471762024,1893.901671561519,-0.16513832601130218,0.03463853667760919,1.0658141036401503e-14,37.231131388689654,17.91902241235469,2.07774344670833,-17.60868647176208,384.07336703021235,0.13681317091587175,0.052398041642820026,0.0,49.42104625291537,17.571934980106526,2.8124988118192866,-14.7660548597094,232.23443513598548,-0.5031962474969305,0.03310388145653809,1.0277670643591303,33.02387825067407,18.822916655698204,1.7544506441129493,-14.76605485970942,32.37591515739764,1.543642974967625,0.11757378225577186,1.027767064359109,zz2000_and_cyb,below,52.0,13.0,0.75,310.0,0.06284801371499035,False
zz2000_and_cyb_below_ma60_days18:scale0.50,38.688384820893674,13.862177252927518,2.790931331708601,-17.60868647176206,18105.27062727915,-1.0534061699494686,-0.01953283968093933,1.0658141036401503e-14,34.806744739065756,15.418514007151598,2.2574642876039337,-17.608686471762013,1876.392775722985,-0.2842045438682561,0.031564630304846464,2.1316282072803006e-14,36.872690859677746,17.923290635763895,2.0572500669102847,-17.60868647176208,377.80581700866264,-0.22162735809603618,0.03190466184477447,0.0,49.6408563378802,17.45945821859477,2.843207144023027,-14.76605485970941,233.69778557981954,-0.28338616253209636,0.06381221366027834,1.0277670643591197,34.10570173642393,18.998624537252283,1.7951668906109424,-14.76605485970942,33.43397410262643,2.625466460717483,0.15829002875376497,1.027767064359109,zz2000_and_cyb,below,60.0,18.0,0.5,235.0,0.057994484654100134,False
zz2000_and_cyb_below_ma59_days18:scale0.50,38.688384820893674,13.862177252927518,2.790931331708601,-17.60868647176206,18105.27062727915,-1.0534061699494686,-0.01953283968093933,1.0658141036401503e-14,34.806744739065756,15.418514007151598,2.2574642876039337,-17.608686471762013,1876.392775722985,-0.2842045438682561,0.031564630304846464,2.1316282072803006e-14,36.872690859677746,17.923290635763895,2.0572500669102847,-17.60868647176208,377.80581700866264,-0.22162735809603618,0.03190466184477447,0.0,49.6408563378802,17.45945821859477,2.843207144023027,-14.76605485970941,233.69778557981954,-0.28338616253209636,0.06381221366027834,1.0277670643591197,34.10570173642393,18.998624537252283,1.7951668906109424,-14.76605485970942,33.43397410262643,2.625466460717483,0.15829002875376497,1.027767064359109,zz2000_and_cyb,below,59.0,18.0,0.5,234.0,0.057994484654100134,False
zz2000_and_cyb_below_ma59_days13:scale0.75,39.14176079294083,13.836012173813907,2.8289770420280984,-17.60868647176206,19075.70905283886,-0.6000301979023135,0.018512870638558,1.0658141036401503e-14,34.900016275695656,15.411912121296181,2.26448321279167,-17.60868647176207,1890.0967184416238,-0.19093300723835682,0.03858355549258263,-3.552713678800501e-14,37.13501146225888,17.872645716281315,2.0777568162966644,-17.608686471762034,382.3862416446751,0.040693244485098035,0.052411411231154226,4.618527782440651e-14,49.297639431678775,17.491661774729515,2.8183508271866926,-14.92398464533099,231.41474905877791,-0.6266030687335231,0.03895589682394407,0.8698372787375401,32.67152833330875,18.790212798618363,1.7387524390203328,-14.923984645330979,32.031273619947974,1.1912930576023015,0.10187557716315543,0.8698372787375508,zz2000_and_cyb,below,59.0,13.0,0.75,350.0,0.0561373432827459,False
zz2000_and_cyb_below_ma59_days13:scale0.25,37.89761225377342,13.487021843810412,2.8099318509790754,-17.60868647176206,16521.920580249513,-1.8441787370697256,-0.0005323204104650259,1.0658141036401503e-14,34.454877034518994,15.000935371551286,2.2968485751802774,-17.608686471762113,1825.4556357650251,-0.6360722484150187,0.07094891788119018,-7.815970093361102e-14,37.12277694759245,17.35022307428859,2.1396138129546554,-17.60868647176206,382.1718354569013,0.028458729818666484,0.11426840788914516,2.1316282072803006e-14,47.94759679383753,16.934914576609465,2.8312866047793848,-14.766054859709431,222.5353030974721,-1.9766457065747645,0.051891674416636224,1.0277670643590984,34.99223268467344,18.250729483700503,1.9173059748611454,-14.766054859709444,34.30092159287212,3.511997408966991,0.280429113003968,1.027767064359086,zz2000_and_cyb,below,59.0,13.0,0.25,350.0,0.051841129741752624,False
zz2000_and_cyb_below_ma55_days13:scale0.50,38.77286199085419,13.690405844291512,2.832119254304014,-17.608686471762034,18282.52840666122,-0.9689289999889539,0.02165508291447349,3.552713678800501e-14,34.76921761243843,15.251822063532172,2.2796763211376083,-17.60868647176209,1870.9030936944607,-0.3217316704955806,0.05377666383852109,-5.684341886080802e-14,37.330158950870285,17.724846423338416,2.10609209576662,-17.60868647176207,385.81645737903455,0.23584073309650222,0.08074669070110962,1.0658141036401503e-14,48.87249950496078,17.448432865567145,2.8009678508954288,-15.221090837728624,228.60121444268123,-1.0517429954515194,0.02157292053268023,0.5727310863399051,32.007463758596685,18.773233891910603,1.7049520579610271,-15.221090837728612,31.38169421487156,0.5272284828902372,0.06807519610384971,0.5727310863399175,zz2000_and_cyb,below,55.0,13.0,0.5,317.0,0.05129422996565963,False
zz2000_and_cyb_below_ma60_days18:scale0.25,38.150619355448235,13.795014782280601,2.7655366781086657,-17.60868647176207,17013.896318234227,-1.5911716353949075,-0.04492749328087475,0.0,34.64650417702513,15.331829723381354,2.259776217328353,-17.60868647176206,1853.0475374108348,-0.4444451059088834,0.03387656002926587,-2.4868995751603507e-14,36.737625647212965,17.82494871943427,2.0610227959398553,-17.608686471762102,375.4610168023869,-0.35669257056081705,0.03567739087434507,-2.1316282072803006e-14,49.46570105732102,17.333827575021253,2.853709075115244,-14.766054859709444,232.53137095767124,-0.45854144309127776,0.07431414475249554,1.027767064359086,35.42382063281095,18.934186834183468,1.8708921034230725,-14.76605485970942,34.72294047061166,3.943585357104503,0.23401524156589515,1.027767064359109,zz2000_and_cyb,below,60.0,18.0,0.25,235.0,0.050622845460144214,False
zz2000_and_cyb_below_ma59_days18:scale0.25,38.150619355448235,13.795014782280601,2.7655366781086657,-17.60868647176207,17013.896318234227,-1.5911716353949075,-0.04492749328087475,0.0,34.64650417702513,15.331829723381354,2.259776217328353,-17.60868647176206,1853.0475374108348,-0.4444451059088834,0.03387656002926587,-2.4868995751603507e-14,36.737625647212965,17.82494871943427,2.0610227959398553,-17.608686471762102,375.4610168023869,-0.35669257056081705,0.03567739087434507,-2.1316282072803006e-14,49.46570105732102,17.333827575021253,2.853709075115244,-14.766054859709444,232.53137095767124,-0.45854144309127776,0.07431414475249554,1.027767064359086,35.42382063281095,18.934186834183468,1.8708921034230725,-14.76605485970942,34.72294047061166,3.943585357104503,0.23401524156589515,1.027767064359109,zz2000_and_cyb,below,59.0,18.0,0.25,234.0,0.050622845460144214,False
zz2000_and_cyb_below_ma55_days13:scale0.25,38.26864980926066,13.578700260502567,2.8182851874693555,-17.60868647176207,17248.046361602796,-1.4731411815824842,0.007821016079815113,0.0,34.58160569475843,15.12179379186065,2.2868719260920014,-17.60868647176208,1843.6633832338607,-0.5093435881755823,0.060972268792914175,-4.618527782440651e-14,37.41222802943904,17.57142314102457,2.129151846676067,-17.60868647176207,387.2648418912997,0.31790981166525967,0.10380644161055663,1.0658141036401503e-14,48.31657198304116,17.31452101565907,2.7905231648824795,-14.934332709011699,224.94618547392596,-1.6076705173711403,0.011128234519730995,0.859489215056831,32.243732372130474,18.651708593638407,1.7287280792671154,-14.934332709011711,31.612815519924563,0.7634970964240253,0.09185121740993796,0.8594892150568185,zz2000_and_cyb,below,55.0,13.0,0.25,317.0,0.04472132441776352,False
zz2000_and_cyb_below_ma57_days13:scale0.50,38.55585976913891,13.677385353892484,2.818949585138814,-17.60868647176207,17830.418675353518,-1.1859312217042302,0.008485413749273807,0.0,34.73271118864771,15.242319783176638,2.278702433928932,-17.608686471762102,1865.5758970595527,-0.3582380942862997,0.05280277662984467,-6.750155989720952e-14,37.23588109611391,17.69885845358897,2.1038577823398112,-17.60868647176207,384.15685742242084,0.1415628783401246,0.07851237727430105,1.0658141036401503e-14,48.803466539908904,17.402758171930653,2.8043523938995625,-15.221090837728612,228.14586662578532,-1.1207759605033942,0.02495746353681394,0.5727310863399175,31.987439989948975,18.648909508265714,1.7152445281463378,-15.221090837728624,31.36210635550323,0.5072047142425262,0.07836766628916036,0.5727310863399051,zz2000_and_cyb,below,57.0,13.0,0.5,330.0,0.04457132974297362,False
zz2000_and_cyb_below_ma52_days13:scale0.00,37.958065071264315,13.518596149273368,2.8078407441222795,-17.60868647176206,16638.251867741197,-1.7837259195788278,-0.002623427267260947,1.0658141036401503e-14,34.31848660861392,15.034872755893952,2.2825924213532454,-17.608686471762002,1806.0313539815115,-0.7724626743200957,0.05669276405415813,3.197442310920451e-14,37.477273419418864,17.377762084421782,2.1566225407709547,-17.60868647176208,388.4152363363561,0.3829552016450819,0.13127713570544453,0.0,47.75315122738824,17.030595608525665,2.8039624875763356,-14.766054859709431,221.26960007012744,-2.171091273024061,0.024567557213587055,1.0277670643590984,37.590203833869396,18.225664145920884,2.062487464539531,-14.766054859709431,36.84094492627348,6.109968558162947,0.4256106026823534,1.0277670643590984,zz2000_and_cyb,below,52.0,13.0,0.0,310.0,0.04106542704591034,False
zz2000_and_cyb_below_ma60_days18:scale0.75,39.218808597219265,13.97778514001631,2.8057956396068557,-17.60868647176206,19245.3706636041,-0.5229823936238773,-0.004668531782684671,1.0658141036401503e-14,34.95490983805685,15.563385046302985,2.2459708947675385,-17.60868647176207,1898.201881907423,-0.1360394448771629,0.020071237468451297,-3.552713678800501e-14,36.991604642832975,18.08724769993816,2.0451759856730134,-17.60868647176206,379.87786294838867,-0.10271357494080746,0.0198305806075032,2.1316282072803006e-14,49.7937238836422,17.6699331559623,2.8179916383464354,-15.270118926003839,234.71800163291115,-0.13051861677009668,0.03859670798368686,0.5237029980646906,32.791162095393965,19.098039634644195,1.7169909960763823,-15.270118926003839,32.14829190121811,1.3109268196875163,0.08011413421920488,0.5237029980646906,zz2000_and_cyb,below,60.0,18.0,0.75,235.0,0.03747901293491768,False
zz2000_and_cyb_below_ma59_days18:scale0.75,39.218808597219265,13.97778514001631,2.8057956396068557,-17.60868647176206,19245.3706636041,-0.5229823936238773,-0.004668531782684671,1.0658141036401503e-14,34.95490983805685,15.563385046302985,2.2459708947675385,-17.60868647176207,1898.201881907423,-0.1360394448771629,0.020071237468451297,-3.552713678800501e-14,36.991604642832975,18.08724769993816,2.0451759856730134,-17.60868647176206,379.87786294838867,-0.10271357494080746,0.0198305806075032,2.1316282072803006e-14,49.7937238836422,17.6699331559623,2.8179916383464354,-15.270118926003839,234.71800163291115,-0.13051861677009668,0.03859670798368686,0.5237029980646906,32.791162095393965,19.098039634644195,1.7169909960763823,-15.270118926003839,32.14829190121811,1.3109268196875163,0.08011413421920488,0.5237029980646906,zz2000_and_cyb,below,59.0,18.0,0.75,234.0,0.03747901293491768,False
zz2000_and_cyb_below_ma55_days13:scale0.75,39.26396914947752,13.878743054393658,2.8290724163992316,-17.60868647176207,19345.468455472932,-0.4778218413656248,0.01860824500969116,0.0,34.939037608372956,15.46733896191603,2.258891312487591,-17.608686471762102,1895.8552625028601,-0.15191167456105603,0.03299165518850389,-6.750155989720952e-14,37.22419973470454,17.974027319782802,2.0709993966535465,-17.60868647176208,383.95154301801824,0.12988151693075878,0.04565399158803629,0.0,49.40846750418273,17.665351568720023,2.796913908674772,-15.507587783672161,232.1508235708098,-0.5157749962295668,0.017518978312023314,0.28623414039636863,31.752964616184222,18.967360391189324,1.6740845305461711,-15.50758778367214,31.132731628927203,0.272729340477774,0.03720766868899372,0.28623414039638995,zz2000_and_cyb,below,55.0,13.0,0.75,317.0,0.03574337333991781,False
zz2000_and_cyb_below_ma57_days13:scale0.75,39.15532107458144,13.870867506845954,2.8228458714104483,-17.60868647176206,19105.46773108771,-0.5864699162617057,0.012381700020907882,1.0658141036401503e-14,34.92095679768023,15.461718031972643,2.25854311438539,-17.608686471762024,1893.1851386802205,-0.16999248525377908,0.032643457086302785,1.0658141036401503e-14,37.17769497924748,17.95877180920892,2.0701691281685233,-17.60868647176209,383.1348542209945,0.08337676147369422,0.04482372310301308,-1.0658141036401503e-14,49.374948209424055,17.638560855189578,2.7992617206577295,-15.50758778367215,231.92808754176545,-0.549294290988243,0.01986679029498095,0.2862341403963793,31.74564131767159,18.8954189920044,1.680070779647954,-15.507587783672161,31.125567524962715,0.26540604196514295,0.043193917790776526,0.28623414039636863,zz2000_and_cyb,below,57.0,13.0,0.75,330.0,0.03298477995945341,False
zz2000_and_cyb_below_ma57_days13:scale0.25,37.94362297552176,13.56346949379741,2.797486512788887,-17.60868647176206,16610.391320101793,-1.7981680153213802,-0.012977658600653363,1.0658141036401503e-14,34.52633876773974,15.110291394152592,2.284955191605425,-17.60868647176207,1835.7039391320573,-0.5646105151942749,0.0590555343063377,-3.552713678800501e-14,37.26893576756771,17.539602626053245,2.1248449330436148,-17.60868647176209,384.7382115151255,0.17461754979392907,0.09949952797810457,-1.0658141036401503e-14,48.21007768584713,17.25846565004968,2.79341620879886,-14.934332709011711,224.24912531523512,-1.7141648145651658,0.014021278436111562,0.8594892150568185,32.205632336506525,18.49595855047484,1.7412253735657148,-14.934332709011755,31.57554600346668,0.725397060800077,0.10434851170853743,0.8594892150567741,zz2000_and_cyb,below,57.0,13.0,0.25,330.0,0.03265548493859083,False
zz2000_and_cyb_below_ma62_days18:scale0.50,38.760624656024504,13.88167010914127,2.792216235602667,-17.60868647176208,18256.75110840483,-0.9811663348186386,-0.018247935786873448,-1.0658141036401503e-14,34.819706773713264,15.45053925374954,2.253624045210151,-17.608686471762013,1878.2921308523364,-0.2712425092207482,0.027724387911063797,2.1316282072803006e-14,36.899078576762136,17.978554085740413,2.0523941136083033,-17.60868647176208,378.2649984732571,-0.19523964101164637,0.027048708542793065,0.0,49.68894158540411,17.553851287555762,2.8306575446853355,-15.793821924068506,234.01847618771944,-0.23530091500818884,0.05126261432258694,2.3092638912203256e-14,32.43123964489636,19.15821023170734,1.6928115545585676,-15.793821924068485,31.796232761166543,0.9510043691899099,0.055934692701390176,4.440892098500626e-14,zz2000_and_cyb,below,62.0,18.0,0.5,229.0,0.029811660650906114,False
zz2000_and_cyb_below_ma60_days13:scale0.00,37.60256047509172,13.458728657645578,2.793916233219444,-17.608686471762024,15964.936183515405,-2.1392305157514215,-0.016547938170096366,4.618527782440651e-14,34.74423234146118,14.964536040165264,2.32177143669584,-17.60868647176207,1867.2557191546268,-0.3467169414728346,0.09587177939675273,-3.552713678800501e-14,36.83517985128029,17.280276085114863,2.1316314432620618,-17.60868647176207,377.15368201547824,-0.2591383664934952,0.10628603819655158,1.0658141036401503e-14,47.4137172559568,16.871806813909185,2.8102335321234677,-14.766054859709444,219.0680547362318,-2.5105252444555006,0.030838601760719175,1.027767064359086,36.65178906237887,18.192683939755298,2.014644413311995,-14.766054859709444,35.923557020463505,5.171553786672419,0.37776755145481755,1.027767064359086,zz2000_and_cyb,below,60.0,13.0,0.0,346.0,0.029713816336793077,False
zz2000_and_cyb_below_ma60_days16:scale0.75,39.14277814136822,13.932850700073724,2.809387610904429,-17.60868647176205,19077.94017172418,-0.5990128494749243,-0.0010765604851115107,2.1316282072803006e-14,34.90761115812451,15.51878539701796,2.249377787312675,-17.60868647176207,1891.2163542755404,-0.1833381248095023,0.023478130013587784,-3.552713678800501e-14,36.87855184625146,18.01901281694579,2.0466466293630368,-17.608686471762024,377.90777553546224,-0.2157663715223208,0.021301224297526566,5.684341886080802e-14,49.60262552371222,17.650059139179074,2.81033763867713,-15.202019006832845,233.44296252943377,-0.32161697670007783,0.030942708314381395,0.5918029172356842,32.65141675261638,19.076903613488405,1.7115679469874796,-15.20201900683289,32.01160154938063,1.1711814769099291,0.0746910851303022,0.5918029172356398,zz2000_and_cyb,below,60.0,16.0,0.75,271.0,0.02538852872539297,False
zz2000_and_cyb_below_ma60_days18:scale0.00,37.6056115420186,13.777006255922897,2.72959239790223,-17.60868647176206,15970.605248124326,-2.1361794488245422,-0.08087177348731034,1.0658141036401503e-14,34.474239389379036,15.304320943236174,2.2525820986925336,-17.60868647176205,1828.2275508577527,-0.616709893554976,0.026682441393446332,-1.4210854715202004e-14,36.58646048757272,17.793309930086583,2.056191941315479,-17.608686471762102,372.8476304350573,-0.5078577302010601,0.030846536249968803,-2.1316282072803006e-14,49.268324824964836,17.294890259186616,2.848721448162687,-14.76605485970941,231.22023520515768,-0.655917675447462,0.06932651779993826,1.0277670643591197,36.745485278910174,18.90508418863261,1.9436827105485608,-14.76605485970942,36.0151586375365,5.265250003203725,0.3068058486913834,1.027767064359109,zz2000_and_cyb,below,60.0,18.0,0.0,235.0,0.02474965300451083,False
zz2000_and_cyb_below_ma59_days18:scale0.00,37.6056115420186,13.777006255922897,2.72959239790223,-17.60868647176206,15970.605248124326,-2.1361794488245422,-0.08087177348731034,1.0658141036401503e-14,34.474239389379036,15.304320943236174,2.2525820986925336,-17.60868647176205,1828.2275508577527,-0.616709893554976,0.026682441393446332,-1.4210854715202004e-14,36.58646048757272,17.793309930086583,2.056191941315479,-17.608686471762102,372.8476304350573,-0.5078577302010601,0.030846536249968803,-2.1316282072803006e-14,49.268324824964836,17.294890259186616,2.848721448162687,-14.76605485970941,231.22023520515768,-0.655917675447462,0.06932651779993826,1.0277670643591197,36.745485278910174,18.90508418863261,1.9436827105485608,-14.76605485970942,36.0151586375365,5.265250003203725,0.3068058486913834,1.027767064359109,zz2000_and_cyb,below,59.0,18.0,0.0,234.0,0.02474965300451083,False
zz2000_and_cyb_below_ma60_days14:scale0.75,39.34972609885832,13.882480718141544,2.8344880787362685,-17.60868647176207,19536.885009443533,-0.3920648919848233,0.0240239073467281,0.0,35.06705648308517,15.467870620832752,2.267090108437773,-17.60868647176207,1914.8530023061285,-0.02389279984884496,0.0411904511386858,-3.552713678800501e-14,37.07541550246904,17.947540077101383,2.065765856668693,-17.60868647176205,381.34255844759224,-0.018902715304740525,0.04042045160318297,3.197442310920451e-14,48.95662476982847,17.6008692146016,2.7814890374399392,-14.936274787031135,229.15668068677647,-0.9676177305838252,0.00209410707719071,0.857547137037395,31.324282384369262,18.948737964745867,1.6531065257563908,-14.936274787031078,30.713356643955446,-0.15595289133718637,0.01622966389921343,0.8575471370374519,zz2000_and_cyb,below,60.0,14.0,0.75,318.0,0.023758448048712424,False
zz2000_and_cyb_below_ma62_days18:scale0.25,38.25967328385762,13.81865634862487,2.7686970656640537,-17.608686471762034,17230.13369329893,-1.4821177069855196,-0.0417671057254867,3.552713678800501e-14,34.66778526952763,15.371164433406737,2.2553779461354804,-17.60868647176206,1856.1335938593402,-0.4231640134063852,0.02947828883639314,-2.4868995751603507e-14,36.78095915397937,17.892804433386818,2.055628523237446,-17.608686471762102,376.2123039619718,-0.31335906379441525,0.03028311817193563,-2.1316282072803006e-14,49.54465466291429,17.449867479989894,2.8392567863181837,-15.793821924068506,233.05681161490887,-0.37958783749800773,0.05986185595543514,2.3092638912203256e-14,32.90548797296058,19.13584382603339,1.7195733970296232,-15.793821924068519,32.260116655355134,1.4252526972541304,0.0826965351724458,1.0658141036401503e-14,zz2000_and_cyb,below,62.0,18.0,0.25,229.0,0.02286356953445513,False
zz2000_and_cyb_below_ma60_days16:scale0.50,38.53447622566335,13.784210439016551,2.7955519393835253,-17.76280408324986,17786.436074829708,-1.2073147651797953,-0.014912232006015103,-0.15411761148779135,34.709519135128694,15.341393211882837,2.26247503442152,-17.762804083249904,1862.1983330440546,-0.38143014780531814,0.03657537712243286,-0.1541176114878695,36.64183067713418,17.80563429187781,2.0578784263725254,-17.76280408324993,373.8035499920879,-0.45248754063960206,0.032533021307015186,-0.1541176114878482,49.25753092551626,17.426044858146444,2.8266615474990595,-14.76605485970942,231.14863261377798,-0.6667115748960413,0.04726661713631097,1.027767064359109,33.821502551263485,18.964315441038536,1.7834286007537177,-14.76605485970942,33.15603214610792,2.341267275557037,0.14655173889654027,1.027767064359109,zz2000_and_cyb,below,60.0,16.0,0.5,271.0,0.021963271132640284,False
zz2000_and_cyb_below_ma62_days18:scale0.75,39.25469183343289,13.989341446325811,2.8060428708559986,-17.60868647176207,19324.8658726027,-0.4870991574102561,-0.004421300533541839,0.0,34.96077500163519,15.582200700961875,2.2436352651700275,-17.60868647176207,1899.0696412306684,-0.13017428129882092,0.017735607870940306,-3.552713678800501e-14,37.00354170214075,18.11973246523694,2.042168214852662,-17.60868647176206,380.08625955403687,-0.09077651563303135,0.016822809787151893,2.1316282072803006e-14,49.81547884819697,17.72529602720536,2.8104173138625477,-15.793821924068506,234.86335965163954,-0.10876365221533035,0.031022383499799133,2.3092638912203256e-14,31.956155325476665,19.1902416236411,1.6652294406813934,-15.79382192406853,31.331502643631914,0.47592004977021674,0.028352578824216046,0.0,zz2000_and_cyb,below,62.0,18.0,0.75,229.0,0.021901266265288558,False
zz2000_and_cyb_below_ma60_days15:scale0.75,39.29279650149184,13.90752243929694,2.825290893686898,-17.60868647176206,19409.61750074492,-0.4489944893512998,0.014826722297357708,1.0658141036401503e-14,35.00028517505625,15.492965231520216,2.2591082244119844,-17.60868647176207,1904.9240700493665,-0.09066410787776391,0.033208567112897214,-3.552713678800501e-14,36.950552164362584,17.987545203651447,2.0542298432618624,-17.608686471762013,379.16172262049173,-0.1437660534111984,0.028884438196352225,6.750155989720952e-14,49.27096872105932,17.633200754719034,2.794215832192197,-15.13387143017556,231.23777536926048,-0.653273779352979,0.014820901829448285,0.6599504938929694,32.20366756129363,19.04240223264944,1.6911557254093885,-15.133871430175539,31.573624052193416,0.7234322855871795,0.05427886355221112,0.6599504938929908,zz2000_and_cyb,below,60.0,15.0,0.75,293.0,0.02103964606412976,False
zz2000_and_cyb_below_ma65_days16:scale0.75,39.220208366216156,13.938403497611072,2.8138235754861154,-17.60868647176206,19248.465968625187,-0.521582624626987,0.0033594040965749805,1.0658141036401503e-14,34.97765685953793,15.529060617606365,2.2524000466506875,-17.608686471762034,1901.5692293563802,-0.11329242339608214,0.026500389351600262,0.0,36.971841063206654,18.05430094920932,2.0478134914897286,-17.60868647176206,379.53299029334585,-0.12247715456712882,0.02246808642421838,2.1316282072803006e-14,49.6007545710569,17.70378584639023,2.8017032628741614,-15.793821924068506,233.43049523694225,-0.3234879293553945,0.022308332511412843,2.3092638912203256e-14,31.70958611552559,19.170929087773615,1.6540453501415635,-15.79382192406853,31.090295994804194,0.22935083981914062,0.017168488284386108,0.0,zz2000_and_cyb,below,65.0,16.0,0.75,269.0,0.016630853504445854,False
zz2000_and_cyb_below_ma65_days16:scale0.50,38.68900159601605,13.793875683022478,2.804795583567172,-17.60868647176208,18106.558976736764,-1.0527893948270943,-0.005668587822368565,-1.0658141036401503e-14,34.850007191475505,15.3594380380271,2.268963688983503,-17.60868647176206,1882.7385264938596,-0.24094209145850698,0.04306403168441575,-2.4868995751603507e-14,36.83066317837969,17.866765962293385,2.061406258754849,-17.608686471762034,377.07520693539703,-0.26365503939409507,0.03606085368933876,4.618527782440651e-14,49.25791572749048,17.519081891973926,2.8116722115476365,-15.79382192406854,231.15118506547506,-0.6663267729218205,0.03227728118488793,-1.0658141036401503e-14,31.93482140278523,19.127248730354847,1.6695982706652854,-15.793821924068496,31.310633011127464,0.4545861270787803,0.03272140880810803,3.375077994860476e-14,zz2000_and_cyb,below,65.0,16.0,0.5,269.0,0.015923457104509174,False
zz2000_and_cyb_below_ma56_days13:scale0.75,39.13937640112142,13.874263532976078,2.8210056921649005,-17.60868647176205,19070.48086176981,-0.6024145897217252,0.01054152077536008,2.1316282072803006e-14,34.896334293646866,15.466553541958092,2.25624501276119,-17.60868647176206,1889.554125421395,-0.19461498928714605,0.03034535546210293,-2.4868995751603507e-14,37.10607782267561,17.973320482446685,2.064508773374101,-17.60868647176209,381.8793112641086,0.011759604901826037,0.03916336830859102,-1.0658141036401503e-14,49.24499575057959,17.66341930981474,2.7879650529054953,-15.507587783672117,231.065491997551,-0.679246749832707,0.008570122542746805,0.28623414039641304,31.314967844437014,18.96101720433205,1.6515447197253972,-15.50758778367215,30.70424407500656,-0.16526743126943444,0.01466785786821978,0.2862341403963793,zz2000_and_cyb,below,56.0,13.0,0.75,323.0,0.015563606213452713,False
zz2000_and_cyb_below_ma50_days20:scale0.50,39.003955701455915,13.982854926460476,2.789412885035854,-17.60868647176207,18775.730367899403,-0.7378352893872275,-0.02105128635368647,0.0,34.78596859292769,15.572403006828178,2.233821496764164,-17.60868647176205,1873.3518248116866,-0.30498069000632455,0.00792183946507663,-1.4210854715202004e-14,36.833336225638625,18.1675444399163,2.02742513428019,-17.60868647176205,377.1216486357056,-0.26098199213515727,0.002079729214679915,3.197442310920451e-14,50.07229254363166,17.852567672303064,2.804766992779146,-15.245302687262773,236.5824629381852,0.14805004321936366,0.025372062416397334,0.5485192368057561,32.35165769324162,19.231291327953805,1.682240528810283,-15.245302687262807,31.71838724635021,0.8714224175351717,0.045363666953105675,0.5485192368057223,zz2000_and_cyb,below,50.0,20.0,0.5,161.0,0.015555161371949905,False
zz2000_and_cyb_below_ma60_days15:scale0.50,38.83206910216148,13.739618426739383,2.826284391318203,-17.60868647176205,18407.724867924982,-0.9097218886816592,0.01582021992866256,2.1316282072803006e-14,34.893195088166394,15.296058486306165,2.281188655195364,-17.60868647176207,1889.0916234776519,-0.19775419476761869,0.055288997896276726,-3.552713678800501e-14,36.78361877840008,17.749967043870388,2.0723203985385767,-17.60868647176209,376.258445626744,-0.3106994393736997,0.04697499347306655,-1.0658141036401503e-14,48.59533420328952,17.39637033114175,2.793418010669593,-14.766054859709444,226.77554854062953,-1.32890829712278,0.014023080306844626,1.027767064359086,32.91681077284594,18.906315501843615,1.7410484221336577,-14.76605485970941,32.27119165513721,1.4365754971394935,0.10417156027648034,1.0277670643591197,zz2000_and_cyb,below,60.0,15.0,0.5,293.0,0.015379980504869406,False
zz2000_and_cyb_below_ma50_days20:scale0.25,38.62834121612349,13.94571265173295,2.7699080126481292,-17.608686471762034,17980.256871254263,-1.1134497747196548,-0.040556158741411164,3.552713678800501e-14,34.623231113256004,15.525732777172152,2.2300545558895197,-17.60868647176206,1849.6776335013963,-0.46771816967800817,0.004154898590432499,-2.4868995751603507e-14,36.693727722695215,18.131162916923817,2.0237933932216174,-17.60868647176209,374.7009104287736,-0.4005904950785677,-0.0015520118438927533,-1.0658141036401503e-14,50.13837490632618,17.827730485738485,2.8123812476543213,-14.970349556172902,237.02576442021282,0.2141324059138796,0.03298631729157275,0.8234723678956275,32.7885076575432,19.234891816233848,1.7046369675898245,-14.970349556172879,32.14569551531687,1.3082723818367512,0.06776010573264712,0.8234723678956506,zz2000_and_cyb,below,50.0,20.0,0.25,161.0,0.013706471165863756,False
zz2000_and_cyb_below_ma55_days13:scale0.00,37.7515134268894,13.545522305151769,2.7870105394556375,-17.608686471762034,16243.898616477918,-1.9902775639537396,-0.02345363193390293,3.552713678800501e-14,34.376321408023294,15.079465781006013,2.2796776694386254,-17.60868647176205,1814.2463596980856,-0.7146278749107182,0.053778012139538145,-1.4210854715202004e-14,37.47044624596758,17.516273847548234,2.1391790612597865,-17.60868647176208,388.2943888995401,0.3761280281937971,0.11383365619427632,0.0,47.74092230076698,17.26554753429403,2.765097498700267,-14.766054859709431,221.190109086212,-2.1833201996453155,-0.01429743166248132,1.0277670643590984,32.46177248478554,18.604207274542212,1.7448619017057432,-14.766054859709431,31.826099177855284,0.981537209079093,0.10798503984856578,1.0277670643590984,zz2000_and_cyb,below,55.0,13.0,0.0,317.0,0.012521897374723567,False
zz2000_and_cyb_below_ma64_days17:scale0.75,39.13638762418103,13.969751567189986,2.8015092062265867,-17.608686471762034,19063.92933858066,-0.6054033666621095,-0.008954965162953687,3.552713678800501e-14,34.94272394359514,15.567882977049413,2.2445392218780573,-17.60868647176206,1896.400045108728,-0.14822533933887172,0.01863956457897009,-2.4868995751603507e-14,36.92450751119847,18.115126148554946,2.0383246138279834,-17.60868647176208,378.7078295067976,-0.16981070657531205,0.01297920876247316,0.0,49.712831884747864,17.71612587592875,2.8060780462332158,-15.793821924068519,234.17788184618945,-0.21141061566443398,0.026683115870467233,1.0658141036401503e-14,31.59067697190492,19.16861290952491,1.6480418860254342,-15.79382192406853,30.973970210329902,0.1104416961984711,0.01116502416825682,0.0,zz2000_and_cyb,below,64.0,17.0,0.75,248.0,0.011361438147397696,False
zz2000_and_cyb_below_ma65_days17:scale0.75,39.13638762418103,13.969751567189986,2.8015092062265867,-17.608686471762034,19063.92933858066,-0.6054033666621095,-0.008954965162953687,3.552713678800501e-14,34.94272394359514,15.567882977049413,2.2445392218780573,-17.60868647176206,1896.400045108728,-0.14822533933887172,0.01863956457897009,-2.4868995751603507e-14,36.92450751119847,18.115126148554946,2.0383246138279834,-17.60868647176208,378.7078295067976,-0.16981070657531205,0.01297920876247316,0.0,49.712831884747864,17.71612587592875,2.8060780462332158,-15.793821924068519,234.17788184618945,-0.21141061566443398,0.026683115870467233,1.0658141036401503e-14,31.59067697190492,19.16861290952491,1.6480418860254342,-15.79382192406853,30.973970210329902,0.1104416961984711,0.01116502416825682,0.0,zz2000_and_cyb,below,65.0,17.0,0.75,249.0,0.011361438147397696,False
zz2000_and_cyb_below_ma60_days14:scale0.50,38.944099072073946,13.696614110464786,2.8433376860868864,-17.608686471762102,18646.8073708994,-0.7976919187691962,0.03287351469734601,-3.197442310920451e-14,35.02510945827881,15.252760733566594,2.296312783639188,-17.60868647176208,1908.6103016048432,-0.06583982465519966,0.07041312634010088,-4.618527782440651e-14,37.030356271317984,17.680424806137964,2.094426840833738,-17.60868647176205,380.55465077168753,-0.06396194645579811,0.0690814357682279,3.197442310920451e-14,47.967530826604296,17.341302402754884,2.766085828650566,-14.76605485970942,222.66524677025456,-1.9567116738080017,-0.013309101712182692,1.027767064359109,31.147003277820918,18.748223404734333,1.661330922158503,-14.766054859709444,30.539919654068214,-0.33323199788553026,0.024454060301325686,1.027767064359086,zz2000_and_cyb,below,60.0,14.0,0.5,318.0,0.010949300036365971,False
zz2000_and_cyb_below_ma50_days20:scale0.75,39.375119392061755,14.0479628991608,2.8029059924705493,-17.60868647176205,19593.90288981076,-0.36667159878138733,-0.007558178918991132,2.1316282072803006e-14,34.9418846609288,15.652273214585458,2.232384023834216,-17.60868647176206,1896.2760005127489,-0.14906462200521275,0.006484366535128849,-2.4868995751603507e-14,36.96687084259243,18.228926531696803,2.0279236288716027,-17.608686471762034,379.4462915817056,-0.12744737518135452,0.0025782238060925167,4.618527782440651e-14,50.000907630143445,17.897464354472834,2.7937425458622296,-15.519793617647782,236.10402646365404,0.07666512973114692,0.014347615499481048,0.2740283064207478,31.91556669047051,19.230290490510964,1.6596507840700065,-15.519793617647759,31.29179728956415,0.435331414764061,0.022773922212829145,0.2740283064207709,zz2000_and_cyb,below,50.0,20.0,0.75,161.0,0.01093635179785294,False
zz2000_and_cyb_below_ma50_days13:scale0.75,39.28901426388245,13.86541241362391,2.8335986764647374,-17.60868647176205,19401.189659185984,-0.4527767269606926,0.023134505075196987,2.1316282072803006e-14,34.91828631849956,15.444807607142696,2.2608430746881587,-17.60868647176206,1892.7910423207506,-0.17266296443445128,0.034943417389071474,-2.4868995751603507e-14,36.837666895462576,17.895712434528743,2.058463278857031,-17.608686471762102,377.196897650154,-0.2566513223112068,0.03311787379152076,-2.1316282072803006e-14,48.90614470522836,17.520697797765223,2.7913354405020545,-14.766054859709431,228.82329362955542,-1.018097795183941,0.011940510139305971,1.0277670643590984,33.02387825067407,18.822916655698204,1.7544506441129493,-14.76605485970942,32.37591515739764,1.543642974967625,0.11757378225577186,1.027767064359109,zz2000_and_cyb,below,50.0,13.0,0.75,305.0,0.010760133901766434,False
zz2000_and_cyb_below_ma56_days13:scale0.50,38.524308980363145,13.683228800557442,2.815439947828227,-17.60868647176208,17765.559127706343,-1.2174820104799977,0.00497577643868663,-1.0658141036401503e-14,34.683848112690896,15.250640450776427,2.2742551845371914,-17.608686471762034,1858.4658364492745,-0.40710117024311643,0.04835552723810421,0.0,37.09369841722363,17.723984257200467,2.092853270401327,-17.60868647176207,381.6625486228162,-0.0006198005501545367,0.06750786533581676,1.0658141036401503e-14,48.546609904288296,17.44566379107084,2.7827321726293817,-15.221090837728612,226.45530475491535,-1.377632596124002,0.0033372422666331225,0.5727310863399175,31.130439112829688,18.76367780503001,1.6590798156044066,-15.221090837728635,30.52371427438654,-0.3497961628767605,0.022202953747229248,0.5727310863398944,zz2000_and_cyb,below,56.0,13.0,0.5,323.0,0.010603070156186644,False
zz2000_and_cyb_below_ma60_days17:scale0.75,39.015415339831286,13.959987725894148,2.794802983061528,-17.60868647176205,18800.507433985913,-0.7263756510118569,-0.015661188328012443,2.1316282072803006e-14,34.805366153057534,15.55156150222927,2.2380624703228866,-17.60868647176209,1876.190865096226,-0.2855831298764784,0.012162813023799401,-5.684341886080802e-14,36.75978257062249,18.070459602421888,2.03424723993715,-17.60868647176208,375.84504016312985,-0.33453564715129147,0.008901834871639647,0.0,49.676710825976514,17.660766320901416,2.8128287257379316,-15.269958659853156,233.9368872446985,-0.24753167443578405,0.033433795375183095,0.5238632642153735,32.423625866277675,19.075342378018636,1.699766390753796,-15.269958659853156,31.788785145877284,0.9433905905712265,0.0628895288966187,0.5238632642153735,zz2000_and_cyb,below,60.0,17.0,0.75,252.0,0.00878663676777541,False
zz2000_and_cyb_below_ma59_days17:scale0.75,39.015415339831286,13.959987725894148,2.794802983061528,-17.60868647176205,18800.507433985913,-0.7263756510118569,-0.015661188328012443,2.1316282072803006e-14,34.805366153057534,15.55156150222927,2.2380624703228866,-17.60868647176209,1876.190865096226,-0.2855831298764784,0.012162813023799401,-5.684341886080802e-14,36.75978257062249,18.070459602421888,2.03424723993715,-17.60868647176208,375.84504016312985,-0.33453564715129147,0.008901834871639647,0.0,49.676710825976514,17.660766320901416,2.8128287257379316,-15.269958659853156,233.9368872446985,-0.24753167443578405,0.033433795375183095,0.5238632642153735,32.423625866277675,19.075342378018636,1.699766390753796,-15.269958659853156,31.788785145877284,0.9433905905712265,0.0628895288966187,0.5238632642153735,zz2000_and_cyb,below,59.0,17.0,0.75,251.0,0.00878663676777541,False
zz2000_and_cyb_below_ma59_days19:scale0.75,39.192944179279166,13.990490511507838,2.801398860679053,-17.60868647176208,19188.26019329334,-0.5488468115639762,-0.009065310710487218,-1.0658141036401503e-14,34.87470366317093,15.578248713022852,2.238679347442755,-17.60868647176207,1886.3692283191149,-0.21624561976307888,0.012779690143667644,-3.552713678800501e-14,36.87681987627518,18.112458474430284,2.035991962567363,-17.608686471762034,377.8776441380295,-0.21749834149860447,0.010646557501852616,4.618527782440651e-14,49.64231771700274,17.71082899883463,2.802935860329813,-15.342478645384238,233.70752880347246,-0.28192478340955773,0.02354092996706436,0.45134327868429125,31.995599021201127,19.150242802061573,1.6707672770476163,-15.342478645384228,31.370087774109724,0.5153637454946782,0.033890415190438894,0.4513432786843019,zz2000_and_cyb,below,59.0,19.0,0.75,218.0,0.008543276415300305,False
zz2000_and_cyb_below_ma60_days19:scale0.75,39.192944179279166,13.990490511507838,2.801398860679053,-17.60868647176208,19188.26019329334,-0.5488468115639762,-0.009065310710487218,-1.0658141036401503e-14,34.87470366317093,15.578248713022852,2.238679347442755,-17.60868647176207,1886.3692283191149,-0.21624561976307888,0.012779690143667644,-3.552713678800501e-14,36.87681987627518,18.112458474430284,2.035991962567363,-17.608686471762034,377.8776441380295,-0.21749834149860447,0.010646557501852616,4.618527782440651e-14,49.64231771700274,17.71082899883463,2.802935860329813,-15.342478645384238,233.70752880347246,-0.28192478340955773,0.02354092996706436,0.45134327868429125,31.995599021201127,19.150242802061573,1.6707672770476163,-15.342478645384228,31.370087774109724,0.5153637454946782,0.033890415190438894,0.4513432786843019,zz2000_and_cyb,below,60.0,19.0,0.75,219.0,0.008543276415300305,False
zz2000_and_cyb_below_ma65_days17:scale0.50,38.523636538883224,13.849112106638989,2.7816683295108686,-17.60868647176206,17764.179173173387,-1.2181544519599186,-0.02879584187867179,1.0658141036401503e-14,34.78256296071491,15.426816929198042,2.2546817739752014,-17.608686471762102,1872.8537530789356,-0.3083863222190999,0.02878211667611419,-6.750155989720952e-14,36.74055153287475,17.97181773559697,2.0443425408272606,-17.60868647176207,375.51171399385106,-0.3537666848990355,0.01899713576175044,1.0658141036401503e-14,49.48278192687461,17.53957616500825,2.821207391863527,-15.793821924068506,232.64499829880432,-0.4414605735376895,0.041812461500778664,2.3092638912203256e-14,31.696082524049608,19.125096870694293,1.6573031100625715,-15.79382192406854,31.07708586592146,0.2158472483431595,0.02042624820539407,-1.0658141036401503e-14,zz2000_and_cyb,below,65.0,17.0,0.5,249.0,0.007711313257462593,False
zz2000_and_cyb_below_ma64_days17:scale0.50,38.523636538883224,13.849112106638989,2.7816683295108686,-17.60868647176206,17764.179173173387,-1.2181544519599186,-0.02879584187867179,1.0658141036401503e-14,34.78256296071491,15.426816929198042,2.2546817739752014,-17.608686471762102,1872.8537530789356,-0.3083863222190999,0.02878211667611419,-6.750155989720952e-14,36.74055153287475,17.97181773559697,2.0443425408272606,-17.60868647176207,375.51171399385106,-0.3537666848990355,0.01899713576175044,1.0658141036401503e-14,49.48278192687461,17.53957616500825,2.821207391863527,-15.793821924068506,232.64499829880432,-0.4414605735376895,0.041812461500778664,2.3092638912203256e-14,31.696082524049608,19.125096870694293,1.6573031100625715,-15.79382192406854,31.07708586592146,0.2158472483431595,0.02042624820539407,-1.0658141036401503e-14,zz2000_and_cyb,below,64.0,17.0,0.5,248.0,0.007711313257462593,False
zz2000_and_cyb_below_ma59_days14:scale0.75,39.25005034708751,13.883824229782075,2.827034518550916,-17.60868647176206,19314.565979391726,-0.49174064375563376,0.0165703471613754,1.0658141036401503e-14,34.91320825847011,15.46970036858231,2.256876825447503,-17.60868647176208,1892.0418403039107,-0.17774102446390572,0.030977168148415668,-4.618527782440651e-14,36.96578155166124,17.954732754631387,2.0588321785032413,-17.60868647176206,379.42729206285446,-0.1285366661125451,0.0334867734377311,2.1316282072803006e-14,48.95662476982847,17.6008692146016,2.7814890374399392,-14.936274787031135,229.15668068677647,-0.9676177305838252,0.00209410707719071,0.857547137037395,31.324282384369262,18.948737964745867,1.6531065257563908,-14.936274787031078,30.713356643955446,-0.15595289133718637,0.01622966389921343,0.8575471370374519,zz2000_and_cyb,below,59.0,14.0,0.75,320.0,0.006732332454126022,False
zz2000_and_cyb_below_ma52_days12:scale0.75,39.08049613080726,13.821368188394665,2.827541788780494,-17.60868647176205,18941.798702394604,-0.6612948600358806,0.01707761739095348,2.1316282072803006e-14,34.687789900522525,15.385887758493553,2.2545198850403443,-17.608686471762034,1859.0385461033425,-0.40315938241148785,0.028620227741257054,0.0,36.891092859023075,17.816021208816682,2.070669563458234,-17.60868647176208,378.1259991320449,-0.20322535875070713,0.045324158392723746,0.0,48.71639200428286,17.419653473524324,2.796633818136832,-14.76605485970942,227.572114092246,-1.2078504961294385,0.017238887774083445,1.027767064359109,33.86004548167541,18.618387534286917,1.8186346921461392,-14.76605485970942,33.193727066310984,2.3798102059689583,0.18175783028896175,1.027767064359109,zz2000_and_cyb,below,52.0,12.0,0.75,342.0,0.004664541848064574,False
zz2000_and_cyb_below_ma63_days16:scale0.75,39.14726676892843,13.943729238488563,2.8075177091700194,-17.60868647176206,19087.78696240643,-0.5945242219147104,-0.0029464622195209955,1.0658141036401503e-14,34.86503591430501,15.53660503758574,2.244057555042459,-17.60868647176209,1884.947231768951,-0.22591336862900135,0.01815789774337162,-5.684341886080802e-14,36.87752474958248,18.05060179655617,2.0430080484418114,-17.608686471762024,377.8899067642154,-0.2167934681913053,0.01766264337630119,5.684341886080802e-14,49.6007545710569,17.70378584639023,2.8017032628741614,-15.793821924068506,233.43049523694225,-0.3234879293553945,0.022308332511412843,2.3092638912203256e-14,31.70958611552559,19.170929087773615,1.6540453501415635,-15.79382192406853,31.090295994804194,0.22935083981914062,0.017168488284386108,0.0,zz2000_and_cyb,below,63.0,16.0,0.75,261.0,0.003377186842538754,False
zz2000_and_cyb_below_ma59_days19:scale0.50,38.63756553913653,13.884076993791822,2.7828688616760826,-17.60868647176205,17999.409920919854,-1.1042254517066112,-0.027595309713457805,2.1316282072803006e-14,34.647471852016935,15.444074803846174,2.2434151797418362,-17.608686471762034,1853.1877686973914,-0.4434774309170777,0.01751552244274901,0.0,36.645300877379896,17.96640657241936,2.0396566630989486,-17.60868647176208,373.8635114664076,-0.44901734039388685,0.014311258033438357,0.0,49.341666432638334,17.52995016544086,2.8147066002453434,-14.892134779277654,231.707028194874,-0.5825760677739638,0.03531166988259482,0.9016871447908752,32.50741573359053,19.089236541717245,1.7029185877889594,-14.89213477927761,31.87074597735904,1.0271804578840786,0.06604172593178204,0.9016871447909196,zz2000_and_cyb,below,59.0,19.0,0.5,218.0,0.0021928758618214974,False
zz2000_and_cyb_below_ma60_days19:scale0.50,38.63756553913653,13.884076993791822,2.7828688616760826,-17.60868647176205,17999.409920919854,-1.1042254517066112,-0.027595309713457805,2.1316282072803006e-14,34.647471852016935,15.444074803846174,2.2434151797418362,-17.608686471762034,1853.1877686973914,-0.4434774309170777,0.01751552244274901,0.0,36.645300877379896,17.96640657241936,2.0396566630989486,-17.60868647176208,373.8635114664076,-0.44901734039388685,0.014311258033438357,0.0,49.341666432638334,17.52995016544086,2.8147066002453434,-14.892134779277654,231.707028194874,-0.5825760677739638,0.03531166988259482,0.9016871447908752,32.50741573359053,19.089236541717245,1.7029185877889594,-14.89213477927761,31.87074597735904,1.0271804578840786,0.06604172593178204,0.9016871447909196,zz2000_and_cyb,below,60.0,19.0,0.5,219.0,0.0021928758618214974,False
zz2000_and_cyb_below_ma51_days13:scale0.75,39.28379113560319,13.864164620502716,2.8334769682054417,-17.608686471762034,19389.5567351682,-0.45799985523995446,0.023012796815901293,3.552713678800501e-14,34.89445486260154,15.4430551209337,2.259556453651497,-17.60868647176206,1889.2772155447012,-0.19649442033247055,0.03365679635240992,-2.4868995751603507e-14,36.7892106961244,17.892691445595183,2.0561026723109985,-17.608686471762102,376.35547112785366,-0.3051075216493828,0.03075726724548833,-2.1316282072803006e-14,48.818272042372904,17.515670818894918,2.7871197482034487,-14.76605485970942,228.24348969165712,-1.105970458039394,0.007724817840700116,1.027767064359109,33.02387825067407,18.822916655698204,1.7544506441129493,-14.76605485970942,32.37591515739764,1.543642974967625,0.11757378225577186,1.027767064359109,zz2000_and_cyb,below,51.0,13.0,0.75,307.0,0.0013422201073991391,False
zz2000_and_cyb_below_ma62_days18:scale0.00,37.75192128808364,13.800911886139335,2.7354657141169794,-17.60868647176206,16244.668662418926,-1.9898697027594991,-0.07499845727256105,1.0658141036401503e-14,34.50505190885145,15.34488765376193,2.2486350299470743,-17.60868647176205,1832.646076745992,-0.5858973740825633,0.022735372647987084,-1.4210854715202004e-14,36.649215473947216,17.86328175460384,2.05165075361932,-17.608686471762102,373.9311589300958,-0.4451027438265669,0.026305348553809615,-2.1316282072803006e-14,49.382645163384154,17.41455309167649,2.835711310156287,-15.79382192406853,231.97922507816992,-0.5415973370281435,0.05631637979353865,0.0,33.378900050760826,19.123176319060093,1.7454684040899648,-15.793821924068506,32.72315432619797,1.8986647750543781,0.10859154223278744,2.3092638912203256e-14,zz2000_and_cyb,below,62.0,18.0,0.0,229.0,0.0005671264452752123,False
zz2000_and_cyb_below_ma65_days18:scale0.75,39.24558850413633,13.984206250423782,2.80642231681523,-17.60868647176209,19304.669556813402,-0.4962024867068138,-0.004041854574310388,-2.1316282072803006e-14,34.94672289918665,15.574853265422812,2.2437914697257955,-17.60868647176208,1896.9911794269208,-0.14422638374735897,0.01789181242670823,-4.618527782440651e-14,36.86557612375518,18.123337058114245,2.0341494508181426,-17.608686471762034,377.6820714504649,-0.22874209401859957,0.008804045752632383,4.618527782440651e-14,49.62183098646147,17.729398615761767,2.798844566693127,-15.793821924068519,233.5709581162499,-0.30241151395082966,0.01944963633037844,1.0658141036401503e-14,31.956155325476665,19.1902416236411,1.6652294406813934,-15.79382192406853,31.331502643631914,0.47592004977021674,0.028352578824216046,0.0,zz2000_and_cyb,below,65.0,18.0,0.75,232.0,0.0001555794635089508,False
zz2000_and_cyb_below_ma64_days18:scale0.75,39.24558850413633,13.984206250423782,2.80642231681523,-17.60868647176209,19304.669556813402,-0.4962024867068138,-0.004041854574310388,-2.1316282072803006e-14,34.94672289918665,15.574853265422812,2.2437914697257955,-17.60868647176208,1896.9911794269208,-0.14422638374735897,0.01789181242670823,-4.618527782440651e-14,36.86557612375518,18.123337058114245,2.0341494508181426,-17.608686471762034,377.6820714504649,-0.22874209401859957,0.008804045752632383,4.618527782440651e-14,49.62183098646147,17.729398615761767,2.798844566693127,-15.793821924068519,233.5709581162499,-0.30241151395082966,0.01944963633037844,1.0658141036401503e-14,31.956155325476665,19.1902416236411,1.6652294406813934,-15.79382192406853,31.331502643631914,0.47592004977021674,0.028352578824216046,0.0,zz2000_and_cyb,below,64.0,18.0,0.75,231.0,0.0001555794635089508,False
zz2000_and_cyb_below_ma59_days13:scale0.00,37.25398734634213,13.449425311624463,2.7699315385723704,-17.60868647176207,15329.462164645369,-2.487803644501014,-0.04053263281717001,0.0,34.20097823698474,14.950993143361313,2.287538888489892,-17.60868647176206,1789.43780044549,-0.8899710459492738,0.06163923119080472,-2.4868995751603507e-14,37.070038082124434,17.281171688886324,2.145111381884164,-17.60868647176207,381.24847441760625,-0.024280135649348722,0.11976597681865364,1.0658141036401503e-14,47.22510640209936,16.861475258694828,2.800769545817004,-14.766054859709444,217.84908874047085,-2.699136098312941,0.02137461545425534,1.027767064359086,36.12065408422191,18.163139628058293,1.9886789852357343,-14.766054859709444,35.404275345061166,4.640418808515463,0.3518021233785569,1.027767064359086,zz2000_and_cyb,below,59.0,13.0,0.0,350.0,-7.344654812004858e-05,False
zz2000_and_cyb_below_ma58_days13:scale0.75,39.081583517716226,13.845006615086417,2.822792693730489,-17.60868647176206,18944.167819548835,-0.660207473126917,0.012328522340948389,1.0658141036401503e-14,34.80710186149507,15.424711093610972,2.256580473388084,-17.60868647176207,1876.445083657799,-0.28384742143894215,0.030680816088996643,-3.552713678800501e-14,36.945702321313156,17.89486046064811,2.0645985143365047,-17.608686471762034,379.07717594216416,-0.14861589646062612,0.03925310927099446,4.618527782440651e-14,48.954298951794925,17.52994026085751,2.7926107119203745,-15.507587783672172,229.14131527327513,-0.9699435486173726,0.013215781557625927,0.28623414039635797,31.74564131767159,18.8954189920044,1.680070779647954,-15.507587783672161,31.125567524962715,0.26540604196514295,0.043193917790776526,0.28623414039636863,zz2000_and_cyb,below,58.0,13.0,0.75,347.0,-0.0003654669541623301,False
zz2000_and_cyb_below_ma50_days19:scale0.75,39.35707452561259,14.038002472609124,2.803609317095214,-17.60868647176205,19553.36917614731,-0.3847164652305537,-0.006854854294326529,2.1316282072803006e-14,34.987952038067945,15.640728341756354,2.236977158196651,-17.60868647176207,1903.0949504857542,-0.1029972448660672,0.011077500897563652,-3.552713678800501e-14,36.93879142804144,18.214183105549814,2.0280235031120495,-17.60868647176207,378.9567198479162,-0.1555267897323418,0.00267809804653929,1.0658141036401503e-14,49.75510516997155,17.884287133472398,2.7820569418643157,-15.507587783672161,234.46007019833718,-0.16913733044074775,0.0026620115015671963,0.28623414039636863,31.934957898337913,19.227594776608147,1.6608919768368144,-15.507587783672161,31.310766536310798,0.4547226226314649,0.024015114979637042,0.28623414039636863,zz2000_and_cyb,below,50.0,19.0,0.75,176.0,-0.000519673521278205,False
zz2000_and_cyb_below_ma62_days17:scale0.75,39.0602642537363,13.971058947745691,2.795798400094711,-17.60868647176208,18897.769349300615,-0.681526737106843,-0.014665771294829266,-1.0658141036401503e-14,34.82515081734916,15.569683945257651,2.2367281789272613,-17.60868647176209,1879.0903481132364,-0.2657984655848509,0.010828521628174048,-5.684341886080802e-14,36.800027800106825,18.10174418595452,2.03295480380618,-17.60868647176208,376.54320380564553,-0.2942904176669572,0.007609398740669793,0.0,49.75012866281758,17.713989010044656,2.808522046310797,-15.793821924068519,234.4268421121261,-0.17411383759471732,0.0291271159480484,1.0658141036401503e-14,31.59067697190492,19.16861290952491,1.6480418860254342,-15.79382192406853,30.973970210329902,0.1104416961984711,0.01116502416825682,0.0,zz2000_and_cyb,below,62.0,17.0,0.75,245.0,-0.0005855847432589378,False
zz2000_and_cyb_below_ma50_days20:scale0.00,38.24831695280042,13.936759667404472,2.7444196402594376,-17.721104274447008,17207.496954730654,-1.49347403804272,-0.06604453113010278,-0.11241780268493784,34.45370226917923,15.512562179320627,2.221019446749327,-17.721104274447008,1825.287571777736,-0.6372470137547808,-0.004880210549760289,-0.11241780268497337,36.54805883778693,18.119932553105674,2.0170085473923445,-17.721104274447054,372.1855641832958,-0.54625937998685,-0.00833685767316572,-0.11241780268497337,50.199132493562935,17.823036656348233,2.8165308449659134,-14.76605485970942,237.43368832818484,0.2748899931506372,0.0371359146031649,1.027767064359109,33.22611595025813,19.241090495972465,1.7268312290934342,-14.76605485970942,32.573721432401825,1.7458806745516782,0.08995436723625683,1.027767064359109,zz2000_and_cyb,below,50.0,20.0,0.0,161.0,-0.0005972865820081774,False
zz2000_and_cyb_below_ma59_days17:scale0.50,38.282201320574806,13.832900649725893,2.7674746092630533,-17.60868647176205,17275.121292895405,-1.4595896702683362,-0.04298956212648708,2.1316282072803006e-14,34.507186521746355,15.399371495031392,2.240817849798617,-17.60868647176207,1832.9525181778952,-0.583762761187657,0.014918192499529859,-3.552713678800501e-14,36.40825540111978,17.89600913046504,2.0344343331352386,-17.608686471762024,369.7815297028969,-0.686062816654001,0.009088928069728386,5.684341886080802e-14,49.40618033124444,17.444632075471414,2.832170957661732,-14.766054859709444,232.13562212394234,-0.5180621691678553,0.052776027298983674,1.027767064359086,33.36159144208002,18.964037916431923,1.7592029497669868,-14.76605485970942,32.70622551627882,1.8813561663735712,0.12232608790980937,1.027767064359109,zz2000_and_cyb,below,59.0,17.0,0.5,251.0,-0.0007103421180915781,False
zz2000_and_cyb_below_ma60_days17:scale0.50,38.282201320574806,13.832900649725893,2.7674746092630533,-17.60868647176205,17275.121292895405,-1.4595896702683362,-0.04298956212648708,2.1316282072803006e-14,34.507186521746355,15.399371495031392,2.240817849798617,-17.60868647176207,1832.9525181778952,-0.583762761187657,0.014918192499529859,-3.552713678800501e-14,36.40825540111978,17.89600913046504,2.0344343331352386,-17.608686471762024,369.7815297028969,-0.686062816654001,0.009088928069728386,5.684341886080802e-14,49.40618033124444,17.444632075471414,2.832170957661732,-14.766054859709444,232.13562212394234,-0.5180621691678553,0.052776027298983674,1.027767064359086,33.36159144208002,18.964037916431923,1.7592029497669868,-14.76605485970942,32.70622551627882,1.8813561663735712,0.12232608790980937,1.027767064359109,zz2000_and_cyb,below,60.0,17.0,0.5,252.0,-0.0007103421180915781,False
zz2000_and_cyb_below_ma63_days18:scale0.75,39.220854903669576,13.990260876077008,2.8034398537011023,-17.60868647176207,19249.89581166614,-0.5209360871735669,-0.007024317688438142,0.0,34.90854631073918,15.583484505200074,2.2400988879663277,-17.60868647176207,1891.3542534487165,-0.18240297219482926,0.014199230667240492,-3.552713678800501e-14,36.89726174055015,18.121982869334303,2.0360499183004435,-17.60868647176206,378.23337179822863,-0.19705647722363295,0.010704513234933266,2.1316282072803006e-14,49.62183098646147,17.729398615761767,2.798844566693127,-15.793821924068519,233.5709581162499,-0.30241151395082966,0.01944963633037844,1.0658141036401503e-14,31.956155325476665,19.1902416236411,1.6652294406813934,-15.79382192406853,31.331502643631914,0.47592004977021674,0.028352578824216046,0.0,zz2000_and_cyb,below,63.0,18.0,0.75,226.0,-0.0007767787406750381,False
zz2000_and_cyb_below_ma59_days15:scale0.75,39.18987450698077,13.91277310132048,2.8168269705527798,-17.608686471762102,19181.49263789531,-0.5519164838623709,0.006362799163239341,-3.197442310920451e-14,34.84144116715129,15.500375119086254,2.247780514953446,-17.60868647176207,1881.4806053844893,-0.24950811578272436,0.021880857654358987,-3.552713678800501e-14,36.782314465112044,18.003608739645244,2.043052312290854,-17.608686471762127,376.2358167271227,-0.3120037526617381,0.017706907225343738,-4.618527782440651e-14,49.27096872105932,17.633200754719034,2.794215832192197,-15.13387143017556,231.23777536926048,-0.653273779352979,0.014820901829448285,0.6599504938929694,32.20366756129363,19.04240223264944,1.6911557254093885,-15.133871430175539,31.573624052193416,0.7234322855871795,0.05427886355221112,0.6599504938929908,zz2000_and_cyb,below,59.0,15.0,0.75,294.0,-0.0008666138615635588,False
zz2000_and_cyb_below_ma51_days20:scale0.75,39.36294756155678,14.047960219456693,2.8020400788890583,-17.608686471762034,19566.553033817756,-0.3788434292863627,-0.00842409250048215,3.552713678800501e-14,34.913483928780664,15.652159420973788,2.2305857607095945,-17.60868647176206,1892.0825053818755,-0.1774653541533482,0.004686103410507236,-2.4868995751603507e-14,36.909080556661024,18.228749032341902,2.02477309283133,-17.608686471762034,378.439138418143,-0.1852376611127582,-0.0005723122341803055,4.618527782440651e-14,49.89543959427984,17.897310148185902,2.787873662642949,-15.519793617647759,235.39798651823608,-0.028802906132455064,0.00847873228020024,0.2740283064207709,31.91556669047051,19.230290490510964,1.6596507840700065,-15.519793617647759,31.29179728956415,0.435331414764061,0.022773922212829145,0.2740283064207709,zz2000_and_cyb,below,51.0,20.0,0.75,163.0,-0.00103855262150348,False
zz2000_and_cyb_below_ma50_days12:scale0.75,39.149442251930864,13.827379366190101,2.831298774347422,-17.60868647176209,19092.561066797414,-0.5923487389122783,0.020834602957881643,-2.1316282072803006e-14,34.8192389180618,15.39459867485633,2.261782827436179,-17.60868647176207,1878.2235463819738,-0.271710364872213,0.035883170137091636,-3.552713678800501e-14,36.861500326454276,17.818990442376954,2.06866379134424,-17.608686471762034,377.6111932476919,-0.23281789131950603,0.04331838627872964,4.618527782440651e-14,48.510587098709635,17.416194401149415,2.7853723942991864,-14.7660548597094,226.21867674440605,-1.4136554017026626,0.005977463936437832,1.0277670643591303,33.86004548167541,18.618387534286917,1.8186346921461392,-14.76605485970942,33.193727066310984,2.3798102059689583,0.18175783028896175,1.027767064359109,zz2000_and_cyb,below,50.0,12.0,0.75,337.0,-0.002633024738629919,False
zz2000_and_cyb_below_ma62_days16:scale0.75,39.13698171670752,13.943381349870496,2.806850127287885,-17.60868647176206,19065.23144696083,-0.6048092741356257,-0.0036140441016554448,1.0658141036401503e-14,34.849158732368515,15.536098843987872,2.2431087161790533,-17.60868647176209,1882.6138981733368,-0.24179055056549714,0.017209058879966044,-5.684341886080802e-14,36.84521876539173,18.049737654559618,2.041316027442876,-17.608686471762024,377.3281404076026,-0.24909945238205466,0.015970622377365906,5.684341886080802e-14,49.54191097613509,17.7023984864796,2.7985987895354,-15.793821924068519,233.03854296542212,-0.3823315242772054,0.019203859172651327,1.0658141036401503e-14,31.70958611552559,19.170929087773615,1.6540453501415635,-15.79382192406853,31.090295994804194,0.22935083981914062,0.017168488284386108,0.0,zz2000_and_cyb,below,62.0,16.0,0.75,264.0,-0.0031620304850471627,False
zz2000_and_cyb_below_ma65_days16:scale0.25,38.14830529544666,13.708892494266872,2.782741589913297,-17.608686471762024,17009.33540492739,-1.593485695396481,-0.027722581476243402,4.618527782440651e-14,34.70806952943435,15.258177543046694,2.274719207553799,-17.60868647176206,1861.987393922198,-0.3828797534996653,0.04881955025471196,-2.4868995751603507e-14,36.67087754825642,17.754773241167193,2.0654095127066623,-17.60868647176207,374.30563703221236,-0.4234406695173618,0.04006410764115209,1.0658141036401503e-14,48.895836183624944,17.41050656577949,2.808409738044622,-15.793821924068506,228.75524038383074,-1.028406316787354,0.029014807681873478,2.3092638912203256e-14,32.15594733894669,19.10096718812648,1.6834722044303303,-15.793821924068506,31.52694378238934,0.6757120632402405,0.0465953425731529,2.3092638912203256e-14,zz2000_and_cyb,below,65.0,16.0,0.25,269.0,-0.0033518043367860685,False
zz2000_and_cyb_below_ma49_days19:scale0.75,39.348750843344014,14.062555973571289,2.798122255818557,-17.60868647176207,19534.69826712073,-0.3930401474991285,-0.01234191557098363,0.0,34.975110248896016,15.675793082653747,2.2311541154238745,-17.60868647176207,1901.191989051679,-0.11583903403799667,0.005254458124787309,-3.552713678800501e-14,36.93654475432879,18.21515334227233,2.0277921387907996,-17.60868647176207,378.91756579188313,-0.15777346344498966,0.002446733725289363,1.0658141036401503e-14,49.75101028671973,17.885939944538954,2.7815709121795424,-15.50758778367215,234.4327285455607,-0.17323221369256459,0.002175981816793904,0.2862341403963793,31.934957898337913,19.227594776608147,1.6608919768368144,-15.507587783672161,31.310766536310798,0.4547226226314649,0.024015114979637042,0.28623414039636863,zz2000_and_cyb,below,49.0,19.0,0.75,161.0,-0.00439710007959192,False
zz2000_and_cyb_below_ma63_days17:scale0.75,39.05375624509582,13.971556521783066,2.7952330282031976,-17.60868647176208,18883.62667558602,-0.6880347457473235,-0.015231143186342777,-1.0658141036401503e-14,34.81510091820243,15.570388960223317,2.2359814521745323,-17.60868647176209,1877.6170367717566,-0.2758483647315799,0.010081794875445027,-5.684341886080802e-14,36.77958392669139,18.10296789769577,2.0316880709584013,-17.60868647176208,376.1884466276617,-0.31473429108239515,0.0063426658928911195,0.0,49.712831884747864,17.71612587592875,2.8060780462332158,-15.793821924068519,234.17788184618945,-0.21141061566443398,0.026683115870467233,1.0658141036401503e-14,31.59067697190492,19.16861290952491,1.6480418860254342,-15.79382192406853,30.973970210329902,0.1104416961984711,0.01116502416825682,0.0,zz2000_and_cyb,below,63.0,17.0,0.75,242.0,-0.005136734358685652,False
zz2000_and_cyb_below_ma57_days13:scale0.00,37.318826775489256,13.53112963367714,2.7579978749599574,-17.60868647176206,15445.856212427385,-2.422964215353886,-0.052466296429583004,1.0658141036401503e-14,34.301969181750636,15.067929699563232,2.2764885333082576,-17.608686471762024,1803.6910071535103,-0.7889801011833768,0.05058887600917039,1.0658141036401503e-14,37.276926391367795,17.48375514740084,2.132089249540276,-17.60868647176207,384.87883154403556,0.18260817359401216,0.10674384447476593,1.0658141036401503e-14,47.59506699717082,17.207985438509727,2.765870947952913,-14.76605485970941,220.2430231769294,-2.32917550324148,-0.013523982409835433,1.0277670643591197,32.40022641756346,18.43889447455027,1.7571675168640342,-14.766054859709444,31.765896321557797,0.919991141857011,0.12029065500685676,1.027767064359086,zz2000_and_cyb,below,57.0,13.0,0.0,330.0,-0.00633954924892941,False
zz2000_and_cyb_below_ma48_days19:scale0.75,39.317796090835635,14.066939353085875,2.795049804647836,-17.60868647176205,19465.409204159183,-0.42399490000750717,-0.015414366741704377,2.1316282072803006e-14,34.92735720119997,15.682024590090546,2.2272224482590426,-17.60868647176209,1894.129964678224,-0.16359208173404483,0.0013227909599553556,-5.684341886080802e-14,36.93654475432879,18.21515334227233,2.0277921387907996,-17.60868647176207,378.91756579188313,-0.15777346344498966,0.002446733725289363,1.0658141036401503e-14,49.75101028671973,17.885939944538954,2.7815709121795424,-15.50758778367215,234.4327285455607,-0.17323221369256459,0.002175981816793904,0.2862341403963793,31.934957898337913,19.227594776608147,1.6608919768368144,-15.507587783672161,31.310766536310798,0.4547226226314649,0.024015114979637042,0.28623414039636863,zz2000_and_cyb,below,48.0,19.0,0.75,155.0,-0.007795525092889768,False
zz2000_and_cyb_below_ma59_days16:scale0.75,39.02258325387742,13.948895480847309,2.797539296746314,-17.60868647176208,18816.02078601074,-0.7192077369657213,-0.012924874643226225,-1.0658141036401503e-14,34.72204349312615,15.54160592995942,2.2341348538629955,-17.60868647176208,1864.021662892413,-0.3689057898078616,0.008235196563908254,-4.618527782440651e-14,36.58670972985212,18.059332785213613,2.02591702390069,-17.60868647176207,372.851929935739,-0.5076084879216651,0.0005716188351798657,1.0658141036401503e-14,49.60262552371222,17.650059139179074,2.81033763867713,-15.202019006832845,233.44296252943377,-0.32161697670007783,0.030942708314381395,0.5918029172356842,32.65141675261638,19.076903613488405,1.7115679469874796,-15.20201900683289,32.01160154938063,1.1711814769099291,0.0746910851303022,0.5918029172356398,zz2000_and_cyb,below,59.0,16.0,0.75,271.0,-0.008379244754549115,False
zz2000_and_cyb_below_ma51_days20:scale0.50,38.979642386576586,13.983031964820466,2.7876387956949835,-17.60868647176206,18723.262929956487,-0.7621486042665566,-0.022825375694556893,1.0658141036401503e-14,34.72920994576083,15.572312194068838,2.230189679795172,-17.60868647176205,1865.065660098155,-0.36173933717318363,0.004290022496084678,-1.4210854715202004e-14,36.71783413639229,18.167425765187296,2.021080730477048,-17.60868647176205,375.1182002291516,-0.37648408138149136,-0.004264674588462025,3.197442310920451e-14,49.86122329463441,17.852665959357385,2.7929287092553197,-15.245302687262797,235.16914287405567,-0.06301920577789133,0.013533778892571124,0.548519236805733,32.35165769324162,19.231291327953805,1.682240528810283,-15.245302687262807,31.71838724635021,0.8714224175351717,0.045363666953105675,0.5485192368057223,zz2000_and_cyb,below,51.0,20.0,0.5,163.0,-0.008484847029561995,False
zz2000_and_cyb_below_ma50_days19:scale0.50,38.967367098960025,13.965918061864885,2.790175835655495,-17.60868647176206,18696.82516184973,-0.7744238918831172,-0.020288335734045315,1.0658141036401503e-14,34.87729437499723,15.552604263591915,2.242537248674404,-17.608686471762034,1886.7504430911918,-0.21365490793678532,0.01663759137531695,0.0,36.77592513224099,18.14325883955476,2.0269746167135367,-17.60868647176206,376.12497880259656,-0.3183930855327901,0.0016292116480265406,2.1316282072803006e-14,49.57938120440757,17.831784227355232,2.780393738073011,-15.221090837728612,233.28809354390026,-0.3448612960047299,0.0009988077102622839,0.5727310863399175,32.390124880369584,19.227622647214854,1.6845621257842471,-15.221090837728635,31.756015199419572,0.9098896046631353,0.04768526392706973,0.5727310863398944,zz2000_and_cyb,below,50.0,19.0,0.5,176.0,-0.00853612349831509,False
zz2000_and_cyb_below_ma49_days20:scale0.75,39.34681741849979,14.069253038429277,2.7966529076580287,-17.60868647176207,19530.363768197774,-0.3949735723433534,-0.013811263731511758,0.0,34.89824274152511,15.682658379722659,2.225275963840913,-17.60868647176206,1889.8353460483052,-0.19270654140890286,-0.000623693458174035,-2.4868995751603507e-14,36.860716920353376,18.222165664536934,2.0228504997125483,-17.608686471762034,377.5975707619545,-0.2336012974204067,-0.002494905352961929,4.618527782440651e-14,49.80719812744214,17.886254052206414,2.7846634617883015,-15.519793617647759,234.80802621871416,-0.11704437297015602,0.005268531425552947,0.2740283064207709,31.91556669047051,19.230290490510964,1.6596507840700065,-15.519793617647759,31.29179728956415,0.435331414764061,0.022773922212829145,0.2740283064207709,zz2000_and_cyb,below,49.0,20.0,0.75,146.0,-0.011498262270312443,False
zz2000_and_cyb_below_ma64_days17:scale0.25,37.903650717030104,13.780051974129929,2.750617398844995,-17.60868647176208,16533.50643473708,-1.838140273813039,-0.05984677254454551,-1.0658141036401503e-14,34.61051906247543,15.34318229503552,2.2557588378308,-17.60868647176206,1847.8391585363365,-0.4804302204585795,0.02985918053171277,-2.4868995751603507e-14,36.54250728427273,17.886493656259404,2.043022404868303,-17.60868647176209,372.08991358162046,-0.5518109335010521,0.017676999802792803,-1.0658141036401503e-14,49.23415926312495,17.43473532169746,2.823912055714046,-15.793821924068519,230.99362926757348,-0.6900832372873467,0.04451712535129726,1.0658141036401503e-14,31.796462363045762,19.101476647718673,1.6646075562353593,-15.793821924068506,31.175283677279953,0.31622708733931404,0.027730694378181875,2.3092638912203256e-14,zz2000_and_cyb,below,64.0,17.0,0.25,248.0,-0.011852549748450425,False
zz2000_and_cyb_below_ma65_days17:scale0.25,37.903650717030104,13.780051974129929,2.750617398844995,-17.60868647176208,16533.50643473708,-1.838140273813039,-0.05984677254454551,-1.0658141036401503e-14,34.61051906247543,15.34318229503552,2.2557588378308,-17.60868647176206,1847.8391585363365,-0.4804302204585795,0.02985918053171277,-2.4868995751603507e-14,36.54250728427273,17.886493656259404,2.043022404868303,-17.60868647176209,372.08991358162046,-0.5518109335010521,0.017676999802792803,-1.0658141036401503e-14,49.23415926312495,17.43473532169746,2.823912055714046,-15.793821924068519,230.99362926757348,-0.6900832372873467,0.04451712535129726,1.0658141036401503e-14,31.796462363045762,19.101476647718673,1.6646075562353593,-15.793821924068506,31.175283677279953,0.31622708733931404,0.027730694378181875,2.3092638912203256e-14,zz2000_and_cyb,below,65.0,17.0,0.25,249.0,-0.011852549748450425,False
zz2000_and_cyb_below_ma60_days12:scale0.75,38.973133734466046,13.79506388640564,2.8251506521018843,-17.60868647176206,18709.24065380902,-0.7686572563770966,0.014686480712343908,1.0658141036401503e-14,34.77297377218422,15.357795715740682,2.264190409600534,-17.608686471762024,1871.451947485964,-0.3179755107497897,0.03829075230144685,1.0658141036401503e-14,36.695101950746434,17.77867221552161,2.0639956407267523,-17.60868647176208,374.7246908829595,-0.3992162670273487,0.03865023566124215,0.0,48.519842495173336,17.345749565408727,2.797217976208573,-15.125351797425024,226.27946305349806,-1.404400005238962,0.017823045845824392,0.6684701266435056,33.221220944351536,18.58420158033453,1.7876054992594161,-15.125351797425024,32.56893374638161,1.740985668645088,0.15072863740223874,0.6684701266435056,zz2000_and_cyb,below,60.0,12.0,0.75,379.0,-0.01191441541468754,False
zz2000_and_cyb_below_ma61_days18:scale0.75,39.1645745500762,13.985712420658095,2.800327460775382,-17.60868647176206,19125.799757959197,-0.5772164407669393,-0.010136710614158329,1.0658141036401503e-14,34.871183058981025,15.574669553484538,2.238967763600433,-17.60868647176207,1885.8512884328552,-0.21976622395298762,0.013068106301345583,-3.552713678800501e-14,36.82125676925872,18.1067893871599,2.033560781094071,-17.60868647176206,376.91180808857496,-0.2730614485150653,0.008215376028560595,2.1316282072803006e-14,49.483407250218605,17.703693415161215,2.7950894816017122,-15.793821924068553,232.64915863750676,-0.4408352501936932,0.015694551238963683,-2.3092638912203256e-14,31.956155325476665,19.1902416236411,1.6652294406813934,-15.79382192406853,31.331502643631914,0.47592004977021674,0.028352578824216046,0.0,zz2000_and_cyb,below,61.0,18.0,0.75,230.0,-0.01309035438896199,False
zz2000_and_cyb_below_ma51_days12:scale0.75,39.133301267804654,13.826407211955752,2.8303304443374073,-17.60868647176207,19057.166119412064,-0.6084897230384883,0.019866272947866914,0.0,34.77538643179279,15.393005911890217,2.2591680033677366,-17.60868647176208,1871.8045602473267,-0.3155628511412232,0.03326834606864937,-4.618527782440651e-14,36.813035687353015,17.815956473900986,2.0662957804865147,-17.608686471762034,376.7690362107844,-0.2812825304207678,0.04095037542100455,4.618527782440651e-14,48.42294786275731,17.411133182479496,2.7811485533569082,-14.76605485970942,225.6434654468598,-1.5012946376549863,0.0017536229941597092,1.027767064359109,33.86004548167541,18.618387534286917,1.8186346921461392,-14.76605485970942,33.193727066310984,2.3798102059689583,0.18175783028896175,1.027767064359109,zz2000_and_cyb,below,51.0,12.0,0.75,340.0,-0.013315572887799087,False
zz2000_and_cyb_below_ma65_days18:scale0.50,38.74214084428396,13.873075892940234,2.792613631126977,-17.60868647176206,18217.880154714516,-0.9996501465591834,-0.017850540262563275,1.0658141036401503e-14,34.791103663193844,15.43823129599152,2.2535679765484034,-17.60868647176208,1874.1030398007567,-0.299845619740168,0.02766831924931612,-4.618527782440651e-14,36.62357790596946,17.985517785315324,2.0362815429129095,-17.60868647176208,373.48826080255304,-0.4707403118043203,0.01093613784739933,0.0,49.30209960261078,17.56264321791998,2.807214095900187,-15.793821924068553,231.44435069486983,-0.6221428978015169,0.02781916553743846,-2.3092638912203256e-14,32.43123964489636,19.15821023170734,1.6928115545585676,-15.793821924068485,31.796232761166543,0.9510043691899099,0.055934692701390176,4.440892098500626e-14,zz2000_and_cyb,below,65.0,18.0,0.5,232.0,-0.01403446961133376,False
zz2000_and_cyb_below_ma64_days18:scale0.50,38.74214084428396,13.873075892940234,2.792613631126977,-17.60868647176206,18217.880154714516,-0.9996501465591834,-0.017850540262563275,1.0658141036401503e-14,34.791103663193844,15.43823129599152,2.2535679765484034,-17.60868647176208,1874.1030398007567,-0.299845619740168,0.02766831924931612,-4.618527782440651e-14,36.62357790596946,17.985517785315324,2.0362815429129095,-17.60868647176208,373.48826080255304,-0.4707403118043203,0.01093613784739933,0.0,49.30209960261078,17.56264321791998,2.807214095900187,-15.793821924068553,231.44435069486983,-0.6221428978015169,0.02781916553743846,-2.3092638912203256e-14,32.43123964489636,19.15821023170734,1.6928115545585676,-15.793821924068485,31.796232761166543,0.9510043691899099,0.055934692701390176,4.440892098500626e-14,zz2000_and_cyb,below,64.0,18.0,0.5,231.0,-0.01403446961133376,False
zz2000_and_cyb_below_ma64_days16:scale0.75,39.12718781800639,13.954746869077244,2.803862240218025,-17.60868647176208,19043.77614867135,-0.6146031728367518,-0.006601931171515307,-1.0658141036401503e-14,34.83404039777393,15.552325956081962,2.239796188437755,-17.60868647176208,1880.3943803607851,-0.2569088851600796,0.013896531138667623,-4.618527782440651e-14,36.6798000425806,18.094545806290967,2.0271191349731508,-17.608686471762034,374.4599513452348,-0.4145181751931801,0.0017737299076405755,4.618527782440651e-14,49.6007545710569,17.70378584639023,2.8017032628741614,-15.793821924068506,233.43049523694225,-0.3234879293553945,0.022308332511412843,2.3092638912203256e-14,31.70958611552559,19.170929087773615,1.6540453501415635,-15.79382192406853,31.090295994804194,0.22935083981914062,0.017168488284386108,0.0,zz2000_and_cyb,below,64.0,16.0,0.75,268.0,-0.014548183435141516,False
zz2000_and_cyb_below_ma48_days20:scale0.75,39.315863095479855,14.073634329254265,2.7935828213012215,-17.608686471762034,19461.09000128828,-0.42592789536328723,-0.016881350088318925,3.552713678800501e-14,34.85051688890037,15.688886652590783,2.2213505432614835,-17.60868647176206,1882.813398234289,-0.2404323940336397,-0.004549114037603719,-2.4868995751603507e-14,36.860716920353376,18.222165664536934,2.0228504997125483,-17.608686471762034,377.5975707619545,-0.2336012974204067,-0.002494905352961929,4.618527782440651e-14,49.80719812744214,17.886254052206414,2.7846634617883015,-15.519793617647759,234.80802621871416,-0.11704437297015602,0.005268531425552947,0.2740283064207709,31.91556669047051,19.230290490510964,1.6596507840700065,-15.519793617647759,31.29179728956415,0.435331414764061,0.022773922212829145,0.2740283064207709,zz2000_and_cyb,below,48.0,20.0,0.75,140.0,-0.014892748138769387,False
zz2000_and_cyb_below_ma49_days19:scale0.50,38.95217927852996,14.008016483124692,2.7807062709738557,-17.60868647176205,18664.162720757635,-0.7896117123131816,-0.029757900415684713,2.1316282072803006e-14,34.853816480643495,15.612743709180057,2.2323953515069856,-17.60868647176209,1883.2981516135924,-0.23713280229051747,0.006495694207898417,-5.684341886080802e-14,36.77159252121085,18.14456404958474,2.026590025570353,-17.60868647176206,376.0498312617015,-0.3227256965629337,0.0012446205048428638,2.1316282072803006e-14,49.571484317177216,17.83400886245447,2.7796041091769847,-15.221090837728601,233.2354901692525,-0.3527581832350819,0.00020917881423621054,0.5727310863399282,32.390124880369584,19.227622647214854,1.6845621257842471,-15.221090837728635,31.756015199419572,0.9098896046631353,0.04768526392706973,0.5727310863398944,zz2000_and_cyb,below,49.0,19.0,0.5,161.0,-0.01532655137135947,False
zz2000_and_cyb_below_ma63_days15:scale0.75,39.25777956146283,13.91733599054,2.8207826259384294,-17.60868647176207,19331.72066672938,-0.4840114293803097,0.010318454548889022,0.0,34.89671553077649,15.509229843844016,2.2500611495307634,-17.60868647176208,1889.6103000173596,-0.1942337521575226,0.024161492231676185,-4.618527782440651e-14,36.89475482666327,18.01887345607625,2.047561681178341,-17.608686471762013,378.1897353033146,-0.1995633911105159,0.022216276112830613,6.750155989720952e-14,49.169620809650816,17.686576421232363,2.7800530548480666,-15.793821924068519,230.56585417558102,-0.754621690761482,0.0006581244853181012,1.0658141036401503e-14,31.157775726267012,19.138234323304413,1.6280381564942248,-15.793821924068519,30.55045874891118,-0.32245954943943644,-0.008838705362952615,1.0658141036401503e-14,zz2000_and_cyb,below,63.0,15.0,0.75,283.0,-0.01570554401533251,False
zz2000_and_cyb_below_ma50_days11:scale0.75,38.82951375732249,13.775980257651483,2.818638894009428,-17.60868647176207,18402.305002114095,-0.9122772335206548,0.008174722619887387,0.0,34.46044206201244,15.334659576357074,2.2472257626862113,-17.60868647176208,1826.251957764046,-0.6305072209215723,0.021326105387124095,-4.618527782440651e-14,36.674795861302115,17.735083178880387,2.0679235327734946,-17.60868647176208,374.37339921579786,-0.419522356471667,0.042578127707984414,0.0,48.576757085691334,17.321865677508548,2.8043605688944626,-14.7660548597094,226.65342451653885,-1.347485414720964,0.024965638531714074,1.0277670643591303,34.67204308874858,18.580110920145255,1.8660837514783535,-14.76605485970942,33.987816254029426,3.191807813042132,0.22920688962117608,1.027767064359109,zz2000_and_cyb,below,50.0,11.0,0.75,373.0,-0.015770211518796273,False
zz2000_and_cyb_below_ma63_days18:scale0.50,38.69317754187102,13.88364073778891,2.7869618836041163,-17.60868647176208,18115.28414066896,-1.0486134489721195,-0.02350228778542407,-1.0658141036401503e-14,34.715345427519864,15.453301682900502,2.246467851328712,-17.608686471762013,1863.046350845039,-0.3756038554141483,0.02056819402962473,2.1316282072803006e-14,36.68669528808444,17.983388600508622,2.0400323933970284,-17.60868647176208,374.57923192836864,-0.4076229296893459,0.014686988331518158,0.0,49.30209960261078,17.56264321791998,2.807214095900187,-15.793821924068553,231.44435069486983,-0.6221428978015169,0.02781916553743846,-2.3092638912203256e-14,32.43123964489636,19.15821023170734,1.6928115545585676,-15.793821924068485,31.796232761166543,0.9510043691899099,0.055934692701390176,4.440892098500626e-14,zz2000_and_cyb,below,63.0,18.0,0.5,226.0,-0.015772745675314004,False
zz2000_and_cyb_below_ma52_days11:scale0.75,38.78393471022541,13.772115154089018,2.816120419869583,-17.60868647176208,18305.881734126906,-0.9578562806177331,0.005656248480042425,-1.0658141036401503e-14,34.343816373417766,15.327896877803186,2.2406085223049836,-17.60868647176206,1809.6253470025028,-0.747132909516246,0.01470886500589641,-2.4868995751603507e-14,36.716450318532566,17.734707020740924,2.0703161476303107,-17.60868647176205,375.09423796572906,-0.3778678992412168,0.04497074256480049,3.197442310920451e-14,48.62996606803496,17.31985375243658,2.807758469738443,-14.76605485970942,227.00329590698936,-1.2942764323773375,0.02836353937569447,1.027767064359109,34.67204308874858,18.580110920145255,1.8660837514783535,-14.76605485970942,33.987816254029426,3.191807813042132,0.22920688962117608,1.027767064359109,zz2000_and_cyb,below,52.0,11.0,0.75,378.0,-0.01636212413175876,False
zz2000_and_cyb_below_ma59_days12:scale0.75,38.8933246347466,13.788709780855568,2.8206645330041407,-17.60868647176207,18538.09354703876,-0.8484663560965444,0.01020036161460025,0.0,34.649719442771996,15.34863817165075,2.25751099578142,-17.60868647176209,1853.5135148209192,-0.4412298401620163,0.03161133848233266,-5.684341886080802e-14,36.69782884542583,17.775696765846256,2.064494535929306,-17.60868647176206,374.7718814991528,-0.39648937234795056,0.0391491308637959,2.1316282072803006e-14,48.547033133383934,17.341926410448586,2.7994025568078835,-15.125351797425024,226.45808555742275,-1.3772093670283638,0.020007626445134985,0.6684701266435056,33.29542329934117,18.573596010681072,1.792621271626348,-15.125351797425024,32.641508939030196,1.8151880236347182,0.1557444097691707,0.6684701266435056,zz2000_and_cyb,below,59.0,12.0,0.75,384.0,-0.01656290065453031,False
zz2000_and_cyb_below_ma62_days17:scale0.50,38.37210494401442,13.851809639899054,2.770187140999005,-17.608686471762034,17455.747463007774,-1.3696860468287255,-0.04027703039053554,3.552713678800501e-14,34.54780306140754,15.430551565796813,2.2389221094329392,-17.60868647176207,1838.7916978862331,-0.5431462215264702,0.013022452133852003,-3.552713678800501e-14,36.49085281547637,17.949812625530367,2.0329378125972593,-17.608686471762024,371.2006741204636,-0.6034654022974095,0.007592407531749057,5.684341886080802e-14,49.55699054411649,17.536321075066873,2.8259627736045836,-15.793821924068496,233.1389574707159,-0.3672519562958101,0.04656784324183505,3.375077994860476e-14,31.696082524049608,19.125096870694293,1.6573031100625715,-15.79382192406854,31.07708586592146,0.2158472483431595,0.02042624820539407,-1.0658141036401503e-14,zz2000_and_cyb,below,62.0,17.0,0.5,245.0,-0.01667814274283763,False
zz2000_and_cyb_below_ma56_days13:scale0.25,37.89680544522538,13.57072864689969,2.792540211456009,-17.60868647176208,16520.37314892953,-1.8449855456177602,-0.017923959933531464,-1.0658141036401503e-14,34.45362406272785,15.12062860719875,2.2785841090181194,-17.60868647176206,1825.2763838944911,-0.637325220206165,0.05268445171903213,-2.4868995751603507e-14,37.05727329188087,17.57098317224421,2.1090039714122506,-17.60868647176209,381.0251988838858,-0.03704492589291419,0.0836585663467404,-1.0658141036401503e-14,47.8293847896188,17.312063942198154,2.762777734030584,-14.934332709011722,221.76543191256292,-2.094857710793498,-0.016617196332164408,0.8594892150568079,30.92683379826866,18.64220683965914,1.6589684936053495,-14.934332709011722,30.324516255615674,-0.553401477437788,0.02209163174817208,0.8594892150568079,zz2000_and_cyb,below,56.0,13.0,0.25,323.0,-0.016683653722269855,False
zz2000_and_cyb_below_ma63_days16:scale0.50,38.54401247138348,13.803099903152702,2.792417119474722,-17.762804083249904,17806.038133344984,-1.1977785194596606,-0.01804705191481837,-0.15411761148783398,34.62553553166674,15.372505248438943,2.252432831999385,-17.762804083249883,1850.0110761849594,-0.46541375126727047,0.026533174700297923,-0.1541176114878482,36.64204204343011,17.8603184020553,2.0515895192111175,-17.76280408324993,373.8072020098103,-0.4522761743436732,0.026244114145607345,-0.1541176114878482,49.25791572749048,17.519081891973926,2.8116722115476365,-15.79382192406854,231.15118506547506,-0.6663267729218205,0.03227728118488793,-1.0658141036401503e-14,31.93482140278523,19.127248730354847,1.6695982706652854,-15.793821924068496,31.310633011127464,0.4545861270787803,0.03272140880810803,3.375077994860476e-14,zz2000_and_cyb,below,63.0,16.0,0.5,261.0,-0.016750935136427936,False
zz2000_and_cyb_below_ma49_days21:scale0.75,39.38441950672706,14.081256046336796,2.7969393765105792,-17.60868647176205,19614.82407636203,-0.35737148411607933,-0.013524794878961188,2.1316282072803006e-14,34.90357475194621,15.697244975379366,2.2235478140712823,-17.60868647176206,1890.6212376414608,-0.1873745309878032,-0.002351843227804906,-2.4868995751603507e-14,36.78204294619833,18.243516208708172,2.0161707055485922,-17.60868647176206,376.2311061768765,-0.31227527157545154,-0.009174699516917961,2.1316282072803006e-14,49.89228033428736,17.902757644996733,2.7868488935407507,-15.716034790386313,235.37685256675078,-0.0319621661249343,0.0074539631780021764,0.07778713368221624,31.60380826493343,19.239790298486692,1.6426274805822199,-15.716034790386313,30.986816307931054,0.12357298922698234,0.005750618725042456,0.07778713368221624,zz2000_and_cyb,below,49.0,21.0,0.75,132.0,-0.018150093358863688,False
zz2000_and_cyb_below_ma47_days20:scale0.75,39.33346934154649,14.070956537934235,2.7953657049189538,-17.60868647176207,19500.46349087165,-0.4083216492966528,-0.015098466470586658,0.0,34.87766169985505,15.685078878428971,2.2236204210500228,-17.60868647176205,1886.804499071507,-0.21328758307896578,-0.0022792362490644535,-1.4210854715202004e-14,36.82802701540084,18.221535298395715,2.021126453523557,-17.608686471762034,377.0294096039439,-0.26629120237294046,-0.004218951541953064,4.618527782440651e-14,49.74756580851955,17.88526642942738,2.781483071824292,-15.519793617647759,234.40973081787314,-0.1766766918927445,0.002088141461543458,0.2740283064207709,31.91556669047051,19.230290490510964,1.6596507840700065,-15.519793617647759,31.29179728956415,0.435331414764061,0.022773922212829145,0.2740283064207709,zz2000_and_cyb,below,47.0,20.0,0.75,135.0,-0.01862696082798892,False
zz2000_and_cyb_below_ma46_days20:scale0.75,39.3294838918715,14.07048722663201,2.7951756935204317,-17.60868647176205,19491.544186607454,-0.4123070989716453,-0.015288477869108696,2.1316282072803006e-14,34.87766169985505,15.685078878428971,2.2236204210500228,-17.60868647176205,1886.804499071507,-0.21328758307896578,-0.0022792362490644535,-1.4210854715202004e-14,36.82802701540084,18.221535298395715,2.021126453523557,-17.608686471762034,377.0294096039439,-0.26629120237294046,-0.004218951541953064,4.618527782440651e-14,49.74756580851955,17.88526642942738,2.781483071824292,-15.519793617647759,234.40973081787314,-0.1766766918927445,0.002088141461543458,0.2740283064207709,31.91556669047051,19.230290490510964,1.6596507840700065,-15.519793617647759,31.29179728956415,0.435331414764061,0.022773922212829145,0.2740283064207709,zz2000_and_cyb,below,46.0,20.0,0.75,129.0,-0.01862696082798892,False
zz2000_and_cyb_below_ma45_days20:scale0.75,39.36479546245728,14.072371358453365,2.797310734612656,-17.60868647176205,19570.702936574387,-0.37699552838586214,-0.013153436776884408,2.1316282072803006e-14,34.87766169985505,15.685078878428971,2.2236204210500228,-17.60868647176205,1886.804499071507,-0.21328758307896578,-0.0022792362490644535,-1.4210854715202004e-14,36.82802701540084,18.221535298395715,2.021126453523557,-17.608686471762034,377.0294096039439,-0.26629120237294046,-0.004218951541953064,4.618527782440651e-14,49.74756580851955,17.88526642942738,2.781483071824292,-15.519793617647759,234.40973081787314,-0.1766766918927445,0.002088141461543458,0.2740283064207709,31.91556669047051,19.230290490510964,1.6596507840700065,-15.519793617647759,31.29179728956415,0.435331414764061,0.022773922212829145,0.2740283064207709,zz2000_and_cyb,below,45.0,20.0,0.75,128.0,-0.01862696082798892,False
zz2000_and_cyb_below_ma58_days18:scale0.75,39.15859799967003,13.986689347327738,2.7997045639075107,-17.60868647176206,19112.665588212563,-0.5831929911731137,-0.010759607482029754,1.0658141036401503e-14,34.86195761508996,15.576060695562202,2.238175511541409,-17.60868647176207,1884.4946474482294,-0.22899166784404912,0.012275854242321582,-3.552713678800501e-14,36.802493468996445,18.109197166425812,2.0322542811134516,-17.60868647176206,376.58600418338153,-0.2918247487773371,0.006908876047941437,2.1316282072803006e-14,49.44924255602328,17.707845323390455,2.792504771357209,-15.851347657743508,232.42190824633323,-0.47499994438901894,0.013109840994460331,-0.057525733674978596,31.864440180601463,19.201580723378356,1.659469636362062,-15.851347657743498,31.241783086031315,0.38420490489501447,0.022592774504884616,-0.05752573367496794,zz2000_and_cyb,below,58.0,18.0,0.75,230.0,-0.018711843327282113,False
zz2000_and_cyb_below_ma46_days22:scale0.75,39.41439397560411,14.090856287218587,2.797161022169801,-17.60868647176208,19682.395342537042,-0.3273970152390291,-0.013303149219739296,-1.0658141036401503e-14,34.89166039664406,15.708485973718659,2.221198176260916,-17.60868647176207,1888.8655512212142,-0.19928888628994912,-0.004701481038171362,-3.552713678800501e-14,36.91803117582282,18.25546926531141,2.022299763390555,-17.608686471762034,378.59501656361203,-0.1762870419509639,-0.003045641674955135,4.618527782440651e-14,49.802633203800916,17.90539721091769,2.781431353750371,-15.783714889348055,234.77752508765462,-0.12160929661138198,0.0020364233876226656,0.010107034720475028,31.496291244070495,19.24147374221814,1.636895991753677,-15.783714889348023,30.881633778035212,0.016055968364046436,1.9129896499547883e-05,0.010107034720507002,zz2000_and_cyb,below,46.0,22.0,0.75,101.0,-0.01905824740672278,False
zz2000_and_cyb_below_ma45_days22:scale0.75,39.42177101714679,14.090731448427798,2.797709342586708,-17.608686471762034,19699.058612361816,-0.32001997369635404,-0.012754828802832296,3.552713678800501e-14,34.89166039664406,15.708485973718659,2.221198176260916,-17.60868647176207,1888.8655512212142,-0.19928888628994912,-0.004701481038171362,-3.552713678800501e-14,36.91803117582282,18.25546926531141,2.022299763390555,-17.608686471762034,378.59501656361203,-0.1762870419509639,-0.003045641674955135,4.618527782440651e-14,49.802633203800916,17.90539721091769,2.781431353750371,-15.783714889348055,234.77752508765462,-0.12160929661138198,0.0020364233876226656,0.010107034720475028,31.496291244070495,19.24147374221814,1.636895991753677,-15.783714889348023,30.881633778035212,0.016055968364046436,1.9129896499547883e-05,0.010107034720507002,zz2000_and_cyb,below,45.0,22.0,0.75,100.0,-0.01905824740672278,False
zz2000_and_cyb_below_ma47_days22:scale0.75,39.41439397560411,14.090856287218587,2.797161022169801,-17.60868647176208,19682.395342537042,-0.3273970152390291,-0.013303149219739296,-1.0658141036401503e-14,34.89166039664406,15.708485973718659,2.221198176260916,-17.60868647176207,1888.8655512212142,-0.19928888628994912,-0.004701481038171362,-3.552713678800501e-14,36.91803117582282,18.25546926531141,2.022299763390555,-17.608686471762034,378.59501656361203,-0.1762870419509639,-0.003045641674955135,4.618527782440651e-14,49.802633203800916,17.90539721091769,2.781431353750371,-15.783714889348055,234.77752508765462,-0.12160929661138198,0.0020364233876226656,0.010107034720475028,31.496291244070495,19.24147374221814,1.636895991753677,-15.783714889348023,30.881633778035212,0.016055968364046436,1.9129896499547883e-05,0.010107034720507002,zz2000_and_cyb,below,47.0,22.0,0.75,108.0,-0.01905824740672278,False
zz2000_and_cyb_below_ma45_days21:scale0.75,39.380614155448356,14.081559809901535,2.7966088052090394,-17.608686471762024,19606.261185556374,-0.3611768353947866,-0.013855366180500983,4.618527782440651e-14,34.89064365785559,15.698192598901809,2.2225898579111854,-17.60868647176207,1888.715790252349,-0.2003056250784212,-0.0033097993879018794,-3.552713678800501e-14,36.77743627237224,18.242753300640942,2.016002500624733,-17.60868647176206,376.1511912011923,-0.3168819454015406,-0.009342904440777122,2.1316282072803006e-14,49.88386674093084,17.901473523648466,2.7865788073273703,-15.71603479038628,235.32057393927306,-0.04037575948145644,0.007183876964621749,0.07778713368224999,31.60380826493343,19.239790298486692,1.6426274805822199,-15.716034790386313,30.986816307931054,0.12357298922698234,0.005750618725042456,0.07778713368221624,zz2000_and_cyb,below,45.0,21.0,0.75,113.0,-0.019691859181641437,False
zz2000_and_cyb_below_ma60_days15:scale0.25,38.35975747190441,13.639347230293872,2.8124335295684024,-17.60868647176205,17430.836226773852,-1.3820335189387336,0.001969358178862013,2.1316282072803006e-14,34.769762089978286,15.177036701979931,2.2909453783848575,-17.60868647176205,1870.9826447706923,-0.3211871929557262,0.06504572108577023,-1.4210854715202004e-14,36.59367066857362,17.60596450355031,2.0784814521916344,-17.608686471762034,372.97202074558913,-0.5006475492001599,0.053136047126124186,4.618527782440651e-14,47.89765645361681,17.255577164341407,2.775778288807236,-14.76605485970941,222.20991070206026,-2.0265860467954866,-0.0036166415555123343,1.0277670643591197,33.6195570755152,18.82478767488108,1.7859195894344975,-14.7660548597094,32.9585267773151,2.139321799808755,0.14904272757732007,1.0277670643591303,zz2000_and_cyb,below,60.0,15.0,0.25,293.0,-0.020250887033145336,False
zz2000_and_cyb_below_ma52_days20:scale0.75,39.322148197701544,14.04856577955691,2.7990151318451355,-17.60868647176207,19475.13708923656,-0.41964279314159825,-0.011449039544404904,0.0,34.85058033151216,15.65298701139869,2.226449195040765,-17.60868647176208,1882.82271778209,-0.24036895142184989,0.0005495377416777636,-4.618527782440651e-14,36.82475110669374,18.23090078619068,2.0199084805829948,-17.608686471762034,376.97250304343584,-0.2695671110800433,-0.005436924482515426,4.618527782440651e-14,49.74159048009157,17.901177303288847,2.778677046618209,-15.519793617647771,234.36983787375155,-0.1826520203207309,-0.0007178837445396269,0.2740283064207585,31.91556669047051,19.230290490510964,1.6596507840700065,-15.519793617647759,31.29179728956415,0.435331414764061,0.022773922212829145,0.2740283064207709,zz2000_and_cyb,below,52.0,20.0,0.75,163.0,-0.020360807255956063,False
zz2000_and_cyb_below_ma49_days12:scale0.75,39.106131142310254,13.857080947155081,2.8221045465090473,-17.60868647176205,18997.723908227432,-0.6356598485328888,0.011640375119506885,2.1316282072803006e-14,34.77992353916435,15.438007757450897,2.252876412915287,-17.60868647176206,1872.4678170277919,-0.31102574376966174,0.02697675561619972,-2.4868995751603507e-14,36.805341205046595,17.833529456395926,2.0638282116301156,-17.608686471762034,376.635440507524,-0.28897701272718734,0.038482806564605454,4.618527782440651e-14,48.409035734055486,17.441116013622754,2.775569848640682,-14.76605485970941,225.55221671954197,-1.5152067663568118,-0.0038250817220664146,1.0277670643591197,33.86004548167541,18.618387534286917,1.8186346921461392,-14.76605485970942,33.193727066310984,2.3798102059689583,0.18175783028896175,1.027767064359109,zz2000_and_cyb,below,49.0,12.0,0.75,320.0,-0.021104623064477624,False
zz2000_and_cyb_below_ma48_days21:scale0.75,39.35345683082754,14.085633786130447,2.7938719285444784,-17.60868647176207,19545.252256712884,-0.38833416001560295,-0.016592242845062,0.0,34.85584701290148,15.703467519667717,2.2196274147252173,-17.60868647176208,1883.596516487546,-0.23510227003253448,-0.006272242573869935,-4.618527782440651e-14,36.78204294619833,18.243516208708172,2.0161707055485922,-17.60868647176206,376.2311061768765,-0.31227527157545154,-0.009174699516917961,2.1316282072803006e-14,49.89228033428736,17.902757644996733,2.7868488935407507,-15.716034790386313,235.37685256675078,-0.0319621661249343,0.0074539631780021764,0.07778713368221624,31.60380826493343,19.239790298486692,1.6426274805822199,-15.716034790386313,30.986816307931054,0.12357298922698234,0.005750618725042456,0.07778713368221624,zz2000_and_cyb,below,48.0,21.0,0.75,126.0,-0.02154212520323857,False
zz2000_and_cyb_below_ma48_days19:scale0.50,38.89067661795473,14.015667952757338,2.774800084380115,-17.608686471762034,18532.4400848208,-0.8511143728884107,-0.03566408700942558,3.552713678800501e-14,34.75875894621805,15.623618723253122,2.224757244906745,-17.60868647176206,1869.3755874007952,-0.33219033671596065,-0.0011424123923422513,-2.4868995751603507e-14,36.77159252121085,18.14456404958474,2.026590025570353,-17.60868647176206,376.0498312617015,-0.3227256965629337,0.0012446205048428638,2.1316282072803006e-14,49.571484317177216,17.83400886245447,2.7796041091769847,-15.221090837728601,233.2354901692525,-0.3527581832350819,0.00020917881423621054,0.5727310863399282,32.390124880369584,19.227622647214854,1.6845621257842471,-15.221090837728635,31.756015199419572,0.9098896046631353,0.04768526392706973,0.5727310863398944,zz2000_and_cyb,below,48.0,19.0,0.5,155.0,-0.021997330704242462,False
zz2000_and_cyb_below_ma51_days20:scale0.25,38.5919181230701,13.946253272303617,2.7671889624800685,-17.60868647176206,17904.814699895567,-1.1498728677730412,-0.043275208909471896,1.0658141036401503e-14,34.53816157784839,15.525803682545122,2.2245651358246854,-17.60868647176206,1837.4041686151575,-0.5527877050856205,-0.0013345214744018286,-2.4868995751603507e-14,36.52059976888251,18.131341545332162,2.014224908707022,-17.60868647176209,371.71260874468953,-0.5737184488912703,-0.011120496358488108,-1.0658141036401503e-14,49.821581849518395,17.828490168734007,2.794492488034179,-14.970349556172868,234.90414502309216,-0.10266065089390253,0.015097557671430284,0.8234723678956613,32.7885076575432,19.234891816233848,1.7046369675898245,-14.970349556172879,32.14569551531687,1.3082723818367512,0.06776010573264712,0.8234723678956506,zz2000_and_cyb,below,51.0,20.0,0.25,163.0,-0.022466182367866978,False
zz2000_and_cyb_below_ma56_days19:scale0.75,39.2157911437943,14.032148961976947,2.794710293488026,-17.60868647176207,19238.69975615571,-0.5259998470488441,-0.01575387790151428,0.0,34.90996628977368,15.637799935070223,2.2324090623184527,-17.60868647176205,1891.5636623715293,-0.18098299316033462,0.006509405019365477,-1.4210854715202004e-14,36.88301391326845,18.223540468170434,2.023921420631133,-17.60868647176207,377.9854099246963,-0.2113043045053331,-0.0014239844343770791,1.0658141036401503e-14,49.65345594223676,17.900310269189927,2.7738880050420383,-15.793821924068519,233.78179516503712,-0.2707865581755371,-0.0055069253207102875,1.0658141036401503e-14,31.48023527570645,19.23188970976682,1.6368768618571774,-15.79382192406853,30.86592630275138,0.0,0.0,0.0,zz2000_and_cyb,below,56.0,19.0,0.75,188.0,-0.022513422356501295,False
zz2000_and_cyb_below_ma51_days22:scale0.75,39.433173030474734,14.06454424856559,2.8037291741249586,-17.608686471762034,19724.83937214575,-0.3086179603684087,-0.006734997264581821,3.552713678800501e-14,34.910971019818525,15.670822551588564,2.2277688937444813,-17.608686471762113,1891.7118451477834,-0.17997826311548693,0.0018692364453940513,-7.815970093361102e-14,36.877129594708016,18.25644677951983,2.0199510912538003,-17.608686471762034,377.88303225457514,-0.21718862306576625,-0.00539431381170985,4.618527782440651e-14,49.72805629140984,17.907161544426607,2.776992666762819,-15.783714889348033,234.27949160082085,-0.19618620900245531,-0.002402263599929455,0.010107034720496344,31.496291244070495,19.24147374221814,1.636895991753677,-15.783714889348023,30.881633778035212,0.016055968364046436,1.9129896499547883e-05,0.010107034720507002,zz2000_and_cyb,below,51.0,22.0,0.75,133.0,-0.022628996804565697,False
zz2000_and_cyb_below_ma63_days19:scale0.75,39.20103973904951,14.000868842170888,2.7999005048154744,-17.60868647176207,19206.11875359225,-0.5407512517936297,-0.010563666574066044,0.0,34.83770118068203,15.595352806422271,2.2338514308144175,-17.60868647176207,1880.9316134515245,-0.25324810225198036,0.007951773515330274,-3.552713678800501e-14,36.801541045034014,18.142003775056068,2.028526810011662,-17.608686471762034,376.5694711429933,-0.29277717273976833,0.0031814049461518223,4.618527782440651e-14,49.50517697093784,17.761355847254617,2.7872408726381033,-15.793821924068519,232.7940163536321,-0.41906552947445874,0.007845942275354734,1.0658141036401503e-14,31.279659285302852,19.23312123754262,1.6263433739629147,-15.793821924068506,30.669701025380803,-0.2005759904035962,-0.010533487894262672,2.3092638912203256e-14,zz2000_and_cyb,below,63.0,19.0,0.75,211.0,-0.023022377276638518,False
zz2000_and_cyb_below_ma64_days13:scale0.75,39.074911407738554,13.840308946384146,2.823268726089173,-17.60868647176207,18929.635477444695,-0.6668795831045884,0.012804554699632487,0.0,34.747337687128365,15.420278586001901,2.253353432840768,-17.608686471762024,1867.7087097787385,-0.3436115958056476,0.027453775541680603,1.0658141036401503e-14,36.89705220978068,17.89979811987956,2.061311080866478,-17.60868647176207,378.2297244874954,-0.19726600799310035,0.035965675800967656,1.0658141036401503e-14,48.79799309770863,17.534521583764313,2.782966895594802,-15.79382192406853,228.10978127372422,-1.126249402703671,0.003571965232053387,0.0,31.41933904704168,18.907444399019923,1.661744357617697,-15.793821924068496,30.80635152187874,-0.06089622866476674,0.024867495760519498,3.375077994860476e-14,zz2000_and_cyb,below,64.0,13.0,0.75,343.0,-0.023135678961205174,False
zz2000_and_cyb_below_ma59_days14:scale0.50,38.7454265900002,13.699208452336054,2.828296738808522,-17.60868647176208,18224.784346436118,-0.9963644008429426,0.017832567418981426,-1.0658141036401503e-14,34.71772651376976,15.256301565080413,2.2756318997543867,-17.60868647176206,1863.3930132591363,-0.3732227691642507,0.0497322424552995,-2.4868995751603507e-14,36.81177084609351,17.692908284247952,2.080594679782924,-17.60868647176207,376.74707330722515,-0.28254737168027333,0.05524927471741359,1.0658141036401503e-14,47.967530826604296,17.341302402754884,2.766085828650566,-14.76605485970942,222.66524677025456,-1.9567116738080017,-0.013309101712182692,1.027767064359109,31.147003277820918,18.748223404734333,1.661330922158503,-14.766054859709444,30.539919654068214,-0.33323199788553026,0.024454060301325686,1.027767064359086,zz2000_and_cyb,below,59.0,14.0,0.5,320.0,-0.023179200649570054,False
zz2000_and_cyb_below_ma52_days19:scale0.75,39.31514464124224,14.036548522287948,2.8009125305138687,-17.60868647176205,19459.48487105895,-0.426646349600901,-0.00955164087567173,2.1316282072803006e-14,34.913636157294036,15.638514158664282,2.2325417749454584,-17.60868647176208,1892.1049614548963,-0.17731312563997648,0.006642117646371126,-4.618527782440651e-14,36.83130706676412,18.21109893036615,2.022464828047782,-17.60868647176207,377.0863935645058,-0.263011151009664,-0.0028805770177280365,1.0658141036401503e-14,49.559249781932756,17.879319998642966,2.7718755403278363,-15.50758778367214,233.15400342002465,-0.3649927184795416,-0.007519390034912199,0.28623414039638995,31.934957898337913,19.227594776608147,1.6608919768368144,-15.507587783672161,31.310766536310798,0.4547226226314649,0.024015114979637042,0.28623414039636863,zz2000_and_cyb,below,52.0,19.0,0.75,178.0,-0.023453771096528953,False
zz2000_and_cyb_below_ma55_days19:scale0.75,39.30288145334535,14.036300230833723,2.8000883998625365,-17.60868647176205,19432.10617071348,-0.4389095374977927,-0.010375771527003863,2.1316282072803006e-14,34.894721376546144,15.638148226286866,2.231384488215174,-17.608686471762102,1889.3164808197575,-0.19622790638786825,0.005484830916086647,-6.750155989720952e-14,36.88301391326845,18.223540468170434,2.023921420631133,-17.60868647176207,377.9854099246963,-0.2113043045053331,-0.0014239844343770791,1.0658141036401503e-14,49.65345594223676,17.900310269189927,2.7738880050420383,-15.793821924068519,233.78179516503712,-0.2707865581755371,-0.0055069253207102875,1.0658141036401503e-14,31.48023527570645,19.23188970976682,1.6368768618571774,-15.79382192406853,30.86592630275138,0.0,0.0,0.0,zz2000_and_cyb,below,55.0,19.0,0.75,184.0,-0.023483056804967782,False
zz2000_and_cyb_below_ma54_days19:scale0.75,39.30288145334535,14.036300230833723,2.8000883998625365,-17.60868647176205,19432.10617071348,-0.4389095374977927,-0.010375771527003863,2.1316282072803006e-14,34.894721376546144,15.638148226286866,2.231384488215174,-17.608686471762102,1889.3164808197575,-0.19622790638786825,0.005484830916086647,-6.750155989720952e-14,36.88301391326845,18.223540468170434,2.023921420631133,-17.60868647176207,377.9854099246963,-0.2113043045053331,-0.0014239844343770791,1.0658141036401503e-14,49.65345594223676,17.900310269189927,2.7738880050420383,-15.793821924068519,233.78179516503712,-0.2707865581755371,-0.0055069253207102875,1.0658141036401503e-14,31.48023527570645,19.23188970976682,1.6368768618571774,-15.79382192406853,30.86592630275138,0.0,0.0,0.0,zz2000_and_cyb,below,54.0,19.0,0.75,184.0,-0.023483056804967782,False
zz2000_and_cyb_below_ma47_days21:scale0.75,39.36288829558314,14.082045070215795,2.795253679370587,-17.60868647176206,19566.419951501266,-0.37890269526000253,-0.015210492018953303,1.0658141036401503e-14,34.87038457673211,15.698351815338116,2.2212767930619255,-17.60868647176206,1885.733835219608,-0.22056470620190538,-0.004622864237161739,-2.4868995751603507e-14,36.73625288400175,18.243040900350046,2.013713233702001,-17.60868647176206,375.43723224943636,-0.3580653337720321,-0.011632171363509247,2.1316282072803006e-14,49.88386674093084,17.901473523648466,2.7865788073273703,-15.71603479038628,235.32057393927306,-0.04037575948145644,0.007183876964621749,0.07778713368224999,31.60380826493343,19.239790298486692,1.6426274805822199,-15.716034790386313,30.986816307931054,0.12357298922698234,0.005750618725042456,0.07778713368221624,zz2000_and_cyb,below,47.0,21.0,0.75,121.0,-0.023542216094308944,False
zz2000_and_cyb_below_ma46_days21:scale0.75,39.36288829558314,14.082045070215795,2.795253679370587,-17.60868647176206,19566.419951501266,-0.37890269526000253,-0.015210492018953303,1.0658141036401503e-14,34.87038457673211,15.698351815338116,2.2212767930619255,-17.60868647176206,1885.733835219608,-0.22056470620190538,-0.004622864237161739,-2.4868995751603507e-14,36.73625288400175,18.243040900350046,2.013713233702001,-17.60868647176206,375.43723224943636,-0.3580653337720321,-0.011632171363509247,2.1316282072803006e-14,49.88386674093084,17.901473523648466,2.7865788073273703,-15.71603479038628,235.32057393927306,-0.04037575948145644,0.007183876964621749,0.07778713368224999,31.60380826493343,19.239790298486692,1.6426274805822199,-15.716034790386313,30.986816307931054,0.12357298922698234,0.005750618725042456,0.07778713368221624,zz2000_and_cyb,below,46.0,21.0,0.75,114.0,-0.023542216094308944,False
zz2000_and_cyb_below_ma50_days19:scale0.25,38.57271725263436,13.924871712127596,2.770059074873932,-17.60868647176206,17865.163304161084,-1.1690737382087804,-0.040405096515608196,1.0658141036401503e-14,34.75900281213935,15.5010803287017,2.2423600210483268,-17.60868647176207,1869.411192305988,-0.3319464707946622,0.016460363749239537,-3.552713678800501e-14,36.60574173317603,18.102637063002415,2.022122059110916,-17.60868647176206,373.1803297496481,-0.4885764845977505,-0.003223345954594059,2.1316282072803006e-14,49.39707010896499,17.804986804935602,2.7743390461413853,-14.934332709011677,232.07507661484814,-0.5271723914473085,-0.0050558842213632715,0.8594892150568523,32.84573362801788,19.231973302793374,1.7078712158594334,-14.934332709011699,32.20166977010377,1.365498352311434,0.07099435400225595,0.859489215056831,zz2000_and_cyb,below,50.0,19.0,0.25,176.0,-0.024229253697639057,False
zz2000_and_cyb_below_ma48_days12:scale0.75,39.06952814323799,13.861646154515537,2.8185345165884783,-17.608686471762024,18917.917910616885,-0.672262847605154,0.0080703451989379,4.618527782440651e-14,34.73223954686861,15.444333529456594,2.248866192938962,-17.608686471762024,1865.5071576428397,-0.3587097360653999,0.02296653563987494,1.0658141036401503e-14,36.805341205046595,17.833529456395926,2.0638282116301156,-17.608686471762034,376.635440507524,-0.28897701272718734,0.038482806564605454,4.618527782440651e-14,48.409035734055486,17.441116013622754,2.775569848640682,-14.76605485970941,225.55221671954197,-1.5152067663568118,-0.0038250817220664146,1.0277670643591197,33.86004548167541,18.618387534286917,1.8186346921461392,-14.76605485970942,33.193727066310984,2.3798102059689583,0.18175783028896175,1.027767064359109,zz2000_and_cyb,below,48.0,12.0,0.75,315.0,-0.024540252821511444,False
zz2000_and_cyb_below_ma50_days13:scale0.50,38.82224311238265,13.666358277758029,2.840716035929321,-17.60868647176208,18386.892158502484,-0.9195478784604916,0.03025186453978046,-1.0658141036401503e-14,34.726613386953645,15.212006005399322,2.282842471573298,-17.60868647176205,1864.6873399415092,-0.36433589598036775,0.05694281427421055,-1.4210854715202004e-14,36.55226282487227,17.58843457630893,2.078198754203346,-17.60868647176207,372.25800716860596,-0.54205539290151,0.05285334913783579,1.0658141036401503e-14,47.862592084654935,17.196692588242833,2.7832440359710797,-14.76605485970942,221.98157511514762,-2.061650415757363,0.0038491056083311825,1.027767064359109,34.55711071279557,18.51573933870356,1.86636407440456,-14.76605485970942,33.87542367394622,3.0768754370891216,0.22948721254738258,1.027767064359109,zz2000_and_cyb,below,50.0,13.0,0.5,305.0,-0.024681804385100693,False
zz2000_and_cyb_below_ma63_days17:scale0.50,38.35920224039129,13.852560100040881,2.769105635591365,-17.608686471762034,17429.716816382315,-1.382588750451852,-0.04135853579817539,3.552713678800501e-14,34.52782062109549,15.431613571999897,2.2374731235977148,-17.60868647176207,1835.916969728152,-0.563128661838519,0.011573466298627544,-3.552713678800501e-14,36.45021358031819,17.951658032132574,2.030465014154911,-17.608686471762024,370.50200502286066,-0.644104637455591,0.0051196090894007895,5.684341886080802e-14,49.48278192687461,17.53957616500825,2.821207391863527,-15.793821924068506,232.64499829880432,-0.4414605735376895,0.041812461500778664,2.3092638912203256e-14,31.696082524049608,19.125096870694293,1.6573031100625715,-15.79382192406854,31.07708586592146,0.2158472483431595,0.02042624820539407,-1.0658141036401503e-14,zz2000_and_cyb,below,63.0,17.0,0.5,242.0,-0.025635873795515997,False
zz2000_and_cyb_below_ma60_days19:scale0.25,38.075750841192125,13.822420127489426,2.754637067170946,-17.60868647176206,16866.91009212277,-1.6660401496510175,-0.05582710421859449,1.0658141036401503e-14,34.40932057533366,15.363690414253547,2.239652039812692,-17.60868647176205,1818.9479108863313,-0.6816287076003533,0.013752382513604555,-1.4210854715202004e-14,36.39984043176996,17.878288024796117,2.0359802001895013,-17.60868647176208,369.6371401966303,-0.6944777860038229,0.010634795123991125,0.0,49.02239979768011,17.421831553518146,2.8138487992544374,-14.766054859709431,229.59141816226705,-0.9018427027321891,0.03445386889168889,1.0277670643590984,33.01569493693093,19.049069240039003,1.7331920274369965,-14.76605485970942,32.367911047833516,1.535459661224479,0.09631516557981912,1.027767064359109,zz2000_and_cyb,below,60.0,19.0,0.25,219.0,-0.026344213781947047,False
zz2000_and_cyb_below_ma59_days19:scale0.25,38.075750841192125,13.822420127489426,2.754637067170946,-17.60868647176206,16866.91009212277,-1.6660401496510175,-0.05582710421859449,1.0658141036401503e-14,34.40932057533366,15.363690414253547,2.239652039812692,-17.60868647176205,1818.9479108863313,-0.6816287076003533,0.013752382513604555,-1.4210854715202004e-14,36.39984043176996,17.878288024796117,2.0359802001895013,-17.60868647176208,369.6371401966303,-0.6944777860038229,0.010634795123991125,0.0,49.02239979768011,17.421831553518146,2.8138487992544374,-14.766054859709431,229.59141816226705,-0.9018427027321891,0.03445386889168889,1.0277670643590984,33.01569493693093,19.049069240039003,1.7331920274369965,-14.76605485970942,32.367911047833516,1.535459661224479,0.09631516557981912,1.027767064359109,zz2000_and_cyb,below,59.0,19.0,0.25,218.0,-0.026344213781947047,False
zz2000_and_cyb_below_ma65_days15:scale0.75,39.221221670993714,13.916604869549099,2.818303892267115,-17.608686471762024,19250.70697606785,-0.5205693198494288,0.007839720877574674,4.618527782440651e-14,34.840315286407076,15.508152102755188,2.2465807051387716,-17.60868647176208,1881.3153231520967,-0.2506339965269362,0.020681047839684386,-4.618527782440651e-14,36.78259965796244,18.024002542762794,2.040756461873216,-17.608686471762002,376.24076454501943,-0.31171855981133945,0.015411056807705936,7.815970093361102e-14,49.169620809650816,17.686576421232363,2.7800530548480666,-15.793821924068519,230.56585417558102,-0.754621690761482,0.0006581244853181012,1.0658141036401503e-14,31.157775726267012,19.138234323304413,1.6280381564942248,-15.793821924068519,30.55045874891118,-0.32245954943943644,-0.008838705362952615,1.0658141036401503e-14,zz2000_and_cyb,below,65.0,15.0,0.75,291.0,-0.026465814099501765,False
zz2000_and_cyb_below_ma49_days13:scale0.75,39.2257499495118,13.893205885955354,2.8233764238076344,-17.60868647176205,19260.724611802296,-0.5160410413313414,0.012912252418094017,2.1316282072803006e-14,34.83002205882024,15.48454432994501,2.249341105341001,-17.60868647176205,1879.8048255839806,-0.26092722411377167,0.023441448041913837,-1.4210854715202004e-14,36.68207025081909,17.90408811585871,2.04880974744129,-17.608686471762102,374.49922094267254,-0.4122479669546948,0.02346434237577988,-2.1316282072803006e-14,48.6240523782943,17.53533138386187,2.7729189322902688,-14.76605485970942,226.9643986022205,-1.3001901221179963,-0.006475998072479783,1.027767064359109,33.02387825067407,18.822916655698204,1.7544506441129493,-14.76605485970942,32.37591515739764,1.543642974967625,0.11757378225577186,1.027767064359109,zz2000_and_cyb,below,49.0,13.0,0.75,289.0,-0.0269929123811689,False
zz2000_and_cyb_below_ma58_days13:scale0.50,38.407588082873254,13.6327968025306,2.817293372680785,-17.60868647176205,17527.52007625483,-1.334202907969889,0.0068292012912447575,2.1316282072803006e-14,34.503138439286275,15.178476927832453,2.273162096785785,-17.60868647176205,1832.3714194385286,-0.5878108436477376,0.047262439486697616,-1.4210854715202004e-14,36.76745028960471,17.588557696452167,2.090418721315686,-17.608686471762102,375.97799464667884,-0.3268679281690723,0.06507331625017576,-2.1316282072803006e-14,47.95819860071406,17.215263785327572,2.785795164032772,-15.221090837728601,222.60440859624717,-1.966043899698235,0.006400233670023514,0.5727310863399282,31.987439989948975,18.648909508265714,1.7152445281463378,-15.221090837728624,31.36210635550323,0.5072047142425262,0.07836766628916036,0.5727310863399051,zz2000_and_cyb,below,58.0,13.0,0.5,347.0,-0.02706362285454158,False
zz2000_and_cyb_below_ma47_days12:scale0.75,39.05534968647408,13.859367398509104,2.817974916421899,-17.608686471762102,18887.088500018563,-0.6864413043690618,0.007510745032358379,-3.197442310920451e-14,34.69377230858149,15.441235780586137,2.2468261479564386,-17.60868647176205,1859.9080291939629,-0.39717697435252575,0.020926490657351415,-1.4210854715202004e-14,36.86824235344004,17.827740679888883,2.068026622971377,-17.608686471762102,377.72844179072,-0.22607586433374394,0.04268121790586665,-2.1316282072803006e-14,48.334567146411175,17.44171319114872,2.771205248974045,-14.76605485970942,225.06407151758435,-1.5896753540011233,-0.008189681388703463,1.027767064359109,33.86004548167541,18.618387534286917,1.8186346921461392,-14.76605485970942,33.193727066310984,2.3798102059689583,0.18175783028896175,1.027767064359109,zz2000_and_cyb,below,47.0,12.0,0.75,315.0,-0.027202246997857348,False
zz2000_and_cyb_below_ma59_days15:scale0.50,38.62724524838872,13.748932986370106,2.8094722177118423,-17.60868647176205,17977.98250648585,-1.1145457424544247,-0.0009919536776981097,2.1316282072803006e-14,34.576353238570356,15.309202523166649,2.25853392338678,-17.60868647176205,1842.9056693697291,-0.5145960443636568,0.0326342660876926,-1.4210854715202004e-14,36.4489687130997,17.777697723445822,2.0502637225645692,-17.60868647176209,370.4806163635779,-0.6453495046740798,0.02491831749905904,-1.0658141036401503e-14,48.59533420328952,17.39637033114175,2.793418010669593,-14.766054859709444,226.77554854062953,-1.32890829712278,0.014023080306844626,1.027767064359086,32.91681077284594,18.906315501843615,1.7410484221336577,-14.76605485970941,32.27119165513721,1.4365754971394935,0.10417156027648034,1.0277670643591197,zz2000_and_cyb,below,59.0,15.0,0.5,294.0,-0.028193731159820434,False
zz2000_and_cyb_below_ma45_days12:scale0.75,39.053423726786285,13.860965265584738,2.8175111169026352,-17.608686471762034,18882.904338918466,-0.6883672640568577,0.0070469455130948155,3.552713678800501e-14,34.67844047444337,15.442130343924724,2.245703131762946,-17.608686471762034,1857.6803958047228,-0.4125088084906423,0.019803474463858883,0.0,36.86824235344004,17.827740679888883,2.068026622971377,-17.608686471762102,377.72844179072,-0.22607586433374394,0.04268121790586665,-2.1316282072803006e-14,48.334567146411175,17.44171319114872,2.771205248974045,-14.76605485970942,225.06407151758435,-1.5896753540011233,-0.008189681388703463,1.027767064359109,33.86004548167541,18.618387534286917,1.8186346921461392,-14.76605485970942,33.193727066310984,2.3798102059689583,0.18175783028896175,1.027767064359109,zz2000_and_cyb,below,45.0,12.0,0.75,306.0,-0.028223710118746824,False
zz2000_and_cyb_below_ma46_days12:scale0.75,39.04235271647109,13.859840077359491,2.816941068479432,-17.60868647176205,18858.869245550744,-0.6994382743720493,0.006476897089891409,2.1316282072803006e-14,34.67844047444337,15.442130343924724,2.245703131762946,-17.608686471762034,1857.6803958047228,-0.4125088084906423,0.019803474463858883,0.0,36.86824235344004,17.827740679888883,2.068026622971377,-17.608686471762102,377.72844179072,-0.22607586433374394,0.04268121790586665,-2.1316282072803006e-14,48.334567146411175,17.44171319114872,2.771205248974045,-14.76605485970942,225.06407151758435,-1.5896753540011233,-0.008189681388703463,1.027767064359109,33.86004548167541,18.618387534286917,1.8186346921461392,-14.76605485970942,33.193727066310984,2.3798102059689583,0.18175783028896175,1.027767064359109,zz2000_and_cyb,below,46.0,12.0,0.75,307.0,-0.028223710118746824,False
zz2000_and_cyb_below_ma60_days16:scale0.25,37.91703962559709,13.69665568376542,2.7683429080092874,-18.353801492269064,16559.22241141972,-1.8247513652460512,-0.042121263380253016,-0.7451150205069936,34.49676843911242,15.235060841616379,2.2643013242769863,-18.353801492269096,1831.4573297395484,-0.5941808438215901,0.03840166697789904,-0.7451150205070611,36.384310119133744,17.67791594621794,2.0581787032943724,-18.353801492269007,369.370754157133,-0.7100080986400386,0.03283329822886216,-0.7451150205069261,48.889117744032504,17.293654995210392,2.8269974020860666,-14.76605485970941,228.71089264656428,-1.035124756379794,0.04760247172331811,1.0277670643591197,34.990405133832404,18.894883111977496,1.8518455460384369,-14.76605485970942,34.2991345130373,3.5101698581259555,0.21496868418125947,1.027767064359109,zz2000_and_cyb,below,60.0,16.0,0.25,271.0,-0.028735616308399537,False
zz2000_and_cyb_below_ma49_days20:scale0.50,38.948678248372445,14.019662286331133,2.7781466809187383,-17.60868647176207,18656.641064649175,-0.7931127424706972,-0.032317490470802124,0.0,34.70060629475815,15.624946613424672,2.2208463909210425,-17.60868647176206,1860.9017055684071,-0.3903429881758598,-0.005053266378044707,-2.4868995751603507e-14,36.6206806194709,18.156602574928023,2.0169346367717185,-17.60868647176205,373.438229958854,-0.4736375983028793,-0.008410768293791726,3.197442310920451e-14,49.68377636562209,17.834552997669423,2.7858156227472954,-15.245302687262797,233.98401842443891,-0.24046613479021062,0.0064206923845469,0.548519236805733,32.35165769324162,19.231291327953805,1.682240528810283,-15.245302687262807,31.71838724635021,0.8714224175351717,0.045363666953105675,0.5485192368057223,zz2000_and_cyb,below,49.0,20.0,0.5,146.0,-0.029255206711063908,False
zz2000_and_cyb_below_ma50_days21:scale0.75,39.35189213666077,14.05784863287355,2.799282675774329,-17.608686471762034,19541.74257001894,-0.3898988541823698,-0.011181495615211201,3.552713678800501e-14,34.85343526563349,15.6637812398939,2.2250971672705493,-17.60868647176207,1883.2421406714905,-0.23751401730051924,-0.0008024900285379388,-3.552713678800501e-14,36.69746802994383,18.2449751504502,2.011373966110242,-17.60868647176206,374.76563714656254,-0.39685018782995485,-0.013971438955268312,2.1316282072803006e-14,49.81301654426413,17.9048591317411,2.7820948591523615,-15.716034790386324,234.84690540834023,-0.11122595614816788,0.002699928789613004,0.07778713368220558,31.60380826493343,19.239790298486692,1.6426274805822199,-15.716034790386313,30.986816307931054,0.12357298922698234,0.005750618725042456,0.07778713368221624,zz2000_and_cyb,below,50.0,21.0,0.75,146.0,-0.029389342981702666,False
zz2000_and_cyb_below_ma62_days16:scale0.50,38.52349488786378,13.802592428895267,2.79103328496581,-17.762804083249904,17763.888495981508,-1.218296102979366,-0.019430886423730254,-0.15411761148783398,34.59378152207575,15.371762894908153,2.250475873104628,-17.762804083249883,1845.4208782246994,-0.497167760858261,0.024576215805540702,-0.1541176114878482,36.57743104203486,17.85905684393295,2.048116614537843,-17.76280408324993,372.69189098476954,-0.5168871757389226,0.02277120947233291,-0.1541176114878482,49.14030693528551,17.517101497773954,2.8052761435178177,-15.793821924068506,230.3716769320149,-0.7839355651267894,0.025881213155069194,2.3092638912203256e-14,31.93482140278523,19.127248730354847,1.6695982706652854,-15.793821924068496,31.310633011127464,0.4545861270787803,0.03272140880810803,3.375077994860476e-14,zz2000_and_cyb,below,62.0,16.0,0.5,264.0,-0.029994213999089813,False
zz2000_and_cyb_below_ma60_days14:scale0.25,38.525061467803766,13.586018259012228,2.835640342397474,-17.60868647176205,17767.103467447305,-1.2167295230393762,0.02517617100793368,2.1316282072803006e-14,34.96516951583477,15.123002603876715,2.3120520727062233,-17.60868647176207,1899.720038096665,-0.12577976709923888,0.08615241540713603,-3.552713678800501e-14,36.95923206277405,17.518305363363385,2.1097492763237318,-17.60868647176207,379.3130679248582,-0.1350861549997333,0.08440387125822157,1.0658141036401503e-14,46.95742984371067,17.188183833417977,2.7319599498589313,-14.766054859709431,216.12445828429935,-2.9668126567016273,-0.047434980503817226,1.0277670643590984,30.94849871086376,18.63301405946756,1.660949678462708,-14.76605485970941,30.345712455508057,-0.5317365648426886,0.024072816605530623,1.0277670643591197,zz2000_and_cyb,below,60.0,14.0,0.25,318.0,-0.03022385705457311,False
zz2000_and_cyb_below_ma51_days11:scale0.75,38.83043061677618,13.77560549246756,2.8187821317914836,-17.60868647176205,18404.249482502903,-0.911360374066966,0.008317960401943214,2.1316282072803006e-14,34.42480911333221,15.333020930507526,2.2451419892630864,-17.60868647176208,1821.158219115398,-0.6661401696018032,0.01924233196399916,-4.618527782440651e-14,36.60176553910988,17.732266903811112,2.064133465712905,-17.60868647176208,373.1117049181426,-0.4925526786639054,0.03878806064739493,0.0,48.44446403156007,17.3172350105249,2.7974710744594598,-14.76605485970941,225.78462208431333,-1.4797784688522313,0.01807614409671121,1.0277670643591197,34.67204308874858,18.580110920145255,1.8660837514783535,-14.76605485970942,33.987816254029426,3.191807813042132,0.22920688962117608,1.027767064359109,zz2000_and_cyb,below,51.0,11.0,0.75,376.0,-0.030407185609884757,False
zz2000_and_cyb_below_ma48_days13:scale0.75,39.17698024328769,13.896960094456794,2.819104320441602,-17.608686471762024,19153.08958761102,-0.5648107475554554,0.008640149052061563,4.618527782440651e-14,34.78232034209372,15.490851507389843,2.2453459272720395,-17.60868647176208,1872.818274563674,-0.30862894084029335,0.01944626997295229,-4.618527782440651e-14,36.68207025081909,17.90408811585871,2.04880974744129,-17.608686471762102,374.49922094267254,-0.4122479669546948,0.02346434237577988,-2.1316282072803006e-14,48.6240523782943,17.53533138386187,2.7729189322902688,-14.76605485970942,226.9643986022205,-1.3001901221179963,-0.006475998072479783,1.027767064359109,33.02387825067407,18.822916655698204,1.7544506441129493,-14.76605485970942,32.37591515739764,1.543642974967625,0.11757378225577186,1.027767064359109,zz2000_and_cyb,below,48.0,13.0,0.75,284.0,-0.03042155291744595,False
zz2000_and_cyb_below_ma65_days13:scale0.75,39.04814336039264,13.838237166736372,2.821757055461841,-17.60868647176206,18871.43713723813,-0.6936476304504993,0.01129288407230078,1.0658141036401503e-14,34.70603150463425,15.41729400467919,2.251110440917899,-17.60868647176206,1861.6908656085318,-0.3849177782997657,0.025210783618811572,-2.4868995751603507e-14,36.812927314148915,17.89466542343322,2.0572012073465236,-17.60868647176208,376.7671543696603,-0.2813909036248674,0.03185580228101337,0.0,48.79799309770863,17.534521583764313,2.782966895594802,-15.79382192406853,228.10978127372422,-1.126249402703671,0.003571965232053387,0.0,31.41933904704168,18.907444399019923,1.661744357617697,-15.793821924068496,30.80635152187874,-0.06089622866476674,0.024867495760519498,3.375077994860476e-14,zz2000_and_cyb,below,65.0,13.0,0.75,344.0,-0.030495668504553153,False
zz2000_and_cyb_below_ma64_days19:scale0.75,39.19191270411011,13.997183843270749,2.799985564449946,-17.608686471762034,19185.985902478416,-0.5498782867330334,-0.01047860693959457,3.552713678800501e-14,34.82361990905578,15.590078031561793,2.23370401601301,-17.60868647176205,1878.8658537952565,-0.2673293738782334,0.00780435871392271,-1.4210854715202004e-14,36.695016804302895,18.148810497517534,2.0218965209495234,-17.60868647176206,374.72321743091925,-0.3993014134708872,-0.003448884115986761,2.1316282072803006e-14,49.50517697093784,17.761355847254617,2.7872408726381033,-15.793821924068519,232.7940163536321,-0.41906552947445874,0.007845942275354734,1.0658141036401503e-14,31.279659285302852,19.23312123754262,1.6263433739629147,-15.793821924068506,30.669701025380803,-0.2005759904035962,-0.010533487894262672,2.3092638912203256e-14,zz2000_and_cyb,below,64.0,19.0,0.75,215.0,-0.03056201578278841,False
zz2000_and_cyb_below_ma65_days19:scale0.75,39.19191270411011,13.997183843270749,2.799985564449946,-17.608686471762034,19185.985902478416,-0.5498782867330334,-0.01047860693959457,3.552713678800501e-14,34.82361990905578,15.590078031561793,2.23370401601301,-17.60868647176205,1878.8658537952565,-0.2673293738782334,0.00780435871392271,-1.4210854715202004e-14,36.695016804302895,18.148810497517534,2.0218965209495234,-17.60868647176206,374.72321743091925,-0.3993014134708872,-0.003448884115986761,2.1316282072803006e-14,49.50517697093784,17.761355847254617,2.7872408726381033,-15.793821924068519,232.7940163536321,-0.41906552947445874,0.007845942275354734,1.0658141036401503e-14,31.279659285302852,19.23312123754262,1.6263433739629147,-15.793821924068506,30.669701025380803,-0.2005759904035962,-0.010533487894262672,2.3092638912203256e-14,zz2000_and_cyb,below,65.0,19.0,0.75,216.0,-0.03056201578278841,False
zz2000_and_cyb_below_ma47_days13:scale0.75,39.162140843102236,13.89509474456842,2.8184148120624135,-17.60868647176208,19120.450386482033,-0.5796501477409066,0.0079506406728731,-1.0658141036401503e-14,34.76823250902581,15.488010703849492,2.2448481715204576,-17.60868647176207,1870.7591721680578,-0.32271677390820486,0.01894851422137034,-3.552713678800501e-14,36.74050025391817,17.899399196853214,2.0526108083212815,-17.60868647176208,375.51082543967703,-0.3538179638556116,0.027265403255771314,0.0,48.5494758997407,17.53592727046457,2.7685719238532465,-14.766054859709431,226.47413592179123,-1.3747666006715988,-0.010823006509502076,1.0277670643590984,33.02387825067407,18.822916655698204,1.7544506441129493,-14.76605485970942,32.37591515739764,1.543642974967625,0.11757378225577186,1.027767064359109,zz2000_and_cyb,below,47.0,13.0,0.75,283.0,-0.03193116620469746,False
zz2000_and_cyb_below_ma63_days13:scale0.75,39.05942597729606,13.842361310632509,2.8217314301205225,-17.608686471762034,18895.947121443285,-0.6823650135470842,0.01126725873098211,3.552713678800501e-14,34.7234413083991,15.423196755532187,2.2513777045568757,-17.60868647176208,1864.2252551639117,-0.36750797453490947,0.02547804725778846,-4.618527782440651e-14,36.77535967315635,17.892297386975592,2.055373822476614,-17.60868647176206,376.115170585297,-0.31895854461743056,0.030028417411103625,2.1316282072803006e-14,48.79799309770863,17.534521583764313,2.782966895594802,-15.79382192406853,228.10978127372422,-1.126249402703671,0.003571965232053387,0.0,31.41933904704168,18.907444399019923,1.661744357617697,-15.793821924068496,30.80635152187874,-0.06089622866476674,0.024867495760519498,3.375077994860476e-14,zz2000_and_cyb,below,63.0,13.0,0.75,336.0,-0.03206830244181359,False
zz2000_and_cyb_below_ma49_days19:scale0.25,38.552108710778434,13.977307550990705,2.7581927756927604,-17.60868647176205,17822.69601257152,-1.1896822800647087,-0.052271395696779965,2.1316282072803006e-14,34.72708302997836,15.57600637115083,2.229524192690257,-17.60868647176206,1864.755762352626,-0.36386625295565267,0.003624535391169914,-2.4868995751603507e-14,36.59948590669637,18.10363286984123,2.021665274027254,-17.60868647176206,373.07236450341634,-0.49483231107740977,-0.0036801310382563734,2.1316282072803006e-14,49.3856676126446,17.80669034289857,2.7734332805051527,-14.934332709011699,231.9993072618972,-0.5385748877676946,-0.005961649857595841,0.859489215056831,32.84573362801788,19.231973302793374,1.7078712158594334,-14.934332709011699,32.20166977010377,1.365498352311434,0.07099435400225595,0.859489215056831,zz2000_and_cyb,below,49.0,19.0,0.25,161.0,-0.03290407799945283,False
zz2000_and_cyb_below_ma46_days13:scale0.75,39.1629552694092,13.895599341232497,2.818371076172348,-17.60868647176207,19122.240368155348,-0.5788357214339399,0.007906904782807533,0.0,34.75289219928093,15.488902753947778,2.243728477824111,-17.60868647176205,1868.5192053590588,-0.3380570836530836,0.01782882052502366,-1.4210854715202004e-14,36.74050025391817,17.899399196853214,2.0526108083212815,-17.60868647176208,375.51082543967703,-0.3538179638556116,0.027265403255771314,0.0,48.5494758997407,17.53592727046457,2.7685719238532465,-14.766054859709431,226.47413592179123,-1.3747666006715988,-0.010823006509502076,1.0277670643590984,33.02387825067407,18.822916655698204,1.7544506441129493,-14.76605485970942,32.37591515739764,1.543642974967625,0.11757378225577186,1.027767064359109,zz2000_and_cyb,below,46.0,13.0,0.75,275.0,-0.03295122234521673,False
zz2000_and_cyb_below_ma45_days13:scale0.75,39.169082328243675,13.89564839227096,2.8188020610848437,-17.608686471762034,19135.711694860875,-0.5727086625994673,0.008337889695303247,3.552713678800501e-14,34.75289219928093,15.488902753947778,2.243728477824111,-17.60868647176205,1868.5192053590588,-0.3380570836530836,0.01782882052502366,-1.4210854715202004e-14,36.74050025391817,17.899399196853214,2.0526108083212815,-17.60868647176208,375.51082543967703,-0.3538179638556116,0.027265403255771314,0.0,48.5494758997407,17.53592727046457,2.7685719238532465,-14.766054859709431,226.47413592179123,-1.3747666006715988,-0.010823006509502076,1.0277670643590984,33.02387825067407,18.822916655698204,1.7544506441129493,-14.76605485970942,32.37591515739764,1.543642974967625,0.11757378225577186,1.027767064359109,zz2000_and_cyb,below,45.0,13.0,0.75,274.0,-0.03295122234521673,False
zz2000_and_cyb_below_ma49_days22:scale0.75,39.41954760929276,14.088894168759827,2.797916368532326,-17.60868647176205,19694.03499187385,-0.3222433815503791,-0.012547802857214574,2.1316282072803006e-14,34.89960271940649,15.705688897376138,2.222099453735962,-17.60868647176206,1890.0357683356401,-0.19134656352752444,-0.0038002035631250486,-2.4868995751603507e-14,36.836652977679904,18.257475231613363,2.0176203177258674,-17.608686471762034,377.179279129261,-0.25766524009387837,-0.007725087339642833,4.618527782440651e-14,49.65426885154665,17.909011072444045,2.7725857475149978,-15.78371488934801,233.7872158323492,-0.26997364886565123,-0.006809182847750783,0.010107034720519437,31.496291244070495,19.24147374221814,1.636895991753677,-15.783714889348023,30.881633778035212,0.016055968364046436,1.9129896499547883e-05,0.010107034720507002,zz2000_and_cyb,below,49.0,22.0,0.75,119.0,-0.033172854200257784,False
zz2000_and_cyb_below_ma51_days19:scale0.75,39.309077168260956,14.033603535297445,2.8010679558810687,-17.60868647176208,19445.934184789847,-0.43271382258218694,-0.009396215508471695,-1.0658141036401503e-14,34.904277543948645,15.634300700090403,2.2325448520858253,-17.60868647176207,1890.7248438533447,-0.1866717389853676,0.0066451947867380845,-3.552713678800501e-14,36.768657172910224,18.203155567392052,2.0199056716723995,-17.60868647176207,375.99892411517277,-0.3256610448635584,-0.005439733393110657,1.0658141036401503e-14,49.445137970158456,17.86598713313247,2.7675570121990325,-15.50758778367215,232.3946130757823,-0.47910453025384214,-0.011837918163716044,0.2862341403963793,31.934957898337913,19.227594776608147,1.6608919768368144,-15.507587783672161,31.310766536310798,0.4547226226314649,0.024015114979637042,0.28623414039636863,zz2000_and_cyb,below,51.0,19.0,0.75,178.0,-0.03335849287578727,False
zz2000_and_cyb_below_ma61_days16:scale0.75,39.05431910252821,13.940655085233367,2.801469433376663,-17.60868647176205,18884.849441583538,-0.6874718883149313,-0.008994738012877423,2.1316282072803006e-14,34.77103091091076,15.5298599653146,2.238979037066055,-17.60868647176209,1871.1680374974055,-0.3199183720232526,0.013079379766967936,-5.684341886080802e-14,36.68630441124823,18.039007765450734,2.03372075051222,-17.608686471762024,374.5724695244114,-0.4080138065255525,0.008375345446709925,5.684341886080802e-14,49.25259194016831,17.684555801569292,2.7850624292071693,-15.793821924068519,231.11587271378684,-0.6716505602439895,0.005667498844420749,1.0658141036401503e-14,31.70958611552559,19.170929087773615,1.6540453501415635,-15.79382192406853,31.090295994804194,0.22935083981914062,0.017168488284386108,0.0,zz2000_and_cyb,below,61.0,16.0,0.75,265.0,-0.033824691968582024,False
zz2000_and_cyb_below_ma52_days22:scale0.75,39.39609916861875,14.064706195788606,2.801060940783471,-17.60868647176205,19641.127706559175,-0.34569182222439565,-0.009403230606069624,2.1316282072803006e-14,34.85384072043107,15.671019262160588,2.22409532764659,-17.60868647176208,1883.3017131514434,-0.23710856250293944,-0.0018043296524972163,-4.618527782440651e-14,36.804559773947986,18.257506045815223,2.0158591037347025,-17.60868647176207,376.6218745581532,-0.2897584438257965,-0.009486301330807745,1.0658141036401503e-14,49.67087617179607,17.908551599735485,2.773584222887669,-15.783714889348,233.8979701102016,-0.2533663286162309,-0.005810707475079724,0.010107034720530095,31.496291244070495,19.24147374221814,1.636895991753677,-15.783714889348023,30.881633778035212,0.016055968364046436,1.9129896499547883e-05,0.010107034720507002,zz2000_and_cyb,below,52.0,22.0,0.75,133.0,-0.03447115244534159,False
zz2000_and_cyb_below_ma57_days18:scale0.75,39.168074522666444,14.025291370628027,2.7926745682227185,-17.60868647176206,19133.495264019417,-0.5737164681766984,-0.017789603166821877,1.0658141036401503e-14,34.876585749535316,15.631226693769424,2.231212331111355,-17.60868647176208,1886.646164631354,-0.2143635333986964,0.005312673812267743,-4.618527782440651e-14,36.832245707145006,18.204350864613232,2.0232660851830677,-17.60868647176209,377.1027014587098,-0.26207251062877646,-0.0020793198824424763,-1.0658141036401503e-14,49.50326965940563,17.870226863675054,2.7701533974384684,-15.851347657743474,232.78132325034565,-0.420972841006666,-0.009241532924280094,-0.057525733674944846,31.864440180601463,19.201580723378356,1.659469636362062,-15.851347657743498,31.241783086031315,0.38420490489501447,0.022592774504884616,-0.05752573367496794,zz2000_and_cyb,below,57.0,18.0,0.75,209.0,-0.03449209747992882,False
zz2000_and_cyb_below_ma45_days19:scale0.75,39.283195761794154,14.061133025450573,2.7937432702394456,-17.60868647176205,19388.23113470362,-0.45859522904898853,-0.016720901150094836,2.1316282072803006e-14,34.86291036971352,15.674491984417106,2.2241811986233877,-17.60868647176205,1884.6347154613427,-0.22803891322049452,-0.0017184586756995301,-1.4210854715202004e-14,36.791628260732345,18.203673061948553,2.02111014274578,-17.60868647176207,376.39742324203667,-0.3026899570414372,-0.004235262319730371,1.0658141036401503e-14,49.486973939123004,17.866808753582024,2.7697712905334373,-15.507587783672161,232.672888837289,-0.4372685612892937,-0.009623639829311248,0.28623414039636863,31.934957898337913,19.227594776608147,1.6608919768368144,-15.507587783672161,31.310766536310798,0.4547226226314649,0.024015114979637042,0.28623414039636863,zz2000_and_cyb,below,45.0,19.0,0.75,144.0,-0.03480371314263368,False
zz2000_and_cyb_below_ma46_days19:scale0.75,39.27669827140985,14.061092576560592,2.7932892168623438,-17.60868647176209,19373.769956689415,-0.46509271943329367,-0.01717495452719664,-2.1316282072803006e-14,34.86291036971352,15.674491984417106,2.2241811986233877,-17.60868647176205,1884.6347154613427,-0.22803891322049452,-0.0017184586756995301,-1.4210854715202004e-14,36.791628260732345,18.203673061948553,2.02111014274578,-17.60868647176207,376.39742324203667,-0.3026899570414372,-0.004235262319730371,1.0658141036401503e-14,49.486973939123004,17.866808753582024,2.7697712905334373,-15.507587783672161,232.672888837289,-0.4372685612892937,-0.009623639829311248,0.28623414039636863,31.934957898337913,19.227594776608147,1.6608919768368144,-15.507587783672161,31.310766536310798,0.4547226226314649,0.024015114979637042,0.28623414039636863,zz2000_and_cyb,below,46.0,19.0,0.75,145.0,-0.03480371314263368,False
zz2000_and_cyb_below_ma47_days19:scale0.75,39.27202972742185,14.061221293371156,2.792931631474697,-17.60868647176206,19363.385593512907,-0.4697612634212902,-0.017532539914843603,1.0658141036401503e-14,34.86291036971352,15.674491984417106,2.2241811986233877,-17.60868647176205,1884.6347154613427,-0.22803891322049452,-0.0017184586756995301,-1.4210854715202004e-14,36.791628260732345,18.203673061948553,2.02111014274578,-17.60868647176207,376.39742324203667,-0.3026899570414372,-0.004235262319730371,1.0658141036401503e-14,49.486973939123004,17.866808753582024,2.7697712905334373,-15.507587783672161,232.672888837289,-0.4372685612892937,-0.009623639829311248,0.28623414039636863,31.934957898337913,19.227594776608147,1.6608919768368144,-15.507587783672161,31.310766536310798,0.4547226226314649,0.024015114979637042,0.28623414039636863,zz2000_and_cyb,below,47.0,19.0,0.75,151.0,-0.03480371314263368,False
zz2000_and_cyb_below_ma58_days19:scale0.75,39.146191058797065,13.997630620619042,2.79662980970031,-17.60868647176208,19085.426724317917,-0.5955999320460776,-0.013834361689230246,-1.0658141036401503e-14,34.802554318835696,15.588413648581298,2.232591147720992,-17.60868647176207,1875.7790954420643,-0.2883949640983161,0.0066914904219048665,-3.552713678800501e-14,36.73005655977162,18.130051395437533,2.025921259606292,-17.608686471762034,375.32988631020805,-0.3642616580021638,0.000575854540781684,4.618527782440651e-14,49.37499521383823,17.741178774656294,2.783072976208978,-15.79382192406853,231.92839981691867,-0.5492472865740652,0.0036780458462293275,0.0,31.279659285302852,19.23312123754262,1.6263433739629147,-15.793821924068506,30.669701025380803,-0.2005759904035962,-0.010533487894262672,2.3092638912203256e-14,zz2000_and_cyb,below,58.0,19.0,0.75,214.0,-0.03515196657865934,False
zz2000_and_cyb_below_ma61_days19:scale0.75,39.146191058797065,13.997630620619042,2.79662980970031,-17.60868647176208,19085.426724317917,-0.5955999320460776,-0.013834361689230246,-1.0658141036401503e-14,34.802554318835696,15.588413648581298,2.232591147720992,-17.60868647176207,1875.7790954420643,-0.2883949640983161,0.0066914904219048665,-3.552713678800501e-14,36.73005655977162,18.130051395437533,2.025921259606292,-17.608686471762034,375.32988631020805,-0.3642616580021638,0.000575854540781684,4.618527782440651e-14,49.37499521383823,17.741178774656294,2.783072976208978,-15.79382192406853,231.92839981691867,-0.5492472865740652,0.0036780458462293275,0.0,31.279659285302852,19.23312123754262,1.6263433739629147,-15.793821924068506,30.669701025380803,-0.2005759904035962,-0.010533487894262672,2.3092638912203256e-14,zz2000_and_cyb,below,61.0,19.0,0.75,215.0,-0.03515196657865934,False
zz2000_and_cyb_below_ma51_days21:scale0.75,39.34874714342118,14.05769850603867,2.799088849893772,-17.60868647176207,19534.689971495678,-0.3930438474219642,-0.011375321495768365,0.0,34.838962079954825,15.663464983416423,2.2242180843664108,-17.60868647176207,1881.116685329616,-0.251987202979187,-0.0016815729326764561,-3.552713678800501e-14,36.66805487273701,18.244439018701094,2.0098209013251194,-17.60868647176206,374.2568272847128,-0.426263345036773,-0.015524503740390827,2.1316282072803006e-14,49.759295020661675,17.90402408932798,2.7792240879703467,-15.71603479038628,234.4880474911882,-0.16494747975062296,-0.00017084239240183763,0.07778713368224999,31.60380826493343,19.239790298486692,1.6426274805822199,-15.716034790386313,30.986816307931054,0.12357298922698234,0.005750618725042456,0.07778713368221624,zz2000_and_cyb,below,51.0,21.0,0.75,148.0,-0.03538471181602431,False
zz2000_and_cyb_below_ma48_days20:scale0.50,38.88717713741428,14.027307392218965,2.7722481621088044,-17.60868647176206,18524.971230022118,-0.8546138534288659,-0.038216009280735985,1.0658141036401503e-14,34.605656757146534,15.635811102348383,2.213230674803242,-17.60868647176206,1847.1363622746817,-0.4852925257874787,-0.012668982495845249,-2.4868995751603507e-14,36.6206806194709,18.156602574928023,2.0169346367717185,-17.60868647176205,373.438229958854,-0.4736375983028793,-0.008410768293791726,3.197442310920451e-14,49.68377636562209,17.834552997669423,2.7858156227472954,-15.245302687262797,233.98401842443891,-0.24046613479021062,0.0064206923845469,0.548519236805733,32.35165769324162,19.231291327953805,1.682240528810283,-15.245302687262807,31.71838724635021,0.8714224175351717,0.045363666953105675,0.5485192368057223,zz2000_and_cyb,below,48.0,20.0,0.5,140.0,-0.03591155089831274,False
zz2000_and_cyb_below_ma57_days12:scale0.75,38.91211873084397,13.82361009450244,2.814902797809602,-17.60868647176205,18578.264779912934,-0.829672259999171,0.004438626420061542,2.1316282072803006e-14,34.67874059699858,15.39854733153364,2.252078709137864,-17.608686471762034,1857.7239801310516,-0.4122086859354326,0.02617905183877678,0.0,36.756906106341724,17.862110863820263,2.0578142408013433,-17.60868647176206,375.7951713418441,-0.33741211143205874,0.032468835735833146,2.1316282072803006e-14,48.653898375215675,17.48974165934176,2.7818534614676977,-15.707573600481183,227.1607421502507,-1.2703441251966225,0.002458531104949202,0.08624832358734658,32.365182250435254,18.6800852542011,1.7326035620290554,-15.707573600481162,31.73161676121228,0.8849469747288055,0.09572670017187801,0.08624832358736789,zz2000_and_cyb,below,57.0,12.0,0.75,364.0,-0.036359553048539904,False
zz2000_and_cyb_below_ma48_days22:scale0.75,39.38857713008168,14.093269702980999,2.794850163248507,-17.608686471762102,19624.183644113953,-0.3532138607614641,-0.01561400814103342,-3.197442310920451e-14,34.85187638563316,15.711908082657814,2.21818229856508,-17.60868647176208,1883.0131132496206,-0.23907289730085068,-0.007717358734007362,-4.618527782440651e-14,36.836652977679904,18.257475231613363,2.0176203177258674,-17.608686471762034,377.179279129261,-0.25766524009387837,-0.007725087339642833,4.618527782440651e-14,49.65426885154665,17.909011072444045,2.7725857475149978,-15.78371488934801,233.7872158323492,-0.26997364886565123,-0.006809182847750783,0.010107034720519437,31.496291244070495,19.24147374221814,1.636895991753677,-15.783714889348023,30.881633778035212,0.016055968364046436,1.9129896499547883e-05,0.010107034720507002,zz2000_and_cyb,below,48.0,22.0,0.75,113.0,-0.036563221798899155,False
zz2000_and_cyb_below_ma53_days22:scale0.75,39.366287963316694,14.058601631440101,2.8001567293349776,-17.60868647176205,19574.055302733796,-0.3755030275264488,-0.010307442054562799,2.1316282072803006e-14,34.807908604977555,15.66226905506642,2.2224052263818006,-17.60868647176207,1876.5632524419377,-0.28304067795645693,-0.0034944309172866284,-3.552713678800501e-14,36.80126467911287,18.255495646153435,2.0159006028887068,-17.60868647176207,376.56467381807806,-0.29305353866091366,-0.009444802176803435,1.0658141036401503e-14,49.66486789531459,17.905143232470092,2.77377663224999,-15.793821924068496,233.85789806982876,-0.2593746050977046,-0.005618298112758602,3.375077994860476e-14,31.48023527570645,19.23188970976682,1.6368768618571774,-15.79382192406853,30.86592630275138,0.0,0.0,0.0,zz2000_and_cyb,below,53.0,22.0,0.75,138.0,-0.0371049709736695,False
zz2000_and_cyb_below_ma56_days20:scale0.75,39.18831062338675,14.039543174695371,2.791281036410008,-17.60868647176205,19178.0456764189,-0.5534803674563946,-0.01918313497953239,2.1316282072803006e-14,34.79372508864489,15.645633077239376,2.223861758541517,-17.608686471762024,1874.4866301798356,-0.2972241942891216,-0.002037898757570211,1.0658141036401503e-14,36.76823476716429,18.231926563844336,2.0166949794586837,-17.608686471762034,375.991598776679,-0.3260834506094952,-0.008650425606826495,4.618527782440651e-14,49.63851846965064,17.90306166289618,2.772627353036811,-15.793821924068519,233.68219907161395,-0.2857240307616564,-0.00676757732593769,1.0658141036401503e-14,31.48023527570645,19.23188970976682,1.6368768618571774,-15.79382192406853,30.86592630275138,0.0,0.0,0.0,zz2000_and_cyb,below,56.0,20.0,0.75,174.0,-0.03905793852182981,False
zz2000_and_cyb_below_ma59_days17:scale0.25,37.54228645150965,13.760873510217097,2.7281906503708115,-17.608686471762034,15853.326931311934,-2.199504539333489,-0.08227352101872887,3.552713678800501e-14,34.196501630124374,15.310090602348817,2.233592375010379,-17.60868647176205,1788.80822991388,-0.8944476528096388,0.007692717711291763,-1.4210854715202004e-14,36.039870445127775,17.793769722849937,2.025420751559296,-17.608686471762102,363.49367286948217,-1.0544477726460073,7.534649378593272e-05,-2.1316282072803006e-14,49.11277734243706,17.31706416716663,2.8360914337636687,-14.766054859709431,230.18938803351682,-0.8114651579752348,0.05669650340092014,1.0277670643590984,34.29403926897774,18.898775716440912,1.814616977497848,-14.76605485970942,33.61815944356228,2.813803993271293,0.1777401156406706,1.027767064359109,zz2000_and_cyb,below,59.0,17.0,0.25,251.0,-0.039352757065852464,False
zz2000_and_cyb_below_ma60_days17:scale0.25,37.54228645150965,13.760873510217097,2.7281906503708115,-17.608686471762034,15853.326931311934,-2.199504539333489,-0.08227352101872887,3.552713678800501e-14,34.196501630124374,15.310090602348817,2.233592375010379,-17.60868647176205,1788.80822991388,-0.8944476528096388,0.007692717711291763,-1.4210854715202004e-14,36.039870445127775,17.793769722849937,2.025420751559296,-17.608686471762102,363.49367286948217,-1.0544477726460073,7.534649378593272e-05,-2.1316282072803006e-14,49.11277734243706,17.31706416716663,2.8360914337636687,-14.766054859709431,230.18938803351682,-0.8114651579752348,0.05669650340092014,1.0277670643590984,34.29403926897774,18.898775716440912,1.814616977497848,-14.76605485970942,33.61815944356228,2.813803993271293,0.1777401156406706,1.027767064359109,zz2000_and_cyb,below,60.0,17.0,0.25,252.0,-0.039352757065852464,False
zz2000_and_cyb_below_ma55_days20:scale0.75,39.27538374173412,14.043692606665417,2.796656466483269,-17.608686471762034,19370.845489279753,-0.4664072491090252,-0.013807704906271479,3.552713678800501e-14,34.77849331074809,15.6459809410397,2.2228387879166753,-17.60868647176207,1872.2587175032852,-0.3124559721859228,-0.0030608693824119015,-3.552713678800501e-14,36.76823476716429,18.231926563844336,2.0166949794586837,-17.608686471762034,375.991598776679,-0.3260834506094952,-0.008650425606826495,4.618527782440651e-14,49.63851846965064,17.90306166289618,2.772627353036811,-15.793821924068519,233.68219907161395,-0.2857240307616564,-0.00676757732593769,1.0658141036401503e-14,31.48023527570645,19.23188970976682,1.6368768618571774,-15.79382192406853,30.86592630275138,0.0,0.0,0.0,zz2000_and_cyb,below,55.0,20.0,0.75,170.0,-0.040026377171155605,False
zz2000_and_cyb_below_ma54_days20:scale0.75,39.27538374173412,14.043692606665417,2.796656466483269,-17.608686471762034,19370.845489279753,-0.4664072491090252,-0.013807704906271479,3.552713678800501e-14,34.77849331074809,15.6459809410397,2.2228387879166753,-17.60868647176207,1872.2587175032852,-0.3124559721859228,-0.0030608693824119015,-3.552713678800501e-14,36.76823476716429,18.231926563844336,2.0166949794586837,-17.608686471762034,375.991598776679,-0.3260834506094952,-0.008650425606826495,4.618527782440651e-14,49.63851846965064,17.90306166289618,2.772627353036811,-15.793821924068519,233.68219907161395,-0.2857240307616564,-0.00676757732593769,1.0658141036401503e-14,31.48023527570645,19.23188970976682,1.6368768618571774,-15.79382192406853,30.86592630275138,0.0,0.0,0.0,zz2000_and_cyb,below,54.0,20.0,0.75,170.0,-0.040026377171155605,False
zz2000_and_cyb_below_ma62_days20:scale0.75,39.20414390251557,14.005774212386868,2.799141504640491,-17.60868647176207,19212.970553484414,-0.5376470883275744,-0.011322666749049581,0.0,34.7686767191514,15.599653613116136,2.2288108173067394,-17.60868647176206,1870.824069157637,-0.3222725637826116,0.002911160007652125,-2.4868995751603507e-14,36.664837577475204,18.149180291479993,2.02019248189888,-17.60868647176206,374.201198662833,-0.42948064029857846,-0.0051529231666300745,2.1316282072803006e-14,49.45016864292351,17.762062143131278,2.7840330837963125,-15.793821924068506,232.4280668570315,-0.47407385748878994,0.004638153433563996,2.3092638912203256e-14,31.279659285302852,19.23312123754262,1.6263433739629147,-15.793821924068506,30.669701025380803,-0.2005759904035962,-0.010533487894262672,2.3092638912203256e-14,zz2000_and_cyb,below,62.0,20.0,0.75,199.0,-0.04009438919874283,False
zz2000_and_cyb_below_ma57_days15:scale0.75,39.185431673472195,13.957422143942077,2.8074977792714964,-17.60868647176209,19171.70168254568,-0.5563593173709478,-0.002966392118044059,-2.1316282072803006e-14,34.83458591530084,15.564138069625063,2.2381313863620846,-17.60868647176208,1880.4744287104231,-0.25636336763317047,0.01223172906299741,-4.618527782440651e-14,36.76837258453973,18.113697945343144,2.029865613056252,-17.60868647176205,375.99398878853793,-0.3259456332340491,0.00452020799074182,3.197442310920451e-14,49.245463829088784,17.820745558858285,2.7633784269261388,-15.716034790386257,231.0685963184452,-0.6787786713235135,-0.016016503436609764,0.07778713368227308,31.28104564872245,19.146178888206578,1.6338009704897594,-15.71603479038628,30.671057334656517,-0.19918962698399767,-0.0030758913674180377,0.07778713368224999,zz2000_and_cyb,below,57.0,15.0,0.75,273.0,-0.040932792206299896,False
zz2000_and_cyb_below_ma61_days18:scale0.50,38.580789339297624,13.875952051520427,2.7804066485708434,-17.60868647176206,17881.822854406637,-1.1610016515455186,-0.030057522818697002,1.0658141036401503e-14,34.64020517423958,15.438137023037985,2.2438073403900214,-17.608686471762013,1852.1349345132587,-0.4507441086944297,0.017907683090934157,2.1316282072803006e-14,36.53388148986523,17.957273459325833,2.0344893434193327,-17.60868647176208,371.94132601251465,-0.5604367279085523,0.009143938353822545,0.0,49.02400721795341,17.51842742863888,2.798425110795599,-15.79382192406854,229.60204712435427,-0.9002352824588868,0.01903018043285032,-1.0658141036401503e-14,32.43123964489636,19.15821023170734,1.6928115545585676,-15.793821924068485,31.796232761166543,0.9510043691899099,0.055934692701390176,4.440892098500626e-14,zz2000_and_cyb,below,61.0,18.0,0.5,230.0,-0.04160494268488953,False
zz2000_and_cyb_below_ma61_days17:scale0.75,38.961244008303076,13.968008690622202,2.789319857343785,-17.60868647176205,18683.650633693014,-0.7805469825400664,-0.02114431404575523,2.1316282072803006e-14,34.721706644753844,15.562974565385804,2.2310456461183006,-17.60868647176209,1863.97260365167,-0.3692426381801681,0.005145988819213354,-5.684341886080802e-14,36.589671116644354,18.09022497784193,2.0226211206030733,-17.60868647176208,372.90301709719233,-0.5046471011294287,-0.002724284462436888,0.0,49.366542101189424,17.694898883284242,2.789874213286649,-15.793821924068519,231.87224446833488,-0.557700399222874,0.010479282923900435,1.0658141036401503e-14,31.59067697190492,19.16861290952491,1.6480418860254342,-15.79382192406853,30.973970210329902,0.1104416961984711,0.01116502416825682,0.0,zz2000_and_cyb,below,61.0,17.0,0.75,246.0,-0.04180894801739811,False
zz2000_and_cyb_below_ma57_days19:scale0.75,39.16876969030667,14.036082217982909,2.7905771056345037,-17.608686471762013,19135.024095794146,-0.5730213005364746,-0.019887065755036737,5.684341886080802e-14,34.8373958347529,15.64337612525319,2.226974251326393,-17.60868647176205,1880.8867978226133,-0.25355344818111547,0.0010745940273055865,-1.4210854715202004e-14,36.80091992753427,18.224807670518096,2.0192761752469064,-17.60868647176207,376.558689468138,-0.2933982902395158,-0.006069229818603805,1.0658141036401503e-14,49.503897667323194,17.902665827100062,2.765169061715208,-15.79382192406854,232.78550258936136,-0.42034483308910353,-0.014225868647540718,-1.0658141036401503e-14,31.279659285302852,19.23312123754262,1.6263433739629147,-15.793821924068506,30.669701025380803,-0.2005759904035962,-0.010533487894262672,2.3092638912203256e-14,zz2000_and_cyb,below,57.0,19.0,0.75,192.0,-0.042197864981354895,False
zz2000_and_cyb_below_ma45_days22:scale0.50,39.09946059124376,14.05624215973564,2.7816439235263655,-17.60868647176206,18983.15667213212,-0.6423303995993805,-0.02882024786317494,1.0658141036401503e-14,34.68904941786206,15.669203348633259,2.213836188480367,-17.60868647176207,1859.2215754799,-0.40189986507195385,-0.012063468818720224,-3.552713678800501e-14,36.73756887073276,18.213544740699938,2.017046620729412,-17.608686471762034,375.4600330718566,-0.3567493470410241,-0.008298784336098208,4.618527782440651e-14,49.676459702704555,17.866075899617577,2.7804908017752172,-15.773716481475219,233.93521219069245,-0.24778279770774247,0.0010958714124686963,0.020105442593310485,31.51217468155214,19.25171940369406,1.6368498844578796,-15.773716481475219,30.897172434909592,0.03193940584569077,-2.697739929780063e-05,0.020105442593310485,zz2000_and_cyb,below,45.0,22.0,0.5,100.0,-0.04244670303767389,False
zz2000_and_cyb_below_ma46_days22:scale0.50,39.084758163183174,14.05640145892934,2.780566439951425,-17.60868647176208,18951.08607990186,-0.6570328276599682,-0.02989773143811547,-1.0658141036401503e-14,34.68904941786206,15.669203348633259,2.213836188480367,-17.60868647176207,1859.2215754799,-0.40189986507195385,-0.012063468818720224,-3.552713678800501e-14,36.73756887073276,18.213544740699938,2.017046620729412,-17.608686471762034,375.4600330718566,-0.3567493470410241,-0.008298784336098208,4.618527782440651e-14,49.676459702704555,17.866075899617577,2.7804908017752172,-15.773716481475219,233.93521219069245,-0.24778279770774247,0.0010958714124686963,0.020105442593310485,31.51217468155214,19.25171940369406,1.6368498844578796,-15.773716481475219,30.897172434909592,0.03193940584569077,-2.697739929780063e-05,0.020105442593310485,zz2000_and_cyb,below,46.0,22.0,0.5,101.0,-0.04244670303767389,False
zz2000_and_cyb_below_ma47_days22:scale0.50,39.084758163183174,14.05640145892934,2.780566439951425,-17.60868647176208,18951.08607990186,-0.6570328276599682,-0.02989773143811547,-1.0658141036401503e-14,34.68904941786206,15.669203348633259,2.213836188480367,-17.60868647176207,1859.2215754799,-0.40189986507195385,-0.012063468818720224,-3.552713678800501e-14,36.73756887073276,18.213544740699934,2.017046620729412,-17.608686471762034,375.4600330718566,-0.3567493470410241,-0.008298784336098208,4.618527782440651e-14,49.676459702704555,17.866075899617577,2.7804908017752172,-15.773716481475219,233.93521219069245,-0.24778279770774247,0.0010958714124686963,0.020105442593310485,31.51217468155214,19.25171940369406,1.6368498844578796,-15.773716481475219,30.897172434909592,0.03193940584569077,-2.697739929780063e-05,0.020105442593310485,zz2000_and_cyb,below,47.0,22.0,0.5,108.0,-0.04244670303767389,False
zz2000_and_cyb_below_ma49_days11:scale0.75,38.78662324803177,13.807457451005329,2.809106845750786,-17.64027121269425,18311.556287582524,-0.9551677428113692,-0.0013573256387542365,-0.031584740932178335,34.40306047726403,15.379455854869,2.236949135386498,-17.640271212694202,1818.0552065339803,-0.687888805669985,0.011049478087410858,-0.031584740932167676,36.58168876461432,17.751823502791066,2.0607285081931264,-17.64027121269425,372.76532287344804,-0.5126294531594624,0.03538310312761617,-0.031584740932167676,48.42713768707072,17.348919591256667,2.791363314144158,-14.76605485970942,225.67094956064722,-1.4971048133415792,0.011968383781409297,1.027767064359109,34.67204308874858,18.580110920145255,1.8660837514783535,-14.76605485970942,33.987816254029426,3.191807813042132,0.22920688962117608,1.027767064359109,zz2000_and_cyb,below,49.0,11.0,0.75,358.0,-0.042484929349522374,False
zz2000_and_cyb_below_ma48_days19:scale0.25,38.46046441817788,13.987082852605056,2.7497130619351924,-17.60868647176205,17634.984711925732,-1.2813265726652645,-0.06075110945434803,2.1316282072803006e-14,34.585172775966086,15.589895531887787,2.2184351848429706,-17.608686471762024,1844.17811826694,-0.5057765069679263,-0.007464472456116589,1.0658141036401503e-14,36.59948590669637,18.10363286984123,2.021665274027254,-17.60868647176206,373.07236450341634,-0.49483231107740977,-0.0036801310382563734,2.1316282072803006e-14,49.3856676126446,17.80669034289857,2.7734332805051527,-14.934332709011699,231.9993072618972,-0.5385748877676946,-0.005961649857595841,0.859489215056831,32.84573362801788,19.231973302793374,1.7078712158594334,-14.934332709011699,32.20166977010377,1.365498352311434,0.07099435400225595,0.859489215056831,zz2000_and_cyb,below,48.0,19.0,0.25,155.0,-0.042705889543463584,False
zz2000_and_cyb_below_ma52_days12:scale0.50,38.404106952410146,13.591615039533957,2.8255734760515243,-17.60868647176206,17520.466561884976,-1.3376840384329967,0.015109304661983902,1.0658141036401503e-14,34.262630158862976,15.11180140729342,2.267276364704394,-17.60868647176206,1798.1274889444612,-0.8283191240710366,0.041376707405306856,-2.4868995751603507e-14,36.65236278073121,17.452873839205722,2.100076074485579,-17.608686471762034,373.98555258993105,-0.4419554370425729,0.0747306694200689,4.618527782440651e-14,47.47664134967449,17.026626085625445,2.7883763413208533,-14.766054859709454,219.47541552718553,-2.4476011507378104,0.008981410958104785,1.0277670643590753,36.23724901309468,18.161809808937832,1.9952443833687503,-14.76605485970942,35.51827119840845,4.757013737388235,0.3583675215115729,1.027767064359109,zz2000_and_cyb,below,52.0,12.0,0.5,342.0,-0.04288431911552228,False
zz2000_and_cyb_below_ma64_days18:scale0.25,38.23153826140015,13.808353318214426,2.7687253780629595,-17.60868647176205,17174.10245704313,-1.510252729442989,-0.041738793326580925,2.1316282072803006e-14,34.62413961555328,15.356397244349761,2.2547046071169397,-17.60868647176208,1849.8090850306617,-0.4668096673807298,0.02880494981785242,-4.618527782440651e-14,36.368389422467295,17.902844883890985,2.031430739546408,-17.60868647176208,369.0977973774938,-0.725928795306487,0.006085334480897764,0.0,48.96513501125612,17.463897970345897,2.803791862183348,-15.793821924068506,229.2129072877645,-0.9591074891561746,0.024396931820599654,2.3092638912203256e-14,32.90548797296058,19.13584382603339,1.7195733970296232,-15.793821924068519,32.260116655355134,1.4252526972541304,0.0826965351724458,1.0658141036401503e-14,zz2000_and_cyb,below,64.0,18.0,0.25,231.0,-0.04333695191794059,False
zz2000_and_cyb_below_ma65_days18:scale0.25,38.23153826140015,13.808353318214426,2.7687253780629595,-17.60868647176205,17174.10245704313,-1.510252729442989,-0.041738793326580925,2.1316282072803006e-14,34.62413961555328,15.356397244349761,2.2547046071169397,-17.60868647176208,1849.8090850306617,-0.4668096673807298,0.02880494981785242,-4.618527782440651e-14,36.368389422467295,17.902844883890985,2.031430739546408,-17.60868647176208,369.0977973774938,-0.725928795306487,0.006085334480897764,0.0,48.96513501125612,17.463897970345897,2.803791862183348,-15.793821924068506,229.2129072877645,-0.9591074891561746,0.024396931820599654,2.3092638912203256e-14,32.90548797296058,19.13584382603339,1.7195733970296232,-15.793821924068519,32.260116655355134,1.4252526972541304,0.0826965351724458,1.0658141036401503e-14,zz2000_and_cyb,below,65.0,18.0,0.25,232.0,-0.04333695191794059,False
zz2000_and_cyb_below_ma45_days20:scale0.50,38.9847455706777,14.024809857983774,2.7796986886410595,-17.60868647176206,18734.264109246153,-0.75704542016544,-0.0307654827484809,1.0658141036401503e-14,34.65963999347756,15.629163933215173,2.217625980607877,-17.60868647176206,1854.9518967777676,-0.43130928945645053,-0.008273676691210152,-2.4868995751603507e-14,36.55534252835373,18.15566503009741,2.0134400181846495,-17.60868647176205,372.31108216849947,-0.5389756894200559,-0.011905386880860735,3.197442310920451e-14,49.56448631126263,17.83313006804371,2.779348668581759,-15.245302687262807,233.18887911257238,-0.359756189149671,-4.62617809895427e-05,0.5485192368057223,32.35165769324162,19.231291327953805,1.682240528810283,-15.245302687262807,31.71838724635021,0.8714224175351717,0.045363666953105675,0.5485192368057223,zz2000_and_cyb,below,45.0,20.0,0.5,128.0,-0.04353717237404958,False
zz2000_and_cyb_below_ma46_days20:scale0.50,38.91419261429605,14.021717965359404,2.7752799414760303,-17.60868647176205,18582.702546588145,-0.827598376547094,-0.03518422991351011,2.1316282072803006e-14,34.65963999347756,15.629163933215173,2.217625980607877,-17.60868647176206,1854.9518967777676,-0.43130928945645053,-0.008273676691210152,-2.4868995751603507e-14,36.55534252835373,18.15566503009741,2.0134400181846495,-17.60868647176205,372.31108216849947,-0.5389756894200559,-0.011905386880860735,3.197442310920451e-14,49.56448631126263,17.83313006804371,2.779348668581759,-15.245302687262807,233.18887911257238,-0.359756189149671,-4.62617809895427e-05,0.5485192368057223,32.35165769324162,19.231291327953805,1.682240528810283,-15.245302687262807,31.71838724635021,0.8714224175351717,0.045363666953105675,0.5485192368057223,zz2000_and_cyb,below,46.0,20.0,0.5,129.0,-0.04353717237404958,False
zz2000_and_cyb_below_ma47_days20:scale0.50,38.92214536413241,14.022631396346927,2.7756662971453503,-17.60868647176207,18599.72927372548,-0.8196456267107308,-0.03479787424419012,0.0,34.65963999347756,15.629163933215173,2.217625980607877,-17.60868647176206,1854.9518967777676,-0.43130928945645053,-0.008273676691210152,-2.4868995751603507e-14,36.55534252835373,18.15566503009741,2.0134400181846495,-17.60868647176205,372.31108216849947,-0.5389756894200559,-0.011905386880860735,3.197442310920451e-14,49.56448631126263,17.83313006804371,2.779348668581759,-15.245302687262807,233.18887911257238,-0.359756189149671,-4.62617809895427e-05,0.5485192368057223,32.35165769324162,19.231291327953805,1.682240528810283,-15.245302687262807,31.71838724635021,0.8714224175351717,0.045363666953105675,0.5485192368057223,zz2000_and_cyb,below,47.0,20.0,0.5,135.0,-0.04353717237404958,False
zz2000_and_cyb_below_ma51_days13:scale0.50,38.81177718984106,13.664118340068748,2.8404157680652657,-17.60868647176206,18364.726857420992,-0.9300138010020831,0.029951596675725334,1.0658141036401503e-14,34.678980709177985,15.208653657224827,2.280213718503862,-17.60868647176205,1857.7588502736141,-0.41196857375602747,0.05431406120477478,-1.4210854715202004e-14,36.45548500786897,17.582643412013304,2.073379079220866,-17.60868647176207,370.5925845556896,-0.63883320990481,0.048033674155355754,1.0658141036401503e-14,47.687977157652114,17.187041810063306,2.774647183887689,-14.76605485970941,220.84610385156026,-2.236265342760184,-0.0047477464750596,1.0277670643591197,34.55711071279557,18.51573933870356,1.86636407440456,-14.76605485970942,33.87542367394622,3.0768754370891216,0.22948721254738258,1.027767064359109,zz2000_and_cyb,below,51.0,13.0,0.5,307.0,-0.043632170826237826,False
zz2000_and_cyb_below_ma64_days15:scale0.75,39.16764273731403,13.92311592395802,2.8131377308951957,-17.60868647176207,19132.545727142373,-0.5741482535291098,0.0026735595056552874,0.0,34.757671427927384,15.517403425215527,2.2399154340117713,-17.608686471762024,1869.2168146382564,-0.333277855006628,0.014015776712684058,1.0658141036401503e-14,36.61456828094154,18.040030408599588,2.029628966893956,-17.60868647176207,373.33269490201116,-0.479749936832242,0.004283561828446025,1.0658141036401503e-14,49.169620809650816,17.686576421232363,2.7800530548480666,-15.793821924068519,230.56585417558102,-0.754621690761482,0.0006581244853181012,1.0658141036401503e-14,31.157775726267012,19.138234323304413,1.6280381564942248,-15.793821924068519,30.55045874891118,-0.32245954943943644,-0.008838705362952615,1.0658141036401503e-14,zz2000_and_cyb,below,64.0,15.0,0.75,290.0,-0.04372261110275445,False
zz2000_and_cyb_below_ma59_days16:scale0.50,38.296023205293885,13.812762136780798,2.772510148663079,-17.76280408324985,17302.77719998067,-1.4457677855492577,-0.0379540227264612,-0.1541176114877807,34.34039424957432,15.382022128729691,2.232501940394119,-17.762804083249904,1809.139432208795,-0.7505550333596958,0.006602283095031858,-0.1541176114878695,36.06240380307246,17.87693740942332,2.0172584921656203,-17.762804083249893,363.87634596986913,-1.031914414701319,-0.008086912899889942,-0.15411761148781267,49.25753092551626,17.426044858146444,2.8266615474990595,-14.76605485970942,231.14863261377798,-0.6667115748960413,0.04726661713631097,1.027767064359109,33.821502551263485,18.964315441038536,1.7834286007537177,-14.76605485970942,33.15603214610792,2.341267275557037,0.14655173889654027,1.027767064359109,zz2000_and_cyb,below,59.0,16.0,0.5,271.0,-0.04468693014330351,False
zz2000_and_cyb_below_ma62_days19:scale0.75,39.16422626009823,13.997417680219531,2.7979608206907485,-17.60868647176207,19125.034119090138,-0.5775647307449105,-0.012503350698791937,0.0,34.780908362421115,15.590387091741201,2.2309201277526864,-17.60868647176207,1872.6118098752381,-0.3100409205128969,0.005020470453599213,-3.552713678800501e-14,36.68604060927485,18.133470967048783,2.0231118838714797,-17.608686471762034,374.56790563541125,-0.4082776084989348,-0.00223352119403053,4.618527782440651e-14,49.29485949472774,17.74711371975925,2.7776268453074664,-15.793821924068519,231.39629983044458,-0.6293830056845593,-0.0017680850552821425,1.0658141036401503e-14,31.279659285302852,19.23312123754262,1.6263433739629147,-15.793821924068506,30.669701025380803,-0.2005759904035962,-0.010533487894262672,2.3092638912203256e-14,zz2000_and_cyb,below,62.0,19.0,0.75,214.0,-0.045109917009665504,False
zz2000_and_cyb_below_ma64_days16:scale0.50,38.50456959508999,13.822747771241353,2.7855944586647174,-17.60868647176208,17725.092384712178,-1.2372213957531528,-0.024869712724822968,-1.0658141036401503e-14,34.56449429072699,15.400550496383007,2.2443674528936386,-17.608686471762013,1841.1958874073682,-0.5264549922070216,0.01846779559455136,2.1316282072803006e-14,36.2504355639782,17.937840289224848,2.0208918676655636,-17.60868647176208,367.07945465943953,-0.8438826537955819,-0.004453537399946583,0.0,49.25791572749048,17.519081891973926,2.8116722115476365,-15.79382192406854,231.15118506547506,-0.6663267729218205,0.03227728118488793,-1.0658141036401503e-14,31.93482140278523,19.127248730354847,1.6695982706652854,-15.793821924068496,31.310633011127464,0.4545861270787803,0.03272140880810803,3.375077994860476e-14,zz2000_and_cyb,below,64.0,16.0,0.5,268.0,-0.04550521001157316,False
zz2000_and_cyb_below_ma61_days20:scale0.75,39.15970349634197,14.002791666605049,2.796564030137868,-17.608686471762024,19115.0944126521,-0.5820874945011738,-0.013900141251672604,4.618527782440651e-14,34.74960194550714,15.593089379471767,2.228525797540469,-17.60868647176206,1868.039066420172,-0.34134733742687473,0.002626140241381858,-2.4868995751603507e-14,36.62605838097173,18.137865734711895,2.019314671123488,-17.60868647176206,373.5310974310424,-0.46825983680205496,-0.006030733942022248,2.1316282072803006e-14,49.37949685233698,17.74288361536124,2.7830592773310947,-15.79382192406854,231.9583074854597,-0.5447456480753203,0.003664346968346166,-1.0658141036401503e-14,31.279659285302852,19.23312123754262,1.6263433739629147,-15.793821924068506,30.669701025380803,-0.2005759904035962,-0.010533487894262672,2.3092638912203256e-14,zz2000_and_cyb,below,61.0,20.0,0.75,200.0,-0.04556573545966176,False
zz2000_and_cyb_below_ma58_days20:scale0.75,39.15970349634197,14.002791666605049,2.796564030137868,-17.608686471762024,19115.0944126521,-0.5820874945011738,-0.013900141251672604,4.618527782440651e-14,34.74960194550714,15.593089379471767,2.228525797540469,-17.60868647176206,1868.039066420172,-0.34134733742687473,0.002626140241381858,-2.4868995751603507e-14,36.62605838097173,18.137865734711895,2.019314671123488,-17.60868647176206,373.5310974310424,-0.46825983680205496,-0.006030733942022248,2.1316282072803006e-14,49.37949685233698,17.74288361536124,2.7830592773310947,-15.79382192406854,231.9583074854597,-0.5447456480753203,0.003664346968346166,-1.0658141036401503e-14,31.279659285302852,19.23312123754262,1.6263433739629147,-15.793821924068506,30.669701025380803,-0.2005759904035962,-0.010533487894262672,2.3092638912203256e-14,zz2000_and_cyb,below,58.0,20.0,0.75,199.0,-0.04556573545966176,False
zz2000_and_cyb_below_ma63_days18:scale0.25,38.158846878097094,13.82180280556346,2.760772050859939,-17.608686471762034,17030.121642590017,-1.5829441127460484,-0.04969212052960126,3.552713678800501e-14,34.511398383316696,15.37559017195131,2.2445576395677866,-17.60868647176206,1833.5572941900732,-0.5795508996173169,0.018657982268699413,-2.4868995751603507e-14,36.46267776405754,17.900540511571254,2.0369595957444617,-17.608686471762102,370.7162009789307,-0.6316404537162441,0.01161419067895153,-2.1316282072803006e-14,48.96513501125612,17.463897970345897,2.803791862183348,-15.793821924068506,229.2129072877645,-0.9591074891561746,0.024396931820599654,2.3092638912203256e-14,32.90548797296058,19.13584382603339,1.7195733970296232,-15.793821924068519,32.260116655355134,1.4252526972541304,0.0826965351724458,1.0658141036401503e-14,zz2000_and_cyb,below,63.0,18.0,0.25,226.0,-0.045728152604929316,False
zz2000_and_cyb_below_ma48_days11:scale0.75,38.80526925118091,13.813484943042727,2.8092309371014657,-17.64027121269425,18350.95655129294,-0.9365217396622327,-0.0012332342880747582,-0.031584740932178335,34.35550981591897,15.38580302330497,2.232935763175992,-17.64027121269426,1811.2865642986233,-0.7354394670150413,0.007036105876904841,-0.03158474093222452,36.58168876461432,17.751823502791066,2.0607285081931264,-17.64027121269425,372.76532287344804,-0.5126294531594624,0.03538310312761617,-0.031584740932167676,48.42713768707072,17.348919591256667,2.791363314144158,-14.76605485970942,225.67094956064722,-1.4971048133415792,0.011968383781409297,1.027767064359109,34.67204308874858,18.580110920145255,1.8660837514783535,-14.76605485970942,33.987816254029426,3.191807813042132,0.22920688962117608,1.027767064359109,zz2000_and_cyb,below,48.0,11.0,0.75,352.0,-0.04591813529512819,False
zz2000_and_cyb_below_ma56_days18:scale0.75,39.155600728922344,14.024610539950466,2.7919207180394645,-17.60868647176206,19106.081900982397,-0.5861902619207982,-0.0185434533500759,1.0658141036401503e-14,34.85733109598572,15.630243174524027,2.230120843724314,-17.60868647176206,1883.8146120825627,-0.2336181869482914,0.00422118642522662,-2.4868995751603507e-14,36.778160963544316,18.21199946134798,2.019446631414634,-17.60868647176209,376.1637621811125,-0.3161572542294664,-0.005898773650875988,-1.0658141036401503e-14,49.40479408233711,17.883347644057388,2.762614420167259,-15.851347657743487,232.12640879629834,-0.5194484180751857,-0.01678051019548965,-0.05752573367495728,31.388850915524124,19.24319926613201,1.631165924200995,-15.851347657743498,30.77652480519344,-0.09138436018232454,-0.005710937656182358,-0.05752573367496794,zz2000_and_cyb,below,56.0,18.0,0.75,204.0,-0.046634307523180936,False
zz2000_and_cyb_below_ma53_days20:scale0.75,39.26496559136301,14.043439038212874,2.7959651111470025,-17.608686471762034,19347.68251945357,-0.47682539948013414,-0.014499060242537887,3.552713678800501e-14,34.762435772372925,15.645608922638527,2.2218653134090016,-17.60868647176207,1869.9124727452909,-0.3285135105610877,-0.004034343890085612,-3.552713678800501e-14,36.73556695206239,18.23129617518208,2.014972857611179,-17.608686471762034,375.4253481202257,-0.3587512657113905,-0.010372547454331027,4.618527782440651e-14,49.57895329542647,17.90207394836787,2.769453049876748,-15.79382192406853,233.28524298088365,-0.34528920498582494,-0.009941880486000532,0.0,31.48023527570645,19.23188970976682,1.6368768618571774,-15.79382192406853,30.86592630275138,0.0,0.0,0.0,zz2000_and_cyb,below,53.0,20.0,0.75,166.0,-0.04667120770644354,False
zz2000_and_cyb_below_ma52_days20:scale0.50,38.89829278424153,13.984179948167814,2.7815926946319025,-17.60868647176207,18548.70478325158,-0.8434982066016161,-0.028871476757637904,0.0,34.60362360844697,15.573880724976984,2.2219011574263945,-17.60868647176205,1846.8425591906876,-0.4873256744870389,-0.00399849987269274,-1.4210854715202004e-14,36.54957211146099,18.17129883952115,2.0113901837313106,-17.60868647176205,372.2116398487211,-0.5447461063127932,-0.013955221334199575,3.197442310920451e-14,49.553952886185,17.859668988794812,2.7746288532713144,-15.245302687262786,233.1187281542017,-0.3702896142272962,-0.004766077091434173,0.5485192368057437,32.35165769324162,19.231291327953805,1.682240528810283,-15.245302687262807,31.71838724635021,0.8714224175351717,0.045363666953105675,0.5485192368057223,zz2000_and_cyb,below,52.0,20.0,0.5,163.0,-0.047035534866562305,False
zz2000_and_cyb_below_ma55_days18:scale0.75,39.242653384685596,14.028764866263932,2.797299246140726,-17.60868647176206,19298.162003833724,-0.49913760615754654,-0.01316492524881463,1.0658141036401503e-14,34.84209213056906,15.63059151435634,2.2290961988589744,-17.608686471762034,1881.5761741743813,-0.24885715236495543,0.003196541559887134,0.0,36.778160963544316,18.21199946134798,2.019446631414634,-17.60868647176209,376.1637621811125,-0.3161572542294664,-0.005898773650875988,-1.0658141036401503e-14,49.40479408233711,17.883347644057388,2.762614420167259,-15.851347657743487,232.12640879629834,-0.5194484180751857,-0.01678051019548965,-0.05752573367495728,31.388850915524124,19.24319926613201,1.631165924200995,-15.851347657743498,30.77652480519344,-0.09138436018232454,-0.005710937656182358,-0.05752573367496794,zz2000_and_cyb,below,55.0,18.0,0.75,200.0,-0.0476037989183501,False
zz2000_and_cyb_below_ma54_days18:scale0.75,39.242653384685596,14.028764866263932,2.797299246140726,-17.60868647176206,19298.162003833724,-0.49913760615754654,-0.01316492524881463,1.0658141036401503e-14,34.84209213056906,15.63059151435634,2.2290961988589744,-17.608686471762034,1881.5761741743813,-0.24885715236495543,0.003196541559887134,0.0,36.778160963544316,18.21199946134798,2.019446631414634,-17.60868647176209,376.1637621811125,-0.3161572542294664,-0.005898773650875988,-1.0658141036401503e-14,49.40479408233711,17.883347644057388,2.762614420167259,-15.851347657743487,232.12640879629834,-0.5194484180751857,-0.01678051019548965,-0.05752573367495728,31.388850915524124,19.24319926613201,1.631165924200995,-15.851347657743498,30.77652480519344,-0.09138436018232454,-0.005710937656182358,-0.05752573367496794,zz2000_and_cyb,below,54.0,18.0,0.75,200.0,-0.0476037989183501,False
zz2000_and_cyb_below_ma58_days17:scale0.75,38.95209788890306,13.968508539645288,2.7885652772699094,-17.60868647176206,18663.98783019703,-0.789693101940081,-0.021898894119630974,1.0658141036401503e-14,34.70758374035307,15.563680637240596,2.2300370040557866,-17.608686471762013,1861.9167089733562,-0.3833655425809397,0.0041373467566994115,2.1316282072803006e-14,36.57099141744935,18.092424131587546,2.021342809093232,-17.60868647176208,372.58084569368305,-0.5233268003244333,-0.0040025959722780335,0.0,49.33249859383375,17.698693938277426,2.7873524886003636,-15.85118849098408,231.64615213455698,-0.5917439065785501,0.007957558237615014,-0.057366566915550976,31.49946891042237,19.178965569165577,1.6423966556916252,-15.851188490984091,30.884742469587522,0.019233634715920545,0.005519793834447784,-0.057366566915561634,zz2000_and_cyb,below,58.0,17.0,0.75,248.0,-0.04762961784632501,False
zz2000_and_cyb_below_ma65_days17:scale0.00,37.27654280637187,13.763347617909302,2.7083921616472475,-17.60868647176205,15369.85879221858,-2.465248184471271,-0.10207200974229291,2.1316282072803006e-14,34.42664610073225,15.317919816417799,2.2474752781923857,-17.60868647176206,1821.4205202683522,-0.6643031822017633,0.021575620893298453,-2.4868995751603507e-14,36.33043369107432,17.859984970870745,2.0341805298452647,-17.60868647176206,368.4475666510535,-0.7638845266994636,0.008835124779754455,2.1316282072803006e-14,48.967034192840984,17.40289938832926,2.813728511565106,-15.793821924068519,229.22545592695488,-0.9572083075713138,0.03433358120235752,1.0658141036401503e-14,31.891826930524083,19.097826062274958,1.6699192267502034,-15.793821924068553,31.268574052158815,0.4115916548176344,0.03304236489302603,-2.3092638912203256e-14,zz2000_and_cyb,below,65.0,17.0,0.0,249.0,-0.04779518122782476,False
zz2000_and_cyb_below_ma64_days17:scale0.00,37.27654280637187,13.763347617909302,2.7083921616472475,-17.60868647176205,15369.85879221858,-2.465248184471271,-0.10207200974229291,2.1316282072803006e-14,34.42664610073225,15.317919816417799,2.2474752781923857,-17.60868647176206,1821.4205202683522,-0.6643031822017633,0.021575620893298453,-2.4868995751603507e-14,36.33043369107432,17.859984970870745,2.0341805298452647,-17.60868647176206,368.4475666510535,-0.7638845266994636,0.008835124779754455,2.1316282072803006e-14,48.967034192840984,17.40289938832926,2.813728511565106,-15.793821924068519,229.22545592695488,-0.9572083075713138,0.03433358120235752,1.0658141036401503e-14,31.891826930524083,19.097826062274958,1.6699192267502034,-15.793821924068553,31.268574052158815,0.4115916548176344,0.03304236489302603,-2.3092638912203256e-14,zz2000_and_cyb,below,64.0,17.0,0.0,248.0,-0.04779518122782476,False
zz2000_and_cyb_below_ma50_days22:scale0.75,39.38782354934982,14.065420668061822,2.800330290780941,-17.60868647176208,19622.48688764935,-0.3539674414933245,-0.010133880608599544,-1.0658141036401503e-14,34.85071517597105,15.672131060468583,2.223738114587273,-17.608686471762113,1882.8425261987243,-0.24023410696296565,-0.002161542711814235,-7.815970093361102e-14,36.75458679637422,18.258739702724203,2.012985966982729,-17.608686471762034,375.75496486182874,-0.3397314213995628,-0.012359438082781171,4.618527782440651e-14,49.504709764240815,17.911365535210454,2.7638713344844454,-15.783714889348033,232.79090707673,-0.4195327361714831,-0.015523595878303098,0.010107034720496344,31.496291244070495,19.24147374221814,1.636895991753677,-15.783714889348023,30.881633778035212,0.016055968364046436,1.9129896499547883e-05,0.010107034720507002,zz2000_and_cyb,below,50.0,22.0,0.75,131.0,-0.04860141636591554,False
zz2000_and_cyb_below_ma51_days20:scale0.00,38.19981714025942,13.937846983863134,2.7407258226099156,-17.721104274447054,17111.133090812284,-1.541973850583723,-0.06973834877962481,-0.11241780268498403,34.34037306359825,15.512933742453047,2.2136607835577617,-17.721104274447008,1809.1364243126452,-0.7505762193357626,-0.012238873741325484,-0.11241780268497337,36.31739840059207,18.120647151351857,2.0041998554054223,-17.721104274447054,368.22442155203294,-0.7769198171817138,-0.02114554966008786,-0.11241780268497337,49.77650368356903,17.82486606011668,2.792531709113061,-14.7660548597094,234.6029728861043,-0.1477388168432654,0.013136778750312494,1.0277670643591303,33.22611595025813,19.241090495972465,1.7268312290934342,-14.76605485970942,32.573721432401825,1.7458806745516782,0.08995436723625683,1.027767064359109,zz2000_and_cyb,below,51.0,20.0,0.0,163.0,-0.04894553191671389,False
zz2000_and_cyb_below_ma62_days17:scale0.25,37.67743089260367,13.784208974976615,2.7333763555821013,-17.60868647176208,16104.592606080636,-2.064360098239476,-0.07708781580743906,-1.0658141036401503e-14,34.258979352595695,15.348965203150794,2.2320057996849916,-17.60868647176205,1797.611916651251,-0.8319699303383175,0.006106142385904345,-1.4210854715202004e-14,36.16688522663048,17.86082964027048,2.0249275064516414,-17.608686471762102,365.6540049964128,-0.9274329911433057,-0.00041789861386876126,-2.1316282072803006e-14,49.34488356872468,17.43142559712431,2.830800228804303,-15.793821924068506,231.7283923062708,-0.5793589316876151,0.0514052984415545,2.3092638912203256e-14,31.796462363045762,19.101476647718673,1.6646075562353593,-15.793821924068506,31.175283677279953,0.31622708733931404,0.027730694378181875,2.3092638912203256e-14,zz2000_and_cyb,below,62.0,17.0,0.25,245.0,-0.04915004410243694,False
zz2000_and_cyb_below_ma58_days14:scale0.75,39.18982623782639,13.892788775689022,2.8208754102995237,-17.60868647176206,19181.386239039868,-0.5519647530167546,0.0104112389099833,1.0658141036401503e-14,34.82028475809307,15.482451903955518,2.2490161748344937,-17.60868647176208,1878.3768624031272,-0.27066452484094583,0.023116517535406444,-4.618527782440651e-14,36.776706025520745,17.976842693984306,2.0457822684195563,-17.60868647176206,376.13852411706057,-0.31761219225303705,0.020436863354046153,2.1316282072803006e-14,48.61406852295791,17.63889968421276,2.7560714893383444,-15.519793617647771,226.89873676387475,-1.3101739774543901,-0.02332344102440409,0.2740283064207585,30.40779751813567,19.052925761888297,1.5959647299398292,-15.519793617647725,29.816691175521083,-1.0724377575707784,-0.040912131917348216,0.27402830642080467,zz2000_and_cyb,below,58.0,14.0,0.75,317.0,-0.0494969156240494,False
zz2000_and_cyb_below_ma50_days19:scale0.00,38.17317327659313,13.915138090814711,2.7432838271142264,-17.608686471762034,17058.408843225014,-1.56861771425001,-0.06718034427531405,3.552713678800501e-14,34.63310404892101,15.486521849386214,2.2363384358182175,-17.60868647176208,1851.1065798484747,-0.4578452340129999,0.01043877851913022,-4.618527782440651e-14,36.42826396068541,18.092521884735042,2.013443133730325,-17.60868647176206,370.1249920487988,-0.6660542570883692,-0.011902271335185066,2.1316282072803006e-14,49.208171799221475,17.804010937185318,2.7638812384936067,-14.766054859709431,230.82133435145403,-0.716070701190823,-0.015513691869141866,1.0277670643590984,33.301781539736,19.240643810965654,1.7308039100415444,-14.76605485970942,32.64772771921722,1.8215462640295499,0.09392704818436703,1.027767064359109,zz2000_and_cyb,below,50.0,19.0,0.0,176.0,-0.050042981615578595,False
zz2000_and_cyb_below_ma63_days15:scale0.50,38.76278447660268,13.756849505507624,2.817707968752861,-17.60868647176206,18261.298192982493,-0.97900651424046,0.007243797363320592,1.0658141036401503e-14,34.687188965199,15.32474052358072,2.263476429622061,-17.608686471762024,1858.9512253616067,-0.40376031773501353,0.03757677232297363,1.0658141036401503e-14,36.67437365729307,17.80447820546974,2.0598398466980226,-17.60868647176209,374.36609736863556,-0.41994456048071527,0.03449444163251236,-1.0658141036401503e-14,48.397588872024414,17.489243506020927,2.767277432861109,-15.79382192406853,225.47715027441225,-1.5266536283878835,-0.012117497501639374,0.0,30.828940185236164,19.072579907700327,1.6164011546644168,-15.793821924068496,30.22873978775904,-0.6512950904702848,-0.020475707192760595,3.375077994860476e-14,zz2000_and_cyb,below,63.0,15.0,0.5,283.0,-0.050266887915528045,False
zz2000_and_cyb_below_ma51_days22:scale0.50,39.12072213648599,14.011277945283826,2.792088079992301,-17.60868647176206,19029.62424681618,-0.621068854357155,-0.018376091397239502,1.0658141036401503e-14,34.72531572000317,15.604447508622144,2.2253473377263697,-17.60868647176205,1864.4982936629085,-0.3656335629308458,-0.0005523195727175079,-1.4210854715202004e-14,36.65593052574088,18.215322551716838,2.0123679073849816,-17.608686471762034,374.04721855179946,-0.4383876920329044,-0.012977497680528582,4.618527782440651e-14,49.52755029218976,17.869304232938358,2.771655216485485,-15.77371648147523,232.9429342204633,-0.3966922082225395,-0.0077397138772634655,0.020105442593299827,31.51217468155214,19.25171940369406,1.6368498844578796,-15.773716481475219,30.897172434909592,0.03193940584569077,-2.697739929780063e-05,0.020105442593310485,zz2000_and_cyb,below,51.0,22.0,0.5,133.0,-0.05042946011025405,False
zz2000_and_cyb_below_ma65_days16:scale0.00,37.59825378528072,13.684563319458887,2.7474938664515185,-17.83102233245104,15956.937286277276,-2.143537205562424,-0.06297030493802191,-0.22233586068897182,34.551914701238864,15.226643062038164,2.269174798441352,-17.831022332451006,1839.383685885964,-0.5390345816951481,0.04327514114226494,-0.22233586068897182,36.49258037904046,17.71975517455938,2.059429152352715,-17.83102233245104,371.2303927310753,-0.601737838733321,0.03408374728720487,-0.22233586068896116,48.514630325727445,17.37948672754558,2.7914880966440907,-15.793821924068506,226.24523036283207,-1.4096121746848524,0.01209316628134216,2.3092638912203256e-14,32.37297013883897,19.09215631288185,1.695616231519972,-15.793821924068506,31.73923474396552,0.8927348631325245,0.058739369662794694,2.3092638912203256e-14,zz2000_and_cyb,below,65.0,16.0,0.0,269.0,-0.05073569499264272,False
zz2000_and_cyb_below_ma53_days19:scale0.75,39.25670056959645,14.031649056290544,2.7977253715590353,-17.60868647176205,19329.32503390644,-0.48509042124669577,-0.012738799830505076,2.1316282072803006e-14,34.8235006890095,15.631460022685605,2.227782986264296,-17.608686471762102,1878.8483721795221,-0.26744859392451303,0.0018833289652087082,-6.750155989720952e-14,36.738154070011774,18.21206454952005,2.017242689323762,-17.60868647176207,375.4701725314609,-0.35616414776200855,-0.008102715741748145,1.0658141036401503e-14,49.389591599441715,17.88119183386988,2.762097295208802,-15.793821924068519,232.02538077466346,-0.5346509009705827,-0.017297635153946445,1.0658141036401503e-14,31.48023527570645,19.23188970976682,1.6368768618571774,-15.79382192406853,30.86592630275138,0.0,0.0,0.0,zz2000_and_cyb,below,53.0,19.0,0.75,180.0,-0.05096049548861995,False
zz2000_and_cyb_below_ma56_days19:scale0.50,38.68541296712531,13.955834140179132,2.771988587607903,-17.60868647176207,18099.06407413431,-1.0563780237178335,-0.03847558378163729,0.0,34.72149576505667,15.546727893684514,2.233363573511919,-17.60868647176206,1863.9418912908284,-0.36945351787733927,0.007463916212831823,-2.4868995751603507e-14,36.66547933467537,18.158139124892024,2.019231105263018,-17.60868647176206,374.2122945449081,-0.42883888309841467,-0.00611429980249234,2.1316282072803006e-14,49.37812786581324,17.857292852351307,2.7651519339512607,-15.793821924068519,231.94921211953218,-0.5461146345990571,-0.014242996411487852,1.0658141036401503e-14,31.48023527570645,19.23188970976682,1.6368768618571774,-15.79382192406853,30.86592630275138,0.0,0.0,0.0,zz2000_and_cyb,below,56.0,19.0,0.5,188.0,-0.05165366865630574,False
zz2000_and_cyb_below_ma52_days21:scale0.75,39.312164504061386,14.057976263466266,2.796431276258836,-17.60868647176208,19452.828133247596,-0.42962648678175697,-0.014032895130704492,-1.0658141036401503e-14,34.78258464451609,15.663827647852985,2.2205673751322004,-17.60868647176205,1872.8569239643732,-0.3083646384179204,-0.005332282166886859,-1.4210854715202004e-14,36.59706370659204,18.245783550616494,2.0057819717671417,-17.60868647176206,373.0305666133357,-0.4972545111817439,-0.019563433298368516,2.1316282072803006e-14,49.629665287921476,17.906490061779053,2.7716020904540493,-15.71603479038629,233.62317952495903,-0.2945772124908217,-0.007792839908699278,0.07778713368223933,31.60380826493343,19.239790298486692,1.6426274805822199,-15.716034790386313,30.986816307931054,0.12357298922698234,0.005750618725042456,0.07778713368221624,zz2000_and_cyb,below,52.0,21.0,0.75,148.0,-0.051753584494409796,False
zz2000_and_cyb_below_ma57_days20:scale0.75,39.18228432045447,14.041229064030775,2.7905167091695127,-17.60868647176209,19164.768479808794,-0.5595066703886715,-0.019947462220027745,-2.1316282072803006e-14,34.78442977517795,15.648035783882788,2.2229262672702554,-17.608686471762102,1873.1267595978827,-0.3065195077560645,-0.0029733900288317905,-6.750155989720952e-14,36.69686784938422,18.232582569756318,2.0127081673144827,-17.608686471762034,374.755250434376,-0.3974503683895634,-0.012637237751027541,4.618527782440651e-14,49.50840319048988,17.904355202789656,2.765159796582679,-15.793821924068506,232.81548748523755,-0.41583930992241847,-0.014235133780069464,2.3092638912203256e-14,31.279659285302852,19.23312123754262,1.6263433739629147,-15.793821924068506,30.669701025380803,-0.2005759904035962,-0.010533487894262672,2.3092638912203256e-14,zz2000_and_cyb,below,57.0,20.0,0.75,177.0,-0.05258360475356566,False
zz2000_and_cyb_below_ma58_days18:scale0.50,38.568881380114696,13.877946154585889,2.779149086651401,-17.60868647176206,17857.251721902474,-1.1729096107284462,-0.031315084738139376,1.0658141036401503e-14,34.62177838141598,15.440980215569377,2.2422008122584285,-17.608686471762013,1849.4674537728301,-0.46917090151803365,0.016301154959341257,2.1316282072803006e-14,36.49641974223419,17.962191354725146,2.031846728580442,-17.60868647176208,371.2964451820486,-0.5978984755395942,0.006501323514931823,0.0,48.95586553418385,17.526923848768764,2.793180706243721,-15.908884850442861,229.1516647777419,-0.9683769662284476,0.013785775880972295,-0.11506292637433191,32.24713170802165,19.18122966879745,1.6811816689979373,-15.908884850442828,31.616140746861632,0.7668964323151997,0.044304807140759905,-0.11506292637429816,zz2000_and_cyb,below,58.0,18.0,0.5,230.0,-0.052901898857286,False
zz2000_and_cyb_below_ma49_days20:scale0.25,38.547400142485124,13.99210989165865,2.7549383503244944,-17.60868647176205,17813.00644467392,-1.1943908483580188,-0.055525821065046,2.1316282072803006e-14,34.498057289367324,15.591975206845657,2.212552087321236,-17.60868647176209,1831.6422472666038,-0.5928919935666883,-0.013347569977851137,-5.684341886080802e-14,36.37423463707634,18.11866523668878,2.0075559740141102,-17.60868647176209,369.19799752902344,-0.720083580697441,-0.017789431051399962,-1.0658141036401503e-14,49.55396878071265,17.807378739397688,2.7827772692382657,-14.970349556172913,233.1188340018563,-0.3702737196996466,0.003382338875517199,0.8234723678956168,32.7885076575432,19.234891816233848,1.7046369675898245,-14.970349556172879,32.14569551531687,1.3082723818367512,0.06776010573264712,0.8234723678956506,zz2000_and_cyb,below,49.0,20.0,0.25,146.0,-0.05335714903985467,False
zz2000_and_cyb_below_ma55_days19:scale0.50,38.85929931402823,13.962530375293772,2.7831129651677213,-17.60868647176206,18465.572406365627,-0.8824916768149151,-0.02735120622181908,1.0658141036401503e-14,34.691067441782586,15.547345751793278,2.231317679275333,-17.60868647176207,1859.5148608946292,-0.39988184115142644,0.005418021976245857,-3.552713678800501e-14,36.66547933467537,18.158139124892024,2.019231105263018,-17.60868647176206,374.2122945449081,-0.42883888309841467,-0.00611429980249234,2.1316282072803006e-14,49.37812786581324,17.857292852351307,2.7651519339512607,-15.793821924068519,231.94921211953218,-0.5461146345990571,-0.014242996411487852,1.0658141036401503e-14,31.48023527570645,19.23188970976682,1.6368768618571774,-15.79382192406853,30.86592630275138,0.0,0.0,0.0,zz2000_and_cyb,below,55.0,19.0,0.5,184.0,-0.05358946547282154,False
zz2000_and_cyb_below_ma54_days19:scale0.50,38.85929931402823,13.962530375293772,2.7831129651677213,-17.60868647176206,18465.572406365627,-0.8824916768149151,-0.02735120622181908,1.0658141036401503e-14,34.691067441782586,15.547345751793278,2.231317679275333,-17.60868647176207,1859.5148608946292,-0.39988184115142644,0.005418021976245857,-3.552713678800501e-14,36.66547933467537,18.158139124892024,2.019231105263018,-17.60868647176206,374.2122945449081,-0.42883888309841467,-0.00611429980249234,2.1316282072803006e-14,49.37812786581324,17.857292852351307,2.7651519339512607,-15.793821924068519,231.94921211953218,-0.5461146345990571,-0.014242996411487852,1.0658141036401503e-14,31.48023527570645,19.23188970976682,1.6368768618571774,-15.79382192406853,30.86592630275138,0.0,0.0,0.0,zz2000_and_cyb,below,54.0,19.0,0.5,184.0,-0.05358946547282154,False
zz2000_and_cyb_below_ma53_days18:scale0.75,39.23213847437217,14.029038838827804,2.7964951074046787,-17.60868647176206,19274.86582290697,-0.5096525164709718,-0.013969063984861751,1.0658141036401503e-14,34.825874000231224,15.630973365254274,2.2280041803183446,-17.608686471762034,1879.196404531021,-0.2650752827027887,0.0021045230192573428,0.0,36.74517962386561,18.2126676315334,2.017561642658269,-17.60868647176209,375.5919143353039,-0.34913859390817237,-0.007783762407241213,-1.0658141036401503e-14,49.344755572339125,17.88456372183302,2.7590695719404277,-15.851347657743487,231.7275423001663,-0.5794869280731731,-0.02032535842232086,-0.05752573367495728,31.388850915524124,19.24319926613201,1.631165924200995,-15.851347657743498,30.77652480519344,-0.09138436018232454,-0.005710937656182358,-0.05752573367496794,zz2000_and_cyb,below,53.0,18.0,0.75,196.0,-0.05460696532908247,False
zz2000_and_cyb_below_ma52_days19:scale0.50,38.883647784769934,13.963573233515653,2.7846488240875633,-17.608686471762102,18517.44146178477,-0.8581432060732084,-0.0258153473019771,-3.197442310920451e-14,34.728686665207206,15.548857733464983,2.233520124791064,-17.60868647176207,1864.989412537302,-0.362262617726806,0.007620467491976868,-3.552713678800501e-14,36.561083815301984,18.13799912658848,2.015717586054303,-17.60868647176206,372.4100390997811,-0.5332344024717983,-0.00962781901120735,2.1316282072803006e-14,49.18799894362422,17.823401830576884,2.7597424673016064,-15.221090837728635,230.68763100506172,-0.7362435567880752,-0.0196524630611421,0.5727310863398944,32.390124880369584,19.227622647214854,1.6845621257842471,-15.221090837728635,31.756015199419572,0.9098896046631353,0.04768526392706973,0.5727310863398944,zz2000_and_cyb,below,52.0,19.0,0.5,178.0,-0.05467489266928845,False
zz2000_and_cyb_below_ma56_days21:scale0.75,39.202861175761264,14.04806278757285,2.790624000516339,-17.60868647176207,19210.138922799295,-0.5389298150818789,-0.019840170873201224,0.0,34.76357239277084,15.655219849400096,2.220573886996737,-17.60868647176207,1870.0784672183875,-0.3273768901631726,-0.005325770302350374,-3.552713678800501e-14,36.617489199565625,18.244616305531483,2.0070298320531834,-17.60868647176206,373.3831248595716,-0.47682901820815715,-0.01831557301232678,2.1316282072803006e-14,49.591857810866856,17.905047570230888,2.7697138260229357,-15.793821924068519,233.3712149719401,-0.3323846895454423,-0.00968110433981284,1.0658141036401503e-14,31.48023527570645,19.23188970976682,1.6368768618571774,-15.79382192406853,30.86592630275138,0.0,0.0,0.0,zz2000_and_cyb,below,56.0,21.0,0.75,160.0,-0.054805010303516234,False
zz2000_and_cyb_below_ma65_days22:scale0.75,39.30331279280668,14.019069709657186,2.803560693170116,-17.60868647176205,19433.06856619639,-0.4384781980364636,-0.006903478219424386,2.1316282072803006e-14,34.81090047507791,15.61363245283546,2.2295196572759206,-17.608686471762034,1877.0015459578303,-0.28004880785610453,0.003619999976833377,0.0,36.629264924630434,18.185445830303355,2.014207694792568,-17.60868647176206,373.58647751179427,-0.46505329314334887,-0.011137710272942414,2.1316282072803006e-14,49.26660194986587,17.77559239292945,2.7715870650512056,-15.793821924068519,231.20880562117262,-0.6576405505464251,-0.007807865311542983,1.0658141036401503e-14,31.279659285302852,19.23312123754262,1.6263433739629147,-15.793821924068506,30.669701025380803,-0.2005759904035962,-0.010533487894262672,2.3092638912203256e-14,zz2000_and_cyb,below,65.0,22.0,0.75,168.0,-0.0553585365686506,False
zz2000_and_cyb_below_ma64_days22:scale0.75,39.30331279280668,14.019069709657186,2.803560693170116,-17.60868647176205,19433.06856619639,-0.4384781980364636,-0.006903478219424386,2.1316282072803006e-14,34.81090047507791,15.61363245283546,2.2295196572759206,-17.608686471762034,1877.0015459578303,-0.28004880785610453,0.003619999976833377,0.0,36.629264924630434,18.185445830303355,2.014207694792568,-17.60868647176206,373.58647751179427,-0.46505329314334887,-0.011137710272942414,2.1316282072803006e-14,49.26660194986587,17.77559239292945,2.7715870650512056,-15.793821924068519,231.20880562117262,-0.6576405505464251,-0.007807865311542983,1.0658141036401503e-14,31.279659285302852,19.23312123754262,1.6263433739629147,-15.793821924068506,30.669701025380803,-0.2005759904035962,-0.010533487894262672,2.3092638912203256e-14,zz2000_and_cyb,below,64.0,22.0,0.75,167.0,-0.0553585365686506,False
zz2000_and_cyb_below_ma61_days13:scale0.75,38.9940435807264,13.842633764578085,2.816952629383886,-17.60868647176207,18754.32376880145,-0.7477474101167445,0.006488457994345609,0.0,34.67198172154551,15.421241418190299,2.24832623919938,-17.60868647176208,1856.742655895312,-0.41896756138850577,0.022426581900292675,-4.618527782440651e-14,36.670634736187104,17.888948233541825,2.049904458185505,-17.60868647176206,374.30143816442205,-0.42368348158667857,0.024559053119994623,2.1316282072803006e-14,48.608157698604714,17.529076296324405,2.77300166174741,-15.937982813776086,226.85986657940683,-1.316084801807584,-0.00639326861533851,-0.1441608897075568,30.816602043469345,18.891059568129933,1.631279703096079,-15.937982813776163,30.216668395984247,-0.6636332322371032,-0.005597158761098342,-0.1441608897076332,zz2000_and_cyb,below,61.0,13.0,0.75,344.0,-0.05604795135213161,False
zz2000_and_cyb_below_ma62_days13:scale0.75,39.026061839696126,13.841084975469178,2.819581117294111,-17.608686471762034,18823.553709535136,-0.7157291511470163,0.009116945904570795,3.552713678800501e-14,34.67196072067149,15.421342696485873,2.2483101117111115,-17.60868647176208,1856.739607458725,-0.4189885622625198,0.022410454412024272,-4.618527782440651e-14,36.67059200570711,17.88912349793229,2.0498819861099213,-17.60868647176206,374.30069924361754,-0.4237262120666756,0.024536581044411143,2.1316282072803006e-14,48.60808026064274,17.52937456399993,2.7729500606638378,-15.937982813776141,226.8593573598764,-1.316162239769561,-0.006444869698910782,-0.14416088970761187,30.816602043469345,18.891059568129933,1.631279703096079,-15.937982813776163,30.216668395984247,-0.6636332322371032,-0.005597158761098342,-0.1441608897076332,zz2000_and_cyb,below,62.0,13.0,0.75,343.0,-0.05609788759753428,False
zz2000_and_cyb_below_ma56_days15:scale0.75,39.19623490079922,13.961071192139999,2.80753778570132,-17.60868647176207,19195.517557262057,-0.5455560900439238,-0.0029263856882204564,0.0,34.8512554229474,15.569356803054696,2.2384518425391606,-17.608686471762024,1882.921889326513,-0.23969385998660897,0.012552185240073399,1.0658141036401503e-14,36.69057856859288,18.127414629822955,2.024038138799456,-17.60868647176205,374.6464191965214,-0.4037396491808991,-0.0013072662660542633,3.197442310920451e-14,49.10400565547115,17.844171704331327,2.7518231985826556,-15.71603479038629,230.1313198322322,-0.8202368449411495,-0.02757173178009298,0.07778713368223933,30.85189092805065,19.210900637830857,1.605957550334517,-15.716034790386313,30.251194284872685,-0.6283443476557977,-0.030919311522660475,0.07778713368221624,zz2000_and_cyb,below,56.0,15.0,0.75,266.0,-0.05663765682326124,False
zz2000_and_cyb_below_ma58_days15:scale0.75,39.129676423106076,13.92171851573368,2.8106929743539584,-17.608686471762102,19049.2257519996,-0.6121145677370663,0.00022880296441796233,-3.197442310920451e-14,34.7485670974373,15.513100574652444,2.2399498366054917,-17.60868647176207,1867.8880752801624,-0.3423821854967102,0.014050179306404509,-3.552713678800501e-14,36.59349220760206,18.025654859307462,2.030078379577272,-17.608686471762127,372.9689416146275,-0.5008260101717212,0.0047329745117616895,-4.618527782440651e-14,48.92768957593346,17.671173016586604,2.7687856108934423,-15.716034790386313,228.96555558514427,-0.9965529244788414,-0.010609319469306211,0.07778713368221624,31.28104564872245,19.146178888206578,1.6338009704897594,-15.71603479038628,30.671057334656517,-0.19918962698399767,-0.0030758913674180377,0.07778713368224999,zz2000_and_cyb,below,58.0,15.0,0.75,291.0,-0.057037068429598305,False
zz2000_and_cyb_below_ma47_days11:scale0.75,38.75791547801055,13.813709813763683,2.8057571789580376,-17.640271212694238,18251.048950032797,-0.98387551283259,-0.004706992431502854,-0.031584740932167676,34.28721736619708,15.38631177276979,2.2284234111827583,-17.640271212694223,1801.603015471379,-0.803731916736929,0.002523753883671098,-0.03158474093218899,36.54913702731384,17.75115456625685,2.05897238350851,-17.64027121269418,372.2041426674486,-0.5451811904599424,0.03362697844299989,-0.031584740932100175,48.35266001624052,17.34951989856744,2.786973950802698,-14.766054859709431,225.18262632621582,-1.5715824841717776,0.007579020439949513,1.0277670643590984,34.67204308874858,18.580110920145255,1.8660837514783535,-14.76605485970942,33.987816254029426,3.191807813042132,0.22920688962117608,1.027767064359109,zz2000_and_cyb,below,47.0,11.0,0.75,353.0,-0.05704185808101163,False
zz2000_and_cyb_below_ma55_days12:scale0.75,38.968004852200686,13.820782517554985,2.819522324637119,-17.60868647176209,18698.19785854599,-0.7737861386424569,0.009058153247578637,-2.1316282072803006e-14,34.6156673897676,15.388799082030339,2.2494066759367,-17.60868647176206,1848.5835451379028,-0.4752818931664109,0.02350701863761273,-2.4868995751603507e-14,36.71038741539918,17.846691328600073,2.0569856193214506,-17.60868647176208,374.9892638008848,-0.3839308023746,0.031640214255940435,0.0,48.38934327532793,17.47233861936412,2.7694829140787904,-15.70757360048114,225.42308428495397,-1.5348992250843665,-0.009912016283958103,0.08624832358738921,32.750820071647844,18.77033303972311,1.744818272661345,-15.707573600481151,32.10883205248973,1.2705847959413958,0.10794141080416764,0.08624832358737855,zz2000_and_cyb,below,55.0,12.0,0.75,350.0,-0.05707493297951134,False
zz2000_and_cyb_below_ma50_days12:scale0.50,38.54178270951232,13.601562555213349,2.833629044682048,-17.60868647176207,17801.452983913172,-1.200008281330824,0.023164873292507604,0.0,34.52544414571892,15.126428481228047,2.2824584262283145,-17.608686471762034,1835.5753388707146,-0.5655051372150908,0.05655876892922729,0.0,36.593647688451526,17.45738011967936,2.0961706417333623,-17.608686471762024,372.97162425012465,-0.5006705293222566,0.07082523666785212,5.684341886080802e-14,47.06840292240224,17.020828954704502,2.765341397158726,-14.76605485970941,216.8386960761996,-2.8558395780100554,-0.014053533204022362,1.0277670643591197,36.23724901309468,18.161809808937832,1.9952443833687503,-14.76605485970942,35.51827119840845,4.757013737388235,0.3583675215115729,1.027767064359109,zz2000_and_cyb,below,50.0,12.0,0.5,337.0,-0.05722243038937158,False
zz2000_and_cyb_below_ma55_days15:scale0.75,39.28331297639864,13.96524403973261,2.812934229049877,-17.608686471762034,19388.492106473866,-0.458478014444502,0.0024700576603366997,3.552713678800501e-14,34.83601714408566,15.569706462946481,2.2374228587411107,-17.60868647176206,1880.6844587223611,-0.2549321388483534,0.011523201442023456,-2.4868995751603507e-14,36.69057856859288,18.127414629822955,2.024038138799456,-17.60868647176205,374.6464191965214,-0.4037396491808991,-0.0013072662660542633,3.197442310920451e-14,49.10400565547115,17.844171704331327,2.7518231985826556,-15.71603479038629,230.1313198322322,-0.8202368449411495,-0.02757173178009298,0.07778713368223933,30.85189092805065,19.210900637830857,1.605957550334517,-15.716034790386313,30.251194284872685,-0.6283443476557977,-0.030919311522660475,0.07778713368221624,zz2000_and_cyb,below,55.0,15.0,0.75,262.0,-0.05760929708813926,False
zz2000_and_cyb_below_ma57_days14:scale0.75,39.20468582565129,13.924310733746594,2.8155566602399813,-17.608686471762034,19214.16697053627,-0.5371051651918535,0.0050924888504408905,3.552713678800501e-14,34.84321032025903,15.527477878362381,2.2439710166203635,-17.60868647176207,1881.740346746056,-0.24773896267497975,0.018071359321276237,-3.552713678800501e-14,36.82334150814981,18.054612081750243,2.039553181282203,-17.60868647176206,376.9480182540824,-0.270976709623973,0.014207776216693002,2.1316282072803006e-14,48.69838353577094,17.771267249939594,2.7402876143194836,-15.519793617647759,227.4535358640822,-1.2258589646413611,-0.039107316043264895,0.2740283064207709,30.40779751813567,19.052925761888297,1.5959647299398292,-15.519793617647725,29.816691175521083,-1.0724377575707784,-0.040912131917348216,0.27402830642080467,zz2000_and_cyb,below,57.0,14.0,0.75,300.0,-0.05775494160376878,False
zz2000_and_cyb_below_ma46_days11:scale0.75,38.72956284592539,13.813567269439018,2.8037336113467406,-17.64027121269425,18191.473086006306,-1.0122281449177493,-0.006730560042799816,-0.031584740932178335,34.27193180912758,15.387208588509974,2.2273001377728323,-17.640271212694238,1799.4416516179488,-0.8190174738064329,0.0014004804737450804,-0.031584740932203204,36.54913702731384,17.75115456625685,2.05897238350851,-17.64027121269418,372.2041426674486,-0.5451811904599424,0.03362697844299989,-0.031584740932100175,48.35266001624052,17.34951989856744,2.786973950802698,-14.766054859709431,225.18262632621582,-1.5715824841717776,0.007579020439949513,1.0277670643590984,34.67204308874858,18.580110920145255,1.8660837514783535,-14.76605485970942,33.987816254029426,3.191807813042132,0.22920688962117608,1.027767064359109,zz2000_and_cyb,below,46.0,11.0,0.75,345.0,-0.058062061498060036,False
zz2000_and_cyb_below_ma45_days11:scale0.75,38.77835256480691,13.819230097225535,2.8061152677812617,-17.640271212694202,18294.105031278163,-0.9634384260362339,-0.004348903608278665,-0.03158474093213215,34.27193180912758,15.387208588509974,2.2273001377728323,-17.640271212694238,1799.4416516179488,-0.8190174738064329,0.0014004804737450804,-0.031584740932203204,36.54913702731384,17.75115456625685,2.05897238350851,-17.64027121269418,372.2041426674486,-0.5451811904599424,0.03362697844299989,-0.031584740932100175,48.35266001624052,17.34951989856744,2.786973950802698,-14.766054859709431,225.18262632621582,-1.5715824841717776,0.007579020439949513,1.0277670643590984,34.67204308874858,18.580110920145255,1.8660837514783535,-14.76605485970942,33.987816254029426,3.191807813042132,0.22920688962117608,1.027767064359109,zz2000_and_cyb,below,45.0,11.0,0.75,344.0,-0.058062061498060036,False
zz2000_and_cyb_below_ma60_days20:scale0.75,39.14471941057154,14.002896508038972,2.795473021463724,-17.608686471762024,19082.198190906398,-0.5970715802716029,-0.014991149925816405,4.618527782440651e-14,34.72649289356924,15.59322550133499,2.2270243504524565,-17.60868647176206,1864.6697855754976,-0.36445638936477565,0.0011246931533692717,-2.4868995751603507e-14,36.5790848478798,18.13811501032671,2.0166971500100175,-17.60868647176206,372.72041268237314,-0.5152333698939842,-0.008648255055492715,2.1316282072803006e-14,49.293909487931245,17.743427009781428,2.7781504362577176,-15.93798281377613,231.38999520664117,-0.6303330124810529,-0.0012444941050309133,-0.14416088970760121,31.0509992643496,19.23414293189449,1.6143687490675829,-15.93798281377612,30.445994632476257,-0.4292360113568492,-0.022508112789594525,-0.14416088970759056,zz2000_and_cyb,below,60.0,20.0,0.75,203.0,-0.05829576086179884,False
zz2000_and_cyb_below_ma59_days20:scale0.75,39.14471941057154,14.002896508038972,2.795473021463724,-17.608686471762024,19082.198190906398,-0.5970715802716029,-0.014991149925816405,4.618527782440651e-14,34.72649289356924,15.59322550133499,2.2270243504524565,-17.60868647176206,1864.6697855754976,-0.36445638936477565,0.0011246931533692717,-2.4868995751603507e-14,36.5790848478798,18.13811501032671,2.0166971500100175,-17.60868647176206,372.72041268237314,-0.5152333698939842,-0.008648255055492715,2.1316282072803006e-14,49.293909487931245,17.743427009781428,2.7781504362577176,-15.93798281377613,231.38999520664117,-0.6303330124810529,-0.0012444941050309133,-0.14416088970760121,31.0509992643496,19.23414293189449,1.6143687490675829,-15.93798281377612,30.445994632476257,-0.4292360113568492,-0.022508112789594525,-0.14416088970759056,zz2000_and_cyb,below,59.0,20.0,0.75,202.0,-0.05829576086179884,False
zz2000_and_cyb_below_ma63_days19:scale0.50,38.654287588172906,13.901945664262346,2.7804947970370266,-17.60868647176207,18034.17946445369,-1.0875034026702366,-0.02996937435251379,0.0,34.57462432986069,15.473720621093012,2.234409239800431,-17.608686471762034,1842.6563169537733,-0.5163249530733225,0.008509582501343704,0.0,36.49711880011501,18.017583475272506,2.025638945988733,-17.60868647176208,371.30847257867225,-0.5971994176587714,0.00029354092322275704,0.0,49.0718467136688,17.617665836861526,2.785377312072496,-15.79382192406854,229.91848711529173,-0.8523957867435001,0.0059823817097472975,-1.0658141036401503e-14,31.079239021138072,19.234939955332063,1.6157700046535721,-15.79382192406853,30.47362297217735,-0.4009962545683763,-0.021106857203605278,0.0,zz2000_and_cyb,below,63.0,19.0,0.5,211.0,-0.05883282817912251,False
zz2000_and_cyb_below_ma49_days19:scale0.00,38.148571483852066,13.970586324857376,2.730634963829374,-17.60868647176205,17009.859992905298,-1.5932195069910762,-0.07982920756016654,2.1316282072803006e-14,34.594925123070475,15.56576736967839,2.222500458953297,-17.608686471762013,1845.5860224256894,-0.49602415986353776,-0.0033991983457903885,2.1316282072803006e-14,36.42024960258716,18.09256109267103,2.0129958061791675,-17.60868647176206,369.9873953269776,-0.67406861518662,-0.012349598886342683,2.1316282072803006e-14,49.193563581081,17.8040976824149,2.763047274766947,-14.766054859709444,230.72450918392354,-0.7306789193312966,-0.016347655595801758,1.027767064359086,33.301781539736,19.240643810965654,1.7308039100415444,-14.76605485970942,32.64772771921722,1.8215462640295499,0.09392704818436703,1.027767064359109,zz2000_and_cyb,below,49.0,19.0,0.0,161.0,-0.05953977363081807,False
zz2000_and_cyb_below_ma55_days21:scale0.75,39.276808759630335,14.05232955697545,2.7950389720353295,-17.60868647176206,19374.015781380116,-0.464982231212808,-0.015425199354210939,1.0658141036401503e-14,34.72810631285432,15.65572664265272,2.218236630310119,-17.60868647176206,1864.9048521200484,-0.36284297007969,-0.007663026988968369,-2.4868995751603507e-14,36.57635397091064,18.24490307752806,2.004743670902868,-17.60868647176206,372.67331645029066,-0.5179642468631442,-0.020601734162642327,2.1316282072803006e-14,49.591857810866856,17.905047570230888,2.7697138260229357,-15.793821924068519,233.3712149719401,-0.3323846895454423,-0.00968110433981284,1.0658141036401503e-14,31.48023527570645,19.23188970976682,1.6368768618571774,-15.79382192406853,30.86592630275138,0.0,0.0,0.0,zz2000_and_cyb,below,55.0,21.0,0.75,156.0,-0.05962043462240285,False
zz2000_and_cyb_below_ma54_days21:scale0.75,39.276808759630335,14.05232955697545,2.7950389720353295,-17.60868647176206,19374.015781380116,-0.464982231212808,-0.015425199354210939,1.0658141036401503e-14,34.72810631285432,15.65572664265272,2.218236630310119,-17.60868647176206,1864.9048521200484,-0.36284297007969,-0.007663026988968369,-2.4868995751603507e-14,36.57635397091064,18.24490307752806,2.004743670902868,-17.60868647176206,372.67331645029066,-0.5179642468631442,-0.020601734162642327,2.1316282072803006e-14,49.591857810866856,17.905047570230888,2.7697138260229357,-15.793821924068519,233.3712149719401,-0.3323846895454423,-0.00968110433981284,1.0658141036401503e-14,31.48023527570645,19.23188970976682,1.6368768618571774,-15.79382192406853,30.86592630275138,0.0,0.0,0.0,zz2000_and_cyb,below,54.0,21.0,0.75,156.0,-0.05962043462240285,False
zz2000_and_cyb_below_ma63_days14:scale0.75,39.23273618554715,13.888148121251046,2.8249076725726234,-17.60868647176205,19276.189371430577,-0.509054805295996,0.014443501183083018,2.1316282072803006e-14,34.83699399046709,15.478140081132006,2.250722231990503,-17.60868647176207,1880.827820518202,-0.2539552924669195,0.02482257469141569,-3.552713678800501e-14,36.81069538021593,17.96937723682353,2.0485237131525103,-17.60868647176205,376.72839938388296,-0.28362283755785,0.023178308087000055,3.197442310920451e-14,48.477491601384884,17.63859355102658,2.7483762501326785,-15.793821924068519,226.00137838716395,-1.446750899027414,-0.03101868023007004,1.0658141036401503e-14,29.977441856449083,19.054456762331625,1.573250931808819,-15.793821924068506,29.39560498798297,-1.5027934192573653,-0.06362593004835837,2.3092638912203256e-14,zz2000_and_cyb,below,63.0,14.0,0.75,308.0,-0.05969063828031883,False
zz2000_and_cyb_below_ma53_days21:scale0.75,39.27533987397336,14.052019948132266,2.7949960232723456,-17.60868647176206,19370.747902660234,-0.46645111686978424,-0.015468148117194769,1.0658141036401503e-14,34.72584313975062,15.655282873525575,2.2181549461795416,-17.60868647176206,1864.5751270738622,-0.3651061431833895,-0.007744711119545666,-2.4868995751603507e-14,36.57175422447065,18.244140107498815,2.0045753874384418,-17.60868647176206,372.59399849709405,-0.5225639933031303,-0.020770017627068427,2.1316282072803006e-14,49.58346108050655,17.903763341365295,2.769443503866458,-15.79382192406853,233.31527290475358,-0.3407814199057455,-0.009951426496290328,0.0,31.48023527570645,19.23188970976682,1.6368768618571774,-15.79382192406853,30.86592630275138,0.0,0.0,0.0,zz2000_and_cyb,below,53.0,21.0,0.75,152.0,-0.06040335137926463,False
zz2000_and_cyb_below_ma61_days21:scale0.75,39.15616787129681,14.010426763658176,2.7947876629186266,-17.60868647176206,19107.327501447606,-0.5856231195463337,-0.01567650847091384,1.0658141036401503e-14,34.69157984801827,15.601394930587158,2.2236203879439036,-17.60868647176206,1859.5893367052038,-0.39936943491574084,-0.002279269355183633,-2.4868995751603507e-14,36.46336216569552,18.150942230599714,2.0088963813803487,-17.608686471762024,370.7279646209018,-0.6309560520782611,-0.016449023685161546,5.684341886080802e-14,49.38579632750564,17.744874016333274,2.7831021106178873,-15.793821924068519,232.00016250528154,-0.5384461729066601,0.00370718025513872,1.0658141036401503e-14,31.279659285302852,19.23312123754262,1.6263433739629147,-15.793821924068506,30.669701025380803,-0.2005759904035962,-0.010533487894262672,2.3092638912203256e-14,zz2000_and_cyb,below,61.0,21.0,0.75,185.0,-0.060420717314546846,False
zz2000_and_cyb_below_ma58_days21:scale0.75,39.15616787129681,14.010426763658176,2.7947876629186266,-17.60868647176206,19107.327501447606,-0.5856231195463337,-0.01567650847091384,1.0658141036401503e-14,34.69157984801827,15.601394930587158,2.2236203879439036,-17.60868647176206,1859.5893367052038,-0.39936943491574084,-0.002279269355183633,-2.4868995751603507e-14,36.46336216569552,18.150942230599714,2.0088963813803487,-17.608686471762024,370.7279646209018,-0.6309560520782611,-0.016449023685161546,5.684341886080802e-14,49.38579632750564,17.744874016333274,2.7831021106178873,-15.793821924068519,232.00016250528154,-0.5384461729066601,0.00370718025513872,1.0658141036401503e-14,31.279659285302852,19.23312123754262,1.6263433739629147,-15.793821924068506,30.669701025380803,-0.2005759904035962,-0.010533487894262672,2.3092638912203256e-14,zz2000_and_cyb,below,58.0,21.0,0.75,184.0,-0.060420717314546846,False
zz2000_and_cyb_below_ma54_days15:scale0.75,39.24796738163279,13.969502419664916,2.8095465538116295,-17.60868647176205,19309.94534787428,-0.4938236092103523,-0.0009176175779108675,2.1316282072803006e-14,34.78152157440426,15.57575373345482,2.2330554379334977,-17.608686471762102,1872.7014735231396,-0.30942770852975343,0.007155780634410469,-6.750155989720952e-14,36.69057856859288,18.127414629822955,2.024038138799456,-17.60868647176205,374.6464191965214,-0.4037396491808991,-0.0013072662660542633,3.197442310920451e-14,49.10400565547115,17.844171704331327,2.7518231985826556,-15.71603479038629,230.1313198322322,-0.8202368449411495,-0.02757173178009298,0.07778713368223933,30.85189092805065,19.210900637830857,1.605957550334517,-15.716034790386313,30.251194284872685,-0.6283443476557977,-0.030919311522660475,0.07778713368221624,zz2000_and_cyb,below,54.0,15.0,0.75,261.0,-0.061427874582388596,False
zz2000_and_cyb_below_ma53_days15:scale0.75,39.24796738163279,13.969502419664916,2.8095465538116295,-17.60868647176205,19309.94534787428,-0.4938236092103523,-0.0009176175779108675,2.1316282072803006e-14,34.78152157440426,15.57575373345482,2.2330554379334977,-17.608686471762102,1872.7014735231396,-0.30942770852975343,0.007155780634410469,-6.750155989720952e-14,36.69057856859288,18.127414629822955,2.024038138799456,-17.60868647176205,374.6464191965214,-0.4037396491808991,-0.0013072662660542633,3.197442310920451e-14,49.10400565547115,17.844171704331327,2.7518231985826556,-15.71603479038629,230.1313198322322,-0.8202368449411495,-0.02757173178009298,0.07778713368223933,30.85189092805065,19.210900637830857,1.605957550334517,-15.716034790386313,30.251194284872685,-0.6283443476557977,-0.030919311522660475,0.07778713368221624,zz2000_and_cyb,below,53.0,15.0,0.75,257.0,-0.061427874582388596,False
zz2000_and_cyb_below_ma56_days22:scale0.75,39.24009889818565,14.055399075467175,2.7918167735754156,-17.60868647176205,19292.50002972602,-0.5016920926574926,-0.018647397814124833,2.1316282072803006e-14,34.76292709002493,15.663229950803515,2.21939709748318,-17.60868647176206,1869.9842242811856,-0.3280221929090814,-0.006502559815907194,-2.4868995751603507e-14,36.67878980081119,18.25778756099464,2.0089394554666957,-17.60868647176207,374.4424772251101,-0.41552841696259435,-0.016405949598814473,1.0658141036401503e-14,49.44161562508833,17.909346228495796,2.760659992513916,-15.79382192406854,232.37119094959172,-0.482626875323966,-0.018734937848832622,-1.0658141036401503e-14,31.48023527570645,19.23188970976682,1.6368768618571774,-15.79382192406853,30.86592630275138,0.0,0.0,0.0,zz2000_and_cyb,below,56.0,22.0,0.75,147.0,-0.06209782464907969,False
zz2000_and_cyb_below_ma63_days17:scale0.25,37.65824671501294,13.784958454111374,2.731836069029381,-17.60868647176208,16068.700183302757,-2.0835442758301994,-0.0786281023601596,-1.0658141036401503e-14,34.22918337905112,15.350022722709367,2.2299109256959766,-17.60868647176205,1793.4087940651661,-0.8617659038828904,0.004011268396889367,-1.4210854715202004e-14,36.106303759728235,17.862672853688785,2.0213270463760407,-17.608686471762102,364.6226029228252,-0.9880144580455479,-0.004018358689469537,-2.1316282072803006e-14,49.23415926312495,17.43473532169746,2.823912055714046,-15.793821924068519,230.99362926757348,-0.6900832372873467,0.04451712535129726,1.0658141036401503e-14,31.796462363045762,19.101476647718673,1.6646075562353593,-15.793821924068506,31.175283677279953,0.31622708733931404,0.027730694378181875,2.3092638912203256e-14,zz2000_and_cyb,below,63.0,17.0,0.25,242.0,-0.06233137892377997,False
zz2000_and_cyb_below_ma49_days21:scale0.50,39.024390749965534,14.04009679160686,2.7794958488672408,-18.147437565227886,18819.934591852467,-0.717400240877609,-0.03096832252229964,-0.538751093465816,34.712188882558294,15.649813243997949,2.2180577072299053,-18.147437565227886,1862.586874285386,-0.3787604003757181,-0.00784195006918198,-0.5387510934658515,36.465117432415674,18.193600340477943,2.0042826460954206,-18.147437565227854,370.75813559546225,-0.6292007853581083,-0.02106275897008958,-0.5387510934657733,49.855476561600234,17.86145826331516,2.7912321506243494,-15.638340213186453,235.13071807340853,-0.06876593881206361,0.011837220261600834,0.15548171088207674,31.727236200501572,19.24868981638114,1.6482802987193892,-15.638340213186453,31.107562469866945,0.24700092479512392,0.011403436862211791,0.15548171088207674,zz2000_and_cyb,below,49.0,21.0,0.5,132.0,-0.06276580126705389,False
zz2000_and_cyb_below_ma63_days20:scale0.75,39.17100586894189,14.007878472292063,2.796355347201443,-17.60868647176207,19139.942733716936,-0.5707851219012525,-0.014108824188097557,0.0,34.717580986297804,15.602630423937464,2.225110769337604,-17.60868647176206,1863.371824329878,-0.3733682966362082,-0.0007888879614830202,-2.4868995751603507e-14,36.56097186849012,18.154347831378594,2.013896186636729,-17.60868647176206,372.4081094239941,-0.5333463492836614,-0.011449218428781105,2.1316282072803006e-14,49.26091226918994,17.77112512553809,2.771963616327212,-15.793821924068506,231.17106204335744,-0.6633302312223606,-0.007431314035536651,2.3092638912203256e-14,31.279659285302852,19.23312123754262,1.6263433739629147,-15.793821924068506,30.669701025380803,-0.2005759904035962,-0.010533487894262672,2.3092638912203256e-14,zz2000_and_cyb,below,63.0,20.0,0.75,196.0,-0.06291943942969701,False
zz2000_and_cyb_below_ma54_days22:scale0.75,39.327204414128445,14.059543093502363,2.7971893647314587,-17.60868647176205,19486.444501037604,-0.41458657671469723,-0.013274806658081673,2.1316282072803006e-14,34.74769879232187,15.663577364009857,2.2183756612433587,-17.60868647176207,1867.7613918959007,-0.3432504906121423,-0.00752399605572851,-3.552713678800501e-14,36.67878980081119,18.25778756099464,2.0089394554666957,-17.60868647176207,374.4424772251101,-0.41552841696259435,-0.016405949598814473,1.0658141036401503e-14,49.44161562508833,17.909346228495796,2.760659992513916,-15.79382192406854,232.37119094959172,-0.482626875323966,-0.018734937848832622,-1.0658141036401503e-14,31.48023527570645,19.23188970976682,1.6368768618571774,-15.79382192406853,30.86592630275138,0.0,0.0,0.0,zz2000_and_cyb,below,54.0,22.0,0.75,142.0,-0.06306539170008238,False
zz2000_and_cyb_below_ma55_days22:scale0.75,39.327204414128445,14.059543093502363,2.7971893647314587,-17.60868647176205,19486.444501037604,-0.41458657671469723,-0.013274806658081673,2.1316282072803006e-14,34.74769879232187,15.663577364009857,2.2183756612433587,-17.60868647176207,1867.7613918959007,-0.3432504906121423,-0.00752399605572851,-3.552713678800501e-14,36.67878980081119,18.25778756099464,2.0089394554666957,-17.60868647176207,374.4424772251101,-0.41552841696259435,-0.016405949598814473,1.0658141036401503e-14,49.44161562508833,17.909346228495796,2.760659992513916,-15.79382192406854,232.37119094959172,-0.482626875323966,-0.018734937848832622,-1.0658141036401503e-14,31.48023527570645,19.23188970976682,1.6368768618571774,-15.79382192406853,30.86592630275138,0.0,0.0,0.0,zz2000_and_cyb,below,55.0,22.0,0.75,142.0,-0.06306539170008238,False
zz2000_and_cyb_below_ma48_days20:scale0.25,38.45575896433304,14.00187483363172,2.7464721275728348,-17.60868647176206,17625.396626605907,-1.2860320265100995,-0.06399204381670565,1.0658141036401503e-14,34.35638827193719,15.605845561534656,2.201507642534855,-17.60868647176207,1811.411413782485,-0.7345610109968206,-0.02439201476423225,-3.552713678800501e-14,36.37423463707634,18.11866523668878,2.0075559740141102,-17.60868647176209,369.19799752902344,-0.720083580697441,-0.017789431051399962,-1.0658141036401503e-14,49.55396878071265,17.807378739397688,2.7827772692382657,-14.970349556172913,233.1188340018563,-0.3702737196996466,0.003382338875517199,0.8234723678956168,32.7885076575432,19.234891816233848,1.7046369675898245,-14.970349556172879,32.14569551531687,1.3082723818367512,0.06776010573264712,0.8234723678956506,zz2000_and_cyb,below,48.0,20.0,0.25,140.0,-0.06312944195594877,False
zz2000_and_cyb_below_ma57_days17:scale0.75,38.96158068533748,14.007161064476561,2.7815472747113335,-17.60868647176205,18684.374807859716,-0.780210305505662,-0.02891689667820696,2.1316282072803006e-14,34.72222653231862,15.618890768393905,2.223091706523863,-17.60868647176205,1864.0483215326806,-0.3687227506153903,-0.0028079507752241106,-1.4210854715202004e-14,36.60075714509317,18.18766676113327,2.0123943123539276,-17.60868647176207,373.0943023870146,-0.4935610726806132,-0.012951092711582568,1.0658141036401503e-14,49.38659984743039,17.861159121888374,2.765027706791349,-15.851188490984091,232.00550151089993,-0.5376426529819085,-0.014367223571399634,-0.057366566915561634,31.49946891042237,19.178965569165577,1.6423966556916252,-15.851188490984091,30.884742469587522,0.019233634715920545,0.005519793834447784,-0.057366566915561634,zz2000_and_cyb,below,57.0,17.0,0.75,228.0,-0.06336427778406442,False
zz2000_and_cyb_below_ma57_days21:scale0.75,39.19187351097491,14.048723377925276,2.7897106702632497,-17.60868647176206,19185.89949082458,-0.5499174798682347,-0.020753501126290708,1.0658141036401503e-14,34.74663013299182,15.656153372244669,2.219359334751464,-17.60868647176206,1867.6054874443087,-0.34431914994219426,-0.006540322547623045,-2.4868995751603507e-14,36.57520981162905,18.24530646327032,2.0046366382093233,-17.60868647176206,372.6535855920047,-0.5191084061447313,-0.020708766856186944,2.1316282072803006e-14,49.51470810176117,17.906327533347778,2.7652073273845605,-15.793821924068485,232.85745058274566,-0.4095343986511253,-0.014187602978187996,4.440892098500626e-14,31.279659285302852,19.23312123754262,1.6263433739629147,-15.793821924068506,30.669701025380803,-0.2005759904035962,-0.010533487894262672,2.3092638912203256e-14,zz2000_and_cyb,below,57.0,21.0,0.75,162.0,-0.06355041885711898,False
zz2000_and_cyb_below_ma58_days16:scale0.75,38.9624797184956,13.957701759815905,2.79146813629936,-17.60868647176206,18686.308707979864,-0.7793112723475417,-0.018996035090180552,1.0658141036401503e-14,34.629285912321215,15.554132582086774,2.226372041614376,-17.608686471762002,1850.5538551503168,-0.46166337061279705,0.0004723843152887319,3.197442310920451e-14,36.39815749648845,18.08130687015988,2.013026920999688,-17.60868647176207,369.60826755767914,-0.6961607212853309,-0.012318484065822144,1.0658141036401503e-14,49.258583665885695,17.688007018069335,2.7848577635436915,-15.78371488934801,231.15561563643809,-0.665658834526603,0.005462833180942983,0.010107034720519437,31.725670091519966,19.18054309625444,1.6540548373583501,-15.783714889348033,31.106030400561746,0.24543481581351756,0.017177975501172726,0.010107034720496344,zz2000_and_cyb,below,58.0,16.0,0.75,268.0,-0.06450307816218556,False
zz2000_and_cyb_below_ma60_days12:scale0.50,38.18892889383449,13.5464907713513,2.819101237244267,-17.60868647176205,17089.56855020296,-1.5528620970086493,0.008637065854726789,2.1316282072803006e-14,34.430821252215395,15.062824529219176,2.2858144025661176,-17.60868647176209,1822.0168048402804,-0.6601280307186173,0.059914745267030334,-5.684341886080802e-14,36.25857663537395,17.38818046511448,2.0852427146197803,-17.60868647176208,367.21853548786214,-0.8357415823998338,0.059897309554270084,0.0,47.081394186731075,16.897836546785744,2.7862379930338927,-14.766054859709431,216.92237976966115,-2.8428483136812233,0.006843062671144207,1.0277670643590984,34.936822730892494,18.10508338982717,1.929669252477605,-14.76605485970941,34.246738505234234,3.456587455186046,0.2927923906204275,1.0277670643591197,zz2000_and_cyb,below,60.0,12.0,0.5,379.0,-0.06467158725099234,False
zz2000_and_cyb_below_ma64_days21:scale0.75,39.23253573284779,14.012721686908677,2.7997798435903154,-17.60868647176205,19275.745487277818,-0.5092552579953491,-0.010684327799225013,2.1316282072803006e-14,34.75986415412211,15.607005048303712,2.2271963164322854,-17.608686471762102,1869.5369545696292,-0.33108512881189966,0.001296659133198208,-6.750155989720952e-14,36.52873880510879,18.17693541883914,2.009620321764981,-17.608686471762034,371.85275613139004,-0.5655794126649951,-0.015725083300529352,4.618527782440651e-14,49.24331306734449,17.770946822374274,2.7710010929381292,-15.793821924068553,231.05433251525787,-0.68092943306781,-0.0083938374246193,-2.3092638912203256e-14,31.279659285302852,19.23312123754262,1.6263433739629147,-15.793821924068506,30.669701025380803,-0.2005759904035962,-0.010533487894262672,2.3092638912203256e-14,zz2000_and_cyb,below,64.0,21.0,0.75,183.0,-0.06497149426098128,False
zz2000_and_cyb_below_ma65_days21:scale0.75,39.23253573284779,14.012721686908677,2.7997798435903154,-17.60868647176205,19275.745487277818,-0.5092552579953491,-0.010684327799225013,2.1316282072803006e-14,34.75986415412211,15.607005048303712,2.2271963164322854,-17.608686471762102,1869.5369545696292,-0.33108512881189966,0.001296659133198208,-6.750155989720952e-14,36.52873880510879,18.17693541883914,2.009620321764981,-17.608686471762034,371.85275613139004,-0.5655794126649951,-0.015725083300529352,4.618527782440651e-14,49.24331306734449,17.770946822374274,2.7710010929381292,-15.793821924068553,231.05433251525787,-0.68092943306781,-0.0083938374246193,-2.3092638912203256e-14,31.279659285302852,19.23312123754262,1.6263433739629147,-15.793821924068506,30.669701025380803,-0.2005759904035962,-0.010533487894262672,2.3092638912203256e-14,zz2000_and_cyb,below,65.0,21.0,0.75,184.0,-0.06497149426098128,False
zz2000_and_cyb_below_ma52_days18:scale0.75,39.23143504507918,14.029407667558727,2.7963714487958766,-17.60868647176206,19273.30828480034,-0.5103559457639619,-0.014092722593663787,1.0658141036401503e-14,34.824789061302596,15.6314996749285,2.227859756614292,-17.60868647176207,1879.0372976835972,-0.2661602216314165,0.0019600993152049107,-3.552713678800501e-14,36.652899396050785,18.20050588286392,2.0138395950059884,-17.60868647176209,373.99482719841865,-0.44141882172299773,-0.011505810059521782,-1.0658141036401503e-14,49.176821953220774,17.864141631132803,2.752823111719943,-15.707573600481151,230.61356669463362,-0.7474205471915241,-0.026571818642805667,0.08624832358737855,30.939965256653768,19.18506119645164,1.6127113142790623,-15.707573600481183,30.337363626717973,-0.5402700190526808,-0.024165547578115065,0.08624832358734658,zz2000_and_cyb,below,52.0,18.0,0.75,195.0,-0.06592798278276538,False
zz2000_and_cyb_below_ma45_days21:scale0.50,39.01683742120818,14.040514716019123,2.7788751488357506,-18.147437565227843,18803.584263681732,-0.7249535696349625,-0.031589022553789814,-0.5387510934657733,34.68641538556436,15.6514750475715,2.216175490178246,-18.147437565227886,1858.8388231677243,-0.40453389736965306,-0.00972416712084101,-0.5387510934658515,36.455794761250985,18.19259300035969,2.0038811817826194,-18.147437565227854,370.59790751646074,-0.6385234565227975,-0.02146422328289077,-0.5387510934657733,49.83841455162992,17.859772445495437,2.790540288445841,-15.63834021318643,235.01665238423413,-0.08582794878238076,0.011145358083092471,0.15548171088209983,31.727236200501572,19.24868981638114,1.6482802987193892,-15.638340213186453,31.107562469866945,0.24700092479512392,0.011403436862211791,0.15548171088207674,zz2000_and_cyb,below,45.0,21.0,0.5,113.0,-0.06595024178808098,False
zz2000_and_cyb_below_ma63_days22:scale0.75,39.23130096878078,14.022190335484805,2.797801201535637,-17.608686471762034,19273.0114254285,-0.5104900220623634,-0.012662969853903583,3.552713678800501e-14,34.69991846929204,15.618025231317164,2.2217865546606994,-17.60868647176207,1860.8016737427963,-0.3910308136419758,-0.004113102638387822,-3.552713678800501e-14,36.541521297540555,18.17967903397914,2.0100201565298152,-17.608686471762034,372.0729271233238,-0.5527969202332272,-0.015325248535694946,4.618527782440651e-14,49.26660194986587,17.77559239292945,2.7715870650512056,-15.793821924068519,231.20880562117262,-0.6576405505464251,-0.007807865311542983,1.0658141036401503e-14,31.279659285302852,19.23312123754262,1.6263433739629147,-15.793821924068506,30.669701025380803,-0.2005759904035962,-0.010533487894262672,2.3092638912203256e-14,zz2000_and_cyb,below,63.0,22.0,0.75,166.0,-0.06771934412935957,False
zz2000_and_cyb_below_ma48_days21:scale0.50,38.96285612733228,14.047731508389367,2.773604841754236,-18.147437565227843,18687.118452210165,-0.7789348635108624,-0.03685932963530458,-0.5387510934657733,34.617231180459626,15.66066070935977,2.2104578997596347,-18.147437565227808,1848.8097012676985,-0.47371810247438617,-0.015441757539452539,-0.5387510934657733,36.465117432415674,18.193600340477943,2.0042826460954206,-18.147437565227854,370.75813559546225,-0.6292007853581083,-0.02106275897008958,-0.5387510934657733,49.855476561600234,17.86145826331516,2.7912321506243494,-15.638340213186453,235.13071807340853,-0.06876593881206361,0.011837220261600834,0.15548171088207674,31.727236200501572,19.24868981638114,1.6482802987193892,-15.638340213186453,31.107562469866945,0.24700092479512392,0.011403436862211791,0.15548171088207674,zz2000_and_cyb,below,48.0,21.0,0.5,126.0,-0.06941443606514765,False
zz2000_and_cyb_below_ma56_days13:scale0.00,37.25708253746605,13.53872096546079,2.7518908641749973,-17.60868647176205,15334.999766092313,-2.4847084533770953,-0.058573307214543124,2.1316282072803006e-14,34.205798523218164,15.078740146981565,2.268478545939093,-17.60868647176208,1790.115915689308,-0.8851507597158488,0.04257888864000581,-4.618527782440651e-14,36.996902746995275,17.51684173114934,2.112076098809838,-17.60868647176207,379.9703480691152,-0.09741547077850754,0.08673069374432796,1.0658141036401503e-14,47.09362317692758,17.264573559673238,2.7277605794405098,-14.76605485970942,217.00116668627462,-2.8306193234847186,-0.05163435092223878,1.027767064359109,30.7043384002891,18.598090941490483,1.6509403302137204,-14.766054859709444,30.106830991684962,-0.7758968754173488,0.01406346835654304,1.027767064359086,zz2000_and_cyb,below,56.0,13.0,0.0,323.0,-0.06964278357245939,False
zz2000_and_cyb_below_ma47_days22:scale0.25,38.752897818667044,14.037398752354699,2.760689391413523,-17.62273762455053,18240.492385962152,-0.9888931721760983,-0.049774779976017314,-0.014051152788461252,34.48312710528185,15.647119491521233,2.2038003304037757,-17.62273762455051,1829.5011185162593,-0.6078221776521602,-0.022099326895311577,-0.014051152788475463,36.55294086165433,18.189406396561655,2.0095730484401035,-17.62273762455052,372.2696919109602,-0.5413773561194546,-0.01577235662540666,-0.014051152788439936,49.54571671790959,17.844422211408137,2.7765380201682555,-15.763826717236196,233.06388341400458,-0.37852578250270597,-0.0028569101944930786,0.02999520683233392,31.527885560411196,19.26262563844648,1.6367387370849567,-15.76382671723624,30.912542247287078,0.04765028470474775,-0.00013812477222074904,0.02999520683228951,zz2000_and_cyb,below,47.0,22.0,0.25,108.0,-0.07075771401383771,False
zz2000_and_cyb_below_ma46_days22:scale0.25,38.752897818667044,14.037398752354699,2.760689391413523,-17.62273762455053,18240.492385962152,-0.9888931721760983,-0.049774779976017314,-0.014051152788461252,34.48312710528185,15.647119491521233,2.2038003304037757,-17.62273762455051,1829.5011185162593,-0.6078221776521602,-0.022099326895311577,-0.014051152788475463,36.55294086165433,18.189406396561655,2.0095730484401035,-17.62273762455052,372.2696919109602,-0.5413773561194546,-0.01577235662540666,-0.014051152788439936,49.54571671790959,17.844422211408137,2.7765380201682555,-15.763826717236196,233.06388341400458,-0.37852578250270597,-0.0028569101944930786,0.02999520683233392,31.527885560411196,19.26262563844648,1.6367387370849567,-15.76382671723624,30.912542247287078,0.04765028470474775,-0.00013812477222074904,0.02999520683228951,zz2000_and_cyb,below,46.0,22.0,0.25,101.0,-0.07075771401383771,False
zz2000_and_cyb_below_ma45_days22:scale0.25,38.77487345622157,14.03729615111943,2.7622750876513633,-17.62273762455051,18286.768696841576,-0.9669175346215724,-0.048189083738177096,-0.014051152788439936,34.48312710528185,15.647119491521233,2.2038003304037757,-17.62273762455051,1829.5011185162593,-0.6078221776521602,-0.022099326895311577,-0.014051152788475463,36.55294086165433,18.189406396561655,2.0095730484401035,-17.62273762455052,372.2696919109602,-0.5413773561194546,-0.01577235662540666,-0.014051152788439936,49.54571671790959,17.844422211408137,2.7765380201682555,-15.763826717236196,233.06388341400458,-0.37852578250270597,-0.0028569101944930786,0.02999520683233392,31.527885560411196,19.26262563844648,1.6367387370849567,-15.76382671723624,30.912542247287078,0.04765028470474775,-0.00013812477222074904,0.02999520683228951,zz2000_and_cyb,below,45.0,22.0,0.25,100.0,-0.07075771401383771,False
zz2000_and_cyb_below_ma49_days22:scale0.50,39.0948937485718,14.053218130903055,2.781917521268815,-17.60868647176208,18973.189547469807,-0.6468972422713435,-0.028546650120725214,-1.0658141036401503e-14,34.70468315145396,15.66466652920836,2.2154753876658377,-17.60868647176207,1861.4947052306284,-0.38626613148004907,-0.010424269633249494,-3.552713678800501e-14,36.57502231845808,18.217801177443608,2.007652952308179,-17.608686471762034,372.65035236266846,-0.5192958993157006,-0.017692452757331,4.618527782440651e-14,49.380031163223336,17.873720364529795,2.762717003294819,-15.773716481475208,231.96185742152457,-0.5442113371889619,-0.016677927067929588,0.020105442593321143,31.51217468155214,19.25171940369406,1.6368498844578796,-15.773716481475219,30.897172434909592,0.03193940584569077,-2.697739929780063e-05,0.020105442593310485,zz2000_and_cyb,below,49.0,22.0,0.5,119.0,-0.07080595309945306,False
zz2000_and_cyb_below_ma61_days14:scale0.75,39.18787788085216,13.890375509127203,2.821225232903334,-17.608686471762034,19177.09196904826,-0.5539131099909795,0.010761061513793635,3.552713678800501e-14,34.81727891560939,15.479002850767717,2.249323115402266,-17.60868647176207,1877.9362465528432,-0.2736703673246197,0.023423458103178696,-3.552713678800501e-14,36.77059209176574,17.970881718085398,2.0461206449742995,-17.60868647176205,376.03248052918616,-0.3237261260080402,0.020775239908789267,3.197442310920451e-14,48.40496006634305,17.641241875856153,2.7438521849524777,-15.920083825207254,225.52548790912618,-1.5192824340692468,-0.035542745410270804,-0.12626190113872404,29.850458515395562,19.05822148257588,1.5662772385495973,-15.920083825207264,29.271352199149405,-1.629776760310886,-0.07059962330758007,-0.1262619011387347,zz2000_and_cyb,below,61.0,14.0,0.75,315.0,-0.0709126723443696,False
zz2000_and_cyb_below_ma60_days21:scale0.75,39.14304584895925,14.010546907989097,2.7938271151027725,-17.60868647176206,19078.527314317154,-0.5987451418838958,-0.016637056286767926,1.0658141036401503e-14,34.67135066407487,15.60155448664082,2.2223010337696154,-17.60868647176206,1856.651054969148,-0.4195986188591405,-0.0035986235294718227,-2.4868995751603507e-14,36.42227334435493,18.151229589912308,2.0066008841955756,-17.608686471762024,370.0221374584504,-0.6720448734188551,-0.01874452086993461,5.684341886080802e-14,49.3108376215778,17.745469295856005,2.7787846463487478,-15.920083825207254,231.502349011615,-0.6134048788345012,-0.0006102840140007615,-0.12626190113872404,31.079389277983616,19.234347792484215,1.6158275608454906,-15.920083825207254,30.473769975549537,-0.4008459977228327,-0.021049301011686783,-0.12626190113872404,zz2000_and_cyb,below,60.0,21.0,0.75,187.0,-0.07158065212411913,False
zz2000_and_cyb_below_ma59_days21:scale0.75,39.14304584895925,14.010546907989097,2.7938271151027725,-17.60868647176206,19078.527314317154,-0.5987451418838958,-0.016637056286767926,1.0658141036401503e-14,34.67135066407487,15.60155448664082,2.2223010337696154,-17.60868647176206,1856.651054969148,-0.4195986188591405,-0.0035986235294718227,-2.4868995751603507e-14,36.42227334435493,18.151229589912308,2.0066008841955756,-17.608686471762024,370.0221374584504,-0.6720448734188551,-0.01874452086993461,5.684341886080802e-14,49.3108376215778,17.745469295856005,2.7787846463487478,-15.920083825207254,231.502349011615,-0.6134048788345012,-0.0006102840140007615,-0.12626190113872404,31.079389277983616,19.234347792484215,1.6158275608454906,-15.920083825207254,30.473769975549537,-0.4008459977228327,-0.021049301011686783,-0.12626190113872404,zz2000_and_cyb,below,59.0,21.0,0.75,186.0,-0.07158065212411913,False
zz2000_and_cyb_below_ma55_days14:scale0.75,39.290928525977996,13.930362726061782,2.820524439932214,-17.608686471762034,19405.45472291969,-0.45086246486514625,0.010060268542673612,3.552713678800501e-14,34.826676885076346,15.530495182931444,2.2424704734046137,-17.608686471762034,1879.3141554143863,-0.2642723978576669,0.016570816105526465,0.0,36.781804496474834,18.065532311014803,2.0360210739015128,-17.60868647176208,376.2269693709035,-0.3125137212989486,0.010675668836002572,0.0,48.57266314493778,17.79043058492646,2.73026911367129,-15.519793617647737,226.62651546426474,-1.3515793554745201,-0.049125816691458546,0.27402830642079223,30.48669590945878,19.126823721484534,1.5939236097635008,-15.519793617647737,29.893887584818234,-0.993539366247667,-0.04295325209367662,0.27402830642079223,zz2000_and_cyb,below,55.0,14.0,0.75,288.0,-0.07163052936935031,False
zz2000_and_cyb_below_ma48_days19:scale0.00,38.027191228423305,13.981323201130296,2.7198563885104283,-17.60868647176205,16772.20845777214,-1.7145997624198372,-0.09060778287911209,2.1316282072803006e-14,34.40661704360235,15.581015284665266,2.208239733739631,-17.608686471762024,1818.562335197692,-0.6843322393316598,-0.017659923559456114,1.0658141036401503e-14,36.42024960258716,18.09256109267103,2.0129958061791675,-17.60868647176206,369.9873953269776,-0.67406861518662,-0.012349598886342683,2.1316282072803006e-14,49.193563581081,17.8040976824149,2.763047274766947,-14.766054859709444,230.72450918392354,-0.7306789193312966,-0.016347655595801758,1.027767064359086,33.301781539736,19.240643810965654,1.7308039100415444,-14.76605485970942,32.64772771921722,1.8215462640295499,0.09392704818436703,1.027767064359109,zz2000_and_cyb,below,48.0,19.0,0.0,155.0,-0.0723193786216948,False
zz2000_and_cyb_below_ma64_days13:scale0.50,38.394143214076436,13.624165672238501,2.8180913340118052,-17.60868647176207,17500.292515331457,-1.3476477767667063,0.007627162622264816,0.0,34.38375244334417,15.170267104462287,2.266522547465911,-17.60868647176206,1815.304190011731,-0.7071968395898409,0.040622890166823744,-2.4868995751603507e-14,36.67085762452298,17.596280833884,2.084011841519847,-17.60868647176216,374.3052924966438,-0.42346059325080176,0.05866643645433678,-7.815970093361102e-14,47.64821863826876,17.22307823233507,2.7665332523899653,-15.793821924068553,220.58793851818535,-2.276023862143539,-0.012861677972783259,-2.3092638912203256e-14,31.335645328597096,18.66846204665235,1.6785338422784666,-15.79382192406854,30.724473185835333,-0.14458994710935258,0.04165698042128918,-1.0658141036401503e-14,zz2000_and_cyb,below,64.0,13.0,0.5,343.0,-0.07248403680231104,False
zz2000_and_cyb_below_ma63_days16:scale0.25,37.93217034991887,13.720493289615332,2.76463604837216,-18.353801492269064,16588.328724229585,-1.8096206409242725,-0.045828123017380484,-0.7451150205069936,34.372545742857,15.274606605640498,2.2503064484923723,-18.35380149226905,1813.7090838220786,-0.7184035400770128,0.024406791193285038,-0.745115020507015,36.38800259106305,17.746593698507514,2.0504217997690044,-18.353801492269007,369.4340788943137,-0.7063156267107331,0.02507639470349421,-0.7451150205069261,48.895836183624944,17.41050656577949,2.808409738044622,-15.793821924068506,228.75524038383074,-1.028406316787354,0.029014807681873478,2.3092638912203256e-14,32.15594733894669,19.10096718812648,1.6834722044303303,-15.793821924068506,31.52694378238934,0.6757120632402405,0.0465953425731529,2.3092638912203256e-14,zz2000_and_cyb,below,63.0,16.0,0.25,261.0,-0.07282297825569542,False
zz2000_and_cyb_below_ma58_days12:scale0.75,38.833254805417326,13.797732717940612,2.8144663764158935,-17.60868647176207,18410.24024030592,-0.9085361854258167,0.004002205026353067,0.0,34.55697742427786,15.361486337156533,2.2495855326636627,-17.60868647176209,1840.1128329332146,-0.5339718586561517,0.02368587536457545,-5.684341886080802e-14,36.5091232167761,17.79802198838772,2.051302287444998,-17.60868647176206,371.51504866696206,-0.585195000997679,0.02595688237948801,2.1316282072803006e-14,48.20541882631597,17.38050634449248,2.773533628471719,-15.707573600481151,224.2186534157797,-1.7188236740963276,-0.005861301891029402,0.08624832358737855,32.365182250435254,18.6800852542011,1.7326035620290554,-15.707573600481162,31.73161676121228,0.8849469747288055,0.09572670017187801,0.08624832358736789,zz2000_and_cyb,below,58.0,12.0,0.75,381.0,-0.07304411498971089,False
zz2000_and_cyb_below_ma59_days19:scale0.00,37.50759535883794,13.806119562949151,2.7167369649249853,-17.60868647176206,15789.419430499891,-2.2341956320052034,-0.09372720646455512,1.0658141036401503e-14,34.160317213029586,15.337941281654727,2.2271774670234112,-17.60868647176208,1783.7263364973137,-0.9306320699044264,0.0012778097243240083,-4.618527782440651e-14,36.140519427664564,17.848960885839972,2.0247968304046062,-17.60868647176209,365.2049014600095,-0.953798790109218,-0.0005485746609039666,-1.0658141036401503e-14,48.684632331137514,17.38783049879781,2.7999256338796004,-14.76605485970942,227.3630091745839,-1.2396101692747834,0.020530703516851823,1.027767064359109,33.520446153548676,19.029872854972325,1.761464535733359,-14.76605485970942,32.8615931056252,2.0402108778422274,0.12458767387618153,1.027767064359109,zz2000_and_cyb,below,59.0,19.0,0.0,218.0,-0.07350296509825588,False
zz2000_and_cyb_below_ma60_days19:scale0.00,37.50759535883794,13.806119562949151,2.7167369649249853,-17.60868647176206,15789.419430499891,-2.2341956320052034,-0.09372720646455512,1.0658141036401503e-14,34.160317213029586,15.337941281654727,2.2271774670234112,-17.60868647176208,1783.7263364973137,-0.9306320699044264,0.0012778097243240083,-4.618527782440651e-14,36.140519427664564,17.848960885839972,2.0247968304046062,-17.60868647176209,365.2049014600095,-0.953798790109218,-0.0005485746609039666,-1.0658141036401503e-14,48.684632331137514,17.38783049879781,2.7999256338796004,-14.76605485970942,227.3630091745839,-1.2396101692747834,0.020530703516851823,1.027767064359109,33.520446153548676,19.029872854972325,1.761464535733359,-14.76605485970942,32.8615931056252,2.0402108778422274,0.12458767387618153,1.027767064359109,zz2000_and_cyb,below,60.0,19.0,0.0,219.0,-0.07350296509825588,False
zz2000_and_cyb_below_ma47_days21:scale0.50,38.98146592166607,14.041560635572372,2.7761491000446106,-18.147437565227843,18727.19332055978,-0.7603250691770711,-0.03431507134492984,-0.5387510934657733,34.645946422078545,15.651865370779284,2.2135346555407773,-18.147437565227833,1852.966714085576,-0.4450028608554675,-0.012365001758309901,-0.5387510934657982,36.3736032110163,18.193291017553882,1.9992866148252708,-18.147437565227808,369.1871726392032,-0.7207150067574801,-0.026058790240239382,-0.5387510934657271,49.83841455162992,17.859772445495437,2.790540288445841,-15.63834021318643,235.01665238423413,-0.08582794878238076,0.011145358083092471,0.15548171088209983,31.727236200501572,19.24868981638114,1.6482802987193892,-15.638340213186453,31.107562469866945,0.24700092479512392,0.011403436862211791,0.15548171088207674,zz2000_and_cyb,below,47.0,21.0,0.5,121.0,-0.07365871574827607,False
zz2000_and_cyb_below_ma46_days21:scale0.50,38.98146592166607,14.041560635572372,2.7761491000446106,-18.147437565227843,18727.19332055978,-0.7603250691770711,-0.03431507134492984,-0.5387510934657733,34.645946422078545,15.651865370779284,2.2135346555407773,-18.147437565227833,1852.966714085576,-0.4450028608554675,-0.012365001758309901,-0.5387510934657982,36.3736032110163,18.193291017553882,1.9992866148252708,-18.147437565227808,369.1871726392032,-0.7207150067574801,-0.026058790240239382,-0.5387510934657271,49.83841455162992,17.859772445495437,2.790540288445841,-15.63834021318643,235.01665238423413,-0.08582794878238076,0.011145358083092471,0.15548171088209983,31.727236200501572,19.24868981638114,1.6482802987193892,-15.638340213186453,31.107562469866945,0.24700092479512392,0.011403436862211791,0.15548171088207674,zz2000_and_cyb,below,46.0,21.0,0.5,114.0,-0.07365871574827607,False
zz2000_and_cyb_below_ma64_days19:scale0.50,38.6358920617879,13.895614754818219,2.7804377671301763,-17.608686471762024,17995.933761986224,-1.1058989290552432,-0.030026404259364092,4.618527782440651e-14,34.54618778961765,15.464649995207736,2.233880999590873,-17.60868647176206,1838.5591778667572,-0.5447614933163649,0.007981342291785598,-2.4868995751603507e-14,36.28512864037261,18.029282052514155,2.012566475730114,-17.60868647176209,367.6723759718278,-0.8091895774011704,-0.01277892933539615,-1.0658141036401503e-14,49.0718467136688,17.617665836861526,2.785377312072496,-15.79382192406854,229.91848711529173,-0.8523957867435001,0.0059823817097472975,-1.0658141036401503e-14,31.079239021138072,19.234939955332063,1.6157700046535721,-15.79382192406853,30.47362297217735,-0.4009962545683763,-0.021106857203605278,0.0,zz2000_and_cyb,below,64.0,19.0,0.5,215.0,-0.07390593521148696,False
zz2000_and_cyb_below_ma65_days19:scale0.50,38.6358920617879,13.895614754818219,2.7804377671301763,-17.608686471762024,17995.933761986224,-1.1058989290552432,-0.030026404259364092,4.618527782440651e-14,34.54618778961765,15.464649995207736,2.233880999590873,-17.60868647176206,1838.5591778667572,-0.5447614933163649,0.007981342291785598,-2.4868995751603507e-14,36.28512864037261,18.029282052514155,2.012566475730114,-17.60868647176209,367.6723759718278,-0.8091895774011704,-0.01277892933539615,-1.0658141036401503e-14,49.0718467136688,17.617665836861526,2.785377312072496,-15.79382192406854,229.91848711529173,-0.8523957867435001,0.0059823817097472975,-1.0658141036401503e-14,31.079239021138072,19.234939955332063,1.6157700046535721,-15.79382192406853,30.47362297217735,-0.4009962545683763,-0.021106857203605278,0.0,zz2000_and_cyb,below,65.0,19.0,0.5,216.0,-0.07390593521148696,False
zz2000_and_cyb_below_ma52_days22:scale0.50,39.04673620167303,14.011674286638081,2.7867287950669155,-17.608686471762113,18868.38235164267,-0.6950547891701149,-0.0237353763226249,-4.263256414560601e-14,34.61121462012158,15.604946092513835,2.2179643822496526,-17.60868647176205,1847.9397129062584,-0.47973466281243304,-0.007935275049434587,-1.4210854715202004e-14,36.51108857797914,18.217342950508574,2.004193952826686,-17.60868647176206,371.54887616477833,-0.583229639794645,-0.02115145223882431,2.1316282072803006e-14,49.413466421618146,17.871708626410157,2.764898838413062,-15.773716481475219,232.18404994532528,-0.5107760787941515,-0.014496091949686374,0.020105442593310485,31.51217468155214,19.25171940369406,1.6368498844578796,-15.773716481475219,30.897172434909592,0.03193940584569077,-2.697739929780063e-05,0.020105442593310485,zz2000_and_cyb,below,52.0,22.0,0.5,133.0,-0.07407154080208715,False
zz2000_and_cyb_below_ma59_days12:scale0.50,38.02993922227094,13.535274532531954,2.809691013718724,-17.60868647176205,16777.55438311677,-1.7118517685722026,-0.0007731576708165377,2.1316282072803006e-14,34.184558848124546,15.046634022348595,2.271907377912602,-17.60868647176206,1787.1295724623046,-0.9063904348094667,0.04600772061351499,-2.4868995751603507e-14,36.263867475282254,17.38272538071112,2.086201483429218,-17.60868647176208,367.30894113981793,-0.8304507424915286,0.060856078363707766,0.0,47.13524117301697,16.890051367902593,2.7907103505079642,-14.766054859709431,217.26939389771175,-2.789001327395326,0.011315420145215693,1.0277670643590984,35.087145456638844,18.083431316265944,1.9402924612586196,-14.76605485970941,34.39373195814204,3.6069101809323953,0.30341559940144225,1.0277670643591197,zz2000_and_cyb,below,59.0,12.0,0.5,384.0,-0.07422758464192321,False
zz2000_and_cyb_below_ma47_days20:scale0.25,38.507846316025905,13.995896208750647,2.751366953689587,-17.60868647176205,17731.80387760313,-1.2339446748172378,-0.059097217699953575,2.1316282072803006e-14,34.43690381636317,15.597350412341134,2.2078688306646983,-17.60868647176206,1822.8857992842482,-0.6540454665708424,-0.01803082663438893,-2.4868995751603507e-14,36.276294763600944,18.11774863078452,2.002251797552958,-17.60868647176209,367.52134372278596,-0.8180234541728382,-0.023093607512552072,-1.0658141036401503e-14,49.37500303346527,17.806079469243468,2.7729294996549334,-14.970349556172913,231.92845176685069,-0.5492394669470286,-0.006465430707815134,0.8234723678956168,32.7885076575432,19.234891816233848,1.7046369675898245,-14.970349556172879,32.14569551531687,1.3082723818367512,0.06776010573264712,0.8234723678956506,zz2000_and_cyb,below,47.0,20.0,0.25,135.0,-0.07480105130578704,False
zz2000_and_cyb_below_ma46_days20:scale0.25,38.495944712776286,13.994566168544988,2.750777998342102,-17.60868647176208,17707.437917682444,-1.2458462780668569,-0.059686173047438285,-1.0658141036401503e-14,34.43690381636317,15.597350412341134,2.2078688306646983,-17.60868647176206,1822.8857992842482,-0.6540454665708424,-0.01803082663438893,-2.4868995751603507e-14,36.276294763600944,18.11774863078452,2.002251797552958,-17.60868647176209,367.52134372278596,-0.8180234541728382,-0.023093607512552072,-1.0658141036401503e-14,49.37500303346527,17.806079469243468,2.7729294996549334,-14.970349556172913,231.92845176685069,-0.5492394669470286,-0.006465430707815134,0.8234723678956168,32.7885076575432,19.234891816233848,1.7046369675898245,-14.970349556172879,32.14569551531687,1.3082723818367512,0.06776010573264712,0.8234723678956506,zz2000_and_cyb,below,46.0,20.0,0.25,129.0,-0.07480105130578704,False
zz2000_and_cyb_below_ma45_days20:scale0.25,38.60166675367842,13.998176961201784,2.757621000268049,-17.60868647176205,17924.977810683875,-1.14012423716472,-0.052843171121491395,2.1316282072803006e-14,34.43690381636317,15.597350412341134,2.2078688306646983,-17.60868647176206,1822.8857992842482,-0.6540454665708424,-0.01803082663438893,-2.4868995751603507e-14,36.276294763600944,18.11774863078452,2.002251797552958,-17.60868647176209,367.52134372278596,-0.8180234541728382,-0.023093607512552072,-1.0658141036401503e-14,49.37500303346527,17.806079469243468,2.7729294996549334,-14.970349556172913,231.92845176685069,-0.5492394669470286,-0.006465430707815134,0.8234723678956168,32.7885076575432,19.234891816233848,1.7046369675898245,-14.970349556172879,32.14569551531687,1.3082723818367512,0.06776010573264712,0.8234723678956506,zz2000_and_cyb,below,45.0,20.0,0.25,128.0,-0.07480105130578704,False
zz2000_and_cyb_below_ma62_days14:scale0.75,39.213922536655744,13.888757805715347,2.823429070130294,-17.60868647176205,19234.569769084876,-0.5278684541873986,0.012964898740753572,2.1316282072803006e-14,34.807975481906354,15.478993587646858,2.2487234253837505,-17.60868647176207,1876.5730486110467,-0.28297380102765857,0.022823768084663243,-3.552713678800501e-14,36.751669620559426,17.97087169468419,2.0450688338858165,-17.60868647176205,375.70439791337157,-0.3426485972143567,0.01972342882030631,3.197442310920451e-14,48.37074146431857,17.64126882930068,2.7419083021952924,-15.920083825207243,225.3011350383538,-1.5535010360937278,-0.03748662816745618,-0.12626190113871338,29.850458515395562,19.05822148257588,1.5662772385495973,-15.920083825207264,29.271352199149405,-1.629776760310886,-0.07059962330758007,-0.1262619011387347,zz2000_and_cyb,below,62.0,14.0,0.75,314.0,-0.07484940485063037,False
zz2000_and_cyb_below_ma51_days19:scale0.50,38.87134942005366,13.958713266055417,2.784737294846539,-17.60868647176209,18491.22555354533,-0.870441570789481,-0.02572687654300143,-2.1316282072803006e-14,34.70968478072327,15.5418990993677,2.2332975242475603,-17.608686471762034,1862.2224382333332,-0.3812645022107404,0.0073978669484731086,0.0,36.435359435219226,18.12493812318241,2.0102335901835255,-17.60868647176206,370.2468395357191,-0.6589587825545564,-0.015111814881984653,2.1316282072803006e-14,48.95915370799242,17.80155273744012,2.7502743401153893,-15.221090837728635,229.1733885461286,-0.965088792419877,-0.029120590247359246,0.5727310863398944,32.390124880369584,19.227622647214854,1.6845621257842471,-15.221090837728635,31.756015199419572,0.9098896046631353,0.04768526392706973,0.5727310863398944,zz2000_and_cyb,below,51.0,19.0,0.5,178.0,-0.07524224755406447,False
zz2000_and_cyb_below_ma57_days16:scale0.75,38.979034244913315,13.996311629564035,2.7849504409846766,-17.60868647176207,18721.95233139193,-0.7627567459298277,-0.02551373040486382,0.0,34.654832083853336,15.609279690485293,2.2201429387531153,-17.60868647176208,1854.2546783475973,-0.4361171990806767,-0.005756718545971928,-4.618527782440651e-14,36.45005406790036,18.176434919858202,2.005346715602507,-17.60868647176208,370.4992643202786,-0.6442641498734218,-0.019998689463003316,0.0,49.35309731855975,17.850218410259952,2.764845571312033,-15.783714889348023,231.78294170190318,-0.5711451818525504,-0.014549359050715527,0.010107034720507002,31.725670091519966,19.18054309625444,1.6540548373583501,-15.783714889348033,31.106030400561746,0.24543481581351756,0.017177975501172726,0.010107034720496344,zz2000_and_cyb,below,57.0,16.0,0.75,249.0,-0.07557308541826549,False
zz2000_and_cyb_below_ma62_days15:scale0.75,39.16524270371464,13.912045320118448,2.815203789415285,-17.60868647176207,19127.2686266855,-0.576548287128503,0.00473961802574463,0.0,34.75396989113164,15.501587031609143,2.241962053321711,-17.60868647176208,1868.6764932944545,-0.33697939180237313,0.016062396022623826,-4.618527782440651e-14,36.6044730450382,18.00575827216059,2.0329314929010134,-17.608686471762013,373.15843269313643,-0.4898451727355848,0.007586087835503186,6.750155989720952e-14,48.642809662437436,17.664999887504507,2.7536263782738746,-15.920083825207254,227.08778527915263,-1.2814328379748616,-0.025768552088873964,-0.12626190113872404,30.45066964159082,19.130592934051915,1.591726390633167,-15.920083825207254,29.858638568291497,-1.0295656341156274,-0.0451504712240105,-0.12626190113872404,zz2000_and_cyb,below,62.0,15.0,0.75,288.0,-0.07568938426708434,False
zz2000_and_cyb_below_ma65_days20:scale0.75,39.14414468312375,14.006309931492162,2.794750714112859,-17.608686471762034,19080.937479770248,-0.5976463077193941,-0.015713457276681275,3.552713678800501e-14,34.676168854419885,15.600363766591666,2.222779505224054,-17.608686471762024,1857.350535457557,-0.41478042851412766,-0.0031201520750330225,1.0658141036401503e-14,36.394902046758794,18.166239824662576,2.0034361760075905,-17.608686471762024,369.55242069958973,-0.6994161710149882,-0.0219092290579197,5.684341886080802e-14,49.26091226918994,17.77112512553809,2.771963616327212,-15.793821924068506,231.17106204335744,-0.6633302312223606,-0.007431314035536651,2.3092638912203256e-14,31.279659285302852,19.23312123754262,1.6263433739629147,-15.793821924068506,30.669701025380803,-0.2005759904035962,-0.010533487894262672,2.3092638912203256e-14,zz2000_and_cyb,below,65.0,20.0,0.75,200.0,-0.07636988451797391,False
zz2000_and_cyb_below_ma64_days20:scale0.75,39.14414468312375,14.006309931492162,2.794750714112859,-17.608686471762034,19080.937479770248,-0.5976463077193941,-0.015713457276681275,3.552713678800501e-14,34.676168854419885,15.600363766591666,2.222779505224054,-17.608686471762024,1857.350535457557,-0.41478042851412766,-0.0031201520750330225,1.0658141036401503e-14,36.394902046758794,18.166239824662576,2.0034361760075905,-17.608686471762024,369.55242069958973,-0.6994161710149882,-0.0219092290579197,5.684341886080802e-14,49.26091226918994,17.77112512553809,2.771963616327212,-15.793821924068506,231.17106204335744,-0.6633302312223606,-0.007431314035536651,2.3092638912203256e-14,31.279659285302852,19.23312123754262,1.6263433739629147,-15.793821924068506,30.669701025380803,-0.2005759904035962,-0.010533487894262672,2.3092638912203256e-14,zz2000_and_cyb,below,64.0,20.0,0.75,199.0,-0.07636988451797391,False
zz2000_and_cyb_below_ma61_days22:scale0.75,39.1798456194885,14.017685196010584,2.7950296408881434,-17.60868647176209,19159.39795127914,-0.5619453713546392,-0.015434530501396981,-2.1316282072803006e-14,34.670055510458454,15.609280059454402,2.2211181667830417,-17.60868647176207,1856.4630694864218,-0.4208937724755586,-0.0047814905160454835,-3.552713678800501e-14,36.48083588157374,18.16461467406703,2.0083462565080517,-17.608686471762034,371.02838618970327,-0.6134823362000432,-0.016999148557458543,4.618527782440651e-14,49.15604993976219,17.750054531832316,2.7693464181536727,-15.793821924068563,230.47595030334045,-0.7681925606501068,-0.010048512209075877,-3.375077994860476e-14,31.279659285302852,19.23312123754262,1.6263433739629147,-15.793821924068506,30.669701025380803,-0.2005759904035962,-0.010533487894262672,2.3092638912203256e-14,zz2000_and_cyb,below,61.0,22.0,0.75,170.0,-0.07690001020531242,False
zz2000_and_cyb_below_ma58_days22:scale0.75,39.1798456194885,14.017685196010584,2.7950296408881434,-17.60868647176209,19159.39795127914,-0.5619453713546392,-0.015434530501396981,-2.1316282072803006e-14,34.670055510458454,15.609280059454402,2.2211181667830417,-17.60868647176207,1856.4630694864218,-0.4208937724755586,-0.0047814905160454835,-3.552713678800501e-14,36.48083588157374,18.16461467406703,2.0083462565080517,-17.608686471762034,371.02838618970327,-0.6134823362000432,-0.016999148557458543,4.618527782440651e-14,49.15604993976219,17.750054531832316,2.7693464181536727,-15.793821924068563,230.47595030334045,-0.7681925606501068,-0.010048512209075877,-3.375077994860476e-14,31.279659285302852,19.23312123754262,1.6263433739629147,-15.793821924068506,30.669701025380803,-0.2005759904035962,-0.010533487894262672,2.3092638912203256e-14,zz2000_and_cyb,below,58.0,22.0,0.75,169.0,-0.07690001020531242,False
zz2000_and_cyb_below_ma47_days19:scale0.50,38.79908324472534,14.006069335305474,2.7701621572673107,-17.60868647176205,18337.87635155354,-0.9427077461178044,-0.04030201412222967,2.1316282072803006e-14,34.62951518298241,15.611144568222073,2.2182560049744193,-17.60868647176205,1850.5870410694317,-0.4614340999516031,-0.0076436523246679045,-1.4210854715202004e-14,36.48132628597453,18.12542602423818,2.012715521124302,-17.60868647176206,371.0368198098537,-0.6129919317992503,-0.012629883941208231,2.1316282072803006e-14,49.04280690165044,17.802266427753406,2.7548631013180214,-15.221090837728612,229.7263757474434,-0.8814355987618612,-0.02453182904472717,0.5727310863399175,32.390124880369584,19.227622647214854,1.6845621257842471,-15.221090837728635,31.756015199419572,0.9098896046631353,0.04768526392706973,0.5727310863398944,zz2000_and_cyb,below,47.0,19.0,0.5,151.0,-0.07709604749669016,False
zz2000_and_cyb_below_ma45_days19:scale0.50,38.82131145481793,14.006044299504625,2.771754153040269,-17.60868647176207,18384.91803274912,-0.920479536025212,-0.03871001834927146,0.0,34.62951518298241,15.611144568222073,2.2182560049744193,-17.60868647176205,1850.5870410694317,-0.4614340999516031,-0.0076436523246679045,-1.4210854715202004e-14,36.48132628597453,18.12542602423818,2.012715521124302,-17.60868647176206,371.0368198098537,-0.6129919317992503,-0.012629883941208231,2.1316282072803006e-14,49.04280690165044,17.802266427753406,2.7548631013180214,-15.221090837728612,229.7263757474434,-0.8814355987618612,-0.02453182904472717,0.5727310863399175,32.390124880369584,19.227622647214854,1.6845621257842471,-15.221090837728635,31.756015199419572,0.9098896046631353,0.04768526392706973,0.5727310863398944,zz2000_and_cyb,below,45.0,19.0,0.5,144.0,-0.07709604749669016,False
zz2000_and_cyb_below_ma46_days19:scale0.50,38.808379688251506,14.005858298103844,2.7708676513959523,-17.608686471762034,18357.536799845693,-0.9334113025916366,-0.03959651999358815,3.552713678800501e-14,34.62951518298241,15.611144568222073,2.2182560049744193,-17.60868647176205,1850.5870410694317,-0.4614340999516031,-0.0076436523246679045,-1.4210854715202004e-14,36.48132628597453,18.12542602423818,2.012715521124302,-17.60868647176206,371.0368198098537,-0.6129919317992503,-0.012629883941208231,2.1316282072803006e-14,49.04280690165044,17.802266427753406,2.7548631013180214,-15.221090837728612,229.7263757474434,-0.8814355987618612,-0.02453182904472717,0.5727310863399175,32.390124880369584,19.227622647214854,1.6845621257842471,-15.221090837728635,31.756015199419572,0.9098896046631353,0.04768526392706973,0.5727310863398944,zz2000_and_cyb,below,46.0,19.0,0.5,145.0,-0.07709604749669016,False
zz2000_and_cyb_below_ma57_days18:scale0.50,38.589880035794046,13.944559648220231,2.7673788925073257,-17.60868647176207,17900.60199254719,-1.1519109550490967,-0.043085278882214695,0.0,34.654273067952346,15.536237432136952,2.230544764736244,-17.608686471762034,1854.173627247639,-0.43667621498166653,0.004645107437156959,0.0,36.56248504573858,18.126298550784643,2.017096041053339,-17.60868647176205,372.4341932500129,-0.5318331720351992,-0.008249364012171245,3.197442310920451e-14,49.07574920224358,17.807286206562615,2.7559364539307194,-15.90888485044285,229.94430950227604,-0.8484932981687194,-0.02345847643202914,-0.11506292637432125,32.24713170802165,19.18122966879745,1.6811816689979373,-15.908884850442828,31.616140746861632,0.7668964323151997,0.044304807140759905,-0.11506292637429816,zz2000_and_cyb,below,57.0,18.0,0.5,209.0,-0.07724433793759464,False
zz2000_and_cyb_below_ma48_days22:scale0.50,39.03332792008041,14.060846392756968,2.7760297516789088,-17.608686471762102,18839.29757262905,-0.7084630707627326,-0.03443441971063166,-3.197442310920451e-14,34.6097307400939,15.675503656441863,2.207886361971598,-17.60868647176208,1847.72519913573,-0.4812185428401108,-0.01801329532748941,-4.618527782440651e-14,36.57502231845808,18.217801177443608,2.007652952308179,-17.608686471762034,372.65035236266846,-0.5192958993157006,-0.017692452757331,4.618527782440651e-14,49.380031163223336,17.873720364529795,2.762717003294819,-15.773716481475208,231.96185742152457,-0.5442113371889619,-0.016677927067929588,0.020105442593321143,31.51217468155214,19.25171940369406,1.6368498844578796,-15.773716481475219,30.897172434909592,0.03193940584569077,-2.697739929780063e-05,0.020105442593310485,zz2000_and_cyb,below,48.0,22.0,0.5,113.0,-0.07744903828737508,False
zz2000_and_cyb_below_ma65_days15:scale0.50,38.689780997534285,13.756200871712498,2.8125338789646377,-17.76280408324986,18108.18715021818,-1.0520099933088574,0.0020697075750972793,-0.15411761148779135,34.57434434635302,15.323750227804553,2.2562586724768434,-17.76280408324982,1842.6159389517245,-0.5166049365809897,0.030359015177756188,-0.15411761148778425,36.45066550719378,17.814274175474402,2.0461493490078206,-17.76280408324984,370.50976998702333,-0.6436527105799996,0.020803943942310443,-0.15411761148775938,48.397588872024414,17.489243506020927,2.767277432861109,-15.79382192406853,225.47715027441225,-1.5266536283878835,-0.012117497501639374,0.0,30.828940185236164,19.072579907700327,1.6164011546644168,-15.793821924068496,30.22873978775904,-0.6512950904702848,-0.020475707192760595,3.375077994860476e-14,zz2000_and_cyb,below,65.0,15.0,0.5,291.0,-0.07810084361160283,False
zz2000_and_cyb_below_ma65_days14:scale0.75,39.15288358524971,13.888649040990606,2.819056300558455,-17.60868647176207,19100.115357053157,-0.5889074055934316,0.008592129168914386,0.0,34.71384391696197,15.478781708431402,2.2426728776757083,-17.60868647176207,1862.8277742003522,-0.37710536597204225,0.0167732203766211,-3.552713678800501e-14,36.64931001984206,17.982886290735355,2.0380104410004254,-17.608686471762024,373.93279285675334,-0.4450081979317204,0.012665035934915192,5.684341886080802e-14,48.477491601384884,17.63859355102658,2.7483762501326785,-15.793821924068519,226.00137838716395,-1.446750899027414,-0.03101868023007004,1.0658141036401503e-14,29.977441856449083,19.054456762331625,1.573250931808819,-15.793821924068506,29.39560498798297,-1.5027934192573653,-0.06362593004835837,2.3092638912203256e-14,zz2000_and_cyb,below,65.0,14.0,0.75,316.0,-0.0783149413319972,False
zz2000_and_cyb_below_ma62_days21:scale0.75,39.1660022242248,14.015200352665799,2.7945374478200105,-17.608686471762102,19128.938484036564,-0.575788766618345,-0.015926723569529955,-3.197442310920451e-14,34.657310654906716,15.610485582520797,2.220130211305715,-17.60868647176206,1854.6140800787744,-0.43363862802729614,-0.0057694459933723685,-2.4868995751603507e-14,36.39375940757863,18.16664493140024,2.0033286027775903,-17.608686471762024,369.53282011722575,-0.7005588101951545,-0.022016802287919912,5.684341886080802e-14,49.25882823614074,17.771818351636675,2.771738224052031,-15.793821924068519,231.15723793045336,-0.6654142642715613,-0.007656706310717354,1.0658141036401503e-14,31.279659285302852,19.23312123754262,1.6263433739629147,-15.793821924068506,30.669701025380803,-0.2005759904035962,-0.010533487894262672,2.3092638912203256e-14,zz2000_and_cyb,below,62.0,21.0,0.75,184.0,-0.0785396937431579,False
zz2000_and_cyb_below_ma50_days18:scale0.75,39.215270580741254,14.026904192325437,2.795718145861235,-17.60868647176206,19237.549126973187,-0.5265204101018881,-0.014746025528305395,1.0658141036401503e-14,34.80948148115195,15.628007200818276,2.227378131699948,-17.60868647176208,1876.7936597746186,-0.281467801782064,0.0014784744008609074,-4.618527782440651e-14,36.57823455795932,18.19380666992827,2.010477258638669,-17.60868647176209,372.7057483273067,-0.5160836598144627,-0.0148681464268412,-1.0658141036401503e-14,49.041000532699464,17.85294638550093,2.7469415677250657,-15.707573600481128,229.714428267643,-0.8832419677128343,-0.03245336263768284,0.08624832358740164,30.939965256653768,19.18506119645164,1.6127113142790623,-15.707573600481183,30.337363626717973,-0.5402700190526808,-0.024165547578115065,0.08624832358734658,zz2000_and_cyb,below,50.0,18.0,0.75,193.0,-0.07861698187700197,False
zz2000_and_cyb_below_ma51_days12:scale0.50,38.509597488615825,13.599829715766909,2.831623505106823,-17.60868647176206,17735.39166066871,-1.232193502227318,0.021159333717282625,1.0658141036401503e-14,34.437888067204184,15.123464101617706,2.2771163958077882,-17.60868647176208,1823.02644895396,-0.6530612157298279,0.05121673850870101,-4.618527782440651e-14,36.496840541016915,17.451545588223155,2.091324253001758,-17.608686471762024,371.3036850593904,-0.597477676756867,0.06597884793624775,5.684341886080802e-14,46.89472587482262,17.011061753112266,2.756719513186352,-14.76605485970941,215.72136122727665,-3.029516625589679,-0.02267541717639654,1.0277670643591197,36.23724901309468,18.161809808937832,1.9952443833687503,-14.76605485970942,35.51827119840845,4.757013737388235,0.3583675215115729,1.027767064359109,zz2000_and_cyb,below,51.0,12.0,0.5,340.0,-0.07872121113256522,False
zz2000_and_cyb_below_ma61_days15:scale0.75,39.128700056544055,13.913936177354877,2.8121948784145316,-17.60868647176205,19047.087509298457,-0.6130909342990876,0.0017307070249912293,2.1316282072803006e-14,34.747060947815456,15.501981125601723,2.2414593764683555,-17.60868647176208,1867.6683367712442,-0.34388833511855665,0.015559719169268238,-4.618527782440651e-14,36.5904311323503,18.006443589237264,2.0320742933502416,-17.608686471762013,372.91612891084685,-0.5038870854234858,0.0067288882847313936,6.750155989720952e-14,48.61734492971368,17.66619810730132,2.751998173824421,-15.920083825207243,226.92028407440307,-1.3068975706986166,-0.027396756538327516,-0.12626190113871338,30.45066964159082,19.130592934051915,1.591726390633167,-15.920083825207254,29.858638568291497,-1.0295656341156274,-0.0451504712240105,-0.12626190113872404,zz2000_and_cyb,below,61.0,15.0,0.75,289.0,-0.07877342558276805,False
zz2000_and_cyb_below_ma53_days12:scale0.75,38.97677977842105,13.825717720269928,2.8191505545695517,-17.60868647176208,18717.094504689987,-0.7650112124220954,0.008686383180011248,-1.0658141036401503e-14,34.50858828271954,15.391364615194414,2.2420746402598075,-17.608686471762034,1833.1537764064972,-0.582361000214469,0.016174982960720286,0.0,36.616160614636286,17.83898390362297,2.0525922783752164,-17.60868647176208,373.3601861730146,-0.4781576031374968,0.02724687330970621,0.0,48.21892169156807,17.459434367164715,2.761768833831842,-15.707573600481151,224.30697597134915,-1.7053208088442275,-0.017626096530906743,0.08624832358737855,32.287609999412005,18.73328384230332,1.723542453699465,-15.707573600481151,31.655736458246952,0.8073747237055571,0.08666559184228761,0.08624832358737855,zz2000_and_cyb,below,53.0,12.0,0.75,344.0,-0.07926972808428698,False
zz2000_and_cyb_below_ma54_days12:scale0.75,38.8946195290341,13.822143885826266,2.8139353670683516,-17.60868647176207,18540.858705341092,-0.8471714618090402,0.0034711956788111564,0.0,34.50858828271954,15.391364615194414,2.2420746402598075,-17.608686471762034,1833.1537764064972,-0.582361000214469,0.016174982960720286,0.0,36.616160614636286,17.83898390362297,2.0525922783752164,-17.60868647176208,373.3601861730146,-0.4781576031374968,0.02724687330970621,0.0,48.21892169156807,17.459434367164715,2.761768833831842,-15.707573600481151,224.30697597134915,-1.7053208088442275,-0.017626096530906743,0.08624832358737855,32.287609999412005,18.73328384230332,1.723542453699465,-15.707573600481151,31.655736458246952,0.8073747237055571,0.08666559184228761,0.08624832358737855,zz2000_and_cyb,below,54.0,12.0,0.75,350.0,-0.07926972808428698,False
zz2000_and_cyb_below_ma62_days22:scale0.75,39.21287868722205,14.021421636911843,2.7966407189405738,-17.608686471762034,19232.26301763185,-0.528912303621091,-0.013823452448966655,3.552713678800501e-14,34.67153218305214,15.616909217090189,2.2201276642570056,-17.60868647176207,1856.6774028973693,-0.41941709988186915,-0.005771993042081647,-3.552713678800501e-14,36.483836354534496,18.17777188705706,2.007057662579192,-17.608686471762034,371.0799880431908,-0.6104818632392863,-0.018287742486318148,4.618527782440651e-14,49.16151520003764,17.77248602363952,2.76615860801055,-15.793821924068519,230.51215443045638,-0.7627273003746566,-0.013236322352198737,1.0658141036401503e-14,31.279659285302852,19.23312123754262,1.6263433739629147,-15.793821924068506,30.669701025380803,-0.2005759904035962,-0.010533487894262672,2.3092638912203256e-14,zz2000_and_cyb,below,62.0,22.0,0.75,169.0,-0.07929286266324291,False
zz2000_and_cyb_below_ma53_days22:scale0.50,38.98701041956871,14.000779183127532,2.7846314772646594,-17.60868647176205,18739.1484831412,-0.7547805712744307,-0.025832694124880984,2.1316282072803006e-14,34.519131773636616,15.589316072106682,2.214281345889206,-17.608686471762024,1834.6681655471002,-0.5718175092973965,-0.011618311409881343,1.0658141036401503e-14,36.504548330190836,18.213172359347997,2.0042937940712293,-17.60868647176206,371.43631392810335,-0.5897698875829462,-0.021051610994280878,2.1316282072803006e-14,49.401535944058935,17.864638062738905,2.765325318686304,-15.79382192406853,232.10475513297473,-0.5227065563533628,-0.014069611676444715,0.0,31.48023527570645,19.23188970976682,1.6368768618571774,-15.79382192406853,30.86592630275138,0.0,0.0,0.0,zz2000_and_cyb,below,53.0,22.0,0.5,138.0,-0.07946096785699555,False
zz2000_and_cyb_below_ma49_days18:scale0.75,39.211023190280955,14.051082084618512,2.7906052326891335,-17.60868647176208,19228.163283012247,-0.5307678005621881,-0.019858938700406892,-1.0658141036401503e-14,34.802930542010266,15.662539995331745,2.2220489494285958,-17.60868647176208,1875.8341857113905,-0.28801874092374646,-0.0038507078704914655,-4.618527782440651e-14,36.588738907342425,18.19380596982548,2.0110546945496193,-17.60868647176209,372.8869349912644,-0.505579310431358,-0.014290710515890925,-1.0658141036401503e-14,49.06010580818971,17.852919334104875,2.7480158785274393,-15.707573600481151,229.84080679705085,-0.864136692222587,-0.0313790518353092,0.08624832358737855,30.939965256653768,19.18506119645164,1.6127113142790623,-15.707573600481183,30.337363626717973,-0.5402700190526808,-0.024165547578115065,0.08624832358734658,zz2000_and_cyb,below,49.0,18.0,0.75,178.0,-0.07961589095969981,False
zz2000_and_cyb_below_ma53_days14:scale0.75,39.27872071985179,13.935044767370504,2.818700720059728,-17.60868647176206,19378.270152750905,-0.4630702709913521,0.008236548670187638,1.0658141036401503e-14,34.773038830612066,15.536739401704347,2.238116887433765,-17.60868647176205,1871.4614550997157,-0.3179104523219465,0.012217230134677681,-1.4210854715202004e-14,36.75556332205425,18.06395139968068,2.034746579461235,-17.60868647176208,375.7718931262952,-0.3387548957195321,0.009401174395724965,0.0,48.525160824758615,17.787815631235166,2.727999987786532,-15.519793617647782,226.31439545089523,-1.399081675653683,-0.05139494257621635,0.2740283064207478,30.359834779364125,19.119227401330015,1.5879216320870877,-15.519793617647782,29.769762689838508,-1.1204004963423237,-0.0489552297700897,0.2740283064207478,zz2000_and_cyb,below,53.0,14.0,0.75,282.0,-0.0797692964622131,False
zz2000_and_cyb_below_ma54_days14:scale0.75,39.25613484056998,13.934758754306023,2.8171377440200978,-17.60868647176208,19328.069084050054,-0.4856561502731651,0.006673572630557345,-1.0658141036401503e-14,34.773038830612066,15.536739401704347,2.238116887433765,-17.60868647176205,1871.4614550997157,-0.3179104523219465,0.012217230134677681,-1.4210854715202004e-14,36.75556332205425,18.06395139968068,2.034746579461235,-17.60868647176208,375.7718931262952,-0.3387548957195321,0.009401174395724965,0.0,48.525160824758615,17.787815631235166,2.727999987786532,-15.519793617647782,226.31439545089523,-1.399081675653683,-0.05139494257621635,0.2740283064207478,30.359834779364125,19.119227401330015,1.5879216320870877,-15.519793617647782,29.769762689838508,-1.1204004963423237,-0.0489552297700897,0.2740283064207478,zz2000_and_cyb,below,54.0,14.0,0.75,287.0,-0.0797692964622131,False
zz2000_and_cyb_below_ma57_days22:scale0.75,39.21555733456488,14.055961869254185,2.7899590009805335,-17.60868647176209,19238.182946803383,-0.526233656278265,-0.0205051704090069,-2.1316282072803006e-14,34.72509699814172,15.664011129083665,2.2168713180793764,-17.60868647176208,1864.4664315106543,-0.3658522847922896,-0.009028339219710801,-4.618527782440651e-14,36.592697849256005,18.25890790300392,2.0041011238813384,-17.60868647176207,372.9552361043073,-0.5016203685177771,-0.021244281184171765,1.0658141036401503e-14,49.28476345544694,17.91146542862989,2.7515762823442476,-15.793821924068506,231.329302572646,-0.6394790449653556,-0.02781864801850098,2.3092638912203256e-14,31.279659285302852,19.23312123754262,1.6263433739629147,-15.793821924068506,30.669701025380803,-0.2005759904035962,-0.010533487894262672,2.3092638912203256e-14,zz2000_and_cyb,below,57.0,22.0,0.75,148.0,-0.07995968222687035,False
zz2000_and_cyb_below_ma60_days15:scale0.00,37.87601041660822,13.608203976569937,2.7833217727939426,-17.623645971440116,16480.535544728045,-1.8657805742349254,-0.02714239859559786,-0.014959499678045773,34.63007164877536,15.13773712201845,2.28766501688053,-17.623645971440126,1850.6675891569582,-0.46087763415864913,0.06176535958144269,-0.014959499678091959,36.38086634769504,17.55784014560932,2.072058182896305,-17.623645971440162,369.3117007092481,-0.7134518700787424,0.04671277783079475,-0.0149594996780813,47.17825840881347,17.213177992025724,2.740822085884985,-14.76605485970942,217.5467978867605,-2.745984091598828,-0.038572844477763546,1.027767064359109,34.31180016610593,18.798528618945664,1.825238605723938,-14.76605485970942,33.63552854613634,2.831564890399484,0.18836174386676063,1.027767064359109,zz2000_and_cyb,below,60.0,15.0,0.0,293.0,-0.07999697991617878,False
zz2000_and_cyb_below_ma52_days20:scale0.25,38.47027090769326,13.947876383542528,2.7581453871418993,-17.608686471762024,17654.982563635043,-1.2715200831498805,-0.05231878424764114,4.618527782440651e-14,34.35012233684391,15.528020407296376,2.212137892393761,-17.608686471762034,1810.5210359468706,-0.7408269460901025,-0.013761764905326324,0.0,36.268811895669614,18.13649407693769,1.9997697317801308,-17.60868647176209,367.39344009011256,-0.8255063221041681,-0.025575673285379352,-1.0658141036401503e-14,49.36133309716277,17.83788189178108,2.767219415210184,-14.970349556172891,231.83764338914,-0.5629094032495274,-0.012175515152564653,0.8234723678956382,32.7885076575432,19.234891816233848,1.7046369675898245,-14.970349556172879,32.14569551531687,1.3082723818367512,0.06776010573264712,0.8234723678956506,zz2000_and_cyb,below,52.0,20.0,0.25,163.0,-0.08010638808380503,False
zz2000_and_cyb_below_ma63_days21:scale0.75,39.16328412696264,14.014988492820946,2.7943857497295617,-17.608686471762102,19122.963189910923,-0.5785068638805058,-0.016078421659978748,-3.197442310920451e-14,34.653121648675864,15.610180243000665,2.219905286757578,-17.60868647176206,1854.006693766717,-0.43782763425814863,-0.0059943705415093085,-2.4868995751603507e-14,36.385252508972286,18.16612073251973,2.0029181268094254,-17.608686471762024,369.38691519875226,-0.7090657088014964,-0.022427278256084815,5.684341886080802e-14,49.24331306734449,17.770946822374274,2.7710010929381292,-15.793821924068553,231.05433251525787,-0.68092943306781,-0.0083938374246193,-2.3092638912203256e-14,31.279659285302852,19.23312123754262,1.6263433739629147,-15.793821924068506,30.669701025380803,-0.2005759904035962,-0.010533487894262672,2.3092638912203256e-14,zz2000_and_cyb,below,63.0,21.0,0.75,181.0,-0.08019240210427672,False
zz2000_and_cyb_below_ma59_days14:scale0.25,38.22809655584387,13.589746188255141,2.813010340758408,-17.60868647176207,17167.259925291804,-1.5136944349992731,0.0025461693688675346,0.0,34.504622337582916,15.128101872076034,2.2808295865109636,-17.60868647176206,1832.5844135027455,-0.5863269453510966,0.05492992921187634,-2.4868995751603507e-14,36.63243205022073,17.533997521351527,2.08922306539696,-17.608686471762034,373.6411818865229,-0.4618861675530539,0.0638776603314497,4.618527782440651e-14,46.95742984371067,17.188183833417977,2.7319599498589313,-14.766054859709431,216.12445828429935,-2.9668126567016273,-0.047434980503817226,1.0277670643590984,30.94849871086376,18.63301405946756,1.660949678462708,-14.76605485970941,30.345712455508057,-0.5317365648426886,0.024072816605530623,1.0277670643591197,zz2000_and_cyb,below,59.0,14.0,0.25,320.0,-0.08135262140250991,False
zz2000_and_cyb_below_ma58_days13:scale0.25,37.72005709784621,13.507953656712235,2.7924331143305885,-17.60868647176206,16184.611081095247,-2.0217338929969344,-0.018031057058951916,1.0658141036401503e-14,34.17923906086304,15.030751510858073,2.273954102439408,-17.608686471762113,1786.3822643692206,-0.9117102220709725,0.048054445140320645,-7.815970093361102e-14,36.55975286346733,17.40216469555182,2.1008738569640357,-17.60868647176206,372.38709731313264,-0.5345653543064515,0.07552845189852553,2.1316282072803006e-14,46.93653207400787,17.024765863178835,2.7569560986164405,-14.934332709011699,215.9900774105772,-2.9877104264044263,-0.022438831746308008,0.859489215056831,32.205632336506525,18.49595855047484,1.7412253735657148,-14.934332709011755,31.57554600346668,0.725397060800077,0.10434851170853743,0.8594892150567741,zz2000_and_cyb,below,58.0,13.0,0.25,347.0,-0.08286914203960531,False
zz2000_and_cyb_below_ma48_days18:scale0.75,39.17611796969638,14.054998476127029,2.7873441634475142,-17.60868647176205,19151.19159976715,-0.5656730211467647,-0.023120007942026177,2.1316282072803006e-14,34.75523841003228,15.668775593680047,2.218120886487818,-17.60868647176206,1868.8616467177685,-0.3357108729017355,-0.007778770811269098,-2.4868995751603507e-14,36.588738907342425,18.19380596982548,2.0110546945496193,-17.60868647176209,372.8869349912644,-0.505579310431358,-0.014290710515890925,-1.0658141036401503e-14,49.06010580818971,17.852919334104875,2.7480158785274393,-15.707573600481151,229.84080679705085,-0.864136692222587,-0.0313790518353092,0.08624832358737855,30.939965256653768,19.18506119645164,1.6127113142790623,-15.707573600481183,30.337363626717973,-0.5402700190526808,-0.024165547578115065,0.08624832358734658,zz2000_and_cyb,below,48.0,18.0,0.75,173.0,-0.08301068638942789,False
zz2000_and_cyb_below_ma51_days22:scale0.25,38.80446875194694,13.9811124289304,2.775492218462591,-17.62273762455053,18349.263420297502,-0.9373222388962006,-0.034971952926949434,-0.014051152788461252,34.534012927219,15.566067268804067,2.218544500088893,-17.622737624550567,1836.8074012796121,-0.5569363557150098,-0.0073551572101941964,-0.014051152788532306,36.43073393611233,18.19180373778158,2.0025905325952538,-17.62273762455052,370.1674049948829,-0.6635842816614499,-0.022754872470256426,-0.014051152788439936,49.32272542764553,17.848807952406187,2.7633624362570592,-15.763826717236217,231.5812647825068,-0.601517072766768,-0.0160324941056893,0.029995206832312604,31.527885560411196,19.26262563844648,1.6367387370849567,-15.76382671723624,30.912542247287078,0.04765028470474775,-0.00013812477222074904,0.02999520683228951,zz2000_and_cyb,below,51.0,22.0,0.25,133.0,-0.08402004194440107,False
zz2000_and_cyb_below_ma58_days19:scale0.50,38.54479775162836,13.896705356884787,2.7736644594347877,-17.60868647176205,17807.653198886357,-1.196993239214784,-0.036799711954752734,2.1316282072803006e-14,34.50399558292603,15.462066226999694,2.231525533287105,-17.608686471762034,1832.494448546195,-0.5869537000079816,0.005625875988017892,0.0,36.35352696662415,17.997533647103673,2.019917155286135,-17.60868647176208,368.8430984227174,-0.7407912511496306,-0.005428249779375172,0.0,48.81057144438628,17.583830771803605,2.77587813928783,-15.793821924068553,228.1927118342836,-1.1136710560260212,-0.003516791074918757,-2.3092638912203256e-14,31.079239021138072,19.234939955332063,1.6157700046535721,-15.79382192406853,30.47362297217735,-0.4009962545683763,-0.021106857203605278,0.0,zz2000_and_cyb,below,58.0,19.0,0.5,214.0,-0.08417437418452575,False
zz2000_and_cyb_below_ma61_days19:scale0.50,38.54479775162836,13.896705356884787,2.7736644594347877,-17.60868647176205,17807.653198886357,-1.196993239214784,-0.036799711954752734,2.1316282072803006e-14,34.50399558292603,15.462066226999694,2.231525533287105,-17.608686471762034,1832.494448546195,-0.5869537000079816,0.005625875988017892,0.0,36.35352696662415,17.997533647103673,2.019917155286135,-17.60868647176208,368.8430984227174,-0.7407912511496306,-0.005428249779375172,0.0,48.81057144438628,17.583830771803605,2.77587813928783,-15.793821924068553,228.1927118342836,-1.1136710560260212,-0.003516791074918757,-2.3092638912203256e-14,31.079239021138072,19.234939955332063,1.6157700046535721,-15.79382192406853,30.47362297217735,-0.4009962545683763,-0.021106857203605278,0.0,zz2000_and_cyb,below,61.0,19.0,0.5,215.0,-0.08417437418452575,False
zz2000_and_cyb_below_ma56_days20:scale0.50,38.631045553012,13.968755703957733,2.7655323331387893,-17.608686471762034,17985.870089315526,-1.1107454378311417,-0.04493183825075109,3.552713678800501e-14,34.48981897226988,15.560696520427614,2.2164701256780304,-17.60868647176208,1830.460530899984,-0.6011303106641321,-0.009429531621056864,-4.618527782440651e-14,36.43700936907068,18.17246974154689,2.0050664487153558,-17.60868647176205,370.27517674655536,-0.6573088487031029,-0.02027895635015442,3.197442310920451e-14,49.34853814549549,17.86194297273031,2.762775484214428,-15.793821924068506,231.75266245129413,-0.5757043549168088,-0.01661944614832045,2.3092638912203256e-14,31.48023527570645,19.23188970976682,1.6368768618571774,-15.79382192406853,30.86592630275138,0.0,0.0,0.0,zz2000_and_cyb,below,56.0,20.0,0.5,174.0,-0.08435333850638654,False
zz2000_and_cyb_below_ma53_days17:scale0.75,39.05204719601858,14.011522061685799,2.787138115623109,-17.60868647176208,18879.91434557544,-0.6897437948245653,-0.02332605576643143,-1.0658141036401503e-14,34.712457855240444,15.619526197255812,2.2223758529461066,-17.60868647176205,1862.6260230180517,-0.378491427693568,-0.0035238043529806085,-1.4210854715202004e-14,36.491123671718604,18.194396704304896,2.0056242734932015,-17.60868647176207,371.2053334570472,-0.6031945460551782,-0.019721131572308703,1.0658141036401503e-14,49.18682801770717,17.872856746439943,2.7520406343269435,-15.851188490984091,230.67987134843918,-0.7374144827051268,-0.02735429603580508,-0.057366566915561634,31.389103763514825,19.242207310705602,1.6312631527491739,-15.851188490984104,30.776772168342802,-0.09113151219162319,-0.005613709108003517,-0.05736656691557407,zz2000_and_cyb,below,53.0,17.0,0.75,214.0,-0.08472300615627622,False
zz2000_and_cyb_below_ma59_days15:scale0.25,38.05406607996784,13.651435793153308,2.787550456711179,-17.60868647176209,16824.558778350067,-1.6877249108753034,-0.02291371467836134,-2.1316282072803006e-14,34.29581151403567,15.194087718183793,2.2571813556789952,-17.608686471762113,1802.8191919096073,-0.7951377688983428,0.03128169837990802,-7.815970093361102e-14,36.09448672767055,17.640611366190583,2.0461018032996328,-17.60868647176209,364.42163044803755,-0.999831490103233,0.020756398234122564,-1.0658141036401503e-14,47.89765645361681,17.255577164341407,2.775778288807236,-14.76605485970941,222.20991070206026,-2.0265860467954866,-0.0036166415555123343,1.0277670643591197,33.6195570755152,18.82478767488108,1.7859195894344975,-14.7660548597094,32.9585267773151,2.139321799808755,0.14904272757732007,1.0277670643591303,zz2000_and_cyb,below,59.0,15.0,0.25,294.0,-0.08501267804196573,False
zz2000_and_cyb_below_ma51_days18:scale0.75,39.21082020279143,14.027335665936485,2.7953148863479242,-17.60868647176205,19227.714830055127,-0.5309707880517109,-0.015149285041616167,2.1316282072803006e-14,34.79299506275439,15.628520470843984,2.2262500873107585,-17.60868647176208,1874.379799534875,-0.29795422017961926,0.0003504300116712322,-4.618527782440651e-14,36.544748566582385,18.194701468279327,2.0085379598172883,-17.60868647176209,372.12852793541515,-0.5495696511913977,-0.016807445248221864,-1.0658141036401503e-14,48.98010286250347,17.854548814729615,2.7432842672616826,-15.707573600481151,229.31181439596773,-0.944139637908826,-0.03611066310106592,0.08624832358737855,30.939965256653768,19.18506119645164,1.6127113142790623,-15.707573600481183,30.337363626717973,-0.5402700190526808,-0.024165547578115065,0.08624832358734658,zz2000_and_cyb,below,51.0,18.0,0.75,195.0,-0.08577732442095823,False
zz2000_and_cyb_below_ma50_days21:scale0.50,38.958149397078465,14.000061468798023,2.782712739076511,-18.147437565227865,18676.995517006544,-0.7836415937646777,-0.027751432313029234,-0.5387510934657946,34.60996897362576,15.592554762501642,2.21964710086245,-18.147437565227875,1847.7596373965375,-0.48098030930825075,-0.0062525564366371356,-0.5387510934658408,36.29644540358401,18.19638398909641,1.9947064991227637,-18.147437565227808,367.86591495672366,-0.7978728141897733,-0.03063890594274654,-0.5387510934657271,49.69714792877846,17.865228938101463,2.7817806366191338,-15.638340213186464,234.07322649466624,-0.22709457163383462,0.002385706256385234,0.15548171088206608,31.727236200501572,19.24868981638114,1.6482802987193892,-15.638340213186453,31.107562469866945,0.24700092479512392,0.011403436862211791,0.15548171088207674,zz2000_and_cyb,below,50.0,21.0,0.5,146.0,-0.08599655536556305,False
zz2000_and_cyb_below_ma54_days20:scale0.50,38.80486373304115,13.975447149883605,2.7766455925787206,-17.608686471762034,18350.09882417697,-0.9369272578019903,-0.033818578810819844,3.552713678800501e-14,34.459442975733246,15.561312806229418,2.214430325051922,-17.60868647176206,1826.1089726961127,-0.6315063072007661,-0.011469332247165287,-2.4868995751603507e-14,36.43700936907068,18.17246974154689,2.0050664487153558,-17.60868647176205,370.27517674655536,-0.6573088487031029,-0.02027895635015442,3.197442310920451e-14,49.34853814549549,17.86194297273031,2.762775484214428,-15.793821924068506,231.75266245129413,-0.5757043549168088,-0.01661944614832045,2.3092638912203256e-14,31.48023527570645,19.23188970976682,1.6368768618571774,-15.79382192406853,30.86592630275138,0.0,0.0,0.0,zz2000_and_cyb,below,54.0,20.0,0.5,170.0,-0.08628451871553935,False
zz2000_and_cyb_below_ma55_days20:scale0.50,38.80486373304115,13.975447149883605,2.7766455925787206,-17.608686471762034,18350.09882417697,-0.9369272578019903,-0.033818578810819844,3.552713678800501e-14,34.459442975733246,15.561312806229418,2.214430325051922,-17.60868647176206,1826.1089726961127,-0.6315063072007661,-0.011469332247165287,-2.4868995751603507e-14,36.43700936907068,18.17246974154689,2.0050664487153558,-17.60868647176205,370.27517674655536,-0.6573088487031029,-0.02027895635015442,3.197442310920451e-14,49.34853814549549,17.86194297273031,2.762775484214428,-15.793821924068506,231.75266245129413,-0.5757043549168088,-0.01661944614832045,2.3092638912203256e-14,31.48023527570645,19.23188970976682,1.6368768618571774,-15.79382192406853,30.86592630275138,0.0,0.0,0.0,zz2000_and_cyb,below,55.0,20.0,0.5,170.0,-0.08628451871553935,False
zz2000_and_cyb_below_ma61_days18:scale0.25,37.990531766752625,13.812446227884879,2.7504564463068446,-17.60868647176207,16701.043055997325,-1.7512592240905178,-0.060007725082695806,0.0,34.39807508848596,15.356671889592665,2.2399433507332924,-17.60868647176206,1817.3445459925858,-0.6928741944480521,0.014043693434205196,-2.4868995751603507e-14,36.232272400876965,17.86798499638829,2.0277760703403716,-17.608686471762102,366.76927721210956,-0.862045816896817,0.0024306652748613544,-2.1316282072803006e-14,48.54617985329654,17.40881285016066,2.788597951574195,-15.793821924068563,226.45247914567807,-1.3780626471157547,0.009203021211446671,-3.375077994860476e-14,32.90548797296058,19.13584382603339,1.7195733970296232,-15.793821924068519,32.260116655355134,1.4252526972541304,0.0826965351724458,1.0658141036401503e-14,zz2000_and_cyb,below,61.0,18.0,0.25,230.0,-0.08635133211362656,False
zz2000_and_cyb_below_ma65_days13:scale0.50,38.340699502450605,13.620888660863598,2.814845672486373,-17.60868647176206,17392.451463240348,-1.401091488392538,0.004381501096832441,1.0658141036401503e-14,34.30110532902471,15.165535704013688,2.261779998971393,-17.60868647176209,1803.5686794373753,-0.7898439539093047,0.03588034167230569,-5.684341886080802e-14,36.50238664640748,17.588152832304043,2.0753962621568642,-17.60868647176208,371.3991145617772,-0.5919315713663025,0.05005085709135404,0.0,47.64821863826876,17.22307823233507,2.7665332523899653,-15.793821924068553,220.58793851818535,-2.276023862143539,-0.012861677972783259,-2.3092638912203256e-14,31.335645328597096,18.66846204665235,1.6785338422784666,-15.79382192406854,30.724473185835333,-0.14458994710935258,0.04165698042128918,-1.0658141036401503e-14,zz2000_and_cyb,below,65.0,13.0,0.5,344.0,-0.08753899839468696,False
zz2000_and_cyb_below_ma56_days19:scale0.25,38.150720044328224,13.91223550336952,2.742242253956108,-17.60868647176207,17014.09479757619,-1.5910709465149182,-0.0682219174334322,0.0,34.52557687251727,15.49225698766934,2.2285698526687887,-17.608686471762034,1835.5944176168332,-0.5653724104167424,0.002670195369701478,0.0,36.441745339762875,18.119136600199756,2.0112296818470434,-17.60868647176206,370.3565234681447,-0.6525728780109077,-0.01411572321846677,2.1316282072803006e-14,49.09826891806035,17.83335494495181,2.7531706215469502,-15.793821924068506,230.09334654637232,-0.8259735823519492,-0.026224308815798292,2.3092638912203256e-14,31.48023527570645,19.23188970976682,1.6368768618571774,-15.79382192406853,30.86592630275138,0.0,0.0,0.0,zz2000_and_cyb,below,56.0,19.0,0.25,188.0,-0.08754521675748315,False
zz2000_and_cyb_below_ma56_days17:scale0.75,38.9591064662105,14.007287178836862,2.7813455931047453,-17.60868647176207,18679.05350612575,-0.7826845246326428,-0.029118578284795138,0.0,34.718405927522824,15.619068645436013,2.22282177738349,-17.60868647176207,1863.4919392284594,-0.37254335541118877,-0.003077879915597048,-3.552713678800501e-14,36.47228253396355,18.194213962130522,2.004608861359828,-17.60868647176207,370.88131131398166,-0.6220356838102319,-0.02073654370568212,1.0658141036401503e-14,49.15250685741943,17.87259385218997,2.7501607916523354,-15.851188490984091,230.4524808819592,-0.7717356429928657,-0.029234138710413138,-0.057366566915561634,31.389103763514825,19.242207310705602,1.6312631527491739,-15.851188490984104,30.776772168342802,-0.09113151219162319,-0.005613709108003517,-0.05736656691557407,zz2000_and_cyb,below,56.0,17.0,0.75,222.0,-0.08762990960460196,False
zz2000_and_cyb_below_ma60_days22:scale0.75,39.16672136440806,14.017805328341993,2.794069431483584,-17.60868647176209,19130.519687763568,-0.5750696264350807,-0.016394739905956524,-2.1316282072803006e-14,34.64982955923224,15.609439476113387,2.2197997315826576,-17.60868647176207,1853.5294753926685,-0.44111972370177455,-0.006099925716429588,-3.552713678800501e-14,36.43974179893532,18.164901921831877,2.0060522184895166,-17.608686471762034,370.32210856388576,-0.6545764188384595,-0.01929318657599355,4.618527782440651e-14,49.08120651582462,17.75064784280902,2.7650374764044425,-15.920083825207287,229.98042227060753,-0.8430359845876794,-0.01435745395830601,-0.1262619011387578,31.079389277983616,19.234347792484215,1.6158275608454906,-15.920083825207254,30.473769975549537,-0.4008459977228327,-0.021049301011686783,-0.12626190113872404,zz2000_and_cyb,below,60.0,22.0,0.75,171.0,-0.08805054697910761,False
zz2000_and_cyb_below_ma59_days22:scale0.75,39.16672136440806,14.017805328341993,2.794069431483584,-17.60868647176209,19130.519687763568,-0.5750696264350807,-0.016394739905956524,-2.1316282072803006e-14,34.64982955923224,15.609439476113387,2.2197997315826576,-17.60868647176207,1853.5294753926685,-0.44111972370177455,-0.006099925716429588,-3.552713678800501e-14,36.43974179893532,18.164901921831877,2.0060522184895166,-17.608686471762034,370.32210856388576,-0.6545764188384595,-0.01929318657599355,4.618527782440651e-14,49.08120651582462,17.75064784280902,2.7650374764044425,-15.920083825207287,229.98042227060753,-0.8430359845876794,-0.01435745395830601,-0.1262619011387578,31.079389277983616,19.234347792484215,1.6158275608454906,-15.920083825207254,30.473769975549537,-0.4008459977228327,-0.021049301011686783,-0.12626190113872404,zz2000_and_cyb,below,59.0,22.0,0.75,170.0,-0.08805054697910761,False
zz2000_and_cyb_below_ma65_days18:scale0.00,37.71387075404129,13.790691945746708,2.734733753926895,-17.60868647176207,16172.975068632459,-2.0279202368018545,-0.07573041746264542,0.0,34.4458796875827,15.330228523171947,2.246925388980149,-17.60868647176207,1824.168796134132,-0.645069595351309,0.02102573168106181,-3.552713678800501e-14,36.10007801401125,17.876083489241164,2.019462374727569,-17.60868647176209,364.5167128920563,-0.99424020376253,-0.005883030337941353,-1.0658141036401503e-14,48.6110267491513,17.43431850783615,2.7882378498076794,-15.793821924068496,226.87873336455291,-1.3132157512609979,0.008842919444930875,3.375077994860476e-14,33.378900050760826,19.123176319060093,1.7454684040899648,-15.793821924068506,32.72315432619797,1.8986647750543781,0.10859154223278744,2.3092638912203256e-14,zz2000_and_cyb,below,65.0,18.0,0.0,232.0,-0.08812023589233733,False
zz2000_and_cyb_below_ma64_days18:scale0.00,37.71387075404129,13.790691945746708,2.734733753926895,-17.60868647176207,16172.975068632459,-2.0279202368018545,-0.07573041746264542,0.0,34.4458796875827,15.330228523171947,2.246925388980149,-17.60868647176207,1824.168796134132,-0.645069595351309,0.02102573168106181,-3.552713678800501e-14,36.10007801401125,17.876083489241164,2.019462374727569,-17.60868647176209,364.5167128920563,-0.99424020376253,-0.005883030337941353,-1.0658141036401503e-14,48.6110267491513,17.43431850783615,2.7882378498076794,-15.793821924068496,226.87873336455291,-1.3132157512609979,0.008842919444930875,3.375077994860476e-14,33.378900050760826,19.123176319060093,1.7454684040899648,-15.793821924068506,32.72315432619797,1.8986647750543781,0.10859154223278744,2.3092638912203256e-14,zz2000_and_cyb,below,64.0,18.0,0.0,231.0,-0.08812023589233733,False
zz2000_and_cyb_below_ma50_days11:scale0.50,37.902399402447216,13.513491429251081,2.8047821394554115,-17.60868647176205,16531.10494601433,-1.8393915883959266,-0.005682031934128862,2.1316282072803006e-14,33.80649907065107,15.023697503721692,2.250211644788274,-17.608686471762034,1734.6791019613393,-1.284450212282941,0.024311987489186837,0.0,36.215258018257444,17.311373816999787,2.0919921434943554,-17.60868647176209,366.47886718699414,-0.8790601995163385,0.06664673842884516,-1.0658141036401503e-14,47.19312075130735,16.853335742479402,2.8002243278376926,-14.76605485970942,217.642677745853,-2.7311217491049504,0.020829397474944056,1.027767064359109,37.892453529986604,18.09271839227403,2.0943482736219163,-14.76605485970942,37.13639934584556,6.412218254280155,0.45747141176473893,1.027767064359109,zz2000_and_cyb,below,50.0,11.0,0.5,373.0,-0.08844047158656335,False
zz2000_and_cyb_below_ma50_days13:scale0.25,38.341647613922824,13.546846572486443,2.830300572813341,-17.60868647176207,17394.35919665123,-1.4001433769203189,0.01983640142380061,0.0,34.51604356436122,15.070476981800832,2.2903086349584645,-17.60868647176207,1834.2244874662306,-0.5749057185727935,0.06440897765937725,-3.552713678800501e-14,36.23833381623278,17.399162773027047,2.0827630782563316,-17.60868647176208,366.872771397711,-0.8559844015410008,0.05741767319082136,0.0,46.7941578619464,16.996979193676093,2.7530867296323263,-14.76605485970941,215.07556692477334,-3.1300846384658954,-0.026308200730422282,1.0277670643591197,36.0793977246729,18.31548026405522,1.9698854304945523,-14.76605485970942,35.36393825139932,4.599162448966453,0.33300856863737494,1.027767064359109,zz2000_and_cyb,below,50.0,13.0,0.25,305.0,-0.08844502161035532,False
zz2000_and_cyb_below_ma54_days17:scale0.75,39.04603619952351,14.011449327376763,2.78672357778378,-17.60868647176208,18866.862896271326,-0.6957547913196294,-0.023740593605760196,-1.0658141036401503e-14,34.7031826607398,15.61941692188947,2.221797576329871,-17.60868647176205,1861.2764324152681,-0.38776662219421354,-0.004102080969216271,-1.4210854715202004e-14,36.47228253396355,18.194213962130522,2.004608861359828,-17.60868647176207,370.88131131398166,-0.6220356838102319,-0.02073654370568212,1.0658141036401503e-14,49.15250685741943,17.87259385218997,2.7501607916523354,-15.851188490984091,230.4524808819592,-0.7717356429928657,-0.029234138710413138,-0.057366566915561634,31.389103763514825,19.242207310705602,1.6312631527491739,-15.851188490984104,30.776772168342802,-0.09113151219162319,-0.005613709108003517,-0.05736656691557407,zz2000_and_cyb,below,54.0,17.0,0.75,218.0,-0.0885987081349019,False
zz2000_and_cyb_below_ma55_days17:scale0.75,39.04603619952351,14.011449327376763,2.78672357778378,-17.60868647176208,18866.862896271326,-0.6957547913196294,-0.023740593605760196,-1.0658141036401503e-14,34.7031826607398,15.61941692188947,2.221797576329871,-17.60868647176205,1861.2764324152681,-0.38776662219421354,-0.004102080969216271,-1.4210854715202004e-14,36.47228253396355,18.194213962130522,2.004608861359828,-17.60868647176207,370.88131131398166,-0.6220356838102319,-0.02073654370568212,1.0658141036401503e-14,49.15250685741943,17.87259385218997,2.7501607916523354,-15.851188490984091,230.4524808819592,-0.7717356429928657,-0.029234138710413138,-0.057366566915561634,31.389103763514825,19.242207310705602,1.6312631527491739,-15.851188490984104,30.776772168342802,-0.09113151219162319,-0.005613709108003517,-0.05736656691557407,zz2000_and_cyb,below,55.0,17.0,0.75,218.0,-0.0885987081349019,False
zz2000_and_cyb_below_ma56_days16:scale0.75,38.962961554613074,14.001136263536884,2.782842822270375,-17.608686471762113,18687.345257032797,-0.778829436230069,-0.027621349119165473,-4.263256414560601e-14,34.63002943381257,15.616151497235467,2.2175777072823055,-17.60868647176205,1850.661478461662,-0.4609198491214457,-0.00832195001678171,-1.4210854715202004e-14,36.40091503396255,18.190266633028767,2.001120476588727,-17.60868647176208,369.65557694260906,-0.6934031838112347,-0.02422492847678326,0.0,49.26346518246842,17.87381529428701,2.756180724224808,-15.78371488934801,231.18799692458353,-0.6607773179438752,-0.02321420613794034,0.010107034720519437,31.496291244070495,19.24147374221814,1.636895991753677,-15.783714889348023,30.881633778035212,0.016055968364046436,1.9129896499547883e-05,0.010107034720507002,zz2000_and_cyb,below,56.0,16.0,0.75,242.0,-0.08890231465641477,False
zz2000_and_cyb_below_ma64_days14:scale0.75,39.118022346590564,13.891564819586497,2.815955067310766,-17.60868647176207,19023.717924744124,-0.6237686442525785,0.005490895921225647,0.0,34.660093439654574,15.482913806875038,2.238602750876524,-17.60868647176208,1855.0176647700116,-0.4308558432794385,0.012703093577436597,-4.618527782440651e-14,36.540016871411886,17.99005929691088,2.0311226476994584,-17.60868647176207,372.04700999618285,-0.5543013463618962,0.0057772426339481875,1.0658141036401503e-14,48.477491601384884,17.63859355102658,2.7483762501326785,-15.793821924068519,226.00137838716395,-1.446750899027414,-0.03101868023007004,1.0658141036401503e-14,29.977441856449083,19.054456762331625,1.573250931808819,-15.793821924068506,29.39560498798297,-1.5027934192573653,-0.06362593004835837,2.3092638912203256e-14,zz2000_and_cyb,below,64.0,14.0,0.75,315.0,-0.08923167589635214,False
zz2000_and_cyb_below_ma45_days18:scale0.75,39.14237473694071,14.05480912332473,2.784980884015122,-17.60868647176209,19077.05544745146,-0.599416253902433,-0.025483287374418406,-2.1316282072803006e-14,34.74787221064604,15.668732020657972,2.2176569338752965,-17.60868647176208,1867.786692577114,-0.3430770722879757,-0.008242723423790732,-4.618527782440651e-14,36.55580324303425,18.19447403122614,2.009170651500868,-17.60868647176209,372.3190224440201,-0.5385149747395346,-0.016174753564642153,-1.0658141036401503e-14,49.00020581162108,17.854135283948732,2.744473760970847,-15.707573600481162,229.44468518972255,-0.9240366887912188,-0.034921169391901596,0.08624832358736789,30.939965256653768,19.18506119645164,1.6127113142790623,-15.707573600481183,30.337363626717973,-0.5402700190526808,-0.024165547578115065,0.08624832358734658,zz2000_and_cyb,below,45.0,18.0,0.75,162.0,-0.08942597711063666,False
zz2000_and_cyb_below_ma46_days18:scale0.75,39.16349709481768,14.05440660896907,2.7865635444064067,-17.60868647176205,19123.431302217203,-0.578293896025464,-0.023900626983133666,2.1316282072803006e-14,34.74787221064604,15.668732020657972,2.2176569338752965,-17.60868647176208,1867.786692577114,-0.3430770722879757,-0.008242723423790732,-4.618527782440651e-14,36.55580324303425,18.19447403122614,2.009170651500868,-17.60868647176209,372.3190224440201,-0.5385149747395346,-0.016174753564642153,-1.0658141036401503e-14,49.00020581162108,17.854135283948732,2.744473760970847,-15.707573600481162,229.44468518972255,-0.9240366887912188,-0.034921169391901596,0.08624832358736789,30.939965256653768,19.18506119645164,1.6127113142790623,-15.707573600481183,30.337363626717973,-0.5402700190526808,-0.024165547578115065,0.08624832358734658,zz2000_and_cyb,below,46.0,18.0,0.75,163.0,-0.08942597711063666,False
zz2000_and_cyb_below_ma47_days18:scale0.75,39.17600657883844,14.054842315765647,2.7873672075917773,-17.608686471762034,19150.94642530226,-0.5657844120047031,-0.02309696379776316,3.552713678800501e-14,34.74787221064604,15.668732020657972,2.2176569338752965,-17.60868647176208,1867.786692577114,-0.3430770722879757,-0.008242723423790732,-4.618527782440651e-14,36.55580324303425,18.19447403122614,2.009170651500868,-17.60868647176209,372.3190224440201,-0.5385149747395346,-0.016174753564642153,-1.0658141036401503e-14,49.00020581162108,17.854135283948732,2.744473760970847,-15.707573600481162,229.44468518972255,-0.9240366887912188,-0.034921169391901596,0.08624832358736789,30.939965256653768,19.18506119645164,1.6127113142790623,-15.707573600481183,30.337363626717973,-0.5402700190526808,-0.024165547578115065,0.08624832358734658,zz2000_and_cyb,below,47.0,18.0,0.75,169.0,-0.08942597711063666,False
zz2000_and_cyb_below_ma59_days11:scale0.75,38.524004695282386,13.740929663357823,2.803595218015868,-17.60868647176206,17764.934675006803,-1.2177862955607566,-0.006868953373672326,1.0658141036401503e-14,34.16681907754477,15.292342334034473,2.2342436711937497,-17.60868647176206,1784.6385781577587,-0.9241302053892397,0.008344013894662439,-2.4868995751603507e-14,36.27573478010577,17.697583369982016,2.049756400166778,-17.608686471762034,367.51177103351694,-0.8185834376680106,0.024410995101267652,4.618527782440651e-14,48.0200141852525,17.24620392444763,2.7843816758527926,-15.057921896366045,223.0075358474242,-1.9042283151597985,0.0049867454900440755,0.7359000277024847,32.494428716674186,18.528705645103067,1.7537344129195611,-15.057921896366011,31.858042510081532,1.0141934409677376,0.11685755106238371,0.7359000277025185,zz2000_and_cyb,below,59.0,11.0,0.75,422.0,-0.08943343971361326,False
zz2000_and_cyb_below_ma52_days11:scale0.50,37.81168467702252,13.50659802876811,2.799497297282874,-17.60868647176207,16357.870763407633,-1.9301063138206231,-0.010966874106666413,0.0,33.574136304362256,15.011646164521874,2.236539279996519,-17.60868647176206,1703.0966858300349,-1.5168129785717568,0.010639622697431683,-2.4868995751603507e-14,36.29844270484141,17.30999820478103,2.096963978587575,-17.60868647176206,367.9000793954409,-0.7958755129323691,0.07161857352206491,2.1316282072803006e-14,47.29857478676425,16.849198569919256,2.807170595710471,-14.766054859709431,218.32353561516263,-2.625667713648049,0.027775665347722356,1.0277670643590984,37.892453529986604,18.09271839227403,2.0943482736219163,-14.76605485970942,37.13639934584556,6.412218254280155,0.45747141176473893,1.027767064359109,zz2000_and_cyb,below,52.0,11.0,0.5,378.0,-0.08968613021667596,False
zz2000_and_cyb_below_ma49_days20:scale0.00,38.143009699388195,13.986726094829343,2.727086341777224,-17.72110427444703,16998.902297343546,-1.598781291454948,-0.08337782961231621,-0.11241780268495916,34.29061319323876,15.583901192918312,2.200386974271963,-17.721104274446997,1802.0834826793973,-0.80033608969525,-0.025512683027124172,-0.11241780268496271,36.1214045110577,18.10852727837807,1.9947179555671184,-17.721104274447054,364.87952283738184,-0.9729137067160849,-0.0306274494983918,-0.11241780268497337,49.417767273287815,17.804843578225853,2.7755238093595205,-14.76605485970941,232.21263824654162,-0.5064752271244828,-0.003871121003228062,1.0277670643591197,33.22611595025813,19.241090495972465,1.7268312290934342,-14.76605485970942,32.573721432401825,1.7458806745516782,0.08995436723625683,1.027767064359109,zz2000_and_cyb,below,49.0,20.0,0.0,146.0,-0.0897356929598657,False
zz2000_and_cyb_below_ma53_days16:scale0.75,39.04990731337523,14.00523014108267,2.7882374598634403,-17.608686471762102,18875.267134845122,-0.6918836774679136,-0.022226711526100118,-3.197442310920451e-14,34.614837145593235,15.616399628968864,2.2165696298768975,-17.60868647176206,1848.4634844417017,-0.4761121373407775,-0.00933002742218969,-2.4868995751603507e-14,36.40095768012716,18.190094270199527,2.001141782962727,-17.60868647176208,369.6563086267013,-0.693360537646619,-0.02420362210278304,0.0,49.263542961943905,17.87352277453,2.7562301837970686,-15.78371488934801,231.18851288777202,-0.6606995384683927,-0.023164746565679906,0.010107034720519437,31.496291244070495,19.24147374221814,1.636895991753677,-15.783714889348023,30.881633778035212,0.016055968364046436,1.9129896499547883e-05,0.010107034720507002,zz2000_and_cyb,below,53.0,16.0,0.75,234.0,-0.08982252413516514,False
zz2000_and_cyb_below_ma54_days16:scale0.75,39.049893699583805,14.005300204429352,2.7882225392950724,-17.608686471762102,18875.237573012677,-0.6918972912593375,-0.022241632094468056,-3.197442310920451e-14,34.61481615363042,15.61649964159732,2.216554090100173,-17.60868647176206,1848.4604489033518,-0.47613312930359086,-0.009345567198914217,-2.4868995751603507e-14,36.40091503396255,18.190266633028767,2.001120476588727,-17.60868647176208,369.65557694260906,-0.6934031838112347,-0.02422492847678326,0.0,49.26346518246842,17.87381529428701,2.756180724224808,-15.78371488934801,231.18799692458353,-0.6607773179438752,-0.02321420613794034,0.010107034720519437,31.496291244070495,19.24147374221814,1.636895991753677,-15.783714889348023,30.881633778035212,0.016055968364046436,1.9129896499547883e-05,0.010107034720507002,zz2000_and_cyb,below,54.0,16.0,0.75,238.0,-0.08987052165294558,False
zz2000_and_cyb_below_ma55_days16:scale0.75,39.049893699583805,14.005300204429352,2.7882225392950724,-17.608686471762102,18875.237573012677,-0.6918972912593375,-0.022241632094468056,-3.197442310920451e-14,34.61481615363042,15.61649964159732,2.216554090100173,-17.60868647176206,1848.4604489033518,-0.47613312930359086,-0.009345567198914217,-2.4868995751603507e-14,36.40091503396255,18.190266633028767,2.001120476588727,-17.60868647176208,369.65557694260906,-0.6934031838112347,-0.02422492847678326,0.0,49.26346518246842,17.87381529428701,2.756180724224808,-15.78371488934801,231.18799692458353,-0.6607773179438752,-0.02321420613794034,0.010107034720519437,31.496291244070495,19.24147374221814,1.636895991753677,-15.783714889348023,30.881633778035212,0.016055968364046436,1.9129896499547883e-05,0.010107034720507002,zz2000_and_cyb,below,55.0,16.0,0.75,238.0,-0.08987052165294558,False
zz2000_and_cyb_below_ma55_days19:scale0.25,38.4110984718518,13.919826919278663,2.759452304586722,-17.608686471762034,17534.635554115222,-1.3306925189913414,-0.05101186680281833,3.552713678800501e-14,34.480029040252845,15.493062393680868,2.2255141149057893,-17.608686471762113,1829.0570945307575,-0.6109202426811677,-0.00038554239329791073,-7.815970093361102e-14,36.441745339762875,18.119136600199756,2.0112296818470434,-17.60868647176206,370.3565234681447,-0.6525728780109077,-0.01411572321846677,2.1316282072803006e-14,49.09826891806035,17.83335494495181,2.7531706215469502,-15.793821924068506,230.09334654637232,-0.8259735823519492,-0.026224308815798292,2.3092638912203256e-14,31.48023527570645,19.23188970976682,1.6368768618571774,-15.79382192406853,30.86592630275138,0.0,0.0,0.0,zz2000_and_cyb,below,55.0,19.0,0.25,184.0,-0.09043952060691718,False
zz2000_and_cyb_below_ma54_days19:scale0.25,38.4110984718518,13.919826919278663,2.759452304586722,-17.608686471762034,17534.635554115222,-1.3306925189913414,-0.05101186680281833,3.552713678800501e-14,34.480029040252845,15.493062393680868,2.2255141149057893,-17.608686471762113,1829.0570945307575,-0.6109202426811677,-0.00038554239329791073,-7.815970093361102e-14,36.441745339762875,18.119136600199756,2.0112296818470434,-17.60868647176206,370.3565234681447,-0.6525728780109077,-0.01411572321846677,2.1316282072803006e-14,49.09826891806035,17.83335494495181,2.7531706215469502,-15.793821924068506,230.09334654637232,-0.8259735823519492,-0.026224308815798292,2.3092638912203256e-14,31.48023527570645,19.23188970976682,1.6368768618571774,-15.79382192406853,30.86592630275138,0.0,0.0,0.0,zz2000_and_cyb,below,54.0,19.0,0.25,184.0,-0.09043952060691718,False
zz2000_and_cyb_below_ma63_days13:scale0.50,38.363316737076005,13.628355527388326,2.8149630129606527,-17.60868647176205,17438.01370476984,-1.3784742537671377,0.004498841571112244,2.1316282072803006e-14,34.336079055425664,15.176230071619415,2.262490677420374,-17.60868647176206,1808.5268670374794,-0.7548702275083485,0.0365910201212869,-2.4868995751603507e-14,36.427079283743026,17.58478458503758,2.0715112606348245,-17.608686471762013,370.1046505675211,-0.6672389340307561,0.046165855569314296,6.750155989720952e-14,47.64821863826876,17.22307823233507,2.7665332523899653,-15.793821924068553,220.58793851818535,-2.276023862143539,-0.012861677972783259,-2.3092638912203256e-14,31.335645328597096,18.66846204665235,1.6785338422784666,-15.79382192406854,30.724473185835333,-0.14458994710935258,0.04165698042128918,-1.0658141036401503e-14,zz2000_and_cyb,below,63.0,13.0,0.5,336.0,-0.09071270583244143,False
zz2000_and_cyb_below_ma57_days19:scale0.50,38.591898590367094,13.962939152140862,2.7638807395683593,-17.608686471762034,17904.774321596335,-1.1498924004760482,-0.046583431821181076,3.552713678800501e-14,34.576835442750294,15.556802304922115,2.2226184253694807,-17.60868647176205,1842.975220559654,-0.5141138401837182,-0.0032812319296064985,-1.4210854715202004e-14,36.50161532794092,18.160621986608675,2.0099320031470604,-17.60868647176206,371.3858418848525,-0.5927028898328643,-0.015413401918449754,2.1316282072803006e-14,49.07973607586924,17.861910394779922,2.7477316250680897,-15.793821924068485,229.97069164591446,-0.8445064245430558,-0.03166330529465888,4.440892098500626e-14,31.079239021138072,19.234939955332063,1.6157700046535721,-15.79382192406853,30.47362297217735,-0.4009962545683763,-0.021106857203605278,0.0,zz2000_and_cyb,below,57.0,19.0,0.5,192.0,-0.0909047107800253,False
zz2000_and_cyb_below_ma63_days18:scale0.00,37.61795055519157,13.805348867752725,2.7248822840733564,-17.60868647176206,15993.550999695148,-2.123840435651573,-0.08558188731618399,1.0658141036401503e-14,34.29675760754316,15.351146863443848,2.2341495337534076,-17.60868647176205,1802.953118406581,-0.7941916753908558,0.008249876454320404,-1.4210854715202004e-14,36.22526966865733,17.87421378033022,2.026677654964698,-17.608686471762102,366.6497335686789,-0.8690485491164495,0.0013322498991876763,-2.1316282072803006e-14,48.6110267491513,17.43431850783615,2.7882378498076794,-15.793821924068496,226.87873336455291,-1.3132157512609979,0.008842919444930875,3.375077994860476e-14,33.378900050760826,19.123176319060093,1.7454684040899648,-15.793821924068506,32.72315432619797,1.8986647750543781,0.10859154223278744,2.3092638912203256e-14,zz2000_and_cyb,below,63.0,18.0,0.0,226.0,-0.09099247787571689,False
zz2000_and_cyb_below_ma61_days16:scale0.50,38.35877763872184,13.798006661261875,2.78002312800839,-17.76280408324985,17428.860815934135,-1.3830133521213028,-0.03044104338115039,-0.1541176114877807,34.437501460848495,15.36097895516893,2.2418819504508445,-17.762804083249883,1822.9712017135216,-0.6534478220855178,0.015982293151757254,-0.1541176114878482,36.259665693081836,17.84052163335913,2.0324330441819387,-17.76280408324993,367.23714329451775,-0.834652524691947,0.007087639116428512,-0.1541176114878482,48.56243134819642,17.48638666457604,2.777156440591257,-15.79382192406853,226.55926936581872,-1.3618111522158785,-0.0022384897714915475,0.0,31.93482140278523,19.127248730354847,1.6695982706652854,-15.793821924068496,31.310633011127464,0.4545861270787803,0.03272140880810803,3.375077994860476e-14,zz2000_and_cyb,below,61.0,16.0,0.5,265.0,-0.09222864656550625,False
zz2000_and_cyb_below_ma49_days12:scale0.50,38.45719811280086,13.653230411888925,2.8167105478065615,-17.60868647176206,17628.328596973934,-1.2845928780422824,0.006246376417021082,1.0658141036401503e-14,34.44962528269953,15.201878032852456,2.2661427231721745,-17.608686471762034,1824.7044133509785,-0.6413240002344835,0.040243065873087236,0.0,36.48264772959886,17.482555869962173,2.0868028680109574,-17.608686471762024,371.05954564223873,-0.6116704881749229,0.06145746294544718,5.684341886080802e-14,46.86927013443882,17.06409239535425,2.7466605928129595,-14.766054859709431,215.55781481005977,-3.0549723659734767,-0.03273433754978905,1.0277670643590984,36.23724901309468,18.161809808937832,1.9952443833687503,-14.76605485970942,35.51827119840845,4.757013737388235,0.3583675215115729,1.027767064359109,zz2000_and_cyb,below,49.0,12.0,0.5,320.0,-0.09253378298067269,False
zz2000_and_cyb_below_ma62_days20:scale0.50,38.66075320494482,13.910371884972857,2.7792753151847354,-17.60868647176207,18047.639957039915,-1.0810377858983244,-0.03118885620480505,0.0,34.43711040744015,15.481303257131051,2.224432260996994,-17.60868647176205,1822.9153204286301,-0.6538388754938609,-0.001467396302093249,-1.4210854715202004e-14,36.22494732492974,18.03006613710823,2.009141122914356,-17.60868647176209,366.64423142804645,-0.8693708928440458,-0.016204282151154104,-1.0658141036401503e-14,48.9621499903065,17.61915747933029,2.7789155098787144,-15.79382192406854,229.1931847244563,-0.9620925101057978,-0.00047942048403415427,-1.0658141036401503e-14,31.079239021138072,19.234939955332063,1.6157700046535721,-15.79382192406853,30.47362297217735,-0.4009962545683763,-0.021106857203605278,0.0,zz2000_and_cyb,below,62.0,20.0,0.5,199.0,-0.09279193483670181,False
zz2000_and_cyb_below_ma62_days16:scale0.25,37.90147504620192,13.72002235423913,2.762493680230145,-18.353801492269064,16529.33115546397,-1.840315944641226,-0.04797049115939522,-0.7451150205069936,34.32492019265252,15.273909912670478,2.247290994179445,-18.35380149226905,1806.9436260500033,-0.7660290902814921,0.02139133688035777,-0.745115020507015,36.291101034202676,17.745421639235126,2.045096576007135,-18.353801492269007,367.77450771686676,-0.8032171835711068,0.019751170941624707,-0.7451150205069261,48.71956431245199,17.408760607123174,2.798565929645636,-15.793821924068475,227.59300537383513,-1.2046781879603046,0.019170999282887458,5.5067062021407764e-14,32.15594733894669,19.10096718812648,1.6834722044303303,-15.793821924068506,31.52694378238934,0.6757120632402405,0.0465953425731529,2.3092638912203256e-14,zz2000_and_cyb,below,62.0,16.0,0.25,264.0,-0.09290505797988688,False
zz2000_and_cyb_below_ma60_days11:scale0.75,38.58295349423404,13.745438005637443,2.8069642799603725,-17.60868647176205,17886.291799150724,-1.1588374966091024,-0.003499891429167956,2.1316282072803006e-14,34.25776883749896,15.29884546475909,2.2392388312184583,-17.60868647176208,1797.44099373086,-0.8331804454350547,0.013339173919371117,-4.618527782440651e-14,36.16139487945767,17.693868286773295,2.0437246560996165,-17.608686471762013,365.5604562574438,-0.9329233383161153,0.018379251034106314,6.750155989720952e-14,47.99292001468085,17.250046712575312,2.782190727616635,-15.057921896366011,222.83080132194604,-1.9313224857314495,0.002795797253886345,0.7359000277025185,32.4206722560963,18.539329718060017,1.7487510470518162,-15.057921896366032,31.785895993399183,0.9404369803898547,0.11187418519463876,0.7359000277024972,zz2000_and_cyb,below,60.0,11.0,0.75,416.0,-0.09326890554698372,False
zz2000_and_cyb_below_ma64_days16:scale0.25,37.874061481700735,13.746205943168091,2.755237455213907,-17.608686471762102,16476.806506902183,-1.867729509142407,-0.05522671617563324,-3.197442310920451e-14,34.282391763493834,15.311318729662002,2.2390228019406284,-17.608686471762034,1800.920440700639,-0.8085575194401784,0.013123144641541185,0.0,35.806356265436534,17.846622151050315,2.006338004042364,-17.608686471762113,359.5428509719672,-1.2879619523372483,-0.01900740102314602,-3.197442310920451e-14,48.895836183624944,17.41050656577949,2.808409738044622,-15.793821924068506,228.75524038383074,-1.028406316787354,0.029014807681873478,2.3092638912203256e-14,32.15594733894669,19.10096718812648,1.6834722044303303,-15.793821924068506,31.52694378238934,0.6757120632402405,0.0465953425731529,2.3092638912203256e-14,zz2000_and_cyb,below,64.0,16.0,0.25,268.0,-0.0937643393524323,False
zz2000_and_cyb_below_ma52_days19:scale0.25,38.44735211076837,13.922213890671706,2.7615832088694767,-17.60868647176208,17608.278462186343,-1.2944388800747717,-0.04888096252006369,-1.0658141036401503e-14,34.53613693040867,15.496505979523375,2.2286402480690612,-17.608686471762034,1837.1129102486673,-0.5548123525253459,0.002740590769974016,0.0,36.28368218839939,18.096132390062124,2.0050517650017494,-17.60868647176206,367.64764340153243,-0.8106360293743933,-0.020293640063760776,2.1316282072803006e-14,48.81050458665497,17.794770449475795,2.7429690495441514,-14.934332709011732,228.19227099630405,-1.1137379137573262,-0.0364258808185971,0.8594892150567972,32.84573362801788,19.231973302793374,1.7078712158594334,-14.934332709011699,32.20166977010377,1.365498352311434,0.07099435400225595,0.859489215056831,zz2000_and_cyb,below,52.0,19.0,0.25,178.0,-0.09379713934042612,False
zz2000_and_cyb_below_ma57_days15:scale0.50,38.62083309708775,13.826402568271446,2.7932669330570534,-17.60868647176206,17964.681309159736,-1.1209578937553957,-0.017197238332486986,1.0658141036401503e-14,34.56643876379384,15.419861256369193,2.2416828653056866,-17.608686471762034,1841.4761419495594,-0.524510519140172,0.01578320800659938,0.0,36.42881488209335,17.968651538112994,2.0273538503890975,-17.60868647176206,370.13445187790535,-0.6655033356804338,0.002008445323587349,2.1316282072803006e-14,48.55846189981505,17.72156533619044,2.7400774693785337,-15.638340213186408,226.53318357271442,-1.3657806005972475,-0.03931746098421485,0.15548171088212115,31.074717576400367,19.08954160035813,1.6278399045379586,-15.638340213186419,30.469199427786386,-0.40551769930608117,-0.00903695731921883,0.1554817108821105,zz2000_and_cyb,below,57.0,15.0,0.5,273.0,-0.09448352295329522,False
zz2000_and_cyb_below_ma56_days14:scale0.75,39.16161039849821,13.925585024347328,2.812205758682922,-17.608686471762024,19119.28463619017,-0.5801805923449308,0.0017415872933814747,4.618527782440651e-14,34.77675699302421,15.529257670454111,2.2394346034447152,-17.60868647176208,1872.0048945024257,-0.31419228990980486,0.013534946145628002,-4.618527782440651e-14,36.649320846460995,18.064042948200818,2.028854833414315,-17.60868647176206,373.93297996089467,-0.4449973713127875,0.003509428348804633,2.1316282072803006e-14,48.38331035748371,17.78764383258874,2.720051672545897,-15.519793617647748,225.38353051321883,-1.5409321429285896,-0.05934325781685157,0.2740283064207816,29.981497425530733,19.117917515638908,1.5682407564006469,-15.519793617647792,29.399573314982085,-1.498737850175715,-0.06863610545653054,0.27402830642073717,zz2000_and_cyb,below,56.0,14.0,0.75,293.0,-0.09460217722853667,False
zz2000_and_cyb_below_ma60_days14:scale0.00,38.09276566777755,13.552536036449537,2.8107481555722917,-17.608686471762102,16900.210329814196,-1.6490253230655938,0.000283984182751329,-3.197442310920451e-14,34.887301360997114,15.080799542037344,2.3133588682582547,-17.60868647176206,1888.2235567348516,-0.2036479219368985,0.08745921095916742,-2.4868995751603507e-14,36.86214319287113,17.46410602506763,2.1107374829241157,-17.60868647176206,377.62237215009424,-0.23217502490265218,0.08539207785860548,2.1316282072803006e-14,45.92679540672011,17.144365853313058,2.6788273068639046,-14.766054859709444,209.54227582689634,-3.9974470936921875,-0.10056762349884396,1.027767064359086,30.72887511823712,18.604694750950994,1.6516731679602747,-14.7660548597094,30.1308375605446,-0.7513601574693283,0.014796306103097345,1.0277670643591303,zz2000_and_cyb,below,60.0,14.0,0.0,318.0,-0.09744903786228021,False
zz2000_and_cyb_below_ma51_days21:scale0.50,38.9518139277403,14.000082794278898,2.7822559694902567,-18.147437565227854,18663.377664562482,-0.789977063102846,-0.028208201899283747,-0.538751093465784,34.5810047893256,15.592256997549839,2.217831888915097,-18.147437565227875,1843.5766837723627,-0.5099444936084154,-0.00806776838399026,-0.5387510934658408,36.23765260604752,18.195888516361236,1.9915297114215462,-18.147437565227808,366.86113932269933,-0.8566656117262639,-0.03381569364396397,-0.5387510934657271,49.58954120260648,17.864543235005765,2.775863930594947,-15.638340213186453,233.3557802622491,-0.3347012978058146,-0.003530999767801468,0.15548171088207674,31.727236200501572,19.24868981638114,1.6482802987193892,-15.638340213186453,31.107562469866945,0.24700092479512392,0.011403436862211791,0.15548171088207674,zz2000_and_cyb,below,51.0,21.0,0.5,148.0,-0.09814381706074288,False
zz2000_and_cyb_below_ma49_days13:scale0.50,38.69766680123128,13.714867601359677,2.8215851531366467,-17.60868647176205,18124.66830809085,-1.044124189611864,0.011120981747106296,2.1316282072803006e-14,34.55272180491349,15.281356921232229,2.261102988629579,-17.60868647176208,1839.4999106115872,-0.5382274780205236,0.03520333133049158,-4.618527782440651e-14,36.24235434045951,17.603587545691713,2.058805016101927,-17.60868647176207,366.9414289936608,-0.8519638773142759,0.0334596110364167,1.0658141036401503e-14,47.303719410678454,17.223233922448642,2.746506238240376,-14.76605485970941,218.35677640552927,-2.620523089733844,-0.032888692122372554,1.0277670643591197,34.55711071279557,18.51573933870356,1.86636407440456,-14.76605485970942,33.87542367394622,3.0768754370891216,0.22948721254738258,1.027767064359109,zz2000_and_cyb,below,49.0,13.0,0.5,289.0,-0.09924140177785032,False
zz2000_and_cyb_below_ma48_days12:scale0.50,38.38458061585759,13.661235788412181,2.809744389919424,-17.60868647176208,17480.951034122783,-1.3572103749855557,-0.0007197814701163097,-1.0658141036401503e-14,34.35485265988956,15.213039943107368,2.258250342362037,-17.60868647176209,1811.19317160261,-0.7360966230444532,0.03235068506294958,-5.684341886080802e-14,36.48264772959886,17.482555869962173,2.0868028680109574,-17.608686471762024,371.05954564223873,-0.6116704881749229,0.06145746294544718,5.684341886080802e-14,46.86927013443882,17.06409239535425,2.7466605928129595,-14.766054859709431,215.55781481005977,-3.0549723659734767,-0.03273433754978905,1.0277670643590984,36.23724901309468,18.161809808937832,1.9952443833687503,-14.76605485970942,35.51827119840845,4.757013737388235,0.3583675215115729,1.027767064359109,zz2000_and_cyb,below,48.0,12.0,0.5,315.0,-0.09932315207004175,False
zz2000_and_cyb_below_ma56_days12:scale0.75,38.796420021149956,13.81661651978065,2.8079537392969405,-17.60868647176206,18332.24768947489,-0.9453709696931867,-0.0025104320925999346,1.0658141036401503e-14,34.50011983564569,15.38844818478528,2.241949247992161,-17.60868647176205,1831.9382038211209,-0.5908294472883213,0.016049590693073768,-1.4210854715202004e-14,36.444299405678635,17.84678208739993,2.042065579509082,-17.60868647176206,370.40039768322987,-0.6500188120951478,0.016720174443571878,2.1316282072803006e-14,48.08799413734266,17.464378937815603,2.7534900787807444,-15.707573600481172,223.45125062912427,-1.836248363069636,-0.025904851582004174,0.08624832358735723,31.932483512132027,18.746466061906787,1.7033868360405005,-15.707573600481162,31.30834599648096,0.45224823642557865,0.06650997418332305,0.08624832358736789,zz2000_and_cyb,below,56.0,12.0,0.75,357.0,-0.09958681130034908,False
zz2000_and_cyb_below_ma53_days20:scale0.50,38.784072904018686,13.975070116997943,2.77523279520762,-17.608686471762034,18306.173372437897,-0.9577180868244568,-0.03523137618192029,3.552713678800501e-14,34.427366186379096,15.560754851491895,2.212448336532874,-17.60868647176206,1821.5233491972522,-0.6635830965549161,-0.013451320766213026,-2.4868995751603507e-14,36.371759117721524,18.17153157057576,2.0015791721494995,-17.60868647176205,369.1555594601045,-0.7225591000522584,-0.023766232916010654,3.197442310920451e-14,49.22951525826975,17.860518139782595,2.7563318641140495,-15.79382192406853,230.9628354859923,-0.6947272421425481,-0.023063066248699027,0.0,31.48023527570645,19.23188970976682,1.6368768618571774,-15.79382192406853,30.86592630275138,0.0,0.0,0.0,zz2000_and_cyb,below,53.0,20.0,0.5,166.0,-0.09965282483892693,False
zz2000_and_cyb_below_ma61_days17:scale0.50,38.17489906144256,13.846812497817632,2.7569448974238098,-17.60868647176205,17061.819325200213,-1.5668919294005832,-0.05351927396573064,2.1316282072803006e-14,34.340983119439,15.419175475538957,2.2271607955897306,-17.60868647176207,1809.2230391924847,-0.7499661634950101,0.0012611382906433377,-3.552713678800501e-14,36.07052681355096,17.93030731541285,2.0117071157249393,-17.608686471762024,364.01435703208176,-1.0237914042228198,-0.013638289340570875,5.684341886080802e-14,48.79017309111868,17.504119306014797,2.787353778739003,-15.79382192406854,228.05823005591273,-1.134069409293616,0.00795884837625449,-1.0658141036401503e-14,31.696082524049608,19.125096870694293,1.6573031100625715,-15.79382192406854,31.07708586592146,0.2158472483431595,0.02042624820539407,-1.0658141036401503e-14,zz2000_and_cyb,below,61.0,17.0,0.5,246.0,-0.10023326471476186,False
zz2000_and_cyb_below_ma56_days18:scale0.50,38.56495820589374,13.94361295184513,2.765779453222023,-17.60868647176206,17849.163455299466,-1.1768327849494042,-0.04468471816751762,1.0658141036401503e-14,34.61570772987168,15.53486434164075,2.2282594149911747,-17.608686471762034,1848.5893788455408,-0.4752415530623324,0.0023597576920875163,0.0,36.455005528490304,18.139865771185985,2.009662364006946,-17.60868647176205,370.58434503136357,-0.6393126892834786,-0.015683041058564218,3.197442310920451e-14,48.88025400779157,17.830566804835623,2.741374098917333,-15.908884850442838,228.6523901156048,-1.043988492620727,-0.03802083144541557,-0.11506292637430882,31.297449439665638,19.2548010655124,1.6254361358073457,-15.908884850442872,30.687105499015278,-0.18278583604081078,-0.011440726049831706,-0.11506292637434257,zz2000_and_cyb,below,56.0,18.0,0.5,204.0,-0.10114610389194882,False
zz2000_and_cyb_below_ma60_days16:scale0.00,37.29062211937708,13.671360104544721,2.727645372092912,-18.95582529788572,15395.124938481013,-2.4511688714660593,-0.0828187992966285,-1.3471388261236505,34.26945589620753,15.201279541444594,2.2543796923657435,-18.9558252978857,1799.091767905066,-0.8214933867264804,0.028480035066656306,-1.3471388261236648,36.106150056984255,17.637718727023945,2.0470986421653032,-18.95582529788571,364.61998845139175,-0.9881681607895274,0.021753237099793044,-1.3471388261236292,48.49755153729065,17.254998658424128,2.8106378039973636,-14.76605485970941,226.1330763756523,-1.4266909631216507,0.031242873634615087,1.0277670643591197,36.15803717404671,18.86908303237245,1.9162583105926627,-14.76605485970942,35.44082529175145,4.677801898340263,0.2793814487354853,1.027767064359109,zz2000_and_cyb,below,60.0,16.0,0.0,271.0,-0.10175700979591691,False
zz2000_and_cyb_below_ma57_days12:scale0.50,38.06915610299954,13.596317888769507,2.79996072572299,-17.60868647176206,16854.019774153017,-1.6726348878436,-0.01050344566655026,1.0658141036401503e-14,34.24528707537884,15.134021503786055,2.2628015340675804,-17.60868647176205,1795.67939534653,-0.8456622075551721,0.036901876768493214,-1.4210854715202004e-14,36.38753908026003,17.53430024999726,2.075220485645882,-17.608686471762034,369.4261294544197,-0.706779137513756,0.04987508058037182,4.618527782440651e-14,47.35758047818075,17.15012823885182,2.761354307013116,-15.622737962110723,218.7049258683277,-2.5666620222315473,-0.018040623349632412,0.17108396195780706,33.21497360624588,18.275350974873632,1.8174739107288498,-15.622737962110666,32.56282337281186,1.7347383305394288,0.18059704887167238,0.1710839619578639,zz2000_and_cyb,below,57.0,12.0,0.5,364.0,-0.10215046057896766,False
zz2000_and_cyb_below_ma50_days22:scale0.50,39.030231309784845,14.013094921630161,2.7852684598274604,-17.60868647176206,18832.58645635762,-0.7115596810582971,-0.025195711562080003,1.0658141036401503e-14,34.60495552469796,15.60728357260374,2.217231164136839,-17.60868647176205,1847.0350251614207,-0.48599375823605584,-0.008668493162248048,-1.4210854715202004e-14,36.41126677107405,18.220274401571245,1.99839288742732,-17.608686471762034,369.83320936346865,-0.6830514466997357,-0.026952517638190177,4.618527782440651e-14,49.081635571328185,17.878333860953685,2.7453137385761974,-15.773716481475219,229.9832615779759,-0.8426069290841127,-0.03408119178655111,0.020105442593310485,31.51217468155214,19.25171940369406,1.6368498844578796,-15.773716481475219,30.897172434909592,0.03193940584569077,-2.697739929780063e-05,0.020105442593310485,zz2000_and_cyb,below,50.0,22.0,0.5,131.0,-0.1024268483411442,False
zz2000_and_cyb_below_ma48_days20:scale0.00,38.02163433066082,13.997450545589713,2.716325677081288,-17.721104274447043,16761.40296177088,-1.720156660182326,-0.09413849430825261,-0.11241780268497337,34.102730868270804,15.599123212036355,2.186195365259823,-17.72110427444695,1775.6640344900165,-0.9882184146632085,-0.03970429203926429,-0.11241780268491652,36.1214045110577,18.10852727837807,1.9947179555671184,-17.721104274447054,364.87952283738184,-0.9729137067160849,-0.0306274494983918,-0.11241780268497337,49.417767273287815,17.804843578225853,2.7755238093595205,-14.76605485970941,232.21263824654162,-0.5064752271244828,-0.003871121003228062,1.0277670643591197,33.22611595025813,19.241090495972465,1.7268312290934342,-14.76605485970942,32.573721432401825,1.7458806745516782,0.08995436723625683,1.027767064359109,zz2000_and_cyb,below,48.0,20.0,0.0,140.0,-0.1024679672149736,False
zz2000_and_cyb_below_ma55_days18:scale0.50,38.73869352437953,13.950318378812474,2.776903900861163,-17.60868647176206,18210.639074933006,-1.0030974664636148,-0.03356027052837751,1.0658141036401503e-14,34.58530329998233,15.535482189562853,2.2262137008671448,-17.608686471762013,1844.1969553995516,-0.505645982951684,0.00031404356805753153,2.1316282072803006e-14,36.455005528490304,18.139865771185985,2.009662364006946,-17.60868647176205,370.58434503136357,-0.6393126892834786,-0.015683041058564218,3.197442310920451e-14,48.88025400779157,17.830566804835623,2.741374098917333,-15.908884850442838,228.6523901156048,-1.043988492620727,-0.03802083144541557,-0.11506292637430882,31.297449439665638,19.2548010655124,1.6254361358073457,-15.908884850442872,30.687105499015278,-0.18278583604081078,-0.011440726049831706,-0.11506292637434257,zz2000_and_cyb,below,55.0,18.0,0.5,200.0,-0.10308109385064394,False
zz2000_and_cyb_below_ma54_days18:scale0.50,38.73869352437953,13.950318378812474,2.776903900861163,-17.60868647176206,18210.639074933006,-1.0030974664636148,-0.03356027052837751,1.0658141036401503e-14,34.58530329998233,15.535482189562853,2.2262137008671448,-17.608686471762013,1844.1969553995516,-0.505645982951684,0.00031404356805753153,2.1316282072803006e-14,36.455005528490304,18.139865771185985,2.009662364006946,-17.60868647176205,370.58434503136357,-0.6393126892834786,-0.015683041058564218,3.197442310920451e-14,48.88025400779157,17.830566804835623,2.741374098917333,-15.908884850442838,228.6523901156048,-1.043988492620727,-0.03802083144541557,-0.11506292637430882,31.297449439665638,19.2548010655124,1.6254361358073457,-15.908884850442872,30.687105499015278,-0.18278583604081078,-0.011440726049831706,-0.11506292637434257,zz2000_and_cyb,below,54.0,18.0,0.5,200.0,-0.10308109385064394,False
zz2000_and_cyb_below_ma58_days18:scale0.25,37.9727384308971,13.815488490921386,2.7485628507345394,-17.60868647176207,16666.60312983211,-1.76905255994604,-0.06190132065500098,0.0,34.37047335992294,15.361014031512815,2.237513310606487,-17.60868647176206,1813.4142421193576,-0.7204759230110724,0.01161365330739983,-2.4868995751603507e-14,36.17618298860281,17.87549249779894,2.02378664493061,-17.608686471762102,365.81246165073054,-0.9181352291709715,-0.0015587601349000835,-2.1316282072803006e-14,48.44426170691207,17.42179579029612,2.7806698167071477,-15.966433502166677,225.78329454560554,-1.479980793500225,0.0012748863443992065,-0.17261157809814698,32.628311156299205,19.170868258919725,1.7019735734252968,-15.966433502166645,31.989000830163118,1.1480758805927564,0.06509671156811936,-0.172611578098115,zz2000_and_cyb,below,58.0,18.0,0.25,230.0,-0.10333568028733844,False
zz2000_and_cyb_below_ma62_days19:scale0.50,38.58069860370599,13.89637124182601,2.776314617127083,-17.60868647176207,17881.635509616448,-1.1610923871371526,-0.03414955426245747,0.0,34.460880957887355,15.46568440032271,2.228215710723302,-17.608686471762034,1826.3147737337642,-0.6300683250466577,0.0023160534242148145,0.0,36.26590997772987,18.00379950100806,2.014347581225801,-17.60868647176208,367.34384553302243,-0.8284082400439132,-0.010997823839709042,0.0,48.65123634948376,17.594738882919348,2.7651013563329148,-15.79382192406854,227.14322667976168,-1.2730061509285377,-0.014293574029833778,-1.0658141036401503e-14,31.079239021138072,19.234939955332063,1.6157700046535721,-15.79382192406853,30.47362297217735,-0.4009962545683763,-0.021106857203605278,0.0,zz2000_and_cyb,below,62.0,19.0,0.5,214.0,-0.10393922565809972,False
zz2000_and_cyb_below_ma61_days20:scale0.50,38.572014214510816,13.905514617654804,2.7738645620161932,-17.608686471762102,17863.713026141846,-1.169776776332327,-0.036599609373347164,-3.197442310920451e-14,34.39861611031476,15.4702147270776,2.22353837468763,-17.60868647176205,1817.4216564713327,-0.6923331726192501,-0.002361282611457405,-1.4210854715202004e-14,36.14675324752979,18.01097451555112,2.006929342791518,-17.60868647176209,365.311054367236,-0.9475649702439952,-0.018416062273992395,-1.0658141036401503e-14,48.81966839029344,17.586776890713764,2.775930387567001,-15.793821924068519,228.25269779053093,-1.104574110118861,-0.003464542795747594,1.0658141036401503e-14,31.079239021138072,19.234939955332063,1.6157700046535721,-15.79382192406853,30.47362297217735,-0.4009962545683763,-0.021106857203605278,0.0,zz2000_and_cyb,below,61.0,20.0,0.5,200.0,-0.10471580683187645,False
zz2000_and_cyb_below_ma58_days20:scale0.50,38.572014214510816,13.905514617654804,2.7738645620161932,-17.608686471762102,17863.713026141846,-1.169776776332327,-0.036599609373347164,-3.197442310920451e-14,34.39861611031476,15.4702147270776,2.22353837468763,-17.60868647176205,1817.4216564713327,-0.6923331726192501,-0.002361282611457405,-1.4210854715202004e-14,36.14675324752979,18.01097451555112,2.006929342791518,-17.60868647176209,365.311054367236,-0.9475649702439952,-0.018416062273992395,-1.0658141036401503e-14,48.81966839029344,17.586776890713764,2.775930387567001,-15.793821924068519,228.25269779053093,-1.104574110118861,-0.003464542795747594,1.0658141036401503e-14,31.079239021138072,19.234939955332063,1.6157700046535721,-15.79382192406853,30.47362297217735,-0.4009962545683763,-0.021106857203605278,0.0,zz2000_and_cyb,below,58.0,20.0,0.5,199.0,-0.10471580683187645,False
zz2000_and_cyb_below_ma47_days12:scale0.50,38.356221672074554,13.657356254223584,2.808466071917305,-17.60868647176206,17423.708793800935,-1.3855693187685887,-0.001998099472235282,1.0658141036401503e-14,34.27790584914305,15.207900948150474,2.2539537813935984,-17.608686471762102,1800.2861121313122,-0.8130434337909591,0.028054124094511135,-6.750155989720952e-14,36.60776509375303,17.47247071933869,2.09516820384396,-17.60868647176207,373.21525383061623,-0.4865531240207517,0.06982279877844988,1.0658141036401503e-14,46.72185989081221,17.065507338414108,2.737794954717945,-14.766054859709444,214.6118513707129,-3.202382609600086,-0.04159997564480333,1.027767064359086,36.23724901309468,18.161809808937832,1.9952443833687503,-14.76605485970942,35.51827119840845,4.757013737388235,0.3583675215115729,1.027767064359109,zz2000_and_cyb,below,47.0,12.0,0.5,315.0,-0.10481023878919864,False
zz2000_and_cyb_below_ma63_days15:scale0.25,38.25695359910102,13.66140520813271,2.8003673865354965,-17.60868647176208,17224.709981075302,-1.4848373917421256,-0.010096784854043861,-1.0658141036401503e-14,34.46247902571267,15.213958317831612,2.265188211099587,-17.60868647176208,1826.5435091175348,-0.6284702572213448,0.03928855380049967,-4.618527782440651e-14,36.43333262362718,17.67484862492192,2.0613094571149757,-17.608686471762034,370.2120314098428,-0.6609855941466023,0.03596405204946551,4.618527782440651e-14,47.60842463736565,17.372941791041992,2.740377836407302,-15.79382192406854,220.32968126267824,-2.3158178630466466,-0.03901709395544639,-1.0658141036401503e-14,30.493787164890417,19.035216199832252,1.601966946146855,-15.793821924068506,29.900825829825983,-0.9864481108160312,-0.034909915710322315,2.3092638912203256e-14,zz2000_and_cyb,below,63.0,15.0,0.25,283.0,-0.10492447277114487,False
zz2000_and_cyb_below_ma48_days13:scale0.50,38.60068371395893,13.721584160082106,2.8131360973795863,-17.60868647176209,17922.943628877056,-1.1411072768842132,0.0026719259900458425,-2.1316282072803006e-14,34.45787651006902,15.292462477014567,2.253258856241181,-17.60868647176205,1825.884805880996,-0.6330727728649919,0.0273591989420936,-1.4210854715202004e-14,36.24235434045951,17.603587545691713,2.058805016101927,-17.60868647176207,366.9414289936608,-0.8519638773142759,0.0334596110364167,1.0658141036401503e-14,47.303719410678454,17.223233922448642,2.746506238240376,-14.76605485970941,218.35677640552927,-2.620523089733844,-0.032888692122372554,1.0277670643591197,34.55711071279557,18.51573933870356,1.86636407440456,-14.76605485970942,33.87542367394622,3.0768754370891216,0.22948721254738258,1.027767064359109,zz2000_and_cyb,below,48.0,13.0,0.5,284.0,-0.10600882681738273,False
zz2000_and_cyb_below_ma59_days17:scale0.00,36.795807560122725,13.744771931324951,2.6770766182204477,-17.831022332451006,14529.958615674397,-2.9459834307204176,-0.13338755316909268,-0.2223358606889363,33.87340389747333,15.284821248155053,2.216146551374423,-17.831022332451063,1743.8645499821832,-1.2175453854606815,-0.009753105924664052,-0.22233586068902866,35.654764511508176,17.764988170531698,2.007024388040504,-17.831022332451052,356.99251582798894,-1.439553706265606,-0.018321017025006103,-0.22233586068897182,48.79663432250372,17.28002420151914,2.823875346089727,-14.7660548597094,228.10082353924653,-1.1276081779085771,0.04448041572697825,1.0277670643591303,35.22087729822805,18.880033243933685,1.8655092839703984,-14.76605485970942,34.52449962081201,3.740642022521598,0.228632422113221,1.027767064359109,zz2000_and_cyb,below,59.0,17.0,0.0,251.0,-0.10651197426164019,False
zz2000_and_cyb_below_ma60_days17:scale0.00,36.795807560122725,13.744771931324951,2.6770766182204477,-17.831022332451006,14529.958615674397,-2.9459834307204176,-0.13338755316909268,-0.2223358606889363,33.87340389747333,15.284821248155053,2.216146551374423,-17.831022332451063,1743.8645499821832,-1.2175453854606815,-0.009753105924664052,-0.22233586068902866,35.654764511508176,17.764988170531698,2.007024388040504,-17.831022332451052,356.99251582798894,-1.439553706265606,-0.018321017025006103,-0.22233586068897182,48.79663432250372,17.28002420151914,2.823875346089727,-14.7660548597094,228.10082353924653,-1.1276081779085771,0.04448041572697825,1.0277670643591303,35.22087729822805,18.880033243933685,1.8655092839703984,-14.76605485970942,34.52449962081201,3.740642022521598,0.228632422113221,1.027767064359109,zz2000_and_cyb,below,60.0,17.0,0.0,252.0,-0.10651197426164019,False
zz2000_and_cyb_below_ma45_days12:scale0.50,38.35244656711014,13.660282315038286,2.8075881363658812,-17.608686471762034,17416.101969354757,-1.3893444237330002,-0.0028760350236591847,3.552713678800501e-14,34.2473555603382,15.209631664023467,2.2516886875930173,-17.60868647176207,1795.97122668611,-0.8435937225958128,0.025789030293930093,-3.552713678800501e-14,36.60776509375303,17.47247071933869,2.09516820384396,-17.60868647176207,373.21525383061623,-0.4865531240207517,0.06982279877844988,1.0658141036401503e-14,46.72185989081221,17.065507338414108,2.737794954717945,-14.766054859709444,214.6118513707129,-3.202382609600086,-0.04159997564480333,1.027767064359086,36.23724901309468,18.161809808937832,1.9952443833687503,-14.76605485970942,35.51827119840845,4.757013737388235,0.3583675215115729,1.027767064359109,zz2000_and_cyb,below,45.0,12.0,0.5,306.0,-0.10685929435363413,False
zz2000_and_cyb_below_ma46_days12:scale0.50,38.33034879562243,13.658369658718398,2.806363405983483,-17.60868647176206,17371.6370662584,-1.4114421952207152,-0.004100765406057416,1.0658141036401503e-14,34.2473555603382,15.209631664023467,2.2516886875930173,-17.60868647176207,1795.97122668611,-0.8435937225958128,0.025789030293930093,-3.552713678800501e-14,36.60776509375303,17.47247071933869,2.09516820384396,-17.60868647176207,373.21525383061623,-0.4865531240207517,0.06982279877844988,1.0658141036401503e-14,46.72185989081221,17.065507338414108,2.737794954717945,-14.766054859709444,214.6118513707129,-3.202382609600086,-0.04159997564480333,1.027767064359086,36.23724901309468,18.161809808937832,1.9952443833687503,-14.76605485970942,35.51827119840845,4.757013737388235,0.3583675215115729,1.027767064359109,zz2000_and_cyb,below,46.0,12.0,0.5,307.0,-0.10685929435363413,False
zz2000_and_cyb_below_ma62_days17:scale0.00,36.976359443113395,13.769017699852862,2.685475481922616,-17.831022332451063,14840.262204160112,-2.7654315477297473,-0.12498868946692454,-0.22233586068899314,33.95875396079684,15.325843914893305,2.2157836233603097,-17.831022332451063,1755.6424310545347,-1.1321953221371714,-0.01011603393877758,-0.22233586068902866,35.82821925139441,17.835737411586997,2.008788222466125,-17.831022332451052,359.9116041647273,-1.2660989663793742,-0.0165571825993851,-0.22233586068897182,49.113867072001625,17.40061870017043,2.8225356763619325,-15.79382192406853,230.1966024723702,-0.8103754284106728,0.04314074599918394,0.0,31.891826930524083,19.097826062274958,1.6699192267502034,-15.793821924068553,31.268574052158815,0.4115916548176344,0.03304236489302603,-2.3092638912203256e-14,zz2000_and_cyb,below,62.0,17.0,0.0,245.0,-0.10730213317881616,False
zz2000_and_cyb_below_ma63_days19:scale0.25,38.10161863096093,13.844756598773145,2.752061284655399,-17.608686471762034,16917.560950456864,-1.6401723598822144,-0.05840288673414129,3.552713678800501e-14,34.30178237077326,15.401076082780724,2.2272328366148777,-17.60868647176205,1803.6645527853227,-0.7891669121607521,0.001333179315790467,-1.4210854715202004e-14,36.18112717678774,17.942808677234016,2.0164695409528974,-17.60868647176208,365.8967402876796,-0.9131910409860424,-0.008875864112612764,0.0,48.62435741758764,17.532607101285926,2.7733671972847267,-15.793821924068506,226.96640492338892,-1.2998850828246589,-0.006027733078021846,2.3092638912203256e-14,30.87897447914074,19.237345696594577,1.6051577471317668,-15.793821924068563,30.277692143140822,-0.6012607965657075,-0.03171911472541056,-3.375077994860476e-14,zz2000_and_cyb,below,63.0,19.0,0.25,211.0,-0.107917880635619,False
zz2000_and_cyb_below_ma47_days13:scale0.50,38.57102610477221,13.718340331836929,2.8116393945452898,-17.60868647176206,17861.67486719708,-1.170764886070934,0.0011752231557493609,1.0658141036401503e-14,34.429588241274736,15.287583982861777,2.252127496396566,-17.60868647176205,1821.8406920120415,-0.6613610416592763,0.02622783909747861,-1.4210854715202004e-14,36.35858009456208,17.595219818474888,2.0663896484194963,-17.60868647176205,368.9296818275559,-0.7357381232117035,0.041044243353986154,3.197442310920451e-14,47.15587311753924,17.224643601357275,2.7376980452485777,-14.766054859709431,217.40242237905937,-2.768369382873061,-0.0416968851141708,1.0277670643590984,34.55711071279557,18.51573933870356,1.86636407440456,-14.76605485970942,33.87542367394622,3.0768754370891216,0.22948721254738258,1.027767064359109,zz2000_and_cyb,below,47.0,13.0,0.5,283.0,-0.10914165400691574,False
zz2000_and_cyb_below_ma50_days10:scale0.75,38.61148617786148,13.75463578104382,2.807161657531822,-17.640271212694202,17945.30873466298,-1.130304812981663,-0.003302513857718292,-0.03158474093213215,34.187181892981314,15.307652826742476,2.2333392506300043,-17.64027121269419,1787.4981481604034,-0.9037673899526979,0.007439593330917038,-0.03158474093215702,36.30278794594326,17.696369568896042,2.051425734787474,-17.64027121269426,367.97441293955836,-0.7915302718305242,0.026080329721963835,-0.031584740932178335,47.62262522062946,17.26112183106815,2.758953078873118,-14.766054859709431,220.42182507967786,-2.301617279782839,-0.020441851489630736,1.0277670643590984,34.01251937469092,18.53906624778415,1.8346403707768297,-14.76605485970942,33.342844453548494,2.5322840989844693,0.19776350891965233,1.027767064359109,zz2000_and_cyb,below,50.0,10.0,0.75,411.0,-0.10954219857352827,False
zz2000_and_cyb_below_ma53_days19:scale0.50,38.76694904507656,13.954767217319935,2.7780434056227774,-17.60868647176206,18270.06886666987,-0.9748419457665847,-0.032420765766763004,1.0658141036401503e-14,34.548418645675795,15.53616579630684,2.223741629603903,-17.60868647176207,1838.8803184735184,-0.542530637258217,-0.0021580276951840283,-3.552713678800501e-14,36.375438300261756,18.139011706200375,2.005370462814559,-17.60868647176206,369.21863315265296,-0.7188799175120266,-0.019974942250950978,2.1316282072803006e-14,48.85013389064572,17.825581370298078,2.7404510896930625,-15.793821924068496,228.4536427641636,-1.0741086097665757,-0.038943840669686036,3.375077994860476e-14,31.48023527570645,19.23188970976682,1.6368768618571774,-15.79382192406853,30.86592630275138,0.0,0.0,0.0,zz2000_and_cyb,below,53.0,19.0,0.5,180.0,-0.10956892288040772,False
zz2000_and_cyb_below_ma62_days12:scale0.75,38.810592847121164,13.806052644500763,2.8111288466352637,-17.60868647176206,18362.220161115,-0.9311981437219785,0.000664675245723334,1.0658141036401503e-14,34.47263274061041,15.375651415948385,2.242027463295226,-17.608686471762024,1827.9974064391229,-0.6183165423236048,0.016127805996138722,1.0658141036401503e-14,36.3303414128155,17.821318450765023,2.0385888683368396,-17.60868647176208,368.44598668360175,-0.7639768049582827,0.013243463271329414,0.0,47.85990691585533,17.419413798473254,2.747503875248091,-15.342478645384228,221.96409401080555,-2.0643355845569644,-0.03189105511465762,0.4513432786843019,31.428770458508758,18.787032239076016,1.6728970312372493,-15.34247864538425,30.81557830268311,-0.05146481719769014,0.03602016938007191,0.4513432786842788,zz2000_and_cyb,below,62.0,12.0,0.75,375.0,-0.10977345725265027,False
zz2000_and_cyb_below_ma61_days12:scale0.75,38.778610624292355,13.807675332549088,2.808482216617508,-17.60868647176206,18294.649305999075,-0.9631803665507874,-0.001981954772032335,1.0658141036401503e-14,34.47263274061041,15.375651415948385,2.242027463295226,-17.608686471762024,1827.9974064391229,-0.6183165423236048,0.016127805996138722,1.0658141036401503e-14,36.3303414128155,17.821318450765023,2.0385888683368396,-17.60868647176208,368.44598668360175,-0.7639768049582827,0.013243463271329414,0.0,47.85990691585533,17.419413798473254,2.747503875248091,-15.342478645384228,221.96409401080555,-2.0643355845569644,-0.03189105511465762,0.4513432786843019,31.428770458508758,18.787032239076016,1.6728970312372493,-15.34247864538425,30.81557830268311,-0.05146481719769014,0.03602016938007191,0.4513432786842788,zz2000_and_cyb,below,61.0,12.0,0.75,376.0,-0.10977345725265027,False
zz2000_and_cyb_below_ma51_days10:scale0.75,38.62218262928383,13.754677047996697,2.8079308946704034,-17.640271212694223,17967.479980859167,-1.1196083615593153,-0.0025332767191370564,-0.031584740932153466,34.18533244694055,15.307784140768252,2.233199275125452,-17.640271212694238,1787.2382675376323,-0.9056168359934631,0.007299617826364901,-0.031584740932203204,36.29860106052432,17.696601295418336,2.0511622799527074,-17.64027121269426,367.90278820233954,-0.795717157249463,0.025816874887197194,-0.031584740932178335,47.61506762651959,17.261527567158375,2.7584504002479817,-14.766054859709431,220.37278366120285,-2.309174873892708,-0.020944530114766824,1.0277670643590984,34.01251937469092,18.53906624778415,1.8346403707768297,-14.76605485970942,33.342844453548494,2.5322840989844693,0.19776350891965233,1.027767064359109,zz2000_and_cyb,below,51.0,10.0,0.75,414.0,-0.11046179322048788,False
zz2000_and_cyb_below_ma46_days13:scale0.50,38.57267039240322,13.719244155382192,2.811574016435212,-17.60868647176205,17865.06663406535,-1.1691205984399247,0.0011098450456716868,2.1316282072803006e-14,34.399003442392775,15.289306441624873,2.2498733721983672,-17.60868647176205,1817.4768636511344,-0.6919458405412371,0.02397371489928002,-1.4210854715202004e-14,36.35858009456208,17.595219818474888,2.0663896484194963,-17.60868647176205,368.9296818275559,-0.7357381232117035,0.041044243353986154,3.197442310920451e-14,47.15587311753924,17.224643601357275,2.7376980452485777,-14.766054859709431,217.40242237905937,-2.768369382873061,-0.0416968851141708,1.0277670643590984,34.55711071279557,18.51573933870356,1.86636407440456,-14.76605485970942,33.87542367394622,3.0768754370891216,0.22948721254738258,1.027767064359109,zz2000_and_cyb,below,46.0,13.0,0.5,275.0,-0.11118626007247386,False
zz2000_and_cyb_below_ma45_days13:scale0.50,38.5848730566122,13.71934221646884,2.8124433699375557,-17.608686471762024,17890.256535261957,-1.1569179342309397,0.001979198548015315,4.618527782440651e-14,34.399003442392775,15.289306441624873,2.2498733721983672,-17.60868647176205,1817.4768636511344,-0.6919458405412371,0.02397371489928002,-1.4210854715202004e-14,36.35858009456208,17.595219818474888,2.0663896484194963,-17.60868647176205,368.9296818275559,-0.7357381232117035,0.041044243353986154,3.197442310920451e-14,47.15587311753924,17.224643601357275,2.7376980452485777,-14.766054859709431,217.40242237905937,-2.768369382873061,-0.0416968851141708,1.0277670643590984,34.55711071279557,18.51573933870356,1.86636407440456,-14.76605485970942,33.87542367394622,3.0768754370891216,0.22948721254738258,1.027767064359109,zz2000_and_cyb,below,45.0,13.0,0.5,274.0,-0.11118626007247386,False
zz2000_and_cyb_below_ma57_days20:scale0.50,38.61912430598402,13.97170638463133,2.7640950391331214,-17.60868647176208,17961.13818608669,-1.1226666848591194,-0.04636913225641903,-1.0658141036401503e-14,34.471398902495935,15.564902620018378,2.214687733295644,-17.60868647176205,1827.820682067634,-0.6195503804380778,-0.011211924003443396,-1.4210854715202004e-14,36.29461703980243,18.173946942455995,1.997068504421288,-17.60868647176205,367.8346419924621,-0.7997011779713503,-0.02827690064422228,3.197442310920451e-14,49.088849476091845,17.864810301010316,2.747795730767749,-15.793821924068553,230.03100257531094,-0.835393024320453,-0.03159919959499957,-2.3092638912203256e-14,31.079239021138072,19.234939955332063,1.6157700046535721,-15.79382192406853,30.47362297217735,-0.4009962545683763,-0.021106857203605278,0.0,zz2000_and_cyb,below,57.0,20.0,0.5,177.0,-0.11135882061468819,False
zz2000_and_cyb_below_ma58_days17:scale0.50,38.15668872009179,13.847934045109625,2.7554065895892075,-17.60868647176207,17025.86419036492,-1.5851022707513494,-0.05505758180033293,0.0,34.31278421533861,15.420763985940056,2.225102741123814,-17.60868647176209,1805.223091954721,-0.7781650675954026,-0.0007969161752732212,-5.684341886080802e-14,36.033261044203634,17.934947618855304,2.009108797525635,-17.608686471762024,363.3814764903671,-1.0610571735701484,-0.016236607539874992,5.684341886080802e-14,48.72226377231203,17.512137900205033,2.7821996406127885,-15.908672791910805,227.61078340430547,-1.201978728100265,0.0028047102500399212,-0.11485086784227505,31.51333403329786,19.146810901402343,1.6458790028050976,-15.908672791910805,30.898306619434802,0.03309875759141079,0.009002140947920179,-0.11485086784227505,zz2000_and_cyb,below,58.0,17.0,0.5,248.0,-0.11196263267572619,False
zz2000_and_cyb_below_ma64_days15:scale0.50,38.58343716189911,13.767422637324586,2.8025170853182297,-17.762804083249918,17887.29070730619,-1.1583538289440298,-0.007947086071310672,-0.1541176114878482,34.41002709775933,15.339691002813224,2.2432021017534645,-17.76280408324994,1819.048686082547,-0.6809221851746798,0.01730244445437723,-0.15411761148790504,36.11683003383761,17.841891935165048,2.024271314111819,-17.76280408324984,364.8016819885863,-0.977488183936174,-0.0010740909536912646,-0.15411761148775938,48.397588872024414,17.489243506020927,2.767277432861109,-15.79382192406853,225.47715027441225,-1.5266536283878835,-0.012117497501639374,0.0,30.828940185236164,19.072579907700327,1.6164011546644168,-15.793821924068496,30.22873978775904,-0.6512950904702848,-0.020475707192760595,3.375077994860476e-14,zz2000_and_cyb,below,64.0,15.0,0.5,290.0,-0.1121819054465724,False
zz2000_and_cyb_below_ma49_days22:scale0.25,38.76784483277942,14.033744808092486,2.7624732644720846,-17.62273762455052,18271.955928479547,-0.9739461580637254,-0.04799090691745578,-0.014051152788450594,34.50620232204744,15.641914319847233,2.206008907635063,-17.6227376245505,1832.8112226946105,-0.5847469608865694,-0.019890749664024376,-0.014051152788464805,36.3094400922918,18.196152807907016,1.99544598661063,-17.62273762455052,368.0882287347929,-0.7848781254819812,-0.0298994184548802,-0.014051152788439936,49.10153187384174,17.856504528545805,2.749784079820714,-15.763826717236217,230.11494472989833,-0.8227106265705544,-0.029610850542034495,0.029995206832312604,31.527885560411196,19.26262563844648,1.6367387370849567,-15.76382671723624,30.912542247287078,0.04765028470474775,-0.00013812477222074904,0.02999520683228951,zz2000_and_cyb,below,49.0,22.0,0.25,119.0,-0.11347066645379719,False
zz2000_and_cyb_below_ma47_days22:scale0.00,38.418827154284465,14.0339109367668,2.7375709684484844,-17.96693756140264,17550.310903951504,-1.322963836558678,-0.07289320294105606,-0.3582510896405715,34.27390422343941,15.642307246371551,2.1911028650450346,-17.966937561402663,1799.720424921588,-0.8170450594946033,-0.03479679225405263,-0.35825108964062835,36.36415669369806,18.183125067219017,1.999884869034765,-17.96693756140264,369.0252495450781,-0.7301615240757258,-0.025460536030745162,-0.35825108964056085,49.41039904415847,17.84050047798658,2.7695635055264303,-15.75404561341709,232.16366170239672,-0.5138434562538308,-0.00983142483631827,0.03977631065144038,31.543423852919172,19.2741913251261,1.6365627652454986,-15.75404561341709,30.927743189080225,0.06318857721272408,-0.00031409661167880465,0.03977631065144038,zz2000_and_cyb,below,47.0,22.0,0.0,108.0,-0.11663042002952557,False
zz2000_and_cyb_below_ma46_days22:scale0.00,38.418827154284465,14.0339109367668,2.7375709684484844,-17.96693756140264,17550.310903951504,-1.322963836558678,-0.07289320294105606,-0.3582510896405715,34.27390422343941,15.642307246371551,2.1911028650450346,-17.966937561402663,1799.720424921588,-0.8170450594946033,-0.03479679225405263,-0.35825108964062835,36.36415669369806,18.183125067219017,1.999884869034765,-17.96693756140264,369.0252495450781,-0.7301615240757258,-0.025460536030745162,-0.35825108964056085,49.41039904415847,17.84050047798658,2.7695635055264303,-15.75404561341709,232.16366170239672,-0.5138434562538308,-0.00983142483631827,0.03977631065144038,31.543423852919172,19.2741913251261,1.6365627652454986,-15.75404561341709,30.927743189080225,0.06318857721272408,-0.00031409661167880465,0.03977631065144038,zz2000_and_cyb,below,46.0,22.0,0.0,101.0,-0.11663042002952557,False
zz2000_and_cyb_below_ma45_days22:scale0.00,38.44802330562778,14.03395637356123,2.7396424986798844,-17.966937561402652,17609.644590178224,-1.2937676852153643,-0.070821672709656,-0.35825108964058217,34.27390422343941,15.642307246371551,2.1911028650450346,-17.966937561402663,1799.720424921588,-0.8170450594946033,-0.03479679225405263,-0.35825108964062835,36.36415669369806,18.183125067219017,1.999884869034765,-17.96693756140264,369.0252495450781,-0.7301615240757258,-0.025460536030745162,-0.35825108964056085,49.41039904415847,17.84050047798658,2.7695635055264303,-15.75404561341709,232.16366170239672,-0.5138434562538308,-0.00983142483631827,0.03977631065144038,31.543423852919172,19.2741913251261,1.6365627652454986,-15.75404561341709,30.927743189080225,0.06318857721272408,-0.00031409661167880465,0.03977631065144038,zz2000_and_cyb,below,45.0,22.0,0.0,100.0,-0.11663042002952557,False
zz2000_and_cyb_below_ma53_days18:scale0.50,38.71778114894053,13.950648242078712,2.7753392155755052,-17.60868647176206,18166.770187680635,-1.0240098419026111,-0.035124955814035186,1.0658141036401503e-14,34.55299339031357,15.53593552717566,2.22406905138561,-17.608686471762013,1839.5390209231077,-0.5379558926204453,-0.001830605913477168,2.1316282072803006e-14,36.38933391879831,18.140665248507876,2.0059536637881257,-17.60868647176205,369.45691242289973,-0.7049842989754751,-0.019391741277384522,3.197442310920451e-14,48.76085399848078,17.83208412706922,2.7344450402441454,-15.908884850442796,227.86500008578687,-1.1633885019315144,-0.044949890118603175,-0.11506292637426618,31.297449439665638,19.2548010655124,1.6254361358073457,-15.908884850442872,30.687105499015278,-0.18278583604081078,-0.011440726049831706,-0.11506292637434257,zz2000_and_cyb,below,53.0,18.0,0.5,196.0,-0.11691910199257469,False
zz2000_and_cyb_below_ma51_days13:scale0.25,38.3259211975199,13.543898947164038,2.8297554010874375,-17.60868647176206,17362.740630267366,-1.415869793323246,0.019291229697897094,1.0658141036401503e-14,34.44464996163337,15.0657135971283,2.28629395743982,-17.60868647176207,1823.992975520978,-0.6462993213006456,0.06039430014073277,-3.552713678800501e-14,36.09339951628374,17.390922052762225,2.0754160939126844,-17.60868647176208,364.40314371569934,-1.0009187014900434,0.05007068884717425,0.0,46.53397701419959,16.983232718874728,2.739995252051332,-14.76605485970942,213.40890442125354,-3.390265486212705,-0.03939967831141633,1.027767064359109,36.0793977246729,18.31548026405522,1.9698854304945523,-14.76605485970942,35.36393825139932,4.599162448966453,0.33300856863737494,1.027767064359109,zz2000_and_cyb,below,51.0,13.0,0.25,307.0,-0.11699242958318874,False
zz2000_and_cyb_below_ma51_days11:scale0.50,37.90422643701905,13.512695388260335,2.805082579597686,-17.60868647176205,16534.611449945696,-1.8375645538240946,-0.00538159179185449,2.1316282072803006e-14,33.73554067365865,15.02059048958458,2.2459530267502594,-17.608686471762034,1724.9821491471134,-1.355408609275365,0.0200533694511722,0.0,36.06962843963437,17.30602084377575,2.0842242572825227,-17.60868647176209,363.99909192203825,-1.024689778139411,0.0588788522170125,-1.0658141036401503e-14,46.930937296246,16.844503966765167,2.7861275932400553,-14.76605485970942,215.95410724293086,-2.9933052041662975,0.006732662877306783,1.027767064359109,37.892453529986604,18.09271839227403,2.0943482736219163,-14.76605485970942,37.13639934584556,6.412218254280155,0.45747141176473893,1.027767064359109,zz2000_and_cyb,below,51.0,11.0,0.5,376.0,-0.11790429909903306,False
zz2000_and_cyb_below_ma47_days20:scale0.00,38.09059936810924,13.990874744538049,2.722531654640077,-17.721104274446986,16895.96719838879,-1.6511916227339043,-0.08793251674946356,-0.11241780268491652,34.209472904138934,15.589785865260335,2.1943516864057755,-17.72110427444703,1790.6329726931385,-0.8814763787950781,-0.03154797089331174,-0.11241780268499468,35.99091394058016,18.107961699767813,1.9875740040383258,-17.721104274447054,362.66313789693277,-1.1034042771936257,-0.03777140102718435,-0.11241780268497337,49.17911537841402,17.80422897446976,2.7622153955071034,-14.76605485970942,230.62876317296852,-0.74512712199828,-0.017179534855645162,1.027767064359109,33.22611595025813,19.241090495972465,1.7268312290934342,-14.76605485970942,32.573721432401825,1.7458806745516782,0.08995436723625683,1.027767064359109,zz2000_and_cyb,below,47.0,20.0,0.0,135.0,-0.11833371454385684,False
zz2000_and_cyb_below_ma46_days20:scale0.00,38.0747676530657,13.989157709880839,2.721734105990719,-17.721104274447008,16864.987734016853,-1.6670233377774437,-0.08873006539882144,-0.11241780268493784,34.209472904138934,15.589785865260335,2.1943516864057755,-17.72110427444703,1790.6329726931385,-0.8814763787950781,-0.03154797089331174,-0.11241780268499468,35.99091394058016,18.107961699767813,1.9875740040383258,-17.721104274447054,362.66313789693277,-1.1034042771936257,-0.03777140102718435,-0.11241780268497337,49.17911537841402,17.80422897446976,2.7622153955071034,-14.76605485970942,230.62876317296852,-0.74512712199828,-0.017179534855645162,1.027767064359109,33.22611595025813,19.241090495972465,1.7268312290934342,-14.76605485970942,32.573721432401825,1.7458806745516782,0.08995436723625683,1.027767064359109,zz2000_and_cyb,below,46.0,20.0,0.0,129.0,-0.11833371454385684,False
zz2000_and_cyb_below_ma45_days20:scale0.00,38.21558437246439,13.992592172424065,2.7311297221809876,-17.721104274447008,17142.405570723568,-1.526206618378751,-0.07933444920855282,-0.11241780268493784,34.209472904138934,15.589785865260335,2.1943516864057755,-17.72110427444703,1790.6329726931385,-0.8814763787950781,-0.03154797089331174,-0.11241780268499468,35.99091394058016,18.107961699767813,1.9875740040383258,-17.721104274447054,362.66313789693277,-1.1034042771936257,-0.03777140102718435,-0.11241780268497337,49.17911537841402,17.80422897446976,2.7622153955071034,-14.76605485970942,230.62876317296852,-0.74512712199828,-0.017179534855645162,1.027767064359109,33.22611595025813,19.241090495972465,1.7268312290934342,-14.76605485970942,32.573721432401825,1.7458806745516782,0.08995436723625683,1.027767064359109,zz2000_and_cyb,below,45.0,20.0,0.0,128.0,-0.11833371454385684,False
zz2000_and_cyb_below_ma51_days17:scale0.75,39.0212072189908,14.006738627926502,2.7858881539483216,-17.60868647176206,18813.04174005263,-0.7205837718523398,-0.024576017441218845,1.0658141036401503e-14,34.66487312503324,15.612667357452189,2.220304342069205,-17.608686471762013,1855.7110331273439,-0.42607615790077347,-0.005595315229882214,2.1316282072803006e-14,36.26117342827095,18.168818961228,1.9957914438826092,-17.60868647176207,367.26290566641103,-0.8331447895028319,-0.02955396118290099,1.0658141036401503e-14,48.76816491183713,17.830004124670847,2.73517406787125,-15.640606254017708,227.91317619020845,-1.1560775885751653,-0.04422086249149837,0.15321567005082137,30.230805264502703,19.115095759616192,1.5815147171990782,-15.640606254017763,29.643514059132613,-1.2494300112037457,-0.05536214465809919,0.1532156700507663,zz2000_and_cyb,below,51.0,17.0,0.75,214.0,-0.11902582402087683,False
zz2000_and_cyb_below_ma52_days22:scale0.25,38.69373545423378,13.98181527388059,2.7674328902426204,-17.62273762455053,18116.450131792186,-1.0480555366093611,-0.04303128114692001,-0.014051152788461252,34.363107476110486,15.56697259921774,2.207436754776409,-17.62273762455051,1812.366615215645,-0.7278418068235268,-0.01846290252267835,-0.014051152788475463,36.21392328996442,18.194683695393728,1.9903573975915034,-17.622737624550545,366.45609148499886,-0.8803949278093626,-0.034988007474006766,-0.014051152788464805,49.15201811750973,17.85184568130898,2.753329767407315,-15.763826717236217,230.44924354979756,-0.7722243829025643,-0.026065162955433596,0.029995206832312604,31.527885560411196,19.26262563844648,1.6367387370849567,-15.76382671723624,30.912542247287078,0.04765028470474775,-0.00013812477222074904,0.02999520683228951,zz2000_and_cyb,below,52.0,22.0,0.25,133.0,-0.11939710853057514,False
zz2000_and_cyb_below_ma58_days14:scale0.50,38.62587399811397,13.71516520044532,2.816289372647135,-17.60868647176208,17975.137249838906,-1.1159169927291757,0.005825201257594781,-1.0658141036401503e-14,34.53288229672155,15.27900298980498,2.260152859434864,-17.60868647176206,1836.6447931451728,-0.5580669862124594,0.03425320213577665,-2.4868995751603507e-14,36.43566720136815,17.73230903763921,2.054761572451086,-17.60868647176207,370.2521252405914,-0.658651016405635,0.029416167385575953,1.0658141036401503e-14,47.29019977984108,17.409103771720584,2.7164063354403956,-15.245302687262763,218.26942739764178,-2.634042720571216,-0.06298859492235298,0.5485192368057668,29.32943783167754,18.932580888492275,1.549151592401475,-15.245302687262818,28.761513353859325,-2.150797444028907,-0.08772526945570247,0.5485192368057117,zz2000_and_cyb,below,58.0,14.0,0.5,317.0,-0.12067551834494869,False
zz2000_and_cyb_below_ma53_days11:scale0.75,38.64206891438502,13.779850739415721,2.804244374277125,-17.60868647176207,18008.767471847663,-1.0997220764581215,-0.006219797112415382,0.0,34.11904488894353,15.338960547328462,2.224338786430084,-17.608686471762034,1777.944899510172,-0.971904393990485,-0.0015608708690031392,0.0,36.34803630413619,17.767464740226103,2.045763806799238,-17.60868647176205,368.7490325180736,-0.7462819136375956,0.020418401733727887,3.197442310920451e-14,47.963036300344044,17.376611466789907,2.7602065219683802,-15.64060625401773,222.63594532939703,-1.9612062000682542,-0.019188408394368306,0.15321567005080006,32.56350850923357,18.7282149418923,1.7387406440105366,-15.640606254017753,31.92561381702481,1.0832732335271231,0.10186378215335923,0.15321567005077696,zz2000_and_cyb,below,53.0,11.0,0.75,381.0,-0.12102034116322442,False
zz2000_and_cyb_below_ma54_days11:scale0.75,38.590186186479094,13.776927911422812,2.8010733912952364,-17.60868647176205,17901.234744188656,-1.151604804364048,-0.009390780094304052,2.1316282072803006e-14,34.11904488894353,15.338960547328462,2.224338786430084,-17.608686471762034,1777.944899510172,-0.971904393990485,-0.0015608708690031392,0.0,36.34803630413619,17.767464740226103,2.045763806799238,-17.60868647176205,368.7490325180736,-0.7462819136375956,0.020418401733727887,3.197442310920451e-14,47.963036300344044,17.376611466789907,2.7602065219683802,-15.64060625401773,222.63594532939703,-1.9612062000682542,-0.019188408394368306,0.15321567005080006,32.56350850923357,18.7282149418923,1.7387406440105366,-15.640606254017753,31.92561381702481,1.0832732335271231,0.10186378215335923,0.15321567005077696,zz2000_and_cyb,below,54.0,11.0,0.75,387.0,-0.12102034116322442,False
zz2000_and_cyb_below_ma49_days10:scale0.75,38.60402217487688,13.78136981846405,2.801174533692279,-17.640061876117365,17929.852705812027,-1.1377688159662611,-0.009289637697261544,-0.031375404355294734,34.15914971852221,15.346045651027044,2.225925198928109,-17.64006187611733,1783.5625737071143,-0.9317995644118042,2.5541629021574863e-05,-0.031375404355294734,36.2694598347864,17.701846741630817,2.048908250317673,-17.640061876117375,367.4045141181473,-0.8248583829873795,0.02356284525216301,-0.031375404355294734,47.562344699986035,17.271052251046505,2.753876487004669,-14.766054859709431,220.03080223437544,-2.361897800426263,-0.025518443358079512,1.0277670643590984,34.01251937469092,18.53906624778415,1.8346403707768297,-14.76605485970942,33.342844453548494,2.5322840989844693,0.19776350891965233,1.027767064359109,zz2000_and_cyb,below,49.0,10.0,0.75,397.0,-0.1211551564773089,False
zz2000_and_cyb_below_ma49_days21:scale0.25,38.661722260917266,14.017333154190121,2.758136789333593,-18.914963085867765,18049.65820012786,-1.0800687299258769,-0.052327382055947336,-1.3062766141056947,34.51680159870762,15.622727247950493,2.2093966726095022,-18.914963085867775,1834.3333845666648,-0.5741476842263893,-0.016502984689585,-1.306276614105741,36.14355962650293,18.165488497696817,1.9896827784777456,-18.914963085867797,365.25666921656324,-0.9507585912708549,-0.035662626587764645,-1.306276614105716,49.81381809697256,17.838498472082982,2.7924894113106293,-15.560738471188184,234.8522616917998,-0.1104244034397368,0.013094480947880793,0.23308345288034538,31.85051863075006,19.258586878615272,1.6538346676991582,-15.560738471188207,31.22816435539786,0.3702833550436111,0.01695780584198081,0.23308345288032228,zz2000_and_cyb,below,49.0,21.0,0.25,132.0,-0.12149079601301907,False
zz2000_and_cyb_below_ma52_days17:scale0.75,39.00469208631306,14.006068474298425,2.7848423101663315,-17.60868647176205,18777.321601681993,-0.737098904530086,-0.025621861223208864,2.1316282072803006e-14,34.63939357298413,15.611695326365584,2.2188105038460426,-17.60868647176207,1852.0173772005896,-0.45155570994987926,-0.0070891534530446165,-3.552713678800501e-14,36.252929691477846,18.167846692440627,1.9954444962683526,-17.60868647176207,367.12206043853416,-0.8413885262959369,-0.029900908797157566,1.0658141036401503e-14,48.75316454120841,17.82837300712817,2.734582932593784,-15.640606254017708,227.81433460560132,-1.1710779592038847,-0.044811997768964495,0.15321567005082137,30.230805264502703,19.115095759616192,1.5815147171990782,-15.640606254017763,29.643514059132613,-1.2494300112037457,-0.05536214465809919,0.1532156700507663,zz2000_and_cyb,below,52.0,17.0,0.75,214.0,-0.12181971489955754,False
zz2000_and_cyb_below_ma65_days22:scale0.50,38.85913331540465,13.933223071731685,2.788955083497063,-17.60868647176206,18465.219248103327,-0.8826576754384945,-0.021509087892477297,1.0658141036401503e-14,34.52212866906328,15.505742042185014,2.2264093246967587,-17.608686471762013,1835.0988122745666,-0.5688206138707343,0.0005096673976714428,2.1316282072803006e-14,36.156474339286106,18.093102879411745,1.998356753966661,-17.608686471762034,365.47662909141934,-0.9378438784876764,-0.026988651098849292,4.618527782440651e-14,48.59719801789477,17.64353116846319,2.7543918251897046,-15.793821924068563,226.78780273946887,-1.327044482517529,-0.025003105173043938,-3.375077994860476e-14,31.079239021138072,19.234939955332063,1.6157700046535721,-15.79382192406853,30.47362297217735,-0.4009962545683763,-0.021106857203605278,0.0,zz2000_and_cyb,below,65.0,22.0,0.5,168.0,-0.12207675548841443,False
zz2000_and_cyb_below_ma64_days22:scale0.50,38.85913331540465,13.933223071731685,2.788955083497063,-17.60868647176206,18465.219248103327,-0.8826576754384945,-0.021509087892477297,1.0658141036401503e-14,34.52212866906328,15.505742042185014,2.2264093246967587,-17.608686471762013,1835.0988122745666,-0.5688206138707343,0.0005096673976714428,2.1316282072803006e-14,36.156474339286106,18.093102879411745,1.998356753966661,-17.608686471762034,365.47662909141934,-0.9378438784876764,-0.026988651098849292,4.618527782440651e-14,48.59719801789477,17.64353116846319,2.7543918251897046,-15.793821924068563,226.78780273946887,-1.327044482517529,-0.025003105173043938,-3.375077994860476e-14,31.079239021138072,19.234939955332063,1.6157700046535721,-15.79382192406853,30.47362297217735,-0.4009962545683763,-0.021106857203605278,0.0,zz2000_and_cyb,below,64.0,22.0,0.5,167.0,-0.12207675548841443,False
zz2000_and_cyb_below_ma50_days17:scale0.75,39.009125905930354,14.006598985377734,2.7850533842408245,-17.60868647176206,18786.905178035726,-0.7326650849127887,-0.02541078714871592,1.0658141036401503e-14,34.65584582394956,15.612556452710907,2.2197419063892028,-17.608686471762013,1854.4016671251825,-0.43510345898445024,-0.006157750909884463,2.1316282072803006e-14,36.24286025635044,18.168632665995286,1.9948039526487418,-17.60868647176207,366.95006897817484,-0.8514579614233426,-0.030541452416768422,1.0658141036401503e-14,48.73484293588115,17.82973314763344,2.7333467378534366,-15.640606254017786,227.69363539031966,-1.1893995645311506,-0.046048192509311914,0.1532156700507432,30.230805264502703,19.115095759616192,1.5815147171990782,-15.640606254017763,29.643514059132613,-1.2494300112037457,-0.05536214465809919,0.1532156700507663,zz2000_and_cyb,below,50.0,17.0,0.75,212.0,-0.12279250169490767,False
zz2000_and_cyb_below_ma52_days15:scale0.75,39.1476794150863,13.950891052563339,2.8061060234495416,-17.60868647176206,19088.69243017935,-0.5941115757568411,-0.00435814793999878,1.0658141036401503e-14,34.62694298649352,15.549083091895149,2.2269443659055734,-17.60868647176208,1850.2147560731064,-0.46400629644049474,0.0010447086064862,-4.618527782440651e-14,36.28661577316316,18.068321317487964,2.008300336016389,-17.60868647176205,367.69780522468506,-0.8077024446106194,-0.017045069049121064,3.197442310920451e-14,48.37031553470563,17.74496653231114,2.725861186981106,-15.37089394497606,225.29834309681243,-1.5539269657066654,-0.05353374338164274,0.42292797909246893,30.752365559315997,19.108345521135337,1.609368300636047,-15.37089394497605,30.15382038652623,-0.7278697163904511,-0.027508561221130323,0.4229279790924796,zz2000_and_cyb,below,52.0,15.0,0.75,257.0,-0.12288571058460951,False
zz2000_and_cyb_below_ma48_days22:scale0.25,38.67605784307755,14.043483955529446,2.754021577946784,-17.622737624550567,18079.539355642308,-1.0657331477655916,-0.05644259344275637,-0.014051152788496779,34.3645247253203,15.655740808238203,2.195011091856947,-17.62273762455053,1812.568146080445,-0.7264245576137114,-0.030888565442140248,-0.014051152788496779,36.3094400922918,18.196152807907016,1.99544598661063,-17.62273762455052,368.0882287347929,-0.7848781254819812,-0.0298994184548802,-0.014051152788439936,49.10153187384174,17.856504528545805,2.749784079820714,-15.763826717236217,230.11494472989833,-0.8227106265705544,-0.029610850542034495,0.029995206832312604,31.527885560411196,19.26262563844648,1.6367387370849567,-15.76382671723624,30.912542247287078,0.04765028470474775,-0.00013812477222074904,0.02999520683228951,zz2000_and_cyb,below,48.0,22.0,0.25,113.0,-0.12321990224467003,False
zz2000_and_cyb_below_ma63_days17:scale0.00,36.951006892834506,13.769508575485728,2.6835385366344515,-17.831022332451063,14796.32115837547,-2.7907840980086362,-0.1269256347550889,-0.22233586068899314,33.919265059576276,15.326529706007538,2.2131079709636388,-17.831022332451063,1750.1847712150595,-1.1716842233577367,-0.012791686335448471,-0.22233586068902866,35.7479531628218,17.83694516532596,2.0041522150504703,-17.831022332451052,358.55895073874774,-1.3463650549519812,-0.021193190015039942,-0.22233586068897182,48.967034192840984,17.40289938832926,2.813728511565106,-15.793821924068519,229.22545592695488,-0.9572083075713138,0.03433358120235752,1.0658141036401503e-14,31.891826930524083,19.097826062274958,1.6699192267502034,-15.793821924068553,31.268574052158815,0.4115916548176344,0.03304236489302603,-2.3092638912203256e-14,zz2000_and_cyb,below,63.0,17.0,0.0,242.0,-0.12449467639067265,False
zz2000_and_cyb_below_ma48_days10:scale0.75,38.628975322117334,13.788025769993434,2.801632080365319,-17.640061876117365,17981.572897713526,-1.1128156687258084,-0.008832091024221445,-0.031375404355294734,34.111685350732124,15.352404898570828,2.221911523054451,-17.64006187611735,1776.9156528333574,-0.9792639322018886,-0.003988134244636399,-0.03137540435531605,36.2694598347864,17.701846741630817,2.048908250317673,-17.640061876117375,367.4045141181473,-0.8248583829873795,0.02356284525216301,-0.031375404355294734,47.562344699986035,17.271052251046505,2.753876487004669,-14.766054859709431,220.03080223437544,-2.361897800426263,-0.025518443358079512,1.0277670643590984,34.01251937469092,18.53906624778415,1.8346403707768297,-14.76605485970942,33.342844453548494,2.5322840989844693,0.19776350891965233,1.027767064359109,zz2000_and_cyb,below,48.0,10.0,0.75,390.0,-0.12458592544784083,False
zz2000_and_cyb_below_ma56_days15:scale0.50,38.64258947430894,13.832551452719175,2.7935981012897413,-17.60868647176205,18009.84943415475,-1.099201516534201,-0.016866070099799124,2.1316282072803006e-14,34.6000795996668,15.428655905957841,2.2425854728088033,-17.608686471762034,1846.330522469966,-0.4908696832672135,0.01668581550971604,0.0,36.274597846657386,17.992501365794062,2.0160953226670206,-17.60868647176206,367.4923361022504,-0.8197203711163965,-0.009250082398489567,2.1316282072803006e-14,48.27868703388805,17.762230138291553,2.718053231942399,-15.638340213186419,224.69809475472547,-1.6455554665242502,-0.061341698420349644,0.1554817108821105,30.223643050372083,19.201595466695093,1.5740172790742615,-15.638340213186419,29.63650614458142,-1.2565922253343658,-0.06285958278291592,0.1554817108821105,zz2000_and_cyb,below,56.0,15.0,0.5,266.0,-0.124854093252358,False
zz2000_and_cyb_below_ma52_days20:scale0.00,38.038128385250246,13.939874491044439,2.7287281825734904,-17.721104274446986,16793.494930956083,-1.7036626055928963,-0.08173598881605004,-0.11241780268491652,34.09011965804325,15.515700860090897,2.1971369495611386,-17.721104274447008,1773.902568555819,-1.0008296248907627,-0.028762707737948645,-0.11241780268497337,35.982501169018,18.126629337490392,1.9850629975975294,-17.721104274447054,362.5205371623153,-1.111817048755782,-0.04028240746798084,-0.11241780268497337,49.163734645692855,17.83588828265138,2.7564500218087518,-14.76605485970942,230.5268577029791,-0.7605078547194424,-0.02294490855399678,1.027767064359109,33.22611595025813,19.241090495972465,1.7268312290934342,-14.76605485970942,32.573721432401825,1.7458806745516782,0.08995436723625683,1.027767064359109,zz2000_and_cyb,below,52.0,20.0,0.0,163.0,-0.1254926430685356,False
zz2000_and_cyb_below_ma51_days19:scale0.25,38.42866043624633,13.916498629471974,2.761374211963287,-17.60868647176206,17570.273688690333,-1.3131305545968104,-0.04908995942625349,1.0658141036401503e-14,34.50720770051032,15.48831656769934,2.2279508266556616,-17.60868647176207,1832.955558784632,-0.5837415824236913,0.002051169356574345,-3.552713678800501e-14,36.09446856426788,18.08084266179472,1.9962824321532542,-17.60868647176206,364.42132159621667,-0.9998496535059047,-0.029062972912256013,2.1316282072803006e-14,48.466321268049754,17.769313397437337,2.7275292063361034,-14.934332709011711,225.92805798210006,-1.4579212323625441,-0.05186572402664513,0.8594892150568185,32.84573362801788,19.231973302793374,1.7078712158594334,-14.934332709011699,32.20166977010377,1.365498352311434,0.07099435400225595,0.859489215056831,zz2000_and_cyb,below,51.0,19.0,0.25,178.0,-0.12578320796813375,False
zz2000_and_cyb_below_ma52_days12:scale0.25,37.71290657192421,13.455977589202975,2.802687974315958,-17.60868647176207,16171.162222035813,-2.028884418918935,-0.007776197073582569,0.0,33.81573852308435,14.948349118500454,2.2621721137910233,-17.608686471762034,1735.945142426852,-1.2752107598496636,0.03627245649193611,0.0,36.378414006934776,17.23420795649479,2.1108259862458842,-17.60868647176205,369.2696518357626,-0.7159042108390068,0.08548058118037405,3.197442310920451e-14,46.20597307780348,16.793693873434272,2.751388314330066,-14.766054859709444,211.31615630240864,-3.71826942260882,-0.02800661603268262,1.027767064359086,38.61069705409359,17.874186003453556,2.1601373649481683,-14.76605485970942,37.83845067470048,7.130461778387144,0.5232605030909909,1.027767064359109,zz2000_and_cyb,below,52.0,12.0,0.25,342.0,-0.1260238478591677,False
zz2000_and_cyb_below_ma45_days21:scale0.25,38.65047801397476,14.017673521762655,2.75726767027134,-18.914963085867733,18026.252855102193,-1.0913129768683802,-0.05319650111820051,-1.3062766141056628,34.47827490365349,15.62486490426862,2.206628672625146,-18.914963085867743,1828.8057271778878,-0.61267437928052,-0.01927098467394117,-1.306276614105709,36.129413832483536,18.164760376924935,1.988983784139507,-18.914963085867797,365.01583724799735,-0.9649043852902466,-0.036361620926003146,-1.306276614105716,49.787875359047604,17.837300810646735,2.7912224998375423,-15.560738471188174,234.67893128151798,-0.13636714136469408,0.011827569474793798,0.23308345288035603,31.85051863075006,19.258586878615272,1.6538346676991582,-15.560738471188207,31.22816435539786,0.3702833550436111,0.01695780584198081,0.23308345288032228,zz2000_and_cyb,below,45.0,21.0,0.25,113.0,-0.12641664838053515,False
zz2000_and_cyb_below_ma55_days15:scale0.50,38.81642212832104,13.839309156822491,2.80479478335704,-17.60868647176206,18374.561085590896,-0.9253688625221059,-0.0056693880325005,1.0658141036401503e-14,34.569678699561514,15.429277836755825,2.240524739091105,-17.60868647176209,1841.943190837467,-0.5212705833724982,0.014625081792017713,-5.684341886080802e-14,36.274597846657386,17.992501365794062,2.0160953226670206,-17.60868647176206,367.4923361022504,-0.8197203711163965,-0.009250082398489567,2.1316282072803006e-14,48.27868703388805,17.762230138291553,2.718053231942399,-15.638340213186419,224.69809475472547,-1.6455554665242502,-0.061341698420349644,0.1554817108821105,30.223643050372083,19.201595466695093,1.5740172790742615,-15.638340213186419,29.63650614458142,-1.2565922253343658,-0.06285958278291592,0.1554817108821105,zz2000_and_cyb,below,55.0,15.0,0.5,262.0,-0.12679648711436683,False
zz2000_and_cyb_below_ma47_days10:scale0.75,38.589896534026266,13.78468299348175,2.799476531471486,-17.64006187611735,17900.636090530188,-1.1518944568168763,-0.010987639918054626,-0.03137540435528052,34.07985050954612,15.34871903133362,2.220370992522168,-17.640061876117375,1772.4693289688091,-1.011098773387893,-0.005528664776919268,-0.03137540435534092,36.33166825961289,17.69688721466105,2.0529976723541408,-17.64006187611732,368.46870506371107,-0.7626499581608925,0.027652267288630572,-0.03137540435523789,47.48830096440799,17.271648059625427,2.7494944779136428,-14.766054859709431,219.5509360483501,-2.4359415360043073,-0.029900452449105774,1.0277670643590984,34.01251937469092,18.53906624778415,1.8346403707768297,-14.76605485970942,33.342844453548494,2.5322840989844693,0.19776350891965233,1.027767064359109,zz2000_and_cyb,below,47.0,10.0,0.75,392.0,-0.12687176535314562,False
zz2000_and_cyb_below_ma47_days19:scale0.25,38.32298666330145,13.975481831502961,2.742158526292477,-17.608686471762034,17356.846568321584,-1.418804327541693,-0.06830564509706338,3.552713678800501e-14,34.39078678609153,15.575125992432687,2.208058336272888,-17.60868647176207,1816.3060345891995,-0.7001624968424807,-0.017841321026199175,-3.552713678800501e-14,36.163453317319274,18.080746946033223,2.000108370813367,-17.60868647176206,365.59552773741626,-0.9308649004545089,-0.025237034252143076,2.1316282072803006e-14,48.591768968987495,17.768980064467605,2.73464029970723,-14.934332709011699,226.7521087081876,-1.332473531424803,-0.04475463065551866,0.859489215056831,32.84573362801788,19.231973302793374,1.7078712158594334,-14.934332709011699,32.20166977010377,1.365498352311434,0.07099435400225595,0.859489215056831,zz2000_and_cyb,below,47.0,19.0,0.25,151.0,-0.12694842868684444,False
zz2000_and_cyb_below_ma45_days19:scale0.25,38.35617239585203,13.975672985970558,2.74449555555255,-17.60868647176205,17423.609482431708,-1.385618594991115,-0.06596861583699054,2.1316282072803006e-14,34.39078678609153,15.575125992432687,2.208058336272888,-17.60868647176207,1816.3060345891995,-0.7001624968424807,-0.017841321026199175,-3.552713678800501e-14,36.163453317319274,18.080746946033223,2.000108370813367,-17.60868647176206,365.59552773741626,-0.9308649004545089,-0.025237034252143076,2.1316282072803006e-14,48.591768968987495,17.768980064467605,2.73464029970723,-14.934332709011699,226.7521087081876,-1.332473531424803,-0.04475463065551866,0.859489215056831,32.84573362801788,19.231973302793374,1.7078712158594334,-14.934332709011699,32.20166977010377,1.365498352311434,0.07099435400225595,0.859489215056831,zz2000_and_cyb,below,45.0,19.0,0.25,144.0,-0.12694842868684444,False
zz2000_and_cyb_below_ma46_days19:scale0.25,38.336870154972026,13.975235854533919,2.743200226029429,-17.608686471762102,17384.74826214949,-1.404920835871117,-0.0672639453601116,-3.197442310920451e-14,34.39078678609153,15.575125992432687,2.208058336272888,-17.60868647176207,1816.3060345891995,-0.7001624968424807,-0.017841321026199175,-3.552713678800501e-14,36.163453317319274,18.080746946033223,2.000108370813367,-17.60868647176206,365.59552773741626,-0.9308649004545089,-0.025237034252143076,2.1316282072803006e-14,48.591768968987495,17.768980064467605,2.73464029970723,-14.934332709011699,226.7521087081876,-1.332473531424803,-0.04475463065551866,0.859489215056831,32.84573362801788,19.231973302793374,1.7078712158594334,-14.934332709011699,32.20166977010377,1.365498352311434,0.07099435400225595,0.859489215056831,zz2000_and_cyb,below,46.0,19.0,0.25,145.0,-0.12694842868684444,False
zz2000_and_cyb_below_ma59_days16:scale0.25,37.562258498353444,13.733904348910677,2.7350021919537206,-18.353801492269074,15890.228365919844,-2.179532492489699,-0.07546197943581978,-0.7451150205070043,33.94611948707122,15.288080718611225,2.2204304197417204,-18.35380149226905,1753.8946788052997,-1.1448297958627904,-0.005469237557366835,-0.745115020507015,35.52160153881405,17.77012984660144,1.9989500271213607,-18.353801492269106,354.7615665667957,-1.572716678959729,-0.02639537794414948,-0.7451150205070256,48.889117744032504,17.293654995210392,2.8269974020860666,-14.76605485970941,228.71089264656428,-1.035124756379794,0.04760247172331811,1.0277670643591197,34.990405133832404,18.894883111977496,1.8518455460384369,-14.76605485970942,34.2991345130373,3.5101698581259555,0.21496868418125947,1.027767064359109,zz2000_and_cyb,below,59.0,16.0,0.25,271.0,-0.12699967553496452,False
zz2000_and_cyb_below_ma53_days22:scale0.25,38.603994534786246,13.967483819195223,2.7638474498702177,-17.622737624550545,17929.79549336232,-1.137796456056897,-0.046616721519322724,-0.014051152788475463,34.224660922172646,15.546396795633695,2.201452939357939,-17.62273762455051,1792.7715735623106,-0.8662883607613665,-0.024446717941148055,-0.014051152788475463,36.204187854458645,18.188208311947722,1.990530745718166,-17.622737624550545,366.2899936389426,-0.8901303633151372,-0.03481465934734418,-0.014051152788464805,49.13425163637619,17.840867819719307,2.7540281186360605,-15.79382192406854,230.33157565224732,-0.7899908640361062,-0.025366811726688088,-1.0658141036401503e-14,31.48023527570645,19.23188970976682,1.6368768618571774,-15.79382192406853,30.86592630275138,0.0,0.0,0.0,zz2000_and_cyb,below,53.0,22.0,0.25,138.0,-0.1276690343992637,False
zz2000_and_cyb_below_ma45_days10:scale0.75,38.578041320958455,13.784920054545918,2.7985683753194053,-17.64006187611735,17876.149740796543,-1.1637496698846874,-0.011895796070135134,-0.03137540435528052,34.06458855649475,15.349617556973739,2.2192467291159512,-17.64006187611734,1770.341078492039,-1.0263607264392647,-0.006652928183136009,-0.03137540435530539,36.33166825961289,17.69688721466105,2.0529976723541408,-17.64006187611732,368.46870506371107,-0.7626499581608925,0.027652267288630572,-0.03137540435523789,47.48830096440799,17.271648059625427,2.7494944779136428,-14.766054859709431,219.5509360483501,-2.4359415360043073,-0.029900452449105774,1.0277670643590984,34.01251937469092,18.53906624778415,1.8346403707768297,-14.76605485970942,33.342844453548494,2.5322840989844693,0.19776350891965233,1.027767064359109,zz2000_and_cyb,below,45.0,10.0,0.75,383.0,-0.12789175564779443,False
zz2000_and_cyb_below_ma46_days10:scale0.75,38.578399113231555,13.785525989727901,2.798471319990092,-17.640061876117365,17876.888285788184,-1.1633918776115877,-0.011992851399448501,-0.031375404355294734,34.06458855649475,15.349617556973739,2.2192467291159512,-17.64006187611734,1770.341078492039,-1.0263607264392647,-0.006652928183136009,-0.03137540435530539,36.33166825961289,17.69688721466105,2.0529976723541408,-17.64006187611732,368.46870506371107,-0.7626499581608925,0.027652267288630572,-0.03137540435523789,47.48830096440799,17.271648059625427,2.7494944779136428,-14.766054859709431,219.5509360483501,-2.4359415360043073,-0.029900452449105774,1.0277670643590984,34.01251937469092,18.53906624778415,1.8346403707768297,-14.76605485970942,33.342844453548494,2.5322840989844693,0.19776350891965233,1.027767064359109,zz2000_and_cyb,below,46.0,10.0,0.75,384.0,-0.12789175564779443,False
zz2000_and_cyb_below_ma57_days18:scale0.25,38.00727867556102,13.899058521542257,2.7345218107149667,-17.60868647176205,16733.518121166355,-1.7345123152821245,-0.07594236067457372,2.1316282072803006e-14,34.42405548523926,15.480582004117382,2.223692589599245,-17.60868647176206,1821.0506188164738,-0.6668937976947547,-0.0022070676998420247,-2.4868995751603507e-14,36.28507768561467,18.081323777194264,2.0067710822910296,-17.608686471762034,367.67150468964627,-0.8092405321591158,-0.018574322774480567,4.618527782440651e-14,48.64171405005475,17.773757323599032,2.736715324984826,-15.966433502166621,227.08057741518792,-1.282528450357546,-0.04267960537792259,-0.1726115780980919,32.628311156299205,19.170868258919725,1.7019735734252968,-15.966433502166645,31.989000830163118,1.1480758805927564,0.06509671156811936,-0.172611578098115,zz2000_and_cyb,below,57.0,18.0,0.25,209.0,-0.1284014578070098,False
zz2000_and_cyb_below_ma56_days22:scale0.50,38.73509163539972,13.996138019947196,2.767555705737879,-17.60868647176206,18203.0761892026,-1.0066993554434234,-0.0429084656516614,1.0658141036401503e-14,34.42931810961802,15.591536387101057,2.2082056094293274,-17.60868647176206,1821.8021106359056,-0.661631173315989,-0.01769404786975981,-2.4868995751603507e-14,36.26015560464231,18.21812027257293,1.990334626302328,-17.60868647176206,367.24551419158206,-0.8341626131314754,-0.03501077876318215,2.1316282072803006e-14,48.955997017843764,17.87366416221382,2.7390017275439345,-15.793821924068506,229.15253342414604,-0.968245482568534,-0.04039320281881409,2.3092638912203256e-14,31.48023527570645,19.23188970976682,1.6368768618571774,-15.79382192406853,30.86592630275138,0.0,0.0,0.0,zz2000_and_cyb,below,56.0,22.0,0.5,147.0,-0.1294822332748576,False
zz2000_and_cyb_below_ma56_days19:scale0.00,37.611775557331995,13.901660870204987,2.705559854214555,-17.608686471762034,15982.06407712016,-2.130015433511147,-0.10490431717498527,3.552713678800501e-14,34.32224888916004,15.474773727730117,2.2179483521401075,-17.60868647176206,1806.5647917354713,-0.7687003937739689,-0.007951305158979682,-2.4868995751603507e-14,36.211842845157726,18.106703487060745,1.999913616028181,-17.60868647176206,366.4205927056664,-0.8824753726160566,-0.025431789037329233,2.1316282072803006e-14,48.813889854262385,17.828573399665693,2.737958262839903,-15.79382192406853,228.21459283719258,-1.110352646149913,-0.04143666752284547,0.0,31.48023527570645,19.23188970976682,1.6368768618571774,-15.79382192406853,30.86592630275138,0.0,0.0,0.0,zz2000_and_cyb,below,56.0,19.0,0.0,188.0,-0.13021987332960525,False
zz2000_and_cyb_below_ma60_days20:scale0.50,38.542161219132474,13.905790649735348,2.7716626972135527,-17.608686471762102,17802.231250993158,-1.1996297717106685,-0.03880147417598767,-3.197442310920451e-14,34.35250228060396,15.470583373485455,2.220504647515725,-17.60868647176205,1810.8591776020235,-0.7384470023300551,-0.005395009783362159,-1.4210854715202004e-14,36.05311111870417,18.01163743553777,2.001656498346439,-17.60868647176209,363.7185022274211,-1.0412070990696094,-0.023688906719071312,-1.0658141036401503e-14,48.64910984523083,17.58814692930857,2.7660167976060532,-16.082022102899053,227.12923525646923,-1.2751326551814657,-0.013378132756695305,-0.2882001788305235,30.622816543850174,19.237750189080487,1.591808618100881,-16.082022102899085,30.027069971762764,-0.8574187318562743,-0.04506824375629637,-0.2882001788305555,zz2000_and_cyb,below,60.0,20.0,0.5,203.0,-0.13022032967486463,False
zz2000_and_cyb_below_ma59_days20:scale0.50,38.542161219132474,13.905790649735348,2.7716626972135527,-17.608686471762102,17802.231250993158,-1.1996297717106685,-0.03880147417598767,-3.197442310920451e-14,34.35250228060396,15.470583373485455,2.220504647515725,-17.60868647176205,1810.8591776020235,-0.7384470023300551,-0.005395009783362159,-1.4210854715202004e-14,36.05311111870417,18.01163743553777,2.001656498346439,-17.60868647176209,363.7185022274211,-1.0412070990696094,-0.023688906719071312,-1.0658141036401503e-14,48.64910984523083,17.58814692930857,2.7660167976060532,-16.082022102899053,227.12923525646923,-1.2751326551814657,-0.013378132756695305,-0.2882001788305235,30.622816543850174,19.237750189080487,1.591808618100881,-16.082022102899085,30.027069971762764,-0.8574187318562743,-0.04506824375629637,-0.2882001788305555,zz2000_and_cyb,below,59.0,20.0,0.5,202.0,-0.13022032967486463,False
zz2000_and_cyb_below_ma55_days11:scale0.75,38.60449145100762,13.772515832283611,2.8030094080934984,-17.60868647176206,17930.824090279893,-1.1372995398355243,-0.007454763296042,1.0658141036401503e-14,34.14825743074046,15.332482926995963,2.2271837896923716,-17.608686471762013,1782.0353452587153,-0.9426918521935548,0.0012841323932843984,2.1316282072803006e-14,36.28406015302996,17.768490184401394,2.042045203417622,-17.60868647176205,367.6541060363213,-0.8102580647438202,0.016699798352111994,3.197442310920451e-14,47.84734431569111,17.37851054749076,2.7532477069848587,-15.640606254017719,221.88231680752355,-2.0768981847211876,-0.026147223377889883,0.15321567005081071,32.24847590459967,18.73293216556896,1.7214857567184392,-15.640606254017753,31.617455638193736,0.7682406288932242,0.08460889486126177,0.15321567005077696,zz2000_and_cyb,below,55.0,11.0,0.75,387.0,-0.1303485572123114,False
zz2000_and_cyb_below_ma64_days19:scale0.25,38.07381791986473,13.836865690827013,2.751621557265336,-17.60868647176208,16863.13098177499,-1.6679730709784124,-0.05884261412420422,-1.0658141036401503e-14,34.258723291275615,15.389760938081878,2.2260724795602638,-17.60868647176206,1797.5757600205739,-0.8322259916583974,0.00017282226117654176,-2.4868995751603507e-14,35.86474553940404,17.95740543196457,1.9972119956463208,-17.60868647176206,360.52820433549647,-1.2295726783697418,-0.028133409419189404,2.1316282072803006e-14,48.62435741758764,17.532607101285926,2.7733671972847267,-15.793821924068506,226.96640492338892,-1.2998850828246589,-0.006027733078021846,2.3092638912203256e-14,30.87897447914074,19.237345696594577,1.6051577471317668,-15.793821924068563,30.277692143140822,-0.6012607965657075,-0.03171911472541056,-3.375077994860476e-14,zz2000_and_cyb,below,64.0,19.0,0.25,215.0,-0.1304919615095729,False
zz2000_and_cyb_below_ma65_days19:scale0.25,38.07381791986473,13.836865690827013,2.751621557265336,-17.60868647176208,16863.13098177499,-1.6679730709784124,-0.05884261412420422,-1.0658141036401503e-14,34.258723291275615,15.389760938081878,2.2260724795602638,-17.60868647176206,1797.5757600205739,-0.8322259916583974,0.00017282226117654176,-2.4868995751603507e-14,35.86474553940404,17.95740543196457,1.9972119956463208,-17.60868647176206,360.52820433549647,-1.2295726783697418,-0.028133409419189404,2.1316282072803006e-14,48.62435741758764,17.532607101285926,2.7733671972847267,-15.793821924068506,226.96640492338892,-1.2998850828246589,-0.006027733078021846,2.3092638912203256e-14,30.87897447914074,19.237345696594577,1.6051577471317668,-15.793821924068563,30.277692143140822,-0.6012607965657075,-0.03171911472541056,-3.375077994860476e-14,zz2000_and_cyb,below,65.0,19.0,0.25,216.0,-0.1304919615095729,False
zz2000_and_cyb_below_ma52_days21:scale0.50,38.878855479227695,14.000695128289548,2.7769232258096808,-18.147437565227854,18507.22178807994,-0.8629355116154471,-0.03354094557985965,-0.538751093465784,34.46847194828728,15.593065420914181,2.2105000535723067,-18.147437565227854,1827.4015085991416,-0.6224773346467316,-0.015399603726780509,-0.5387510934658195,36.09618830064647,18.198439230274776,1.983477145699239,-18.147437565227808,364.4505648468462,-0.998129917127315,-0.04186825936627114,-0.5387510934657271,49.33075010220978,17.869246236395455,2.760650866276308,-15.638340213186419,231.6345426873168,-0.5934923982025211,-0.01874406408644047,0.1554817108821105,31.727236200501572,19.24868981638114,1.6482802987193892,-15.638340213186453,31.107562469866945,0.24700092479512392,0.011403436862211791,0.15548171088207674,zz2000_and_cyb,below,52.0,21.0,0.5,148.0,-0.130827474186681,False
zz2000_and_cyb_below_ma48_days21:scale0.25,38.570005465224845,14.02708218605804,2.749681291777187,-18.914963085867733,17859.569837047162,-1.1717855256182972,-0.06078287961235329,-1.3062766141056628,34.37511283758787,15.636570836865404,2.1983792479962254,-18.914963085867797,1814.0743657647424,-0.7158364453461417,-0.027520409302861815,-1.3062766141057622,36.14355962650293,18.165488497696817,1.9896827784777456,-18.914963085867797,365.25666921656324,-0.9507585912708549,-0.035662626587764645,-1.306276614105716,49.81381809697256,17.838498472082982,2.7924894113106293,-15.560738471188184,234.8522616917998,-0.1104244034397368,0.013094480947880793,0.23308345288034538,31.85051863075006,19.258586878615272,1.6538346676991582,-15.560738471188207,31.22816435539786,0.3702833550436111,0.01695780584198081,0.23308345288032228,zz2000_and_cyb,below,48.0,21.0,0.25,126.0,-0.13125017115325047,False
zz2000_and_cyb_below_ma55_days22:scale0.50,38.90904027033972,14.002813431588715,2.77865876457123,-17.60868647176205,18571.679206450128,-0.8327507205034195,-0.031805406818310455,2.1316282072803006e-14,34.39895577786303,15.592151213670935,2.2061712528610293,-17.608686471762024,1817.4700698576207,-0.6919935050709825,-0.0197284044380579,1.0658141036401503e-14,36.26015560464231,18.21812027257293,1.990334626302328,-17.60868647176206,367.24551419158206,-0.8341626131314754,-0.03501077876318215,2.1316282072803006e-14,48.955997017843764,17.87366416221382,2.7390017275439345,-15.793821924068506,229.15253342414604,-0.968245482568534,-0.04039320281881409,2.3092638912203256e-14,31.48023527570645,19.23188970976682,1.6368768618571774,-15.79382192406853,30.86592630275138,0.0,0.0,0.0,zz2000_and_cyb,below,55.0,22.0,0.5,142.0,-0.13141028151165576,False
zz2000_and_cyb_below_ma54_days22:scale0.50,38.90904027033972,14.002813431588715,2.77865876457123,-17.60868647176205,18571.679206450128,-0.8327507205034195,-0.031805406818310455,2.1316282072803006e-14,34.39895577786303,15.592151213670935,2.2061712528610293,-17.608686471762024,1817.4700698576207,-0.6919935050709825,-0.0197284044380579,1.0658141036401503e-14,36.26015560464231,18.21812027257293,1.990334626302328,-17.60868647176206,367.24551419158206,-0.8341626131314754,-0.03501077876318215,2.1316282072803006e-14,48.955997017843764,17.87366416221382,2.7390017275439345,-15.793821924068506,229.15253342414604,-0.968245482568534,-0.04039320281881409,2.3092638912203256e-14,31.48023527570645,19.23188970976682,1.6368768618571774,-15.79382192406853,30.86592630275138,0.0,0.0,0.0,zz2000_and_cyb,below,54.0,22.0,0.5,142.0,-0.13141028151165576,False
zz2000_and_cyb_below_ma57_days14:scale0.50,38.6571660460733,13.77002370781357,2.8073420109028526,-17.608686471762102,18040.170847614554,-1.0846249447698426,-0.003122160486687786,-3.197442310920451e-14,34.58125484118988,15.357374907972341,2.251768615952588,-17.608686471762024,1843.6127611761183,-0.5096944417441307,0.025868958653500584,1.0658141036401503e-14,36.534040976169656,17.86765909168918,2.044702150891317,-17.608686471762034,371.94407297760364,-0.5602772416041262,0.0193567458258066,4.618527782440651e-14,47.466950477332695,17.639206351039277,2.6909912800320526,-15.245302687262797,219.41265579236946,-2.457292023079603,-0.08840365033069597,0.548519236805733,29.32943783167754,18.932580888492275,1.549151592401475,-15.245302687262818,28.761513353859325,-2.150797444028907,-0.08772526945570247,0.5485192368057117,zz2000_and_cyb,below,57.0,14.0,0.5,300.0,-0.131524345705833,False
zz2000_and_cyb_below_ma58_days15:scale0.50,38.507794489665926,13.764830107157849,2.7975495658055007,-17.60868647176205,17731.6977066346,-1.2339965011772165,-0.012914605584039673,2.1316282072803006e-14,34.39170299771996,15.331822115534102,2.2431582325022226,-17.60868647176205,1816.4365579111409,-0.699246285214052,0.01725857520313534,-1.4210854715202004e-14,36.07386243288244,17.816895313387885,2.024699690847709,-17.60868647176209,364.0710391669286,-1.0204557848913396,-0.000645714217801352,-1.0658141036401503e-14,47.91512934552251,17.464003941587652,2.743650854969204,-15.638340213186464,222.3237326070906,-2.009113154889789,-0.03574407539354452,0.15548171088206608,31.074717576400367,19.08954160035813,1.6278399045379586,-15.638340213186419,30.469199427786386,-0.40551769930608117,-0.00903695731921883,0.1554817108821105,zz2000_and_cyb,below,58.0,15.0,0.5,291.0,-0.13346827443522552,False
zz2000_and_cyb_below_ma54_days19:scale0.00,37.958332503371196,13.90847601698776,2.7291510915364867,-17.608686471762024,16638.76818686149,-1.7834584874719468,-0.0813130798530537,4.618527782440651e-14,34.261647823270145,15.475682446127228,2.21390222644715,-17.60868647176209,1797.988749655837,-0.829301459663867,-0.011997430851937274,-5.684341886080802e-14,36.211842845157726,18.106703487060745,1.999913616028181,-17.60868647176206,366.4205927056664,-0.8824753726160566,-0.025431789037329233,2.1316282072803006e-14,48.813889854262385,17.828573399665693,2.737958262839903,-15.79382192406853,228.21459283719258,-1.110352646149913,-0.04143666752284547,0.0,31.48023527570645,19.23188970976682,1.6368768618571774,-15.79382192406853,30.86592630275138,0.0,0.0,0.0,zz2000_and_cyb,below,54.0,19.0,0.0,184.0,-0.13406096815278162,False
zz2000_and_cyb_below_ma55_days19:scale0.00,37.958332503371196,13.90847601698776,2.7291510915364867,-17.608686471762024,16638.76818686149,-1.7834584874719468,-0.0813130798530537,4.618527782440651e-14,34.261647823270145,15.475682446127228,2.21390222644715,-17.60868647176209,1797.988749655837,-0.829301459663867,-0.011997430851937274,-5.684341886080802e-14,36.211842845157726,18.106703487060745,1.999913616028181,-17.60868647176206,366.4205927056664,-0.8824753726160566,-0.025431789037329233,2.1316282072803006e-14,48.813889854262385,17.828573399665693,2.737958262839903,-15.79382192406853,228.21459283719258,-1.110352646149913,-0.04143666752284547,0.0,31.48023527570645,19.23188970976682,1.6368768618571774,-15.79382192406853,30.86592630275138,0.0,0.0,0.0,zz2000_and_cyb,below,55.0,19.0,0.0,184.0,-0.13406096815278162,False
zz2000_and_cyb_below_ma54_days15:scale0.50,38.74618099878886,13.846864161222333,2.7981917456297585,-17.60868647176205,18226.369896367905,-0.995609992054284,-0.012272425759781935,2.1316282072803006e-14,34.46123996085142,15.44000115903147,2.2319454257743803,-17.60868647176206,1826.36615658369,-0.62970932208259,0.006045768475293034,-2.4868995751603507e-14,36.274597846657386,17.992501365794062,2.0160953226670206,-17.60868647176206,367.4923361022504,-0.8197203711163965,-0.009250082398489567,2.1316282072803006e-14,48.27868703388805,17.762230138291553,2.718053231942399,-15.638340213186419,224.69809475472547,-1.6455554665242502,-0.061341698420349644,0.1554817108821105,30.223643050372083,19.201595466695093,1.5740172790742615,-15.638340213186419,29.63650614458142,-1.2565922253343658,-0.06285958278291592,0.1554817108821105,zz2000_and_cyb,below,54.0,15.0,0.5,261.0,-0.13433930593403126,False
zz2000_and_cyb_below_ma53_days15:scale0.50,38.74618099878886,13.846864161222333,2.7981917456297585,-17.60868647176205,18226.369896367905,-0.995609992054284,-0.012272425759781935,2.1316282072803006e-14,34.46123996085142,15.44000115903147,2.2319454257743803,-17.60868647176206,1826.36615658369,-0.62970932208259,0.006045768475293034,-2.4868995751603507e-14,36.274597846657386,17.992501365794062,2.0160953226670206,-17.60868647176206,367.4923361022504,-0.8197203711163965,-0.009250082398489567,2.1316282072803006e-14,48.27868703388805,17.762230138291553,2.718053231942399,-15.638340213186419,224.69809475472547,-1.6455554665242502,-0.061341698420349644,0.1554817108821105,30.223643050372083,19.201595466695093,1.5740172790742615,-15.638340213186419,29.63650614458142,-1.2565922253343658,-0.06285958278291592,0.1554817108821105,zz2000_and_cyb,below,53.0,15.0,0.5,257.0,-0.13433930593403126,False
zz2000_and_cyb_below_ma56_days20:scale0.25,38.070055243866285,13.92875014558479,2.7331996658676467,-17.60868647176205,16855.77672746553,-1.6717357469768572,-0.07726450552189368,2.1316282072803006e-14,34.17928214126251,15.510592117606453,2.2036091131856126,-17.60868647176207,1786.3883151074856,-0.9116671416715008,-0.022290544113474642,-3.552713678800501e-14,36.1006779096962,18.136920193878165,1.990452487180344,-17.60868647176209,364.5269153234625,-0.9936403080775804,-0.03489291788516624,-1.0658141036401503e-14,49.05431265529225,17.839039136549538,2.74982930861939,-15.793821924068519,229.80248255526456,-0.8699298451200477,-0.029565621743358417,1.0658141036401503e-14,31.48023527570645,19.23188970976682,1.6368768618571774,-15.79382192406853,30.86592630275138,0.0,0.0,0.0,zz2000_and_cyb,below,56.0,20.0,0.25,174.0,-0.13594951148306236,False
zz2000_and_cyb_below_ma51_days22:scale0.00,38.4844430245048,13.97419730041927,2.7539644816200033,-17.966937561402585,17683.92034720564,-1.2573479663383438,-0.05649968976953712,-0.35825108964051466,34.33709200190256,15.55588904390055,2.2073371637583197,-17.96693756140263,1808.6706443851326,-0.7538572810314506,-0.018562493540767555,-0.3582510896405964,36.2015527164411,18.18595864193249,1.9906320821036587,-17.96693756140264,366.2450432522471,-0.8927655013326827,-0.03471332296185148,-0.35825108964056085,49.11358268744792,17.8457325216955,2.7521191762646517,-15.7540456134171,230.19471972451754,-0.8106598129643743,-0.027275754098096794,0.039776310651429725,31.543423852919172,19.2741913251261,1.6365627652454986,-15.75404561341709,30.927743189080225,0.06318857721272408,-0.00031409661167880465,0.03977631065144038,zz2000_and_cyb,below,51.0,22.0,0.0,133.0,-0.13604590710429298,False
zz2000_and_cyb_below_ma57_days17:scale0.50,38.177665354487075,13.914693117931831,2.7436943834059564,-17.60868647176206,17067.28737631538,-1.5641256363560672,-0.06676978798358402,1.0658141036401503e-14,34.34526694591013,15.516147343584189,2.2135177106391457,-17.60868647176206,1809.8313505242195,-0.7456823370238794,-0.012381946659941523,-2.4868995751603507e-14,36.099229381032735,18.09930728938358,1.9945088949457905,-17.60868647176209,364.50228048912106,-0.9950888367410471,-0.030836510119719662,-1.0658141036401503e-14,48.842191291194496,17.792736566764482,2.745063476206808,-15.908672791910794,228.40124691619303,-1.082051209217802,-0.034331454155940744,-0.11485086784226439,31.51333403329786,19.146810901402343,1.6458790028050976,-15.908672791910805,30.898306619434802,0.03309875759141079,0.009002140947920179,-0.11485086784227505,zz2000_and_cyb,below,57.0,17.0,0.5,228.0,-0.13614234454392307,False
zz2000_and_cyb_below_ma56_days21:scale0.50,38.66049818231985,13.983500044758902,2.764722570070004,-18.147437565227843,18047.10885895358,-1.081292808523294,-0.04574160131953642,-0.5387510934657733,34.430210453978404,15.57738299559598,2.210269238659181,-18.147437565227833,1821.9295617838256,-0.6607388289556084,-0.015630418639906107,-0.5387510934657982,36.13710708518332,18.195241568555023,1.986074598077081,-18.147437565227854,365.1468024172661,-0.9572111325904658,-0.03927080698842911,-0.5387510934657733,49.25563152840524,17.865104680704274,2.757086085345205,-15.79382192406853,231.13603380740182,-0.668610972007059,-0.02230884501754371,0.0,31.48023527570645,19.23188970976682,1.6368768618571774,-15.79382192406853,30.86592630275138,0.0,0.0,0.0,zz2000_and_cyb,below,56.0,21.0,0.5,160.0,-0.1368810175911525,False
zz2000_and_cyb_below_ma65_days12:scale0.75,38.79231865687509,13.810146132343531,2.8089723515686056,-17.60868647176207,18323.58269930613,-0.9494723339680533,-0.0014918198209348255,0.0,34.44443695259676,15.381485483312193,2.239343982085898,-17.60868647176206,1823.9625219285447,-0.6465123303372522,0.013444324786810569,-2.4868995751603507e-14,36.2903459756547,17.84179020022174,2.0340081106437222,-17.60868647176205,367.76159474957797,-0.8039722421190802,0.008662705578212027,3.197442310920451e-14,47.7036308619436,17.452844966536386,2.7332868052978903,-15.79382192406854,220.94778652624484,-2.2206116384686965,-0.046108125064858285,-1.0658141036401503e-14,31.00851352145049,18.8785058381016,1.6425300703018277,-15.79382192406854,30.404428553625106,-0.4717217542559595,0.005653208444650337,-1.0658141036401503e-14,zz2000_and_cyb,below,65.0,12.0,0.75,375.0,-0.13725635308060766,False
zz2000_and_cyb_below_ma47_days21:scale0.25,38.59754214422777,14.019353968659864,2.7531612534009926,-18.91496308586772,17916.44429211659,-1.144248846615369,-0.05730291798854781,-1.3062766141056485,34.41764705919186,15.625557974025849,2.202650754386105,-18.914963085867765,1820.1358659845762,-0.6733022237421551,-0.023248902912982317,-1.3062766141057303,36.006393738345864,18.16599112511392,1.9820770301141533,-18.914963085867775,362.9256201230588,-1.0879244794279188,-0.043268374951356936,-1.3062766141056947,49.787875359047604,17.837300810646735,2.7912224998375423,-15.560738471188174,234.67893128151798,-0.13636714136469408,0.011827569474793798,0.23308345288035603,31.85051863075006,19.258586878615272,1.6538346676991582,-15.560738471188207,31.22816435539786,0.3702833550436111,0.01695780584198081,0.23308345288032228,zz2000_and_cyb,below,47.0,21.0,0.25,121.0,-0.13798352314140022,False
zz2000_and_cyb_below_ma46_days21:scale0.25,38.59754214422777,14.019353968659864,2.7531612534009926,-18.91496308586772,17916.44429211659,-1.144248846615369,-0.05730291798854781,-1.3062766141056485,34.41764705919186,15.625557974025849,2.202650754386105,-18.914963085867765,1820.1358659845762,-0.6733022237421551,-0.023248902912982317,-1.3062766141057303,36.006393738345864,18.16599112511392,1.9820770301141533,-18.914963085867775,362.9256201230588,-1.0879244794279188,-0.043268374951356936,-1.3062766141056947,49.787875359047604,17.837300810646735,2.7912224998375423,-15.560738471188174,234.67893128151798,-0.13636714136469408,0.011827569474793798,0.23308345288035603,31.85051863075006,19.258586878615272,1.6538346676991582,-15.560738471188207,31.22816435539786,0.3702833550436111,0.01695780584198081,0.23308345288032228,zz2000_and_cyb,below,46.0,21.0,0.25,114.0,-0.13798352314140022,False
zz2000_and_cyb_below_ma63_days20:scale0.50,38.59482304704769,13.914199536518701,2.7737724290752857,-17.60868647176207,17910.820747601276,-1.1469679437954525,-0.03669174231425476,0.0,34.3353121692503,15.486719000680328,2.2170811110953816,-17.60868647176205,1808.4180219048949,-0.7556371136837114,-0.00881854620370559,-1.4210854715202004e-14,36.01821187935948,18.03946020339452,1.9966346815955092,-17.60868647176209,363.12609380881753,-1.0761063384143057,-0.02871072347000103,-1.0658141036401503e-14,48.58556484143068,17.635704689325475,2.7549545480220314,-15.79382192406853,226.71132199226594,-1.3386776589816165,-0.024440382340717104,0.0,31.079239021138072,19.234939955332063,1.6157700046535721,-15.79382192406853,30.47362297217735,-0.4009962545683763,-0.021106857203605278,0.0,zz2000_and_cyb,below,63.0,20.0,0.5,196.0,-0.138171379326581,False
zz2000_and_cyb_below_ma64_days12:scale0.75,38.788411990637606,13.80984109181529,2.8087515079102845,-17.60868647176206,18315.332599497553,-0.9533790002055369,-0.0017126634792559159,1.0658141036401503e-14,34.43840952733508,15.381045900266926,2.2390161079187356,-17.60868647176205,1823.100969477375,-0.6525397555989301,0.01311645061964839,-1.4210854715202004e-14,36.278095673993604,17.84103324644906,2.03340777256912,-17.60868647176206,367.5521306129733,-0.816222543780178,0.008062367503610002,2.1316282072803006e-14,47.7036308619436,17.452844966536386,2.7332868052978903,-15.79382192406854,220.94778652624484,-2.2206116384686965,-0.046108125064858285,-1.0658141036401503e-14,31.00851352145049,18.8785058381016,1.6425300703018277,-15.79382192406854,30.404428553625106,-0.4717217542559595,0.005653208444650337,-1.0658141036401503e-14,zz2000_and_cyb,below,64.0,12.0,0.75,374.0,-0.13833004251747855,False
zz2000_and_cyb_below_ma55_days20:scale0.25,38.330281639073995,13.936335729165755,2.750384490153818,-17.60868647176207,17371.502095930282,-1.4115093517691477,-0.06007968123572249,0.0,34.133851557886445,15.511394274431249,2.2005663033240137,-17.608686471762024,1780.017181894142,-0.9570977250475678,-0.025333353975073525,1.0658141036401503e-14,36.1006779096962,18.136920193878165,1.990452487180344,-17.60868647176209,364.5269153234625,-0.9936403080775804,-0.03489291788516624,-1.0658141036401503e-14,49.05431265529225,17.839039136549538,2.74982930861939,-15.793821924068519,229.80248255526456,-0.8699298451200477,-0.029565621743358417,1.0658141036401503e-14,31.48023527570645,19.23188970976682,1.6368768618571774,-15.79382192406853,30.86592630275138,0.0,0.0,0.0,zz2000_and_cyb,below,55.0,20.0,0.25,170.0,-0.13883383391514287,False
zz2000_and_cyb_below_ma54_days20:scale0.25,38.330281639073995,13.936335729165755,2.750384490153818,-17.60868647176207,17371.502095930282,-1.4115093517691477,-0.06007968123572249,0.0,34.133851557886445,15.511394274431249,2.2005663033240137,-17.608686471762024,1780.017181894142,-0.9570977250475678,-0.025333353975073525,1.0658141036401503e-14,36.1006779096962,18.136920193878165,1.990452487180344,-17.60868647176209,364.5269153234625,-0.9936403080775804,-0.03489291788516624,-1.0658141036401503e-14,49.05431265529225,17.839039136549538,2.74982930861939,-15.793821924068519,229.80248255526456,-0.8699298451200477,-0.029565621743358417,1.0658141036401503e-14,31.48023527570645,19.23188970976682,1.6368768618571774,-15.79382192406853,30.86592630275138,0.0,0.0,0.0,zz2000_and_cyb,below,54.0,20.0,0.25,170.0,-0.13883383391514287,False
zz2000_and_cyb_below_ma61_days13:scale0.50,38.2331892569276,13.629161385995173,2.805248846507506,-17.60868647176206,17177.38573993962,-1.5086017339155404,-0.005215324882034356,1.0658141036401503e-14,34.23329891042162,15.173130654557204,2.2561790107659654,-17.60868647176206,1793.988845966323,-0.8576503725123956,0.030279353466878156,-2.4868995751603507e-14,36.21788364670129,17.579484718969397,2.060235793351773,-17.608686471762013,366.5236733050897,-0.8764345710724939,0.03489038828626301,6.750155989720952e-14,47.271074877778304,17.214537139147996,2.745997437844437,-16.082022102899085,218.1458905251325,-2.653167622633994,-0.03339749251831137,-0.2882001788305555,30.13178973106614,18.643139592555446,1.6162400963354007,-16.082022102899096,29.546631087839703,-1.3484455446403096,-0.020636765521776734,-0.28820017883056614,zz2000_and_cyb,below,61.0,13.0,0.5,344.0,-0.1391434669142943,False
zz2000_and_cyb_below_ma62_days13:scale0.50,38.296825323218854,13.626323960800377,2.810503069895411,-17.60868647176205,17304.38340601266,-1.4449656676242881,3.889850587057708e-05,2.1316282072803006e-14,34.233270998808976,15.17326790024913,2.2561567635833346,-17.60868647176206,1793.9849115046793,-0.8576782841250363,0.03025710628424738,-2.4868995751603507e-14,36.21782685809316,17.57972251810943,2.060204694401975,-17.608686471762013,366.5227041760995,-0.876491359680621,0.03485928933646498,6.750155989720952e-14,47.270972550071534,17.214942094547787,2.745926898298596,-16.082022102899053,218.1452296274693,-2.653269950340764,-0.03346803206415272,-0.2882001788305235,30.13178973106614,18.643139592555446,1.6162400963354007,-16.082022102899096,29.546631087839703,-1.3484455446403096,-0.020636765521776734,-0.28820017883056614,zz2000_and_cyb,below,62.0,13.0,0.5,343.0,-0.13921181617282935,False
zz2000_and_cyb_below_ma45_days17:scale0.75,39.010794628794955,14.038139577330206,2.7789148564808674,-17.60868647176205,18790.513256371403,-0.7309963620481881,-0.031549314908672965,2.1316282072803006e-14,34.6072310829519,15.648966963320099,2.211470646213799,-17.60868647176206,1847.3638899041255,-0.48371819998211407,-0.014429011085288046,-2.4868995751603507e-14,36.17628733891345,18.164503493266583,1.9915924127694251,-17.60868647176207,365.81424028034195,-0.9180308788603355,-0.03375299229608508,1.0658141036401503e-14,48.61373445429571,17.822883458403837,2.727602105896809,-15.64060625401773,226.89653981222557,-1.3105080461165883,-0.05179282446593936,0.15321567005080006,30.230805264502703,19.115095759616192,1.5815147171990782,-15.640606254017763,29.643514059132613,-1.2494300112037457,-0.05536214465809919,0.1532156700507663,zz2000_and_cyb,below,45.0,17.0,0.75,181.0,-0.13943350889629627,False
zz2000_and_cyb_below_ma46_days17:scale0.75,38.96183310685155,14.031180505052967,2.7768036404934318,-17.60868647176208,18684.917770102587,-0.7799578839915924,-0.033660530896108654,-1.0658141036401503e-14,34.6072310829519,15.648966963320099,2.211470646213799,-17.60868647176206,1847.3638899041255,-0.48371819998211407,-0.014429011085288046,-2.4868995751603507e-14,36.17628733891345,18.164503493266583,1.9915924127694251,-17.60868647176207,365.81424028034195,-0.9180308788603355,-0.03375299229608508,1.0658141036401503e-14,48.61373445429571,17.822883458403837,2.727602105896809,-15.64060625401773,226.89653981222557,-1.3105080461165883,-0.05179282446593936,0.15321567005080006,30.230805264502703,19.115095759616192,1.5815147171990782,-15.640606254017763,29.643514059132613,-1.2494300112037457,-0.05536214465809919,0.1532156700507663,zz2000_and_cyb,below,46.0,17.0,0.75,182.0,-0.13943350889629627,False
zz2000_and_cyb_below_ma47_days17:scale0.75,38.962611306304765,14.030693147632425,2.7769555571015685,-17.60868647176209,18686.59178069013,-0.7791796845383772,-0.033508614287971916,-2.1316282072803006e-14,34.60230174833474,15.648405816094865,2.2112349433541154,-17.60868647176205,1846.651563290558,-0.48864753459927357,-0.014664713944971819,-1.4210854715202004e-14,36.17628733891345,18.164503493266583,1.9915924127694251,-17.60868647176207,365.81424028034195,-0.9180308788603355,-0.03375299229608508,1.0658141036401503e-14,48.61373445429571,17.822883458403837,2.727602105896809,-15.64060625401773,226.89653981222557,-1.3105080461165883,-0.05179282446593936,0.15321567005080006,30.230805264502703,19.115095759616192,1.5815147171990782,-15.640606254017763,29.643514059132613,-1.2494300112037457,-0.05536214465809919,0.1532156700507663,zz2000_and_cyb,below,47.0,17.0,0.75,189.0,-0.13969924036465273,False
zz2000_and_cyb_below_ma49_days11:scale0.50,37.81888853032906,13.568629544378364,2.787229794036042,-17.671903114023525,16371.565608549477,-1.9229024605140808,-0.023234377353498203,-0.06321664226145529,33.694898372901385,15.102306098444105,2.231109484423227,-17.671903114023536,1719.4488965820988,-1.3960509100326277,0.005209827124139643,-0.06321664226150148,36.03073489282336,17.34142073076437,2.077726816748261,-17.671903114023536,363.3386001179404,-1.0635833249504216,0.05238141168275101,-0.06321664226145529,46.898656252955526,16.90148698017892,2.77482426889158,-14.766054859709444,215.74661789627342,-3.025586247456772,-0.004570661471168691,1.027767064359086,37.892453529986604,18.09271839227403,2.0943482736219163,-14.76605485970942,37.13639934584556,6.412218254280155,0.45747141176473893,1.027767064359109,zz2000_and_cyb,below,49.0,11.0,0.5,358.0,-0.140465498070647,False
zz2000_and_cyb_below_ma52_days18:scale0.50,38.71633072618743,13.951636812759958,2.775038602694851,-17.60868647176207,18163.731222258128,-1.0254602646557132,-0.0354255686946896,0.0,34.55075257413765,15.537347335646112,2.223722739007744,-17.60868647176206,1839.2163480061197,-0.5401967087963655,-0.002176918291343366,-2.4868995751603507e-14,36.20431625755967,18.12034943690301,1.9979921680664579,-17.60868647176205,366.29218403740475,-0.8900019602141143,-0.027353236999052344,3.197442310920451e-14,48.42467255508227,17.798070586623382,2.72078213868177,-15.622737962110666,225.65477877489673,-1.4995699453300304,-0.05861279168097866,0.1710839619578639,30.39698362896679,19.157950319281657,1.5866511355535526,-15.622737962110689,29.806110499375627,-1.083251646739658,-0.05022572630362476,0.1710839619578408,zz2000_and_cyb,below,52.0,18.0,0.5,195.0,-0.1404907122044658,False
zz2000_and_cyb_below_ma57_days11:scale0.75,38.496646026712924,13.76545250767932,2.7966131883595424,-17.60868647176206,17708.872840791406,-1.245144964130219,-0.013850983029997987,1.0658141036401503e-14,34.12461626817076,15.327384864834517,2.226382162978276,-17.60868647176206,1778.72440620881,-0.9663330147632507,0.0004825056791886162,-2.4868995751603507e-14,36.14879757722531,17.75864991925744,2.0355600083104086,-17.60868647176198,365.3458705511918,-0.9455206405484731,0.010214603244898424,9.947598300641403e-14,47.790144783530494,17.351406667042607,2.7542519001818717,-15.640606254017753,221.51014685088944,-2.1340977168818043,-0.025143030180876824,0.15321567005077696,31.569777642444883,18.63536107508523,1.6940792032547456,-15.640606254017719,30.953524743192663,0.08954236673843496,0.05720234139756819,0.15321567005081071,zz2000_and_cyb,below,57.0,11.0,0.75,401.0,-0.14093528018033508,False
zz2000_and_cyb_below_ma63_days14:scale0.50,38.71111913160598,13.70702431818867,2.824181108385274,-17.60868647176206,18152.815656137278,-1.0306718592371595,0.013716936995733509,1.0658141036401503e-14,34.56596311923812,15.271561563793101,2.263420343417241,-17.60868647176205,1841.4075845135021,-0.5249861636958926,0.03752068611815362,-1.4210854715202004e-14,36.50293882392559,17.719415695758574,2.0600531897145546,-17.60868647176205,371.40861649338115,-0.591379393848193,0.03470778464904445,3.197442310920451e-14,47.01955972440892,17.408669296271857,2.7009278494639664,-15.793821924068506,216.52420245273615,-2.9046827760033764,-0.07846708089878218,2.3092638912203256e-14,28.477914145929972,18.93285415907137,1.5041532516261023,-15.793821924068563,27.928188838827417,-3.002321129776476,-0.13272361023107515,-3.375077994860476e-14,zz2000_and_cyb,below,63.0,14.0,0.5,308.0,-0.14123106592147294,False
zz2000_and_cyb_below_ma63_days12:scale0.75,38.783015777561445,13.813935878115904,2.807528290253733,-17.60868647176206,18303.94256780445,-0.9587752132816973,-0.002935881135807339,1.0658141036401503e-14,34.43008411050057,15.386893185466507,2.2376241711368388,-17.608686471762024,1821.911516022058,-0.6608651724334393,0.011724513837751527,1.0658141036401503e-14,36.243868991634834,17.84081009929059,2.0315147568930185,-17.60868647176208,366.96729644691015,-0.8504492261389487,0.006169351827508329,0.0,47.7036308619436,17.452844966536386,2.7332868052978903,-15.79382192406854,220.94778652624484,-2.2206116384686965,-0.046108125064858285,-1.0658141036401503e-14,31.00851352145049,18.8785058381016,1.6425300703018277,-15.79382192406854,30.404428553625106,-0.4717217542559595,0.005653208444650337,-1.0658141036401503e-14,zz2000_and_cyb,below,63.0,12.0,0.75,367.0,-0.14142021513406997,False
zz2000_and_cyb_below_ma64_days21:scale0.50,38.717600586570036,13.922876404799055,2.7808621911794407,-17.60868647176205,18166.39184264024,-1.0241904042731065,-0.029601980210099743,2.1316282072803006e-14,34.41979457394317,15.494807410814095,2.2213760817653663,-17.608686471762024,1820.4423632862522,-0.6711547089908407,-0.004523575533720958,1.0658141036401503e-14,35.95535658073186,18.079411733620418,1.988745934353018,-17.60868647176209,362.06066219064456,-1.1389616370419233,-0.036599470712492144,-1.0658141036401503e-14,48.550472445875755,17.63556544443265,2.7529864352153557,-15.793821924068506,226.4806839475416,-1.3737700545365428,-0.026408495147392852,2.3092638912203256e-14,31.079239021138072,19.234939955332063,1.6157700046535721,-15.79382192406853,30.47362297217735,-0.4009962545683763,-0.021106857203605278,0.0,zz2000_and_cyb,below,64.0,21.0,0.5,183.0,-0.14184602117177403,False
zz2000_and_cyb_below_ma65_days21:scale0.50,38.717600586570036,13.922876404799055,2.7808621911794407,-17.60868647176205,18166.39184264024,-1.0241904042731065,-0.029601980210099743,2.1316282072803006e-14,34.41979457394317,15.494807410814095,2.2213760817653663,-17.608686471762024,1820.4423632862522,-0.6711547089908407,-0.004523575533720958,1.0658141036401503e-14,35.95535658073186,18.079411733620418,1.988745934353018,-17.60868647176209,362.06066219064456,-1.1389616370419233,-0.036599470712492144,-1.0658141036401503e-14,48.550472445875755,17.63556544443265,2.7529864352153557,-15.793821924068506,226.4806839475416,-1.3737700545365428,-0.026408495147392852,2.3092638912203256e-14,31.079239021138072,19.234939955332063,1.6157700046535721,-15.79382192406853,30.47362297217735,-0.4009962545683763,-0.021106857203605278,0.0,zz2000_and_cyb,below,65.0,21.0,0.5,184.0,-0.14184602117177403,False
zz2000_and_cyb_below_ma52_days14:scale0.75,39.184900168431255,13.923422269189887,2.8143152890752035,-17.60868647176208,19170.530683106856,-0.5568908224118871,0.0038511176856630414,-1.0658141036401503e-14,34.63460156608811,15.5207356051201,2.2315051584708767,-17.608686471762034,1851.323403322206,-0.45634771684590447,0.005605501171789484,0.0,36.384169759852234,18.0232012293183,2.0187406941152157,-17.60868647176208,369.3683471741255,-0.710148457921548,-0.006604710950294468,0.0,47.85350821301202,17.71963456486295,2.7005922745101567,-15.370743248652674,221.92243943938354,-2.0707342874002777,-0.07880265585259183,0.4230786754158551,30.625482790806437,19.09980509824182,1.603444780367187,-15.370743248652662,30.029678642419455,-0.8547524849000112,-0.03343208148999044,0.4230786754158675,zz2000_and_cyb,below,52.0,14.0,0.75,282.0,-0.1424606868988723,False
zz2000_and_cyb_below_ma52_days16:scale0.75,38.97018684844149,13.994783888023928,2.784622267857264,-17.60868647176205,18702.895086295513,-0.7716041424016495,-0.025841903532276334,2.1316282072803006e-14,34.49193202338356,15.601410634266784,2.2108213694232126,-17.60868647176208,1830.7635680215237,-0.5990172595504504,-0.015078287875874619,-4.618527782440651e-14,36.06170030072944,18.151218764062858,1.9867371315102595,-17.60868647176208,363.86439491258795,-1.032617917044341,-0.03860827355525065,0.0,48.6453072758541,17.808377121194056,2.731596874032979,-15.43812576886161,227.1042170856765,-1.2789352245581966,-0.04779805632976952,0.35569615520691933,30.64668442490572,19.111883319096965,1.6035407873321914,-15.438125768861589,30.050422405167822,-0.8335508508007266,-0.03333607452498599,0.35569615520694065,zz2000_and_cyb,below,52.0,16.0,0.75,235.0,-0.14250326351891224,False
zz2000_and_cyb_below_ma49_days17:scale0.75,38.97028139922058,14.028602215411635,2.777916202970554,-17.608686471762024,18703.098652545952,-0.7715095916225607,-0.03254796841898644,4.618527782440651e-14,34.602050444205105,15.64461370814435,2.211754862709828,-17.60868647176206,1846.6152542013053,-0.4888988387289075,-0.014144794589259213,-2.4868995751603507e-14,36.15748966094217,18.164319702993915,1.9905776958430514,-17.60868647176207,365.4939252972783,-0.9368285568316139,-0.034767709222458754,1.0658141036401503e-14,48.579545136988386,17.82261771005581,2.725724465804988,-15.640606254017742,226.67175093597632,-1.3446973634239114,-0.05367046455776059,0.15321567005078762,30.230805264502703,19.115095759616192,1.5815147171990782,-15.640606254017763,29.643514059132613,-1.2494300112037457,-0.05536214465809919,0.1532156700507663,zz2000_and_cyb,below,49.0,17.0,0.75,198.0,-0.14274754315453442,False
zz2000_and_cyb_below_ma52_days19:scale0.00,38.00630899982214,13.91275245694093,2.731760600028586,-17.60868647176207,16731.636153935287,-1.735481991021004,-0.07870357136095452,0.0,34.336023180924435,15.481837338131191,2.2178261165653823,-17.608686471762102,1808.5189365096028,-0.754926102009577,-0.00807354073370492,-6.750155989720952e-14,35.9991361195672,18.085715626957548,1.9904734134992657,-17.60868647176206,362.80254194585194,-1.0951820982065854,-0.03487199156624454,2.1316282072803006e-14,48.426781618676664,17.79355757626481,2.7215907449151224,-14.7660548597094,225.66861378830833,-1.497460881735634,-0.05780418544762611,1.0277670643591303,33.301781539736,19.240643810965654,1.7308039100415444,-14.76605485970942,32.64772771921722,1.8215462640295499,0.09392704818436703,1.027767064359109,zz2000_and_cyb,below,52.0,19.0,0.0,178.0,-0.14320980494487107,False
zz2000_and_cyb_below_ma50_days15:scale0.75,39.118863611108566,13.968135023253318,2.8005788565177685,-17.608686471762102,19025.55817322911,-0.6229273797345769,-0.00988531487177191,-3.197442310920451e-14,34.59109347474087,15.574639748079733,2.2209883524917977,-17.60868647176205,1845.032754545964,-0.49985580819313924,-0.004911304807289518,-1.4210854715202004e-14,36.01647976532982,18.108631114910505,1.9889123333941092,-17.60868647176205,363.0967072441825,-1.077838452443963,-0.036433071671400974,3.197442310920451e-14,48.40749111285545,17.745119399157833,2.7279326796275503,-15.370893944976071,225.54208670143453,-1.5167513875568446,-0.05146225073519828,0.4229279790924583,30.752365559315997,19.108345521135337,1.609368300636047,-15.37089394497605,30.15382038652623,-0.7278697163904511,-0.027508561221130323,0.4229279790924796,zz2000_and_cyb,below,50.0,15.0,0.75,254.0,-0.1437510726709173,False
zz2000_and_cyb_below_ma58_days11:scale0.75,38.47715258591804,13.7498595689657,2.7983669500715047,-17.60868647176205,17669.028619433535,-1.2646384049251012,-0.0120972213180357,2.1316282072803006e-14,34.09454918048438,15.30507044225704,2.2276636562449204,-17.60868647176208,1774.5210907165479,-0.9964001024496341,0.0017639989458331229,-4.618527782440651e-14,36.087611834638466,17.719996859968315,2.0365473041456847,-17.608686471762034,364.3047409951544,-1.0067063831353167,0.011201899080174549,4.618527782440651e-14,47.67961186612519,17.284977535947558,2.7584422234258583,-15.640606254017753,220.79177373347764,-2.2446306342871054,-0.02095270693689022,0.15321567005077696,31.569777642444883,18.63536107508523,1.6940792032547456,-15.640606254017719,30.953524743192663,0.08954236673843496,0.05720234139756819,0.15321567005081071,zz2000_and_cyb,below,58.0,11.0,0.75,418.0,-0.1446178897376995,False
zz2000_and_cyb_below_ma55_days12:scale0.50,38.1801905038446,13.591180871372355,2.8091886102601324,-17.60868647176207,17072.280191106594,-1.5616004869985431,-0.001275561129407965,0.0,34.11898191280742,15.117385776556521,2.256936643484872,-17.608686471762024,1777.9360900128743,-0.9719673701265918,0.031036986185784876,1.0658141036401503e-14,36.29374588060876,17.50765680478363,2.0730213234870014,-17.608686471762034,367.81974197309245,-0.800572337165022,0.047675918421491215,4.618527782440651e-14,46.83216733489435,17.12092224692633,2.7353764393913993,-15.622737962110678,215.3195401041632,-3.0920751655179473,-0.044018490971349244,0.17108396195785147,33.99952746414539,18.43049226635547,1.8447433184522644,-15.622737962110666,33.330138655469725,2.519292188438939,0.20786645659508696,0.1710839619578639,zz2000_and_cyb,below,55.0,12.0,0.5,350.0,-0.14463279764058007,False
zz2000_and_cyb_below_ma48_days17:scale0.75,38.94406811367952,14.032865697478167,2.7752042208084498,-17.60868647176207,18646.740904783834,-0.797722877163622,-0.03525995058109066,0.0,34.55442938189967,15.650855065409536,2.2078301305255548,-17.60868647176206,1839.7458261573636,-0.5365199010343389,-0.018069526773532463,-2.4868995751603507e-14,36.15748966094217,18.164319702993915,1.9905776958430514,-17.60868647176207,365.4939252972783,-0.9368285568316139,-0.034767709222458754,1.0658141036401503e-14,48.579545136988386,17.82261771005581,2.725724465804988,-15.640606254017742,226.67175093597632,-1.3446973634239114,-0.05367046455776059,0.15321567005078762,30.230805264502703,19.115095759616192,1.5815147171990782,-15.640606254017763,29.643514059132613,-1.2494300112037457,-0.05536214465809919,0.1532156700507663,zz2000_and_cyb,below,48.0,17.0,0.75,193.0,-0.146138541115834,False
zz2000_and_cyb_below_ma57_days19:scale0.25,38.01124321197771,13.921716407800306,2.730356092491591,-17.60868647176205,16741.21462901985,-1.7305477788654358,-0.08010807889794958,2.1316282072803006e-14,34.309317201517906,15.505701740775802,2.2126903880327897,-17.60868647176205,1804.731825280906,-0.781632081416106,-0.013209269266297508,-1.4210854715202004e-14,36.19644592816111,18.122777718230417,1.9972901776392527,-17.60868647176206,366.1579411258013,-0.8978722896126712,-0.028055227426257545,2.1316282072803006e-14,48.65178049965442,17.840132999827034,2.7270974100992476,-15.793821924068506,227.1468070024643,-1.2724620007578764,-0.052297520263500985,2.3092638912203256e-14,30.87897447914074,19.237345696594577,1.6051577471317668,-15.793821924068563,30.277692143140822,-0.6012607965657075,-0.03171911472541056,-3.375077994860476e-14,zz2000_and_cyb,below,57.0,19.0,0.25,192.0,-0.14619167108347977,False
zz2000_and_cyb_below_ma55_days21:scale0.50,38.80816134436873,13.990473656573135,2.7738990327990445,-18.147437565227854,18357.074813250238,-0.9336296464744152,-0.03656513859049593,-0.538751093465784,34.35946506155678,15.578388745538629,2.2055852901601725,-18.147437565227875,1811.848756603471,-0.7314842213772295,-0.02031436713891477,-0.5387510934658408,36.055107490403415,18.195936282171875,1.9814922920855527,-18.147437565227808,363.7524085903203,-1.0392107273703672,-0.04385311297995753,-0.5387510934657271,49.25563152840524,17.865104680704274,2.757086085345205,-15.79382192406853,231.13603380740182,-0.668610972007059,-0.02230884501754371,0.0,31.48023527570645,19.23188970976682,1.6368768618571774,-15.79382192406853,30.86592630275138,0.0,0.0,0.0,zz2000_and_cyb,below,55.0,21.0,0.5,156.0,-0.14650649242636615,False
zz2000_and_cyb_below_ma54_days21:scale0.50,38.80816134436873,13.990473656573135,2.7738990327990445,-18.147437565227854,18357.074813250238,-0.9336296464744152,-0.03656513859049593,-0.538751093465784,34.35946506155678,15.578388745538629,2.2055852901601725,-18.147437565227875,1811.848756603471,-0.7314842213772295,-0.02031436713891477,-0.5387510934658408,36.055107490403415,18.195936282171875,1.9814922920855527,-18.147437565227808,363.7524085903203,-1.0392107273703672,-0.04385311297995753,-0.5387510934657271,49.25563152840524,17.865104680704274,2.757086085345205,-15.79382192406853,231.13603380740182,-0.668610972007059,-0.02230884501754371,0.0,31.48023527570645,19.23188970976682,1.6368768618571774,-15.79382192406853,30.86592630275138,0.0,0.0,0.0,zz2000_and_cyb,below,54.0,21.0,0.5,156.0,-0.14650649242636615,False
zz2000_and_cyb_below_ma63_days22:scale0.50,38.715697972006936,13.939062635632249,2.7774965206798403,-17.60868647176208,18162.405606835928,-1.0260930188362067,-0.03296765070970009,-1.0658141036401503e-14,34.300873104443895,15.51396275164457,2.2109678651128517,-17.608686471762034,1803.5357959844664,-0.7900761784901178,-0.014931792186235526,0.0,35.98101328364027,18.084111469366928,1.9896478378044338,-17.60868647176209,362.49532040886754,-1.1133049341335095,-0.035697567261076424,-1.0658141036401503e-14,48.59719801789477,17.64353116846319,2.7543918251897046,-15.793821924068563,226.78780273946887,-1.327044482517529,-0.025003105173043938,-3.375077994860476e-14,31.079239021138072,19.234939955332063,1.6157700046535721,-15.79382192406853,30.47362297217735,-0.4009962545683763,-0.021106857203605278,0.0,zz2000_and_cyb,below,63.0,22.0,0.5,166.0,-0.1469307472476687,False
zz2000_and_cyb_below_ma50_days12:scale0.25,37.91907161263328,13.467599710063627,2.815577566082422,-17.60868647176206,16563.128488632196,-1.822719378209861,0.005113394692881634,1.0658141036401503e-14,34.20977092174875,14.965816152568761,2.2858606956679015,-17.608686471762024,1790.674915158839,-0.8811783611852633,0.05996103836881428,1.0658141036401503e-14,36.291073256950376,17.238690323148,2.1052105801923346,-17.60868647176207,367.77403266686844,-0.803244960823406,0.07986517512682445,1.0658141036401503e-14,45.598812411094784,16.78682579907714,2.7163451242581904,-14.76605485970942,207.46689787331297,-4.325430089317514,-0.06304980610455813,1.027767064359109,38.61069705409359,17.874186003453556,2.1601373649481683,-14.76605485970942,37.83845067470048,7.130461778387144,0.5232605030909909,1.027767064359109,zz2000_and_cyb,below,50.0,12.0,0.25,337.0,-0.14699543260776715,False
zz2000_and_cyb_below_ma48_days11:scale0.50,37.856280143764074,13.5789832615087,2.7878582228665354,-17.671903114023547,16442.820468575082,-1.8855108470790682,-0.022605948523005015,-0.06321664226147661,33.6006577519367,15.113530646289497,2.223216966194855,-17.671903114023568,1706.6765385410417,-1.490291530997311,-0.0026826911042321377,-0.06321664226153345,36.03073489282336,17.34142073076437,2.077726816748261,-17.671903114023536,363.3386001179404,-1.0635833249504216,0.05238141168275101,-0.06321664226145529,46.898656252955526,16.90148698017892,2.77482426889158,-14.766054859709444,215.74661789627342,-3.025586247456772,-0.004570661471168691,1.027767064359086,37.892453529986604,18.09271839227403,2.0943482736219163,-14.76605485970942,37.13639934584556,6.412218254280155,0.45747141176473893,1.027767064359109,zz2000_and_cyb,below,48.0,11.0,0.5,352.0,-0.14723897581377404,False
zz2000_and_cyb_below_ma58_days19:scale0.25,37.93770426440304,13.838795499764958,2.741402188149061,-17.60868647176206,16598.98597102698,-1.8040867264401044,-0.0690619832404793,1.0658141036401503e-14,34.195346760522874,15.38703019382162,2.2223487138053053,-17.60868647176205,1788.6458447080286,-0.8956025224111386,-0.003550943493781933,-1.4210854715202004e-14,35.964829626248275,17.9186691642348,2.007114998140216,-17.60868647176208,362.22110997439546,-1.129488591525508,-0.018230406925294318,0.0,48.231130368940335,17.49194639369394,2.7573335341530796,-15.793821924068506,224.38684699684092,-1.6931121314719633,-0.02206139620966896,2.3092638912203256e-14,30.87897447914074,19.237345696594577,1.6051577471317668,-15.793821924068563,30.277692143140822,-0.6012607965657075,-0.03171911472541056,-3.375077994860476e-14,zz2000_and_cyb,below,58.0,19.0,0.25,214.0,-0.14758047429161808,False
zz2000_and_cyb_below_ma61_days19:scale0.25,37.93770426440304,13.838795499764958,2.741402188149061,-17.60868647176206,16598.98597102698,-1.8040867264401044,-0.0690619832404793,1.0658141036401503e-14,34.195346760522874,15.38703019382162,2.2223487138053053,-17.60868647176205,1788.6458447080286,-0.8956025224111386,-0.003550943493781933,-1.4210854715202004e-14,35.964829626248275,17.9186691642348,2.007114998140216,-17.60868647176208,362.22110997439546,-1.129488591525508,-0.018230406925294318,0.0,48.231130368940335,17.49194639369394,2.7573335341530796,-15.793821924068506,224.38684699684092,-1.6931121314719633,-0.02206139620966896,2.3092638912203256e-14,30.87897447914074,19.237345696594577,1.6051577471317668,-15.793821924068563,30.277692143140822,-0.6012607965657075,-0.03171911472541056,-3.375077994860476e-14,zz2000_and_cyb,below,61.0,19.0,0.25,215.0,-0.14758047429161808,False
zz2000_and_cyb_below_ma61_days18:scale0.00,37.39389783055815,13.795833729778776,2.710521057516238,-17.60868647176206,15581.644912433881,-2.3478931602849897,-0.09994311387330246,1.0658141036401503e-14,34.144853072154824,15.331152013066943,2.2271550789564096,-17.60868647176205,1781.5582422729542,-0.9460962107791886,0.0012554216573223975,-1.4210854715202004e-14,35.91651149521906,17.839828337890836,2.0132767431923275,-17.608686471762102,361.40319693521013,-1.1778067225547204,-0.012068661873182673,-2.1316282072803006e-14,48.0500662885398,17.3762814312015,2.7652674986179324,-15.79382192406853,223.20364019309972,-1.874176211872495,-0.014127431744816121,0.0,33.378900050760826,19.123176319060093,1.7454684040899648,-15.793821924068506,32.72315432619797,1.8986647750543781,0.10859154223278744,2.3092638912203256e-14,zz2000_and_cyb,below,61.0,18.0,0.0,230.0,-0.14767262500866712,False
zz2000_and_cyb_below_ma53_days21:scale0.50,38.80519180090729,13.990064353182149,2.7737679270989735,-18.147437565227854,18350.79273033397,-0.9365991899358548,-0.03669624429056695,-0.538751093465784,34.3548868913063,15.577800829546504,2.2053746396696248,-18.147437565227875,1811.1980363493753,-0.736062391627712,-0.02052501762946246,-0.5387510934658408,36.04581282923813,18.19492859025775,1.9810911952981458,-18.147437565227808,363.5945649930616,-1.0485053885356521,-0.04425420976736438,-0.5387510934657271,49.238637814650524,17.863418117515973,2.7563950801985415,-15.793821924068506,231.02332775609176,-0.6856046857617741,-0.022999850164207025,2.3092638912203256e-14,31.48023527570645,19.23188970976682,1.6368768618571774,-15.79382192406853,30.86592630275138,0.0,0.0,0.0,zz2000_and_cyb,below,53.0,21.0,0.5,152.0,-0.1482153068683891,False
zz2000_and_cyb_below_ma63_days16:scale0.00,37.31188206841285,13.696959246423143,2.7240996630808083,-18.95582529788574,15433.350451663056,-2.429908922430293,-0.0863645083087321,-1.3471388261236719,34.106165289937216,15.244184600211163,2.2373230306765493,-18.95582529788573,1776.1439940884927,-0.9847839929967961,0.01142337337746202,-1.3471388261236967,36.115542028709726,17.71090253626763,2.0391700510323436,-18.95582529788571,364.7797667382407,-0.9787761890640567,0.013824645966833415,-1.3471388261236292,48.514630325727445,17.37948672754558,2.7914880966440907,-15.793821924068506,226.24523036283207,-1.4096121746848524,0.01209316628134216,2.3092638912203256e-14,32.37297013883897,19.09215631288185,1.695616231519972,-15.793821924068506,31.73923474396552,0.8927348631325245,0.058739369662794694,2.3092638912203256e-14,zz2000_and_cyb,below,63.0,16.0,0.0,261.0,-0.14835207275324297,False
zz2000_and_cyb_below_ma64_days13:scale0.25,37.699740951719754,13.496266377398678,2.7933459445386366,-17.608686471762024,16146.427269333464,-2.0420500391233887,-0.017118226850903806,4.618527782440651e-14,34.0003971833436,15.019526605439246,2.2637462602203806,-17.60868647176207,1761.4135247962963,-1.0905520995904112,0.03784660292129338,-3.552713678800501e-14,36.41594913075128,17.410351020081137,2.0916263600170404,-17.60868647176206,369.9135747597358,-0.678369087022503,0.06628095495153019,2.1316282072803006e-14,46.47557584664537,17.034320580094704,2.728349253973415,-15.79382192406853,213.03560722616686,-3.448666653766928,-0.05104567638933366,0.0,31.229326139063463,18.518251706477137,1.6864079090220145,-15.79382192406853,30.62045885533302,-0.250909136642985,0.04953104716483714,0.0,zz2000_and_cyb,below,64.0,13.0,0.25,343.0,-0.15062187317359774,False
zz2000_and_cyb_below_ma58_days16:scale0.50,38.17688726766666,13.828425918574538,2.7607543687518996,-17.76280408324986,17065.749189684357,-1.564903723176485,-0.0497098026376408,-0.15411761148779135,34.15611325621888,15.404308622448257,2.2173090719854933,-17.762804083249918,1783.1367134591092,-0.9348360267151321,-0.008590585313593913,-0.15411761148788372,35.688360212641946,17.915901359381117,1.9919935646416596,-17.762804083249893,357.556741833626,-1.4059580051318363,-0.03335184042385064,-0.15411761148781267,48.57429481895754,17.49361149925992,2.7766876394284,-15.773716481475219,226.63724011325752,-1.3499476814547577,-0.0027072909343486273,0.020105442593310485,31.966871237478124,19.14718485424876,1.669533745081313,-15.773716481475187,31.341985323442568,0.48663596177167534,0.032656883224135624,0.02010544259334246,zz2000_and_cyb,below,58.0,16.0,0.5,268.0,-0.15258923377552908,False
zz2000_and_cyb_below_ma49_days16:scale0.75,38.97974159343236,14.017541317185062,2.7807830711113675,-17.608686471762102,18723.47673753592,-0.7620493974107845,-0.029681100278172945,-3.197442310920451e-14,34.51520899727325,15.634864100335037,2.2075797253993166,-17.60868647176205,1834.1046022661317,-0.5757402856607641,-0.01831993189977066,-1.4210854715202004e-14,36.004171135468034,18.14777425634249,1.9839441810824203,-17.60868647176208,362.88792537944204,-1.090147082305748,-0.041401223983089874,0.0,48.54057249815953,17.80266840023077,2.726589711547417,-15.4381257688616,226.41563804048337,-1.3836700022527708,-0.0528052188153314,0.35569615520693,30.64668442490572,19.111883319096965,1.6035407873321914,-15.438125768861589,30.050422405167822,-0.8335508508007266,-0.03333607452498599,0.35569615520694065,zz2000_and_cyb,below,49.0,16.0,0.75,219.0,-0.15300507077432873,False
zz2000_and_cyb_below_ma50_days16:scale0.75,38.977288577828006,13.993149359290783,2.7854550521144086,-17.60868647176208,18718.19074092773,-0.764502413015137,-0.02500911927513183,-1.0658141036401503e-14,34.51860924023033,15.599860852278802,2.212751098686109,-17.60868647176206,1834.5930875728495,-0.5723400427036793,-0.013148558612978256,-2.4868995751603507e-14,35.987354062685874,18.14706981292694,1.9830944848765906,-17.60868647176208,362.60279187705083,-1.1069641550879084,-0.04225092018891963,0.0,48.509961737773736,17.80151339435064,2.725047059940898,-15.43812576886161,226.21456985743856,-1.4142807626385618,-0.05434787042185052,0.35569615520691933,30.64668442490572,19.111883319096965,1.6035407873321914,-15.438125768861589,30.050422405167822,-0.8335508508007266,-0.03333607452498599,0.35569615520694065,zz2000_and_cyb,below,50.0,16.0,0.75,233.0,-0.15317352490927313,False
zz2000_and_cyb_below_ma51_days16:scale0.75,38.987347993571866,13.99361831621956,2.7860805627650183,-17.60868647176205,18739.8765969968,-0.7544429972712763,-0.024383608624522157,2.1316282072803006e-14,34.51838584933491,15.599762243956409,2.2127507656540004,-17.60868647176206,1834.5609914089735,-0.5725634335991003,-0.013148891645086813,-2.4868995751603507e-14,35.98690128633288,18.146899775291327,1.9830881159839961,-17.60868647176208,362.59511699435194,-1.107416931440902,-0.04225728908151405,0.0,48.50913762040514,17.80122557372129,2.7250448245549905,-15.438125768861577,226.2091577444933,-1.4151048800071564,-0.05435010580775801,0.3556961552069531,30.64668442490572,19.111883319096965,1.6035407873321914,-15.438125768861589,30.050422405167822,-0.8335508508007266,-0.03333607452498599,0.35569615520694065,zz2000_and_cyb,below,51.0,16.0,0.75,234.0,-0.1532293865716959,False
zz2000_and_cyb_below_ma45_days16:scale0.75,38.877700103189405,14.023322577999942,2.772360108451152,-17.60868647176207,18504.75871553368,-0.8640908876537381,-0.03810406293838842,0.0,34.498989071762274,15.638385236830452,2.2060454803551344,-17.60868647176209,1831.7759444777803,-0.5919602111717381,-0.01985417694395286,-5.684341886080802e-14,36.00421365758948,18.1476014899279,1.9839654114937544,-17.60868647176208,362.88864652009954,-1.090104560184301,-0.04137999357175581,0.0,48.540649900943976,17.802374711423454,2.726639040453201,-15.43812576886161,226.4161465687361,-1.3835925994683222,-0.052755889909547715,0.35569615520691933,30.64668442490572,19.111883319096965,1.6035407873321914,-15.438125768861589,30.050422405167822,-0.8335508508007266,-0.03333607452498599,0.35569615520694065,zz2000_and_cyb,below,45.0,16.0,0.75,201.0,-0.15421931403148487,False
zz2000_and_cyb_below_ma46_days16:scale0.75,38.94672169410942,14.019617969604301,2.778015904466809,-17.60868647176208,18652.438810359647,-0.7950692967337218,-0.032448266922731506,-1.0658141036401503e-14,34.498989071762274,15.638385236830452,2.2060454803551344,-17.60868647176209,1831.7759444777803,-0.5919602111717381,-0.01985417694395286,-5.684341886080802e-14,36.00421365758948,18.1476014899279,1.9839654114937544,-17.60868647176208,362.88864652009954,-1.090104560184301,-0.04137999357175581,0.0,48.540649900943976,17.802374711423454,2.726639040453201,-15.43812576886161,226.4161465687361,-1.3835925994683222,-0.052755889909547715,0.35569615520691933,30.64668442490572,19.111883319096965,1.6035407873321914,-15.438125768861589,30.050422405167822,-0.8335508508007266,-0.03333607452498599,0.35569615520694065,zz2000_and_cyb,below,46.0,16.0,0.75,202.0,-0.15421931403148487,False
zz2000_and_cyb_below_ma57_days21:scale0.50,38.638642120633435,13.984656282416802,2.762931125394523,-18.147437565227797,18001.64653436382,-1.1031488702097079,-0.04753304599501762,-0.5387510934657271,34.39646249732316,15.579015885678393,2.2078713283130686,-18.147437565227833,1817.1147239903482,-0.6944867856108559,-0.018028328986018582,-0.5387510934657982,36.052893803911125,18.196479467073118,1.9813114877056044,-18.147437565227854,363.71481147409526,-1.0414244138626572,-0.044033917359905805,-0.5387510934657733,49.10178277481987,17.867424892387447,2.748117485902519,-15.793821924068496,230.11660553463815,-0.8224597255924309,-0.03127744446022973,3.375077994860476e-14,31.079239021138072,19.234939955332063,1.6157700046535721,-15.79382192406853,30.47362297217735,-0.4009962545683763,-0.021106857203605278,0.0,zz2000_and_cyb,below,57.0,21.0,0.5,162.0,-0.15429043759096156,False
zz2000_and_cyb_below_ma47_days16:scale0.75,38.9495834044755,14.019168964330037,2.7783090070158707,-17.60868647176207,18658.58544224145,-0.7922075863676454,-0.03215516437366972,0.0,34.49409791855405,15.637660893344297,2.2058348850137444,-17.60868647176209,1831.074228047601,-0.5968513643799653,-0.02006477228534287,-5.684341886080802e-14,36.00421365758948,18.1476014899279,1.9839654114937544,-17.60868647176208,362.88864652009954,-1.090104560184301,-0.04137999357175581,0.0,48.540649900943976,17.802374711423454,2.726639040453201,-15.43812576886161,226.4161465687361,-1.3835925994683222,-0.052755889909547715,0.35569615520691933,30.64668442490572,19.111883319096965,1.6035407873321914,-15.438125768861589,30.050422405167822,-0.8335508508007266,-0.03333607452498599,0.35569615520694065,zz2000_and_cyb,below,47.0,16.0,0.75,210.0,-0.1544713462984267,False
zz2000_and_cyb_below_ma61_days21:scale0.50,38.56537926070418,13.918816851400944,2.77073688607538,-18.147437565227886,17850.03136521826,-1.176411730138966,-0.039727285314160365,-0.538751093465816,34.28336027936039,15.484805474515257,2.2140000619177043,-18.147437565227854,1801.0574182310374,-0.8075890035736251,-0.011899595381382966,-0.5387510934658195,35.82343228767952,18.03440334404103,1.986394093792761,-18.147437565227854,359.83084437511013,-1.2708859300942592,-0.03895131127274909,-0.5387510934657733,48.83257833784924,17.589433306716735,2.7762451175275746,-15.793821924068506,228.33783949576073,-1.091664162563056,-0.003149812835173904,2.3092638912203256e-14,31.079239021138072,19.234939955332063,1.6157700046535721,-15.79382192406853,30.47362297217735,-0.4009962545683763,-0.021106857203605278,0.0,zz2000_and_cyb,below,61.0,21.0,0.5,185.0,-0.15546732683349915,False
zz2000_and_cyb_below_ma58_days21:scale0.50,38.56537926070418,13.918816851400944,2.77073688607538,-18.147437565227886,17850.03136521826,-1.176411730138966,-0.039727285314160365,-0.538751093465816,34.28336027936039,15.484805474515257,2.2140000619177043,-18.147437565227854,1801.0574182310374,-0.8075890035736251,-0.011899595381382966,-0.5387510934658195,35.82343228767952,18.03440334404103,1.986394093792761,-18.147437565227854,359.83084437511013,-1.2708859300942592,-0.03895131127274909,-0.5387510934657733,48.83257833784924,17.589433306716735,2.7762451175275746,-15.793821924068506,228.33783949576073,-1.091664162563056,-0.003149812835173904,2.3092638912203256e-14,31.079239021138072,19.234939955332063,1.6157700046535721,-15.79382192406853,30.47362297217735,-0.4009962545683763,-0.021106857203605278,0.0,zz2000_and_cyb,below,58.0,21.0,0.5,184.0,-0.15546732683349915,False
zz2000_and_cyb_below_ma48_days16:scale0.75,38.93637974384867,14.021499854700394,2.77690547711243,-17.60868647176206,18630.24119748051,-0.8054112469944741,-0.033558694277110224,1.0658141036401503e-14,34.46761865873429,15.641108746193833,2.203655713801093,-17.60868647176206,1827.2793231741148,-0.6233306241997241,-0.02224394349799441,-2.4868995751603507e-14,36.004171135468034,18.14777425634249,1.9839441810824203,-17.60868647176208,362.88792537944204,-1.090147082305748,-0.041401223983089874,0.0,48.54057249815953,17.80266840023077,2.726589711547417,-15.4381257688616,226.41563804048337,-1.3836700022527708,-0.0528052188153314,0.35569615520693,30.64668442490572,19.111883319096965,1.6035407873321914,-15.438125768861589,30.050422405167822,-0.8335508508007266,-0.03333607452498599,0.35569615520694065,zz2000_and_cyb,below,48.0,16.0,0.75,214.0,-0.1563947867296096,False
zz2000_and_cyb_below_ma50_days21:scale0.25,38.5605991301061,13.967599269953087,2.760717742887795,-18.914963085867743,17840.18051047747,-1.1811918607370444,-0.04974642850174549,-1.3062766141056734,34.36058459577818,15.55156925426221,2.2094609253893136,-18.914963085867754,1812.007912431332,-0.7303646871558342,-0.01643873190977363,-1.3062766141057196,35.89127594500634,18.16945677226835,1.9753631820069832,-18.914963085867775,360.97647817060664,-1.2030422727674406,-0.04998222305852695,-1.3062766141056947,49.576630581386794,17.84349800903345,2.7784143308833347,-15.560738471188174,233.2697702474214,-0.34761191902550337,-0.0009805994794138684,0.23308345288035603,31.85051863075006,19.258586878615272,1.6538346676991582,-15.560738471188207,31.22816435539786,0.3702833550436111,0.01695780584198081,0.23308345288032228,zz2000_and_cyb,below,50.0,21.0,0.25,146.0,-0.15747401005790646,False
zz2000_and_cyb_below_ma55_days14:scale0.50,38.8294381022531,13.780106454832694,2.81778941472804,-17.60868647176207,18402.14456099465,-0.9123528885900427,0.0073252433384993765,0.0,34.54842095578658,15.362702390727726,2.24885050019836,-17.60868647176208,1838.88065104797,-0.5425283271474299,0.02295084289927285,-4.618527782440651e-14,36.45195544569524,17.886508892203366,2.037958087035333,-17.60868647176207,370.53193414988544,-0.6423627720785419,0.012612681969822681,1.0658141036401503e-14,47.21911213035086,17.672442710349763,2.6719063631592515,-15.245302687262773,217.8103994875603,-2.7051303700614397,-0.10748856720349709,0.5485192368057561,29.49174920785953,19.05806180671055,1.5474684418053026,-15.245302687262797,28.92034506151864,-1.9884860678469174,-0.08940842005187477,0.548519236805733,zz2000_and_cyb,below,55.0,14.0,0.5,288.0,-0.15843024622040863,False
zz2000_and_cyb_below_ma62_days20:scale0.25,38.11169799821148,13.855258734488732,2.7507027280077585,-17.60868647176206,16937.335361225953,-1.6300929926316599,-0.05976144338178191,1.0658141036401503e-14,34.09632413136532,15.41086679811294,2.2124858113458234,-17.608686471762024,1774.7689898596811,-0.994625151568691,-0.013413845953263781,1.0658141036401503e-14,35.77474624373798,17.958645891396838,1.9920625675277674,-17.60868647176206,359.01011678411567,-1.319571974035803,-0.03328283753774275,2.1316282072803006e-14,48.46030782431872,17.534957195940787,2.763639926964687,-15.793821924068506,225.88859117743132,-1.4639346760935794,-0.01575500339806135,2.3092638912203256e-14,30.87897447914074,19.237345696594577,1.6051577471317668,-15.793821924068563,30.277692143140822,-0.6012607965657075,-0.03171911472541056,-3.375077994860476e-14,zz2000_and_cyb,below,62.0,20.0,0.25,199.0,-0.15848733074612192,False
zz2000_and_cyb_below_ma53_days20:scale0.25,38.299164661990744,13.93596802504232,2.7482242061096036,-17.60868647176207,17309.068622974068,-1.4426263288523984,-0.062239965279936804,0.0,34.08579625488628,15.510840769064686,2.1975466554248997,-17.608686471762024,1773.2990416198518,-1.0051530280477294,-0.028353001874187544,1.0658141036401503e-14,36.00293449643439,18.13600125343787,1.9851638734095072,-17.60868647176209,362.8669533782313,-1.0913837213393904,-0.04018153165600302,-1.0658141036401503e-14,48.87594482819762,17.837732968472757,2.7400311976069633,-15.793821924068519,228.62395112376862,-1.0482976722146802,-0.0393637327557852,1.0658141036401503e-14,31.48023527570645,19.23188970976682,1.6368768618571774,-15.79382192406853,30.86592630275138,0.0,0.0,0.0,zz2000_and_cyb,below,53.0,20.0,0.25,166.0,-0.158992572758812,False
zz2000_and_cyb_below_ma61_days11:scale0.75,38.44720066786471,13.761098969460441,2.7939048148108903,-17.60868647176208,17607.970233925775,-1.2945903229784292,-0.016559356578650153,-1.0658141036401503e-14,34.048355609330216,15.32111411970499,2.2223159062263953,-17.60868647176205,1768.079813939373,-1.0425936736037968,-0.003583751072691932,-1.4210854715202004e-14,35.950840464493524,17.744064284087465,2.0260769961667435,-17.608686471762013,361.98418706155513,-1.1434777532802585,0.0007315911012333309,6.750155989720952e-14,47.61169964806864,17.336292397389112,2.746359980363453,-15.270118926003795,220.3509303734271,-2.312542852343661,-0.03303494999929546,0.523702998064735,31.385824250530824,18.77792170921426,1.6714216161168627,-15.270118926003828,30.773563794735658,-0.09441102517562427,0.034544754259685284,0.5237029980647012,zz2000_and_cyb,below,61.0,11.0,0.75,412.0,-0.15970802642903234,False
zz2000_and_cyb_below_ma62_days11:scale0.75,38.47910651561648,13.759472477680568,2.796553906992726,-17.60868647176206,17673.018643991592,-1.2626844752266635,-0.01391026439681431,1.0658141036401503e-14,34.048355609330216,15.32111411970499,2.2223159062263953,-17.60868647176205,1768.079813939373,-1.0425936736037968,-0.003583751072691932,-1.4210854715202004e-14,35.950840464493524,17.744064284087465,2.0260769961667435,-17.608686471762013,361.98418706155513,-1.1434777532802585,0.0007315911012333309,6.750155989720952e-14,47.61169964806864,17.336292397389112,2.746359980363453,-15.270118926003795,220.3509303734271,-2.312542852343661,-0.03303494999929546,0.523702998064735,31.385824250530824,18.77792170921426,1.6714216161168627,-15.270118926003828,30.773563794735658,-0.09441102517562427,0.034544754259685284,0.5237029980647012,zz2000_and_cyb,below,62.0,11.0,0.75,411.0,-0.15970802642903234,False
zz2000_and_cyb_below_ma57_days15:scale0.25,38.04812575208627,13.749084178848973,2.7673207362144128,-17.60868647176208,16812.974349655444,-1.6936652387568714,-0.04314343517512764,-1.0658141036401503e-14,34.286607656535125,15.333601153838664,2.2360440520491633,-17.60868647176206,1801.5167607185704,-0.8043416263988874,0.010144394750076113,-2.4868995751603507e-14,36.07578699191063,17.881289042293275,2.0175160138949306,-17.60868647176206,364.10374569059013,-1.0185312258631498,-0.00782939117057957,2.1316282072803006e-14,47.8633490732443,17.665442672699243,2.709433890791421,-15.560738471188152,221.9865034097852,-2.060893427167997,-0.06996103957132771,0.23308345288037735,30.86129241936795,19.062236995862378,1.618975381854011,-15.560738471188174,30.26039247574499,-0.6189428563384993,-0.017901480003166492,0.23308345288035603,zz2000_and_cyb,below,57.0,15.0,0.25,273.0,-0.16107146058636487,False
zz2000_and_cyb_below_ma51_days15:scale0.75,39.09197024429281,13.96682141985972,2.798916737684288,-17.60868647176207,18966.811566875847,-0.6498207465503327,-0.011547433705252352,0.0,34.547234107137406,15.572458612469775,2.2184829619308424,-17.60868647176205,1838.7097934764267,-0.5437151757966063,-0.007416695368244852,-1.4210854715202004e-14,35.92762741255966,18.104887677385683,1.9844159241836041,-17.60868647176205,361.5912608991284,-1.1666908052141238,-0.040929480881906066,3.197442310920451e-14,48.24594839326537,17.738970822173698,2.7197715626747625,-15.370893944976071,224.48380635324975,-1.6782941071469253,-0.05962336768798604,0.4229279790924583,30.752365559315997,19.108345521135337,1.609368300636047,-15.37089394497605,30.15382038652623,-0.7278697163904511,-0.027508561221130323,0.4229279790924796,zz2000_and_cyb,below,51.0,15.0,0.75,256.0,-0.16141213959375386,False
zz2000_and_cyb_below_ma50_days22:scale0.25,38.66904732388168,13.983930158192603,2.7652488882910427,-17.622737624550577,18064.92084063427,-1.0727436669614647,-0.04521528309849776,-0.014051152788507437,34.353705938812155,15.570644431638634,2.206312403422908,-17.622737624550567,1811.0302134848869,-0.7372433441218575,-0.01958725387617921,-0.014051152788532306,36.06437854337117,18.199775122104608,1.9815837449314984,-17.62273762455052,363.90989405935744,-1.0299396744026126,-0.04376166013401184,-0.014051152788439936,48.65503368421604,17.863274242756297,2.723746667212818,-15.763826717236206,227.16821239233872,-1.2692088161962545,-0.05564826314993043,0.029995206832323262,31.527885560411196,19.26262563844648,1.6367387370849567,-15.76382671723624,30.912542247287078,0.04765028470474775,-0.00013812477222074904,0.02999520683228951,zz2000_and_cyb,below,50.0,22.0,0.25,131.0,-0.1620482280495698,False
zz2000_and_cyb_below_ma61_days14:scale0.50,38.62189619438576,13.71076520344127,2.816903040881485,-17.608686471762034,17966.8859356892,-1.1198947964573804,0.006438869491944388,3.552713678800501e-14,34.5267337065182,15.27271192494031,2.260681264480351,-17.60868647176205,1835.7607132976063,-0.5642155764158119,0.03478160718126366,-1.4210854715202004e-14,36.42316554599285,17.721430992235543,2.0553174042181626,-17.60868647176205,370.0374547813137,-0.6711526717809306,0.029971999152652362,3.197442310920451e-14,46.876388846368336,17.412259535671257,2.692148526176974,-16.046250994395617,215.60354497605593,-3.047853654043962,-0.08724640418577456,-0.2524290703270875,28.22737214622395,18.938831802249968,1.4904494871151708,-16.04625099439566,27.682983575383304,-3.252863129482499,-0.14642737474200662,-0.25242907032713013,zz2000_and_cyb,below,61.0,14.0,0.5,315.0,-0.16338666902881624,False
zz2000_and_cyb_below_ma56_days18:scale0.25,37.96993612968984,13.898270201384777,2.731990066354203,-17.60868647176206,16661.18516443067,-1.771854861153301,-0.07847410503533725,1.0658141036401503e-14,34.36612651141522,15.479427239220161,2.220116156774968,-17.60868647176205,1812.795940840192,-0.7248227715187952,-0.005783500524119134,-1.4210854715202004e-14,36.12489490283659,18.099026513449527,1.9959578972930894,-17.608686471762034,364.93892353048034,-0.9694233149371954,-0.02938750777242083,4.618527782440651e-14,48.350651200128695,17.804160093051436,2.715694025858533,-15.966433502166621,225.1694619967547,-1.5735913002836028,-0.0637009045042154,-0.1726115780980919,31.20603084951281,19.26669457996925,1.6196878359174476,-15.966433502166666,30.597668384216913,-0.27420442619363783,-0.01718902593972982,-0.17261157809813632,zz2000_and_cyb,below,56.0,18.0,0.25,204.0,-0.16363838264063066,False
zz2000_and_cyb_below_ma60_days12:scale0.25,37.38952169716465,13.400330753188813,2.790193942658262,-17.608686471762034,15573.69894158475,-2.3522692936784892,-0.020270228731278372,3.552713678800501e-14,34.06474069363155,14.886588697680342,2.2882838631082474,-17.60868647176207,1770.3622829817473,-1.0262085893024633,0.062384205809160154,-3.552713678800501e-14,35.7852133696982,17.15354907027459,2.086169644724452,-17.60868647176209,359.18646803575643,-1.3091048480755845,0.06082423965894179,-1.0658141036401503e-14,45.61017823797333,16.632158719677914,2.7422885391305707,-14.76605485970942,207.5386620508065,-4.3140642624389685,-0.03710639123217785,1.027767064359109,36.62595754429741,17.808146178951244,2.05669681595428,-14.766054859709444,35.898302782669255,5.1457222685909585,0.4198199540971028,1.027767064359086,zz2000_and_cyb,below,60.0,12.0,0.25,379.0,-0.16399080814193998,False
zz2000_and_cyb_below_ma57_days22:scale0.50,38.686168963598845,13.997381061123168,2.7638148018308373,-17.60868647176208,18100.642743104196,-1.055622027244297,-0.046649369558703135,-1.0658141036401503e-14,34.353822067382644,15.59326852735436,2.2031187372370162,-17.60868647176205,1811.0467157024814,-0.737127215551368,-0.022780920062070997,-1.4210854715202004e-14,36.08852242599732,18.220481215609112,1.9806569321056693,-17.60868647176206,364.3202218522107,-1.005795791776464,-0.04468847295984091,2.1316282072803006e-14,48.64342024862849,17.87810508688197,2.720837583862314,-15.79382192406854,227.0918022768897,-1.2808222517838104,-0.05855734650043454,-1.0658141036401503e-14,31.079239021138072,19.234939955332063,1.6157700046535721,-15.79382192406853,30.47362297217735,-0.4009962545683763,-0.021106857203605278,0.0,zz2000_and_cyb,below,57.0,22.0,0.5,148.0,-0.16515881775232394,False
zz2000_and_cyb_below_ma59_days15:scale0.00,37.470499718488256,13.62170614209177,2.7507934268749556,-17.623645971440105,15721.347786495446,-2.271291272354887,-0.05967074451458476,-0.014959499678035115,33.99994399880315,15.156763767703938,2.2432192333333254,-17.623645971440094,1761.3506337381061,-1.0910052841308655,0.01731957603423817,-0.014959499678059984,35.71907892480593,17.59442601310185,2.0301360725383932,-17.623645971440116,358.0731371953077,-1.375239292967855,0.004790667472883037,-0.014959499678035115,47.17825840881347,17.213177992025724,2.740822085884985,-14.76605485970942,217.5467978867605,-2.745984091598828,-0.038572844477763546,1.027767064359109,34.31180016610593,18.798528618945664,1.825238605723938,-14.76605485970942,33.63552854613634,2.831564890399484,0.18836174386676063,1.027767064359109,zz2000_and_cyb,below,59.0,15.0,0.0,294.0,-0.16524731616902075,False
zz2000_and_cyb_below_ma59_days14:scale0.00,37.698237482216676,13.557257944193669,2.7806683060391397,-17.60868647176206,16143.604863923167,-2.0435535086264665,-0.029795865350400685,1.0658141036401503e-14,34.274017022147675,15.087273309495705,2.2717171167421033,-17.608686471762102,1799.7363685616094,-0.8169322607863378,0.04581745944301607,-6.750155989720952e-14,36.42791903114424,17.48080732867015,2.083880815470065,-17.60868647176206,370.11906936763677,-0.6663991866295405,0.05853541040455479,2.1316282072803006e-14,45.92679540672011,17.144365853313058,2.6788273068639046,-14.766054859709444,209.54227582689634,-3.9974470936921875,-0.10056762349884396,1.027767064359086,30.72887511823712,18.604694750950994,1.6516731679602747,-14.7660548597094,30.1308375605446,-0.7513601574693283,0.014796306103097345,1.0277670643591303,zz2000_and_cyb,below,59.0,14.0,0.0,320.0,-0.16529462317330634,False
zz2000_and_cyb_below_ma52_days10:scale0.75,38.459933030492046,13.738801730674123,2.7993658969998783,-17.640271212694238,17633.901684451506,-1.281857960351097,-0.011098274389662155,-0.031584740932167676,33.90792139690022,15.28390923534193,2.2185372128809058,-17.640271212694238,1748.6196656794955,-1.1830278860337913,-0.0073624444181814575,-0.031584740932203204,35.9863309797005,17.66572876395653,2.037070276609453,-17.64027121269418,362.58545003427605,-1.1079872380732851,0.01172487154394286,-0.031584740932100175,47.23074797490818,17.21940753777623,2.7428788052836635,-14.76605485970942,217.88550440682562,-2.6934945255041143,-0.03651612507908508,1.027767064359109,32.77756277546779,18.41675170500803,1.7797689462553086,-14.76605485970942,32.13498998593203,1.2973274997613444,0.14289208439813117,1.027767064359109,zz2000_and_cyb,below,52.0,10.0,0.75,417.0,-0.1653275956329884,False
zz2000_and_cyb_below_ma50_days18:scale0.50,38.683956719640044,13.947488382770024,2.7735428528786676,-17.60868647176209,18096.02350531463,-1.0578342712030988,-0.03692131851087277,-2.1316282072803006e-14,34.51991800511942,15.531713079245815,2.2225441475123895,-17.608686471762034,1834.781136790625,-0.5710312778145905,-0.0033555097866977412,0.0,36.05487379319157,18.10956630749953,1.990929720843758,-17.60868647176205,363.7484393761121,-1.0394444245822143,-0.03441568422175223,3.197442310920451e-14,48.153354237172195,17.7801286733669,2.708268040225253,-15.622737962110712,223.87824759275077,-1.7708882632401028,-0.07112689013749574,0.17108396195781772,30.39698362896679,19.157950319281657,1.5866511355535526,-15.622737962110689,29.806110499375627,-1.083251646739658,-0.05022572630362476,0.1710839619578408,zz2000_and_cyb,below,50.0,18.0,0.5,193.0,-0.16651994524203467,False
zz2000_and_cyb_below_ma55_days18:scale0.25,38.229973826224864,13.905876747688914,2.7491955034463027,-17.60868647176207,17170.99185354754,-1.5118171646182788,-0.06126866794323771,0.0,34.32063266604673,15.480232224346649,2.2170618740504873,-17.60868647176207,1806.3356178772974,-0.7703166168872855,-0.008837783248599962,-3.552713678800501e-14,36.12489490283659,18.099026513449527,1.9959578972930894,-17.608686471762034,364.93892353048034,-0.9694233149371954,-0.02938750777242083,4.618527782440651e-14,48.350651200128695,17.804160093051436,2.715694025858533,-15.966433502166621,225.1694619967547,-1.5735913002836028,-0.0637009045042154,-0.1726115780980919,31.20603084951281,19.26669457996925,1.6196878359174476,-15.966433502166666,30.597668384216913,-0.27420442619363783,-0.01718902593972982,-0.17261157809813632,zz2000_and_cyb,below,55.0,18.0,0.25,200.0,-0.1665303393639262,False
zz2000_and_cyb_below_ma54_days18:scale0.25,38.229973826224864,13.905876747688914,2.7491955034463027,-17.60868647176207,17170.99185354754,-1.5118171646182788,-0.06126866794323771,0.0,34.32063266604673,15.480232224346649,2.2170618740504873,-17.60868647176207,1806.3356178772974,-0.7703166168872855,-0.008837783248599962,-3.552713678800501e-14,36.12489490283659,18.099026513449527,1.9959578972930894,-17.608686471762034,364.93892353048034,-0.9694233149371954,-0.02938750777242083,4.618527782440651e-14,48.350651200128695,17.804160093051436,2.715694025858533,-15.966433502166621,225.1694619967547,-1.5735913002836028,-0.0637009045042154,-0.1726115780980919,31.20603084951281,19.26669457996925,1.6196878359174476,-15.966433502166666,30.597668384216913,-0.27420442619363783,-0.01718902593972982,-0.17261157809813632,zz2000_and_cyb,below,54.0,18.0,0.25,200.0,-0.1665303393639262,False
zz2000_and_cyb_below_ma58_days22:scale0.50,38.61288098835989,13.931602431609905,2.771603710191281,-17.60868647176205,17948.198404805247,-1.1289100024832521,-0.038860461198259255,2.1316282072803006e-14,34.240755733751335,15.499143970349563,2.209203024325419,-17.608686471762034,1795.0402341652232,-0.8501935491826771,-0.01669663297366819,0.0,35.85900081991822,18.058621896934987,1.985699740798295,-17.60868647176209,360.43118397711174,-1.2353173978555603,-0.039645664267215164,-1.0658141036401503e-14,48.375043388790175,17.600265597312735,2.7485405331710577,-15.79382192406854,225.32933477380007,-1.5491991116221229,-0.030854397191690808,-1.0658141036401503e-14,31.079239021138072,19.234939955332063,1.6157700046535721,-15.79382192406853,30.47362297217735,-0.4009962545683763,-0.021106857203605278,0.0,zz2000_and_cyb,below,58.0,22.0,0.5,169.0,-0.16656223152348676,False
zz2000_and_cyb_below_ma61_days22:scale0.50,38.61288098835989,13.931602431609907,2.7716037101912807,-17.60868647176205,17948.198404805247,-1.1289100024832521,-0.0388604611982597,2.1316282072803006e-14,34.240755733751335,15.499143970349563,2.209203024325419,-17.608686471762034,1795.0402341652232,-0.8501935491826771,-0.01669663297366819,0.0,35.85900081991822,18.058621896934987,1.985699740798295,-17.60868647176209,360.43118397711174,-1.2353173978555603,-0.039645664267215164,-1.0658141036401503e-14,48.375043388790175,17.600265597312735,2.7485405331710577,-15.79382192406854,225.32933477380007,-1.5491991116221229,-0.030854397191690808,-1.0658141036401503e-14,31.079239021138072,19.234939955332063,1.6157700046535721,-15.79382192406853,30.47362297217735,-0.4009962545683763,-0.021106857203605278,0.0,zz2000_and_cyb,below,61.0,22.0,0.5,170.0,-0.16656223152348676,False
zz2000_and_cyb_below_ma65_days15:scale0.25,38.14762677310368,13.661680149718691,2.792308585404057,-18.353801492269074,17007.99828239264,-1.5941642177394613,-0.01815558598548339,-0.7451150205070043,34.29316583018651,15.214261750242168,2.254014449938109,-18.353801492269096,1802.4447209182977,-0.7977834527475025,0.028114792639021946,-0.7451150205070611,36.09871893431944,17.688765742623055,2.0407709310851208,-18.353801492268985,364.49359967382395,-0.9955992834543395,0.015425526019610558,-0.7451150205069048,47.60842463736565,17.372941791041992,2.740377836407302,-15.79382192406854,220.32968126267824,-2.3158178630466466,-0.03901709395544639,-1.0658141036401503e-14,30.493787164890417,19.035216199832252,1.601966946146855,-15.793821924068506,29.900825829825983,-0.9864481108160312,-0.034909915710322315,2.3092638912203256e-14,zz2000_and_cyb,below,65.0,15.0,0.25,291.0,-0.16737609217864607,False
zz2000_and_cyb_below_ma57_days16:scale0.50,38.21193542833203,13.8951090974796,2.750027737116739,-17.76280408324985,17135.16358023964,-1.5298555625111092,-0.06043643427280143,-0.1541176114877807,34.210316425688724,15.499564394222705,2.207179218432761,-17.762804083249883,1790.7516905773587,-0.8806328572452884,-0.018720438866326017,-0.1541176114878482,35.79829811422628,18.08003071140115,1.9799910014340905,-17.762804083249893,359.40699736444344,-1.2960201035475052,-0.04535440363141974,-0.15411761148781267,48.77468491059644,17.77369912690748,2.7442056131554957,-15.773716481475219,227.95614444597922,-1.1495575898158563,-0.035189317207252824,0.020105442593310485,31.966871237478124,19.14718485424876,1.669533745081313,-15.773716481475187,31.341985323442568,0.48663596177167534,0.032656883224135624,0.02010544259334246,zz2000_and_cyb,below,57.0,16.0,0.5,249.0,-0.16740888044522262,False
zz2000_and_cyb_below_ma49_days18:scale0.50,38.67685954951363,13.989085881214997,2.7647881983089535,-17.60868647176207,18081.211796846626,-1.064931441329513,-0.04567597308058691,0.0,34.5089534569204,15.591145299497528,2.2133687291101416,-17.60868647176205,1833.2062094918551,-0.5819958260136104,-0.012530928188945634,-1.4210854715202004e-14,36.07581749409376,18.109506322445675,1.9920928186418807,-17.60868647176205,364.1042640685168,-1.0185007236800203,-0.03325258642362949,3.197442310920451e-14,48.19136633557779,17.779976104438376,2.7104291958833335,-15.622737962110666,224.12675274778988,-1.732876164834508,-0.06896573447941501,0.1710839619578639,30.39698362896679,19.157950319281657,1.5866511355535526,-15.622737962110689,29.806110499375627,-1.083251646739658,-0.05022572630362476,0.1710839619578408,zz2000_and_cyb,below,49.0,18.0,0.5,178.0,-0.16771101118525422,False
zz2000_and_cyb_below_ma64_days16:scale0.00,37.23578843147259,13.726049170606835,2.7127826782968154,-17.831022332450964,15296.940154295504,-2.5060025593705504,-0.097681493092725,-0.22233586068889366,33.9878149890098,15.285726008050366,2.223500210007023,-17.831022332451006,1759.6681306915843,-1.1031342939242137,-0.002399447292064316,-0.22233586068897182,35.34769586783055,17.821896975850436,1.9833857145358014,-17.831022332451052,351.861150505103,-1.7466223499432303,-0.041959690529708826,-0.22233586068897182,48.514630325727445,17.37948672754558,2.7914880966440907,-15.793821924068506,226.24523036283207,-1.4096121746848524,0.01209316628134216,2.3092638912203256e-14,32.37297013883897,19.09215631288185,1.695616231519972,-15.793821924068506,31.73923474396552,0.8927348631325245,0.058739369662794694,2.3092638912203256e-14,zz2000_and_cyb,below,64.0,16.0,0.0,268.0,-0.1685886573774832,False
zz2000_and_cyb_below_ma47_days11:scale0.50,37.76218992944989,13.579669991333379,2.7807884840758224,-17.671903114023515,16264.067165963817,-1.9796010613932538,-0.029675687313718058,-0.06321664226144463,33.46483695519531,15.114732298935651,2.214054228241398,-17.671903114023536,1688.410773151859,-1.6261123277387028,-0.011845429057689039,-0.06321664226150148,35.96572502094282,17.340787359257444,2.0740537483000954,-17.671903114023525,362.2362778433921,-1.1285931968309626,0.04870834323458517,-0.06321664226144463,46.751216514970515,16.902915355714683,2.765867043117178,-14.76605485970942,214.80008847247478,-3.1730259854417824,-0.013527887245570636,1.027767064359109,37.892453529986604,18.09271839227403,2.0943482736219163,-14.76605485970942,37.13639934584556,6.412218254280155,0.45747141176473893,1.027767064359109,zz2000_and_cyb,below,47.0,11.0,0.5,353.0,-0.16964585214932115,False
zz2000_and_cyb_below_ma62_days22:scale0.50,38.67892909830844,13.937845665021406,2.775100975280388,-17.60868647176208,18085.529752773004,-1.0628618925347055,-0.035363196109152284,-1.0658141036401503e-14,34.244177267272406,15.512187849740414,2.2075659216469234,-17.608686471762034,1795.5228351946346,-0.8467720156616068,-0.018333735652163785,0.0,35.86594359129543,18.08108754516128,1.9836164999319184,-17.60868647176209,360.5484398323452,-1.228374626478356,-0.04172890513359184,-1.0658141036401503e-14,48.38768089710863,17.63865530863714,2.7432749294337975,-15.793821924068506,225.41218487324798,-1.5365616033036673,-0.03612000092895107,2.3092638912203256e-14,31.079239021138072,19.234939955332063,1.6157700046535721,-15.79382192406853,30.47362297217735,-0.4009962545683763,-0.021106857203605278,0.0,zz2000_and_cyb,below,62.0,22.0,0.5,169.0,-0.1702672493695721,False
zz2000_and_cyb_below_ma58_days18:scale0.00,37.37026602560842,13.799944826637514,2.7080011184880974,-17.60868647176206,15538.780234617383,-2.3715249652347197,-0.10246305290144297,1.0658141036401503e-14,34.10810512655558,15.337024254007813,2.223906317266374,-17.60868647176205,1776.4151346271447,-0.9828441563784338,-0.001993340032713231,-1.4210854715202004e-14,35.84187109470154,17.849979365192414,2.0079502817013584,-17.608686471762102,360.1419836192239,-1.252447123072244,-0.017395123364151832,-2.1316282072803006e-14,47.914584916527694,17.393835484787203,2.7546877144166504,-16.02399361291488,222.32018568412713,-2.0096575838846036,-0.02470721594609815,-0.2301716888463492,33.007979827257586,19.170512691566593,1.7218099671261429,-16.023993612914865,32.36036488154785,1.5277445515511374,0.08493310526896547,-0.230171688846335,zz2000_and_cyb,below,58.0,18.0,0.0,230.0,-0.17031026288325196,False
zz2000_and_cyb_below_ma63_days19:scale0.00,37.54311648768633,13.829819392066605,2.7146498029629167,-17.60868647176206,15854.858960253983,-2.198674503156809,-0.09581436842662372,1.0658141036401503e-14,34.019239268932935,15.378113444134387,2.212185479871639,-17.60868647176208,1764.030043935314,-1.0717100140010771,-0.013714177427448071,-4.618527782440651e-14,35.85364265198241,17.918300918122313,2.0009510285498413,-17.60868647176209,360.3407066654147,-1.2406755657913706,-0.024394376515668892,-1.0658141036401503e-14,48.16281609015929,17.507034249667676,2.7510551132367564,-15.793821924068496,223.94009286357252,-1.7614264102530086,-0.028339817125992095,3.375077994860476e-14,30.678865655237075,19.240338241132374,1.594507605362737,-15.793821924068506,30.081908538271595,-0.801369620469373,-0.042369256494440455,2.3092638912203256e-14,zz2000_and_cyb,below,63.0,19.0,0.0,211.0,-0.1704490551161406,False
zz2000_and_cyb_below_ma62_days14:scale0.50,38.67370071523568,13.707899655042654,2.821271069124655,-17.60868647176206,18074.622982175923,-1.0680902756074602,0.010806897735114784,1.0658141036401503e-14,34.508150004403724,15.27277906137677,2.2594545410318387,-17.60868647176205,1833.090848447035,-0.5827992785302882,0.033554883732751506,-1.4210854715202004e-14,36.38538362032217,17.72155894071527,2.053170589678021,-17.60868647176205,369.38916366229597,-0.7089345974516092,0.0278251846125106,3.197442310920451e-14,46.80860025533009,17.412557206340672,2.6882094169537045,-16.04625099439564,215.16825418538178,-3.1156422450822063,-0.09118551340904402,-0.2524290703271088,28.22737214622395,18.938831802249968,1.4904494871151708,-16.04625099439566,27.682983575383304,-3.252863129482499,-0.14642737474200662,-0.25242907032713013,zz2000_and_cyb,below,62.0,14.0,0.5,314.0,-0.17129547178302498,False
zz2000_and_cyb_below_ma58_days13:scale0.00,37.01924320931602,13.472906077390176,2.7476806411825727,-17.60868647176207,14914.864978989868,-2.722547781527119,-0.0627835302069677,0.0,33.83558798484352,14.98444859574839,2.2580469190200203,-17.60868647176206,1738.6676837572502,-1.2553612980904916,0.032147261720933074,-2.4868995751603507e-14,36.32281250740736,17.33954883078327,2.09479571019303,-17.60868647176207,368.3170928201499,-0.7715057103664194,0.06945030512751993,1.0658141036401503e-14,45.88989679018647,16.962630752397402,2.70535257531917,-14.766054859709444,209.3083284567508,-4.034345710225828,-0.07404235504357848,1.027767064359086,32.40022641756346,18.43889447455027,1.7571675168640342,-14.766054859709444,31.765896321557797,0.919991141857011,0.12029065500685676,1.027767064359086,zz2000_and_cyb,below,58.0,13.0,0.0,347.0,-0.17153269147382472,False
zz2000_and_cyb_below_ma62_days15:scale0.50,38.57803587130844,13.748261263724892,2.8060301685637503,-17.60868647176206,17876.138491998354,-1.1637551195347058,-0.004434002825790095,1.0658141036401503e-14,34.401683283867904,15.31230486731093,2.246669171099736,-17.608686471762024,1817.8588657543128,-0.6892659990661087,0.02076951380064873,1.0658141036401503e-14,36.094123575289984,17.783166346211885,2.029679241176228,-17.60868647176209,364.41545540970617,-1.0001946424837982,0.004333836110717915,-1.0658141036401503e-14,47.34904069767963,17.454414497577602,2.7127258095223374,-16.046250994395628,218.64970917742252,-2.5752018027326713,-0.0666691208404111,-0.25242907032709816,29.420616590879824,19.063066097782297,1.5433307758557513,-16.046250994395617,28.850737821496164,-2.0596186848266242,-0.09354608600142611,-0.2524290703270875,zz2000_and_cyb,below,62.0,15.0,0.5,288.0,-0.17164832242562386,False
zz2000_and_cyb_below_ma45_days11:scale0.50,37.80306979708463,13.589255471681003,2.7818352429876247,-17.671903114023525,16341.507504487536,-1.9387211937585107,-0.028628928401915665,-0.06321664226145529,33.434471652068986,15.116469851666196,2.211790978988637,-17.671903114023525,1684.3499174913056,-1.6564776308650266,-0.014108678310450262,-0.06321664226149082,35.96572502094282,17.340787359257444,2.0740537483000954,-17.671903114023525,362.2362778433921,-1.1285931968309626,0.04870834323458517,-0.06321664226144463,46.751216514970515,16.902915355714683,2.765867043117178,-14.76605485970942,214.80008847247478,-3.1730259854417824,-0.013527887245570636,1.027767064359109,37.892453529986604,18.09271839227403,2.0943482736219163,-14.76605485970942,37.13639934584556,6.412218254280155,0.45747141176473893,1.027767064359109,zz2000_and_cyb,below,45.0,11.0,0.5,344.0,-0.17168843586949128,False
zz2000_and_cyb_below_ma46_days11:scale0.50,37.70584653283089,13.579647671013479,2.776643948820273,-17.6719031140235,16157.893765226809,-2.0359444580122528,-0.03382022256926742,-0.06321664226143042,33.434471652068986,15.116469851666196,2.211790978988637,-17.671903114023525,1684.3499174913056,-1.6564776308650266,-0.014108678310450262,-0.06321664226149082,35.96572502094282,17.340787359257444,2.0740537483000954,-17.671903114023525,362.2362778433921,-1.1285931968309626,0.04870834323458517,-0.06321664226144463,46.751216514970515,16.902915355714683,2.765867043117178,-14.76605485970942,214.80008847247478,-3.1730259854417824,-0.013527887245570636,1.027767064359109,37.892453529986604,18.09271839227403,2.0943482736219163,-14.76605485970942,37.13639934584556,6.412218254280155,0.45747141176473893,1.027767064359109,zz2000_and_cyb,below,46.0,11.0,0.5,345.0,-0.17168843586949128,False
zz2000_and_cyb_below_ma65_days13:scale0.25,37.61972401437195,13.492716206026698,2.7881505428513056,-17.60868647176205,15996.85146447706,-2.1220669764711957,-0.02231362853823482,2.1316282072803006e-14,33.87639428967455,15.014383060519771,2.2562628216641363,-17.60868647176209,1744.2760691867434,-1.214554993259462,0.030363164365049045,-5.684341886080802e-14,36.16296611123384,17.40153877082817,2.078147604501345,-17.608686471762113,365.5872265729998,-0.9313521065399399,0.05280219943583475,-3.197442310920451e-14,46.47557584664537,17.034320580094704,2.728349253973415,-15.79382192406853,213.03560722616686,-3.448666653766928,-0.05104567638933366,0.0,31.229326139063463,18.518251706477137,1.6864079090220145,-15.79382192406853,30.62045885533302,-0.250909136642985,0.04953104716483714,0.0,zz2000_and_cyb,below,65.0,13.0,0.25,344.0,-0.17367746270275092,False
zz2000_and_cyb_below_ma49_days22:scale0.00,38.43841622672015,14.030541664892194,2.7396245380107,-17.966937561402652,17590.100064393133,-1.3033747641229922,-0.07083963337884036,-0.35825108964058217,34.304171983434316,15.637512017440237,2.193710351440529,-17.966937561402663,1804.0029716253046,-0.7867772994996969,-0.03218930585855828,-0.35825108964062835,36.039920095336676,18.19259447238038,1.9810214617849988,-17.96693756140264,363.49451577745083,-1.0543981224371066,-0.04432394328051137,-0.35825108964056085,48.818773468503366,17.857415841006567,2.733809522226571,-15.754045613417079,228.24679628430243,-1.1054690319089318,-0.04558540813617773,0.03977631065145104,31.543423852919172,19.2741913251261,1.6365627652454986,-15.75404561341709,30.927743189080225,0.06318857721272408,-0.00031409661167880465,0.03977631065144038,zz2000_and_cyb,below,49.0,22.0,0.0,119.0,-0.1737825153973207,False
zz2000_and_cyb_below_ma48_days18:scale0.50,38.60754355588598,13.995829615350171,2.7585033982939087,-17.60868647176208,17937.143032929765,-1.1342474349571603,-0.05196077309563174,-1.0658141036401503e-14,34.41413901408556,15.60203062854057,2.2057474333585962,-17.60868647176207,1819.6352859439592,-0.676810268848449,-0.020152223940490988,-3.552713678800501e-14,36.07581749409376,18.109506322445675,1.9920928186418807,-17.60868647176205,364.1042640685168,-1.0185007236800203,-0.03325258642362949,3.197442310920451e-14,48.19136633557779,17.779976104438376,2.7104291958833335,-15.622737962110666,224.12675274778988,-1.732876164834508,-0.06896573447941501,0.1710839619578639,30.39698362896679,19.157950319281657,1.5866511355535526,-15.622737962110689,29.806110499375627,-1.083251646739658,-0.05022572630362476,0.1710839619578408,zz2000_and_cyb,below,48.0,18.0,0.5,173.0,-0.17436609234607248,False
zz2000_and_cyb_below_ma53_days14:scale0.50,38.80543387570625,13.787884436572345,2.8144588862940343,-17.60868647176207,18351.304765663877,-0.936357115136893,0.003994714904493879,0.0,34.44184288337904,15.373172502354338,2.240386158296501,-17.608686471762102,1823.5916864284764,-0.6491063995549737,0.014486500997413554,-6.750155989720952e-14,36.399588561207686,17.883381718480948,2.0353862112998358,-17.60868647176207,369.63281898485815,-0.6947296565660963,0.010040806234325572,1.0658141036401503e-14,47.12495908889392,17.667279430474366,2.6673579978368296,-15.245302687262786,217.20311201344015,-2.799283411518381,-0.11203693252591895,0.5485192368057437,29.240006520281668,19.043101592214473,1.5354645029166925,-15.245302687262786,28.673997834236854,-2.2402287554247806,-0.10141235894048495,0.5485192368057437,zz2000_and_cyb,below,53.0,14.0,0.5,282.0,-0.17454807728058208,False
zz2000_and_cyb_below_ma54_days14:scale0.50,38.76038501308745,13.78748364844054,2.8112733259684783,-17.60868647176207,18256.246651587502,-0.981405977755692,0.0008091545789379317,0.0,34.44184288337904,15.373172502354338,2.240386158296501,-17.608686471762102,1823.5916864284764,-0.6491063995549737,0.014486500997413554,-6.750155989720952e-14,36.399588561207686,17.883381718480948,2.0353862112998358,-17.60868647176207,369.63281898485815,-0.6947296565660963,0.010040806234325572,1.0658141036401503e-14,47.12495908889392,17.667279430474366,2.6673579978368296,-15.245302687262786,217.20311201344015,-2.799283411518381,-0.11203693252591895,0.5485192368057437,29.240006520281668,19.043101592214473,1.5354645029166925,-15.245302687262786,28.673997834236854,-2.2402287554247806,-0.10141235894048495,0.5485192368057437,zz2000_and_cyb,below,54.0,14.0,0.5,287.0,-0.17454807728058208,False
zz2000_and_cyb_below_ma60_days10:scale0.75,38.36303540278978,13.71245045706497,2.7976790525448543,-17.640271212694202,17437.446276589068,-1.378755588053366,-0.012785118844686139,-0.03158474093213215,33.97265812076624,15.255351686206122,2.2269337881921327,-17.640271212694202,1757.5675352055587,-1.1182911621677718,0.0010341308930454929,-0.031584740932167676,35.8382105832842,17.62662414364836,2.0331862920103316,-17.64027121269425,360.0802022073417,-1.256107634489581,0.007840886944821435,-0.031584740932167676,47.0357472055605,17.14997556157476,2.7426130746766813,-14.854042844835835,216.6284080545633,-2.8884952948518006,-0.03678185568606729,0.9397790792326948,32.0225628265695,18.40603435167263,1.73978610572676,-14.854042844835803,31.396464548666934,0.5423275508630496,0.10290924386958267,0.9397790792327267,zz2000_and_cyb,below,60.0,10.0,0.75,456.0,-0.17503106436871452,False
zz2000_and_cyb_below_ma62_days16:scale0.00,37.27106611840547,13.696724075332387,2.721166456549282,-18.95582529788574,15360.04099152688,-2.470724872437671,-0.08929771484025828,-1.3471388261236719,34.042678406007234,15.24382025148081,2.2332117438015753,-18.95582529788573,1767.2895551332658,-1.0482708769267788,0.007312086502488047,-1.3471388261236967,35.98637783422818,17.7103151523807,2.0319445207269915,-18.95582529788571,362.5862442340112,-1.1079403835456034,0.006599115661481303,-1.3471388261236292,48.27982118291223,17.37881512510397,2.778084744866828,-15.793821924068519,224.70551993240454,-1.6444213175000684,-0.0013101854959205461,1.0658141036401503e-14,32.37297013883897,19.09215631288185,1.695616231519972,-15.793821924068506,31.73923474396552,0.8927348631325245,0.058739369662794694,2.3092638912203256e-14,zz2000_and_cyb,below,62.0,16.0,0.0,264.0,-0.1753658305553238,False
zz2000_and_cyb_below_ma53_days19:scale0.25,38.27259416840831,13.910537339802637,2.751338300850377,-17.608686471762034,17255.92282143544,-1.4691968224348315,-0.059125870539163294,3.552713678800501e-14,34.26575327834118,15.479659493269882,2.2135986449339513,-17.608686471762113,1798.5686405640158,-0.8251960045928328,-0.012301012365135922,-7.815970093361102e-14,36.0062162663938,18.09626190268033,1.9897046395565672,-17.60868647176206,362.92261015662274,-1.0881019513799828,-0.03564076550894302,2.1316282072803006e-14,48.30589763266637,17.795677484066587,2.714473651026616,-15.79382192406854,224.87627141187235,-1.6183448677459253,-0.06492127933613245,-1.0658141036401503e-14,31.48023527570645,19.23188970976682,1.6368768618571774,-15.79382192406853,30.86592630275138,0.0,0.0,0.0,zz2000_and_cyb,below,53.0,19.0,0.25,180.0,-0.1759130474122988,False
zz2000_and_cyb_below_ma51_days21:scale0.25,38.55102878466992,13.96811667369392,2.759930324556414,-18.914963085867754,17820.473243315293,-1.1907622061732255,-0.05053384683312645,-1.306276614105684,34.31711429644746,15.551629219211103,2.2066571812331497,-18.914963085867754,1805.8368131099194,-0.7738349864865555,-0.01924247606593754,-1.3062766141057196,35.803141801168856,18.16958322756092,1.9704987920064174,-18.914963085867775,359.4886539764003,-1.2911764166049267,-0.054846613059092775,-1.3062766141056947,49.414982258566084,17.84395211159755,2.7692846264953364,-15.560738471188174,232.19412571705553,-0.5092602418462135,-0.010110303867412185,0.23308345288035603,31.85051863075006,19.258586878615272,1.6538346676991582,-15.560738471188207,31.22816435539786,0.3702833550436111,0.01695780584198081,0.23308345288032228,zz2000_and_cyb,below,51.0,21.0,0.25,148.0,-0.175919424643229,False
zz2000_and_cyb_below_ma61_days17:scale0.25,37.382887465325545,13.778419330069866,2.713147754455517,-17.608686471762034,15561.660020808342,-2.358903525517597,-0.09731641693402349,3.552713678800501e-14,33.94887746112969,15.335075072098014,2.213805755858298,-17.60868647176205,1754.2760684829325,-1.142071821804322,-0.012093901440789256,-1.4210854715202004e-14,35.53704451345057,17.837050914141216,1.992316144888996,-17.608686471762102,355.0198436684725,-1.5572737043232152,-0.033029260176514086,-2.1316282072803006e-14,48.19533360330968,17.392451992665205,2.771048821847245,-15.79382192406853,224.15269618212696,-1.7289088971026203,-0.008346108515503659,0.0,31.796462363045762,19.101476647718673,1.6646075562353593,-15.793821924068506,31.175283677279953,0.31622708733931404,0.027730694378181875,2.3092638912203256e-14,zz2000_and_cyb,below,61.0,17.0,0.25,246.0,-0.1760131807704381,False
zz2000_and_cyb_below_ma57_days20:scale0.25,38.05237044496836,13.932529832707171,2.7311888725074827,-17.60868647176208,16821.2513066708,-1.689420545874782,-0.07927529888205775,-1.0658141036401503e-14,34.15190920753892,15.515980517839298,2.201079665463179,-17.60868647176208,1782.5472436303069,-0.9390400753950914,-0.02481999183590844,-4.618527782440651e-14,35.88760967617199,18.13938213384631,1.978436167856524,-17.60868647176209,360.9145099071842,-1.2067085416017918,-0.0469092372089861,-1.0658141036401503e-14,48.66560331003438,17.84375754539371,2.727318121546501,-15.793821924068553,227.23776512989193,-1.2586391903779202,-0.05207680881624732,-2.3092638912203256e-14,30.87897447914074,19.237345696594577,1.6051577471317668,-15.793821924068563,30.277692143140822,-0.6012607965657075,-0.03171911472541056,-3.375077994860476e-14,zz2000_and_cyb,below,57.0,20.0,0.25,177.0,-0.1763613918117152,False
zz2000_and_cyb_below_ma59_days10:scale0.75,38.28756659571544,13.705993824992271,2.7934907227157626,-17.640271212694238,17285.851660094973,-1.454224395127703,-0.016973448673777813,-0.031584740932167676,33.856287030774126,15.24604049816894,2.220660966684451,-17.640271212694202,1741.5106228324444,-1.234662252159886,-0.005238690614636443,-0.031584740932167676,35.884550494010846,17.624092093589237,2.0361077497469418,-17.64027121269425,360.8628078823516,-1.209767723762937,0.010762344681431557,-0.031584740932167676,47.062666139348195,17.146113195500224,2.744800853857607,-14.854042844835835,216.80174706441423,-2.8615763610641025,-0.03459407650514157,0.9397790792326948,32.09609754576841,18.395337144705408,1.7447952866145968,-14.854042844835824,31.468397870135668,0.6158622700619603,0.10791842475741942,0.9397790792327054,zz2000_and_cyb,below,59.0,10.0,0.75,463.0,-0.176539929805549,False
zz2000_and_cyb_below_ma62_days19:scale0.25,37.991298316206,13.838435115950062,2.7453464208837857,-17.608686471762034,16702.52824082633,-1.7504926746371439,-0.06511775050575475,3.552713678800501e-14,34.13094322351618,15.39193994593261,2.217455586716698,-17.60868647176205,1779.6099806756836,-0.9600060594178359,-0.008444070582389163,-1.4210854715202004e-14,35.8340329889959,17.9271700154855,1.998867247760937,-17.60868647176208,360.0097016712919,-1.2602852287778816,-0.026478157304573147,0.0,47.99354545180301,17.506784989730885,2.7414254233404374,-15.793821924068553,222.83488030517188,-1.9306970486092894,-0.037969507022311166,-2.3092638912203256e-14,30.87897447914074,19.237345696594577,1.6051577471317668,-15.793821924068563,30.277692143140822,-0.6012607965657075,-0.03171911472541056,-3.375077994860476e-14,zz2000_and_cyb,below,62.0,19.0,0.25,214.0,-0.17693042894572356,False
zz2000_and_cyb_below_ma61_days15:scale0.50,38.50538673214794,13.75145151451506,2.800096171048153,-17.60868647176205,17726.765851429984,-1.2364042586952024,-0.010368000341387518,2.1316282072803006e-14,34.387981990645855,15.31269710596732,2.245716855278548,-17.608686471762024,1815.9065137298232,-0.7029672922881574,0.019817197979460577,1.0658141036401503e-14,36.066308742423736,17.783852294962358,2.0280369036038532,-17.60868647176209,363.9426873292364,-1.0280094753500464,0.002691498538343051,-1.0658141036401503e-14,47.298852274030146,17.455643405954476,2.7096596312167756,-16.046250994395628,218.32532847562786,-2.6253902263821516,-0.06973529914597298,-0.25242907032709816,29.420616590879824,19.063066097782297,1.5433307758557513,-16.046250994395617,28.850737821496164,-2.0596186848266242,-0.09354608600142611,-0.2524290703270875,zz2000_and_cyb,below,61.0,15.0,0.5,289.0,-0.17761989104989828,False
zz2000_and_cyb_below_ma59_days21:scale0.50,38.53923805805892,13.919107285562557,2.7688009918591066,-18.147437565227886,17796.221658693183,-1.2025529327842222,-0.04166317953043386,-0.538751093465816,34.24301242105305,15.48519738647379,2.211338452228196,-18.147437565227854,1795.358523355536,-0.8479368618809602,-0.014561205070891425,-0.5387510934658195,35.74162162894237,18.035100659591397,1.981781100286475,-18.147437565227854,358.4523864613848,-1.3526965888314137,-0.04356430477903528,-0.5387510934657733,48.68319755443365,17.590839582682108,2.7675312099577924,-16.046250994395628,227.3535647374123,-1.2410449459786506,-0.01186372040495609,-0.25242907032709816,30.67946574883649,19.237970145034286,1.5947350743111266,-16.04625099439566,30.0824956689125,-0.80076952686996,-0.0421417875460508,-0.25242907032713013,zz2000_and_cyb,below,59.0,21.0,0.5,186.0,-0.17781229984739627,False
zz2000_and_cyb_below_ma60_days21:scale0.50,38.53923805805892,13.919107285562557,2.7688009918591066,-18.147437565227886,17796.221658693183,-1.2025529327842222,-0.04166317953043386,-0.538751093465816,34.24301242105305,15.48519738647379,2.211338452228196,-18.147437565227854,1795.358523355536,-0.8479368618809602,-0.014561205070891425,-0.5387510934658195,35.74162162894237,18.035100659591397,1.981781100286475,-18.147437565227854,358.4523864613848,-1.3526965888314137,-0.04356430477903528,-0.5387510934657733,48.68319755443365,17.590839582682108,2.7675312099577924,-16.046250994395628,227.3535647374123,-1.2410449459786506,-0.01186372040495609,-0.25242907032709816,30.67946574883649,19.237970145034286,1.5947350743111266,-16.04625099439566,30.0824956689125,-0.80076952686996,-0.0421417875460508,-0.25242907032713013,zz2000_and_cyb,below,60.0,21.0,0.5,187.0,-0.17781229984739627,False
zz2000_and_cyb_below_ma61_days20:scale0.25,37.978809582849934,13.849674274161922,2.7422168082106846,-17.608686471762024,16678.346717071905,-1.762981407993209,-0.06824736317885582,4.618527782440651e-14,34.038072337757484,15.397384983045415,2.2106398180754696,-17.608686471762024,1766.6486179095514,-1.0528769451765285,-0.015259839223617622,1.0658141036401503e-14,35.6565185826087,17.935451821830966,1.9880468547331334,-17.60868647176206,357.02196096474756,-1.437799635165085,-0.037298550332376834,2.1316282072803006e-14,48.24491406396647,17.49564388626474,2.7575386409094653,-15.793821924068485,224.47703775992798,-1.6793284364458287,-0.021856289453283217,4.440892098500626e-14,30.87897447914074,19.237345696594577,1.6051577471317668,-15.793821924068563,30.277692143140822,-0.6012607965657075,-0.03171911472541056,-3.375077994860476e-14,zz2000_and_cyb,below,61.0,20.0,0.25,200.0,-0.17789313036631513,False
zz2000_and_cyb_below_ma58_days20:scale0.25,37.978809582849934,13.849674274161922,2.7422168082106846,-17.608686471762024,16678.346717071905,-1.762981407993209,-0.06824736317885582,4.618527782440651e-14,34.038072337757484,15.397384983045415,2.2106398180754696,-17.608686471762024,1766.6486179095514,-1.0528769451765285,-0.015259839223617622,1.0658141036401503e-14,35.6565185826087,17.935451821830966,1.9880468547331334,-17.60868647176206,357.02196096474756,-1.437799635165085,-0.037298550332376834,2.1316282072803006e-14,48.24491406396647,17.49564388626474,2.7575386409094653,-15.793821924068485,224.47703775992798,-1.6793284364458287,-0.021856289453283217,4.440892098500626e-14,30.87897447914074,19.237345696594577,1.6051577471317668,-15.793821924068563,30.277692143140822,-0.6012607965657075,-0.03171911472541056,-3.375077994860476e-14,zz2000_and_cyb,below,58.0,20.0,0.25,199.0,-0.17789313036631513,False
zz2000_and_cyb_below_ma53_days17:scale0.50,38.35800177420807,13.921582593898748,2.755290321017008,-17.60868647176206,17427.296767897507,-1.3837892166350727,-0.05517385037253231,1.0658141036401503e-14,34.3258819282789,15.516998430994084,2.212147025787889,-17.60868647176205,1807.0800323986866,-0.765067354655109,-0.01375263151119821,-1.4210854715202004e-14,35.88132938138398,18.110990740975296,1.9811908633029165,-17.60868647176209,360.8083741452472,-1.2129888363898047,-0.0441545417625937,-1.0658141036401503e-14,48.44523335309143,17.81309388914948,2.719641722800381,-15.908672791910805,225.78966996539194,-1.4790091473208662,-0.05975320756236746,-0.11485086784227505,31.297786306080223,19.253479243899505,1.6255652243215717,-15.908672791910805,30.68743506196261,-0.18244896962622548,-0.011311637535605712,-0.11485086784227505,zz2000_and_cyb,below,53.0,17.0,0.5,214.0,-0.17829915784445244,False
zz2000_and_cyb_below_ma65_days14:scale0.50,38.55203107640086,13.70824260990084,2.812324830650173,-17.60868647176205,17822.53621217933,-1.1897599144422841,0.0018606592606325023,2.1316282072803006e-14,34.32022892732947,15.273159950424219,2.247094186057824,-17.60868647176209,1806.2783732406374,-0.7707203556045457,0.02119452875873673,-5.684341886080802e-14,36.18195106599109,17.743298365370794,2.0391896884632574,-17.60868647176209,365.91078548855324,-0.9123671517826892,0.013844283397747237,-1.0658141036401503e-14,47.01955972440892,17.408669296271857,2.7009278494639664,-15.793821924068506,216.52420245273615,-2.9046827760033764,-0.07846708089878218,2.3092638912203256e-14,28.477914145929972,18.93285415907137,1.5041532516261023,-15.793821924068563,27.928188838827417,-3.002321129776476,-0.13272361023107515,-3.375077994860476e-14,zz2000_and_cyb,below,65.0,14.0,0.5,316.0,-0.17843249251179866,False
zz2000_and_cyb_below_ma63_days13:scale0.25,37.653724288999044,13.502640990205588,2.788619227624576,-17.60868647176209,16060.24985958659,-2.088066701844099,-0.021844943764964597,-2.1316282072803006e-14,33.929079569395746,15.028606904155579,2.2576330451503113,-17.60868647176207,1751.5398588280493,-1.161869713538266,0.03173338785122404,-3.552713678800501e-14,36.04977676216705,17.398631343862554,2.071989230054223,-17.608686471762024,363.6618759580091,-1.0445414556067334,0.04664382498871289,5.684341886080802e-14,46.47557584664537,17.034320580094704,2.728349253973415,-15.79382192406853,213.03560722616686,-3.448666653766928,-0.05104567638933366,0.0,31.229326139063463,18.518251706477137,1.6864079090220145,-15.79382192406853,30.62045885533302,-0.250909136642985,0.04953104716483714,0.0,zz2000_and_cyb,below,63.0,13.0,0.25,336.0,-0.17845260700892407,False
zz2000_and_cyb_below_ma59_days12:scale0.25,37.152008826246075,13.385940694662363,2.7754499794743914,-17.60868647176207,15148.050341245707,-2.589782164597068,-0.035014191915148984,0.0,33.69578244652425,14.86578781746071,2.2666664464931108,-17.608686471762034,1719.5690981154858,-1.3951668364097642,0.040766789194023545,0.0,35.79290304723657,17.146211877109646,2.0875108335165526,-17.608686471762034,359.3160590451415,-1.3014151705372115,0.06216542845104245,4.618527782440651e-14,45.690129524456566,16.62039164711372,2.7490404856007755,-14.76605485970942,208.04379194649582,-4.234112975955732,-0.03035444476197302,1.027767064359109,36.85427470376674,17.775309843009634,2.0733407760124165,-14.766054859709444,36.121514703574476,5.374039428060293,0.4364639141552391,1.027767064359086,zz2000_and_cyb,below,59.0,12.0,0.25,384.0,-0.17875426249081633,False
zz2000_and_cyb_below_ma51_days12:scale0.25,37.87094469875352,13.465343896502734,2.812475120564094,-17.60868647176206,16470.844574629496,-1.8708462920896238,0.002010949174553467,1.0658141036401503e-14,34.07868167240875,14.961742835890773,2.277721388891912,-17.60868647176207,1772.3062598149393,-1.0122676105252637,0.05182173159282488,-3.552713678800501e-14,36.14608285125118,17.230373132893018,2.097811961033381,-17.60868647176207,365.29963756230535,-0.9482353665226029,0.07246655596787077,1.0658141036401503e-14,45.34075021709598,16.77286909145262,2.7032197037894625,-14.76605485970942,205.8404831222083,-4.583492283316318,-0.07617522657328601,1.027767064359109,38.61069705409359,17.874186003453556,2.1601373649481683,-14.76605485970942,37.83845067470048,7.130461778387144,0.5232605030909909,1.027767064359109,zz2000_and_cyb,below,51.0,12.0,0.25,340.0,-0.17936662427923364,False
zz2000_and_cyb_below_ma50_days14:scale0.75,39.1450993630208,13.920922497353253,2.8119615902224404,-17.60868647176205,19083.03168996986,-0.5966916278223451,0.0014974188328999993,2.1316282072803006e-14,34.59497573943446,15.518049301431928,2.229337919183065,-17.60868647176209,1845.5933320838885,-0.49597354349955225,0.003438261883977667,-5.684341886080802e-14,36.058059650419395,18.013951936278605,2.001674023444098,-17.60868647176205,363.8025516870951,-1.0362585673543876,-0.023671381621412024,3.197442310920451e-14,47.56676196576946,17.67709635813655,2.6908696429589276,-15.370743248652662,220.05944501070118,-2.357480534642839,-0.08852528740382093,0.4230786754158675,30.625482790806437,19.09980509824182,1.603444780367187,-15.370743248652662,30.029678642419455,-0.8547524849000112,-0.03343208148999044,0.4230786754158675,zz2000_and_cyb,below,50.0,14.0,0.75,278.0,-0.17957770493720027,False
zz2000_and_cyb_below_ma58_days12:scale0.50,37.911003143457435,13.551410442331,2.797568806936402,-17.60868647176205,16547.623576306156,-1.8307878473857073,-0.012895364453138214,2.1316282072803006e-14,34.000446182611995,15.069635546739047,2.256222194435846,-17.60868647176206,1761.4203248247147,-1.0905031003220174,0.030322537136758587,-2.4868995751603507e-14,35.889270049308706,17.422798479231687,2.0599027241283547,-17.60868647176208,360.9425731562208,-1.2050481684650762,0.03455731906284454,0.0,46.46171998655977,16.959586585244537,2.7395549857909374,-15.622737962110689,212.9470847491665,-3.4625225138525266,-0.03983994457181117,0.1710839619578408,33.21497360624588,18.275350974873632,1.8174739107288498,-15.622737962110666,32.56282337281186,1.7347383305394288,0.18059704887167238,0.1710839619578639,zz2000_and_cyb,below,58.0,12.0,0.5,381.0,-0.18013843183772432,False
zz2000_and_cyb_below_ma51_days18:scale0.50,38.67512551890848,13.948161495354583,2.7727758623808008,-17.60868647176207,18077.594613879417,-1.0666654719346624,-0.03768830900873965,0.0,34.48709880189031,15.532343531444653,2.220340976367955,-17.608686471762034,1830.070488537591,-0.6038504810437004,-0.005558680931132098,0.0,35.988330425660365,18.110669374506244,1.987134195951911,-17.60868647176205,362.61934227347075,-1.1059877921134174,-0.0382112091135991,3.197442310920451e-14,48.03260619532836,17.78216230510817,2.70116791035758,-15.6227379621107,223.08969509334585,-1.891636305083935,-0.07822702000516868,0.17108396195783016,30.39698362896679,19.157950319281657,1.5866511355535526,-15.622737962110689,29.806110499375627,-1.083251646739658,-0.05022572630362476,0.1710839619578408,zz2000_and_cyb,below,51.0,18.0,0.5,195.0,-0.18060913361901104,False
zz2000_and_cyb_below_ma63_days15:scale0.00,37.740434740024575,13.632369306338884,2.768442806378179,-17.623645971440137,16222.99494667371,-2.001356250818567,-0.04202136501136122,-0.01495949967806709,34.22269691319795,15.178497194851126,2.254682823593829,-17.623645971440116,1792.4949020585307,-0.8682523697360622,0.028783166294741758,-0.0149594996780813,36.171793798469956,17.631854407879548,2.051502522746844,-17.623645971440162,365.7376537225037,-0.9225244193038264,0.026157117681333997,-0.0149594996780813,46.802408924184704,17.3393018801279,2.6992095326412,-15.79382192406854,215.12851772365727,-3.121833576227594,-0.08018539772154876,-1.0658141036401503e-14,30.15237517496965,19.026309871594474,1.5847726321322007,-15.793821924068506,29.566773273439395,-1.3278601007367996,-0.05210422972497675,2.3092638912203256e-14,zz2000_and_cyb,below,63.0,15.0,0.0,283.0,-0.18082103779554154,False
zz2000_and_cyb_below_ma50_days13:scale0.00,37.84739846650709,13.508988557519869,2.8016456084300314,-17.60868647176208,16425.869100452466,-1.8943925243360553,-0.008818562959509002,-1.0658141036401503e-14,34.286693272125525,15.022800380545027,2.2823103817932515,-17.60868647176206,1801.528872421057,-0.8042560108084871,0.05641072449416429,-2.4868995751603507e-14,35.89611763888585,17.331763517049232,2.0711174372749133,-17.60868647176207,361.058323988793,-1.1982005788879349,0.04577203220940307,1.0658141036401503e-14,45.70142107460595,16.92595783191638,2.700078868708346,-14.7660548597094,208.11517609758016,-4.222821425806345,-0.07931606165440241,1.0277670643591303,37.590203833869396,18.225664145920884,2.062487464539531,-14.766054859709431,36.84094492627348,6.109968558162947,0.4256106026823534,1.0277670643590984,zz2000_and_cyb,below,50.0,13.0,0.0,305.0,-0.18187476167678956,False
zz2000_and_cyb_below_ma52_days22:scale0.00,38.33712996519496,13.975277689123455,2.7432106050409013,-17.966937561402673,17385.270801662886,-1.4046610256481813,-0.0672535663486391,-0.3582510896406035,34.10955555051418,15.55730454733749,2.19251062719292,-17.966937561402673,1776.6178905824,-0.9813937324198321,-0.03338903010616745,-0.358251089640639,35.91308250066203,18.18959369557016,1.9743751895573234,-17.966937561402606,361.3451960636466,-1.181235717111754,-0.05097021550818681,-0.3582510896405253,48.88653617465386,17.84901945223571,2.7388919769780684,-15.7540456134171,228.69385302824492,-1.0377063257584354,-0.04050295338468013,0.039776310651429725,31.543423852919172,19.2741913251261,1.6365627652454986,-15.75404561341709,30.927743189080225,0.06318857721272408,-0.00031409661167880465,0.03977631065144038,zz2000_and_cyb,below,52.0,22.0,0.0,133.0,-0.18307040034516348,False
zz2000_and_cyb_below_ma56_days17:scale0.50,38.17277607346847,13.914811594822044,2.743319649952951,-17.60868647176206,17057.623983563586,-1.5690149173746732,-0.06714452143658933,1.0658141036401503e-14,34.33769553690254,15.516312565858225,2.2130061759943205,-17.60868647176206,1808.756314612871,-0.7532537460314757,-0.012893481304766752,-2.4868995751603507e-14,35.84375414800751,18.110883033523752,1.9791279134021083,-17.60868647176209,360.17376801589194,-1.2505640697662699,-0.046217491663401944,-1.0658141036401503e-14,48.3768237814461,17.81300569816169,2.715814759237326,-15.908672791910805,225.34100598044571,-1.547418718966199,-0.06358017112542269,-0.11485086784227505,31.297786306080223,19.253479243899505,1.6255652243215717,-15.908672791910805,30.68743506196261,-0.18244896962622548,-0.011311637535605712,-0.11485086784227505,zz2000_and_cyb,below,56.0,17.0,0.5,222.0,-0.1841695993902226,False
zz2000_and_cyb_below_ma49_days21:scale0.00,38.29643152073996,14.01305478316921,2.7329109971608054,-19.683207597414064,17303.59481642763,-1.4453594701031847,-0.07755317422873498,-2.0745211256519944,34.31742285298607,15.616092856172328,2.197567801950022,-19.683207597414064,1805.880552954573,-0.7735264299479425,-0.028331855349065016,-2.07452112565203,35.8173874806621,18.15928194313164,1.972401089031456,-19.683207597414054,359.7288799884764,-1.2769307371116838,-0.05294431603405414,-2.074521125651973,49.76729193884908,17.833949103733627,2.790592910710396,-15.483229843164692,234.5414504050718,-0.15695056156322096,0.01119798034764763,0.31059208090383805,31.9736551039286,19.269479948132854,1.6592899855103116,-15.483229843164715,31.34862153127873,0.4934198282221516,0.022413123653134193,0.31059208090381496,zz2000_and_cyb,below,49.0,21.0,0.0,132.0,-0.185199737277799,False
zz2000_and_cyb_below_ma56_days11:scale0.75,38.41679699179985,13.768661555326519,2.7901620529657074,-17.60868647176206,17546.19205485694,-1.3249939990432935,-0.020302118423833004,1.0658141036401503e-14,34.00147136914966,15.331897444125186,2.21769493913346,-17.60868647176205,1761.562603455291,-1.08947791378435,-0.008204718165627067,-1.4210854715202004e-14,35.95443388958095,17.768197585257557,2.0235273565064746,-17.60868647176198,362.0450366762913,-1.139884328192835,-0.0018180485590355566,9.947598300641403e-14,47.43867434878428,17.36815343810251,2.731359699109557,-15.640606254017763,219.22958168203525,-2.4855681516280157,-0.04803523125319176,0.1532156700507663,31.13967906352231,18.701858950387386,1.6650579574003945,-15.640606254017753,30.532754089001067,-0.3405562121841399,0.028181095543217127,0.15321567005077696,zz2000_and_cyb,below,56.0,11.0,0.75,394.0,-0.18553985979517043,False
zz2000_and_cyb_below_ma55_days17:scale0.50,38.3460196667117,13.921541707339566,2.7544377248458995,-17.60868647176206,17403.15890369188,-1.3957713241314451,-0.05602644654364086,1.0658141036401503e-14,34.30735389910762,15.516929893850076,2.210962744164029,-17.60868647176205,1804.4536810873049,-0.7835953838263947,-0.014936913135058294,-1.4210854715202004e-14,35.84375414800751,18.110883033523752,1.9791279134021083,-17.60868647176209,360.17376801589194,-1.2505640697662699,-0.046217491663401944,-1.0658141036401503e-14,48.3768237814461,17.81300569816169,2.715814759237326,-15.908672791910805,225.34100598044571,-1.547418718966199,-0.06358017112542269,-0.11485086784227505,31.297786306080223,19.253479243899505,1.6255652243215717,-15.908672791910805,30.68743506196261,-0.18244896962622548,-0.011311637535605712,-0.11485086784227505,zz2000_and_cyb,below,55.0,17.0,0.5,218.0,-0.18610156443921572,False
zz2000_and_cyb_below_ma54_days17:scale0.50,38.3460196667117,13.921541707339566,2.7544377248458995,-17.60868647176206,17403.15890369188,-1.3957713241314451,-0.05602644654364086,1.0658141036401503e-14,34.30735389910762,15.516929893850076,2.210962744164029,-17.60868647176205,1804.4536810873049,-0.7835953838263947,-0.014936913135058294,-1.4210854715202004e-14,35.84375414800751,18.110883033523752,1.9791279134021083,-17.60868647176209,360.17376801589194,-1.2505640697662699,-0.046217491663401944,-1.0658141036401503e-14,48.3768237814461,17.81300569816169,2.715814759237326,-15.908672791910805,225.34100598044571,-1.547418718966199,-0.06358017112542269,-0.11485086784227505,31.297786306080223,19.253479243899505,1.6255652243215717,-15.908672791910805,30.68743506196261,-0.18244896962622548,-0.011311637535605712,-0.11485086784227505,zz2000_and_cyb,below,54.0,17.0,0.5,218.0,-0.18610156443921572,False
zz2000_and_cyb_below_ma48_days22:scale0.00,38.31678130757281,14.04123826115351,2.7288748039822113,-17.96693756140264,17344.389144566376,-1.425009683270332,-0.08158936740732914,-0.3582510896405715,34.11627068873373,15.652682572413148,2.179579796044767,-17.966937561402673,1777.5568622303456,-0.9746785942002845,-0.046319861254320305,-0.358251089640639,36.039920095336676,18.19259447238038,1.9810214617849988,-17.96693756140264,363.49451577745083,-1.0543981224371066,-0.04432394328051137,-0.35825108964056085,48.818773468503366,17.857415841006567,2.733809522226571,-15.754045613417079,228.24679628430243,-1.1054690319089318,-0.04558540813617773,0.03977631065145104,31.543423852919172,19.2741913251261,1.6365627652454986,-15.75404561341709,30.927743189080225,0.06318857721272408,-0.00031409661167880465,0.03977631065144038,zz2000_and_cyb,below,48.0,22.0,0.0,113.0,-0.18648483193621954,False
zz2000_and_cyb_below_ma65_days20:scale0.50,38.54113420029888,13.912061410654179,2.770339568137845,-18.147437565227875,17800.11963477567,-1.200656790544265,-0.04012460325169531,-0.5387510934658053,34.25243610276538,15.483612530240768,2.2121734211488153,-18.14743756522782,1796.6881845076045,-0.8385131801686327,-0.013726236150271909,-0.538751093465784,35.68813382118774,18.061284574092365,1.975946598636724,-18.147437565227854,357.55293781955925,-1.4061843965860419,-0.049398806428786246,-0.5387510934657733,48.58556484143068,17.635704689325475,2.7549545480220314,-15.79382192406853,226.71132199226594,-1.3386776589816165,-0.024440382340717104,0.0,31.079239021138072,19.234939955332063,1.6157700046535721,-15.79382192406853,30.47362297217735,-0.4009962545683763,-0.021106857203605278,0.0,zz2000_and_cyb,below,65.0,20.0,0.5,200.0,-0.1865583235484458,False
zz2000_and_cyb_below_ma64_days20:scale0.50,38.54113420029888,13.912061410654179,2.770339568137845,-18.147437565227875,17800.11963477567,-1.200656790544265,-0.04012460325169531,-0.5387510934658053,34.25243610276538,15.483612530240768,2.2121734211488153,-18.14743756522782,1796.6881845076045,-0.8385131801686327,-0.013726236150271909,-0.538751093465784,35.68813382118774,18.061284574092365,1.975946598636724,-18.147437565227854,357.55293781955925,-1.4061843965860419,-0.049398806428786246,-0.5387510934657733,48.58556484143068,17.635704689325475,2.7549545480220314,-15.79382192406853,226.71132199226594,-1.3386776589816165,-0.024440382340717104,0.0,31.079239021138072,19.234939955332063,1.6157700046535721,-15.79382192406853,30.47362297217735,-0.4009962545683763,-0.021106857203605278,0.0,zz2000_and_cyb,below,64.0,20.0,0.5,199.0,-0.1865583235484458,False
zz2000_and_cyb_below_ma45_days19:scale0.00,37.887812784358246,13.970180293493723,2.7120489491466038,-17.60868647176206,16503.134667625836,-1.8539782064848964,-0.09841522224293664,1.0658141036401503e-14,34.146748334541364,15.566625961338715,2.1935869994787733,-17.60868647176209,1781.823839916067,-0.9442009483926483,-0.032312657820313895,-5.684341886080802e-14,35.838050712445636,18.069884826566778,1.983302663875072,-17.60868647176206,360.07750408901416,-1.2562675053281467,-0.04204274119043827,2.1316282072803006e-14,48.13388824588658,17.767125336904375,2.7091545386865103,-14.76605485970942,223.75103723908336,-1.7903542545257167,-0.07024039167623819,1.027767064359109,33.301781539736,19.240643810965654,1.7308039100415444,-14.76605485970942,32.64772771921722,1.8215462640295499,0.09392704818436703,1.027767064359109,zz2000_and_cyb,below,45.0,19.0,0.0,144.0,-0.18670034410297837,False
zz2000_and_cyb_below_ma46_days19:scale0.00,37.86220445165458,13.969387102391629,2.710369765984392,-17.60868647176206,16454.136526659415,-1.8795865391885656,-0.10009440540514847,1.0658141036401503e-14,34.146748334541364,15.566625961338715,2.1935869994787733,-17.60868647176209,1781.823839916067,-0.9442009483926483,-0.032312657820313895,-5.684341886080802e-14,35.838050712445636,18.069884826566778,1.983302663875072,-17.60868647176206,360.07750408901416,-1.2562675053281467,-0.04204274119043827,2.1316282072803006e-14,48.13388824588658,17.767125336904375,2.7091545386865103,-14.76605485970942,223.75103723908336,-1.7903542545257167,-0.07024039167623819,1.027767064359109,33.301781539736,19.240643810965654,1.7308039100415444,-14.76605485970942,32.64772771921722,1.8215462640295499,0.09392704818436703,1.027767064359109,zz2000_and_cyb,below,46.0,19.0,0.0,145.0,-0.18670034410297837,False
zz2000_and_cyb_below_ma47_days19:scale0.00,37.843774964586395,13.96962013989677,2.7090052976104793,-17.60868647176206,16418.958043162605,-1.898016026256748,-0.10145887377906115,1.0658141036401503e-14,34.146748334541364,15.566625961338715,2.1935869994787733,-17.60868647176209,1781.823839916067,-0.9442009483926483,-0.032312657820313895,-5.684341886080802e-14,35.838050712445636,18.069884826566778,1.983302663875072,-17.60868647176206,360.07750408901416,-1.2562675053281467,-0.04204274119043827,2.1316282072803006e-14,48.13388824588658,17.76712533690438,2.70915453868651,-14.76605485970942,223.75103723908336,-1.7903542545257167,-0.07024039167623863,1.027767064359109,33.301781539736,19.240643810965654,1.7308039100415444,-14.76605485970942,32.64772771921722,1.8215462640295499,0.09392704818436703,1.027767064359109,zz2000_and_cyb,below,47.0,19.0,0.0,151.0,-0.1867003441029786,False
zz2000_and_cyb_below_ma49_days15:scale0.75,39.02723492970963,13.980310507620489,2.7915857025089954,-17.60868647176207,18826.094685276097,-0.7145560611335142,-0.018878468880545007,0.0,34.46917825728195,15.592570976602534,2.2106154468692014,-17.60868647176206,1827.5026526527,-0.621771025652059,-0.015284210429885814,-2.4868995751603507e-14,35.79324216548163,18.079751787454214,1.9797419005674097,-17.60868647176205,359.3217747400135,-1.301076052292153,-0.04560350449810047,3.197442310920451e-14,48.00175591716962,17.69651441865556,2.7124977711185005,-15.37089394497605,222.88843059604505,-1.92248658324268,-0.066897159244248,0.4229279790924796,30.752365559315997,19.108345521135337,1.609368300636047,-15.37089394497605,30.15382038652623,-0.7278697163904511,-0.027508561221130323,0.4229279790924796,zz2000_and_cyb,below,49.0,15.0,0.75,240.0,-0.1869117005175483,False
zz2000_and_cyb_below_ma47_days18:scale0.50,38.607339815685734,13.995412330385069,2.7585710877461156,-17.60868647176208,17936.72115361476,-1.134451175157409,-0.05189308364342482,-1.0658141036401503e-14,34.399486333690476,15.601727624497357,2.2048511012125,-17.60868647176206,1817.5456930721018,-0.6914629492435367,-0.0210485560865874,-2.4868995751603507e-14,36.01032837597462,18.110304017863317,1.9883889492112006,-17.60868647176205,362.9923565293832,-1.0839898417991591,-0.03695645585430962,3.197442310920451e-14,48.07251880513681,17.78148890585783,2.7035148214894464,-15.622737962110678,223.35020530378338,-1.8517236952754885,-0.0758801088733021,0.17108396195785147,30.39698362896679,19.157950319281657,1.5866511355535526,-15.622737962110689,29.806110499375627,-1.083251646739658,-0.05022572630362476,0.1710839619578408,zz2000_and_cyb,below,47.0,18.0,0.5,169.0,-0.18701474344286112,False
zz2000_and_cyb_below_ma46_days18:scale0.50,38.58238059882784,13.994762374062203,2.7569157351564724,-17.60868647176205,17885.108678168555,-1.1594103920153032,-0.05354843623306804,2.1316282072803006e-14,34.399486333690476,15.601727624497357,2.2048511012125,-17.60868647176206,1817.5456930721018,-0.6914629492435367,-0.0210485560865874,-2.4868995751603507e-14,36.01032837597462,18.110304017863317,1.9883889492112006,-17.60868647176205,362.9923565293832,-1.0839898417991591,-0.03695645585430962,3.197442310920451e-14,48.07251880513681,17.78148890585783,2.7035148214894464,-15.622737962110678,223.35020530378338,-1.8517236952754885,-0.0758801088733021,0.17108396195785147,30.39698362896679,19.157950319281657,1.5866511355535526,-15.622737962110689,29.806110499375627,-1.083251646739658,-0.05022572630362476,0.1710839619578408,zz2000_and_cyb,below,46.0,18.0,0.5,163.0,-0.18701474344286112,False
zz2000_and_cyb_below_ma45_days18:scale0.50,38.540306185702214,13.995617006841272,2.7537411295881506,-17.60868647176207,17798.41735391914,-1.2014848051409288,-0.05672304180138976,0.0,34.399486333690476,15.601727624497357,2.2048511012125,-17.60868647176206,1817.5456930721018,-0.6914629492435367,-0.0210485560865874,-2.4868995751603507e-14,36.01032837597462,18.110304017863317,1.9883889492112006,-17.60868647176205,362.9923565293832,-1.0839898417991591,-0.03695645585430962,3.197442310920451e-14,48.07251880513681,17.78148890585783,2.7035148214894464,-15.622737962110678,223.35020530378338,-1.8517236952754885,-0.0758801088733021,0.17108396195785147,30.39698362896679,19.157950319281657,1.5866511355535526,-15.622737962110689,29.806110499375627,-1.083251646739658,-0.05022572630362476,0.1710839619578408,zz2000_and_cyb,below,45.0,18.0,0.5,162.0,-0.18701474344286112,False
zz2000_and_cyb_below_ma53_days18:scale0.25,38.19878317810965,13.90604032169489,2.7469202083727255,-17.60868647176207,17109.08420483736,-1.5430078127334923,-0.06354396301681486,0.0,34.27236152129289,15.480440416113591,2.2139138551651794,-17.60868647176207,1799.5023823135232,-0.818587761641119,-0.011985802133907875,-3.552713678800501e-14,36.02683160988307,18.09941334657514,1.9904972012090238,-17.608686471762034,363.27235592430577,-1.0674866078907144,-0.03484820385648635,4.618527782440651e-14,48.172576257295496,17.8050543984631,2.7055562526926997,-15.966433502166632,224.00389623219002,-1.7516662431168015,-0.07383867767004881,-0.17261157809810257,31.20603084951281,19.26669457996925,1.6196878359174476,-15.966433502166666,30.597668384216913,-0.27420442619363783,-0.01718902593972982,-0.17261157809813632,zz2000_and_cyb,below,53.0,18.0,0.25,196.0,-0.18701655602667996,False
zz2000_and_cyb_below_ma51_days19:scale0.00,37.98106262637888,13.90725718344003,2.731024681962779,-17.608686471762034,16682.70679861035,-1.7607283644642635,-0.0794394894267616,3.552713678800501e-14,34.296883188009964,15.473956373205827,2.2164262558861334,-17.60868647176208,1802.97089588332,-0.7940660949240481,-0.00947340141295383,-4.618527782440651e-14,35.746028452639344,18.071118968808516,1.9780749888448212,-17.60868647176206,358.52655438521344,-1.3482897651344388,-0.04727041622068895,2.1316282072803006e-14,47.966672743771774,17.76944434974564,2.6993906956048628,-14.76605485970942,222.6596524814094,-1.957569756640524,-0.08000423475788576,1.027767064359109,33.301781539736,19.240643810965654,1.7308039100415444,-14.76605485970942,32.64772771921722,1.8215462640295499,0.09392704818436703,1.027767064359109,zz2000_and_cyb,below,51.0,19.0,0.0,178.0,-0.18734575101842774,False
zz2000_and_cyb_below_ma61_days16:scale0.25,37.65532542545677,13.7144945727625,2.7456589979073427,-18.35380149226904,16063.24117010833,-2.0864655653863693,-0.06480517348219772,-0.7451150205069688,34.090485519776806,15.260390367078323,2.2339196245805866,-18.35380149226905,1773.9536491783465,-1.0004637631572066,0.00801996728149934,-0.745115020507015,35.814610579050466,17.722205738849826,2.0208889969344663,-18.353801492269007,359.682045003275,-1.2797076387233162,-0.004456408131043865,-0.7451150205069261,47.8540047639882,17.37048536458493,2.7549031451679116,-15.79382192406853,221.9256717815008,-2.0702377364240974,-0.024491785194836968,0.0,32.15594733894669,19.10096718812648,1.6834722044303303,-15.793821924068506,31.52694378238934,0.6757120632402405,0.0465953425731529,2.3092638912203256e-14,zz2000_and_cyb,below,61.0,16.0,0.25,265.0,-0.1875307148673452,False
zz2000_and_cyb_below_ma57_days18:scale0.00,37.42034113486461,13.88913424366207,2.694216966902769,-17.60868647176206,15629.739767038058,-2.3214498559785355,-0.1162472044867715,1.0658141036401503e-14,34.18597739943328,15.464685087883895,2.2105834813420766,-17.60868647176205,1787.3288913723793,-0.9049718835007354,-0.015316175957010625,-1.4210854715202004e-14,36.00006532889781,18.06967353198734,1.9922919617318868,-17.608686471762034,362.81829846278947,-1.094252888875971,-0.03305344333362337,4.618527782440651e-14,48.20119738432555,17.76980670200097,2.7125335797208114,-16.023993612914854,224.19104415064902,-1.7230451160867446,-0.0668613506419371,-0.23017168884632433,33.007979827257586,19.170512691566593,1.7218099671261429,-16.023993612914865,32.36036488154785,1.5277445515511374,0.08493310526896547,-0.230171688846335,zz2000_and_cyb,below,57.0,18.0,0.0,209.0,-0.18797350542192848,False
zz2000_and_cyb_below_ma59_days22:scale0.50,38.58673082422443,13.931892801318057,2.769668944091635,-17.60868647176205,17894.094418037246,-1.1550601666187106,-0.04079522729790552,2.1316282072803006e-14,34.20042067674836,15.499535282906981,2.2065449094118885,-17.608686471762034,1789.359377303254,-0.8905286061856543,-0.01935474788719871,0.0,35.7771687371528,18.059318698768706,1.9810918304239298,-17.60868647176209,359.0509263953443,-1.3171494806209836,-0.04425357464158042,-1.0658141036401503e-14,48.226121825593005,17.601663767816206,2.7398615529613823,-16.04625099439565,224.35407876048194,-1.6981206748192932,-0.0395333774013662,-0.2524290703271195,30.67946574883649,19.237970145034286,1.5947350743111266,-16.04625099439566,30.0824956689125,-0.80076952686996,-0.0421417875460508,-0.25242907032713013,zz2000_and_cyb,below,59.0,22.0,0.5,170.0,-0.18886974499759457,False
zz2000_and_cyb_below_ma60_days22:scale0.50,38.58673082422443,13.931892801318057,2.769668944091635,-17.60868647176205,17894.094418037246,-1.1550601666187106,-0.04079522729790552,2.1316282072803006e-14,34.20042067674836,15.499535282906981,2.2065449094118885,-17.608686471762034,1789.359377303254,-0.8905286061856543,-0.01935474788719871,0.0,35.7771687371528,18.059318698768706,1.9810918304239298,-17.60868647176209,359.0509263953443,-1.3171494806209836,-0.04425357464158042,-1.0658141036401503e-14,48.226121825593005,17.601663767816206,2.7398615529613823,-16.04625099439565,224.35407876048194,-1.6981206748192932,-0.0395333774013662,-0.2524290703271195,30.67946574883649,19.237970145034286,1.5947350743111266,-16.04625099439566,30.0824956689125,-0.80076952686996,-0.0421417875460508,-0.25242907032713013,zz2000_and_cyb,below,60.0,22.0,0.5,171.0,-0.18886974499759457,False
zz2000_and_cyb_below_ma51_days14:scale0.75,39.14841039794723,13.920216682907746,2.812342026688169,-17.60868647176206,19090.296521172728,-0.5933805928959117,0.0018778552986287167,1.0658141036401503e-14,34.57120139189451,15.516303994045677,2.228056462747899,-17.60868647176209,1842.1627275697188,-0.5197478910395006,0.002156805448811916,-5.684341886080802e-14,36.00987952129595,18.010946223936212,1.9993330207959583,-17.60868647176205,362.98474300053175,-1.0844386964778323,-0.02601238426955188,3.197442310920451e-14,47.479679700974174,17.672101533965858,2.6867025186403564,-15.370743248652651,219.49509409586767,-2.444562799438124,-0.09269241172239218,0.4230786754158782,30.625482790806437,19.09980509824182,1.603444780367187,-15.370743248652662,30.029678642419455,-0.8547524849000112,-0.03343208148999044,0.4230786754158675,zz2000_and_cyb,below,51.0,14.0,0.75,280.0,-0.18891991085149248,False
zz2000_and_cyb_below_ma54_days12:scale0.50,38.03427805325945,13.59402509576116,2.7978672825254063,-17.60868647176205,16785.99834230416,-1.7075129375836937,-0.012596888864134126,2.1316282072803006e-14,33.905688029735394,15.122683212110447,2.242041809259303,-17.60868647176207,1748.311664410681,-1.1852612531986182,0.016142151960215845,-3.552713678800501e-14,36.105042152180644,17.49563859529959,2.0636595775292643,-17.608686471762034,364.60114342678764,-0.9892760655931383,0.038314172463754126,4.618527782440651e-14,46.49349945983754,17.100840340805302,2.7187844885550283,-15.622737962110666,213.1501425299596,-3.430743040574761,-0.06061044180772024,0.1710839619578639,33.06161730555941,18.372796456671093,1.7994874859431027,-15.622737962110666,32.41282766588807,1.5813820298529606,0.1626106240859253,0.1710839619578639,zz2000_and_cyb,below,54.0,12.0,0.5,350.0,-0.18991388576455265,False
zz2000_and_cyb_below_ma53_days12:scale0.50,38.19786316345457,13.600034460618687,2.8086592923027704,-17.60868647176208,17107.261307923076,-1.543927827388572,-0.0018048790867699616,-1.0658141036401503e-14,33.905688029735394,15.122683212110447,2.242041809259303,-17.60868647176207,1748.311664410681,-1.1852612531986182,0.016142151960215845,-3.552713678800501e-14,36.105042152180644,17.49563859529959,2.0636595775292643,-17.608686471762034,364.60114342678764,-0.9892760655931383,0.038314172463754126,4.618527782440651e-14,46.49349945983754,17.100840340805302,2.7187844885550283,-15.622737962110666,213.1501425299596,-3.430743040574761,-0.06061044180772024,0.1710839619578639,33.06161730555941,18.372796456671093,1.7994874859431027,-15.622737962110666,32.41282766588807,1.5813820298529606,0.1626106240859253,0.1710839619578639,zz2000_and_cyb,below,53.0,12.0,0.5,344.0,-0.18991388576455265,False
zz2000_and_cyb_below_ma48_days15:scale0.75,38.992377465097874,13.984814671255242,2.788194079199622,-17.60868647176209,18750.727795366685,-0.7494135257452683,-0.0222700921899186,-2.1316282072803006e-14,34.42160420402782,15.598832181850861,2.2066782822419957,-17.60868647176207,1820.700671239926,-0.6693450789061899,-0.01922137505709154,-3.552713678800501e-14,35.79324216548163,18.079751787454214,1.9797419005674097,-17.60868647176205,359.3217747400135,-1.301076052292153,-0.04560350449810047,3.197442310920451e-14,48.00175591716962,17.69651441865556,2.7124977711185005,-15.37089394497605,222.88843059604505,-1.92248658324268,-0.066897159244248,0.4229279790924796,30.752365559315997,19.108345521135337,1.609368300636047,-15.37089394497605,30.15382038652623,-0.7278697163904511,-0.027508561221130323,0.4229279790924796,zz2000_and_cyb,below,48.0,15.0,0.75,235.0,-0.1903075044287753,False
zz2000_and_cyb_below_ma62_days21:scale0.50,38.585222163615555,13.927082226800156,2.770517293950147,-18.147437565227886,17890.977681973443,-1.1565688272275878,-0.039946877439393624,-0.538751093465816,34.21553720379147,15.500702270274406,2.207354002883236,-18.147437565227854,1791.4866162427156,-0.8754120791425422,-0.01854565441585132,-0.5387510934658195,35.685926105545526,18.061831705054512,1.9757645120543894,-18.147437565227854,357.5158433038996,-1.408392112228256,-0.049580893011120786,-0.5387510934657733,48.581535590832736,17.636644484565096,2.7545792870831756,-15.793821924068506,226.68483500628489,-1.3427069095795616,-0.024815643279572974,2.3092638912203256e-14,31.079239021138072,19.234939955332063,1.6157700046535721,-15.79382192406853,30.47362297217735,-0.4009962545683763,-0.021106857203605278,0.0,zz2000_and_cyb,below,62.0,21.0,0.5,184.0,-0.1905719672294538,False
zz2000_and_cyb_below_ma45_days21:scale0.00,38.281553098736445,14.013125243705025,2.7318355065679074,-19.683207597414075,17273.825291645917,-1.4602378921066972,-0.078628664821633,-2.074521125652005,34.26623267078974,15.618464944029927,2.1939564991556884,-19.683207597414054,1798.6363646025793,-0.8247166121442717,-0.031943158143398875,-2.0745211256520193,35.79831364405743,18.15935809468891,1.971342459209911,-19.683207597414054,359.4072591533715,-1.2960045737163526,-0.05400294585559928,-2.074521125651973,49.73223870573123,17.83413130858212,2.788598886327541,-15.483229843164715,234.30740920091847,-0.19200379468107087,0.00920395596479251,0.31059208090381496,31.9736551039286,19.269479948132854,1.6592899855103116,-15.483229843164715,31.34862153127873,0.4934198282221516,0.022413123653134193,0.31059208090381496,zz2000_and_cyb,below,45.0,21.0,0.0,113.0,-0.19196186868334433,False
zz2000_and_cyb_below_ma56_days16:scale0.50,38.18023240764998,13.90346504603612,2.746094752727499,-17.76280408324986,17072.36305627285,-1.561558583193161,-0.0643694186620416,-0.15411761148779135,34.161286276929225,15.511461247065508,2.2023254761631135,-17.76280408324986,1783.8622754402904,-0.9296630060047875,-0.02357418113597376,-0.15411761148782688,35.701577354974965,18.10349944877529,1.9720815556127296,-17.762804083249893,357.77887087410693,-1.3927408627988171,-0.05326384945278062,-0.15411761148781267,48.59812177571114,17.813726611738343,2.728127743000583,-15.773716481475208,226.79387637103852,-1.3261207247011555,-0.05126718736216551,0.020105442593321143,31.51217468155214,19.25171940369406,1.6368498844578796,-15.773716481475219,30.897172434909592,0.03193940584569077,-2.697739929780063e-05,0.020105442593310485,zz2000_and_cyb,below,56.0,16.0,0.5,242.0,-0.192865250325749,False
zz2000_and_cyb_below_ma58_days17:scale0.25,37.3556962831693,13.780280476705403,2.7108081251551073,-17.60868647176206,15512.407572037082,-2.3860947076738412,-0.09965604623443314,1.0658141036401503e-14,33.9066533231116,15.337717013792373,2.2106714638574436,-17.608686471762034,1748.4447813173708,-1.184295959822414,-0.015228193441643612,0.0,35.48129275900682,17.844353411836703,1.9883764875151486,-17.608686471762102,354.0879716509034,-1.6130254587669626,-0.03696891755036158,-2.1316282072803006e-14,48.09374985085275,17.405078795956758,2.763202075363488,-15.966274581127992,223.48883760278153,-1.8304926495595453,-0.016192854999260486,-0.17245265705946267,31.521851498309374,19.13553040762388,1.6472943695227074,-15.966274581127937,30.906639181976136,0.041616222602925745,0.010417507665529957,-0.1724526570594076,zz2000_and_cyb,below,58.0,17.0,0.25,248.0,-0.19369604872292273,False
zz2000_and_cyb_below_ma63_days21:scale0.50,38.57977799701069,13.926816877008081,2.7701791685580663,-18.147437565227886,17879.734805818713,-1.1620129938324553,-0.04028500283147407,-0.538751093465816,34.20713943401146,15.500317726635748,2.2068669841025197,-18.147437565227854,1790.304593222585,-0.883809848922553,-0.01903267319656754,-0.5387510934658195,35.66890511639185,18.06117369128447,1.9748940864017104,-18.147437565227854,357.2299336631889,-1.4254131013819347,-0.050451318663799816,-0.5387510934657733,48.550472445875755,17.63556544443265,2.7529864352153557,-15.793821924068506,226.4806839475416,-1.3737700545365428,-0.026408495147392852,2.3092638912203256e-14,31.079239021138072,19.234939955332063,1.6157700046535721,-15.79382192406853,30.47362297217735,-0.4009962545683763,-0.021106857203605278,0.0,zz2000_and_cyb,below,63.0,21.0,0.5,181.0,-0.19398199316733478,False
zz2000_and_cyb_below_ma53_days22:scale0.00,38.21727616561286,13.958891050003924,2.737844720523276,-17.966937561402652,17145.76420813618,-1.524514825230284,-0.07261945086626431,-0.35825108964058217,33.92453798421873,15.533760174118472,2.183923119963059,-17.96693756140264,1750.9126919942396,-1.166411298715282,-0.04197653733602813,-0.35825108964060703,35.900201858707305,18.180675012473714,1.97463525606592,-17.966937561402606,361.1273742113122,-1.1941163590664772,-0.050710148999590254,-0.3582510896405253,48.86301999865588,17.833899419907524,2.739895456857368,-15.79382192406854,228.53866185138108,-1.0612225017564185,-0.03949947350538041,-1.0658141036401503e-14,31.48023527570645,19.23188970976682,1.6368768618571774,-15.79382192406853,30.86592630275138,0.0,0.0,0.0,zz2000_and_cyb,below,53.0,22.0,0.0,138.0,-0.19435232259638208,False
zz2000_and_cyb_below_ma53_days16:scale0.50,38.35350341166968,13.910106448386339,2.7572401084047007,-17.76280408324984,17418.231195814027,-1.3882875791734648,-0.053224062984839726,-0.15411761148777003,34.13101237343887,15.51194372623031,2.2003053244529367,-17.762804083249904,1779.6196615617284,-0.9599369094951413,-0.025594332846150536,-0.1541176114878695,35.70163392836092,18.10326852981422,1.9721098358323528,-17.762804083249893,357.7798218391308,-1.3926842894128626,-0.05323556923315742,-0.15411761148781267,48.59822502555586,17.813335268675186,2.7281934737407667,-15.77371648147523,226.7945552349324,-1.3260174748564353,-0.05120145662198183,0.020105442593299827,31.51217468155214,19.25171940369406,1.6368498844578796,-15.773716481475219,30.897172434909592,0.03193940584569077,-2.697739929780063e-05,0.020105442593310485,zz2000_and_cyb,below,53.0,16.0,0.5,234.0,-0.1947309439925722,False
zz2000_and_cyb_below_ma54_days16:scale0.50,38.35348534978351,13.910200504932954,2.757220166321993,-17.76280408324984,17418.194804465256,-1.388305641059631,-0.05324400506754756,-0.15411761148777003,34.13098448309504,15.512077974217473,2.2002844841177267,-17.762804083249904,1779.6157569497893,-0.9599647998389713,-0.02561517318136053,-0.1541176114878695,35.701577354974965,18.10349944877529,1.9720815556127296,-17.762804083249893,357.77887087410693,-1.3927408627988171,-0.05326384945278062,-0.15411761148781267,48.59812177571114,17.813726611738343,2.728127743000583,-15.773716481475208,226.79387637103852,-1.3261207247011555,-0.05126718736216551,0.020105442593321143,31.51217468155214,19.25171940369406,1.6368498844578796,-15.773716481475219,30.897172434909592,0.03193940584569077,-2.697739929780063e-05,0.020105442593310485,zz2000_and_cyb,below,54.0,16.0,0.5,238.0,-0.19479480016346873,False
zz2000_and_cyb_below_ma55_days16:scale0.50,38.35348534978351,13.910200504932954,2.757220166321993,-17.76280408324984,17418.194804465256,-1.388305641059631,-0.05324400506754756,-0.15411761148777003,34.13098448309504,15.512077974217473,2.2002844841177267,-17.762804083249904,1779.6157569497893,-0.9599647998389713,-0.02561517318136053,-0.1541176114878695,35.701577354974965,18.10349944877529,1.9720815556127296,-17.762804083249893,357.77887087410693,-1.3927408627988171,-0.05326384945278062,-0.15411761148781267,48.59812177571114,17.813726611738343,2.728127743000583,-15.773716481475208,226.79387637103852,-1.3261207247011555,-0.05126718736216551,0.020105442593321143,31.51217468155214,19.25171940369406,1.6368498844578796,-15.773716481475219,30.897172434909592,0.03193940584569077,-2.697739929780063e-05,0.020105442593310485,zz2000_and_cyb,below,55.0,16.0,0.5,238.0,-0.19479480016346873,False
zz2000_and_cyb_below_ma64_days11:scale0.75,38.49434873210469,13.769361577064654,2.795652399471007,-17.60868647176206,17704.172865888017,-1.2474422587384524,-0.014811771918533445,1.0658141036401503e-14,34.07185687615346,15.33526481978271,2.221797750254712,-17.60868647176208,1771.354360273312,-1.0190924067805511,-0.004101907044375075,-4.618527782440651e-14,35.98669430522457,17.78008942820864,2.0239883747789595,-17.60868647176207,362.5916085505728,-1.107623912549215,-0.0013570302865506534,1.0658141036401503e-14,47.2761051932884,17.373905182336014,2.721098376970184,-15.851347657743498,218.17838064087897,-2.6481373071238963,-0.058296553392564565,-0.05752573367496794,30.480941872608526,18.880447987424787,1.6144183598244162,-15.851347657743508,29.88825770003123,-0.9992934030979228,-0.02245850203276123,-0.057525733674978596,zz2000_and_cyb,below,64.0,11.0,0.75,410.0,-0.19505267492722064,False
zz2000_and_cyb_below_ma49_days14:scale0.75,39.11048565378024,13.943745185913517,2.8048766764105157,-17.60868647176205,19007.23896815253,-0.6313053370629049,-0.005587494979024665,2.1316282072803006e-14,34.54777821549935,15.55046613390638,2.2216554743764916,-17.60868647176205,1838.7881211023923,-0.5431710674346633,-0.004244182922595652,-1.4210854715202004e-14,35.98612500054903,18.009882666066893,1.9981321182259484,-17.60868647176205,362.5819586324856,-1.108193217224752,-0.027213286839561812,3.197442310920451e-14,47.436752609143355,17.67034947511032,2.6845395828735974,-15.370743248652651,219.21714189222706,-2.487489891268943,-0.09485534748915114,0.4230786754158782,30.625482790806437,19.09980509824182,1.603444780367187,-15.370743248652662,30.029678642419455,-0.8547524849000112,-0.03343208148999044,0.4230786754158675,zz2000_and_cyb,below,49.0,14.0,0.75,263.0,-0.19683887593765562,False
zz2000_and_cyb_below_ma49_days12:scale0.25,37.7952347088931,13.532701705215414,2.7928816826226996,-17.60868647176209,16326.638636397498,-1.9465562819500448,-0.017582488766840765,-2.1316282072803006e-14,34.10024909003757,15.060716417848653,2.264185058927537,-17.608686471762034,1775.3172753557485,-0.9907001928964405,0.03828540162844973,0.0,36.12658212027178,17.27009854944825,2.091857323039188,-17.60868647176207,364.9676393546925,-0.9677360975020051,0.06651191797367773,1.0658141036401503e-14,45.306055675657305,16.84088216745613,2.690242424663965,-14.76605485970942,205.62226139148984,-4.618186824754993,-0.08915250569878364,1.027767064359109,38.61069705409359,17.874186003453556,2.1601373649481683,-14.76605485970942,37.83845067470048,7.130461778387144,0.5232605030909909,1.027767064359109,zz2000_and_cyb,below,49.0,12.0,0.25,320.0,-0.19685055982703387,False
zz2000_and_cyb_below_ma48_days21:scale0.00,38.17492135235696,14.023762031811367,2.722159807458322,-19.68320759741409,17061.863380479317,-1.5668696384861818,-0.08830436393121843,-2.0745211256520193,34.12950301935616,15.631284438239025,2.1834100168930894,-19.683207597414064,1779.4083644399973,-0.9614462635778551,-0.042489640405997786,-2.07452112565203,35.8173874806621,18.15928194313164,1.972401089031456,-19.683207597414054,359.7288799884764,-1.2769307371116838,-0.05294431603405414,-2.074521125651973,49.76729193884908,17.833949103733627,2.790592910710396,-15.483229843164692,234.5414504050718,-0.15695056156322096,0.01119798034764763,0.31059208090383805,31.9736551039286,19.269479948132854,1.6592899855103116,-15.483229843164715,31.34862153127873,0.4934198282221516,0.022413123653134193,0.31059208090381496,zz2000_and_cyb,below,48.0,21.0,0.0,126.0,-0.19791622481516277,False
zz2000_and_cyb_below_ma49_days13:scale0.25,38.157706219187105,13.60835262365809,2.803991583290546,-17.60868647176206,17027.87131268995,-1.5840847716560376,-0.006472588098994425,1.0658141036401503e-14,34.25917319695553,15.158377589412792,2.260081792716622,-17.608686471762024,1797.6392884718077,-0.8317760859784826,0.0341821354175349,1.0658141036401503e-14,35.77548666186381,17.419274179489488,2.053787447928688,-17.60868647176208,359.0225896479053,-1.3188315559099735,0.028442042863177974,0.0,45.96391812348366,17.03229191169319,2.6986337694181968,-14.766054859709444,209.77776286162825,-3.9603243769286394,-0.08076116094455177,1.027767064359086,36.0793977246729,18.31548026405522,1.9698854304945523,-14.76605485970942,35.36393825139932,4.599162448966453,0.33300856863737494,1.027767064359109,zz2000_and_cyb,below,49.0,13.0,0.25,289.0,-0.19823689027344343,False
zz2000_and_cyb_below_ma56_days20:scale0.00,37.505398714693804,13.919791904262274,2.6943936355262292,-17.721104274447008,15785.380887592126,-2.2363922761493384,-0.11607053586331118,-0.11241780268493784,33.86216572548528,15.495657756330614,2.18526804463342,-17.721104274446997,1742.3187612268273,-1.228783557448729,-0.040631612665667394,-0.11241780268496271,35.759276217729344,18.12541859004689,1.9728800215055795,-17.721104274447054,358.74957527617255,-1.3350420000444387,-0.05246538355993069,-0.11241780268497337,48.755853190921705,17.834420331715066,2.7338064419295343,-15.79382192406853,227.83204940237613,-1.1683893094905926,-0.04558848843321428,0.0,31.48023527570645,19.23188970976682,1.6368768618571774,-15.79382192406853,30.86592630275138,0.0,0.0,0.0,zz2000_and_cyb,below,56.0,20.0,0.0,174.0,-0.19832305699399286,False
zz2000_and_cyb_below_ma47_days15:scale0.75,38.94911305535307,13.98405411501027,2.785251882967593,-17.60868647176206,18657.575055602792,-0.7926779354900759,-0.02521228842194745,1.0658141036401503e-14,34.36426010444853,15.597791960098398,2.2031490221409356,-17.60868647176205,1812.5305159097952,-0.7266891784854792,-0.022750635158151677,-1.4210854715202004e-14,35.78003385629205,18.079739192286496,1.9790127211324582,-17.60868647176208,359.09919627534543,-1.3142843614817323,-0.04633268393305201,0.0,47.9274916941221,17.697100279749343,2.7082115677993395,-15.37089394497606,222.40427957489334,-1.9967508062902013,-0.07118336256340907,0.42292797909246893,30.752365559315997,19.108345521135337,1.609368300636047,-15.37089394497605,30.15382038652623,-0.7278697163904511,-0.027508561221130323,0.4229279790924796,zz2000_and_cyb,below,47.0,15.0,0.75,232.0,-0.19936168747203933,False
zz2000_and_cyb_below_ma64_days14:scale0.50,38.482784045441655,13.71329054094155,2.8062399706729644,-17.60868647176206,17680.530625763928,-1.259006945401488,-0.004224200716576032,1.0658141036401503e-14,34.213319233602334,15.280308870173217,2.2390463127604625,-17.60868647176207,1791.1743625661284,-0.8776300493316782,0.013146655461375278,-3.552713678800501e-14,35.964718983322406,17.755715188946837,2.0255291662771717,-17.60868647176206,362.2192357253223,-1.1295992344513763,0.00018376121166152615,2.1316282072803006e-14,47.01955972440892,17.408669296271857,2.7009278494639664,-15.793821924068506,216.52420245273615,-2.9046827760033764,-0.07846708089878218,2.3092638912203256e-14,28.477914145929972,18.93285415907137,1.5041532516261023,-15.793821924068563,27.928188838827417,-3.002321129776476,-0.13272361023107515,-3.375077994860476e-14,zz2000_and_cyb,below,64.0,14.0,0.5,315.0,-0.2000971039587392,False
zz2000_and_cyb_below_ma48_days14:scale0.75,39.073544045518524,13.948108015839757,2.801350835621993,-17.60868647176209,18926.658546246374,-0.6682469453246185,-0.009113335767547248,-2.1316282072803006e-14,34.50017635424756,15.556744759703605,2.2176989394087654,-17.608686471762024,1831.946314298709,-0.5907729286864551,-0.00820071789032184,1.0658141036401503e-14,35.98612500054903,18.009882666066893,1.9981321182259484,-17.60868647176205,362.5819586324856,-1.108193217224752,-0.027213286839561812,3.197442310920451e-14,47.436752609143355,17.67034947511032,2.6845395828735974,-15.370743248652651,219.21714189222706,-2.487489891268943,-0.09485534748915114,0.4230786754158782,30.625482790806437,19.09980509824182,1.603444780367187,-15.370743248652662,30.029678642419455,-0.8547524849000112,-0.03343208148999044,0.4230786754158675,zz2000_and_cyb,below,48.0,14.0,0.75,258.0,-0.20024519925907197,False
zz2000_and_cyb_below_ma57_days12:scale0.25,37.21323741128673,13.463319902346205,2.7640461402689915,-17.60868647176207,15256.729921670658,-2.528553579556416,-0.046418031120548875,0.0,33.79086020964752,14.976654608615464,2.256235527406034,-17.608686471762034,1732.5379696572093,-1.3000890732864931,0.03033587010694694,0.0,35.98658803347035,17.338725025848245,2.0755037051353096,-17.60868647176205,362.58980719407407,-1.1077301843034348,0.05015830006979938,3.197442310920451e-14,46.036195967199475,16.951420401965414,2.7157721816551645,-15.539322314142211,210.23659756563328,-3.8880465332128225,-0.063622748707584,0.25449960992631837,34.02923683341423,18.027595132474403,1.8876193182370133,-15.5393223141422,33.35919372345026,2.5490015577077827,0.25074245637983594,0.25449960992632903,zz2000_and_cyb,below,57.0,12.0,0.25,364.0,-0.20032915437855564,False
zz2000_and_cyb_below_ma46_days15:scale0.75,38.92137330480534,13.984002561116638,2.78327847372029,-17.60868647176207,18598.075668269845,-0.8204176860377999,-0.027185697669250608,0.0,34.34896577780886,15.598676887095106,2.202043546797613,-17.60868647176207,1810.356731848637,-0.7419835051251553,-0.02385611050147407,-3.552713678800501e-14,35.78003385629205,18.079739192286496,1.9790127211324582,-17.60868647176208,359.09919627534543,-1.3142843614817323,-0.04633268393305201,0.0,47.9274916941221,17.697100279749343,2.7082115677993395,-15.37089394497606,222.40427957489334,-1.9967508062902013,-0.07118336256340907,0.42292797909246893,30.752365559315997,19.108345521135337,1.609368300636047,-15.37089394497605,30.15382038652623,-0.7278697163904511,-0.027508561221130323,0.4229279790924796,zz2000_and_cyb,below,46.0,15.0,0.75,224.0,-0.20037325494289124,False
zz2000_and_cyb_below_ma45_days15:scale0.75,38.87029640880992,13.988627775817111,2.778706891894506,-17.60868647176205,18488.982502277922,-0.8714945820332218,-0.031757279495034485,2.1316282072803006e-14,34.34896577780886,15.598676887095106,2.202043546797613,-17.60868647176207,1810.356731848637,-0.7419835051251553,-0.02385611050147407,-3.552713678800501e-14,35.78003385629205,18.079739192286496,1.9790127211324582,-17.60868647176208,359.09919627534543,-1.3142843614817323,-0.04633268393305201,0.0,47.9274916941221,17.697100279749343,2.7082115677993395,-15.37089394497606,222.40427957489334,-1.9967508062902013,-0.07118336256340907,0.42292797909246893,30.752365559315997,19.108345521135337,1.609368300636047,-15.37089394497605,30.15382038652623,-0.7278697163904511,-0.027508561221130323,0.4229279790924796,zz2000_and_cyb,below,45.0,15.0,0.75,223.0,-0.20037325494289124,False
zz2000_and_cyb_below_ma65_days22:scale0.25,38.409314842183036,13.883773242789768,2.766489640136558,-17.60868647176205,17531.019841421432,-1.3324761486601062,-0.04397453125298245,2.1316282072803006e-14,34.2246964674348,15.442075512011783,2.2163274904861563,-17.60868647176209,1792.7765811869392,-0.8662528154992089,-0.009572166812930938,-5.684341886080802e-14,35.6760246491886,18.038601347090953,1.97776002488918,-17.60868647176205,357.349506457703,-1.4182935685851845,-0.04758538017633018,3.197442310920451e-14,47.916187562209124,17.567318215009582,2.7275755454392208,-15.793821924068519,222.3306269010407,-2.0080549382031734,-0.05181938492352778,1.0658141036401503e-14,30.87897447914074,19.237345696594577,1.6051577471317668,-15.793821924068563,30.277692143140822,-0.6012607965657075,-0.03171911472541056,-3.375077994860476e-14,zz2000_and_cyb,below,65.0,22.0,0.25,168.0,-0.2003982481589635,False
zz2000_and_cyb_below_ma64_days22:scale0.25,38.409314842183036,13.883773242789768,2.766489640136558,-17.60868647176205,17531.019841421432,-1.3324761486601062,-0.04397453125298245,2.1316282072803006e-14,34.2246964674348,15.442075512011783,2.2163274904861563,-17.60868647176209,1792.7765811869392,-0.8662528154992089,-0.009572166812930938,-5.684341886080802e-14,35.6760246491886,18.038601347090953,1.97776002488918,-17.60868647176205,357.349506457703,-1.4182935685851845,-0.04758538017633018,3.197442310920451e-14,47.916187562209124,17.567318215009582,2.7275755454392208,-15.793821924068519,222.3306269010407,-2.0080549382031734,-0.05181938492352778,1.0658141036401503e-14,30.87897447914074,19.237345696594577,1.6051577471317668,-15.793821924068563,30.277692143140822,-0.6012607965657075,-0.03171911472541056,-3.375077994860476e-14,zz2000_and_cyb,below,64.0,22.0,0.25,167.0,-0.2003982481589635,False
zz2000_and_cyb_below_ma55_days20:scale0.00,37.851687764809384,13.926603806420495,2.7179410207217107,-17.721104274447008,16434.05352461573,-1.8901032260337587,-0.09252315066782968,-0.11241780268493784,33.80177223153784,15.496561162335146,2.1812434305550354,-17.72110427444702,1734.031708361449,-1.2891770513961731,-0.044656226744051786,-0.11241780268498403,35.759276217729344,18.12541859004689,1.9728800215055795,-17.721104274447054,358.74957527617255,-1.3350420000444387,-0.05246538355993069,-0.11241780268497337,48.755853190921705,17.834420331715066,2.7338064419295343,-15.79382192406853,227.83204940237613,-1.1683893094905926,-0.04558848843321428,0.0,31.48023527570645,19.23188970976682,1.6368768618571774,-15.79382192406853,30.86592630275138,0.0,0.0,0.0,zz2000_and_cyb,below,55.0,20.0,0.0,170.0,-0.20214716885160883,False
zz2000_and_cyb_below_ma54_days20:scale0.00,37.851687764809384,13.926603806420495,2.7179410207217107,-17.721104274447008,16434.05352461573,-1.8901032260337587,-0.09252315066782968,-0.11241780268493784,33.80177223153784,15.496561162335146,2.1812434305550354,-17.72110427444702,1734.031708361449,-1.2891770513961731,-0.044656226744051786,-0.11241780268498403,35.759276217729344,18.12541859004689,1.9728800215055795,-17.721104274447054,358.74957527617255,-1.3350420000444387,-0.05246538355993069,-0.11241780268497337,48.755853190921705,17.834420331715066,2.7338064419295343,-15.79382192406853,227.83204940237613,-1.1683893094905926,-0.04558848843321428,0.0,31.48023527570645,19.23188970976682,1.6368768618571774,-15.79382192406853,30.86592630275138,0.0,0.0,0.0,zz2000_and_cyb,below,54.0,20.0,0.0,170.0,-0.20214716885160883,False
zz2000_and_cyb_below_ma65_days11:scale0.75,38.47553995128714,13.76720082989668,2.7947249718137432,-17.60868647176206,17665.736169230946,-1.2662510395560034,-0.01573919957579717,1.0658141036401503e-14,34.042856710533954,15.33215850676249,2.220356428973704,-17.608686471762024,1767.3143702987336,-1.0480925724000585,-0.0055432283253833425,1.0658141036401503e-14,35.88752150019205,17.77417255164203,2.0190825421505574,-17.60868647176206,360.91301961502006,-1.2067967175817316,-0.006262862914952816,2.1316282072803006e-14,47.2761051932884,17.373905182336014,2.721098376970184,-15.851347657743498,218.17838064087897,-2.6481373071238963,-0.058296553392564565,-0.05752573367496794,30.480941872608526,18.880447987424787,1.6144183598244162,-15.851347657743508,29.88825770003123,-0.9992934030979228,-0.02245850203276123,-0.057525733674978596,zz2000_and_cyb,below,65.0,11.0,0.75,410.0,-0.2025673050266478,False
zz2000_and_cyb_below_ma56_days22:scale0.25,38.226815143480984,13.963198037637476,2.737683376003226,-17.622737624550577,17164.712969710687,-1.5149758473621588,-0.07278079538631443,-0.014051152788507437,34.09016894900405,15.55017188505246,2.192269590394244,-17.62273762455051,1773.909450352989,-1.00078033392996,-0.03363006690484305,-0.014051152788475463,35.838440802494674,18.196171086676387,1.9695594546666095,-17.622737624550545,360.08408760776297,-1.2558774152791088,-0.05578595039890066,-0.014051152788464805,48.467402647416336,17.855327286357298,2.7144505317720373,-15.79382192406854,225.93515551543254,-1.4568398529959623,-0.06494439859071122,-1.0658141036401503e-14,31.48023527570645,19.23188970976682,1.6368768618571774,-15.79382192406853,30.86592630275138,0.0,0.0,0.0,zz2000_and_cyb,below,56.0,22.0,0.25,147.0,-0.20271076846629277,False
zz2000_and_cyb_below_ma56_days14:scale0.50,38.57137299905755,13.7725943297366,2.8005887689422146,-17.60868647176206,17862.390376081457,-1.170417991785591,-0.009875402447325765,1.0658141036401503e-14,34.44864784680022,15.360969499470526,2.2426089608463595,-17.608686471762024,1824.5646278336917,-0.642301436133792,0.01670930354727229,1.0658141036401503e-14,36.187469457604074,17.884677923822633,2.023378313645887,-17.608686471762034,366.004868657939,-0.9068487601697086,-0.001967091419623035,4.618527782440651e-14,46.8436066680751,17.66868998187026,2.6512212685909966,-15.245302687262818,215.39299089210093,-3.080635832337201,-0.12817366177175193,0.5485192368057117,28.489695492046387,19.045374767945034,1.4958852655394808,-15.245302687262807,27.939719031710418,-2.9905397836600613,-0.14099159631769664,0.5485192368057223,zz2000_and_cyb,below,56.0,14.0,0.5,293.0,-0.20457634390769153,False
zz2000_and_cyb_below_ma56_days15:scale0.25,38.08097896565883,13.756522202589782,2.768212663407744,-17.60868647176207,16877.135702942236,-1.6608120251843133,-0.04225150798179644,0.0,34.33751288816445,15.344243148813137,2.237810790349762,-17.608686471762102,1808.730387733129,-0.7534363947695653,0.011911133050674927,-6.750155989720952e-14,35.84652582064463,17.911509595642052,2.0013123756674447,-17.60868647176206,360.2205547711568,-1.2477923971291531,-0.02403302939806551,2.1316282072803006e-14,47.44838076941302,17.71694710621578,2.6781352613942344,-15.560738471188163,219.292418137191,-2.475861730999277,-0.10125966896851413,0.2330834528803667,29.595497411240945,19.2039911804453,1.5411117997896668,-15.560738471188195,29.021867302156657,-1.884737864465503,-0.09576506206751056,0.23308345288033472,zz2000_and_cyb,below,56.0,15.0,0.25,266.0,-0.20496009992792796,False
zz2000_and_cyb_below_ma65_days19:scale0.00,37.50577866026086,13.821482689542087,2.713585763750173,-17.72110427444702,15786.079350894755,-2.236012330582284,-0.09687840763936739,-0.1124178026849485,33.96129718249834,15.366149804075263,2.2101370620174126,-17.721104274447008,1755.9944192660528,-1.1296521004356705,-0.015762595281674674,-0.11241780268497337,35.433959759353485,17.933753595701248,1.9758250591692674,-17.721104274446976,353.29801420466146,-1.6603584584202977,-0.04952034589624277,-0.11241780268489521,48.16281609015929,17.507034249667676,2.7510551132367564,-15.793821924068496,223.94009286357252,-1.7614264102530086,-0.028339817125992095,3.375077994860476e-14,30.678865655237075,19.240338241132374,1.594507605362737,-15.793821924068506,30.081908538271595,-0.801369620469373,-0.042369256494440455,2.3092638912203256e-14,zz2000_and_cyb,below,65.0,19.0,0.0,216.0,-0.2049601246759873,False
zz2000_and_cyb_below_ma64_days19:scale0.00,37.50577866026086,13.821482689542087,2.713585763750173,-17.72110427444702,15786.079350894755,-2.236012330582284,-0.09687840763936739,-0.1124178026849485,33.96129718249834,15.366149804075263,2.2101370620174126,-17.721104274447008,1755.9944192660528,-1.1296521004356705,-0.015762595281674674,-0.11241780268497337,35.433959759353485,17.933753595701248,1.9758250591692674,-17.721104274446976,353.29801420466146,-1.6603584584202977,-0.04952034589624277,-0.11241780268489521,48.16281609015929,17.507034249667676,2.7510551132367564,-15.793821924068496,223.94009286357252,-1.7614264102530086,-0.028339817125992095,3.375077994860476e-14,30.678865655237075,19.240338241132374,1.594507605362737,-15.793821924068506,30.081908538271595,-0.801369620469373,-0.042369256494440455,2.3092638912203256e-14,zz2000_and_cyb,below,64.0,19.0,0.0,215.0,-0.2049601246759873,False
zz2000_and_cyb_below_ma55_days22:scale0.25,38.48733699061366,13.970758266303,2.754849540518057,-17.622737624550545,17689.834914924904,-1.2544540002294795,-0.05561463087148333,-0.014051152788475463,34.04476853768021,15.550971458208199,2.189237413827965,-17.62273762455051,1767.5804635572547,-1.0461807452537997,-0.036662243471122125,-0.014051152788475463,35.838440802494674,18.196171086676387,1.9695594546666095,-17.622737624550545,360.08408760776297,-1.2558774152791088,-0.05578595039890066,-0.014051152788464805,48.467402647416336,17.855327286357298,2.7144505317720373,-15.79382192406854,225.93515551543254,-1.4568398529959623,-0.06494439859071122,-1.0658141036401503e-14,31.48023527570645,19.23188970976682,1.6368768618571774,-15.79382192406853,30.86592630275138,0.0,0.0,0.0,zz2000_and_cyb,below,55.0,22.0,0.25,142.0,-0.2055888690891475,False
zz2000_and_cyb_below_ma54_days22:scale0.25,38.48733699061366,13.970758266303,2.754849540518057,-17.622737624550545,17689.834914924904,-1.2544540002294795,-0.05561463087148333,-0.014051152788475463,34.04476853768021,15.550971458208199,2.189237413827965,-17.62273762455051,1767.5804635572547,-1.0461807452537997,-0.036662243471122125,-0.014051152788475463,35.838440802494674,18.196171086676387,1.9695594546666095,-17.622737624550545,360.08408760776297,-1.2558774152791088,-0.05578595039890066,-0.014051152788464805,48.467402647416336,17.855327286357298,2.7144505317720373,-15.79382192406854,225.93515551543254,-1.4568398529959623,-0.06494439859071122,-1.0658141036401503e-14,31.48023527570645,19.23188970976682,1.6368768618571774,-15.79382192406853,30.86592630275138,0.0,0.0,0.0,zz2000_and_cyb,below,54.0,22.0,0.25,142.0,-0.2055888690891475,False
zz2000_and_cyb_below_ma48_days12:scale0.25,37.687197198879275,13.542908771411504,2.7827993110634637,-17.60868647176206,16122.893436793373,-2.0545937919638675,-0.027664860326076735,1.0658141036401503e-14,33.958999090531286,15.075064869627639,2.2526602296053726,-17.60868647176207,1755.6763550034966,-1.1319501924027264,0.02676057230628537,-3.552713678800501e-14,36.12658212027178,17.27009854944825,2.091857323039188,-17.60868647176207,364.9676393546925,-0.9677360975020051,0.06651191797367773,1.0658141036401503e-14,45.306055675657305,16.84088216745613,2.690242424663965,-14.76605485970942,205.62226139148984,-4.618186824754993,-0.08915250569878364,1.027767064359109,38.61069705409359,17.874186003453556,2.1601373649481683,-14.76605485970942,37.83845067470048,7.130461778387144,0.5232605030909909,1.027767064359109,zz2000_and_cyb,below,48.0,12.0,0.25,315.0,-0.2068504744733053,False
zz2000_and_cyb_below_ma47_days21:scale0.00,38.21113517037189,14.015511949549314,2.7263460163223376,-19.683207597414064,17133.57570456496,-1.530655820471253,-0.08411815506720277,-2.0745211256519944,34.1854987452614,15.619531585872181,2.188637895913734,-19.68320759741409,1787.2616341422465,-0.9054505376726141,-0.03726176138535342,-2.074521125652055,35.634648995158024,18.16124246346537,1.9621261632756446,-19.683207597414064,356.6549502637847,-1.4596692226157586,-0.0632192417898656,-2.0745211256519838,49.73223870573123,17.83413130858212,2.788598886327541,-15.483229843164715,234.30740920091847,-0.19200379468107087,0.00920395596479251,0.31059208090381496,31.9736551039286,19.269479948132854,1.6592899855103116,-15.483229843164715,31.34862153127873,0.4934198282221516,0.022413123653134193,0.31059208090381496,zz2000_and_cyb,below,47.0,21.0,0.0,121.0,-0.20737959874878514,False
zz2000_and_cyb_below_ma46_days21:scale0.00,38.21113517037189,14.015511949549314,2.7263460163223376,-19.683207597414064,17133.57570456496,-1.530655820471253,-0.08411815506720277,-2.0745211256519944,34.1854987452614,15.619531585872181,2.188637895913734,-19.68320759741409,1787.2616341422465,-0.9054505376726141,-0.03726176138535342,-2.074521125652055,35.634648995158024,18.16124246346537,1.9621261632756446,-19.683207597414064,356.6549502637847,-1.4596692226157586,-0.0632192417898656,-2.0745211256519838,49.73223870573123,17.83413130858212,2.788598886327541,-15.483229843164715,234.30740920091847,-0.19200379468107087,0.00920395596479251,0.31059208090381496,31.9736551039286,19.269479948132854,1.6592899855103116,-15.483229843164715,31.34862153127873,0.4934198282221516,0.022413123653134193,0.31059208090381496,zz2000_and_cyb,below,46.0,21.0,0.0,114.0,-0.20737959874878514,False
zz2000_and_cyb_below_ma47_days14:scale0.75,39.037810823940134,13.947532330974674,2.798904487014164,-17.60868647176207,18849.017078101915,-0.7039801669030084,-0.011559684375376467,0.0,34.47259093156268,15.556876135773761,2.215907013124013,-17.60868647176209,1827.9914178316833,-0.6183583513713344,-0.009992644175074172,-5.684341886080802e-14,35.972960457910894,18.00961450732498,1.9974308968845365,-17.60868647176207,362.3588597965046,-1.1213577598628888,-0.02791450818097374,1.0658141036401503e-14,47.36277189308142,17.670931642800124,2.6802645638878357,-15.370743248652662,218.7384957390308,-2.5614706073308753,-0.0991303664749128,0.4230786754158675,30.625482790806437,19.09980509824182,1.603444780367187,-15.370743248652662,30.029678642419455,-0.8547524849000112,-0.03343208148999044,0.4230786754158675,zz2000_and_cyb,below,47.0,14.0,0.75,256.0,-0.20750692930008569,False
zz2000_and_cyb_below_ma55_days15:scale0.25,38.34122594926097,13.764203612140088,2.785575324927905,-17.60868647176207,17393.51072406975,-1.400565041582169,-0.02488884646163525,0.0,34.292028730831035,15.345054840680536,2.2347283269344267,-17.60868647176205,1802.2837958669627,-0.7989205521029774,0.008828669635339459,-1.4210854715202004e-14,35.84652582064463,17.911509595642052,2.0013123756674447,-17.60868647176206,360.2205547711568,-1.2477923971291531,-0.02403302939806551,2.1316282072803006e-14,47.44838076941302,17.71694710621578,2.6781352613942344,-15.560738471188163,219.292418137191,-2.475861730999277,-0.10125966896851413,0.2330834528803667,29.595497411240945,19.2039911804453,1.5411117997896668,-15.560738471188195,29.021867302156657,-1.884737864465503,-0.09576506206751056,0.23308345288033472,zz2000_and_cyb,below,55.0,15.0,0.25,262.0,-0.20786585635559698,False
zz2000_and_cyb_below_ma57_days19:scale0.00,37.4268685739147,13.912697723607021,2.69012303130894,-17.608686471762034,15641.633071629843,-2.3149224169284395,-0.12034114008060026,3.552713678800501e-14,34.03489016280605,15.49042549946723,2.197156570294123,-17.60868647176206,1766.2059319541424,-1.056059120127962,-0.028743087004964085,-2.4868995751603507e-14,35.88545320684826,18.111439989107947,1.981369412284691,-17.60868647176206,360.87806379196377,-1.2088650109255212,-0.043975992780819206,2.1316282072803006e-14,48.22005375126701,17.837403152306884,2.7033113138461964,-15.79382192406853,224.31438152759625,-1.7041887491452883,-0.07608361651655215,0.0,30.678865655237075,19.240338241132374,1.594507605362737,-15.793821924068506,30.081908538271595,-0.801369620469373,-0.042369256494440455,2.3092638912203256e-14,zz2000_and_cyb,below,57.0,19.0,0.0,192.0,-0.20804000335748496,False
zz2000_and_cyb_below_ma48_days13:scale0.25,38.01307510939191,13.617162204947627,2.791556312340932,-17.60868647176208,16744.77207616239,-1.7287158814512296,-0.018907859048608255,-1.0658141036401503e-14,34.117755800071706,15.172637442439626,2.2486371225506505,-17.60868647176207,1777.764581075905,-0.9731934828623068,0.022737465251563282,-3.552713678800501e-14,35.77548666186381,17.419274179489488,2.053787447928688,-17.60868647176208,359.0225896479053,-1.3188315559099735,0.028442042863177974,0.0,45.96391812348366,17.03229191169319,2.6986337694181968,-14.766054859709444,209.77776286162825,-3.9603243769286394,-0.08076116094455177,1.027767064359086,36.0793977246729,18.31548026405522,1.9698854304945523,-14.76605485970942,35.36393825139932,4.599162448966453,0.33300856863737494,1.027767064359109,zz2000_and_cyb,below,48.0,13.0,0.25,284.0,-0.20820174726294488,False
zz2000_and_cyb_below_ma46_days14:scale0.75,39.022174042831416,13.948278220532947,2.797633759942338,-17.608686471762034,18815.134818846698,-0.7196169480117263,-0.012830411447202206,3.552713678800501e-14,34.45728427391281,15.5577636120289,2.2147967492751497,-17.60868647176206,1825.800060894228,-0.6336650090212004,-0.011102908023937541,-2.4868995751603507e-14,35.972960457910894,18.00961450732498,1.9974308968845365,-17.60868647176207,362.3588597965046,-1.1213577598628888,-0.02791450818097374,1.0658141036401503e-14,47.36277189308142,17.670931642800124,2.6802645638878357,-15.370743248652662,218.7384957390308,-2.5614706073308753,-0.0991303664749128,0.4230786754158675,30.625482790806437,19.09980509824182,1.603444780367187,-15.370743248652662,30.029678642419455,-0.8547524849000112,-0.03343208148999044,0.4230786754158675,zz2000_and_cyb,below,46.0,14.0,0.75,248.0,-0.20852126095401272,False
zz2000_and_cyb_below_ma45_days14:scale0.75,39.03367604861878,13.948677870824074,2.798378198285305,-17.60868647176208,18840.05219220173,-0.7081149422243627,-0.012085973104235315,-1.0658141036401503e-14,34.45728427391281,15.5577636120289,2.2147967492751497,-17.60868647176206,1825.800060894228,-0.6336650090212004,-0.011102908023937541,-2.4868995751603507e-14,35.972960457910894,18.00961450732498,1.9974308968845365,-17.60868647176207,362.3588597965046,-1.1213577598628888,-0.02791450818097374,1.0658141036401503e-14,47.36277189308142,17.670931642800124,2.6802645638878357,-15.370743248652662,218.7384957390308,-2.5614706073308753,-0.0991303664749128,0.4230786754158675,30.625482790806437,19.09980509824182,1.603444780367187,-15.370743248652662,30.029678642419455,-0.8547524849000112,-0.03343208148999044,0.4230786754158675,zz2000_and_cyb,below,45.0,14.0,0.75,247.0,-0.20852126095401272,False
zz2000_and_cyb_below_ma50_days11:scale0.25,36.960844627631985,13.359208291575383,2.766694239728287,-17.779565102440486,14813.357522583377,-2.7809463632111573,-0.0437699316612532,-0.17087863067841624,33.12953185411354,14.839449096268803,2.232531116161418,-17.779565102440497,1644.0269493968767,-1.961417428820475,0.006631458862330852,-0.17087863067846243,35.716199107291246,17.055579951890543,2.094106398494661,-17.779565102440486,358.02470638884057,-1.3781191104825368,0.06876099342915065,-0.17087863067840559,45.77458264213157,16.571265281980764,2.762286516039657,-14.76605485970942,208.57796363376187,-4.149659858280728,-0.017108414323091736,1.027767064359109,41.1404270751446,17.783233475954948,2.313439067803466,-14.76605485970942,40.31065652758357,9.660191799438152,0.6765622059462888,1.027767064359109,zz2000_and_cyb,below,50.0,11.0,0.25,373.0,-0.2094525717270888,False
zz2000_and_cyb_below_ma55_days10:scale0.75,38.37980815090003,13.742146977896837,2.7928538541052523,-17.64027121269425,17471.305614640216,-1.36198283994311,-0.01761031728428808,-0.031584740932178335,33.8489436967528,15.292910291225464,2.2133748941281723,-17.64027121269425,1740.5015900440962,-1.2420055861812145,-0.012524763170914888,-0.03158474093221386,35.87362544120869,17.706878940593114,2.025971124644006,-17.64027121269418,360.67820573351463,-1.2206927765650946,0.0006257195784957759,-0.031584740932100175,47.02742930436461,17.289983210420722,2.7199233644148966,-15.438125768861589,216.5748593864734,-2.896813196047688,-0.05947156594785197,0.35569615520694065,31.66188361645659,18.599649284279163,1.702283905063625,-15.438125768861577,31.043630071742978,0.18164834075014014,0.06540704320644752,0.3556961552069531,zz2000_and_cyb,below,55.0,10.0,0.75,427.0,-0.21120764793016683,False
zz2000_and_cyb_below_ma54_days10:scale0.75,38.33436180189133,13.746376469268748,2.7886884872963598,-17.640271212694213,17379.704126312892,-1.4074291889518094,-0.021775684093180647,-0.03158474093214281,33.79808945845944,15.299567521742183,2.2090878981009783,-17.640271212694202,1733.5274537954422,-1.2928598244745757,-0.016811759198108955,-0.031584740932167676,35.89320273722403,17.70615316420393,2.027159846882404,-17.64027121269418,361.0090480011533,-1.2011154805497526,0.0018144418168937193,-0.031584740932100175,47.06273831225878,17.288699006637547,2.7221677174315,-15.438125768861589,216.80221189209038,-2.8615041881535177,-0.05722721293124833,0.35569615520694065,31.75808512373246,18.59623634466388,1.7077694935214849,-15.438125768861589,31.137740822355518,0.27784984802601187,0.07089263166430748,0.35569615520694065,zz2000_and_cyb,below,54.0,10.0,0.75,427.0,-0.21123921482823005,False
zz2000_and_cyb_below_ma53_days10:scale0.75,38.39463132472653,13.74985277907006,2.7923667214219634,-17.640271212694223,17501.280311324474,-1.3471596661166103,-0.018097449967577006,-0.031584740932153466,33.79808945845944,15.299567521742183,2.2090878981009783,-17.640271212694202,1733.5274537954422,-1.2928598244745757,-0.016811759198108955,-0.031584740932167676,35.89320273722403,17.70615316420393,2.027159846882404,-17.64027121269418,361.0090480011533,-1.2011154805497526,0.0018144418168937193,-0.031584740932100175,47.06273831225878,17.288699006637547,2.7221677174315,-15.438125768861589,216.80221189209038,-2.8615041881535177,-0.05722721293124833,0.35569615520694065,31.75808512373246,18.59623634466388,1.7077694935214849,-15.438125768861589,31.137740822355518,0.27784984802601187,0.07089263166430748,0.35569615520694065,zz2000_and_cyb,below,53.0,10.0,0.75,421.0,-0.21123921482823005,False
zz2000_and_cyb_below_ma52_days11:scale0.25,36.82545377079307,13.350246964370447,2.7584099282263455,-17.779565102440475,14580.491814995543,-2.9163372200500746,-0.05205424316319496,-0.17087863067840559,32.7823819993115,14.823813140205825,2.2114675683814187,-17.779565102440543,1599.121994682665,-2.3085672836225157,-0.014432088917668562,-0.17087863067850861,35.84075225779411,17.052564543172014,2.101780771276719,-17.779565102440543,360.1230994001688,-1.2535659599796745,0.07643536621120894,-0.17087863067846243,45.93127721418087,16.564951647284047,2.7727987495642132,-14.7660548597094,209.5706997359418,-3.9929652862314313,-0.0065961807985353005,1.0277670643591303,41.1404270751446,17.783233475954948,2.313439067803466,-14.76605485970942,40.31065652758357,9.660191799438152,0.6765622059462888,1.027767064359109,zz2000_and_cyb,below,52.0,11.0,0.25,378.0,-0.21146186781851842,False
zz2000_and_cyb_below_ma47_days13:scale0.25,37.968625851548325,13.61306728950871,2.7891308434808004,-17.608686471762102,16658.6524374,-1.773165139294818,-0.021333327908739985,-3.197442310920451e-14,34.07516120912262,15.166587876332581,2.2467255975417393,-17.60868647176206,1771.8151830823426,-1.0157880738113931,0.020825940242652052,-2.4868995751603507e-14,35.94884269887684,17.408364364335256,2.0650327593398554,-17.60868647176205,361.95036047288954,-1.1454755188969443,0.03968735427434522,3.197442310920451e-14,45.74413846911823,17.034727870582234,2.685346007089148,-14.76605485970941,208.38533117867607,-4.180104031294071,-0.0940489232736006,1.0277670643591197,36.0793977246729,18.31548026405522,1.9698854304945523,-14.76605485970942,35.36393825139932,4.599162448966453,0.33300856863737494,1.027767064359109,zz2000_and_cyb,below,47.0,13.0,0.25,283.0,-0.21308139956214647,False
zz2000_and_cyb_below_ma57_days10:scale0.75,38.299453849769364,13.731370367420764,2.78919385501677,-17.640271212694202,17309.64788901319,-1.4423371410737786,-0.021270316372770548,-0.03158474093213215,33.8746143941526,15.282358090784662,2.2165829509373403,-17.64027121269428,1744.0311210624448,-1.216334888781411,-0.009316706361746974,-0.031584740932245836,35.82032034512914,17.68847296549919,2.0250657258540943,-17.640271212694202,359.7783495713031,-1.2739978726446424,-0.00027967921141591745,-0.03158474093212149,46.94668254600669,17.257000917944342,2.720442721724036,-15.4381257688616,216.05534418622508,-2.9775599544056064,-0.058952208638712644,0.35569615520693,31.174226341973245,18.50271294362691,1.684846240492042,-15.438125768861621,30.566552981539942,-0.30600893373320304,0.0479693786348645,0.35569615520690867,zz2000_and_cyb,below,57.0,10.0,0.75,439.0,-0.21371833424928752,False
zz2000_and_cyb_below_ma58_days14:scale0.25,38.050115872666225,13.61052974938029,2.7956381252830154,-17.60868647176207,16816.854521232344,-1.6916751181769172,-0.014826046106525048,0.0,34.22888238402977,15.15767094944184,2.2581887743967815,-17.60868647176206,1793.3663774494075,-0.8620668989042457,0.03228911709769422,-2.4868995751603507e-14,36.071421314956375,17.585365363599482,2.051218190190224,-17.608686471762034,364.0295567394981,-1.0228969028174077,0.025872785124713804,4.618527782440651e-14,45.95313186353553,17.27661668102207,2.6598455422127816,-14.970349556172913,209.70932820474698,-3.971110636876766,-0.11954938814996696,0.8234723678956168,28.2453718357643,18.871976548376242,1.4966832839877893,-14.970349556172868,27.700600130912136,-3.234863439942149,-0.14019357786938813,0.8234723678956613,zz2000_and_cyb,below,58.0,14.0,0.25,317.0,-0.21487656646229011,False
zz2000_and_cyb_below_ma63_days11:scale0.75,38.41989903612779,13.768287677801302,2.7904631233172474,-17.60868647176206,17552.48593051839,-1.3218919547153547,-0.02000104807229297,1.0658141036401503e-14,33.95708088855367,15.333658994264871,2.2145451976761956,-17.60868647176205,1755.410906452757,-1.1338683943803431,-0.01135445962289161,-1.4210854715202004e-14,35.76530592078182,17.765860007243937,2.013148021328475,-17.608686471762013,358.8511116530575,-1.3290122969919622,-0.01219738373703505,6.750155989720952e-14,47.2761051932884,17.373905182336014,2.721098376970184,-15.851347657743498,218.17838064087897,-2.6481373071238963,-0.058296553392564565,-0.05752573367496794,30.480941872608526,18.880447987424787,1.6144183598244162,-15.851347657743508,29.88825770003123,-0.9992934030979228,-0.02245850203276123,-0.057525733674978596,zz2000_and_cyb,below,63.0,11.0,0.75,403.0,-0.21529100102520923,False
zz2000_and_cyb_below_ma47_days12:scale0.25,37.64466249559819,13.538165903612978,2.7806323813443465,-17.60868647176208,16043.330010511147,-2.0971284952449523,-0.029831790045193873,-1.0658141036401503e-14,33.843579526698434,15.069028132243279,2.2459032679276207,-17.608686471762013,1739.7648247031907,-1.247369756235578,0.020003610628533508,2.1316282072803006e-14,36.313189992084375,17.25740505265437,2.1042091717317035,-17.60868647176205,368.1523979022223,-0.7811282256894074,0.07886376666619332,3.197442310920451e-14,45.0872665728147,16.843327841434665,2.6768621377718373,-14.76605485970942,204.2485084279259,-4.836975927597599,-0.10253279259091119,1.027767064359109,38.61069705409359,17.874186003453556,2.1601373649481683,-14.76605485970942,37.83845067470048,7.130461778387144,0.5232605030909909,1.027767064359109,zz2000_and_cyb,below,47.0,12.0,0.25,315.0,-0.2153321044130215,False
zz2000_and_cyb_below_ma45_days13:scale0.25,37.98934038502597,13.614400844799023,2.790379159398606,-17.60868647176206,16698.735005456663,-1.7524506058171738,-0.020085011990934376,1.0658141036401503e-14,34.0294329382671,15.16906362413363,2.243344334328393,-17.608686471762024,1765.4469740633442,-1.061516344666913,0.017444677029305744,1.0658141036401503e-14,35.94884269887684,17.408364364335256,2.0650327593398554,-17.60868647176205,361.95036047288954,-1.1454755188969443,0.03968735427434522,3.197442310920451e-14,45.74413846911823,17.034727870582234,2.685346007089148,-14.76605485970941,208.38533117867607,-4.180104031294071,-0.0940489232736006,1.0277670643591197,36.0793977246729,18.31548026405522,1.9698854304945523,-14.76605485970942,35.36393825139932,4.599162448966453,0.33300856863737494,1.027767064359109,zz2000_and_cyb,below,45.0,13.0,0.25,274.0,-0.21614387929448448,False
zz2000_and_cyb_below_ma46_days13:scale0.25,37.97111496589083,13.614254586967366,2.789070435206916,-17.60868647176206,16663.46412480313,-1.7706760249523157,-0.021393736182624412,1.0658141036401503e-14,34.0294329382671,15.16906362413363,2.243344334328393,-17.608686471762024,1765.4469740633442,-1.061516344666913,0.017444677029305744,1.0658141036401503e-14,35.94884269887684,17.408364364335256,2.0650327593398554,-17.60868647176205,361.95036047288954,-1.1454755188969443,0.03968735427434522,3.197442310920451e-14,45.74413846911823,17.034727870582234,2.685346007089148,-14.76605485970941,208.38533117867607,-4.180104031294071,-0.0940489232736006,1.0277670643591197,36.0793977246729,18.31548026405522,1.9698854304945523,-14.76605485970942,35.36393825139932,4.599162448966453,0.33300856863737494,1.027767064359109,zz2000_and_cyb,below,46.0,13.0,0.25,275.0,-0.21614387929448448,False
zz2000_and_cyb_below_ma59_days20:scale0.25,37.93420476295397,13.850187705162348,2.738894632367679,-17.608686471762024,16592.24586833349,-1.8075862278891748,-0.07156953902186158,4.618527782440651e-14,33.96906302579381,15.39808259298782,2.2060579829116573,-17.608686471762024,1757.0696031825,-1.1218862571402042,-0.019841674387429897,1.0658141036401503e-14,35.516524299310845,17.936692678119645,1.9801044114802857,-17.60868647176206,354.6766775232554,-1.5777939184629375,-0.04524099358522449,2.1316282072803006e-14,47.99002643948758,17.498122151106426,2.7425815196091263,-16.225939791437327,222.8119304154224,-1.9342160609247188,-0.03681341075362221,-0.4321178673687971,30.195685376783878,19.242710719838666,1.5692012324257942,-16.225939791437405,29.609150715647647,-1.2845498989225703,-0.06767562943138317,-0.43211786736887525,zz2000_and_cyb,below,59.0,20.0,0.25,202.0,-0.21616733370328767,False
zz2000_and_cyb_below_ma60_days20:scale0.25,37.93420476295397,13.850187705162348,2.738894632367679,-17.608686471762024,16592.24586833349,-1.8075862278891748,-0.07156953902186158,4.618527782440651e-14,33.96906302579381,15.39808259298782,2.2060579829116573,-17.608686471762024,1757.0696031825,-1.1218862571402042,-0.019841674387429897,1.0658141036401503e-14,35.516524299310845,17.936692678119645,1.9801044114802857,-17.60868647176206,354.6766775232554,-1.5777939184629375,-0.04524099358522449,2.1316282072803006e-14,47.99002643948758,17.498122151106426,2.7425815196091263,-16.225939791437327,222.8119304154224,-1.9342160609247188,-0.03681341075362221,-0.4321178673687971,30.195685376783878,19.242710719838666,1.5692012324257942,-16.225939791437405,29.609150715647647,-1.2845498989225703,-0.06767562943138317,-0.43211786736887525,zz2000_and_cyb,below,60.0,20.0,0.25,203.0,-0.21616733370328767,False
zz2000_and_cyb_below_ma64_days15:scale0.25,37.98933254252337,13.675682712691598,2.777874665611224,-18.353801492269074,16698.719813248237,-1.7524584483197714,-0.03258950577831632,-0.7451150205070043,34.048158106590606,15.234141767809811,2.2349902361113223,-18.353801492269064,1768.0523167804718,-1.0427911763434068,0.009090578812235073,-0.7451150205070292,35.60134380312212,17.723221358820766,2.008740007380402,-18.353801492269127,356.0964823101667,-1.4929744146516626,-0.01660539768510816,-0.7451150205070469,47.60842463736565,17.372941791041992,2.740377836407302,-15.79382192406854,220.32968126267824,-2.3158178630466466,-0.03901709395544639,-1.0658141036401503e-14,30.493787164890417,19.035216199832252,1.601966946146855,-15.793821924068506,29.900825829825983,-0.9864481108160312,-0.034909915710322315,2.3092638912203256e-14,zz2000_and_cyb,below,64.0,15.0,0.25,290.0,-0.21766202224418446,False
zz2000_and_cyb_below_ma46_days12:scale0.25,37.606038395504314,13.539781195522934,2.777448014295765,-17.60868647176206,15971.39851687572,-2.135752595338829,-0.033016157093775256,1.0658141036401503e-14,33.79793024012161,15.071518164688854,2.2425033676638475,-17.608686471762113,1733.5056560334403,-1.2930190428124035,0.01660371036476027,-7.815970093361102e-14,36.313189992084375,17.25740505265437,2.1042091717317035,-17.60868647176205,368.1523979022223,-0.7811282256894074,0.07886376666619332,3.197442310920451e-14,45.0872665728147,16.843327841434665,2.6768621377718373,-14.76605485970942,204.2485084279259,-4.836975927597599,-0.10253279259091119,1.027767064359109,38.61069705409359,17.874186003453556,2.1601373649481683,-14.76605485970942,37.83845067470048,7.130461778387144,0.5232605030909909,1.027767064359109,zz2000_and_cyb,below,46.0,12.0,0.25,307.0,-0.2184015331422149,False
zz2000_and_cyb_below_ma45_days12:scale0.25,37.63911543442396,13.542114126988558,2.779412068268693,-17.60868647176206,16032.98093412368,-2.102675556419186,-0.031052103120847274,1.0658141036401503e-14,33.79793024012161,15.071518164688854,2.2425033676638475,-17.608686471762113,1733.5056560334403,-1.2930190428124035,0.01660371036476027,-7.815970093361102e-14,36.313189992084375,17.25740505265437,2.1042091717317035,-17.60868647176205,368.1523979022223,-0.7811282256894074,0.07886376666619332,3.197442310920451e-14,45.0872665728147,16.843327841434665,2.6768621377718373,-14.76605485970942,204.2485084279259,-4.836975927597599,-0.10253279259091119,1.027767064359109,38.61069705409359,17.874186003453556,2.1601373649481683,-14.76605485970942,37.83845067470048,7.130461778387144,0.5232605030909909,1.027767064359109,zz2000_and_cyb,below,45.0,12.0,0.25,306.0,-0.2184015331422149,False
zz2000_and_cyb_below_ma57_days17:scale0.25,37.3901423742818,13.864067259288436,2.696910053522116,-17.60868647176206,15574.825707324402,-2.3516486165613415,-0.11355411786742442,1.0658141036401503e-14,33.960144166685865,15.45747007299109,2.1970053318120013,-17.60868647176208,1755.8348315642054,-1.1308051162481476,-0.028894325487085926,-4.618527782440651e-14,35.58982187387121,18.0505526150735,1.9716749194787073,-17.60868647176207,355.90340750319405,-1.5044963439025736,-0.053670485586802874,1.0658141036401503e-14,48.29108246390241,17.75738031971806,2.7194936186774843,-15.966274581127948,224.7792527177277,-1.633160036509885,-0.05990131168526425,-0.17245265705941826,31.521851498309374,19.13553040762388,1.6472943695227074,-15.966274581127937,30.906639181976136,0.041616222602925745,0.010417507665529957,-0.1724526570594076,zz2000_and_cyb,below,57.0,17.0,0.25,228.0,-0.21842424132264604,False
zz2000_and_cyb_below_ma54_days15:scale0.25,38.23654144667186,13.77403130056477,2.775987698322136,-17.60868647176205,17184.05393359764,-1.505249544171285,-0.034476473067404534,2.1316282072803006e-14,34.130207564178015,15.358995301647042,2.222164073487152,-17.60868647176207,1779.5069922433693,-0.9607417187559975,-0.0037355838119350615,-3.552713678800501e-14,35.84652582064463,17.911509595642052,2.0013123756674447,-17.60868647176206,360.2205547711568,-1.2477923971291531,-0.02403302939806551,2.1316282072803006e-14,47.44838076941302,17.71694710621578,2.6781352613942344,-15.560738471188163,219.292418137191,-2.475861730999277,-0.10125966896851413,0.2330834528803667,29.595497411240945,19.2039911804453,1.5411117997896668,-15.560738471188195,29.021867302156657,-1.884737864465503,-0.09576506206751056,0.23308345288033472,zz2000_and_cyb,below,54.0,15.0,0.25,261.0,-0.21900261807882523,False
zz2000_and_cyb_below_ma53_days15:scale0.25,38.23654144667186,13.77403130056477,2.775987698322136,-17.60868647176205,17184.05393359764,-1.505249544171285,-0.034476473067404534,2.1316282072803006e-14,34.130207564178015,15.358995301647042,2.222164073487152,-17.60868647176207,1779.5069922433693,-0.9607417187559975,-0.0037355838119350615,-3.552713678800501e-14,35.84652582064463,17.911509595642052,2.0013123756674447,-17.60868647176206,360.2205547711568,-1.2477923971291531,-0.02403302939806551,2.1316282072803006e-14,47.44838076941302,17.71694710621578,2.6781352613942344,-15.560738471188163,219.292418137191,-2.475861730999277,-0.10125966896851413,0.2330834528803667,29.595497411240945,19.2039911804453,1.5411117997896668,-15.560738471188195,29.021867302156657,-1.884737864465503,-0.09576506206751056,0.23308345288033472,zz2000_and_cyb,below,53.0,15.0,0.25,257.0,-0.21900261807882523,False
zz2000_and_cyb_below_ma51_days13:scale0.00,37.826395830504445,13.505638328607919,2.80078548752337,-17.60868647176209,16385.848682981246,-1.9153951603386972,-0.009678683866170434,-2.1316282072803006e-14,34.19158905357682,15.016846934161382,2.2768820381191595,-17.60868647176206,1788.1175637566737,-0.8993602293571925,0.050982380820072226,-2.4868995751603507e-14,35.703222292022964,17.32145688563709,2.0612135877339504,-17.60868647176207,357.8065219336258,-1.3910959257508182,0.03586818266844016,1.0658141036401503e-14,45.356895334758306,16.908757684811313,2.682449898463043,-14.766054859709444,205.94206803135089,-4.567347165653992,-0.09694503189970538,1.027767064359086,37.590203833869396,18.225664145920884,2.062487464539531,-14.766054859709431,36.84094492627348,6.109968558162947,0.4256106026823534,1.0277670643590984,zz2000_and_cyb,below,51.0,13.0,0.0,307.0,-0.22001820799829913,False
zz2000_and_cyb_below_ma57_days14:scale0.25,38.09938977315382,13.67988892650195,2.785065725156886,-17.60868647176205,16913.191125619123,-1.6424012176893257,-0.025398446232654415,2.1316282072803006e-14,34.305199828812036,15.256779699595455,2.2485216739232112,-17.60868647176209,1804.1485525537996,-0.7857494541219765,0.022622016624123997,-5.684341886080802e-14,36.22657828790727,17.75652035923861,2.0401845381298935,-17.608686471762024,366.6720711487377,-0.8677399298665094,0.014839133064383336,5.684341886080802e-14,46.230176913188494,17.567416737409967,2.6315865106530394,-14.970349556172858,211.47026412106246,-3.694065587223804,-0.14780841970970915,0.8234723678956719,28.2453718357643,18.871976548376242,1.4966832839877893,-14.970349556172868,27.700600130912136,-3.234863439942149,-0.14019357786938813,0.8234723678956613,zz2000_and_cyb,below,57.0,14.0,0.25,300.0,-0.2219398643745077,False
zz2000_and_cyb_below_ma52_days18:scale0.25,38.196542700778146,13.907899240639802,2.746391963292725,-17.60868647176209,17104.645288302414,-1.5452482900649969,-0.06407220809681524,-2.1316282072803006e-14,34.268894371399305,15.483096680660827,2.213310107028066,-17.60868647176207,1799.012424077935,-0.8220549115347069,-0.012589550271021377,-3.552713678800501e-14,35.7486368557679,18.075046092747677,1.977789526639795,-17.608686471762034,358.57045896796694,-1.3456813620058838,-0.04755587842571529,4.618527782440651e-14,47.667863012312054,17.76441467981126,2.6833342877592914,-15.539322314142211,220.715478708341,-2.2563794881002437,-0.09606064260345715,0.25449960992631837,29.85131629619502,19.150640819096466,1.558763311274062,-15.5393223141422,29.2721915418624,-1.628918979511429,-0.07811355058311542,0.25449960992632903,zz2000_and_cyb,below,52.0,18.0,0.25,195.0,-0.22374682055132594,False
zz2000_and_cyb_below_ma52_days21:scale0.25,38.44190430427654,13.969119259401037,2.751920403171133,-18.914963085867743,17597.19382897935,-1.2998866865666017,-0.058543768218407344,-1.3062766141056734,34.1486553319196,15.552965000823157,2.1956363516610655,-18.914963085867743,1782.091116125622,-0.9422939510144133,-0.03026330563802171,-1.306276614105709,35.59172792148115,18.17319626293628,1.9584737547829976,-18.914963085867775,355.9353429365427,-1.502590296292631,-0.06687165028251263,-1.3062766141056947,49.02750955484172,17.850654663668482,2.746538459153973,-15.560738471188163,229.6252068894169,-0.8967329455705766,-0.03285647120877533,0.2330834528803667,31.85051863075006,19.258586878615272,1.6538346676991582,-15.560738471188207,31.22816435539786,0.3702833550436111,0.01695780584198081,0.23308345288032228,zz2000_and_cyb,below,52.0,21.0,0.25,148.0,-0.2248302410669202,False
zz2000_and_cyb_below_ma58_days19:scale0.00,37.325003230048196,13.824441627639992,2.699928448135091,-17.60868647176206,15456.986460649408,-2.4167877607949464,-0.11053572325444927,1.0658141036401503e-14,33.87668196613405,15.364057361635858,2.204930713857156,-17.60868647176208,1744.3156617922739,-1.2142673167999618,-0.02096894344193112,-4.618527782440651e-14,35.56406576207218,17.894167354677805,1.987466924677845,-17.60868647176209,355.4720444693697,-1.5302524557016,-0.03787848038766528,-1.0658141036401503e-14,47.63683294088607,17.466558802455065,2.727316438209359,-15.79382192406853,220.51403285829366,-2.2874095595262247,-0.052078492153389444,0.0,30.678865655237075,19.240338241132374,1.594507605362737,-15.793821924068506,30.081908538271595,-0.801369620469373,-0.042369256494440455,2.3092638912203256e-14,zz2000_and_cyb,below,58.0,19.0,0.0,214.0,-0.22550914802846678,False
zz2000_and_cyb_below_ma61_days19:scale0.00,37.325003230048196,13.824441627639992,2.699928448135091,-17.60868647176206,15456.986460649408,-2.4167877607949464,-0.11053572325444927,1.0658141036401503e-14,33.87668196613405,15.364057361635858,2.204930713857156,-17.60868647176208,1744.3156617922739,-1.2142673167999618,-0.02096894344193112,-4.618527782440651e-14,35.56406576207218,17.894167354677805,1.987466924677845,-17.60868647176209,355.4720444693697,-1.5302524557016,-0.03787848038766528,-1.0658141036401503e-14,47.63683294088607,17.466558802455065,2.727316438209359,-15.79382192406853,220.51403285829366,-2.2874095595262247,-0.052078492153389444,0.0,30.678865655237075,19.240338241132374,1.594507605362737,-15.793821924068506,30.081908538271595,-0.801369620469373,-0.042369256494440455,2.3092638912203256e-14,zz2000_and_cyb,below,61.0,19.0,0.0,215.0,-0.22550914802846678,False
zz2000_and_cyb_below_ma63_days20:scale0.25,38.013324092920776,13.86040615828559,2.7425837063365455,-17.60868647176206,16745.25564326426,-1.7284668979223667,-0.06788046505299494,1.0658141036401503e-14,33.94422513016402,15.418148727366532,2.2015759304432265,-17.608686471762024,1753.6327563360337,-1.1467241527699912,-0.024323726855860706,1.0658141036401503e-14,35.46615515794424,17.971273773067754,1.97349145117887,-17.60868647176206,353.8352151986186,-1.6281630598295393,-0.05185395388664027,2.1316282072803006e-14,47.89836225512225,17.557298275452897,2.7281169063516804,-15.793821924068519,222.21450791540013,-2.025880245290047,-0.05127802401106818,1.0658141036401503e-14,30.87897447914074,19.237345696594577,1.6051577471317668,-15.793821924068563,30.277692143140822,-0.6012607965657075,-0.03171911472541056,-3.375077994860476e-14,zz2000_and_cyb,below,63.0,20.0,0.25,196.0,-0.22602109263906897,False
zz2000_and_cyb_below_ma59_days11:scale0.50,37.29406158315349,13.453149039210501,2.772143642685913,-17.60868647176205,15401.303131274219,-2.44772940768965,-0.03832052870362723,2.1316282072803006e-14,33.22019499076971,14.950010022020727,2.2220851318385595,-17.60868647176207,1655.929034423733,-1.8707542921642997,-0.00381452546052774,-3.552713678800501e-14,35.418257997361,17.246120611076446,2.053694207299778,-17.60868647176205,353.03620463126634,-1.6760602204127792,0.028348802234267723,3.197442310920451e-14,46.086240219492126,16.72122152754829,2.7561527214722217,-14.766054859709431,210.55455368583193,-3.838002280920172,-0.02324220889052686,1.0277670643590984,33.46378465751596,18.010680021588477,1.857996734015853,-14.76605485970942,32.80617578569041,1.9835493818095102,0.22111987215867557,1.027767064359109,zz2000_and_cyb,below,59.0,11.0,0.5,422.0,-0.22791344108279382,False
zz2000_and_cyb_below_ma53_days20:scale0.00,37.810292219236175,13.926379288242178,2.715012383093631,-17.721104274447008,16355.224870230428,-1.931498771606968,-0.09545178829590961,-0.11241780268493784,33.73778158837428,15.496204309613947,2.1771642212695363,-17.72110427444702,1725.287678867724,-1.3531676945597297,-0.04873543602955088,-0.11241780268498403,35.62913279565034,18.12484774446434,1.9657617706903017,-17.721104274447054,356.5624158076857,-1.4651854221234402,-0.05958363437520853,-0.11241780268497337,48.51825851335805,17.83379038095776,2.720580284781411,-15.79382192406853,226.26905946283813,-1.405983987054249,-0.05881464558133764,0.0,31.48023527570645,19.23188970976682,1.6368768618571774,-15.79382192406853,30.86592630275138,0.0,0.0,0.0,zz2000_and_cyb,below,53.0,20.0,0.0,166.0,-0.2291495302584587,False
zz2000_and_cyb_below_ma59_days16:scale0.00,36.821436178972355,13.713310234543297,2.685087374908254,-18.95582529788572,14573.634093867042,-2.920354811870787,-0.1253767964812864,-1.3471388261236505,33.53933837028138,15.260993963444092,2.197716508545964,-18.95582529788571,1698.4093593017287,-1.5516109126526345,-0.028183148753123444,-1.3471388261236754,34.964506880132305,17.74027540713503,1.9709111655656595,-18.955825297885664,345.522457311292,-2.1298113376414776,-0.05443423949985071,-1.347138826123583,48.49755153729065,17.254998658424128,2.8106378039973636,-14.76605485970941,226.1330763756523,-1.4266909631216507,0.031242873634615087,1.0277670643591197,36.15803717404671,18.86908303237245,1.9162583105926627,-14.76605485970942,35.44082529175145,4.677801898340263,0.2793814487354853,1.027767064359109,zz2000_and_cyb,below,59.0,16.0,0.0,271.0,-0.23004337697323085,False
zz2000_and_cyb_below_ma56_days12:scale0.50,37.83878012971673,13.584839903947024,2.7853681307442435,-17.60868647176205,16409.435900701872,-1.9030108611264112,-0.025096040645296913,2.1316282072803006e-14,33.888691106754365,15.117410489303108,2.2416994716610747,-17.608686471762013,1745.9691496566204,-1.2022581761796474,0.01579981436198752,2.1316282072803006e-14,35.76344358677916,17.508971356974868,2.0425782221942153,-17.608686471762034,358.81974921200623,-1.3308746309946216,0.017232817128705058,4.618527782440651e-14,46.23547337282417,17.108327758352626,2.7025127192954956,-15.622737962110689,211.5039938860825,-3.688769127588131,-0.0768822110672529,0.1710839619578408,32.35000229356147,18.392568957163434,1.758862634627338,-15.622737962110644,31.716767958128965,0.8697670178550183,0.12198577277016054,0.17108396195788522,zz2000_and_cyb,below,56.0,12.0,0.5,357.0,-0.2302583873849077,False
zz2000_and_cyb_below_ma58_days15:scale0.25,37.87630947614715,13.672121081703859,2.7703316295840543,-17.60868647176209,16481.107826495834,-1.8654815146959933,-0.04013254180548609,-2.1316282072803006e-14,34.02049963117473,15.223520690967906,2.234732708798369,-17.608686471762113,1764.205183046709,-1.070449651759283,0.008833051499281819,-7.815970093361102e-14,35.535684787905254,17.691634175199226,2.0086151700853314,-17.60868647176209,354.9970981380366,-1.5586334298685287,-0.016730234980178782,-1.0658141036401503e-14,46.88693302298137,17.343770680491506,2.7033875093678668,-15.56073847118814,215.67128821997525,-3.037309477430931,-0.07600742099488178,0.23308345288038979,30.86129241936795,19.062236995862378,1.618975381854011,-15.560738471188174,30.26039247574499,-0.6189428563384993,-0.017901480003166492,0.23308345288035603,zz2000_and_cyb,below,58.0,15.0,0.25,291.0,-0.2302621244885429,False
zz2000_and_cyb_below_ma58_days10:scale0.75,38.25386086816059,13.714668546892225,2.7892661596133865,-17.640271212694238,17218.54425714704,-1.487930122682556,-0.02119801177615388,-0.031584740932167676,33.80432576611039,15.258421259452657,2.2154536954580712,-17.64027121269427,1734.3814180084785,-1.2866235168236244,-0.010445961841015983,-0.03158474093223518,35.6969675620701,17.646589455451114,2.0228819655031494,-17.64027121269425,357.70138829889316,-1.3973506557036828,-0.0024634395623608363,-0.031584740932167676,46.724465438000976,17.185076658573532,2.7188977021345093,-15.43812576886161,214.62855532467424,-3.1997770624113215,-0.06049722822823922,0.35569615520691933,31.174226341973245,18.50271294362691,1.684846240492042,-15.438125768861621,30.566552981539942,-0.30600893373320304,0.0479693786348645,0.35569615520690867,zz2000_and_cyb,below,58.0,10.0,0.75,457.0,-0.23035095698769154,False
zz2000_and_cyb_below_ma64_days21:scale0.25,38.19706012833439,13.871854434632302,2.7535655242295562,-17.622737624550567,17105.670339609987,-1.5447308625087501,-0.05689864715998416,-0.014051152788496779,34.07081604351825,15.429241483636108,2.208197731538064,-17.62273762455053,1771.2092267317162,-1.0201332394157632,-0.01770192576102314,-0.014051152788496779,35.37427498530838,18.023145827640636,1.9627136862565764,-17.622737624550556,352.30347979464244,-1.7200432324654003,-0.06263171880893381,-0.014051152788475463,47.845885914847244,17.55742009784364,2.7251091360924695,-15.793821924068519,221.87282413171303,-2.0783565855650536,-0.05428579427027902,1.0658141036401503e-14,30.87897447914074,19.237345696594577,1.6051577471317668,-15.793821924068563,30.277692143140822,-0.6012607965657075,-0.03171911472541056,-3.375077994860476e-14,zz2000_and_cyb,below,64.0,21.0,0.25,183.0,-0.231419756345196,False
zz2000_and_cyb_below_ma65_days21:scale0.25,38.19706012833439,13.871854434632302,2.7535655242295562,-17.622737624550567,17105.670339609987,-1.5447308625087501,-0.05689864715998416,-0.014051152788496779,34.07081604351825,15.429241483636108,2.208197731538064,-17.62273762455053,1771.2092267317162,-1.0201332394157632,-0.01770192576102314,-0.014051152788496779,35.37427498530838,18.023145827640636,1.9627136862565764,-17.622737624550556,352.30347979464244,-1.7200432324654003,-0.06263171880893381,-0.014051152788475463,47.845885914847244,17.55742009784364,2.7251091360924695,-15.793821924068519,221.87282413171303,-2.0783565855650536,-0.05428579427027902,1.0658141036401503e-14,30.87897447914074,19.237345696594577,1.6051577471317668,-15.793821924068563,30.277692143140822,-0.6012607965657075,-0.03171911472541056,-3.375077994860476e-14,zz2000_and_cyb,below,65.0,21.0,0.25,184.0,-0.231419756345196,False
zz2000_and_cyb_below_ma56_days21:scale0.25,38.114752275178375,13.94735124618753,2.732759188637838,-18.914963085867743,16943.33170630646,-1.6270387156647672,-0.07770498275170246,-1.3062766141056734,34.09090965233441,15.531806069299487,2.194909561723106,-18.914963085867743,1774.0128669834953,-1.000039630599602,-0.030990095575981425,-1.306276614105709,35.65320308657278,18.1671053855878,1.9625142437307006,-18.914963085867797,356.9663058681834,-1.441115131201002,-0.0628311613348096,-1.306276614105716,48.91557567554632,17.842557496878015,2.7415114500320525,-15.793821924068519,228.88556180090788,-1.0086668248659763,-0.037883480330695996,1.0658141036401503e-14,31.48023527570645,19.23188970976682,1.6368768618571774,-15.79382192406853,30.86592630275138,0.0,0.0,0.0,zz2000_and_cyb,below,56.0,21.0,0.25,160.0,-0.23384699056530406,False
zz2000_and_cyb_below_ma56_days18:scale0.00,37.370606757871116,13.888931496583897,2.690675432236291,-17.60868647176207,15539.397492731647,-2.371184232972027,-0.1197887391532495,0.0,34.10863494564968,15.464361426135397,2.2056284126937635,-17.60868647176208,1776.4891961875865,-0.982314337284329,-0.0202712446053237,-4.618527782440651e-14,35.78787220535817,18.089693640132523,1.978357009096147,-17.608686471762034,359.2312730062413,-1.3064460124156128,-0.046988395969363106,4.618527782440651e-14,47.81601476273038,17.804244860990597,2.6856525023139897,-16.023993612914822,221.6784349214641,-2.108227737681915,-0.09374242804875887,-0.23017168884629235,31.114595146449364,19.278879269608524,1.6139213649985773,-16.023993612914865,30.508213460798327,-0.3656401292570841,-0.0229554968586001,-0.230171688846335,zz2000_and_cyb,below,56.0,18.0,0.0,204.0,-0.234087479460592,False
zz2000_and_cyb_below_ma50_days21:scale0.00,38.15927736009801,13.960638699300187,2.7333475338782915,-19.683207597414064,17030.970983837185,-1.582513630745133,-0.07711663751124886,-2.0745211256519944,34.10531613933318,15.541063975055094,2.194529035725965,-19.683207597414064,1776.0253152127902,-0.985633143600829,-0.031370621573122204,-2.07452112565203,35.48198520540065,18.164289845810032,1.9533923707777268,-19.683207597414064,354.0995362986152,-1.612333012373135,-0.07195303428778344,-2.0745211256519838,49.451458513080325,17.839731754998486,2.7719844217514424,-15.483229843164704,232.4366448050916,-0.47278398733197236,-0.007410508611306099,0.3105920809038256,31.9736551039286,19.269479948132854,1.6592899855103116,-15.483229843164715,31.34862153127873,0.4934198282221516,0.022413123653134193,0.31059208090381496,zz2000_and_cyb,below,50.0,21.0,0.0,146.0,-0.23468417494181323,False
zz2000_and_cyb_below_ma60_days11:scale0.50,37.41112583892083,13.461334735115305,2.7791542647944105,-17.608686471762024,15612.963395078801,-2.330665151922311,-0.03130990659512989,4.618527782440651e-14,33.40116394945325,14.961840120058092,2.2324235308914373,-17.60868647176207,1679.9051091769825,-1.6897853334807635,0.006523873592350071,-3.552713678800501e-14,35.19059171278916,17.240755221036636,2.0411282024264623,-17.60868647176206,349.2536819909623,-1.9037265049846255,0.015782797360952117,2.1316282072803006e-14,46.03277713538698,16.72907874966767,2.751662409162934,-14.766054859709431,210.2148839296807,-3.8914653650253186,-0.02773252119981473,1.0277670643590984,33.31526838063197,18.032389936686883,1.847523733548601,-14.76605485970942,32.660918725991635,1.8350331049255217,0.2106468716914236,1.027767064359109,zz2000_and_cyb,below,60.0,11.0,0.5,416.0,-0.23568285929084554,False
zz2000_and_cyb_below_ma55_days18:scale0.00,37.71655635237896,13.895766241124221,2.714248044901448,-17.60868647176206,16178.02550454063,-2.025234638464184,-0.09621612648809252,1.0658141036401503e-14,34.04813025420839,15.465268819554861,2.20158670705786,-17.60868647176207,1768.04843908443,-1.0428190287256243,-0.02431295024122715,-3.552713678800501e-14,35.78787220535817,18.089693640132523,1.978357009096147,-17.608686471762034,359.2312730062413,-1.3064460124156128,-0.046988395969363106,4.618527782440651e-14,47.81601476273038,17.804244860990597,2.6856525023139897,-16.023993612914822,221.6784349214641,-2.108227737681915,-0.09374242804875887,-0.23017168884629235,31.114595146449364,19.278879269608524,1.6139213649985773,-16.023993612914865,30.508213460798327,-0.3656401292570841,-0.0229554968586001,-0.230171688846335,zz2000_and_cyb,below,55.0,18.0,0.0,200.0,-0.23792347302178238,False
zz2000_and_cyb_below_ma54_days18:scale0.00,37.71655635237896,13.895766241124221,2.714248044901448,-17.60868647176206,16178.02550454063,-2.025234638464184,-0.09621612648809252,1.0658141036401503e-14,34.04813025420839,15.465268819554861,2.20158670705786,-17.60868647176207,1768.04843908443,-1.0428190287256243,-0.02431295024122715,-3.552713678800501e-14,35.78787220535817,18.089693640132523,1.978357009096147,-17.608686471762034,359.2312730062413,-1.3064460124156128,-0.046988395969363106,4.618527782440651e-14,47.81601476273038,17.804244860990597,2.6856525023139897,-16.023993612914822,221.6784349214641,-2.108227737681915,-0.09374242804875887,-0.23017168884629235,31.114595146449364,19.278879269608524,1.6139213649985773,-16.023993612914865,30.508213460798327,-0.3656401292570841,-0.0229554968586001,-0.230171688846335,zz2000_and_cyb,below,54.0,18.0,0.0,200.0,-0.23792347302178238,False
zz2000_and_cyb_below_ma63_days22:scale0.25,38.1950485628237,13.891901475195043,2.74944712435685,-17.622737624550567,17101.68564335745,-1.5467424280194422,-0.061017047032690286,-0.014051152788496779,33.89389050227003,15.453515030539123,2.1932803271805263,-17.62273762455052,1746.6854461926464,-1.1970587806639799,-0.032619330118560885,-0.014051152788486121,35.41289410386632,18.02898823725264,1.9642197131558359,-17.622737624550556,352.94679532208863,-1.681424113907461,-0.06112569190967432,-0.014051152788475463,47.916187562209124,17.567318215009582,2.7275755454392208,-15.793821924068519,222.3306269010407,-2.0080549382031734,-0.05181938492352778,1.0658141036401503e-14,30.87897447914074,19.237345696594577,1.6051577471317668,-15.793821924068563,30.277692143140822,-0.6012607965657075,-0.03171911472541056,-3.375077994860476e-14,zz2000_and_cyb,below,63.0,22.0,0.25,166.0,-0.2383877798312121,False
zz2000_and_cyb_below_ma50_days22:scale0.00,38.30430430489056,13.978071352275872,2.7403139774825913,-17.966937561402663,17319.366427699104,-1.4374866859525852,-0.0701501939069491,-0.3582510896405928,34.0970017855839,15.56241287458542,2.1909842683371323,-17.96693756140263,1774.863642457702,-0.9939474973501135,-0.034915388961954896,-0.3582510896405964,35.7139424168315,18.1973025806495,1.9625954043765093,-17.96693756140264,357.98675776844533,-1.3803758009422822,-0.06275000068900094,-0.35825108964056085,48.22491787763325,17.866232127130687,2.699221499781228,-15.754045613417066,224.34620229748438,-1.699324622779045,-0.08017343058152049,0.039776310651463476,31.543423852919172,19.2741913251261,1.6365627652454986,-15.75404561341709,30.927743189080225,0.06318857721272408,-0.00031409661167880465,0.03977631065144038,zz2000_and_cyb,below,50.0,22.0,0.0,131.0,-0.24006186723958187,False
zz2000_and_cyb_below_ma57_days15:scale0.00,37.46743963583439,13.726374475283718,2.7295947450144116,-17.623645971440162,15715.744660043143,-2.274351355008754,-0.08086942637512884,-0.014959499678091959,33.9951930851248,15.306338666981478,2.220987907347074,-17.623645971440162,1760.6914368660196,-1.0957561978092158,-0.004911749952013267,-0.014959499678127486,35.709431571919794,17.852457321132288,2.0002530144491573,-17.623645971440094,357.9109107057098,-1.3848866458539888,-0.025092390616352933,-0.014959499678013799,47.1602383509341,17.652788245663558,2.671546143002033,-15.483229843164715,217.430572828726,-2.764004149478197,-0.10784878736071546,0.31059208090381496,30.64081180171332,19.064391108636787,1.6072274024965865,-15.483229843164715,30.044676613152753,-0.8394234739931292,-0.029649459360590935,0.31059208090381496,zz2000_and_cyb,below,57.0,15.0,0.0,273.0,-0.2413968661044903,False
zz2000_and_cyb_below_ma62_days20:scale0.00,37.55705690321649,13.840916051783209,2.7134805790818874,-17.72110427444702,15880.609921146004,-2.1847340876266514,-0.09698359230765297,-0.1124178026849485,33.74639183915051,15.38900216514954,2.1928901872256374,-17.721104274446986,1726.4620418105937,-1.3445574437835006,-0.03300947007344979,-0.11241780268495205,35.31433348251451,17.935489323821326,1.9689640379987392,-17.721104274446976,351.3064236283477,-1.7799847352592693,-0.05638136706677099,-0.11241780268489521,47.94476458742536,17.510308173260746,2.7380879943986245,-15.793821924068519,222.5168436632219,-1.9794779129869369,-0.04130693596412405,1.0658141036401503e-14,30.678865655237075,19.240338241132374,1.594507605362737,-15.793821924068506,30.081908538271595,-0.801369620469373,-0.042369256494440455,2.3092638912203256e-14,zz2000_and_cyb,below,62.0,20.0,0.0,199.0,-0.24176351466169138,False
zz2000_and_cyb_below_ma63_days14:scale0.25,38.17711396533685,13.600130984472145,2.807113696840516,-17.60868647176205,17066.197331127332,-1.5646770255062918,-0.0033504745490242627,2.1316282072803006e-14,34.277993527098836,15.148381401184915,2.262815585328317,-17.60868647176206,1800.2985083652636,-0.8129557558351763,0.03691592802922994,-2.4868995751603507e-14,36.171256424653905,17.569259126226765,2.0587809744725516,-17.60868647176207,365.72849555791953,-0.9230617931198779,0.0334355694070414,1.0658141036401503e-14,45.55096928513274,17.276240921405652,2.6366250327462186,-15.793821924068519,207.16493711139577,-4.373273215279561,-0.14276989761652992,1.0658141036401503e-14,26.981859796726916,18.86816138663057,1.430020617474974,-15.793821924068519,26.463879586694826,-4.498375478979533,-0.2068562443822033,1.0658141036401503e-14,zz2000_and_cyb,below,63.0,14.0,0.25,308.0,-0.24596959805916496,False
zz2000_and_cyb_below_ma52_days12:scale0.00,37.00717810702023,13.417310426978608,2.7581666466185903,-17.60868647176205,14893.840698413016,-2.734612883822912,-0.052297524770950066,2.1316282072803006e-14,33.34738773442816,14.899172490519575,2.2382040180853857,-17.608686471762034,1672.7498684214215,-1.743561548505852,0.012304360786298485,0.0,36.0695492402239,17.165545946297097,2.101275971825686,-17.608686471762102,363.99774619015915,-1.0247689775498827,0.07593056676017573,-2.1316282072803006e-14,44.905375455338614,16.72754618294138,2.6845166029870393,-14.76605485970942,203.10956727744696,-5.018867045073684,-0.09487832737570923,1.027767064359109,40.9792323395878,17.763724936706378,2.306905363914393,-14.766054859709431,40.15315000150848,9.498997063881355,0.6700285020572154,1.0277670643590984,zz2000_and_cyb,below,52.0,12.0,0.0,342.0,-0.24660046587443615,False
zz2000_and_cyb_below_ma54_days21:scale0.25,38.33589210498993,13.955434497078285,2.7470224673417336,-18.914963085867743,17382.78130465619,-1.4058988858532118,-0.0634417040478068,-1.3062766141056734,33.98507625284781,15.533299713583308,2.1878851808369535,-18.914963085867765,1759.2884101647485,-1.105873030086201,-0.03801447646213374,-1.3062766141057303,35.530613343886344,18.16832875953178,1.9556346549071368,-18.914963085867775,354.9122708837019,-1.5637048738874384,-0.06971075015837336,-1.3062766141056947,48.91557567554632,17.842557496878015,2.7415114500320525,-15.793821924068519,228.88556180090788,-1.0086668248659763,-0.037883480330695996,1.0658141036401503e-14,31.48023527570645,19.23188970976682,1.6368768618571774,-15.79382192406853,30.86592630275138,0.0,0.0,0.0,zz2000_and_cyb,below,54.0,21.0,0.25,156.0,-0.24826461839878533,False
zz2000_and_cyb_below_ma55_days21:scale0.25,38.33589210498993,13.955434497078285,2.7470224673417336,-18.914963085867743,17382.78130465619,-1.4058988858532118,-0.0634417040478068,-1.3062766141056734,33.98507625284781,15.533299713583308,2.1878851808369535,-18.914963085867765,1759.2884101647485,-1.105873030086201,-0.03801447646213374,-1.3062766141057303,35.530613343886344,18.16832875953178,1.9556346549071368,-18.914963085867775,354.9122708837019,-1.5637048738874384,-0.06971075015837336,-1.3062766141056947,48.91557567554632,17.842557496878015,2.7415114500320525,-15.793821924068519,228.88556180090788,-1.0086668248659763,-0.037883480330695996,1.0658141036401503e-14,31.48023527570645,19.23188970976682,1.6368768618571774,-15.79382192406853,30.86592630275138,0.0,0.0,0.0,zz2000_and_cyb,below,55.0,21.0,0.25,156.0,-0.24826461839878533,False
zz2000_and_cyb_below_ma51_days17:scale0.50,38.29634824248964,13.913510263558512,2.752457684441668,-17.60868647176206,17303.42805599519,-1.4454427483535,-0.05800648694787247,1.0658141036401503e-14,34.230556721406025,15.505416263127339,2.207651580616253,-17.60868647176205,1793.6023381349291,-0.8603925615279877,-0.018248076682834125,-1.4210854715202004e-14,35.4220573599267,18.067181625085237,1.96057459846118,-17.60868647176209,353.0995437265253,-1.6722608578470854,-0.06477080660433021,-1.0658141036401503e-14,47.60994687536175,17.73992351354664,2.683774078225627,-15.488267998044325,220.33955781716324,-2.3142956250505478,-0.09562085213712157,0.3055539260242046,28.983441052550575,19.038226635372524,1.522381344000817,-15.488267998044291,28.4229227420131,-2.4967942231558737,-0.11449551785636047,0.30555392602423836,zz2000_and_cyb,below,51.0,17.0,0.5,214.0,-0.24855004293891617,False
zz2000_and_cyb_below_ma53_days19:scale0.00,37.773693335015764,13.899271139749295,2.717674398551024,-17.608686471762024,16285.823886996028,-1.9680976558273784,-0.09278977283851653,4.618527782440651e-14,33.9755547931825,15.462366363935246,2.1973062850475342,-17.60868647176209,1757.9688208939608,-1.115394489751509,-0.028593372251553006,-5.684341886080802e-14,35.63053336977124,18.08403004515478,1.9702761652576255,-17.60868647176206,356.58590907198436,-1.4637848480025397,-0.055069239807884696,2.1316282072803006e-14,47.75691122309509,17.791609797402945,2.684237782129541,-15.793821924068496,221.29404358402428,-2.16733127731721,-0.09515714823320742,3.375077994860476e-14,31.48023527570645,19.23188970976682,1.6368768618571774,-15.79382192406853,30.86592630275138,0.0,0.0,0.0,zz2000_and_cyb,below,53.0,19.0,0.0,180.0,-0.2499607792250591,False
zz2000_and_cyb_below_ma53_days21:scale0.25,38.33139092495832,13.955138783988911,2.746758131057565,-18.914963085867743,17373.7316490227,-1.4104000658848221,-0.06370604033197536,-1.3062766141056734,33.978132480241264,15.53287265459231,2.1874982970516785,-18.914963085867765,1758.3259820738083,-1.1128168026927483,-0.0384013602474087,-1.3062766141057303,35.51653123713856,18.16759966843798,1.954938015220599,-18.914963085867775,354.67679351181147,-1.5777869806352243,-0.07040738984491113,-1.3062766141056947,48.88978848313794,17.84135765353276,2.740250458095452,-15.793821924068519,228.71531994835252,-1.0344540172743564,-0.03914447226729667,1.0658141036401503e-14,31.48023527570645,19.23188970976682,1.6368768618571774,-15.79382192406853,30.86592630275138,0.0,0.0,0.0,zz2000_and_cyb,below,53.0,21.0,0.25,152.0,-0.2510406147516543,False
zz2000_and_cyb_below_ma61_days13:scale0.25,37.459507366396714,13.504243117101128,2.7739064708454326,-17.60868647176208,15701.229033147345,-2.2822836244464284,-0.036557700544107785,-1.0658141036401503e-14,33.77514091837026,15.025237547057243,2.247893972563866,-17.60868647176207,1730.388091857365,-1.3158083645637504,0.021994315264778574,-3.552713678800501e-14,35.736432169146305,17.392894685228484,2.054656962851428,-17.608686471762024,358.3650588753558,-1.3578860486274777,0.029311557785917763,5.684341886080802e-14,45.913746131947875,17.025230309360175,2.6968061692948315,-16.225939791437373,209.45952638404825,-4.010496368464423,-0.08258876106791702,-0.4321178673688433,29.426281030586576,18.4918670931645,1.5913093514209806,-16.225939791437362,28.856280816216916,-2.053954245119872,-0.04556751043619678,-0.4321178673688326,zz2000_and_cyb,below,61.0,13.0,0.25,344.0,-0.2516514368911158,False
zz2000_and_cyb_below_ma62_days13:scale0.25,37.55435302553521,13.500414982123734,2.7817184194161393,-17.60868647176209,15875.612231910625,-2.187437965307936,-0.028745751973401124,-2.1316282072803006e-14,33.77512005485877,15.025341494616654,2.2478770327423083,-17.60868647176207,1730.3852399297102,-1.3158292280752448,0.021977375443221092,-3.552713678800501e-14,35.73638972567856,17.393074948190826,2.0546332280018005,-17.608686471762024,358.3643446967649,-1.357928492095219,0.029287822936290286,5.684341886080802e-14,45.913670088930346,17.025537403835514,2.696753059823352,-16.225939791437348,209.45904421516497,-4.010572411481952,-0.08264187053939676,-0.4321178673688184,29.426281030586576,18.4918670931645,1.5913093514209806,-16.225939791437362,28.856280816216916,-2.053954245119872,-0.04556751043619678,-0.4321178673688326,zz2000_and_cyb,below,62.0,13.0,0.25,343.0,-0.25170310189477696,False
zz2000_and_cyb_below_ma61_days12:scale0.50,37.80304077164516,13.568677002424542,2.7860520789823693,-17.608686471762034,16341.452398822805,-1.9387502191979848,-0.024412092407171126,3.552713678800501e-14,33.83340225275722,15.094255043327973,2.2414754590828516,-17.60868647176206,1738.3677120357859,-1.257547030176795,0.015575801783764387,-2.4868995751603507e-14,35.53534237077185,17.463151535338366,2.034875680879403,-17.60868647176208,354.99137031702855,-1.558975847001932,0.009530275813892874,0.0,45.78256477695126,17.027832059736113,2.6886901759624693,-14.89213477927761,208.62848303944878,-4.1416777234610365,-0.09070475440027925,0.9016871447909196,31.344857150760852,18.462171578432965,1.6977882053364248,-14.892134779277622,30.733485240067495,-0.1353781249455963,0.060911343479247426,0.9016871447909072,zz2000_and_cyb,below,61.0,12.0,0.5,376.0,-0.2520148813770008,False
zz2000_and_cyb_below_ma62_days12:scale0.50,37.86649681608969,13.56573494736586,2.7913339721739483,-17.60868647176206,16462.33993079007,-1.8752941747534493,-0.019130199215592114,1.0658141036401503e-14,33.83340225275722,15.094255043327973,2.2414754590828516,-17.60868647176206,1738.3677120357859,-1.257547030176795,0.015575801783764387,-2.4868995751603507e-14,35.53534237077185,17.463151535338366,2.034875680879403,-17.60868647176208,354.99137031702855,-1.558975847001932,0.009530275813892874,0.0,45.78256477695126,17.027832059736113,2.6886901759624693,-14.89213477927761,208.62848303944878,-4.1416777234610365,-0.09070475440027925,0.9016871447909196,31.344857150760852,18.462171578432965,1.6977882053364248,-14.892134779277622,30.733485240067495,-0.1353781249455963,0.060911343479247426,0.9016871447909072,zz2000_and_cyb,below,62.0,12.0,0.5,375.0,-0.2520148813770008,False
zz2000_and_cyb_below_ma57_days20:scale0.00,37.48208176378343,13.923955556930117,2.691913343915275,-17.721104274447008,15742.571796789434,-2.259709227059716,-0.11855082747426549,-0.11241780268493784,33.82601310599398,15.501593384927142,2.1820991085267694,-17.721104274447008,1737.3539453565145,-1.264936176940033,-0.04380054877231787,-0.11241780268497337,35.47588951447853,18.12902582475057,1.9568558099820914,-17.721104274447054,353.9977393651573,-1.6184287032952511,-0.06848959508341879,-0.11241780268497337,48.238686664586304,17.841262398462536,2.7037709320806385,-15.79382192406853,224.43628799116578,-1.685555835825994,-0.07562399828211008,0.0,30.678865655237075,19.240338241132374,1.594507605362737,-15.793821924068506,30.081908538271595,-0.801369620469373,-0.042369256494440455,2.3092638912203256e-14,zz2000_and_cyb,below,57.0,20.0,0.0,177.0,-0.25204132735376683,False
zz2000_and_cyb_below_ma61_days10:scale0.75,38.21571234560908,13.727120638363305,2.783956909273988,-17.60868647176207,17142.65960835989,-1.5260786452340653,-0.026507262115552432,0.0,33.745524479201116,15.276198973147018,2.2090262465499473,-17.60868647176206,1726.3437107058191,-1.3454248037328966,-0.01687341074913995,-2.4868995751603507e-14,35.5893640526785,17.674312935314635,2.0136207943658286,-17.60868647176209,355.8957370701445,-1.5049541650952847,-0.011724610699681559,-1.0658141036401503e-14,46.568290488287786,17.233913672699124,2.702130889866202,-15.269958659853133,213.62837245387638,-3.3559520121245114,-0.07726404049654656,0.5238632642153966,30.74998446707098,18.638108241235564,1.6498447197038326,-15.269958659853122,30.1514907515511,-0.7302508086354678,0.012967857846655217,0.5238632642154073,zz2000_and_cyb,below,61.0,10.0,0.75,451.0,-0.25294822600305655,False
zz2000_and_cyb_below_ma51_days11:scale0.25,36.9635750140513,13.357951955498596,2.7671588531830142,-17.779565102440507,14818.089068468242,-2.7782159767918415,-0.04330531820652617,-0.17087863067843756,33.02357428594136,14.83509237585943,2.226044398596354,-17.779565102440543,1630.209078373996,-2.0673749969926547,0.00014474129726682605,-0.17087863067850861,35.498465166613194,17.04806578403102,2.0822576365152647,-17.779565102440486,354.3748400048372,-1.5958530511605886,0.05691223144975455,-0.17087863067840559,45.385006236482475,16.55884066528753,2.7408323537784582,-14.76605485970941,206.11899510957207,-4.539236263929823,-0.0385625765842903,1.0277670643591197,41.1404270751446,17.783233475954948,2.313439067803466,-14.76605485970942,40.31065652758357,9.660191799438152,0.6765622059462888,1.027767064359109,zz2000_and_cyb,below,51.0,11.0,0.25,376.0,-0.2537819817965344,False
zz2000_and_cyb_below_ma52_days17:scale0.50,38.2634163271663,13.912559678349758,2.7502786842819797,-17.60868647176206,17237.600833198056,-1.4783746636768456,-0.060185487107560665,1.0658141036401503e-14,34.179649574437974,15.504030173112795,2.2045654705776165,-17.60868647176207,1786.4399226268692,-0.9112997084960384,-0.021334186721470694,-3.552713678800501e-14,35.40550348113651,18.065929913590033,1.9597941346214816,-17.60868647176209,352.8236261096538,-1.6888147366372692,-0.06555127044402864,-1.0658141036401503e-14,47.57987524042302,17.73783916871214,2.682394106061656,-15.488267998044291,220.1444851700897,-2.3443672599892764,-0.09700082430109269,0.30555392602423836,28.983441052550575,19.038226635372524,1.522381344000817,-15.488267998044291,28.4229227420131,-2.4967942231558737,-0.11449551785636047,0.30555392602423836,zz2000_and_cyb,below,52.0,17.0,0.5,214.0,-0.2543324233496224,False
zz2000_and_cyb_below_ma62_days10:scale0.75,38.27208208410535,13.722493372347813,2.789003502907671,-17.60868647176206,17254.900055036753,-1.469708906737793,-0.021460668481869227,1.0658141036401503e-14,33.783304995270555,15.271934745574656,2.212116903201144,-17.608686471762034,1731.5043834026496,-1.3076442876634573,-0.013782754097943162,0.0,35.56606736694612,17.677150769874988,2.0119796357429403,-17.60868647176209,355.50555562649106,-1.5282508508276607,-0.013365769322569943,-1.0658141036401503e-14,46.526321121672055,17.23881824767806,2.698927528163875,-15.269958659853156,213.3599514944676,-3.397921378740243,-0.08046740219887338,0.5238632642153735,30.636133882320916,18.651532461669422,1.6425531760074368,-15.269958659853133,30.04009971972994,-0.8441013933855324,0.005676314150259376,0.5238632642153966,zz2000_and_cyb,below,62.0,10.0,0.75,450.0,-0.25497605419016633,False
zz2000_and_cyb_below_ma50_days17:scale0.50,38.27230909203085,13.91324651529337,2.750782073038246,-17.60868647176205,17255.35344231693,-1.4694818988122904,-0.05968209835129423,2.1316282072803006e-14,34.21252946242943,15.505344396721496,2.2064991648726906,-17.60868647176205,1791.0631869913711,-0.8784198205045826,-0.01940049242639663,-1.4210854715202004e-14,35.38559532683261,18.067066047216013,1.9585689914652877,-17.60868647176209,352.49197781818805,-1.708722890941175,-0.06677641360022246,-1.0658141036401503e-14,47.54371350326056,17.739817117370766,2.6800565749184604,-15.488267998044247,219.91001115988612,-2.3805289971517354,-0.09933835544428815,0.3055539260242828,28.983441052550575,19.038226635372524,1.522381344000817,-15.488267998044291,28.4229227420131,-2.4967942231558737,-0.11449551785636047,0.30555392602423836,zz2000_and_cyb,below,50.0,17.0,0.5,212.0,-0.25612296291335784,False
zz2000_and_cyb_below_ma57_days22:scale0.25,38.15367329596104,13.965236411570887,2.7320463593691007,-17.622737624550545,17019.91724852264,-1.5881176948821007,-0.07841781202043974,-0.014051152788475463,33.97717526080728,15.553021524494886,2.1846028572194593,-17.622737624550567,1758.193343703479,-1.1137740221267336,-0.04129680007962788,-0.014051152788532306,35.581822625937384,18.199890028211378,1.9550570124754891,-17.622737624550545,355.76940125596525,-1.512495591836398,-0.07028839259002106,-0.014051152788464805,48.00023693291522,17.862286831150705,2.6872391752889015,-15.79382192406853,222.87852303247627,-1.9240055674970762,-0.09215575507384699,0.0,30.87897447914074,19.237345696594577,1.6051577471317668,-15.793821924068563,30.277692143140822,-0.6012607965657075,-0.03171911472541056,-3.375077994860476e-14,zz2000_and_cyb,below,57.0,22.0,0.25,148.0,-0.25612328122376155,False
zz2000_and_cyb_below_ma56_days10:scale0.75,38.21325441252967,13.736067332417685,2.781964698319789,-17.640271212694213,17137.781014227156,-1.5285365783134708,-0.028499473069751424,-0.03158474093214281,33.7478295633195,15.289685661812658,2.2072284747885753,-17.640271212694213,1726.6582010526051,-1.3431197196145135,-0.01867118251051192,-0.031584740932178335,35.63717349520428,17.7019777896017,2.0131746813137386,-17.640271212694202,356.69730384771105,-1.4571447225695024,-0.01217072375177164,-0.03158474093212149,46.61658069682977,17.280489434157957,2.697642383015137,-15.438125768861589,213.9374085167193,-3.3076618035825263,-0.0817525473476115,0.35569615520694065,30.545965796382113,18.570916086103193,1.644828163282692,-15.438125768861577,29.95187838691802,-0.9342694793243354,0.00795130142551459,0.3556961552069531,zz2000_and_cyb,below,56.0,10.0,0.75,435.0,-0.2575085133418511,False
zz2000_and_cyb_below_ma64_days13:scale0.00,36.99195949793328,13.45912698976651,2.748466488655593,-17.60868647176208,14867.360559684044,-2.7498314929098626,-0.06199768273394746,-1.0658141036401503e-14,33.597479597895806,14.971056006915779,2.2441623077474078,-17.608686471762102,1706.2472157441803,-1.4934696850382068,0.01826265044832054,-6.750155989720952e-14,36.13255222152936,17.345790356885573,2.0830732689667384,-17.60868647176206,365.06925967956965,-0.9617659962444236,0.057727863901228194,2.1316282072803006e-14,45.28072529258957,16.97234246226513,2.66791254025559,-15.79382192406853,205.4630038083926,-4.643517207822725,-0.11148239010715866,0.0,31.100558335942786,18.458980658028274,1.6848470081914504,-15.793821924068506,30.49448063644975,-0.37967693976366235,0.04797014633427299,2.3092638912203256e-14,zz2000_and_cyb,below,64.0,13.0,0.0,343.0,-0.2587349405723023,False
zz2000_and_cyb_below_ma51_days21:scale0.00,38.146428822290865,13.96197632058112,2.7321654145810177,-19.683207597414032,17005.637792978392,-1.5953621685522776,-0.07829875680852272,-2.0745211256519624,34.04732730139251,15.541821468838462,2.1906909283225136,-19.683207597414064,1767.9366525884807,-1.0436219815415058,-0.03520872897657368,-2.07452112565203,35.36455277021264,18.16561979117013,1.9467848153137335,-19.683207597414064,352.1416427045417,-1.7297654475611424,-0.07856058975177671,-2.0745211256519838,49.235619516288345,17.842316118935493,2.759485886702574,-15.48322984316467,231.00331240708002,-0.6886229841239526,-0.01990904366017432,0.31059208090385937,31.9736551039286,19.269479948132854,1.6592899855103116,-15.483229843164715,31.34862153127873,0.4934198282221516,0.022413123653134193,0.31059208090381496,zz2000_and_cyb,below,51.0,21.0,0.0,148.0,-0.25956043915748894,False
zz2000_and_cyb_below_ma57_days21:scale0.25,38.08214740462912,13.948832886431973,2.7301314536266053,-18.91496308586772,16879.421824814115,-1.659643586214024,-0.08033271776293516,-1.3062766141056485,34.04049426568492,15.53389632551816,2.1913687044354235,-18.914963085867733,1766.9856059814904,-1.0504550172490923,-0.0345309528636637,-1.3062766141056983,35.52740389790587,18.168745538861817,1.9554131473697491,-18.914963085867797,354.85859477781634,-1.5669143198679123,-0.06993225769576106,-1.306276614105716,48.68548322045023,17.845673632823697,2.7281392802624507,-15.79382192406853,227.36861025072054,-1.2387592799620677,-0.05125565010029787,0.0,30.87897447914074,19.237345696594577,1.6051577471317668,-15.793821924068563,30.277692143140822,-0.6012607965657075,-0.03171911472541056,-3.375077994860476e-14,zz2000_and_cyb,below,57.0,21.0,0.25,162.0,-0.25982272140561163,False
zz2000_and_cyb_below_ma55_days14:scale0.25,38.35745417428256,13.691857989717477,2.8014791128485874,-17.60868647176206,17426.19295210276,-1.3843368165605838,-0.008985058540952995,1.0658141036401503e-14,34.256299669198434,15.263655353684962,2.2443051074871296,-17.60868647176209,1797.2335679763696,-0.8346496137355786,0.018405450188042405,-5.684341886080802e-14,36.10493559616184,17.780117302669368,2.0306353991681103,-17.608686471762034,364.59933098305834,-0.989382621611945,0.005289994102600115,4.618527782440651e-14,45.86378135430267,17.60938899022475,2.6045072534749716,-14.970349556172913,209.14282055066403,-4.060461146109631,-0.17488767688777695,0.8234723678956168,28.49544477504631,19.02599758949849,1.497710942146578,-14.970349556172891,27.94534574566061,-2.9847905006601394,-0.13916591971059944,0.8234723678956382,zz2000_and_cyb,below,55.0,14.0,0.25,288.0,-0.26091068922297767,False
zz2000_and_cyb_below_ma52_days15:scale0.50,38.54532773874031,13.815139643032564,2.7900787639291074,-17.60868647176207,17808.74328681215,-1.1964632521028307,-0.020385407460433047,0.0,34.15134087901297,15.394511302871688,2.2184101987467693,-17.60868647176208,1782.4675683042756,-0.9396084039210422,-0.0074894585523179735,-4.618527782440651e-14,35.46613151963023,17.891213122466507,1.9823212253334792,-17.60868647176206,353.8348205915166,-1.6281866981435513,-0.04302417973203099,2.1316282072803006e-14,46.81545144999144,17.59276382269184,2.661062918926191,-14.947548999699855,215.21222959083408,-3.108791050420855,-0.11833201143655758,0.8462729243686749,30.019073882535352,19.0228508463305,1.5780533698673256,-14.947548999699855,29.436341338721128,-1.4611613931710963,-0.05882349198985182,0.8462729243686749,zz2000_and_cyb,below,52.0,15.0,0.5,257.0,-0.26147983969046573,False
zz2000_and_cyb_below_ma50_days18:scale0.25,38.147915551737846,13.902991168466695,2.7438638987458286,-17.60868647176209,17008.567348836557,-1.5938754391052967,-0.06660027264371182,-2.1316282072803006e-14,34.22231479432314,15.476713111012796,2.211213359635871,-17.60868647176206,1792.4410768986284,-0.8686344886108728,-0.014686297663216052,-2.4868995751603507e-14,35.524316118538344,18.062854574900904,1.9667055376673896,-17.608686471762034,354.80695825306736,-1.5700020992354382,-0.05863986739812055,4.618527782440651e-14,47.26139220847156,17.74426641882568,2.663473997343156,-15.539322314142224,218.08335771189795,-2.6628502919407353,-0.11592093301959272,0.25449960992630594,29.85131629619502,19.150640819096466,1.558763311274062,-15.5393223141422,29.2721915418624,-1.628918979511429,-0.07811355058311542,0.25449960992632903,zz2000_and_cyb,below,50.0,18.0,0.25,193.0,-0.2637424251914303,False
zz2000_and_cyb_below_ma62_days19:scale0.00,37.39611518331225,13.824151330828755,2.705129182137676,-17.60868647176206,15585.672514940714,-2.3456758075308954,-0.10533498925186446,1.0658141036401503e-14,33.791171660641226,15.369887236306013,2.198530876714654,-17.60868647176208,1732.5805887734714,-1.2997776222927868,-0.02736878058443315,-4.618527782440651e-14,35.39051713859449,17.90426357568705,1.9766530462974619,-17.60868647176209,352.5739517997681,-1.7038010791792928,-0.04869235876804834,-1.0658141036401503e-14,47.32196049012458,17.484224270402304,2.7065519040631547,-15.793821924068506,218.47465551250457,-2.602282010287716,-0.07284302629959383,2.3092638912203256e-14,30.678865655237075,19.240338241132374,1.594507605362737,-15.793821924068506,30.081908538271595,-0.801369620469373,-0.042369256494440455,2.3092638912203256e-14,zz2000_and_cyb,below,62.0,19.0,0.0,214.0,-0.2641583196261672,False
zz2000_and_cyb_below_ma49_days18:scale0.25,38.1393452879333,13.955029152959305,2.733017958607809,-17.60868647176205,16991.686355315505,-1.60244570290984,-0.07744621278173147,2.1316282072803006e-14,34.20905250997364,15.551080359031785,2.1997862347940114,-17.60868647176207,1790.5738085934174,-0.8818967729603742,-0.026113422505075867,-3.552713678800501e-14,35.555632362299264,18.062676269317336,1.9684587063488936,-17.608686471762034,355.3308729175451,-1.5386858554745189,-0.05688669871661656,4.618527782440651e-14,47.31811055235342,17.743889436128622,2.666727084987818,-15.53932231414219,218.44977368818667,-2.6061319480588807,-0.11266784537493058,0.2544996099263397,29.85131629619502,19.150640819096466,1.558763311274062,-15.5393223141422,29.2721915418624,-1.628918979511429,-0.07811355058311542,0.25449960992632903,zz2000_and_cyb,below,49.0,18.0,0.25,178.0,-0.2642695174122647,False
zz2000_and_cyb_below_ma53_days18:scale0.00,37.675208355474595,13.895540432257746,2.711316521955032,-17.60868647176206,16100.430554135513,-2.0665826353685475,-0.09914764943450827,1.0658141036401503e-14,33.98403259434579,15.464913729540855,2.1974925427116987,-17.60868647176207,1759.1437272725027,-1.1069166885882211,-0.028407114587388538,-3.552713678800501e-14,35.65772330206269,18.089122304633456,1.971224623370981,-17.608686471762034,357.0421851562772,-1.4365949157110904,-0.054120781694529274,4.618527782440651e-14,47.579960972218394,17.803590451714342,2.672492444783059,-16.023993612914833,220.14504119400243,-2.3442815281939033,-0.10690248557968962,-0.230171688846303,31.114595146449364,19.278879269608524,1.6139213649985773,-16.023993612914865,30.508213460798327,-0.3656401292570841,-0.0229554968586001,-0.230171688846335,zz2000_and_cyb,below,53.0,18.0,0.0,196.0,-0.264856800902051,False
zz2000_and_cyb_below_ma55_days12:scale0.25,37.378656867776904,13.456466652594667,2.777746776533614,-17.608686471762034,15553.987421256503,-2.3631341230662386,-0.03271739485592651,3.552713678800501e-14,33.60118049420748,14.9562959648918,2.246624469927743,-17.60868647176208,1706.7471622799665,-1.4897687887265292,0.020724812628655886,-4.618527782440651e-14,35.84476535460646,17.305557186415708,2.0712864063541057,-17.60868647176205,360.19083707882544,-1.2495528631673238,0.04594100128859546,3.197442310920451e-14,45.253710834183124,16.916655491415774,2.675097974132462,-15.53932231414219,205.2932189510274,-4.670531666229174,-0.10429695623028667,0.2544996099263397,35.22588123435184,18.219179731339118,1.93345044913077,-15.5393223141422,34.52939260125294,3.7456459586453903,0.2965735872735926,0.25449960992632903,zz2000_and_cyb,below,55.0,12.0,0.25,350.0,-0.26562160114866445,False
zz2000_and_cyb_below_ma58_days20:scale0.00,37.380175494073,13.835772353362033,2.7017050107065237,-17.721104274446976,15556.74119216406,-2.361615496770142,-0.10875916068301672,-0.11241780268490587,33.668051457533686,15.375311321689278,2.189747625470168,-17.721104274446986,1715.802103966359,-1.4228978254003266,-0.03615203182891902,-0.11241780268495205,35.1554707431363,17.911947425408535,1.9626827786054912,-17.721104274446976,348.6724250483321,-1.938847474637484,-0.06266262646001897,-0.11241780268489521,47.65539253684683,17.470501417017267,2.727763296503199,-15.793821924068485,220.63451080961323,-2.268849963565465,-0.05163163385954972,4.440892098500626e-14,30.678865655237075,19.240338241132374,1.594507605362737,-15.793821924068506,30.081908538271595,-0.801369620469373,-0.042369256494440455,2.3092638912203256e-14,zz2000_and_cyb,below,58.0,20.0,0.0,199.0,-0.2696762032807529,False
zz2000_and_cyb_below_ma61_days20:scale0.00,37.380175494073,13.835772353362033,2.7017050107065237,-17.721104274446976,15556.74119216406,-2.361615496770142,-0.10875916068301672,-0.11241780268490587,33.668051457533686,15.375311321689278,2.189747625470168,-17.721104274446986,1715.802103966359,-1.4228978254003266,-0.03615203182891902,-0.11241780268495205,35.1554707431363,17.911947425408535,1.9626827786054912,-17.721104274446976,348.6724250483321,-1.938847474637484,-0.06266262646001897,-0.11241780268489521,47.65539253684683,17.470501417017267,2.727763296503199,-15.793821924068485,220.63451080961323,-2.268849963565465,-0.05163163385954972,4.440892098500626e-14,30.678865655237075,19.240338241132374,1.594507605362737,-15.793821924068506,30.081908538271595,-0.801369620469373,-0.042369256494440455,2.3092638912203256e-14,zz2000_and_cyb,below,61.0,20.0,0.0,200.0,-0.2696762032807529,False
zz2000_and_cyb_below_ma58_days22:scale0.25,38.040971156112406,13.883088082409243,2.7400943457466598,-17.622737624550567,16799.03180149025,-1.700819834730737,-0.07036982564288063,-0.014051152788496779,33.80313598957867,15.435402875093974,2.1899743248115815,-17.62273762455052,1734.2184692085746,-1.2878132933553417,-0.035925332487505734,-0.014051152788486121,35.22893468602286,17.99786484454246,1.9573952238398669,-17.622737624550556,349.88895063937326,-1.865383531750922,-0.06795018122564334,-0.014051152788475463,47.5814305196836,17.51450505687538,2.7166871324751107,-15.793821924068553,220.1545722214945,-2.3428119807286976,-0.0627077978876378,-2.3092638912203256e-14,30.87897447914074,19.237345696594577,1.6051577471317668,-15.793821924068563,30.277692143140822,-0.6012607965657075,-0.03171911472541056,-3.375077994860476e-14,zz2000_and_cyb,below,58.0,22.0,0.25,169.0,-0.26977494364938004,False
zz2000_and_cyb_below_ma61_days22:scale0.25,38.040971156112406,13.883088082409243,2.7400943457466598,-17.622737624550567,16799.03180149025,-1.700819834730737,-0.07036982564288063,-0.014051152788496779,33.80313598957867,15.435402875093974,2.1899743248115815,-17.62273762455052,1734.2184692085746,-1.2878132933553417,-0.035925332487505734,-0.014051152788486121,35.22893468602286,17.99786484454246,1.9573952238398669,-17.622737624550556,349.88895063937326,-1.865383531750922,-0.06795018122564334,-0.014051152788475463,47.5814305196836,17.51450505687538,2.7166871324751107,-15.793821924068553,220.1545722214945,-2.3428119807286976,-0.0627077978876378,-2.3092638912203256e-14,30.87897447914074,19.237345696594577,1.6051577471317668,-15.793821924068563,30.277692143140822,-0.6012607965657075,-0.03171911472541056,-3.375077994860476e-14,zz2000_and_cyb,below,61.0,22.0,0.25,170.0,-0.26977494364938004,False
zz2000_and_cyb_below_ma61_days21:scale0.25,37.96950361372493,13.866585876091497,2.738201310186325,-18.914963085867786,16660.349084818874,-1.7722873771182108,-0.07226286120321523,-1.306276614105716,33.866372741688686,15.416133523335636,2.1968136621562495,-18.914963085867775,1742.8972915233203,-1.2245765412453267,-0.029085995142837717,-1.306276614105741,35.174657597279335,17.966367012726913,1.9578058030520311,-18.914963085867775,348.98989561382496,-1.9196606204944473,-0.06753960201347908,-1.3062766141056947,48.264737718837566,17.497599216355788,2.758363425864867,-15.793821924068519,224.6067790115078,-1.6595047815747321,-0.021031504497881492,1.0658141036401503e-14,30.87897447914074,19.237345696594577,1.6051577471317668,-15.793821924068563,30.277692143140822,-0.6012607965657075,-0.03171911472541056,-3.375077994860476e-14,zz2000_and_cyb,below,61.0,21.0,0.25,185.0,-0.2730877007011087,False
zz2000_and_cyb_below_ma58_days21:scale0.25,37.96950361372493,13.866585876091497,2.738201310186325,-18.914963085867786,16660.349084818874,-1.7722873771182108,-0.07226286120321523,-1.306276614105716,33.866372741688686,15.416133523335636,2.1968136621562495,-18.914963085867775,1742.8972915233203,-1.2245765412453267,-0.029085995142837717,-1.306276614105741,35.174657597279335,17.966367012726913,1.9578058030520311,-18.914963085867775,348.98989561382496,-1.9196606204944473,-0.06753960201347908,-1.3062766141056947,48.264737718837566,17.497599216355788,2.758363425864867,-15.793821924068519,224.6067790115078,-1.6595047815747321,-0.021031504497881492,1.0658141036401503e-14,30.87897447914074,19.237345696594577,1.6051577471317668,-15.793821924068563,30.277692143140822,-0.6012607965657075,-0.03171911472541056,-3.375077994860476e-14,zz2000_and_cyb,below,58.0,21.0,0.25,184.0,-0.2730877007011087,False
zz2000_and_cyb_below_ma62_days22:scale0.25,38.14001110747498,13.890565924960324,2.745749259858462,-17.622737624550567,16992.997271869204,-1.6017798833681596,-0.06471491153107856,-0.014051152788496779,33.80896715614665,15.45155324138725,2.188062690395989,-17.62273762455052,1735.0172156506446,-1.2819821267873621,-0.03783696690309801,-0.014051152788486121,35.240750693772505,18.025658140515844,1.955032677257021,-17.622737624550556,350.0848636152155,-1.8535675240012779,-0.07031272780848918,-0.014051152788475463,47.60292338190253,17.562057187524445,2.7105550832460676,-15.793821924068506,220.29398981529127,-2.32131911850977,-0.0688398471166809,2.3092638912203256e-14,30.87897447914074,19.237345696594577,1.6051577471317668,-15.793821924068563,30.277692143140822,-0.6012607965657075,-0.03171911472541056,-3.375077994860476e-14,zz2000_and_cyb,below,62.0,22.0,0.25,169.0,-0.27363731331718033,False
zz2000_and_cyb_below_ma50_days12:scale0.00,37.2815685345339,13.428240173526529,2.7763555054692626,-17.60868647176206,15378.873319265484,-2.460222456309239,-0.034108665920277836,1.0658141036401503e-14,33.87242995593969,14.916236519451932,2.2708429107950527,-17.608686471762024,1743.7305400364291,-1.2185193269943255,0.04494325349596551,1.0658141036401503e-14,35.954106115098725,17.168383459976138,2.0942045125516264,-17.60868647176209,362.0394860095697,-1.1402121026750578,0.06885910748611623,-1.0658141036401503e-14,44.10293841443422,16.7209609092418,2.63758396744162,-14.76605485970942,198.11884182196695,-5.821304085978078,-0.1418109629211286,1.027767064359109,40.9792323395878,17.763724936706378,2.306905363914393,-14.766054859709431,40.15315000150848,9.498997063881355,0.6700285020572154,1.0277670643590984,zz2000_and_cyb,below,50.0,12.0,0.0,337.0,-0.27365760609503076,False
zz2000_and_cyb_below_ma48_days18:scale0.25,38.036111927049454,13.963480365006397,2.7239707388690144,-17.60868647176205,16789.56850198144,-1.7056790637936885,-0.08649343252052599,2.1316282072803006e-14,34.06768790603425,15.564981072441931,2.1887394367829773,-17.60868647176207,1770.7731006904742,-1.023261376899761,-0.0371602205161099,-3.552713678800501e-14,35.555632362299264,18.062676269317336,1.9684587063488936,-17.608686471762034,355.3308729175451,-1.5386858554745189,-0.05688669871661656,4.618527782440651e-14,47.31811055235342,17.743889436128622,2.666727084987818,-15.53932231414219,218.44977368818667,-2.6061319480588807,-0.11266784537493058,0.2544996099263397,29.85131629619502,19.150640819096466,1.558763311274062,-15.5393223141422,29.2721915418624,-1.628918979511429,-0.07811355058311542,0.25449960992632903,zz2000_and_cyb,below,48.0,18.0,0.25,173.0,-0.2740338545359633,False
zz2000_and_cyb_below_ma58_days16:scale0.25,37.385157067929306,13.754336241294506,2.7180633374141476,-18.353801492269074,15565.777617921209,-2.3566339229138364,-0.09240083397539278,-0.7451150205070043,33.67155846981853,15.31715357573113,2.1982908445318827,-18.353801492269074,1716.278110643519,-1.4193908131154842,-0.027608812767204505,-0.7451150205070398,34.96515185711952,17.820744469398058,1.9620477650168882,-18.353801492269106,345.5330664357387,-2.12916636065426,-0.06329764004862204,-0.7451150205070256,47.87161872830112,17.38176345471977,2.7541289957724207,-15.763826717236217,222.0403453996409,-2.0526237721111755,-0.025265934590327888,0.029995206832312604,32.203842511197635,19.13190907711858,1.6832529561680205,-15.763826717236206,31.57379518893595,0.7236072354911869,0.04637609431084311,0.029995206832323262,zz2000_and_cyb,below,58.0,16.0,0.25,268.0,-0.2762352694269671,False
zz2000_and_cyb_below_ma53_days11:scale0.50,37.530457109667005,13.520474459320345,2.775823971457996,-17.608686471762034,15831.50804847683,-2.211333881176138,-0.03464019993154421,3.552713678800501e-14,33.128133657986105,15.03143953195581,2.2039228902566492,-17.608686471762024,1643.8439667030007,-1.9628156249479076,-0.021976767042438006,1.0658141036401503e-14,35.56690637816931,17.368586033551804,2.0477721277634724,-17.60868647176206,355.51960305940725,-1.5274118396044756,0.022426722697962198,2.1316282072803006e-14,45.98330707106457,16.951060442456438,2.712709758021544,-15.488267998044291,209.9008035545524,-3.940935429347725,-0.06668517234120452,0.30555392602423836,33.61789172849201,18.359594719528697,1.8310802739416356,-15.488267998044304,32.95689802449044,2.1376564527855635,0.19420341208445824,0.30555392602422593,zz2000_and_cyb,below,53.0,11.0,0.5,381.0,-0.277283152984119,False
zz2000_and_cyb_below_ma54_days11:scale0.50,37.427379138975155,13.515406522647424,2.769238133996121,-17.608686471762034,15642.563700748571,-2.3144118518679875,-0.04122603739341946,3.552713678800501e-14,33.128133657986105,15.03143953195581,2.2039228902566492,-17.608686471762024,1643.8439667030007,-1.9628156249479076,-0.021976767042438006,1.0658141036401503e-14,35.56690637816931,17.368586033551804,2.0477721277634724,-17.60868647176206,355.51960305940725,-1.5274118396044756,0.022426722697962198,2.1316282072803006e-14,45.98330707106457,16.951060442456438,2.712709758021544,-15.488267998044291,209.9008035545524,-3.940935429347725,-0.06668517234120452,0.30555392602423836,33.61789172849201,18.359594719528697,1.8310802739416356,-15.488267998044304,32.95689802449044,2.1376564527855635,0.19420341208445824,0.30555392602422593,zz2000_and_cyb,below,54.0,11.0,0.5,387.0,-0.277283152984119,False
zz2000_and_cyb_below_ma65_days15:scale0.00,37.59491663876182,13.6344129820869,2.757354987571126,-18.95582529788569,15950.741707102432,-2.146874352081319,-0.05310918381841434,-1.3471388261236186,33.99691078998413,15.181307596001586,2.2393927911017455,-18.955825297885664,1760.9297469114047,-1.0940384929498848,0.013493133802658264,-1.3471388261236292,35.72696655739651,17.649274063167088,2.0242739973060093,-18.95582529788572,358.2058069789435,-1.367351660377274,-0.0010714077595008753,-1.3471388261236399,46.802408924184704,17.3393018801279,2.6992095326412,-15.79382192406854,215.12851772365727,-3.121833576227594,-0.08018539772154876,-1.0658141036401503e-14,30.15237517496965,19.026309871594474,1.5847726321322007,-15.793821924068506,29.566773273439395,-1.3278601007367996,-0.05210422972497675,2.3092638912203256e-14,zz2000_and_cyb,below,65.0,15.0,0.0,291.0,-0.2777100269538082,False
zz2000_and_cyb_below_ma61_days17:scale0.00,36.585339776096795,13.76361636481745,2.658119698077042,-17.831022332451006,14175.866562112555,-3.1564512147463475,-0.15234447331249834,-0.2223358606889363,33.54548928955818,15.311657084950184,2.190846431803258,-17.831022332451063,1699.237097359483,-1.5454599933758288,-0.03505322549582912,-0.22233586068902866,34.98938543610031,17.81150286793596,1.9644263426579096,-17.831022332451052,345.9318270972256,-2.104932781673476,-0.06091906240760059,-0.22233586068897182,47.58222550424123,17.36142354196641,2.740686867596107,-15.79382192406854,220.15972832262216,-2.3420169961710684,-0.038708062766641405,-1.0658141036401503e-14,31.891826930524083,19.097826062274958,1.6699192267502034,-15.793821924068553,31.268574052158815,0.4115916548176344,0.03304236489302603,-2.3092638912203256e-14,zz2000_and_cyb,below,61.0,17.0,0.0,246.0,-0.27824065178842966,False
zz2000_and_cyb_below_ma61_days14:scale0.25,38.044031276786036,13.604618427871648,2.796405608763389,-17.608686471762102,16804.993905352203,-1.6977597140571064,-0.01405856262615135,-3.197442310920451e-14,34.21945943142628,15.149215928999382,2.2588270965180244,-17.60868647176206,1792.038914870877,-0.8714898515077323,0.03292743921893715,-2.4868995751603507e-14,36.052270153859546,17.570740546331074,2.051835553475723,-17.60868647176207,363.7042198795843,-1.0420480639142369,0.02649014841021291,1.0658141036401503e-14,45.3390606110057,17.278982880767813,2.6239426778684907,-16.17232343163374,205.82985343633084,-4.5851818894065985,-0.15545225249425787,-0.3785015075652094,26.611159176952583,18.874750691694672,1.4098813601104734,-16.172323431633696,26.10099943760651,-4.869076098753865,-0.22699550174670402,-0.37850150756516676,zz2000_and_cyb,below,61.0,14.0,0.25,315.0,-0.2786851064953196,False
zz2000_and_cyb_below_ma50_days10:scale0.50,37.46839543621523,13.4764403749764,2.7802887404739356,-17.67190311402347,15717.49456675195,-2.2733955546279105,-0.030175430915604817,-0.06321664226139845,33.261530115774306,14.976890540562446,2.220856861154919,-17.67190311402347,1661.3796506305039,-1.8294191671597062,-0.00504279614416836,-0.06321664226143398,35.47178391927122,17.244840039385323,2.056950591496213,-17.6719031140235,353.9291869499506,-1.6225342985025648,0.03160518643070276,-0.06321664226141976,45.30316019661906,16.751131607634395,2.7044835690964284,-14.76605485970942,205.60405409350076,-4.621082303793237,-0.07491136126632014,1.027767064359109,36.5407097733208,18.02704258751194,2.0269941448207387,-14.76605485970942,35.8149595408797,5.060474497614351,0.3901172829635613,1.027767064359109,zz2000_and_cyb,below,50.0,10.0,0.5,411.0,-0.279556965988312,False
zz2000_and_cyb_below_ma53_days17:scale0.25,37.65973895551635,13.871594170494243,2.7148818292003525,-17.60868647176208,16071.489399520471,-2.0820520353267895,-0.09558234218918793,-1.0658141036401503e-14,33.931293467476785,15.458106851783917,2.195048448870115,-17.60868647176209,1751.8456547685098,-1.1596558154572278,-0.030851208428972043,-5.684341886080802e-14,35.2650242345359,18.06535595672689,1.9520802313006445,-17.60868647176207,350.48754018499733,-1.829293983237882,-0.07326517376486574,1.0658141036401503e-14,47.69951735350173,17.783280479798936,2.6822676169161475,-15.966274581127958,220.92106409383544,-2.224725146910565,-0.09712731344660108,-0.17245265705942892,31.206283301143188,19.2657038342731,1.6197842326231633,-15.966274581127971,30.597915365488504,-0.2739519745632606,-0.01709262923401411,-0.17245265705944135,zz2000_and_cyb,below,53.0,17.0,0.25,214.0,-0.2807512449803214,False
zz2000_and_cyb_below_ma51_days10:scale0.50,37.48964919988638,13.47632714983105,2.7818892182619934,-17.671903114023515,15756.453475115779,-2.252141790956763,-0.028574953127546987,-0.06321664226144463,33.257960987288456,14.97662829820359,2.2206574353773387,-17.6719031140235,1660.9084111005277,-1.8329882956455563,-0.005242221921748502,-0.06321664226146595,35.46367375459898,17.244390372283437,2.0565339214078002,-17.6719031140235,353.7937932933097,-1.6306444631748036,0.03118851634229003,-0.06321664226141976,45.28866260154456,16.750376914400565,2.703739911823069,-14.7660548597094,205.5129014389527,-4.635579898867739,-0.07565501853967938,1.0277670643591303,36.5407097733208,18.02704258751194,2.0269941448207387,-14.76605485970942,35.8149595408797,5.060474497614351,0.3901172829635613,1.027767064359109,zz2000_and_cyb,below,51.0,10.0,0.5,414.0,-0.2811351880036997,False
zz2000_and_cyb_below_ma49_days11:scale0.25,36.838954211958416,13.429202131316062,2.7431975371084985,-17.87426399383666,14603.558043337433,-2.9028367788847262,-0.06726663428104196,-0.2655775220745902,32.966851049096356,14.939414436206825,2.2067030264050143,-17.87426399383668,1622.8523910285162,-2.124098233837657,-0.019196630894072975,-0.265577522074647,35.44201412649224,17.09486031374484,2.07325555611564,-17.874263993836614,353.43235881877587,-1.6523040912815432,0.047910151050129635,-0.26557752207453333,45.34008280400039,16.63336710411726,2.725851147286791,-14.766054859709431,205.83628424932482,-4.584159696411909,-0.05354378307595775,1.0277670643590984,41.1404270751446,17.783233475954948,2.313439067803466,-14.76605485970942,40.31065652758357,9.660191799438152,0.6765622059462888,1.027767064359109,zz2000_and_cyb,below,49.0,11.0,0.25,358.0,-0.28448207064015274,False
zz2000_and_cyb_below_ma51_days18:scale0.25,38.1347742798432,13.903711021770206,2.742776674524692,-17.608686471762102,16982.689147652425,-1.6070167109999431,-0.0676874968648482,-3.197442310920451e-14,34.17332055312367,15.47705633551468,2.2079987183807885,-17.60868647176206,1785.5511627496164,-0.9176287298103389,-0.017900938918298692,-2.4868995751603507e-14,35.425150677360605,18.06346850147138,1.9611488609994814,-17.608686471762034,353.1511175851655,-1.6691675404131772,-0.06419654406602882,4.618527782440651e-14,47.08184658347165,17.745542999622955,2.6531646050206534,-15.539322314142211,216.9252941644419,-2.842395916940646,-0.1262303253420951,0.25449960992631837,29.85131629619502,19.150640819096466,1.558763311274062,-15.5393223141422,29.2721915418624,-1.628918979511429,-0.07811355058311542,0.25449960992632903,zz2000_and_cyb,below,51.0,18.0,0.25,195.0,-0.28450749486637844,False
zz2000_and_cyb_below_ma53_days14:scale0.25,38.32206150193327,13.70105266878939,2.7970158518717207,-17.60868647176205,17354.988752531506,-1.4197294889098728,-0.013448319517819662,2.1316282072803006e-14,34.09748814242211,15.276211148417845,2.232064470119188,-17.60868647176207,1774.931577893445,-0.9934611405119043,0.006164812820100618,-3.552713678800501e-14,36.02656841915246,17.77549852582623,2.026754319537595,-17.608686471762034,363.26788948040763,-1.0677497986213211,0.001408914472084799,4.618527782440651e-14,45.723831265272466,17.601769240035818,2.5976838260822137,-14.970349556172868,208.2568838863632,-4.200411235139832,-0.18171110428053483,0.8234723678956613,28.1208030244934,19.00395135995496,1.4797345295120798,-14.970349556172891,27.578681973165974,-3.359432251213047,-0.15714233234509756,0.8234723678956382,zz2000_and_cyb,below,53.0,14.0,0.25,282.0,-0.2847887115332587,False
zz2000_and_cyb_below_ma54_days14:scale0.25,38.25467767912008,13.700715381902508,2.7921664389621057,-17.60868647176205,17220.172466271757,-1.4871133117230642,-0.01829773242743471,2.1316282072803006e-14,34.09748814242211,15.276211148417845,2.232064470119188,-17.60868647176207,1774.931577893445,-0.9934611405119043,0.006164812820100618,-3.552713678800501e-14,36.02656841915246,17.77549852582623,2.026754319537595,-17.608686471762034,363.26788948040763,-1.0677497986213211,0.001408914472084799,4.618527782440651e-14,45.723831265272466,17.601769240035818,2.5976838260822137,-14.970349556172868,208.2568838863632,-4.200411235139832,-0.18171110428053483,0.8234723678956613,28.1208030244934,19.00395135995496,1.4797345295120798,-14.970349556172891,27.578681973165974,-3.359432251213047,-0.15714233234509756,0.8234723678956382,zz2000_and_cyb,below,54.0,14.0,0.25,287.0,-0.2847887115332587,False
zz2000_and_cyb_below_ma57_days16:scale0.25,37.44060214653968,13.837989135960196,2.7056389319777954,-18.353801492269106,15666.683818399739,-2.3011888443034607,-0.10482523941174504,-0.7451150205070363,33.75749263923884,15.436670439690381,2.186837684403913,-18.353801492268996,1727.9770972899155,-1.3334566436951718,-0.039061972895174435,-0.7451150205069617,35.139168690624835,18.026522561856908,1.949303786686918,-18.353801492269074,348.4028281557161,-1.9551495271489472,-0.07604161837859214,-0.7451150205069936,48.18907748075203,17.733172243794122,2.717453866587024,-15.763826717236217,224.1117857062465,-1.7351650196602648,-0.061941063775724725,0.029995206832312604,32.203842511197635,19.13190907711858,1.6832529561680205,-15.763826717236206,31.57379518893595,0.7236072354911869,0.04637609431084311,0.029995206832323262,zz2000_and_cyb,below,57.0,16.0,0.25,249.0,-0.2868917326575561,False
zz2000_and_cyb_below_ma46_days17:scale0.50,38.17959232011982,13.95573870302196,2.7357629096231544,-17.608686471762024,17071.09731806368,-1.562198670723319,-0.07470126176638603,4.618527782440651e-14,34.117799562613186,15.568314398287745,2.191489630140407,-17.60868647176207,1777.7707023478843,-0.9731497203208264,-0.03441002715868002,-3.552713678800501e-14,35.25297382126187,18.060196859446908,1.951970628870625,-17.60868647176209,350.28759851076677,-1.8413443965119143,-0.0733747761948853,-1.0658141036401503e-14,47.302906503624655,17.728478807600087,2.6681875538777864,-15.488267998044291,218.3515238420825,-2.621335996787643,-0.11120737648496215,0.30555392602423836,28.983441052550575,19.038226635372524,1.522381344000817,-15.488267998044291,28.4229227420131,-2.4967942231558737,-0.11449551785636047,0.30555392602423836,zz2000_and_cyb,below,46.0,17.0,0.5,182.0,-0.2887733167738892,False
zz2000_and_cyb_below_ma45_days17:scale0.50,38.277430003319445,13.967321924319446,2.7404988737799503,-17.60868647176205,17265.584035388052,-1.4643609875236976,-0.06996529760959014,2.1316282072803006e-14,34.117799562613186,15.568314398287745,2.191489630140407,-17.60868647176207,1777.7707023478843,-0.9731497203208264,-0.03441002715868002,-3.552713678800501e-14,35.25297382126187,18.060196859446908,1.951970628870625,-17.60868647176209,350.28759851076677,-1.8413443965119143,-0.0733747761948853,-1.0658141036401503e-14,47.302906503624655,17.728478807600087,2.6681875538777864,-15.488267998044291,218.3515238420825,-2.621335996787643,-0.11120737648496215,0.30555392602423836,28.983441052550575,19.038226635372524,1.522381344000817,-15.488267998044291,28.4229227420131,-2.4967942231558737,-0.11449551785636047,0.30555392602423836,zz2000_and_cyb,below,45.0,17.0,0.5,181.0,-0.2887733167738892,False
zz2000_and_cyb_below_ma62_days15:scale0.25,37.98034005613331,13.651631363679801,2.782109994354235,-17.60868647176208,16681.308367684655,-1.7614509347098348,-0.028354177035305295,-1.0658141036401503e-14,34.03424453970809,15.199755983297743,2.239130981912251,-17.60868647176208,1766.1161280955564,-1.0567047432259216,0.013231324613163675,-4.618527782440651e-14,35.563555568408844,17.650562776005813,2.014868082096168,-17.608686471762034,355.46350304873806,-1.530762649364938,-0.010477322969342229,4.618527782440651e-14,46.043394070607626,17.333673616162976,2.6562975102792956,-16.172323431633696,210.28231736422453,-3.880848429804672,-0.12309742008345292,-0.37850150756516676,28.390214069758724,19.029668702546928,1.4918921875901592,-16.172323431633686,27.842357772965954,-3.090021205947725,-0.14498467426701822,-0.3785015075651561,zz2000_and_cyb,below,62.0,15.0,0.25,288.0,-0.28884926943883305,False
zz2000_and_cyb_below_ma47_days17:scale0.50,38.1811229758257,13.9548485016553,2.7360471144704093,-17.608686471762024,17074.124251767116,-1.5606680150174412,-0.07441705691913114,4.618527782440651e-14,34.10796761028263,15.56723092253011,2.1910105772837816,-17.60868647176207,1776.3959121376938,-0.982981672651384,-0.03488908001530566,-3.552713678800501e-14,35.25297382126187,18.060196859446908,1.951970628870625,-17.60868647176209,350.28759851076677,-1.8413443965119143,-0.0733747761948853,-1.0658141036401503e-14,47.302906503624655,17.728478807600087,2.6681875538777864,-15.488267998044291,218.3515238420825,-2.621335996787643,-0.11120737648496215,0.30555392602423836,28.983441052550575,19.038226635372524,1.522381344000817,-15.488267998044291,28.4229227420131,-2.4967942231558737,-0.11449551785636047,0.30555392602423836,zz2000_and_cyb,below,47.0,17.0,0.5,189.0,-0.2893078017721188,False
zz2000_and_cyb_below_ma56_days17:scale0.25,37.382895103260026,13.86404173958443,2.6963922790656984,-17.60868647176209,15561.673876130943,-2.3588958875831167,-0.11407189232384196,-2.1316282072803006e-14,33.94888932247952,15.457428417131187,2.196283133671484,-17.60868647176209,1754.2777088960818,-1.142059960454489,-0.029616523627603364,-5.684341886080802e-14,35.20882519801547,18.06558415738643,1.9489447388624703,-17.60868647176207,349.5556859781197,-1.8854930197583144,-0.07640066620303987,1.0658141036401503e-14,47.597256119701534,17.783808105710424,2.6764377931191206,-15.966274581127982,220.25722410499063,-2.326986380710764,-0.10295713724362798,-0.172452657059452,31.206283301143188,19.2657038342731,1.6197842326231633,-15.966274581127971,30.597915365488504,-0.2739519745632606,-0.01709262923401411,-0.17245265705944135,zz2000_and_cyb,below,56.0,17.0,0.25,222.0,-0.289634794508378,False
zz2000_and_cyb_below_ma65_days13:scale0.00,36.88548172123609,13.456268279023073,2.7411375097757773,-17.60868647176208,14683.313288755506,-2.8563092696070527,-0.06932666161376311,-1.0658141036401503e-14,33.43212592904741,14.966884476124084,2.2337398262397223,-17.608686471762024,1684.0365614772306,-1.6588233538866035,0.007840168940635106,1.0658141036401503e-14,35.79494645438545,17.338695026935294,2.064454470118932,-17.608686471762034,359.3505006708933,-1.2993717633883293,0.0391090650534216,4.618527782440651e-14,45.28072529258957,16.97234246226513,2.66791254025559,-15.79382192406853,205.4630038083926,-4.643517207822725,-0.11148239010715866,0.0,31.100558335942786,18.458980658028274,1.6848470081914504,-15.793821924068506,30.49448063644975,-0.37967693976366235,0.04797014633427299,2.3092638912203256e-14,zz2000_and_cyb,below,65.0,13.0,0.0,344.0,-0.2900323926655348,False
zz2000_and_cyb_below_ma64_days22:scale0.00,37.95391922805131,13.87110948684115,2.7361848209803523,-17.60868647176205,16630.24958394172,-1.7878717627918306,-0.0742793504091881,2.1316282072803006e-14,33.91866648433497,15.423180537486642,2.1992005087338717,-17.60868647176208,1750.1021549215616,-1.172282798599042,-0.02669914856521549,-4.618527782440651e-14,35.18799374721575,18.022284547464547,1.9524713226307453,-17.608686471762024,349.2106646946373,-1.9063244705580331,-0.0728740824347649,5.684341886080802e-14,47.22372759531579,17.547681226994,2.6911662563524605,-15.793821924068519,217.8401891325771,-2.7005149050965045,-0.088228674010288,1.0658141036401503e-14,30.678865655237075,19.240338241132374,1.594507605362737,-15.793821924068506,30.081908538271595,-0.801369620469373,-0.042369256494440455,2.3092638912203256e-14,zz2000_and_cyb,below,64.0,22.0,0.0,167.0,-0.2903088146110139,False
zz2000_and_cyb_below_ma65_days22:scale0.00,37.95391922805131,13.87110948684115,2.7361848209803523,-17.60868647176205,16630.24958394172,-1.7878717627918306,-0.0742793504091881,2.1316282072803006e-14,33.91866648433497,15.423180537486642,2.1992005087338717,-17.60868647176208,1750.1021549215616,-1.172282798599042,-0.02669914856521549,-4.618527782440651e-14,35.18799374721575,18.022284547464547,1.9524713226307453,-17.608686471762024,349.2106646946373,-1.9063244705580331,-0.0728740824347649,5.684341886080802e-14,47.22372759531579,17.547681226994,2.6911662563524605,-15.793821924068519,217.8401891325771,-2.7005149050965045,-0.088228674010288,1.0658141036401503e-14,30.678865655237075,19.240338241132374,1.594507605362737,-15.793821924068506,30.081908538271595,-0.801369620469373,-0.042369256494440455,2.3092638912203256e-14,zz2000_and_cyb,below,65.0,22.0,0.0,168.0,-0.2903088146110139,False
zz2000_and_cyb_below_ma62_days14:scale0.25,38.12130527609465,13.6009098677507,2.8028496362941566,-17.60868647176205,16956.203636716513,-1.6204857147484901,-0.00761453509538379,2.1316282072803006e-14,34.19162206002617,15.149447373177699,2.2569550702267134,-17.60868647176206,1788.1222034220941,-0.8993272229078428,0.031055412927626147,-2.4868995751603507e-14,35.995701512949374,17.57115843512782,2.0485673523373205,-17.60868647176207,362.7443053595509,-1.0986167048244084,0.02322194727181026,1.0658141036401503e-14,45.238357971892995,17.27980021348099,2.617990799257036,-16.172323431633707,205.19675478337982,-4.685884528519303,-0.1614041311057126,-0.3785015075651774,26.611159176952583,18.874750691694672,1.4098813601104734,-16.172323431633696,26.10099943760651,-4.869076098753865,-0.22699550174670402,-0.37850150756516676,zz2000_and_cyb,below,62.0,14.0,0.25,314.0,-0.2905707754587071,False
zz2000_and_cyb_below_ma55_days17:scale0.25,37.64182637907349,13.871691472081707,2.7135714815191627,-17.60868647176208,16038.037929537037,-2.09996461176965,-0.09689268987037769,-1.0658141036401503e-14,33.90353674578223,15.458231705197884,2.193235124971122,-17.60868647176209,1748.0150268155683,-1.1874125371517792,-0.03266453232796529,-5.684341886080802e-14,35.20882519801547,18.06558415738643,1.9489447388624703,-17.60868647176207,349.5556859781197,-1.8854930197583144,-0.07640066620303987,1.0658141036401503e-14,47.597256119701534,17.783808105710424,2.6764377931191206,-15.966274581127982,220.25722410499063,-2.326986380710764,-0.10295713724362798,-0.172452657059452,31.206283301143188,19.2657038342731,1.6197842326231633,-15.966274581127971,30.597915365488504,-0.2739519745632606,-0.01709262923401411,-0.17245265705944135,zz2000_and_cyb,below,55.0,17.0,0.25,218.0,-0.29251937615947765,False
zz2000_and_cyb_below_ma54_days17:scale0.25,37.64182637907349,13.871691472081707,2.7135714815191627,-17.60868647176208,16038.037929537037,-2.09996461176965,-0.09689268987037769,-1.0658141036401503e-14,33.90353674578223,15.458231705197884,2.193235124971122,-17.60868647176209,1748.0150268155683,-1.1874125371517792,-0.03266453232796529,-5.684341886080802e-14,35.20882519801547,18.06558415738643,1.9489447388624703,-17.60868647176207,349.5556859781197,-1.8854930197583144,-0.07640066620303987,1.0658141036401503e-14,47.597256119701534,17.783808105710424,2.6764377931191206,-15.966274581127982,220.25722410499063,-2.326986380710764,-0.10295713724362798,-0.172452657059452,31.206283301143188,19.2657038342731,1.6197842326231633,-15.966274581127971,30.597915365488504,-0.2739519745632606,-0.01709262923401411,-0.17245265705944135,zz2000_and_cyb,below,54.0,17.0,0.25,218.0,-0.29251937615947765,False
zz2000_and_cyb_below_ma47_days18:scale0.25,38.035835851871205,13.962697155612622,2.724103762186222,-17.60868647176206,16789.030997484424,-1.7059551389719374,-0.08636040920331833,1.0658141036401503e-14,34.04583081776109,15.56420147648015,2.187444750648433,-17.60868647176208,1767.7283293108624,-1.0451184651729193,-0.03845490665065432,-4.618527782440651e-14,35.45797916155789,18.063056837768425,1.9630109942088017,-17.608686471762034,353.69874524552006,-1.6363390562158955,-0.062334410856708544,4.618527782440651e-14,47.14127503526806,17.744766852887413,2.656629722221302,-15.539322314142224,217.30829456014877,-2.782967465144239,-0.12276520814144654,0.25449960992630594,29.85131629619502,19.150640819096466,1.558763311274062,-15.5393223141422,29.2721915418624,-1.628918979511429,-0.07811355058311542,0.25449960992632903,zz2000_and_cyb,below,47.0,18.0,0.25,169.0,-0.2927165528286709,False
zz2000_and_cyb_below_ma45_days18:scale0.25,37.935632769842265,13.963412844188817,2.716788022609388,-17.60868647176206,16594.99592729762,-1.806158221000878,-0.09367614878015251,1.0658141036401503e-14,34.04583081776109,15.56420147648015,2.187444750648433,-17.60868647176208,1767.7283293108624,-1.0451184651729193,-0.03845490665065432,-4.618527782440651e-14,35.45797916155789,18.063056837768425,1.9630109942088017,-17.608686471762034,353.69874524552006,-1.6363390562158955,-0.062334410856708544,4.618527782440651e-14,47.14127503526806,17.744766852887413,2.656629722221302,-15.539322314142224,217.30829456014877,-2.782967465144239,-0.12276520814144654,0.25449960992630594,29.85131629619502,19.150640819096466,1.558763311274062,-15.5393223141422,29.2721915418624,-1.628918979511429,-0.07811355058311542,0.25449960992632903,zz2000_and_cyb,below,45.0,18.0,0.25,162.0,-0.2927165528286709,False
zz2000_and_cyb_below_ma46_days18:scale0.25,37.99848777692036,13.962058474977127,2.7215534045371212,-17.60868647176205,16716.463766290337,-1.743303213922779,-0.08891076685241917,2.1316282072803006e-14,34.04583081776109,15.56420147648015,2.187444750648433,-17.60868647176208,1767.7283293108624,-1.0451184651729193,-0.03845490665065432,-4.618527782440651e-14,35.45797916155789,18.063056837768425,1.9630109942088017,-17.608686471762034,353.69874524552006,-1.6363390562158955,-0.062334410856708544,4.618527782440651e-14,47.14127503526806,17.744766852887413,2.656629722221302,-15.539322314142224,217.30829456014877,-2.782967465144239,-0.12276520814144654,0.25449960992630594,29.85131629619502,19.150640819096466,1.558763311274062,-15.5393223141422,29.2721915418624,-1.628918979511429,-0.07811355058311542,0.25449960992632903,zz2000_and_cyb,below,46.0,18.0,0.25,163.0,-0.2927165528286709,False
zz2000_and_cyb_below_ma56_days22:scale0.00,37.715314951761925,13.956765494385104,2.70229624241627,-17.966937561402663,16175.690790372946,-2.026476039081217,-0.10816792897327021,-0.3582510896405928,33.74552596409182,15.539378646679772,2.171613597388083,-17.966937561402585,1726.343913278744,-1.3454233188421938,-0.054286059911004436,-0.3582510896405502,35.41367041450789,18.192004135647228,1.9466612996813701,-17.966937561402606,352.959734563993,-1.6806478032658916,-0.07868410538414006,-0.3582510896405253,47.975848454847906,17.85438904275706,2.6870618949747893,-15.79382192406853,222.71947706582375,-1.9483940455643918,-0.09233303538795923,0.0,31.48023527570645,19.23188970976682,1.6368768618571774,-15.79382192406853,30.86592630275138,0.0,0.0,0.0,zz2000_and_cyb,below,56.0,22.0,0.0,147.0,-0.2943608082014991,False
zz2000_and_cyb_below_ma48_days11:scale0.25,36.895178781663994,13.441995795415785,2.7447694035320715,-17.87426399383667,14699.986501238549,-2.846612209179149,-0.06569476785746886,-0.26557752207460084,32.82679487640101,14.953854492143703,2.1952062522506957,-17.874263993836614,1604.8082941519133,-2.2641544065330024,-0.030693405048391575,-0.2655775220745795,35.44201412649224,17.09486031374484,2.07325555611564,-17.874263993836614,353.43235881877587,-1.6523040912815432,0.047910151050129635,-0.26557752207453333,45.34008280400039,16.63336710411726,2.725851147286791,-14.766054859709431,205.83628424932482,-4.584159696411909,-0.05354378307595775,1.0277670643590984,41.1404270751446,17.783233475954948,2.313439067803466,-14.76605485970942,40.31065652758357,9.660191799438152,0.6765622059462888,1.027767064359109,zz2000_and_cyb,below,48.0,11.0,0.25,352.0,-0.29443214289817105,False
zz2000_and_cyb_below_ma49_days17:scale0.50,38.196261866358874,13.95124242376286,2.737839448714616,-17.60868647176207,17104.08896445147,-1.5455291244842684,-0.07262472267492459,0.0,34.10720722180758,15.560850623671058,2.191860075433404,-17.60868647176208,1776.2896256654403,-0.9837420611264349,-0.03403958186568312,-4.618527782440651e-14,35.215572346906754,18.06008584238514,1.9499116811648525,-17.60868647176209,349.6674811560903,-1.8787458708670286,-0.07543372390065772,-1.0658141036401503e-14,47.235023362425665,17.728381682830275,2.664373105649695,-15.48826799804427,217.91310336264922,-2.6892191379866333,-0.11502182471305344,0.3055539260242597,28.983441052550575,19.038226635372524,1.522381344000817,-15.488267998044291,28.4229227420131,-2.4967942231558737,-0.11449551785636047,0.30555392602423836,zz2000_and_cyb,below,49.0,17.0,0.5,198.0,-0.2955275238628843,False
zz2000_and_cyb_below_ma55_days11:scale0.50,37.45545823410173,13.507960515685417,2.7728433312052196,-17.60868647176208,15693.824152753012,-2.286332756741416,-0.03762084018432077,-1.0658141036401503e-14,33.18566754889256,15.020506387860088,2.2093574405530005,-17.60868647176206,1651.387746717726,-1.905281734041452,-0.01654221674608669,-2.4868995751603507e-14,35.43963031219659,17.371054886152777,2.040154184329189,-17.60868647176206,353.3925941409815,-1.654687905577191,0.01480877926367885,2.1316282072803006e-14,45.75495284256657,16.955557232053717,2.6985225089546976,-15.488267998044304,208.45374887554246,-4.169289657845731,-0.08087242140805095,0.30555392602422593,32.98313845272644,18.371110826208724,1.7953807347170214,-15.48826799804428,32.33606742584021,1.502903177019995,0.15850387285984402,0.305553926024249,zz2000_and_cyb,below,55.0,11.0,0.5,387.0,-0.2961895176657907,False
zz2000_and_cyb_below_ma63_days13:scale0.00,36.93090981418619,13.46769039748644,2.7421858332204336,-17.60868647176205,14761.574985050245,-2.810881176656956,-0.06827833816910678,2.1316282072803006e-14,33.502663740063475,14.983263898049056,2.236005717314089,-17.60868647176205,1693.4811105323615,-1.588285542870537,0.010106060015001805,-1.4210854715202004e-14,35.643762670347854,17.337747171889365,2.055847412986794,-17.60868647176207,356.80786535390956,-1.4505555474259282,0.03050200792128388,1.0658141036401503e-14,45.28072529258957,16.97234246226513,2.66791254025559,-15.79382192406853,205.4630038083926,-4.643517207822725,-0.11148239010715866,0.0,31.100558335942786,18.458980658028274,1.6848470081914504,-15.793821924068506,30.49448063644975,-0.37967693976366235,0.04797014633427299,2.3092638912203256e-14,zz2000_and_cyb,below,63.0,13.0,0.0,336.0,-0.2963782738052555,False
zz2000_and_cyb_below_ma61_days15:scale0.25,37.87202802048555,13.65548926093975,2.773392245184136,-17.60868647176207,16472.91657664323,-1.8697629703575913,-0.03707192620540445,0.0,34.01387104695581,15.19973565299067,2.237793592171013,-17.60868647176208,1763.2842451581962,-1.077078235978199,0.011893934871925804,-4.618527782440651e-14,35.52224492364693,17.650538757641193,2.012530348869311,-17.608686471762034,354.77232456126177,-1.5720732941268523,-0.012815056196199048,4.618527782440651e-14,45.96922794862501,17.333722658355917,2.652011276208174,-16.172323431633707,209.8114553492199,-3.9550145517872863,-0.12738365415457453,-0.3785015075651774,28.390214069758724,19.029668702546928,1.4918921875901592,-16.172323431633686,27.842357772965954,-3.090021205947725,-0.14498467426701822,-0.3785015075651561,zz2000_and_cyb,below,61.0,15.0,0.25,289.0,-0.2974828395770682,False
zz2000_and_cyb_below_ma56_days15:scale0.00,37.51152715240826,13.733855215731241,2.7313180868137623,-17.623645971440173,15796.650458173115,-2.2302638384348796,-0.0791460845757781,-0.014959499678102617,34.06364695904755,15.317049177213566,2.2239040016743172,-17.623645971440105,1770.2098458318428,-1.0273023238864596,-0.0019956556247699986,-0.014959499678070642,35.40651236168,17.885171873693235,1.9796573726953322,-17.623645971440094,352.84043813808495,-1.6878058560937816,-0.045688032370178044,-0.014959499678013799,46.6131812190776,17.708603831191873,2.63223355513625,-15.483229843164715,213.91564672842205,-3.3110612813346947,-0.14716137522649841,0.31059208090381496,28.967459774332372,19.21808340320794,1.507302219819539,-15.483229843164715,28.407283172767418,-2.512775501374076,-0.12957464203763847,0.31059208090381496,zz2000_and_cyb,below,56.0,15.0,0.0,266.0,-0.297588489506359,False
zz2000_and_cyb_below_ma54_days22:scale0.00,38.06213264798899,13.96354752936468,2.7258211115725515,-17.966937561402652,16840.301562949295,-1.6796583428541538,-0.08464305981698894,-0.35825108964058217,33.68518509354759,15.540278546744274,2.167604975176247,-17.96693756140264,1718.128717907437,-1.4057641893864243,-0.05829468212284006,-0.35825108964060703,35.41367041450789,18.192004135647228,1.9466612996813701,-17.966937561402606,352.959734563993,-1.6806478032658916,-0.07868410538414006,-0.3582510896405253,47.975848454847906,17.85438904275706,2.6870618949747893,-15.79382192406853,222.71947706582375,-1.9483940455643918,-0.09233303538795923,0.0,31.48023527570645,19.23188970976682,1.6368768618571774,-15.79382192406853,30.86592630275138,0.0,0.0,0.0,zz2000_and_cyb,below,54.0,22.0,0.0,142.0,-0.2981753454237449,False
zz2000_and_cyb_below_ma55_days22:scale0.00,38.06213264798899,13.96354752936468,2.7258211115725515,-17.966937561402652,16840.301562949295,-1.6796583428541538,-0.08464305981698894,-0.35825108964058217,33.68518509354759,15.540278546744274,2.167604975176247,-17.96693756140264,1718.128717907437,-1.4057641893864243,-0.05829468212284006,-0.35825108964060703,35.41367041450789,18.192004135647228,1.9466612996813701,-17.966937561402606,352.959734563993,-1.6806478032658916,-0.07868410538414006,-0.3582510896405253,47.975848454847906,17.85438904275706,2.6870618949747893,-15.79382192406853,222.71947706582375,-1.9483940455643918,-0.09233303538795923,0.0,31.48023527570645,19.23188970976682,1.6368768618571774,-15.79382192406853,30.86592630275138,0.0,0.0,0.0,zz2000_and_cyb,below,55.0,22.0,0.0,142.0,-0.2981753454237449,False
zz2000_and_cyb_below_ma55_days15:scale0.00,37.857831636178794,13.740760914312776,2.7551481226010544,-17.623645971440126,16445.783283222365,-1.8839593546643485,-0.05531604878848606,-0.014959499678056432,34.00316256446667,15.317964611572373,2.2198225042756694,-17.623645971440116,1761.7973342795879,-1.087786718467342,-0.006077153023417825,-0.0149594996780813,35.40651236168,17.885171873693235,1.9796573726953322,-17.623645971440094,352.84043813808495,-1.6878058560937816,-0.045688032370178044,-0.014959499678013799,46.6131812190776,17.708603831191873,2.63223355513625,-15.483229843164715,213.91564672842205,-3.3110612813346947,-0.14716137522649841,0.31059208090381496,28.967459774332372,19.21808340320794,1.507302219819539,-15.483229843164715,28.407283172767418,-2.512775501374076,-0.12957464203763847,0.31059208090381496,zz2000_and_cyb,below,55.0,15.0,0.0,262.0,-0.3014437700431096,False
zz2000_and_cyb_below_ma65_days14:scale0.25,37.93942379415771,13.602279968235276,2.7891959202983436,-17.60868647176209,16602.29875068019,-1.8023671966854309,-0.021268251091196788,-2.1316282072803006e-14,33.91027952682395,15.151248710286136,2.238117806343075,-17.60868647176208,1748.9449229757959,-1.1806697561100634,0.012218149043987658,-4.618527782440651e-14,35.69251402482125,17.60007545143453,2.0279750574542033,-17.608686471762034,357.62654206460496,-1.4018041929525324,0.00262965238869306,4.618527782440651e-14,45.55096928513274,17.276240921405652,2.6366250327462186,-15.793821924068519,207.16493711139577,-4.373273215279561,-0.14276989761652992,1.0658141036401503e-14,26.981859796726916,18.86816138663057,1.430020617474974,-15.793821924068519,26.463879586694826,-4.498375478979533,-0.2068562443822033,1.0658141036401503e-14,zz2000_and_cyb,below,65.0,14.0,0.25,316.0,-0.30150885006334954,False
zz2000_and_cyb_below_ma49_days10:scale0.50,37.45504352329594,13.523192529304895,2.769689438505773,-17.67162421080949,15693.065930945511,-2.286747467547201,-0.04077473288376732,-0.0629377390474204,33.20808308112271,15.044242646651693,2.207361570874,-17.671624210809444,1654.3347871914193,-1.8828662018113036,-0.01853808642508703,-0.06293773904740974,35.40583455797568,17.254834010835857,2.051937128791919,-17.671624210809455,352.8291431332331,-1.688483659798102,0.026591723726408834,-0.06293773904737421,45.18512248656321,16.76909602536383,2.6945473040537893,-14.76605485970941,204.8624259488936,-4.739120013849089,-0.08484762630895926,1.0277670643591197,36.5407097733208,18.02704258751194,2.0269941448207387,-14.76605485970942,35.8149595408797,5.060474497614351,0.3901172829635613,1.027767064359109,zz2000_and_cyb,below,49.0,10.0,0.5,397.0,-0.30181127741052277,False
zz2000_and_cyb_below_ma58_days17:scale0.00,36.54925258889583,13.766328084098134,2.6549746864681283,-17.83102233245104,14115.965923616355,-3.19253840194731,-0.15548948492141212,-0.22233586068897182,33.48929451929246,15.315513665344312,2.1866256170742395,-17.831022332450974,1691.687611626416,-1.6016547636415552,-0.039274040224847706,-0.22233586068893985,34.915254179465435,17.82166150345094,1.9591469725033517,-17.831022332451052,344.71290368687033,-2.179064038308347,-0.06619843256215852,-0.22233586068897182,47.4471722557209,17.37898585343277,2.730146203919542,-16.023993612914865,219.2845941335114,-2.4770702446913972,-0.049248726443206436,-0.230171688846335,31.525042184925645,19.145160985595126,1.6466323897012503,-16.02399361291488,30.909760600789625,0.044806909219197166,0.009755527844072853,-0.2301716888463492,zz2000_and_cyb,below,58.0,17.0,0.0,248.0,-0.30187181063382895,False
zz2000_and_cyb_below_ma50_days15:scale0.50,38.48890777962117,13.845199073868516,2.7799461440944744,-17.60868647176206,17693.0460000413,-1.2528832112219703,-0.03051802729506603,1.0658141036401503e-14,34.08137570009784,15.439338861083602,2.207437507962427,-17.60868647176209,1772.6821336356938,-1.0095735828361754,-0.01846214933666035,-5.684341886080802e-14,34.93216756708555,17.962692586855326,1.944706641177397,-17.608686471762024,344.99077189708663,-2.1621506506882326,-0.0806387638881132,5.684341886080802e-14,46.888884453600646,17.593680400079226,2.665098114058585,-14.947548999699855,215.68382665080912,-3.035358046811652,-0.11429681630416333,0.8462729243686749,30.019073882535352,19.0228508463305,1.5780533698673256,-14.947548999699855,29.436341338721128,-1.4611613931710963,-0.05882349198985182,0.8462729243686749,zz2000_and_cyb,below,50.0,15.0,0.5,254.0,-0.30197341817467616,False
zz2000_and_cyb_below_ma48_days17:scale0.50,38.144345759066844,13.958707120753388,2.732656071159697,-17.60868647176206,17001.53397003697,-1.5974452317762982,-0.07780810022984319,1.0658141036401503e-14,34.012675967150585,15.571751568873646,2.1842549835651424,-17.60868647176207,1763.118251117497,-1.0782733157834272,-0.04164467373394487,-3.552713678800501e-14,35.215572346906754,18.06008584238514,1.9499116811648525,-17.60868647176209,349.6674811560903,-1.8787458708670286,-0.07543372390065772,-1.0658141036401503e-14,47.235023362425665,17.728381682830275,2.664373105649695,-15.48826799804427,217.91310336264922,-2.6892191379866333,-0.11502182471305344,0.3055539260242597,28.983441052550575,19.038226635372524,1.522381344000817,-15.488267998044291,28.4229227420131,-2.4967942231558737,-0.11449551785636047,0.30555392602423836,zz2000_and_cyb,below,48.0,17.0,0.5,193.0,-0.30216600743672467,False
zz2000_and_cyb_below_ma52_days14:scale0.50,38.617865421213594,13.76782141465216,2.8049365442898044,-17.608686471762024,17958.528345880408,-1.1239255696295487,-0.005527627099735977,4.618527782440651e-14,34.164830989826214,15.345682869195537,2.2263480407514264,-17.608686471762034,1784.359598070073,-0.9261182931077983,0.0004483834523392183,0.0,35.65695222032894,17.81294720628674,2.001743552450686,-17.60868647176207,357.02924056250635,-1.437365997444843,-0.02360185261482428,1.0658141036401503e-14,45.792331297868635,17.54983697484382,2.6092738846239993,-14.94734707404084,208.69030341816944,-4.131911202543662,-0.1701210457387492,0.8464748500276897,29.766619477868428,19.006619008451032,1.5661185960866113,-14.947347074040874,29.189314832436565,-1.7136157978380204,-0.0707582657705661,0.846474850027656,zz2000_and_cyb,below,52.0,14.0,0.5,282.0,-0.30241601124289474,False
zz2000_and_cyb_below_ma52_days16:scale0.50,38.19427429294924,13.892456314930977,2.749281583264709,-17.762804083249872,17100.152128018693,-1.5475166978939043,-0.06118258812483157,-0.154117611487802,33.88522187634659,15.486600347328094,2.188034889283678,-17.762804083249883,1745.4913490011456,-1.205727406587421,-0.03786476801540939,-0.1541176114878482,35.024625453005,18.036913449409173,1.9418303220916262,-17.762804083249893,346.51220638205757,-2.0696927647687815,-0.08351508297388399,-0.15411761148781267,47.3646994084415,17.702504164536144,2.675593179824149,-15.082372623716168,218.75096046253876,-2.559543091970795,-0.10380175053859952,0.7114493003523616,29.809384707191654,19.028334766733447,1.5665787402114832,-15.08237262371619,29.2311611656225,-1.670850568514794,-0.07029812164569416,0.7114493003523403,zz2000_and_cyb,below,52.0,16.0,0.5,235.0,-0.3027215963999202,False
zz2000_and_cyb_below_ma61_days16:scale0.00,36.94412039025949,13.691201002532907,2.698384194595108,-18.95582529788571,14784.406404657126,-2.7976706005836505,-0.11207997679443249,-1.3471388261236399,33.730108722253064,15.229447449783045,2.2147953058358376,-18.95582529788573,1724.2417396092787,-1.3608405606809484,-0.011104351463249618,-1.3471388261236967,35.35135041356374,17.685669155033153,1.998869825262061,-18.95582529788571,351.92194889161044,-1.7429678042100392,-0.02647557980344928,-1.3471388261236292,47.12755988127753,17.33850176784049,2.7180872091664736,-15.793821924068553,217.2198767533669,-2.7966826191347707,-0.06130772119627492,-2.3092638912203256e-14,32.37297013883897,19.09215631288185,1.695616231519972,-15.793821924068506,31.73923474396552,0.8927348631325245,0.058739369662794694,2.3092638912203256e-14,zz2000_and_cyb,below,61.0,16.0,0.0,265.0,-0.30304236091393066,False
zz2000_and_cyb_below_ma59_days22:scale0.25,38.001894922072445,13.883598342733553,2.737179078791343,-17.622737624550567,16723.071709732038,-1.7398960687706975,-0.07328509259819738,-0.014051152788496779,33.74281252303315,15.436098019963667,2.1859677542467804,-17.62273762455052,1725.973771828136,-1.3481367599008607,-0.03993190305230687,-0.014051152788486121,35.10672835451179,17.99909257120504,1.950472126060152,-17.622737624550556,347.8667279243087,-1.987589863261995,-0.07487327900535812,-0.014051152788475463,47.35921535714631,17.516916207370098,2.703627441982072,-16.17232343163373,218.71549742901965,-2.5650271432659864,-0.0757674883806767,-0.37850150756519874,30.280463255883518,19.242756109913135,1.5736032345327173,-16.17232343163373,29.692102059313207,-1.1997720198229302,-0.06327362732446007,-0.37850150756519874,zz2000_and_cyb,below,59.0,22.0,0.25,170.0,-0.3032041095075192,False
zz2000_and_cyb_below_ma60_days22:scale0.25,38.001894922072445,13.883598342733553,2.737179078791343,-17.622737624550567,16723.071709732038,-1.7398960687706975,-0.07328509259819738,-0.014051152788496779,33.74281252303315,15.436098019963667,2.1859677542467804,-17.62273762455052,1725.973771828136,-1.3481367599008607,-0.03993190305230687,-0.014051152788486121,35.10672835451179,17.99909257120504,1.950472126060152,-17.622737624550556,347.8667279243087,-1.987589863261995,-0.07487327900535812,-0.014051152788475463,47.35921535714631,17.516916207370098,2.703627441982072,-16.17232343163373,218.71549742901965,-2.5650271432659864,-0.0757674883806767,-0.37850150756519874,30.280463255883518,19.242756109913135,1.5736032345327173,-16.17232343163373,29.692102059313207,-1.1997720198229302,-0.06327362732446007,-0.37850150756519874,zz2000_and_cyb,below,60.0,22.0,0.25,171.0,-0.3032041095075192,False
zz2000_and_cyb_below_ma60_days12:scale0.00,36.57525727402506,13.35994550361899,2.7376801248266642,-17.60868647176205,14159.106984378084,-3.16653371681808,-0.07278404656287618,2.1316282072803006e-14,33.67498751869693,14.83332093679613,2.2702257749416996,-17.60868647176205,1716.7436439232315,-1.4159617642370819,0.044326117642612406,-1.4210854715202004e-14,35.27550185962125,17.081202042120694,2.065165072846458,-17.60868647176207,350.66144366771806,-1.8188163581525316,0.03981966778094792,1.0658141036401503e-14,44.10748149190105,16.557490725647032,2.6638989097291144,-14.76605485970941,198.14694223906554,-5.81676100851125,-0.11549602063363418,1.0277670643591197,38.287558085972975,17.702559863291217,2.16282607609579,-14.76605485970942,37.52260432479244,6.807322810266527,0.5259492142386126,1.027767064359109,zz2000_and_cyb,below,60.0,12.0,0.0,379.0,-0.3048438370781994,False
zz2000_and_cyb_below_ma65_days12:scale0.50,37.830408367468934,13.573025924358326,2.7871757247275277,-17.60868647176206,16393.48752648551,-1.9113826233742088,-0.023288446662012685,1.0658141036401503e-14,33.777607669593365,15.104653342384298,2.236238522258036,-17.60868647176209,1730.725311414949,-1.313341613340647,0.010338864958948868,-5.684341886080802e-14,35.45714779778129,17.499494593882865,2.0261812481244865,-17.60868647176205,353.6848703430481,-1.6371704199924935,0.0008358430589763266,3.197442310920451e-14,45.47676234649358,17.087524607561946,2.661401425363169,-15.79382192406854,206.69697233385338,-4.447480153918718,-0.11799350499957972,-1.0658141036401503e-14,30.512076586485513,18.62476245772868,1.6382531941406846,-15.79382192406853,29.918720584589884,-0.9681586892209353,0.0013763322835071978,0.0,zz2000_and_cyb,below,65.0,12.0,0.5,375.0,-0.30577241697793983,False
zz2000_and_cyb_below_ma59_days21:scale0.25,37.930447610507656,13.867096286825625,2.7352840728843364,-18.914963085867786,16585.012363204434,-1.8113433803354866,-0.07518009850520402,-1.306276614105716,33.80602076564618,15.416830072823956,2.1927997264001635,-18.914963085867775,1734.6135833790045,-1.284928517287831,-0.03309993089892371,-1.306276614105741,35.052500315950574,17.967595938597064,1.950873140499147,-18.914963085867775,346.9717140949093,-2.041817901823208,-0.07447226456636313,-1.3062766141056947,48.04149369230439,17.50002908080405,2.745223649085336,-16.172323431633718,223.14769182777474,-1.8827488081079053,-0.034171281277412646,-0.3785015075651881,30.280463255883518,19.242756109913135,1.5736032345327173,-16.17232343163373,29.692102059313207,-1.1997720198229302,-0.06327362732446007,-0.37850150756519874,zz2000_and_cyb,below,59.0,21.0,0.25,186.0,-0.30660052345310607,False
zz2000_and_cyb_below_ma60_days21:scale0.25,37.930447610507656,13.867096286825625,2.7352840728843364,-18.914963085867786,16585.012363204434,-1.8113433803354866,-0.07518009850520402,-1.306276614105716,33.80602076564618,15.416830072823956,2.1927997264001635,-18.914963085867775,1734.6135833790045,-1.284928517287831,-0.03309993089892371,-1.306276614105741,35.052500315950574,17.967595938597064,1.950873140499147,-18.914963085867775,346.9717140949093,-2.041817901823208,-0.07447226456636313,-1.3062766141056947,48.04149369230439,17.50002908080405,2.745223649085336,-16.172323431633718,223.14769182777474,-1.8827488081079053,-0.034171281277412646,-0.3785015075651881,30.280463255883518,19.242756109913135,1.5736032345327173,-16.17232343163373,29.692102059313207,-1.1997720198229302,-0.06327362732446007,-0.37850150756519874,zz2000_and_cyb,below,60.0,21.0,0.25,187.0,-0.30660052345310607,False
zz2000_and_cyb_below_ma64_days12:scale0.50,37.82260538789943,13.57264330222899,2.786679392192378,-17.60868647176209,16378.635695758714,-1.9191856029437133,-0.023784779197162376,-2.1316282072803006e-14,33.76554500347346,15.10409910781379,2.235521944238671,-17.60868647176207,1729.076804852059,-1.3254042794605496,0.00962228693958389,-3.552713678800501e-14,35.43266028888121,17.498541418407026,2.0248922148224864,-17.60868647176205,353.27634237788504,-1.6616579288925735,-0.0004531902430238155,3.197442310920451e-14,45.47676234649358,17.087524607561946,2.661401425363169,-15.79382192406854,206.69697233385338,-4.447480153918718,-0.11799350499957972,-1.0658141036401503e-14,30.512076586485513,18.62476245772868,1.6382531941406846,-15.79382192406853,29.918720584589884,-0.9681586892209353,0.0013763322835071978,0.0,zz2000_and_cyb,below,64.0,12.0,0.5,374.0,-0.3079941654337218,False
zz2000_and_cyb_below_ma48_days10:scale0.50,37.50490157552153,13.534813702358777,2.7709950354902464,-17.671624210809465,15784.467027859711,-2.2368894153216132,-0.03946913589929402,-0.06293773904739552,33.11418561293311,15.055503411752191,2.199473820787983,-17.67162421080949,1642.019523999371,-1.9767636700008993,-0.026425836511104084,-0.06293773904745592,35.40583455797568,17.254834010835857,2.051937128791919,-17.671624210809455,352.8291431332331,-1.688483659798102,0.026591723726408834,-0.06293773904737421,45.18512248656321,16.76909602536383,2.6945473040537893,-14.76605485970941,204.8624259488936,-4.739120013849089,-0.08484762630895926,1.0277670643591197,36.5407097733208,18.02704258751194,2.0269941448207387,-14.76605485970942,35.8149595408797,5.060474497614351,0.3901172829635613,1.027767064359109,zz2000_and_cyb,below,48.0,10.0,0.5,390.0,-0.3085720764992201,False
zz2000_and_cyb_below_ma47_days10:scale0.50,37.42718959326696,13.529069948219332,2.766427384625434,-17.671624210809476,15642.218201533362,-2.314601397576183,-0.044036786764106495,-0.06293773904740618,33.05078500760157,15.049041432587945,2.1962053301303133,-17.67162421080949,1633.7481801224676,-2.040164275332444,-0.02969432716877396,-0.06293773904745592,35.529215412987305,17.245832102914264,2.06016243234697,-17.671624210809465,354.8888906851496,-1.565102804786477,0.034817027281459634,-0.06293773904738487,45.039402593919164,16.77050599505914,2.6856317040874313,-14.7660548597094,203.94852461150538,-4.884839906493134,-0.09376322627531719,1.0277670643591303,36.5407097733208,18.02704258751194,2.0269941448207387,-14.76605485970942,35.8149595408797,5.060474497614351,0.3901172829635613,1.027767064359109,zz2000_and_cyb,below,47.0,10.0,0.5,392.0,-0.31323535451078965,False
zz2000_and_cyb_below_ma63_days12:scale0.50,37.812114043008705,13.579745277090419,2.7844494334366696,-17.60868647176206,16358.686708083667,-1.9296769478344373,-0.026014737952870792,1.0658141036401503e-14,33.7493270176735,15.11424810725267,2.2329477972164997,-17.60868647176206,1726.862529877453,-1.3416222652605114,0.007048139917412488,-2.4868995751603507e-14,35.36468639726185,17.497877359070195,2.0210843676378962,-17.60868647176208,352.1438667617313,-1.7296318205119334,-0.004261037427613967,0.0,45.47676234649358,17.087524607561946,2.661401425363169,-15.79382192406854,206.69697233385338,-4.447480153918718,-0.11799350499957972,-1.0658141036401503e-14,30.512076586485513,18.62476245772868,1.6382531941406846,-15.79382192406853,29.918720584589884,-0.9681586892209353,0.0013763322835071978,0.0,zz2000_and_cyb,below,63.0,12.0,0.5,367.0,-0.3140507883177795,False
zz2000_and_cyb_below_ma45_days10:scale0.50,37.40364143199528,13.529762496734698,2.76454530824339,-17.671624210809476,15599.350433850102,-2.33814955884786,-0.04591886314615046,-0.06293773904740618,33.02051390766154,15.050784584464827,2.1939397060897923,-17.671624210809444,1629.8114441013488,-2.0704353752724742,-0.03195995120929496,-0.06293773904740974,35.529215412987305,17.245832102914264,2.06016243234697,-17.671624210809465,354.8888906851496,-1.565102804786477,0.034817027281459634,-0.06293773904738487,45.039402593919164,16.77050599505914,2.6856317040874313,-14.7660548597094,203.94852461150538,-4.884839906493134,-0.09376322627531719,1.0277670643591303,36.5407097733208,18.02704258751194,2.0269941448207387,-14.76605485970942,35.8149595408797,5.060474497614351,0.3901172829635613,1.027767064359109,zz2000_and_cyb,below,45.0,10.0,0.5,383.0,-0.3152762995292501,False
zz2000_and_cyb_below_ma46_days10:scale0.50,37.40442426194721,13.530588784126815,2.76443433901617,-17.671624210809444,15600.773760906945,-2.3373667288959297,-0.04602983237337055,-0.06293773904737421,33.02051390766154,15.050784584464827,2.1939397060897923,-17.671624210809444,1629.8114441013488,-2.0704353752724742,-0.03195995120929496,-0.06293773904740974,35.529215412987305,17.245832102914264,2.06016243234697,-17.671624210809465,354.8888906851496,-1.565102804786477,0.034817027281459634,-0.06293773904738487,45.039402593919164,16.77050599505914,2.6856317040874313,-14.7660548597094,203.94852461150538,-4.884839906493134,-0.09376322627531719,1.0277670643591303,36.5407097733208,18.02704258751194,2.0269941448207387,-14.76605485970942,35.8149595408797,5.060474497614351,0.3901172829635613,1.027767064359109,zz2000_and_cyb,below,46.0,10.0,0.5,384.0,-0.3152762995292501,False
zz2000_and_cyb_below_ma52_days18:scale0.00,37.67213527221227,13.89851625535786,2.7105148909467016,-17.608686471762113,16094.677370403038,-2.0696557186308695,-0.0999492804428388,-4.263256414560601e-14,33.97926915654441,15.469167523491134,2.1965803334241643,-17.60868647176205,1758.4834981870863,-1.1116801263896008,-0.029319323874922976,-1.4210854715202004e-14,35.285929469176544,18.064858067823543,1.9532912651014145,-17.608686471762034,350.8345702846775,-1.8083887485972383,-0.07205413996409571,4.618527782440651e-14,46.90646230222535,17.763358160741138,2.640630328892061,-15.457333966216147,215.79678367351764,-3.017780198186948,-0.1387646014706876,0.3364879578523823,29.302989304402626,19.163155354730417,1.5291317511116038,-15.457333966216114,28.73563151309897,-2.1772459713038224,-0.10774511074557358,0.33648795785241603,zz2000_and_cyb,below,52.0,18.0,0.0,195.0,-0.31560559042693936,False
zz2000_and_cyb_below_ma53_days15:scale0.00,37.71915789749196,13.751795205056233,2.742853375508636,-17.623645971440137,16182.919273756159,-2.022633093351182,-0.06761079588090446,-0.01495949967806709,33.78852780526995,15.333603849734741,2.203560763430996,-17.623645971440137,1732.2188305771779,-1.302421477664062,-0.02233889386809107,-0.014959499678102617,35.40651236168,17.885171873693235,1.9796573726953322,-17.623645971440094,352.84043813808495,-1.6878058560937816,-0.045688032370178044,-0.014959499678013799,46.6131812190776,17.708603831191873,2.63223355513625,-15.483229843164715,213.91564672842205,-3.3110612813346947,-0.14716137522649841,0.31059208090381496,28.967459774332372,19.21808340320794,1.507302219819539,-15.483229843164715,28.407283172767418,-2.512775501374076,-0.12957464203763847,0.31059208090381496,zz2000_and_cyb,below,53.0,15.0,0.0,257.0,-0.31601368324134826,False
zz2000_and_cyb_below_ma54_days15:scale0.00,37.71915789749196,13.751795205056233,2.742853375508636,-17.623645971440137,16182.919273756159,-2.022633093351182,-0.06761079588090446,-0.01495949967806709,33.78852780526995,15.333603849734741,2.203560763430996,-17.623645971440137,1732.2188305771779,-1.302421477664062,-0.02233889386809107,-0.014959499678102617,35.40651236168,17.885171873693235,1.9796573726953322,-17.623645971440094,352.84043813808495,-1.6878058560937816,-0.045688032370178044,-0.014959499678013799,46.6131812190776,17.708603831191873,2.63223355513625,-15.483229843164715,213.91564672842205,-3.3110612813346947,-0.14716137522649841,0.31059208090381496,28.967459774332372,19.21808340320794,1.507302219819539,-15.483229843164715,28.407283172767418,-2.512775501374076,-0.12957464203763847,0.31059208090381496,zz2000_and_cyb,below,54.0,15.0,0.0,261.0,-0.31601368324134826,False
zz2000_and_cyb_below_ma51_days12:scale0.00,37.21760817598745,13.425717494812057,2.7721131619497443,-17.60868647176207,15264.51564012303,-2.524182814855692,-0.03835100943979608,0.0,33.69799925187578,14.911350635228027,2.259889132528635,-17.60868647176208,1719.8705336278429,-1.3929500310582341,0.03398947522954776,-4.618527782440651e-14,35.76112845751624,17.157979185283033,2.084227289900768,-17.60868647176209,358.78076390869535,-1.3331897602575395,0.058881884835257914,-1.0658141036401503e-14,43.76219244843569,16.703481836744743,2.6199443251506107,-14.76605485970942,196.01623698418143,-6.162050051976607,-0.15945060521213783,1.027767064359109,40.9792323395878,17.763724936706378,2.306905363914393,-14.766054859709431,40.15315000150848,9.498997063881355,0.6700285020572154,1.0277670643590984,zz2000_and_cyb,below,51.0,12.0,0.0,340.0,-0.3168561756464272,False
zz2000_and_cyb_below_ma65_days20:scale0.25,37.932845666515135,13.858722701619039,2.7371097959903365,-18.914963085867786,16589.628911573,-1.8089453243280076,-0.07335437539920386,-1.306276614105716,33.81984267466378,15.415669444074117,2.1938614341308638,-18.914963085867686,1736.5077679278113,-1.2711066082702303,-0.03203822316822347,-1.306276614105652,34.974141212035256,18.00095932395279,1.9429042965225345,-18.914963085867775,345.68095193435937,-2.120177005738526,-0.0824411085429757,-1.3062766141056947,47.89836225512225,17.557298275452897,2.7281169063516804,-15.793821924068519,222.21450791540013,-2.025880245290047,-0.05127802401106818,1.0658141036401503e-14,30.87897447914074,19.237345696594577,1.6051577471317668,-15.793821924068563,30.277692143140822,-0.6012607965657075,-0.03171911472541056,-3.375077994860476e-14,zz2000_and_cyb,below,65.0,20.0,0.25,200.0,-0.31837494445946735,False
zz2000_and_cyb_below_ma64_days20:scale0.25,37.932845666515135,13.858722701619039,2.7371097959903365,-18.914963085867786,16589.628911573,-1.8089453243280076,-0.07335437539920386,-1.306276614105716,33.81984267466378,15.415669444074117,2.1938614341308638,-18.914963085867686,1736.5077679278113,-1.2711066082702303,-0.03203822316822347,-1.306276614105652,34.974141212035256,18.00095932395279,1.9429042965225345,-18.914963085867775,345.68095193435937,-2.120177005738526,-0.0824411085429757,-1.3062766141056947,47.89836225512225,17.557298275452897,2.7281169063516804,-15.793821924068519,222.21450791540013,-2.025880245290047,-0.05127802401106818,1.0658141036401503e-14,30.87897447914074,19.237345696594577,1.6051577471317668,-15.793821924068563,30.277692143140822,-0.6012607965657075,-0.03171911472541056,-3.375077994860476e-14,zz2000_and_cyb,below,64.0,20.0,0.25,199.0,-0.31837494445946735,False
zz2000_and_cyb_below_ma57_days11:scale0.50,37.24108522496194,13.496543888024389,2.7593053105992795,-17.60868647176207,15306.39905025075,-2.5007057658812,-0.051158860790260885,0.0,33.138329196127714,15.01209530685761,2.207441967210929,-17.60868647176205,1645.1786587976908,-1.9526200868062986,-0.01845769008815834,-1.4210854715202004e-14,35.169998785401944,17.354813549658708,2.0265270315216712,-17.60868647176207,348.912793227679,-1.9243194323718384,0.0011816264561610446,1.0658141036401503e-14,45.63986354781988,16.909389012032854,2.6990841310317126,-15.488267998044304,207.7261485796833,-4.284378952592419,-0.08031079933103591,0.30555392602422593,31.614110953640772,18.202996803920183,1.736753090394016,-15.488267998044304,30.996895219639754,0.13387567793432353,0.09987622853683864,0.30555392602422593,zz2000_and_cyb,below,57.0,11.0,0.5,401.0,-0.3185653990389701,False
zz2000_and_cyb_below_ma57_days17:scale0.00,36.59910837707747,13.85574214171693,2.641439772964936,-17.83102233245103,14198.783154782632,-3.142682613765672,-0.16902439842460426,-0.22233586068896116,33.5669319993432,15.44336125472113,2.1735509158721245,-17.83102233245103,1702.1253552104283,-1.5240172835908155,-0.052348741426962775,-0.2223358606889967,35.072621816327086,18.0417238166435,1.9439728804612657,-17.83102233245102,347.30364507898923,-2.0216964014466967,-0.08137252460424449,-0.22233586068893985,47.73333928661292,17.755287917460347,2.6884013094303305,-16.023993612914822,221.14082423374168,-2.1909032137993805,-0.09099362093241803,-0.23017168884629235,31.525042184925645,19.145160985595126,1.6466323897012503,-16.02399361291488,30.909760600789625,0.044806909219197166,0.009755527844072853,-0.2301716888463492,zz2000_and_cyb,below,57.0,17.0,0.0,228.0,-0.31901581672763435,False
zz2000_and_cyb_below_ma60_days20:scale0.00,37.32093780963821,13.836588027282584,2.6972645088550635,-17.721104274446976,15449.659550965382,-2.420853181204933,-0.11319966253447689,-0.11241780268490587,33.57626093178014,15.376432434378701,2.1836184092163133,-17.721104274446986,1703.3832316736973,-1.5146883511538718,-0.04228124808277389,-0.11241780268495205,34.96945210269349,17.91392752826624,1.9520818116248086,-17.721104274446976,345.60380565652576,-2.1248661150802945,-0.07326359344070155,-0.11241780268489521,47.31684350356504,17.474361255156833,2.7077867289484723,-16.369735879390944,218.44158514130027,-2.607398996847259,-0.07160820141427626,-0.5759139553224149,29.769604027204256,19.249023477941137,1.5465513905845365,-16.369735879390966,29.192235260443745,-1.7106312485021924,-0.0903254712726409,-0.5759139553224362,zz2000_and_cyb,below,60.0,20.0,0.0,203.0,-0.3206614421348016,False
zz2000_and_cyb_below_ma59_days20:scale0.00,37.32093780963821,13.836588027282584,2.6972645088550635,-17.721104274446976,15449.659550965382,-2.420853181204933,-0.11319966253447689,-0.11241780268490587,33.57626093178014,15.376432434378701,2.1836184092163133,-17.721104274446986,1703.3832316736973,-1.5146883511538718,-0.04228124808277389,-0.11241780268495205,34.96945210269349,17.91392752826624,1.9520818116248086,-17.721104274446976,345.60380565652576,-2.1248661150802945,-0.07326359344070155,-0.11241780268489521,47.31684350356504,17.474361255156833,2.7077867289484723,-16.369735879390944,218.44158514130027,-2.607398996847259,-0.07160820141427626,-0.5759139553224149,29.769604027204256,19.249023477941137,1.5465513905845365,-16.369735879390966,29.192235260443745,-1.7106312485021924,-0.0903254712726409,-0.5759139553224362,zz2000_and_cyb,below,59.0,20.0,0.0,202.0,-0.3206614421348016,False
zz2000_and_cyb_below_ma63_days10:scale0.75,38.194993332770586,13.732090734097996,2.7814405011124084,-17.60868647176206,17101.576250725437,-1.5467976580725562,-0.02902367027713204,1.0658141036401503e-14,33.66452634159502,15.28558611861416,2.202370656928866,-17.608686471762034,1715.323753218345,-1.4264229413389913,-0.023529000370221098,0.0,35.324856893100254,17.700890395759668,1.9956542356514728,-17.60868647176209,351.4813408829819,-1.7694613246735287,-0.029691169414037377,-1.0658141036401503e-14,46.092059095497184,17.279924116925017,2.667376244456525,-15.85118849098407,210.59153797842404,-3.8321834049151136,-0.11201868590622333,-0.05736656691554032,29.463605967230922,18.763311580144766,1.5702774982647068,-15.851188490984104,28.892805406393542,-2.016629308475526,-0.06659936359247065,-0.05736656691557407,zz2000_and_cyb,below,63.0,10.0,0.75,442.0,-0.3226170129593241,False
zz2000_and_cyb_below_ma49_days16:scale0.50,38.21463941797987,13.931252590318172,2.7430871108128474,-17.762804083249883,17140.529863829495,-1.527151572863275,-0.06737706057669302,-0.15411761148781267,33.9336679425178,15.543937452642167,2.183080576971167,-17.76280408324985,1752.1736810063853,-1.157281340416212,-0.042819080327920034,-0.15411761148781622,34.91024386074169,18.03091316577432,1.936132881334438,-17.762804083249893,344.6306163374069,-2.1840743570320953,-0.08921252373107214,-0.15411761148781267,47.15669970905796,17.69259851198409,2.6653348674088964,-15.082372623716179,217.40775276215115,-2.7675427913543373,-0.11406006295385218,0.711449300352351,29.809384707191654,19.028334766733447,1.5665787402114832,-15.08237262371619,29.2311611656225,-1.670850568514794,-0.07029812164569416,0.7114493003523403,zz2000_and_cyb,below,49.0,16.0,0.5,219.0,-0.3230065923648992,False
zz2000_and_cyb_below_ma56_days16:scale0.25,37.39370742813459,13.848521992568061,2.7001948257151396,-18.35380149226905,15581.299110405265,-2.3480835627085526,-0.11026934567440083,-0.7451150205069794,33.68480930831601,15.451662360498574,2.180011996277474,-18.353801492269096,1718.0776604476118,-1.406139974618,-0.04588766102161301,-0.7451150205070611,34.996410917843555,18.055304473157303,1.9382897125812792,-18.353801492269074,346.0474838873097,-2.0979072999302275,-0.08705569248423095,-0.7451150205069936,47.92826372457832,17.782291630128142,2.695280491484828,-15.76382671723623,222.40931018902845,-1.9959787758339758,-0.0841144388779207,0.02999520683230017,31.527885560411196,19.26262563844648,1.6367387370849567,-15.76382671723624,30.912542247287078,0.04765028470474775,-0.00013812477222074904,0.02999520683228951,zz2000_and_cyb,below,56.0,16.0,0.25,242.0,-0.3232038047658045,False
zz2000_and_cyb_below_ma62_days21:scale0.25,37.99952541454363,13.87700709122998,2.7383084237636983,-18.914963085867733,16718.475941474167,-1.7422655762995092,-0.07215574762584209,-1.3062766141056628,33.765712986743424,15.436439830732777,2.1874028828537564,-18.914963085867775,1729.0997525857038,-1.3252362961905888,-0.03849677444533084,-1.306276614105741,34.97094494364783,18.001379744882303,1.9426813632766058,-18.914963085867775,345.62836505223447,-2.123373274125953,-0.08266404178890441,-1.3062766141056947,47.89252509841289,17.558025264893434,2.7276714992643316,-15.79382192406853,222.17648911232226,-2.0317174019994084,-0.05172343109841693,0.0,30.87897447914074,19.237345696594577,1.6051577471317668,-15.793821924068563,30.277692143140822,-0.6012607965657075,-0.03171911472541056,-3.375077994860476e-14,zz2000_and_cyb,below,62.0,21.0,0.25,184.0,-0.3238784507806601,False
zz2000_and_cyb_below_ma50_days16:scale0.50,38.20836838122608,13.889334871284664,2.750914189578617,-17.762804083249918,17128.08688462601,-1.5334226096170624,-0.0595499818109233,-0.1541176114878482,33.93827641576108,15.483807763084489,2.191855965602632,-17.76280408324986,1752.810476278125,-1.1526728671729316,-0.03404369169645527,-0.15411761148782688,34.87674106257492,18.03008305587755,1.934363860359789,-17.762804083249893,344.0806933126241,-2.2175771551988603,-0.09098154470572117,-0.15411761148781267,47.09579806872717,17.69127199130765,2.6620922504536138,-15.08237262371619,217.01518008479823,-2.828444431685128,-0.11730267990913479,0.7114493003523403,29.809384707191654,19.028334766733447,1.5665787402114832,-15.08237262371619,29.2311611656225,-1.670850568514794,-0.07029812164569416,0.7114493003523403,zz2000_and_cyb,below,50.0,16.0,0.5,233.0,-0.32429061816424914,False
zz2000_and_cyb_below_ma51_days16:scale0.50,38.22835626319825,13.89038694320858,2.7521448048565142,-17.76280408324986,17167.776166670534,-1.513434727644892,-0.05831936653302616,-0.15411761148779135,33.937817640688614,15.483676263748091,2.191844950940183,-17.76280408324986,1752.7470742637836,-1.1531316422453983,-0.03405470635890406,-0.15411761148782688,34.87581480046629,18.029856549905833,1.93433678764618,-17.762804083249893,344.06549714936307,-2.2185034173074953,-0.0910086174193303,-0.15411761148781267,47.09411444570064,17.690889488327173,2.6620546398627583,-15.0823726237162,217.00433202383658,-2.8301280547116576,-0.11734029049999029,0.7114493003523297,29.809384707191654,19.028334766733447,1.5665787402114832,-15.08237262371619,29.2311611656225,-1.670850568514794,-0.07029812164569416,0.7114493003523403,zz2000_and_cyb,below,51.0,16.0,0.5,234.0,-0.3244335763796108,False
zz2000_and_cyb_below_ma52_days21:scale0.00,38.001350996672834,13.963423041946255,2.7214924938187735,-19.68320759741409,16722.016637474193,-1.740439994170309,-0.08897167757076696,-2.0745211256520193,33.82317868581455,15.543763697039573,2.1759967112891987,-19.683207597414064,1736.9652057340866,-1.2677705971194655,-0.04990294600988854,-2.07452112565203,35.08371834654851,18.17014676208035,1.9308439720346915,-19.683207597414064,347.48678141560305,-2.010599871225274,-0.0945014330308187,-2.0745211256519838,48.71995633844881,17.850773622631607,2.729291030652059,-15.483229843164692,227.5955871282975,-1.2042861619634877,-0.050103899710689515,0.31059208090383805,31.9736551039286,19.269479948132854,1.6592899855103116,-15.483229843164715,31.34862153127873,0.4934198282221516,0.022413123653134193,0.31059208090381496,zz2000_and_cyb,below,52.0,21.0,0.0,148.0,-0.3245772718588925,False
zz2000_and_cyb_below_ma49_days13:scale0.00,37.6060328667605,13.575351679073897,2.7701700667342095,-17.60868647176206,15971.388241968805,-2.135758124082642,-0.0402941046553309,1.0658141036401503e-14,33.94950282541858,15.117563906707712,2.245699309420817,-17.608686471762013,1754.3625575366516,-1.1414464575154355,0.01979965212172985,2.1316282072803006e-14,35.281791622381476,17.35485023400156,2.0329643383068507,-17.60868647176207,350.7658644376611,-1.8125265953923062,0.007618933241340553,1.0658141036401503e-14,44.605323656708016,16.966596293749728,2.629008369412316,-14.76605485970942,201.23695088815614,-5.318918843704282,-0.15038656095043246,1.027767064359109,37.590203833869396,18.225664145920884,2.062487464539531,-14.766054859709431,36.84094492627348,6.109968558162947,0.4256106026823534,1.0277670643590984,zz2000_and_cyb,below,49.0,13.0,0.0,289.0,-0.32477263060034184,False
zz2000_and_cyb_below_ma58_days12:scale0.25,36.97541369950772,13.407008651908376,2.757916747838048,-17.60868647176207,14838.620862332431,-2.7663772913354236,-0.05254742355149222,0.0,33.42170064768815,14.895841751096675,2.243693321005343,-17.608686471762034,1682.6444877373572,-1.6692486352458644,0.017793663706255902,0.0,35.235339405580746,17.198671568798186,2.048724476459255,-17.608686471762034,349.9951343612564,-1.8589788121930368,0.023379071393744955,4.618527782440651e-14,44.69449219622845,16.71166888144074,2.6744481663267177,-15.5393223141422,201.7926432493643,-5.229750304183845,-0.10494676403603087,0.25449960992632903,34.02923683341423,18.027595132474403,1.8876193182370133,-15.5393223141422,33.35919372345026,2.5490015577077827,0.25074245637983594,0.25449960992632903,zz2000_and_cyb,below,58.0,12.0,0.25,381.0,-0.3249800004000543,False
zz2000_and_cyb_below_ma59_days12:scale0.00,36.25990682496636,13.344203694889076,2.717277677562293,-17.60868647176208,13644.129841761389,-3.481884165876785,-0.09318649382724731,-1.0658141036401503e-14,33.183711098996426,14.81053847157657,2.2405472402425115,-17.60868647176208,1651.1307376143243,-1.9072381839375865,0.014647582943424275,-4.618527782440651e-14,35.28542338282206,17.072659890358892,2.0667794947844125,-17.608686471762102,350.82616665054144,-1.8088948349517224,0.04143408971890228,-2.1316282072803006e-14,44.2129682246112,16.541860883969246,2.67279289402428,-14.76605485970941,198.79990786462596,-5.711274275801095,-0.10660203633846832,1.0277670643591197,38.59569740374285,17.65876338543132,2.1856398753032007,-14.76605485970942,37.82378981637342,7.115462128036398,0.5487630134460233,1.027767064359109,zz2000_and_cyb,below,59.0,12.0,0.0,384.0,-0.3251279049453661,False
zz2000_and_cyb_below_ma46_days16:scale0.50,38.14903384374131,13.935098126166059,2.73762218954946,-17.762804083249893,17010.771219585273,-1.5927571471018354,-0.07284198184008028,-0.15411761148782332,33.90152870675662,15.550256041485417,2.1801267205062835,-17.762804083249893,1747.738179726171,-1.1894205761773904,-0.0457729367928037,-0.15411761148785885,34.91030010422425,18.030681317200646,1.936160896533678,-17.762804083249893,344.6315399889599,-2.1840181135495342,-0.08918450853183213,-0.15411761148781267,47.15680195736491,17.69220448962577,2.6654000062579195,-15.08237262371621,217.40841212781933,-2.7674405430473854,-0.11399492410482903,0.711449300352319,29.809384707191654,19.028334766733447,1.5665787402114832,-15.08237262371619,29.2311611656225,-1.670850568514794,-0.07029812164569416,0.7114493003523403,zz2000_and_cyb,below,46.0,16.0,0.5,202.0,-0.32539557343341335,False
zz2000_and_cyb_below_ma45_days16:scale0.50,38.01190443635338,13.942138291093869,2.7264042030507682,-17.76280408324984,16742.498610304094,-1.7298865544897595,-0.08405996833877216,-0.15411761148777003,33.90152870675662,15.550256041485417,2.1801267205062835,-17.762804083249893,1747.738179726171,-1.1894205761773904,-0.0457729367928037,-0.15411761148785885,34.91030010422425,18.030681317200646,1.936160896533678,-17.762804083249893,344.6315399889599,-2.1840181135495342,-0.08918450853183213,-0.15411761148781267,47.15680195736491,17.69220448962577,2.6654000062579195,-15.08237262371621,217.40841212781933,-2.7674405430473854,-0.11399492410482903,0.711449300352319,29.809384707191654,19.028334766733447,1.5665787402114832,-15.08237262371619,29.2311611656225,-1.670850568514794,-0.07029812164569416,0.7114493003523403,zz2000_and_cyb,below,45.0,16.0,0.5,201.0,-0.32539557343341335,False
zz2000_and_cyb_below_ma47_days16:scale0.50,38.15471097915957,13.93426562862803,2.7381931704223073,-17.762804083249893,17021.963522177695,-1.5870800116835753,-0.07227100096723316,-0.15411761148782332,33.89175801086681,15.548952761942342,2.1796810711149868,-17.76280408324986,1746.3916325207165,-1.1991912720672033,-0.04621858618410046,-0.15411761148782688,34.91030010422425,18.030681317200646,1.936160896533678,-17.762804083249893,344.6315399889599,-2.1840181135495342,-0.08918450853183213,-0.15411761148781267,47.15680195736491,17.69220448962577,2.6654000062579195,-15.08237262371621,217.40841212781933,-2.7674405430473854,-0.11399492410482903,0.711449300352319,29.809384707191654,19.028334766733447,1.5665787402114832,-15.08237262371619,29.2311611656225,-1.670850568514794,-0.07029812164569416,0.7114493003523403,zz2000_and_cyb,below,47.0,16.0,0.5,210.0,-0.3259115190057555,False
zz2000_and_cyb_below_ma53_days16:scale0.25,37.65267256099178,13.856109152003162,2.71740588558718,-18.353801492269064,16058.285259382725,-2.0891184298513608,-0.09305828580236053,-0.7451150205069936,33.639566986516265,15.452363080812685,2.1769852811889185,-18.35380149226904,1711.9400644641694,-1.4513822964177479,-0.04891437611016869,-0.7451150205070043,34.99645312992703,18.055130821915423,1.9383106926839948,-18.353801492269074,346.04817887497006,-2.097865087846749,-0.08703471238151539,-0.7451150205069936,47.92834081750286,17.781997604776574,2.6953293933988847,-15.76382671723623,222.40981253575254,-1.995901682909441,-0.08406553696386387,0.02999520683230017,31.527885560411196,19.26262563844648,1.6367387370849567,-15.76382671723624,30.912542247287078,0.04765028470474775,-0.00013812477222074904,0.02999520683228951,zz2000_and_cyb,below,53.0,16.0,0.25,234.0,-0.32603531528040697,False
zz2000_and_cyb_below_ma54_days16:scale0.25,37.652659082388,13.856179969375548,2.7173910244819717,-18.353801492269064,16058.260083158711,-2.089131908455144,-0.09307314690756874,-0.7451150205069936,33.63954614414881,15.452464155131151,2.1769696927579316,-18.35380149226904,1711.9372412803841,-1.4514031387852029,-0.04892996454115561,-0.7451150205070043,34.996410917843555,18.055304473157303,1.9382897125812792,-18.353801492269074,346.0474838873097,-2.0979072999302275,-0.08705569248423095,-0.7451150205069936,47.92826372457832,17.782291630128142,2.695280491484828,-15.76382671723623,222.40931018902845,-1.9959787758339758,-0.0841144388779207,0.02999520683230017,31.527885560411196,19.26262563844648,1.6367387370849567,-15.76382671723624,30.912542247287078,0.04765028470474775,-0.00013812477222074904,0.02999520683228951,zz2000_and_cyb,below,54.0,16.0,0.25,238.0,-0.3260828514505908,False
zz2000_and_cyb_below_ma55_days16:scale0.25,37.652659082388,13.856179969375548,2.7173910244819717,-18.353801492269064,16058.260083158711,-2.089131908455144,-0.09307314690756874,-0.7451150205069936,33.63954614414881,15.452464155131151,2.1769696927579316,-18.35380149226904,1711.9372412803841,-1.4514031387852029,-0.04892996454115561,-0.7451150205070043,34.996410917843555,18.055304473157303,1.9382897125812792,-18.353801492269074,346.0474838873097,-2.0979072999302275,-0.08705569248423095,-0.7451150205069936,47.92826372457832,17.782291630128142,2.695280491484828,-15.76382671723623,222.40931018902845,-1.9959787758339758,-0.0841144388779207,0.02999520683230017,31.527885560411196,19.26262563844648,1.6367387370849567,-15.76382671723624,30.912542247287078,0.04765028470474775,-0.00013812477222074904,0.02999520683228951,zz2000_and_cyb,below,55.0,16.0,0.25,238.0,-0.3260828514505908,False
zz2000_and_cyb_below_ma64_days10:scale0.75,38.17929670541267,13.72849231232022,2.781026192595804,-17.60868647176209,17070.512785604125,-1.5624942854304749,-0.02943797879373644,-2.1316282072803006e-14,33.640345727600554,15.280424439500504,2.201532153821521,-17.60868647176206,1712.0455509611734,-1.4506035553334584,-0.02436750347756611,-2.4868995751603507e-14,35.262035045534226,17.703784055566267,1.9917795503412414,-17.60868647176206,350.43793664226877,-1.8322831722395563,-0.03356585472426876,2.1316282072803006e-14,46.092059095497184,17.279924116925017,2.667376244456525,-15.85118849098407,210.59153797842404,-3.8321834049151136,-0.11201868590622333,-0.05736656691554032,29.463605967230922,18.763311580144766,1.5702774982647068,-15.851188490984104,28.892805406393542,-2.016629308475526,-0.06659936359247065,-0.05736656691557407,zz2000_and_cyb,below,64.0,10.0,0.75,449.0,-0.3278977902527571,False
zz2000_and_cyb_below_ma47_days11:scale0.25,36.754982934273414,13.443383699572351,2.7340574185532347,-17.87426399383666,14460.638100779712,-2.9868080565697284,-0.07640675283630571,-0.2655775220745902,32.62423953930986,14.955927584000756,2.1813584851941883,-17.874263993836625,1579.0129107898879,-2.4667097436241505,-0.04454117210489894,-0.2655775220745902,35.344670420126434,17.09501672115461,2.0675423134502338,-17.874263993836593,351.8108229749079,-1.7496477976473486,0.042196908384723564,-0.265577522074512,45.1212424660953,16.635842875656426,2.712290732928366,-14.76605485970941,204.4615692663931,-4.8030000343169945,-0.06710419743438267,1.0277670643591197,41.1404270751446,17.783233475954948,2.313439067803466,-14.76605485970942,40.31065652758357,9.660191799438152,0.6765622059462888,1.027767064359109,zz2000_and_cyb,below,47.0,11.0,0.25,353.0,-0.32813595660055517,False
zz2000_and_cyb_below_ma58_days11:scale0.50,37.20164351266284,13.4690751801507,2.7620042961440063,-17.60868647176207,15236.095418149616,-2.5401474781803017,-0.04845987524553408,0.0,33.077391017849344,14.972735568559026,2.209174860959139,-17.60868647176205,1637.214929052751,-2.0135582650846686,-0.016724796339948167,-1.4210854715202004e-14,35.045985201824536,17.286468780133305,2.027365198038687,-17.60868647176205,346.86428080387293,-2.0483330159492468,0.0020197929731766706,3.197442310920451e-14,45.41752090348539,16.791373651418777,2.704812711951524,-15.488267998044291,206.3237239419726,-4.5067215969269085,-0.07458221841122459,0.30555392602423836,31.614110953640772,18.202996803920183,1.736753090394016,-15.488267998044304,30.996895219639754,0.13387567793432353,0.09987622853683864,0.30555392602422593,zz2000_and_cyb,below,58.0,11.0,0.5,418.0,-0.32836619177171844,False
zz2000_and_cyb_below_ma63_days21:scale0.25,37.991347643245874,13.876850080094554,2.737750096309105,-18.914963085867733,16702.62381587457,-1.750443347597269,-0.07271407508043559,-1.3062766141056628,33.75308755346664,15.436207747439223,2.1866178601454807,-18.914963085867775,1727.375748632371,-1.3378617294673703,-0.03928179715360658,-1.306276614105741,34.945404781571774,18.000986117427566,1.9413050237142038,-18.914963085867775,345.2083414521102,-2.148913436202008,-0.08404038135130643,-1.3062766141056947,47.845885914847244,17.55742009784364,2.7251091360924695,-15.793821924068519,221.87282413171303,-2.0783565855650536,-0.05428579427027902,1.0658141036401503e-14,30.87897447914074,19.237345696594577,1.6051577471317668,-15.793821924068563,30.277692143140822,-0.6012607965657075,-0.03171911472541056,-3.375077994860476e-14,zz2000_and_cyb,below,63.0,21.0,0.25,181.0,-0.32914535359769276,False
zz2000_and_cyb_below_ma48_days16:scale0.50,38.12858571875988,13.938284817333088,2.7355292432641862,-17.762804083249918,16970.51515007177,-1.6132052720832633,-0.07493492812535418,-0.1541176114878482,33.8392590145139,15.55484782998026,2.1754799136827585,-17.76280408324985,1739.1715980941015,-1.2516902684201128,-0.05041974361632873,-0.15411761148781622,34.91024386074169,18.03091316577432,1.936132881334438,-17.762804083249893,344.6306163374069,-2.1840743570320953,-0.08921252373107214,-0.15411761148781267,47.15669970905796,17.69259851198409,2.6653348674088964,-15.082372623716179,217.40775276215115,-2.7675427913543373,-0.11406006295385218,0.711449300352351,29.809384707191654,19.028334766733447,1.5665787402114832,-15.08237262371619,29.2311611656225,-1.670850568514794,-0.07029812164569416,0.7114493003523403,zz2000_and_cyb,below,48.0,16.0,0.5,214.0,-0.3296391918492206,False
zz2000_and_cyb_below_ma65_days10:scale0.75,38.1756160955639,13.728732339910598,2.78070947487148,-17.608686471762102,17063.23650899443,-1.5661748952792394,-0.02975469651806062,-3.197442310920451e-14,33.63467599326091,15.28076411023476,2.201112179379371,-17.60868647176206,1711.277667973482,-1.4562732896730992,-0.02478747791971614,-2.4868995751603507e-14,35.230759876191954,17.704078527698474,1.9899798693884319,-17.60868647176209,349.91920839128466,-1.8635583415818289,-0.03536553567707834,-1.0658141036401503e-14,46.092059095497184,17.279924116925017,2.667376244456525,-15.85118849098407,210.59153797842404,-3.8321834049151136,-0.11201868590622333,-0.05736656691554032,29.463605967230922,18.763311580144766,1.5702774982647068,-15.851188490984104,28.892805406393542,-2.016629308475526,-0.06659936359247065,-0.05736656691557407,zz2000_and_cyb,below,65.0,10.0,0.75,449.0,-0.3302723409074063,False
zz2000_and_cyb_below_ma56_days14:scale0.25,37.97124383651158,13.683760427363456,2.774912936986267,-17.60868647176206,16663.713278836203,-1.7705471543315596,-0.03555123440327357,1.0658141036401503e-14,34.10675573475312,15.262200460744499,2.2347207286706925,-17.60868647176207,1776.22651974183,-0.9841935481808903,0.00882107137160526,-3.552713678800501e-14,35.70897876209238,17.779131410119756,2.008477126265408,-17.608686471762024,357.90329754352575,-1.3853394556814038,-0.01686827880010222,5.684341886080802e-14,45.30533574381583,17.606537008445354,2.573211059169907,-14.970349556172891,205.6177342619038,-4.618906756596466,-0.20618387119284165,0.8234723678956382,27.004880102235784,19.01473564262064,1.420208022335352,-14.970349556172891,26.48641364691313,-4.475355173470664,-0.21666883952182547,0.8234723678956382,zz2000_and_cyb,below,56.0,14.0,0.25,293.0,-0.3303205158279082,False
zz2000_and_cyb_below_ma57_days14:scale0.00,37.53151488732509,13.655176812951913,2.748519144162711,-17.60868647176206,15833.457949995081,-2.210276103518055,-0.061945027226829374,1.0658141036401503e-14,34.01516360564738,15.227069891379031,2.2338613960723612,-17.60868647176208,1763.4637937900493,-1.0757856772866319,0.007961738773273996,-4.618527782440651e-14,35.90111782474881,17.722622237586023,2.025722680507738,-17.60868647176206,361.1428612066656,-1.1932003930249735,0.0003772754422279867,2.1316282072803006e-14,44.98829594260047,17.556637777850238,2.562466487709765,-14.766054859709431,203.6284349675092,-4.935946557811825,-0.2169284426529834,1.0277670643590984,27.155814680839452,18.871688300666335,1.4389711322161152,-14.7660548597094,26.634158386385298,-4.3244205948669965,-0.19790572964106223,1.0277670643591303,zz2000_and_cyb,below,57.0,14.0,0.0,300.0,-0.33053308652944613,False
zz2000_and_cyb_below_ma63_days20:scale0.00,37.426590012853865,13.846963193648456,2.7028735102019543,-17.72110427444702,15641.125348019845,-2.315200977989278,-0.10759066118758609,-0.1124178026849485,33.54440217963219,15.39755209328621,2.178554225788822,-17.721104274446986,1699.0907784750582,-1.546547103301819,-0.04734543151026527,-0.11241780268495205,34.90491857758522,17.95032074846507,1.944528962278846,-17.721104274446976,344.54316948817257,-2.1893996401885616,-0.08081644278666422,-0.11241780268489521,47.19946682063429,17.536670629281527,2.6914725045827037,-15.79382192406853,217.6836233411064,-2.7247756797780056,-0.08792242578004483,0.0,30.678865655237075,19.240338241132374,1.594507605362737,-15.793821924068506,30.081908538271595,-0.801369620469373,-0.042369256494440455,2.3092638912203256e-14,zz2000_and_cyb,below,63.0,20.0,0.0,196.0,-0.33093141144376853,False
zz2000_and_cyb_below_ma45_days11:scale0.25,36.81630390821067,13.45541608102937,2.7361698580334157,-17.874263993836635,14564.878068336835,-2.925487082632472,-0.07429431335612469,-0.2655775220745653,32.579006126252885,14.95842773452764,2.1779699514176025,-17.874263993836625,1573.3006453599803,-2.511943156681127,-0.04792970588148471,-0.2655775220745902,35.344670420126434,17.09501672115461,2.0675423134502338,-17.874263993836593,351.8108229749079,-1.7496477976473486,0.042196908384723564,-0.265577522074512,45.1212424660953,16.635842875656426,2.712290732928366,-14.76605485970941,204.4615692663931,-4.8030000343169945,-0.06710419743438267,1.0277670643591197,41.1404270751446,17.783233475954948,2.313439067803466,-14.76605485970942,40.31065652758357,9.660191799438152,0.6765622059462888,1.027767064359109,zz2000_and_cyb,below,45.0,11.0,0.25,344.0,-0.3311872258805574,False
zz2000_and_cyb_below_ma46_days11:scale0.25,36.67101828708967,13.443755465442466,2.7277361881026105,-17.87426399383665,14319.031978148252,-3.0707727037534696,-0.08272798328692987,-0.2655775220745795,32.579006126252885,14.95842773452764,2.1779699514176025,-17.874263993836625,1573.3006453599803,-2.511943156681127,-0.04792970588148471,-0.2655775220745902,35.344670420126434,17.09501672115461,2.0675423134502338,-17.874263993836593,351.8108229749079,-1.7496477976473486,0.042196908384723564,-0.265577522074512,45.1212424660953,16.635842875656426,2.712290732928366,-14.76605485970941,204.4615692663931,-4.8030000343169945,-0.06710419743438267,1.0277670643591197,41.1404270751446,17.783233475954948,2.313439067803466,-14.76605485970942,40.31065652758357,9.660191799438152,0.6765622059462888,1.027767064359109,zz2000_and_cyb,below,46.0,11.0,0.25,345.0,-0.3311872258805574,False
zz2000_and_cyb_below_ma57_days12:scale0.00,36.34469581300861,13.427418367882298,2.7067523195630274,-17.60868647176207,13780.852383667485,-3.3970951778345295,-0.10371185182651299,0.0,33.31573552868865,14.929835534512565,2.231487108593682,-17.60868647176208,1668.5504686859229,-1.7752137542453639,0.005587451294594814,-4.618527782440651e-14,35.55443617771665,17.27987573179195,2.0575631867712283,-17.60868647176207,355.31085212513284,-1.5398820400571296,0.032217781705718096,1.0658141036401503e-14,44.690652570814436,16.898589539243638,2.6446380313001403,-15.457333966216124,201.76870091702887,-5.233589929597862,-0.13475689906260824,0.3364879578524054,34.80762225401814,17.943321435035976,1.9398650567588385,-15.457333966216124,34.120397257093174,3.3273869783116936,0.30298819490166107,0.3364879578524054,zz2000_and_cyb,below,57.0,12.0,0.0,364.0,-0.3320740054393859,False
zz2000_and_cyb_below_ma64_days14:scale0.25,37.83627096125925,13.608610638139771,2.780318429804917,-17.608686471762113,16404.654368685227,-1.90552002958389,-0.030145741584623575,-4.263256414560601e-14,33.75081571765146,15.160204485736658,2.22627707623638,-17.60868647176209,1727.0656845488422,-1.3401335652825495,0.00037741893729270615,-5.684341886080802e-14,35.36873654287407,17.61564385365791,2.007802657495809,-17.60868647176208,352.21128058228055,-1.7255816748997148,-0.017542747569700978,0.0,45.55096928513274,17.276240921405652,2.6366250327462186,-15.793821924068519,207.16493711139577,-4.373273215279561,-0.14276989761652992,1.0658141036401503e-14,26.981859796726916,18.86816138663057,1.430020617474974,-15.793821924068519,26.463879586694826,-4.498375478979533,-0.2068562443822033,1.0658141036401503e-14,zz2000_and_cyb,below,64.0,14.0,0.25,315.0,-0.3336315412392211,False
zz2000_and_cyb_below_ma58_days14:scale0.00,37.46273354857712,13.580569602033982,2.758553922728416,-17.60868647176206,15707.131266229408,-2.279057442266023,-0.05191024866112448,1.0658141036401503e-14,33.90842790662647,15.12043272216594,2.242556713136793,-17.608686471762102,1748.6895243172398,-1.182521376307541,0.016657055837705936,-6.750155989720952e-14,35.684193913446194,17.538464777143016,2.0346247158389583,-17.60868647176206,357.486740320587,-1.4101243043275886,0.009279310773448124,2.1316282072803006e-14,44.603360398763336,17.243681494826554,2.586649516354453,-14.766054859709444,201.22472366404165,-5.320882101648962,-0.1927454140082956,1.027767064359086,27.155814680839452,18.871688300666335,1.4389711322161152,-14.7660548597094,26.634158386385298,-4.3244205948669965,-0.19790572964106223,1.0277670643591303,zz2000_and_cyb,below,58.0,14.0,0.0,317.0,-0.33391004790979545,False
zz2000_and_cyb_below_ma54_days12:scale0.25,37.16109618642223,13.460890038963944,2.760671551350288,-17.60868647176208,15164.134554918743,-2.580694804420915,-0.049792620039252444,-1.0658141036401503e-14,33.28258477102581,14.96444021161492,2.2241115805449865,-17.60868647176206,1664.1618510873589,-1.8083645119082021,-0.0017880767541007536,-2.4868995751603507e-14,35.56141869871758,17.29292955851852,2.0564137833545955,-17.60868647176205,355.42772997969473,-1.5328995190562011,0.031068378289085263,3.197442310920451e-14,44.749108747704305,16.89567470004291,2.6485541147161555,-15.5393223141422,202.13334660821317,-5.175133752707993,-0.130840815646593,0.25449960992632903,33.80201656967194,18.15865524135872,1.861482368621847,-15.5393223141422,33.13697481864726,2.3217812939654934,0.2246055067646695,0.25449960992632903,zz2000_and_cyb,below,54.0,12.0,0.25,350.0,-0.33472236472627037,False
zz2000_and_cyb_below_ma53_days12:scale0.25,37.40534489027281,13.468087877581933,2.7773315135948295,-17.608686471762034,15602.447785174238,-2.3364461005703347,-0.03313265779471086,3.552713678800501e-14,33.28258477102581,14.96444021161492,2.2241115805449865,-17.60868647176206,1664.1618510873589,-1.8083645119082021,-0.0017880767541007536,-2.4868995751603507e-14,35.56141869871758,17.29292955851852,2.0564137833545955,-17.60868647176205,355.42772997969473,-1.5328995190562011,0.031068378289085263,3.197442310920451e-14,44.749108747704305,16.89567470004291,2.6485541147161555,-15.5393223141422,202.13334660821317,-5.175133752707993,-0.130840815646593,0.25449960992632903,33.80201656967194,18.15865524135872,1.861482368621847,-15.5393223141422,33.13697481864726,2.3217812939654934,0.2246055067646695,0.25449960992632903,zz2000_and_cyb,below,53.0,12.0,0.25,344.0,-0.33472236472627037,False
zz2000_and_cyb_below_ma49_days12:scale0.00,37.1204833093121,13.497727092464235,2.750128451629195,-17.608686471762024,15092.374655594238,-2.621307681531043,-0.06033571976034535,4.618527782440651e-14,33.731992431017055,15.017201250516543,2.2462236383664886,-17.60868647176209,1724.4984704760618,-1.3589568519169575,0.02032398106740141,-5.684341886080802e-14,35.73750284999746,17.2012908049384,2.0776058759344624,-17.60868647176209,358.3830750712492,-1.3568153677763206,0.05226047086895225,-1.0658141036401503e-14,43.72049823463578,16.77762547273937,2.605881166299351,-14.76605485970941,195.7596387080269,-6.203744265776521,-0.1735137640633977,1.0277670643591197,40.9792323395878,17.763724936706378,2.306905363914393,-14.766054859709431,40.15315000150848,9.498997063881355,0.6700285020572154,1.0277670643590984,zz2000_and_cyb,below,49.0,12.0,0.0,320.0,-0.33529760750819915,False
zz2000_and_cyb_below_ma56_days21:scale0.00,37.56567329962155,13.939837442806107,2.694842996107387,-19.68320759741411,15896.545739637233,-2.1761176912215916,-0.11562117528215321,-2.0745211256520406,33.74571598440361,15.518773304665142,2.17450924257391,-19.683207597414064,1726.3698365460116,-1.3452332985304025,-0.05139041472517736,-2.07452112565203,35.165808278819945,18.16030647304741,1.9364105077748124,-19.683207597414054,348.8434502398851,-1.9285099389538374,-0.08893489729069781,-2.074521125651973,48.571702318123776,17.837471985201812,2.723014918168867,-15.793821924068519,226.62020026201523,-1.3525401822885215,-0.056380012193881335,1.0658141036401503e-14,31.48023527570645,19.23188970976682,1.6368768618571774,-15.79382192406853,30.86592630275138,0.0,0.0,0.0,zz2000_and_cyb,below,56.0,21.0,0.0,160.0,-0.33652726033035274,False
zz2000_and_cyb_below_ma51_days15:scale0.50,38.43530243483917,13.842899270770065,2.7765355857206244,-17.60868647176206,17583.769742449313,-1.3064885560039698,-0.03392858566891599,1.0658141036401503e-14,33.99391156098288,15.435382632737237,2.2023368237651884,-17.60868647176209,1760.5136593229763,-1.097037721951132,-0.023562833533898875,-5.684341886080802e-14,34.75575189337823,17.95589776771899,1.9356176083749994,-17.608686471762024,342.099272757982,-2.3385663243955506,-0.08972779669051079,5.684341886080802e-14,46.56894336900774,17.58254568116705,2.648589357506319,-14.947548999699855,213.63254925218178,-3.355299131404557,-0.13080557285642946,0.8462729243686749,30.019073882535352,19.0228508463305,1.5780533698673256,-14.947548999699855,29.436341338721128,-1.4611613931710963,-0.05882349198985182,0.8462729243686749,zz2000_and_cyb,below,51.0,15.0,0.5,256.0,-0.3373190656645838,False
zz2000_and_cyb_below_ma48_days13:scale0.00,37.4143278331484,13.585330464432532,2.7540241241169703,-17.60868647176206,15618.790697874085,-2.327463157694744,-0.056440047272570126,1.0658141036401503e-14,33.76209773863905,15.133242728195087,2.2309889787029005,-17.608686471762034,1728.6059406692473,-1.328851544294963,0.005089321403813241,0.0,35.281791622381476,17.35485023400156,2.0329643383068507,-17.60868647176207,350.7658644376611,-1.8125265953923062,0.007618933241340553,1.0658141036401503e-14,44.605323656708016,16.966596293749728,2.629008369412316,-14.76605485970942,201.23695088815614,-5.318918843704282,-0.15038656095043246,1.027767064359109,37.590203833869396,18.225664145920884,2.062487464539531,-14.766054859709431,36.84094492627348,6.109968558162947,0.4256106026823534,1.0277670643590984,zz2000_and_cyb,below,48.0,13.0,0.0,284.0,-0.33774994856268636,False
zz2000_and_cyb_below_ma64_days15:scale0.00,37.38548689831347,13.649185755291649,2.739026896444684,-18.955825297885664,15566.37609284545,-2.356304092529676,-0.07143727494485663,-1.3471388261235937,33.67220764782346,15.202258880860628,2.2149476542736797,-18.955825297885752,1716.366235871644,-1.4187416351105497,-0.010952003025407553,-1.347138826123718,35.068352179734674,17.68561844172142,1.9828739546368566,-18.95582529788572,347.23319526607446,-2.0259660380391082,-0.042471450428653634,-1.3471388261236399,46.802408924184704,17.3393018801279,2.6992095326412,-15.79382192406854,215.12851772365727,-3.121833576227594,-0.08018539772154876,-1.0658141036401503e-14,30.15237517496965,19.026309871594474,1.5847726321322007,-15.793821924068506,29.566773273439395,-1.3278601007367996,-0.05210422972497675,2.3092638912203256e-14,zz2000_and_cyb,below,64.0,15.0,0.0,290.0,-0.3434252141854034,False
zz2000_and_cyb_below_ma47_days13:scale0.00,37.355118820761305,13.580937989192709,2.7505551421033916,-17.60868647176206,15511.363167643012,-2.3866721700818374,-0.05990902928614883,1.0658141036401503e-14,33.705097710873645,15.126928534734205,2.228152108571185,-17.60868647176205,1720.8360662574105,-1.3858515720603677,0.002252451272097833,-1.4210854715202004e-14,35.511582096655836,17.342625514936543,2.0476474029881495,-17.60868647176206,354.5940583975174,-1.5827361211179465,0.022301997922639316,2.1316282072803006e-14,44.31497554348751,16.97025528765145,2.611332286541009,-14.76605485970941,199.43224031538514,-5.609266956924785,-0.1680626438217394,1.0277670643591197,37.590203833869396,18.225664145920884,2.062487464539531,-14.766054859709431,36.84094492627348,6.109968558162947,0.4256106026823534,1.0277670643590984,zz2000_and_cyb,below,47.0,13.0,0.0,283.0,-0.3444944109196252,False
zz2000_and_cyb_below_ma64_days21:scale0.00,37.67098845083838,13.860084534075314,2.7179479575484153,-17.966937561402663,16092.530872653384,-2.070802540004763,-0.09251621384112507,-0.3582510896405928,33.71300411725748,15.410902464300772,2.1876073899859776,-17.96693756140263,1721.912038575909,-1.377945165676529,-0.03829226731310964,-0.3582510896405964,34.785597090896324,18.00852442296521,1.9316183977037178,-17.966937561402617,342.5873849533276,-2.308721126877458,-0.0937270073617924,-0.358251089640536,47.12971899490688,17.53727592317417,2.6874024906358773,-15.79382192406853,217.23379487453553,-2.794523505505417,-0.09199243972687121,0.0,30.678865655237075,19.240338241132374,1.594507605362737,-15.793821924068506,30.081908538271595,-0.801369620469373,-0.042369256494440455,2.3092638912203256e-14,zz2000_and_cyb,below,64.0,21.0,0.0,183.0,-0.3462878178902057,False
zz2000_and_cyb_below_ma65_days21:scale0.00,37.67098845083838,13.860084534075314,2.7179479575484153,-17.966937561402663,16092.530872653384,-2.070802540004763,-0.09251621384112507,-0.3582510896405928,33.71300411725748,15.410902464300772,2.1876073899859776,-17.96693756140263,1721.912038575909,-1.377945165676529,-0.03829226731310964,-0.3582510896405964,34.785597090896324,18.00852442296521,1.9316183977037178,-17.966937561402617,342.5873849533276,-2.308721126877458,-0.0937270073617924,-0.358251089640536,47.12971899490688,17.53727592317417,2.6874024906358773,-15.79382192406853,217.23379487453553,-2.794523505505417,-0.09199243972687121,0.0,30.678865655237075,19.240338241132374,1.594507605362737,-15.793821924068506,30.081908538271595,-0.801369620469373,-0.042369256494440455,2.3092638912203256e-14,zz2000_and_cyb,below,65.0,21.0,0.0,184.0,-0.3462878178902057,False
zz2000_and_cyb_below_ma58_days15:scale0.00,37.2353852824935,13.644899684969388,2.72888670068497,-17.623645971440105,15296.220442744727,-2.5064057083496394,-0.08157747070457022,-0.014959499678035115,33.63510110445278,15.189757337664222,2.2143277444631617,-17.623645971440094,1711.3352329398735,-1.455848178481233,-0.011571912835925513,-0.014959499678059984,34.97921798824662,17.65164911982551,1.9816402281053493,-17.623645971440116,345.76448823016574,-2.1151002295271653,-0.04370517696016085,-0.014959499678035115,45.84347366934567,17.31228462737377,2.6480314213907428,-15.48322984316468,209.01416030594868,-4.080768831066628,-0.13136350897200577,0.3105920809038487,30.64081180171332,19.064391108636787,1.6072274024965865,-15.483229843164715,30.044676613152753,-0.8394234739931292,-0.029649459360590935,0.31059208090381496,zz2000_and_cyb,below,58.0,15.0,0.0,291.0,-0.34823770022831074,False
zz2000_and_cyb_below_ma48_days12:scale0.00,36.977625893839374,13.508822239023582,2.7372945797613895,-17.60868647176206,14842.460399172676,-2.764165097003769,-0.07316959162815095,1.0658141036401503e-14,33.5448916570829,15.032978005298899,2.2314202578663274,-17.60868647176206,1699.1566580628294,-1.5460576258511125,0.00552060056724013,-2.4868995751603507e-14,35.73750284999746,17.2012908049384,2.0776058759344624,-17.60868647176209,358.3830750712492,-1.3568153677763206,0.05226047086895225,-1.0658141036401503e-14,43.72049823463578,16.77762547273937,2.605881166299351,-14.76605485970941,195.7596387080269,-6.203744265776521,-0.1735137640633977,1.0277670643591197,40.9792323395878,17.763724936706378,2.306905363914393,-14.766054859709431,40.15315000150848,9.498997063881355,0.6700285020572154,1.0277670643590984,zz2000_and_cyb,below,48.0,12.0,0.0,315.0,-0.34831232097630377,False
zz2000_and_cyb_below_ma46_days13:scale0.00,37.358467250932506,13.582285681849783,2.7505287494324464,-17.608686471762024,15517.420083595922,-2.3833237399106366,-0.059935421957094004,4.618527782440651e-14,33.64433210273283,15.130066352219277,2.223673797557265,-17.60868647176208,1712.5856228325,-1.44661718020118,-0.0022258597418223225,-4.618527782440651e-14,35.511582096655836,17.342625514936543,2.0476474029881495,-17.60868647176206,354.5940583975174,-1.5827361211179465,0.022301997922639316,2.1316282072803006e-14,44.31497554348751,16.97025528765145,2.611332286541009,-14.76605485970941,199.43224031538514,-5.609266956924785,-0.1680626438217394,1.0277670643591197,37.590203833869396,18.225664145920884,2.062487464539531,-14.766054859709431,36.84094492627348,6.109968558162947,0.4256106026823534,1.0277670643590984,zz2000_and_cyb,below,46.0,13.0,0.0,275.0,-0.34855653467081027,False
zz2000_and_cyb_below_ma45_days13:scale0.00,37.38266120729639,13.58247852096455,2.7522709606789557,-17.60868647176205,15561.249590711517,-2.3591297835467557,-0.0581932107105847,2.1316282072803006e-14,33.64433210273283,15.130066352219277,2.223673797557265,-17.60868647176208,1712.5856228325,-1.44661718020118,-0.0022258597418223225,-4.618527782440651e-14,35.511582096655836,17.342625514936543,2.0476474029881495,-17.60868647176206,354.5940583975174,-1.5827361211179465,0.022301997922639316,2.1316282072803006e-14,44.31497554348751,16.97025528765145,2.611332286541009,-14.76605485970941,199.43224031538514,-5.609266956924785,-0.1680626438217394,1.0277670643591197,37.590203833869396,18.225664145920884,2.062487464539531,-14.766054859709431,36.84094492627348,6.109968558162947,0.4256106026823534,1.0277670643590984,zz2000_and_cyb,below,45.0,13.0,0.0,274.0,-0.34855653467081027,False
zz2000_and_cyb_below_ma63_days22:scale0.00,37.66941878038064,13.881073449625752,2.713725196908042,-17.966937561402695,16089.59336336367,-2.072372210462504,-0.09673897448149837,-0.3582510896406248,33.47904778012571,15.43719442596711,2.168726185362423,-17.96693756140263,1690.3140905687521,-1.6119015028083012,-0.05717347193666411,-0.3582510896405964,34.837263280479426,18.014680609048224,1.9338263073607718,-17.966937561402617,343.4333933334349,-2.257054937294356,-0.09151909770473843,-0.358251089640536,47.22372759531579,17.547681226994,2.6911662563524605,-15.793821924068519,217.8401891325771,-2.7005149050965045,-0.088228674010288,1.0658141036401503e-14,30.678865655237075,19.240338241132374,1.594507605362737,-15.793821924068506,30.081908538271595,-0.801369620469373,-0.042369256494440455,2.3092638912203256e-14,zz2000_and_cyb,below,63.0,22.0,0.0,166.0,-0.3546626549793968,False
zz2000_and_cyb_below_ma54_days21:scale0.00,37.86004402741101,13.947414189690258,2.7144848150703553,-19.683207597414075,16450.00904651643,-1.8817469634321355,-0.09597935631918508,-2.074521125652005,33.604990370743494,15.520740606173208,2.1651666775087697,-19.6832075974141,1707.261960810898,-1.4859589121905188,-0.060732979790317554,-2.0745211256520655,35.002905927814744,18.162177911723727,1.9272416611016838,-19.683207597414064,346.1544291294989,-2.091412289959038,-0.09810374396382637,-2.0745211256519838,48.571702318123776,17.837471985201812,2.723014918168867,-15.793821924068519,226.62020026201523,-1.3525401822885215,-0.056380012193881335,1.0658141036401503e-14,31.48023527570645,19.23188970976682,1.6368768618571774,-15.79382192406853,30.86592630275138,0.0,0.0,0.0,zz2000_and_cyb,below,54.0,21.0,0.0,156.0,-0.3557063168944736,False
zz2000_and_cyb_below_ma55_days21:scale0.00,37.86004402741101,13.947414189690258,2.7144848150703553,-19.683207597414075,16450.00904651643,-1.8817469634321355,-0.09597935631918508,-2.074521125652005,33.604990370743494,15.520740606173208,2.1651666775087697,-19.6832075974141,1707.261960810898,-1.4859589121905188,-0.060732979790317554,-2.0745211256520655,35.002905927814744,18.162177911723727,1.9272416611016838,-19.683207597414064,346.1544291294989,-2.091412289959038,-0.09810374396382637,-2.0745211256519838,48.571702318123776,17.837471985201812,2.723014918168867,-15.793821924068519,226.62020026201523,-1.3525401822885215,-0.056380012193881335,1.0658141036401503e-14,31.48023527570645,19.23188970976682,1.6368768618571774,-15.79382192406853,30.86592630275138,0.0,0.0,0.0,zz2000_and_cyb,below,55.0,21.0,0.0,156.0,-0.3557063168944736,False
zz2000_and_cyb_below_ma61_days11:scale0.50,37.14297511270337,13.488493102040536,2.753678623083878,-17.60868647176205,15132.076823618252,-2.5988158781397743,-0.05678554830566229,2.1316282072803006e-14,32.98676645944057,15.000482199676235,2.199047071976962,-17.60868647176206,1625.43209578312,-2.1041828234934457,-0.02685258532212531,-2.4868995751603507e-14,34.77646437382522,17.328459490136673,2.0068987894521104,-17.60868647176206,342.43797548868633,-2.317853843948562,-0.018446615613399775,2.1316282072803006e-14,45.28797194742575,16.880413148538466,2.6828710617990335,-14.766054859709444,205.50855944919536,-4.636270552986545,-0.09652386856371509,1.027767064359086,31.257780629687204,18.448563804024097,1.694320542332357,-14.76605485970942,30.648296631606865,-0.22245464601924425,0.05744368047517967,1.027767064359109,zz2000_and_cyb,below,61.0,11.0,0.5,412.0,-0.35687603205997054,False
zz2000_and_cyb_below_ma62_days11:scale0.50,37.20612720771721,13.485540447543851,2.75896448884951,-17.608686471762024,15244.072292709276,-2.5356637831259334,-0.051499682540030456,4.618527782440651e-14,32.98676645944057,15.000482199676235,2.199047071976962,-17.60868647176206,1625.43209578312,-2.1041828234934457,-0.02685258532212531,-2.4868995751603507e-14,34.77646437382522,17.328459490136673,2.0068987894521104,-17.60868647176206,342.43797548868633,-2.317853843948562,-0.018446615613399775,2.1316282072803006e-14,45.28797194742575,16.880413148538466,2.6828710617990335,-14.766054859709444,205.50855944919536,-4.636270552986545,-0.09652386856371509,1.027767064359086,31.257780629687204,18.448563804024097,1.694320542332357,-14.76605485970942,30.648296631606865,-0.22245464601924425,0.05744368047517967,1.027767064359109,zz2000_and_cyb,below,62.0,11.0,0.5,411.0,-0.35687603205997054,False
zz2000_and_cyb_below_ma53_days21:scale0.00,37.853981023784215,13.947446298349684,2.714043862514333,-19.683207597414075,16438.43085780078,-1.887809967058928,-0.09642030887520736,-2.074521125652005,33.59563161362398,15.52078105336161,2.1645580527242587,-19.6832075974141,1705.9976219224975,-1.4953176693100332,-0.06134160457482851,-2.0745211256520655,34.983946474856744,18.16225212318653,1.9261898930582009,-19.683207597414064,345.8423048181312,-2.1103717429170388,-0.09915551200730932,-2.0745211256519838,48.536928914340734,17.837649789808015,2.721038336680066,-15.793821924068506,226.39170066987893,-1.3873135860715635,-0.05835659368268242,2.3092638912203256e-14,31.48023527570645,19.23188970976682,1.6368768618571774,-15.79382192406853,30.86592630275138,0.0,0.0,0.0,zz2000_and_cyb,below,53.0,21.0,0.0,152.0,-0.35968621675239276,False
zz2000_and_cyb_below_ma47_days12:scale0.00,36.92092686364899,13.503989529904246,2.7340754953851616,-17.608686471762034,14744.343544761676,-2.820864127194156,-0.07638867600437882,3.552713678800501e-14,33.39102522372648,15.027236447078462,2.2220336614333522,-17.60868647176209,1678.5541075412052,-1.6999240592075324,-0.0038659958657349947,-5.684341886080802e-14,35.98483592081565,17.187807483476853,2.0936257259926223,-17.60868647176205,362.5601088641061,-1.1094822969581344,0.06828032092711211,3.197442310920451e-14,43.4319267322989,16.78129360961302,2.588115537613816,-14.766054859709431,193.98774271252748,-6.4923157681134,-0.1912793927489327,1.0277670643590984,40.9792323395878,17.763724936706378,2.306905363914393,-14.766054859709431,40.15315000150848,9.498997063881355,0.6700285020572154,1.0277670643590984,zz2000_and_cyb,below,47.0,12.0,0.0,315.0,-0.359937846610326,False
zz2000_and_cyb_below_ma46_days12:scale0.00,36.869679752043936,13.506258039712248,2.7298219568763287,-17.608686471762102,14656.18095134891,-2.8721112387992065,-0.08064221451321174,-3.197442310920451e-14,33.330402353641375,15.030391972886234,2.217533808417443,-17.60868647176205,1670.4952491330637,-1.7605469292926372,-0.008365848881644045,-1.4210854715202004e-14,35.98483592081565,17.187807483476853,2.0936257259926223,-17.60868647176205,362.5601088641061,-1.1094822969581344,0.06828032092711211,3.197442310920451e-14,43.4319267322989,16.78129360961302,2.588115537613816,-14.766054859709431,193.98774271252748,-6.4923157681134,-0.1912793927489327,1.0277670643590984,40.9792323395878,17.763724936706378,2.306905363914393,-14.766054859709431,40.15315000150848,9.498997063881355,0.6700285020572154,1.0277670643590984,zz2000_and_cyb,below,46.0,12.0,0.0,307.0,-0.3640064592208328,False
zz2000_and_cyb_below_ma45_days12:scale0.00,36.91368536125206,13.50862629578791,2.7326009731101983,-17.608686471762013,14731.855801176356,-2.828105629591086,-0.07786319827934207,5.684341886080802e-14,33.330402353641375,15.030391972886234,2.217533808417443,-17.60868647176205,1670.4952491330637,-1.7605469292926372,-0.008365848881644045,-1.4210854715202004e-14,35.98483592081565,17.187807483476853,2.0936257259926223,-17.60868647176205,362.5601088641061,-1.1094822969581344,0.06828032092711211,3.197442310920451e-14,43.4319267322989,16.78129360961302,2.588115537613816,-14.766054859709431,193.98774271252748,-6.4923157681134,-0.1912793927489327,1.0277670643590984,40.9792323395878,17.763724936706378,2.306905363914393,-14.766054859709431,40.15315000150848,9.498997063881355,0.6700285020572154,1.0277670643590984,zz2000_and_cyb,below,45.0,12.0,0.0,306.0,-0.3640064592208328,False
zz2000_and_cyb_below_ma57_days22:scale0.00,37.618117309512925,13.959710543283299,2.694763418831262,-17.966937561402652,15993.861307855588,-2.1236736813302173,-0.11570075255827827,-0.35825108964058217,33.59520704969259,15.543507010250954,2.161365966350871,-17.96693756140264,1705.940283538701,-1.4957422332414225,-0.06453369094821637,-0.35825108964060703,35.072628909168024,18.197194886637053,1.9273645816105038,-17.966937561402606,347.30376211958855,-2.021689308605758,-0.09798082345500636,-0.3582510896405253,47.35523745729615,17.864057260967286,2.6508668644254,-15.79382192406853,218.68977568118854,-2.5690050431161495,-0.12852806593734867,0.0,30.678865655237075,19.240338241132374,1.594507605362737,-15.793821924068506,30.081908538271595,-0.801369620469373,-0.042369256494440455,2.3092638912203256e-14,zz2000_and_cyb,below,57.0,22.0,0.0,148.0,-0.3653979030634178,False
zz2000_and_cyb_below_ma49_days18:scale0.00,37.59852547648463,13.949116543799217,2.6954055017339615,-17.60868647176205,15957.441793213862,-2.143265514358511,-0.11505866965557887,2.1316282072803006e-14,33.90326237608037,15.542587456869192,2.1813139202312484,-17.60868647176207,1747.9771974341159,-1.1876869068536422,-0.04458573706783886,-3.552713678800501e-14,35.02826214901012,18.053607394923496,1.9402361745641887,-17.608686471762034,346.57213466182293,-2.0660560687636647,-0.08510923050132146,4.618527782440651e-14,46.44042519906333,17.744884189296027,2.6171162743951224,-15.45733396621609,212.81106884809233,-3.483817301348971,-0.16227865596762614,0.3364879578524391,29.302989304402626,19.163155354730417,1.5291317511116038,-15.457333966216114,28.73563151309897,-2.1772459713038224,-0.10774511074557358,0.33648795785241603,zz2000_and_cyb,below,49.0,18.0,0.0,178.0,-0.36913322777089574,False
zz2000_and_cyb_below_ma50_days18:scale0.00,37.60721285284354,13.893748052615306,2.706772334608767,-17.60868647176208,15973.581329432454,-2.134578137999604,-0.10369183678077354,-1.0658141036401503e-14,33.91672798147947,15.463447924139274,2.1933483494669797,-17.60868647176205,1749.834622501762,-1.1742213014545442,-0.03255130783210758,-1.4210854715202004e-14,34.98664196237922,18.053962772411364,1.9378926612080443,-17.608686471762034,345.8866692489129,-2.1076762553945656,-0.08745274385746593,4.618527782440651e-14,46.36520327275227,17.745583674422033,2.612774204749417,-15.457333966216114,212.3309198378258,-3.55903922766003,-0.16662072561333163,0.33648795785241603,29.302989304402626,19.163155354730417,1.5291317511116038,-15.457333966216114,28.73563151309897,-2.1772459713038224,-0.10774511074557358,0.33648795785241603,zz2000_and_cyb,below,50.0,18.0,0.0,193.0,-0.3701443104449508,False
zz2000_and_cyb_below_ma57_days21:scale0.00,37.52243950964527,13.941470913008553,2.6914261589595765,-19.68320759741409,15816.735718425258,-2.219351481197876,-0.11903801242996392,-2.0745211256520193,33.67877310385672,15.52107392136346,2.1698738936808173,-19.68320759741409,1717.2577058542824,-1.4121761790772922,-0.05602576361826994,-2.074521125652055,34.998773619307414,18.162201307097842,1.9270116561052424,-19.683207597414054,346.08638517902966,-2.0955445984663683,-0.09833374896026781,-2.074521125651973,48.26582614986137,17.841136485773152,2.7053111884632135,-15.793821924068506,224.61390354134022,-1.6584163505509295,-0.07408374189953504,2.3092638912203256e-14,30.678865655237075,19.240338241132374,1.594507605362737,-15.793821924068506,30.081908538271595,-0.801369620469373,-0.042369256494440455,2.3092638912203256e-14,zz2000_and_cyb,below,57.0,21.0,0.0,162.0,-0.3709563908530407,False
zz2000_and_cyb_below_ma63_days14:scale0.00,37.630895174047694,13.569222514350635,2.77325359903633,-17.60868647176207,16017.655939945053,-2.1108958167954484,-0.03721057235321057,0.0,33.97322463725472,15.110639291845732,2.2482983003629733,-17.60868647176206,1757.6460104878538,-1.1177246456792957,0.02239864306388606,-2.4868995751603507e-14,35.81586259852345,17.521473659926347,2.0441124584422656,-17.60868647176206,359.7031609845352,-1.2784556192503302,0.018767053376755438,2.1316282072803006e-14,44.072241008652725,17.243554841760282,2.555867477042435,-15.793821924068519,197.92901453798223,-5.852001491759573,-0.22352745332031354,1.0658141036401503e-14,25.489483136722125,18.860964053233808,1.3514411598887397,-15.793821924068519,25.002875832022365,-5.990752138984323,-0.2854357019684377,1.0658141036401503e-14,zz2000_and_cyb,below,63.0,14.0,0.0,308.0,-0.37427861669556134,False
zz2000_and_cyb_below_ma50_days14:scale0.50,38.53847562317188,13.763666346043872,2.800015246972991,-17.60868647176207,17794.654514795773,-1.2033153676712658,-0.010448924416549321,0.0,34.08573181588199,15.341267536737774,2.2218328266720335,-17.60868647176208,1773.2900475582628,-1.0052174670520202,-0.004066830627053708,-4.618527782440651e-14,35.008213017726476,17.798030838881665,1.9669711404953498,-17.60868647176209,346.2418295857497,-2.0861052000473066,-0.05837426457016037,-1.0658141036401503e-14,45.223853222790964,17.47842270284755,2.5874104312297694,-14.94734707404085,205.10563806596872,-4.700389277621333,-0.1919844991329791,0.8464748500276791,29.766619477868428,19.006619008451032,1.5661185960866113,-14.947347074040874,29.189314832436565,-1.7136157978380204,-0.0707582657705661,0.846474850027656,zz2000_and_cyb,below,50.0,14.0,0.5,278.0,-0.3779671308945072,False
zz2000_and_cyb_below_ma55_days14:scale0.00,37.87511117591889,13.666818561459621,2.7713187970993163,-17.60868647176207,16478.814864940865,-1.8666798149242538,-0.03914537429022413,0.0,33.95043243507521,15.23469496435913,2.2284944013976444,-17.60868647176207,1754.4911310044192,-1.1405168478588052,0.0025947440985572,-3.552713678800501e-14,35.740911543341184,17.747663804505578,2.013837535860223,-17.608686471762034,358.4404364436442,-1.3534066744325983,-0.011507869205287236,4.618527782440651e-14,44.50686194873674,17.60185979300055,2.5285317842626536,-14.76605485970941,200.62413570976187,-5.417380551675556,-0.25086314610009497,1.0277670643591197,27.49783242673043,19.030816561943745,1.4449108022888688,-14.76605485970942,26.96893685822339,-3.982402848976019,-0.1919660595683086,1.027767064359109,zz2000_and_cyb,below,55.0,14.0,0.0,288.0,-0.38052585266577943,False
zz2000_and_cyb_below_ma48_days18:scale0.00,37.46186706352026,13.958137196988426,2.683872964911316,-17.60868647176208,15705.545846965797,-2.2799239273228835,-0.1265912064782242,-1.0658141036401503e-14,33.7159219830492,15.557839077448262,2.1671339969007546,-17.60868647176206,1722.3092715689465,-1.3750272998848132,-0.05876566039833264,-2.4868995751603507e-14,35.02826214901012,18.053607394923496,1.9402361745641887,-17.608686471762034,346.57213466182293,-2.0660560687636647,-0.08510923050132146,4.618527782440651e-14,46.44042519906333,17.744884189296027,2.6171162743951224,-15.45733396621609,212.81106884809233,-3.483817301348971,-0.16227865596762614,0.3364879578524391,29.302989304402626,19.163155354730417,1.5291317511116038,-15.457333966216114,28.73563151309897,-2.1772459713038224,-0.10774511074557358,0.33648795785241603,zz2000_and_cyb,below,48.0,18.0,0.0,173.0,-0.3818434012270775,False
zz2000_and_cyb_below_ma50_days11:scale0.00,36.005245071452194,13.316892233812125,2.7037272990790924,-18.207600834727067,13241.035594170435,-3.7365459193909487,-0.10673687231044804,-0.5989143629649973,32.4299566068746,14.786651842625448,2.1931913290464333,-18.20760083472709,1554.6015889817884,-2.660992676059415,-0.03270832825265391,-0.5989143629650542,35.1781356218954,16.97529403433356,2.072313772636014,-18.20760083472702,349.0474631121714,-1.9161825958783822,0.04696836757050393,-0.5989143629649405,44.322400516409765,16.485228319340635,2.6886130818346197,-14.7660548597094,199.47830166692535,-5.601841984002533,-0.09078184852812887,1.0277670643591303,44.41489044057945,17.661011407036742,2.5148554302435397,-14.766054859709431,43.50953724578026,12.934655164873,0.8779785683863623,1.0277670643590984,zz2000_and_cyb,below,50.0,11.0,0.0,373.0,-0.3846227784141712,False
zz2000_and_cyb_below_ma52_days11:scale0.00,35.8256534051266,13.306910494715426,2.692259290340462,-18.207600834727046,12963.45784830475,-3.916137585716541,-0.11820488104907856,-0.598914362964976,31.969029848935904,14.76929819041421,2.1645598481913595,-18.207600834727057,1497.9596915738866,-3.1219194339981087,-0.06133980910772774,-0.5989143629650222,35.34385827993762,16.9700203906799,2.0827233831344607,-18.20760083472699,351.7973139983825,-1.7504599378361618,0.05737797806895051,-0.5989143629649085,44.52929231797103,16.476763210371733,2.702550965224826,-14.76605485970941,200.7636668922803,-5.394950182441271,-0.07684396513792269,1.0277670643591197,44.41489044057945,17.661011407036742,2.5148554302435397,-14.766054859709431,43.50953724578026,12.934655164873,0.8779785683863623,1.0277670643590984,zz2000_and_cyb,below,52.0,11.0,0.0,378.0,-0.38755106854941956,False
zz2000_and_cyb_below_ma51_days17:scale0.25,37.5673013860196,13.861786072482818,2.7101342633324044,-17.60868647176205,15899.558518718793,-2.174489604823542,-0.10032990805713604,2.1316282072803006e-14,33.78807832733253,15.444021394514904,2.187777228755504,-17.60868647176208,1732.1573349936707,-1.3028709556014846,-0.038122428543583275,-4.618527782440651e-14,34.577101532128566,18.010900909417334,1.919787450168541,-17.60868647176207,339.1864708070792,-2.5172166856452165,-0.10555795489696917,1.0658141036401503e-14,46.44970539820561,17.692672644081846,2.625363975958879,-15.336812875993644,212.87033929760727,-3.474537102206689,-0.15403095440386938,0.4570090480748856,27.73821323083625,19.0017668749558,1.4597702104952688,-15.336812875993633,27.20422047535378,-3.742022044870197,-0.17710665136190862,0.4570090480748963,zz2000_and_cyb,below,51.0,17.0,0.25,214.0,-0.38851299920357507,False
zz2000_and_cyb_below_ma49_days15:scale0.50,38.30714989393431,13.866805998266784,2.762507090581806,-17.60868647176206,17325.070313816792,-1.434641096908834,-0.04795708080773453,1.0658141036401503e-14,33.83958531435462,15.470966073465608,2.18729620074555,-17.60868647176206,1739.2163945842797,-1.2513639685793905,-0.03860345655353736,-2.4868995751603507e-14,34.48743006028183,17.91391976146736,1.925174976749863,-17.608686471762024,337.73021737757205,-2.6068881574919516,-0.10017042831564726,5.684341886080802e-14,46.08285973831847,17.511670387764816,2.6315513436408664,-14.947548999699855,210.533068974294,-3.8413827620938292,-0.14784358672188214,0.8462729243686749,30.019073882535352,19.0228508463305,1.5780533698673256,-14.947548999699855,29.436341338721128,-1.4611613931710963,-0.05882349198985182,0.8462729243686749,zz2000_and_cyb,below,49.0,15.0,0.5,240.0,-0.38961367855104323,False
zz2000_and_cyb_below_ma52_days10:scale0.50,37.1670169768819,13.449333101806438,2.7634840103625535,-17.6719031140235,15174.62263749415,-2.574774013961246,-0.04698016102698688,-0.06321664226143042,32.70596192613095,14.935988551710636,2.1897420323333807,-17.671903114023536,1589.3776667542597,-2.384987356803059,-0.036157624965706514,-0.06321664226150148,34.84121286115192,17.19196439705802,2.026598709517694,-17.671903114023536,343.4981189135516,-2.253105356621866,0.0012533044521836345,-0.06321664226145529,44.529671745288304,16.67826629545196,2.6699220984036702,-14.766054859709444,200.76602754247938,-5.394570755123993,-0.10947283195907831,1.027767064359086,34.02612621673844,17.8172719842191,1.9097270472649037,-14.76605485970942,33.35615161829184,2.545890941031992,0.2728501854077263,1.027767064359109,zz2000_and_cyb,below,52.0,10.0,0.5,417.0,-0.3933801852547748,False
zz2000_and_cyb_below_ma61_days13:scale0.00,36.673276953300736,13.470342823441857,2.722519941324716,-17.60868647176208,14322.824260166892,-3.068514037542407,-0.08794423006482432,-1.0658141036401503e-14,33.29775145864935,14.980530542467902,2.222735127054042,-17.60868647176205,1666.1684545806054,-1.7931978242846611,-0.0031645302450451496,-1.4210854715202004e-14,35.226657775088974,17.333146758256326,2.032329055213786,-17.60868647176207,349.8512066028379,-1.8676604426848087,0.006983650148275622,1.0658141036401503e-14,44.53692443525037,16.96534851741378,2.625170027573335,-16.36973587939098,200.81115334840533,-5.387318065161928,-0.1542249027894136,-0.5759139553224504,28.700559347012078,18.43962081437382,1.556461471520053,-16.36973587939098,28.14608466003974,-2.7796759286943704,-0.0804153903371243,-0.5759139553224504,zz2000_and_cyb,below,61.0,13.0,0.0,344.0,-0.3944413530527162,False
zz2000_and_cyb_below_ma62_days13:scale0.00,36.79891650448302,13.465850634577986,2.732758405175662,-17.60868647176205,14535.250279379145,-2.9428744863601253,-0.07770576621387848,2.1316282072803006e-14,33.29775145864935,14.980530542467902,2.222735127054042,-17.60868647176205,1666.1684545806054,-1.7931978242846611,-0.0031645302450451496,-1.4210854715202004e-14,35.226657775088974,17.333146758256326,2.032329055213786,-17.60868647176207,349.8512066028379,-1.8676604426848087,0.006983650148275622,1.0658141036401503e-14,44.53692443525037,16.96534851741378,2.625170027573335,-16.36973587939098,200.81115334840533,-5.387318065161928,-0.1542249027894136,-0.5759139553224504,28.700559347012078,18.43962081437382,1.556461471520053,-16.36973587939098,28.14608466003974,-2.7796759286943704,-0.0804153903371243,-0.5759139553224504,zz2000_and_cyb,below,62.0,13.0,0.0,343.0,-0.3944413530527162,False
zz2000_and_cyb_below_ma56_days12:scale0.25,36.86923203945136,13.450090706518194,2.7411883565650426,-17.608686471762034,14655.412899003799,-2.872558951391781,-0.06927581482449785,3.552713678800501e-14,33.257003794112805,14.957453977794573,2.223440155221954,-17.608686471762034,1660.7820501705244,-1.8339454888212074,-0.002459502077133191,0.0,35.05230489013185,17.309265859582666,2.0250601714992076,-17.60868647176205,346.96849125106456,-2.042013327641932,-0.00028523356630261176,3.197442310920451e-14,44.367815100323284,16.903082226603846,2.624835784712243,-15.539322314142224,199.7601369253673,-5.556427400089014,-0.15455914565050533,0.25449960992630594,32.73279893500876,18.17788191484368,1.800693782056084,-15.5393223141422,32.09120492488529,1.2525636593023108,0.1638169201989066,0.25449960992632903,zz2000_and_cyb,below,56.0,12.0,0.25,357.0,-0.3945257385836631,False
zz2000_and_cyb_below_ma48_days15:scale0.50,38.23803846128524,13.874664639184342,2.7559612758707486,-17.60868647176207,17187.03258199632,-1.5037525295579002,-0.05450289551879184,0.0,33.74524270455284,15.481926376904232,2.179653996733483,-17.60868647176205,1726.3052705891255,-1.3457065783811757,-0.04624566056560431,-1.4210854715202004e-14,34.48743006028183,17.91391976146736,1.925174976749863,-17.608686471762024,337.73021737757205,-2.6068881574919516,-0.10017042831564726,5.684341886080802e-14,46.08285973831847,17.511670387764816,2.6315513436408664,-14.947548999699855,210.533068974294,-3.8413827620938292,-0.14784358672188214,0.8462729243686749,30.019073882535352,19.0228508463305,1.5780533698673256,-14.947548999699855,29.436341338721128,-1.4611613931710963,-0.05882349198985182,0.8462729243686749,zz2000_and_cyb,below,48.0,15.0,0.5,235.0,-0.39626505885113006,False
zz2000_and_cyb_below_ma51_days14:scale0.50,38.54506871567143,13.762240182399527,2.8007844802015995,-17.60868647176205,17808.210515295516,-1.196722275171716,-0.009679691187940875,2.1316282072803006e-14,34.0383257221835,15.337939016066207,2.2192242182296456,-17.60868647176208,1766.6838713613558,-1.0526235607505114,-0.00667543906944168,-4.618527782440651e-14,34.912529505325594,17.792289448377648,1.9622280542715103,-17.60868647176209,344.6681532847867,-2.1817887124481885,-0.06311735079399994,-1.0658141036401503e-14,45.052354453751,17.46887765749371,2.5790068106879587,-14.94734707404084,204.02967996414668,-4.871888046661297,-0.20038811967478987,0.8464748500276897,29.766619477868428,19.006619008451032,1.5661185960866113,-14.947347074040874,29.189314832436565,-1.7136157978380204,-0.0707582657705661,0.846474850027656,zz2000_and_cyb,below,51.0,14.0,0.5,280.0,-0.3966183511599105,False
zz2000_and_cyb_below_ma51_days18:scale0.00,37.58983345226301,13.894317511632606,2.705410569521823,-17.60868647176206,15941.308822599376,-2.1519575385801346,-0.10505360186771728,1.0658141036401503e-14,33.851720533154236,15.463097484308994,2.1891940193421724,-17.60868647176205,1740.8830910462239,-1.2392287497797767,-0.03670563795691484,-1.4210854715202004e-14,34.8552963364251,18.05338773894576,1.9306789861513551,-17.608686471762034,343.72897985504267,-2.239021881348684,-0.09466641891415506,4.618527782440651e-14,46.127918148426694,17.744912332731726,2.599501044777806,-15.457333966216137,210.81951983511377,-3.7963243519856036,-0.17989388558494257,0.33648795785239294,29.302989304402626,19.163155354730417,1.5291317511116038,-15.457333966216114,28.73563151309897,-2.1772459713038224,-0.10774511074557358,0.33648795785241603,zz2000_and_cyb,below,51.0,18.0,0.0,195.0,-0.39731719273105104,False
zz2000_and_cyb_below_ma52_days17:scale0.25,37.51805294970389,13.860955184282982,2.7067436876389177,-17.60868647176207,15808.658969149914,-2.2237380411392493,-0.1037204837506227,0.0,33.71180015105739,15.442794576617692,2.183011629391305,-17.608686471762013,1721.748155496923,-1.3791491318766234,-0.042888027907782345,2.1316282072803006e-14,34.55217313367949,18.010076454396174,1.918491196923568,-17.60868647176207,338.78124871076653,-2.542145084094294,-0.10685420814194213,1.0658141036401503e-14,46.404495488215034,17.691334337181356,2.623007095100118,-15.336812875993655,212.58166470676318,-3.5197470121972643,-0.15638783526263067,0.45700904807487497,27.73821323083625,19.0017668749558,1.4597702104952688,-15.336812875993633,27.20422047535378,-3.742022044870197,-0.17710665136190862,0.4570090480748963,zz2000_and_cyb,below,52.0,17.0,0.25,214.0,-0.3974655520211826,False
zz2000_and_cyb_below_ma58_days22:scale0.00,37.46418960520348,13.872536301229774,2.7006013025810103,-17.966937561402673,15709.795768105601,-2.277601385639663,-0.10986286880853013,-0.3582510896406035,33.35728221183765,15.418632179379241,2.1634397801154774,-17.96693756140263,1674.0644402226408,-1.733667071096363,-0.06245987718360979,-0.3582510896405964,34.59075887318737,17.982802025691214,1.9235466655179274,-17.966937561402617,339.4086036993608,-2.5035593445864137,-0.10179873954758278,-0.358251089640536,46.775419552574895,17.493714607169913,2.6738414683753717,-15.793821924068506,214.9553367111195,-3.1488229478374024,-0.1055534619873768,2.3092638912203256e-14,30.678865655237075,19.240338241132374,1.594507605362737,-15.793821924068506,30.081908538271595,-0.801369620469373,-0.042369256494440455,2.3092638912203256e-14,zz2000_and_cyb,below,58.0,22.0,0.0,169.0,-0.3990794753126313,False
zz2000_and_cyb_below_ma61_days22:scale0.00,37.46418960520348,13.872536301229774,2.7006013025810103,-17.966937561402673,15709.795768105601,-2.277601385639663,-0.10986286880853013,-0.3582510896406035,33.35728221183765,15.418632179379241,2.1634397801154774,-17.96693756140263,1674.0644402226408,-1.733667071096363,-0.06245987718360979,-0.3582510896405964,34.59075887318737,17.982802025691214,1.9235466655179274,-17.966937561402617,339.4086036993608,-2.5035593445864137,-0.10179873954758278,-0.358251089640536,46.775419552574895,17.493714607169913,2.6738414683753717,-15.793821924068506,214.9553367111195,-3.1488229478374024,-0.1055534619873768,2.3092638912203256e-14,30.678865655237075,19.240338241132374,1.594507605362737,-15.793821924068506,30.081908538271595,-0.801369620469373,-0.042369256494440455,2.3092638912203256e-14,zz2000_and_cyb,below,61.0,22.0,0.0,170.0,-0.3990794753126313,False
zz2000_and_cyb_below_ma50_days17:scale0.25,37.531428876257934,13.861415184042183,2.7076188381880097,-17.60868647176205,15833.29938931358,-2.210362114585209,-0.10284533320153066,2.1316282072803006e-14,33.761080255714425,15.444141284467886,2.1860121345605545,-17.60868647176208,1728.466982855161,-1.329869027219587,-0.03988752273853269,-4.618527782440651e-14,34.522658170074806,18.011116875219475,1.9167416662301866,-17.60868647176207,338.30185642337324,-2.571660047698977,-0.1086037388353236,1.0658141036401503e-14,46.35097464581228,17.693171831934258,2.6197097437415824,-15.336812875993678,212.2401523023909,-3.5732678546000187,-0.15968518662116615,0.4570090480748519,27.73821323083625,19.0017668749558,1.4597702104952688,-15.336812875993633,27.20422047535378,-3.742022044870197,-0.17710665136190862,0.4570090480748963,zz2000_and_cyb,below,50.0,17.0,0.25,212.0,-0.39991659053306733,False
zz2000_and_cyb_below_ma53_days17:scale0.00,36.957342423934094,13.861989006688159,2.666092319515103,-17.831022332450985,14807.29053667844,-2.784448566909049,-0.14437185187443724,-0.22233586068891498,33.52876458986276,15.443350673602174,2.171080958951128,-17.831022332451063,1696.9872313110527,-1.5621846930712522,-0.05481869834795905,-0.22233586068902866,34.642297144109136,18.057778714567448,1.9184140913280068,-17.83102233245102,340.24766850280946,-2.452021073664646,-0.10693131373750342,-0.22233586068893985,46.949739030184375,17.783567146031004,2.640063078720558,-16.023993612914854,216.07499890819977,-2.9745034702279227,-0.13933185164219042,-0.23017168884632433,31.114595146449364,19.278879269608524,1.6139213649985773,-16.023993612914865,30.508213460798327,-0.3656401292570841,-0.0229554968586001,-0.230171688846335,zz2000_and_cyb,below,53.0,17.0,0.0,214.0,-0.40083169989668976,False
zz2000_and_cyb_below_ma62_days22:scale0.00,37.59619305547795,13.87995333281773,2.7086685490927116,-17.966937561402695,15953.111173861438,-2.1455979353651955,-0.10179562229682881,-0.3582510896406248,33.36598424289476,15.435524952271908,2.1616358592315787,-17.96693756140263,1675.221309577078,-1.724965040039251,-0.06426379806750848,-0.3582510896405964,34.6083679200615,18.01186454886773,1.9214206184021667,-17.966937561402617,339.6951425285991,-2.485950297712286,-0.10392478666334348,-0.358251089640536,46.80742630622885,17.543441342660213,2.6680869159010263,-15.79382192406853,215.16071942935494,-3.11681619418345,-0.11130801446172223,0.0,30.678865655237075,19.240338241132374,1.594507605362737,-15.793821924068506,30.081908538271595,-0.801369620469373,-0.042369256494440455,2.3092638912203256e-14,zz2000_and_cyb,below,62.0,22.0,0.0,169.0,-0.40192412159943797,False
zz2000_and_cyb_below_ma58_days21:scale0.00,37.36861882223428,13.854179226802326,2.6972813192672476,-19.683207597414032,15535.796543144483,-2.3731721686088605,-0.11318285212229284,-2.0745211256519624,33.44069944000474,15.396020279843633,2.1720352943276566,-19.683207597414064,1685.1821037844197,-1.65024984292927,-0.0538643629714306,-2.07452112565203,34.51716706121617,17.94738484682096,1.9232421523144767,-19.683207597414043,338.21271413408687,-2.577151156557612,-0.10210325275103349,-2.0745211256519624,47.68242523284363,17.47037483026267,2.7293304062513184,-15.79382192406853,220.81004504283794,-2.2418172675686705,-0.05006452411143014,0.0,30.678865655237075,19.240338241132374,1.594507605362737,-15.793821924068506,30.081908538271595,-0.801369620469373,-0.042369256494440455,2.3092638912203256e-14,zz2000_and_cyb,below,58.0,21.0,0.0,184.0,-0.404168305075325,False
zz2000_and_cyb_below_ma61_days21:scale0.00,37.36861882223428,13.854179226802326,2.6972813192672476,-19.683207597414032,15535.796543144483,-2.3731721686088605,-0.11318285212229284,-2.0745211256519624,33.44069944000474,15.396020279843633,2.1720352943276566,-19.683207597414064,1685.1821037844197,-1.65024984292927,-0.0538643629714306,-2.07452112565203,34.51716706121617,17.94738484682096,1.9232421523144767,-19.683207597414043,338.21271413408687,-2.577151156557612,-0.10210325275103349,-2.0745211256519624,47.68242523284363,17.47037483026267,2.7293304062513184,-15.79382192406853,220.81004504283794,-2.2418172675686705,-0.05006452411143014,0.0,30.678865655237075,19.240338241132374,1.594507605362737,-15.793821924068506,30.081908538271595,-0.801369620469373,-0.042369256494440455,2.3092638912203256e-14,zz2000_and_cyb,below,61.0,21.0,0.0,185.0,-0.404168305075325,False
zz2000_and_cyb_below_ma46_days18:scale0.00,37.41186470252005,13.956484298951292,2.6806080887671135,-17.60868647176206,15614.307871731555,-2.329926288323094,-0.12985608262242687,1.0658141036401503e-14,33.68694492109039,15.556366906497823,2.1654763688441614,-17.608686471762024,1718.3678406007605,-1.4040043618436258,-0.06042328845492584,1.0658141036401503e-14,34.898841310851545,18.05302238928462,1.933130118509451,-17.608686471762034,344.4433910601054,-2.195476906922238,-0.09221528655605926,4.618527782440651e-14,46.206568147052266,17.744192165328442,2.604038984504369,-15.457333966216114,211.31994454885407,-3.7176743533600316,-0.17535594585837933,0.33648795785241603,29.302989304402626,19.163155354730417,1.5291317511116038,-15.457333966216114,28.73563151309897,-2.1772459713038224,-0.10774511074557358,0.33648795785241603,zz2000_and_cyb,below,46.0,18.0,0.0,163.0,-0.406347926242821,False
zz2000_and_cyb_below_ma47_days18:scale0.00,37.46153964660219,13.956884652622591,2.6840903667970717,-17.60868647176208,15704.946806659493,-2.280251344240952,-0.12637380459246872,-1.0658141036401503e-14,33.68694492109039,15.556366906497823,2.1654763688441614,-17.608686471762024,1718.3678406007605,-1.4040043618436258,-0.06042328845492584,1.0658141036401503e-14,34.898841310851545,18.05302238928462,1.933130118509451,-17.608686471762034,344.4433910601054,-2.195476906922238,-0.09221528655605926,4.618527782440651e-14,46.206568147052266,17.744192165328442,2.604038984504369,-15.457333966216114,211.31994454885407,-3.7176743533600316,-0.17535594585837933,0.33648795785241603,29.302989304402626,19.163155354730417,1.5291317511116038,-15.457333966216114,28.73563151309897,-2.1772459713038224,-0.10774511074557358,0.33648795785241603,zz2000_and_cyb,below,47.0,18.0,0.0,169.0,-0.406347926242821,False
zz2000_and_cyb_below_ma45_days18:scale0.00,37.328401695749626,13.95838343284458,2.6742639558041192,-17.60868647176205,15463.113832924997,-2.4133892950935163,-0.13620021558542117,2.1316282072803006e-14,33.68694492109039,15.556366906497823,2.1654763688441614,-17.608686471762024,1718.3678406007605,-1.4040043618436258,-0.06042328845492584,1.0658141036401503e-14,34.898841310851545,18.05302238928462,1.933130118509451,-17.608686471762034,344.4433910601054,-2.195476906922238,-0.09221528655605926,4.618527782440651e-14,46.206568147052266,17.744192165328442,2.604038984504369,-15.457333966216114,211.31994454885407,-3.7176743533600316,-0.17535594585837933,0.33648795785241603,29.302989304402626,19.163155354730417,1.5291317511116038,-15.457333966216114,28.73563151309897,-2.1772459713038224,-0.10774511074557358,0.33648795785241603,zz2000_and_cyb,below,45.0,18.0,0.0,162.0,-0.406347926242821,False
zz2000_and_cyb_below_ma56_days11:scale0.50,37.08305228813362,13.502151253775944,2.746455108608205,-17.608686471762102,15026.516942445183,-2.6587387027095204,-0.06400906278133522,-3.197442310920451e-14,32.89422792223631,15.019974061211602,2.190032272238349,-17.608686471762034,1613.4746713877537,-2.196721360697701,-0.035867385060738055,0.0,34.78501789102242,17.371452216311244,2.002424291180468,-17.60868647176207,342.5779081591229,-2.3093003267513623,-0.022921113885042033,1.0658141036401503e-14,44.94918614780199,16.938696794042947,2.6536389838213443,-15.48826799804427,203.38363526028073,-4.975056352610309,-0.1257559465414042,0.3055539260242597,30.759534120139698,18.320507542485032,1.6789673565979937,-15.48826799804427,30.160834024748628,-0.7207011555667506,0.042090494740816276,0.3055539260242597,zz2000_and_cyb,below,56.0,11.0,0.5,394.0,-0.40701526882169625,False
zz2000_and_cyb_below_ma49_days14:scale0.50,38.47085810565953,13.803033211897118,2.7871307353300225,-17.60868647176206,17656.180675486037,-1.270932885183612,-0.023333436059517876,1.0658141036401503e-14,33.99369637049134,15.397216326315311,2.207781955520939,-17.60868647176206,1760.4838088388797,-1.09725291244267,-0.0181177017781482,-2.4868995751603507e-14,34.865274430751846,17.79067566616138,1.9597498760020158,-17.60868647176209,343.89260217537753,-2.2290437870219364,-0.06559552906349442,-1.0658141036401503e-14,44.967686514588465,17.46623710957401,2.5745491849494995,-14.94734707404084,203.49941811866194,-4.956555985823833,-0.20484574541324907,0.8464748500276897,29.766619477868428,19.006619008451032,1.5661185960866113,-14.947347074040874,29.189314832436565,-1.7136157978380204,-0.0707582657705661,0.846474850027656,zz2000_and_cyb,below,49.0,14.0,0.5,263.0,-0.41176357054977475,False
zz2000_and_cyb_below_ma60_days10:scale0.50,36.97360311767379,13.403569150923666,2.7584893770720664,-17.6719031140235,14835.47906171101,-2.768187873169353,-0.05197479431747398,-0.06321664226143042,32.83269300174791,14.885590855573541,2.205669450430617,-17.6719031140235,1605.564733624946,-2.2582562811860996,-0.020230206868470102,-0.06321664226146595,34.54514498764236,17.12224816768271,2.017558947244112,-17.671903114023525,338.6670571238524,-2.549173230131423,-0.007786457821397974,-0.06321664226144463,44.14227401686735,16.554631791087946,2.6664606361484275,-14.76605485970942,198.3622038092838,-5.781968483544951,-0.112934294214321,1.027767064359109,32.50608913753983,17.79608141063077,1.8265868978393076,-14.76605485970942,31.869448346275586,1.025853861833383,0.1897100359821302,1.027767064359109,zz2000_and_cyb,below,60.0,10.0,0.5,456.0,-0.41178645226962657,False
zz2000_and_cyb_below_ma53_days14:scale0.00,37.828734517443664,13.67569865340053,2.7661281135379037,-17.60868647176207,16390.30054124103,-1.9130564733994788,-0.044336057851636745,0.0,33.740102193727786,15.247126090781135,2.2128827421534902,-17.608686471762102,1725.6041222452295,-1.3508470892062263,-0.013016915145596997,-6.750155989720952e-14,35.636679325121065,17.74162784606535,2.0086476638063626,-17.608686471762034,356.689012899947,-1.4576388926527173,-0.01669774125914758,4.618527782440651e-14,44.3219703177016,17.59189980206343,2.519453317515081,-14.76605485970941,199.47563276972872,-5.602272182710699,-0.2599416128476677,1.0277670643591197,27.002276833161787,19.002005250608843,1.4210224908919342,-14.76605485970942,26.4838653687695,-4.4779584425446615,-0.21585437096524318,1.027767064359109,zz2000_and_cyb,below,53.0,14.0,0.0,282.0,-0.41189509365293053,False
zz2000_and_cyb_below_ma54_days14:scale0.00,37.739148813920934,13.675605705063413,2.7595961471708677,-17.60868647176206,16220.570238038226,-2.0026421769222083,-0.05086802421867276,1.0658141036401503e-14,33.740102193727786,15.247126090781135,2.2128827421534902,-17.608686471762102,1725.6041222452295,-1.3508470892062263,-0.013016915145596997,-6.750155989720952e-14,35.636679325121065,17.74162784606535,2.0086476638063626,-17.608686471762034,356.689012899947,-1.4576388926527173,-0.01669774125914758,4.618527782440651e-14,44.3219703177016,17.59189980206343,2.519453317515081,-14.76605485970941,199.47563276972872,-5.602272182710699,-0.2599416128476677,1.0277670643591197,27.002276833161787,19.002005250608843,1.4210224908919342,-14.76605485970942,26.4838653687695,-4.4779584425446615,-0.21585437096524318,1.027767064359109,zz2000_and_cyb,below,54.0,14.0,0.0,287.0,-0.41189509365293053,False
zz2000_and_cyb_below_ma56_days17:scale0.00,36.589558140135935,13.855436082023656,2.6408088438016053,-17.831022332451084,14182.883988118363,-3.1522328507072075,-0.1696553275879351,-0.22233586068901445,33.55205867751352,15.442918061001832,2.172650178222657,-17.831022332451052,1700.1215279572818,-1.538890605420491,-0.053249479076430184,-0.222335860689018,34.567587818976264,18.05860353905262,1.914189419144296,-17.83102233245102,339.0317859294207,-2.5267303987975183,-0.11115598592121412,-0.22233586068893985,46.81386685405917,17.78515075053658,2.6321883638038206,-16.02399361291489,215.20205826466773,-3.110375646353127,-0.14720656655892794,-0.23017168884635986,31.114595146449364,19.278879269608524,1.6139213649985773,-16.023993612914865,30.508213460798327,-0.3656401292570841,-0.0229554968586001,-0.230171688846335,zz2000_and_cyb,below,56.0,17.0,0.0,222.0,-0.41276831372565975,False
zz2000_and_cyb_below_ma47_days15:scale0.50,38.15188537512893,13.87368140694853,2.7499467701500513,-17.60868647176205,17016.392071070975,-1.5899056157142155,-0.06051740123948912,2.1316282072803006e-14,33.631001832880195,15.480562998629251,2.1724663267000106,-17.60868647176209,1710.780212811803,-1.4599474500538179,-0.05343333059907662,-5.684341886080802e-14,34.46125163674309,17.913961080855188,1.9237091942536455,-17.60868647176205,337.3058117480888,-2.6330665810306897,-0.10163621081186469,3.197442310920451e-14,45.936238801726326,17.513038263268452,2.622973701717549,-14.947548999699833,209.60216846677562,-3.988003698685972,-0.15642122864519958,0.8462729243686962,30.019073882535352,19.0228508463305,1.5780533698673256,-14.947548999699855,29.436341338721128,-1.4611613931710963,-0.05882349198985182,0.8462729243686749,zz2000_and_cyb,below,47.0,15.0,0.5,232.0,-0.4143558098323948,False
zz2000_and_cyb_below_ma59_days10:scale0.50,36.823895748383116,13.392148648781394,2.749663008835694,-17.671903114023525,14577.832033767183,-2.917895242460027,-0.06080116255384649,-0.06321664226145529,32.60152788903539,14.869077179764886,2.1925723765427985,-17.671903114023568,1576.1425984012667,-2.489421393898624,-0.03332728075628877,-0.06321664226153345,34.63688649670207,17.1173772278298,2.0234926201421017,-17.671903114023547,340.159520760443,-2.457431721071714,-0.001852784923408457,-0.06321664226146595,44.195044981509966,16.546703545722714,2.670927466572899,-14.76605485970942,198.6888954745222,-5.729197518902332,-0.10846746378984973,1.027767064359109,32.65370397012599,17.77409879805712,1.8371510331480407,-14.76605485970942,32.01383878556135,1.1734686944195403,0.20027417129086333,1.027767064359109,zz2000_and_cyb,below,59.0,10.0,0.5,463.0,-0.41501175435410165,False
zz2000_and_cyb_below_ma45_days15:scale0.50,37.995414803125584,13.881799253464342,2.7370670119468445,-17.608686471762034,16710.50601349134,-1.7463761877175585,-0.07339715944269587,3.552713678800501e-14,33.600598724688545,15.482260582439169,2.170264383923378,-17.608686471762113,1706.668563973851,-1.490350558245467,-0.05563527337570928,-7.815970093361102e-14,34.46125163674309,17.913961080855188,1.9237091942536455,-17.60868647176205,337.3058117480888,-2.6330665810306897,-0.10163621081186469,3.197442310920451e-14,45.936238801726326,17.513038263268452,2.622973701717549,-14.947548999699833,209.60216846677562,-3.988003698685972,-0.15642122864519958,0.8462729243686962,30.019073882535352,19.0228508463305,1.5780533698673256,-14.947548999699855,29.436341338721128,-1.4611613931710963,-0.05882349198985182,0.8462729243686749,zz2000_and_cyb,below,45.0,15.0,0.5,223.0,-0.416368874466461,False
zz2000_and_cyb_below_ma46_days15:scale0.50,38.09668685685288,13.873798596176687,2.745944925807953,-17.60868647176208,16907.893288249834,-1.645104133990266,-0.06451924558158728,-1.0658141036401503e-14,33.600598724688545,15.482260582439169,2.170264383923378,-17.608686471762113,1706.668563973851,-1.490350558245467,-0.05563527337570928,-7.815970093361102e-14,34.46125163674309,17.913961080855188,1.9237091942536455,-17.60868647176205,337.3058117480888,-2.6330665810306897,-0.10163621081186469,3.197442310920451e-14,45.936238801726326,17.513038263268452,2.622973701717549,-14.947548999699833,209.60216846677562,-3.988003698685972,-0.15642122864519958,0.8462729243686962,30.019073882535352,19.0228508463305,1.5780533698673256,-14.947548999699855,29.436341338721128,-1.4611613931710963,-0.05882349198985182,0.8462729243686749,zz2000_and_cyb,below,46.0,15.0,0.5,224.0,-0.416368874466461,False
zz2000_and_cyb_below_ma54_days17:scale0.00,36.9335407676268,13.862330778622145,2.6643095852671492,-17.831022332450985,14766.119359459855,-2.8082502232163407,-0.14615458612239118,-0.22233586068891498,33.49180509201615,15.443821656008202,2.1686215910805102,-17.831022332451063,1692.0242851889682,-1.5991441909178619,-0.057278066218577006,-0.22233586068902866,34.567587818976264,18.05860353905262,1.914189419144296,-17.83102233245102,339.0317859294207,-2.5267303987975183,-0.11115598592121412,-0.22233586068893985,46.81386685405917,17.78515075053658,2.6321883638038206,-16.02399361291489,215.20205826466773,-3.110375646353127,-0.14720656655892794,-0.23017168884635986,31.114595146449364,19.278879269608524,1.6139213649985773,-16.023993612914865,30.508213460798327,-0.3656401292570841,-0.0229554968586001,-0.230171688846335,zz2000_and_cyb,below,54.0,17.0,0.0,218.0,-0.4165902148616545,False
zz2000_and_cyb_below_ma55_days17:scale0.00,36.9335407676268,13.862330778622145,2.6643095852671492,-17.831022332450985,14766.119359459855,-2.8082502232163407,-0.14615458612239118,-0.22233586068891498,33.49180509201615,15.443821656008202,2.1686215910805102,-17.831022332451063,1692.0242851889682,-1.5991441909178619,-0.057278066218577006,-0.22233586068902866,34.567587818976264,18.05860353905262,1.914189419144296,-17.83102233245102,339.0317859294207,-2.5267303987975183,-0.11115598592121412,-0.22233586068893985,46.81386685405917,17.78515075053658,2.6321883638038206,-16.02399361291489,215.20205826466773,-3.110375646353127,-0.14720656655892794,-0.23017168884635986,31.114595146449364,19.278879269608524,1.6139213649985773,-16.023993612914865,30.508213460798327,-0.3656401292570841,-0.0229554968586001,-0.230171688846335,zz2000_and_cyb,below,55.0,17.0,0.0,218.0,-0.4165902148616545,False
zz2000_and_cyb_below_ma57_days16:scale0.00,36.665141304918066,13.82549813641974,2.6519942314652036,-18.95582529788573,14309.168951885493,-3.0766496859250765,-0.15846993992433678,-1.3471388261236612,33.296451260270544,15.421170708304224,2.1591390102659695,-18.95582529788571,1665.9963535319114,-1.7944980226634684,-0.06676064703311768,-1.3471388261236754,34.472784239954215,18.01629267745233,1.9134227477941361,-18.95582529788569,337.4927382127339,-2.621533977819567,-0.11192265727137407,-1.347138826123608,47.59634766482246,17.72888459031474,2.684678069979894,-15.754045613417112,220.25133086988467,-2.327894835589838,-0.09471686038285432,0.03977631065141729,32.43658775883298,19.134759072022607,1.695165726244199,-15.75404561341709,31.80146415332583,0.9563524831265298,0.05828886438702163,0.03977631065144038,zz2000_and_cyb,below,57.0,16.0,0.0,249.0,-0.4168550583248235,False
zz2000_and_cyb_below_ma61_days14:scale0.00,37.454468532706755,13.573658758670327,2.7593495017533347,-17.608686471762034,15692.014723711707,-2.287322458136387,-0.0511146696362057,3.552713678800501e-14,33.89560428691871,15.110545007304635,2.2431754956908,-17.60868647176206,1746.9216011358767,-1.1953449960153009,0.01727583839171265,-2.4868995751603507e-14,35.658143563912546,17.521358695237225,2.0351243407627617,-17.60868647176206,357.0492404577166,-1.4361746538612365,0.009778935697251523,2.1316282072803006e-14,43.79350408049261,17.243631192163043,2.5396915297281506,-16.298301136921424,196.2090352245408,-6.1307384199196875,-0.23970340063459794,-0.5044792128528943,25.001998481071098,18.866541733928308,1.3252030411121505,-16.29830113692141,24.52557487923306,-6.47823679463535,-0.3116738207450269,-0.5044792128528801,zz2000_and_cyb,below,61.0,14.0,0.0,315.0,-0.41711620499266616,False
zz2000_and_cyb_below_ma48_days14:scale0.50,38.39754010246441,13.810715996457915,2.780271501659463,-17.60868647176205,17507.167920812473,-1.3442508883787312,-0.030192669730077615,2.1316282072803006e-14,33.899245128858404,15.40823100590924,2.2000737862677187,-17.60868647176207,1747.4233896203373,-1.1917041540756088,-0.025825871031368575,-3.552713678800501e-14,34.865274430751846,17.79067566616138,1.9597498760020158,-17.60868647176209,343.89260217537753,-2.2290437870219364,-0.06559552906349442,-1.0658141036401503e-14,44.967686514588465,17.46623710957401,2.5745491849494995,-14.94734707404084,203.49941811866194,-4.956555985823833,-0.20484574541324907,0.8464748500276897,29.766619477868428,19.006619008451032,1.5661185960866113,-14.947347074040874,29.189314832436565,-1.7136157978380204,-0.0707582657705661,0.846474850027656,zz2000_and_cyb,below,48.0,14.0,0.5,258.0,-0.4184511924253734,False
zz2000_and_cyb_below_ma58_days16:scale0.00,36.587431829929585,13.736325730529925,2.6635530161178043,-18.95582529788572,14179.346377695327,-3.1543591609135575,-0.14691115527173615,-1.3471388261236505,33.17574957116156,15.29373888105296,2.169237347988345,-18.95582529788571,1650.0852212944108,-1.915199711772452,-0.05666230931074212,-1.3471388261236754,34.22875942845734,17.796963052903507,1.9232921553361906,-18.955825297885664,333.55105124563994,-2.865558789316445,-0.10205324972931962,-1.347138826123583,47.15080190332135,17.354059029450397,2.7169898306387523,-15.754045613417123,217.36972129744743,-2.7734405970909464,-0.062405099723996216,0.03977631065140663,32.43658775883298,19.134759072022607,1.695165726244199,-15.75404561341709,31.80146415332583,0.9563524831265298,0.05828886438702163,0.03977631065144038,zz2000_and_cyb,below,58.0,16.0,0.0,268.0,-0.4184713260913783,False
zz2000_and_cyb_below_ma52_days15:scale0.25,37.93485987597298,13.734997528866682,2.761912391774788,-17.608686471762034,16593.507433789175,-1.8069311148701601,-0.048551779614752544,3.552713678800501e-14,33.66427487778139,15.302977558821205,2.199851287004995,-17.60868647176208,1715.2896344464555,-1.4266744051526246,-0.026048370294092127,-4.618527782440651e-14,34.63312985435751,17.78581340759018,1.9472333966788196,-17.60868647176206,340.09832759469435,-2.4611883634162695,-0.07811200838669063,2.1316282072803006e-14,45.25988106125452,17.507359961257514,2.5851916657572165,-14.76605485970942,205.33199306084194,-4.66436143915778,-0.19420326460553206,1.027767064359109,29.280426411046022,18.975919980558697,1.5430306641809488,-14.76605485970942,28.713551981007022,-2.199808864660426,-0.0938461976762286,1.027767064359109,zz2000_and_cyb,below,52.0,15.0,0.25,257.0,-0.42082095560064614,False
zz2000_and_cyb_below_ma55_days12:scale0.00,36.56371225923003,13.419497802811295,2.7246706841421573,-17.60868647176206,14139.938999192509,-3.1780787316131125,-0.08579348724738312,1.0658141036401503e-14,33.062554655833786,14.909106143686612,2.2176081072328007,-17.608686471762034,1635.2809903877085,-2.0283946271002264,-0.008291550066286568,0.0,35.36383038732167,17.245207438386537,2.0506468544184884,-17.608686471762102,352.129619684957,-1.7304878304521125,0.025301449352978178,-2.1316282072803006e-14,43.654966374277905,16.864886009682206,2.588512388949169,-15.457333966216103,195.35663589163045,-6.269276126134393,-0.19088254141357952,0.3364879578524267,36.4294138687441,18.140887440532488,2.00813846556091,-15.457333966216114,35.706148769361135,4.949178593037651,0.3712616037037326,0.33648795785241603,zz2000_and_cyb,below,55.0,12.0,0.0,350.0,-0.4210501391999303,False
zz2000_and_cyb_below_ma59_days11:scale0.25,36.052490261685065,13.284585191249676,2.7138589382099947,-17.779565102440497,13314.970937975144,-3.6893007291580773,-0.09660523317954572,-0.1708786306784269,32.251682105815725,14.746909479300536,2.187012956924007,-17.779565102440575,1532.4832010250248,-2.8392671771182876,-0.03888670037508035,-0.1708786306785406,34.522764560847065,16.973921181271777,2.033870912452324,-17.779565102440486,338.3035837070881,-2.5715536569267172,0.008525507386814013,-0.17087863067840559,44.124728349707375,16.405677262998317,2.6896011449175066,-14.76605485970942,198.25363573282345,-5.799514150704923,-0.08979378544524197,1.027767064359109,34.387721987440955,17.694082843712224,1.9434588552105143,-14.766054859709376,33.709775135398566,2.9074867117345065,0.3065819933533369,1.0277670643591534,zz2000_and_cyb,below,59.0,11.0,0.25,422.0,-0.42452268173736696,False
zz2000_and_cyb_below_ma64_days11:scale0.50,37.236874723861526,13.502842522375353,2.757706361616591,-17.60868647176205,15298.879587334903,-2.504916266981617,-0.052757809772949305,2.1316282072803006e-14,33.03423714941744,15.02526754792301,2.1985789633399153,-17.60868647176205,1631.5951445113942,-2.0567121335165695,-0.027320693959171916,-1.4210854715202004e-14,34.85000892733727,17.39179165665046,2.0038193657874777,-17.60868647176205,343.6422956537028,-2.2443092904365116,-0.021526039278032538,3.197442310920451e-14,44.6303532438616,16.948544616496097,2.6332852910817293,-15.908884850442838,201.39286479164466,-5.293889256550699,-0.14610963928101928,-0.11506292637430882,29.462140706146588,18.632345685623726,1.581236265323205,-15.90888485044285,28.89137156782402,-2.01809456955986,-0.05564059653397235,-0.11506292637432125,zz2000_and_cyb,below,64.0,11.0,0.5,410.0,-0.4253177579366471,False
zz2000_and_cyb_below_ma62_days15:scale0.00,37.37232452176731,13.623584635900063,2.7432078649319633,-17.623645971440137,15542.509678737624,-2.3694664690758316,-0.06725630645757708,-0.01495949967806709,33.65181028672932,15.16564885870425,2.2189495879970234,-17.623645971440116,1713.5991537781333,-1.43913899620469,-0.006950069302063877,-0.0149594996780813,35.01305806331558,17.609980522235578,1.9882508114705566,-17.623645971440162,346.3216327584182,-2.0812601544581995,-0.037094593594953595,-0.0149594996780813,44.72632743957485,17.304657978728912,2.5846409385584495,-16.298301136921435,201.99120349192157,-5.197915060837445,-0.1947539918042991,-0.504479212852905,27.35959814196134,19.03058043384986,1.4376649328728084,-16.29830113692139,26.83363034409063,-4.1206371337451095,-0.199211928984369,-0.5044792128528588,zz2000_and_cyb,below,62.0,15.0,0.0,288.0,-0.4280325940163278,False
zz2000_and_cyb_below_ma47_days14:scale0.50,38.326380300639016,13.80981098245192,2.7753008603332963,-17.60868647176206,17363.662915392742,-1.4154106902041264,-0.03516331105624415,1.0658141036401503e-14,33.84433259224051,15.408460515411045,2.1964772248590636,-17.60868647176205,1739.868241758447,-1.2466166906935001,-0.029422432440023627,-1.4210854715202004e-14,34.8391051118097,17.79037316988006,1.9583122163392248,-17.608686471762013,343.4635762566788,-2.2552131059640814,-0.06703318872628539,6.750155989720952e-14,44.82218485881282,17.467590087058312,2.5660199624229474,-14.947347074040863,202.58960273799588,-5.10205764159948,-0.21337496793980115,0.8464748500276666,29.766619477868428,19.006619008451032,1.5661185960866113,-14.947347074040874,29.189314832436565,-1.7136157978380204,-0.0707582657705661,0.846474850027656,zz2000_and_cyb,below,47.0,14.0,0.5,256.0,-0.4328887744380303,False
zz2000_and_cyb_below_ma62_days14:scale0.00,37.55691619852075,13.569535814452102,2.7677377260407923,-17.60868647176207,15880.34981468779,-2.1848747923223897,-0.04272644534874814,0.0,33.85854325131703,15.111028054092424,2.240651207192176,-17.60868647176206,1741.820745526865,-1.232406031616982,0.0147515498930888,-2.4868995751603507e-14,35.582870573407945,17.522217378407216,2.030728748820171,-17.60868647176206,355.7869550524506,-1.5114476443658376,0.005383343754660874,2.1316282072803006e-14,43.66055021176829,17.245214025022975,2.5317488172902003,-16.298301136921435,195.39096069564044,-6.263692288644009,-0.24764611307254825,-0.504479212852905,25.001998481071098,18.866541733928308,1.3252030411121505,-16.29830113692141,24.52557487923306,-6.47823679463535,-0.3116738207450269,-0.5044792128528801,zz2000_and_cyb,below,62.0,14.0,0.0,314.0,-0.43294727257331156,False
zz2000_and_cyb_below_ma46_days14:scale0.50,38.295293895413195,13.811178976089513,2.772775152773822,-17.60868647176208,17301.316909446312,-1.4464970954299474,-0.037689018615718606,-1.0658141036401503e-14,33.81388094802005,15.410166938385705,2.194257926161196,-17.60868647176206,1735.690544175555,-1.277068334913963,-0.03164173113789115,-2.4868995751603507e-14,34.8391051118097,17.79037316988006,1.9583122163392248,-17.608686471762013,343.4635762566788,-2.2552131059640814,-0.06703318872628539,6.750155989720952e-14,44.82218485881282,17.467590087058312,2.5660199624229474,-14.947347074040863,202.58960273799588,-5.10205764159948,-0.21337496793980115,0.8464748500276666,29.766619477868428,19.006619008451032,1.5661185960866113,-14.947347074040874,29.189314832436565,-1.7136157978380204,-0.0707582657705661,0.846474850027656,zz2000_and_cyb,below,46.0,14.0,0.5,248.0,-0.4349119731135781,False
zz2000_and_cyb_below_ma45_days14:scale0.50,38.31825951111423,13.811571708286282,2.7743590896411234,-17.60868647176207,17347.3559230359,-1.423531479728915,-0.03610508174841698,0.0,33.81388094802005,15.410166938385705,2.194257926161196,-17.60868647176206,1735.690544175555,-1.277068334913963,-0.03164173113789115,-2.4868995751603507e-14,34.8391051118097,17.79037316988006,1.9583122163392248,-17.608686471762013,343.4635762566788,-2.2552131059640814,-0.06703318872628539,6.750155989720952e-14,44.82218485881282,17.467590087058312,2.5660199624229474,-14.947347074040863,202.58960273799588,-5.10205764159948,-0.21337496793980115,0.8464748500276666,29.766619477868428,19.006619008451032,1.5661185960866113,-14.947347074040874,29.189314832436565,-1.7136157978380204,-0.0707582657705661,0.846474850027656,zz2000_and_cyb,below,45.0,14.0,0.5,247.0,-0.4349119731135781,False
zz2000_and_cyb_below_ma62_days12:scale0.25,36.90986812658805,13.424761288319068,2.749387295154623,-17.60868647176207,14725.277063134748,-2.831922864255091,-0.06107687623491742,0.0,33.17361748258128,14.926747098542972,2.2224277844045077,-17.60868647176206,1649.805328527182,-1.9173318003527342,-0.0034718728945795085,-2.4868995751603507e-14,34.709972582771464,17.24900443367299,2.012288460834974,-17.60868647176209,341.3513976386188,-2.384345635002319,-0.01305694423053616,-1.0658141036401503e-14,43.693519219569474,16.798107347702455,2.6010977495953207,-14.76605485970941,195.59368093892698,-6.230723280842824,-0.17829718076742784,1.0277670643591197,31.228789036834726,18.263712079609768,1.7098818082934857,-14.766054859709376,30.619933393108557,-0.251446238871722,0.07300494643630828,1.0277670643591534,zz2000_and_cyb,below,62.0,12.0,0.25,375.0,-0.43590502372425205,False
zz2000_and_cyb_below_ma61_days12:scale0.25,36.815453452216154,13.428673912605815,2.7415553979352056,-17.608686471762024,14563.42760184046,-2.9263375386269885,-0.06890877345433477,4.618527782440651e-14,33.17361748258128,14.926747098542972,2.2224277844045077,-17.60868647176206,1649.805328527182,-1.9173318003527342,-0.0034718728945795085,-2.4868995751603507e-14,34.709972582771464,17.24900443367299,2.012288460834974,-17.60868647176209,341.3513976386188,-2.384345635002319,-0.01305694423053616,-1.0658141036401503e-14,43.693519219569474,16.798107347702455,2.6010977495953207,-14.76605485970941,195.59368093892698,-6.230723280842824,-0.17829718076742784,1.0277670643591197,31.228789036834726,18.263712079609768,1.7098818082934857,-14.766054859709376,30.619933393108557,-0.251446238871722,0.07300494643630828,1.0277670643591534,zz2000_and_cyb,below,61.0,12.0,0.25,376.0,-0.43590502372425205,False
zz2000_and_cyb_below_ma60_days11:scale0.25,36.226817214238636,13.29546506076332,2.7247499089857925,-17.779565102440497,13591.115910846409,-3.5149737766045064,-0.08571426240374791,-0.1708786306784269,32.521689624576425,14.762659112430676,2.2029696260609324,-17.779565102440497,1566.0875995245913,-2.5692596583575877,-0.022930031238154847,-0.17087863067846243,34.18288615888958,16.969187965577266,2.0144090706185263,-17.779565102440543,332.813249036343,-2.911432058884202,-0.010936334446983942,-0.17087863067846243,44.04563611824857,16.4175832700243,2.682833118237833,-14.76605485970942,197.7645597253026,-5.878606382163731,-0.09656181212491566,1.027767064359109,34.1635198350555,17.727002090313633,1.9272023357927561,-14.766054859709376,33.490517982576115,2.6832845593490546,0.2903254739355787,1.0277670643591534,zz2000_and_cyb,below,60.0,11.0,0.25,416.0,-0.43622302803238877,False
zz2000_and_cyb_below_ma61_days15:scale0.00,37.228800406293175,13.627454808079595,2.7318968164341704,-17.623645971440116,15284.469420692736,-2.512990584549968,-0.07856735495537004,-0.014959499678045773,33.62488823875025,15.164802425471935,2.2172981417991555,-17.623645971440116,1709.952748170637,-1.4660610441837605,-0.008601515499931711,-0.0149594996780813,34.958536595598886,17.608530849853768,1.9853181900118149,-17.623645971440162,345.42426263059946,-2.135781622174896,-0.04002721505369533,-0.0149594996780813,44.62893402561674,17.30230964378151,2.5793628101931745,-16.2983011369214,201.38402278413778,-5.295308474795554,-0.20003212016957406,-0.5044792128528695,27.35959814196134,19.03058043384986,1.4376649328728084,-16.29830113692139,26.83363034409063,-4.1206371337451095,-0.199211928984369,-0.5044792128528588,zz2000_and_cyb,below,61.0,15.0,0.0,289.0,-0.43908837432525977,False
zz2000_and_cyb_below_ma65_days11:scale0.50,37.19944294354662,13.499304610857887,2.755656236812822,-17.608686471762024,15232.181840577166,-2.542348047296521,-0.05480793457671851,4.618527782440651e-14,32.976447545339994,15.020171016554565,2.195477502153259,-17.608686471762034,1624.095021286157,-2.1145017375940185,-0.030422155145828356,0.0,34.65286744443878,17.38196279238583,1.9936107249992776,-17.60868647176208,340.41991561147836,-2.4414507733349993,-0.03173468006623259,0.0,44.6303532438616,16.948544616496097,2.6332852910817293,-15.908884850442838,201.39286479164466,-5.293889256550699,-0.14610963928101928,-0.11506292637430882,29.462140706146588,18.632345685623726,1.581236265323205,-15.90888485044285,28.89137156782402,-2.01809456955986,-0.05564059653397235,-0.11506292637432125,zz2000_and_cyb,below,65.0,11.0,0.5,410.0,-0.4406064489478463,False
zz2000_and_cyb_below_ma59_days22:scale0.00,37.41228860780252,13.873314815432575,2.696708688985084,-17.966937561402673,15615.079281658882,-2.3295023830406194,-0.11375548240445621,-0.3582510896406035,33.27709483578196,15.419701198336838,2.158089473184553,-17.96693756140263,1663.4360201612672,-1.8138544471520532,-0.06781018411453443,-0.3582510896405964,34.42854957393324,17.98467921312766,1.914326586865259,-17.966937561402617,336.77610675459795,-2.6657686438405435,-0.11101881820025117,-0.358251089640536,46.48071417758188,17.497338566243002,2.6564448073980507,-16.298301136921424,213.06843928888318,-3.443528322830417,-0.12295012296469787,-0.5044792128528943,29.88238036789401,19.24870481916506,1.5524358988632567,-16.29830113692141,29.30258782421882,-1.5978549078124367,-0.08444096299392068,-0.5044792128528801,zz2000_and_cyb,below,59.0,22.0,0.0,170.0,-0.44355021773046743,False
zz2000_and_cyb_below_ma60_days22:scale0.00,37.41228860780252,13.873314815432575,2.696708688985084,-17.966937561402673,15615.079281658882,-2.3295023830406194,-0.11375548240445621,-0.3582510896406035,33.27709483578196,15.419701198336838,2.158089473184553,-17.96693756140263,1663.4360201612672,-1.8138544471520532,-0.06781018411453443,-0.3582510896405964,34.42854957393324,17.98467921312766,1.914326586865259,-17.966937561402617,336.77610675459795,-2.6657686438405435,-0.11101881820025117,-0.358251089640536,46.48071417758188,17.497338566243002,2.6564448073980507,-16.298301136921424,213.06843928888318,-3.443528322830417,-0.12295012296469787,-0.5044792128528943,29.88238036789401,19.24870481916506,1.5524358988632567,-16.29830113692141,29.30258782421882,-1.5978549078124367,-0.08444096299392068,-0.5044792128528801,zz2000_and_cyb,below,60.0,22.0,0.0,171.0,-0.44355021773046743,False
zz2000_and_cyb_below_ma51_days11:scale0.00,36.00887184957464,13.315146940705997,2.7043540720899757,-18.20760083472703,13246.69768206569,-3.7329191412685034,-0.10611009929956472,-0.5989143629649618,32.28934452182941,14.781306176682534,2.184471665485541,-18.20760083472701,1537.1336550376636,-2.801604761104599,-0.04142799181354606,-0.598914362964976,34.88885504338543,16.96607963385591,2.0563887354250374,-18.20760083472702,344.2794723357653,-2.205463174388349,0.03104333035952722,-0.5989143629649405,43.80801901935087,16.46998176337141,2.6598705237657385,-14.76605485970942,196.2984378498902,-6.116223481061425,-0.11952440659701002,1.027767064359109,44.41489044057945,17.661011407036742,2.5148554302435397,-14.766054859709431,43.50953724578026,12.934655164873,0.8779785683863623,1.0277670643590984,zz2000_and_cyb,below,51.0,11.0,0.0,376.0,-0.44366294303081055,False
zz2000_and_cyb_below_ma46_days17:scale0.25,37.39513098347067,13.914878356454272,2.687420617380053,-17.60868647176205,15583.884693397207,-2.3466600073724706,-0.12304355400948763,2.1316282072803006e-14,33.62270892474481,15.523430064054168,2.1659329662328353,-17.60868647176206,1709.6578639788877,-1.468240358189199,-0.059966691066251965,-2.4868995751603507e-14,34.32452434236002,18.002941804612867,1.906606415489556,-17.60868647176207,335.0945251544297,-2.769793875413761,-0.1187389895759543,1.0658141036401503e-14,45.99189213645709,17.67977674993569,2.6013842135548675,-15.336812875993644,209.9552940723317,-3.9323503639552086,-0.17801071680788105,0.4570090480748856,27.73821323083625,19.0017668749558,1.4597702104952688,-15.336812875993633,27.20422047535378,-3.742022044870197,-0.17710665136190862,0.4570090480748963,zz2000_and_cyb,below,46.0,17.0,0.25,182.0,-0.4478402768871361,False
zz2000_and_cyb_below_ma45_days17:scale0.25,37.54175573526839,13.928680747468135,2.695284385930985,-17.60868647176205,15852.347440671756,-2.200035255574754,-0.11517978545855545,2.1316282072803006e-14,33.62270892474481,15.523430064054168,2.1659329662328353,-17.60868647176206,1709.6578639788877,-1.468240358189199,-0.059966691066251965,-2.4868995751603507e-14,34.32452434236002,18.002941804612867,1.906606415489556,-17.60868647176207,335.0945251544297,-2.769793875413761,-0.1187389895759543,1.0658141036401503e-14,45.99189213645709,17.67977674993569,2.6013842135548675,-15.336812875993644,209.9552940723317,-3.9323503639552086,-0.17801071680788105,0.4570090480748856,27.73821323083625,19.0017668749558,1.4597702104952688,-15.336812875993633,27.20422047535378,-3.742022044870197,-0.17710665136190862,0.4570090480748963,zz2000_and_cyb,below,45.0,17.0,0.25,181.0,-0.4478402768871361,False
zz2000_and_cyb_below_ma65_days14:scale0.00,37.31525210700788,13.572504810493541,2.7493268654550564,-17.623645971440173,15439.417909299376,-2.4265388838352635,-0.061137305934483965,-0.014959499678102617,33.484173041946065,15.115073635493328,2.2152834878235907,-17.623645971440137,1691.0009862520908,-1.6067762409879478,-0.010616169475496484,-0.014959499678102617,35.181276317891495,17.555576219149668,2.003994393503055,-17.623645971440137,349.099452290467,-1.9130418998822876,-0.021351011562455113,-0.014959499678056432,44.072241008652725,17.243554841760282,2.555867477042435,-15.793821924068519,197.92901453798223,-5.852001491759573,-0.22352745332031354,1.0658141036401503e-14,25.489483136722125,18.860964053233808,1.3514411598887397,-15.793821924068519,25.002875832022365,-5.990752138984323,-0.2854357019684377,1.0658141036401503e-14,zz2000_and_cyb,below,65.0,14.0,0.0,316.0,-0.44832550310335906,False
zz2000_and_cyb_below_ma47_days17:scale0.25,37.39738849849701,13.913674210408066,2.6878154492450346,-17.60868647176206,15587.98580450932,-2.344402492346134,-0.12264872214450584,1.0658141036401503e-14,33.60800178588666,15.521867298414517,2.165203524792378,-17.60868647176206,1707.668962957442,-1.4829474970473555,-0.060696132506709244,-2.4868995751603507e-14,34.32452434236002,18.002941804612867,1.906606415489556,-17.60868647176207,335.0945251544297,-2.769793875413761,-0.1187389895759543,1.0658141036401503e-14,45.99189213645709,17.67977674993569,2.6013842135548675,-15.336812875993644,209.9552940723317,-3.9323503639552086,-0.17801071680788105,0.4570090480748856,27.73821323083625,19.0017668749558,1.4597702104952688,-15.336812875993633,27.20422047535378,-3.742022044870197,-0.17710665136190862,0.4570090480748963,zz2000_and_cyb,below,47.0,17.0,0.25,189.0,-0.4486462117731095,False
zz2000_and_cyb_below_ma60_days21:scale0.00,37.31675390855062,13.85495795967061,2.6933862966003397,-19.683207597414032,15442.122486054499,-2.425037082292519,-0.11707787478920073,-2.0745211256519624,33.36046190539352,15.39709182243341,2.166672920452917,-19.683207597414064,1674.4870778006468,-1.7304873775404914,-0.05922673684617008,-2.07452112565203,34.35504645509635,17.949264042266318,1.9140086398081977,-19.683207597414043,335.5873817637097,-2.7392717626774328,-0.11133676525731251,-2.0745211256519624,47.38589871198069,17.47403280145038,2.7117895021947973,-16.298301136921424,218.88807206298634,-2.538343788431611,-0.06760542816795123,-0.5044792128528943,29.88238036789401,19.24870481916506,1.5524358988632567,-16.29830113692141,29.30258782421882,-1.5978549078124367,-0.08444096299392068,-0.5044792128528801,zz2000_and_cyb,below,60.0,21.0,0.0,187.0,-0.448786060033886,False
zz2000_and_cyb_below_ma59_days21:scale0.00,37.31675390855062,13.85495795967061,2.6933862966003397,-19.683207597414032,15442.122486054499,-2.425037082292519,-0.11707787478920073,-2.0745211256519624,33.36046190539352,15.39709182243341,2.166672920452917,-19.683207597414064,1674.4870778006468,-1.7304873775404914,-0.05922673684617008,-2.07452112565203,34.35504645509635,17.949264042266318,1.9140086398081977,-19.683207597414043,335.5873817637097,-2.7392717626774328,-0.11133676525731251,-2.0745211256519624,47.38589871198069,17.47403280145038,2.7117895021947973,-16.298301136921424,218.88807206298634,-2.538343788431611,-0.06760542816795123,-0.5044792128528943,29.88238036789401,19.24870481916506,1.5524358988632567,-16.29830113692141,29.30258782421882,-1.5978549078124367,-0.08444096299392068,-0.5044792128528801,zz2000_and_cyb,below,59.0,21.0,0.0,186.0,-0.448786060033886,False
zz2000_and_cyb_below_ma49_days17:scale0.25,37.41979692228492,13.909149710712898,2.6903008235984407,-17.608686471762102,15628.748566226266,-2.321994068558226,-0.12016334779109972,-3.197442310920451e-14,33.60647794372513,15.514140149053368,2.1661837279313034,-17.60868647176205,1707.4630006299824,-1.4844713392088806,-0.059715929367783804,-1.4210854715202004e-14,34.2687160586457,18.003164009980935,1.9034829677520662,-17.60868647176207,334.19451210748053,-2.8256021591280813,-0.12186243731344404,1.0658141036401503e-14,45.890813194005496,17.68028825863641,2.595591911324687,-15.336812875993633,209.3141372833859,-4.033429306406802,-0.1838030190380615,0.4570090480748963,27.73821323083625,19.0017668749558,1.4597702104952688,-15.336812875993633,27.20422047535378,-3.742022044870197,-0.17710665136190862,0.4570090480748963,zz2000_and_cyb,below,49.0,17.0,0.25,198.0,-0.4581507533681341,False
zz2000_and_cyb_below_ma55_days10:scale0.50,37.00854974365324,13.454942888975593,2.7505542051744025,-17.671903114023547,14896.229480021191,-2.733241247189902,-0.05990996621513789,-0.06321664226147661,32.58971858666402,14.951339971460575,2.1797189180950967,-17.671903114023525,1574.65187709346,-2.5012306962699924,-0.04618073920399057,-0.06321664226149082,34.620795219169565,17.263689375712136,2.005411153184714,-17.671903114023536,339.89745253818387,-2.473522998604217,-0.01993425188079634,-0.06321664226145529,44.13612826591884,16.801784208076654,2.6268715107472045,-15.082372623716179,198.3241724904713,-5.788114234493456,-0.15252341961554405,0.711449300352351,31.796740819390457,18.138792875774342,1.7529689564875777,-15.082372623716156,31.17555607884148,0.3165055436840092,0.11609209463040027,0.7114493003523741,zz2000_and_cyb,below,55.0,10.0,0.5,427.0,-0.4618131090800956,False
zz2000_and_cyb_below_ma54_days10:scale0.50,36.91877708675313,13.462491223938716,2.7423436325889625,-17.67190311402349,14740.63529398003,-2.8230139040900113,-0.06812053880057789,-0.06321664226141976,32.48936778279086,14.963065392621308,2.1713042702341085,-17.671903114023536,1562.0323787296709,-2.601581500143155,-0.054595387064978684,-0.06321664226150148,34.659511171895765,17.262550817388,2.007786192118512,-17.671903114023536,340.52820527078404,-2.434807045878017,-0.017559212946998137,-0.06321664226145529,44.205222376521405,16.799753789596988,2.6313017994284453,-15.082372623716223,198.7519285184122,-5.719020123890893,-0.1480931309343032,0.7114493003523066,31.989011719107374,18.133431402384588,1.764090370391825,-15.082372623716223,31.363643870597603,0.5087764434009259,0.12721350853464752,0.7114493003523066,zz2000_and_cyb,below,54.0,10.0,0.5,427.0,-0.4618549411027594,False
zz2000_and_cyb_below_ma53_days10:scale0.50,37.03832590781175,13.46840801893667,2.7500151358449805,-17.67190311402349,14948.174322700828,-2.7034650830313893,-0.06044903554455994,-0.06321664226141976,32.48936778279086,14.963065392621308,2.1713042702341085,-17.671903114023536,1562.0323787296709,-2.601581500143155,-0.054595387064978684,-0.06321664226150148,34.659511171895765,17.262550817388,2.007786192118512,-17.671903114023536,340.52820527078404,-2.434807045878017,-0.017559212946998137,-0.06321664226145529,44.205222376521405,16.799753789596988,2.6313017994284453,-15.082372623716223,198.7519285184122,-5.719020123890893,-0.1480931309343032,0.7114493003523066,31.989011719107374,18.133431402384588,1.764090370391825,-15.082372623716223,31.363643870597603,0.5087764434009259,0.12721350853464752,0.7114493003523066,zz2000_and_cyb,below,53.0,10.0,0.5,421.0,-0.4618549411027594,False
zz2000_and_cyb_below_ma64_days20:scale0.00,37.319364603334336,13.846766574788841,2.695168175311242,-19.68320759741409,15446.82510563073,-2.422426387508807,-0.11529599607829821,-2.0745211256520193,33.378480199741766,15.397180648319377,2.16783065433379,-19.683207597414043,1676.8837401211208,-1.7124690831922464,-0.058069002965297045,-2.0745211256520086,34.25305132735728,17.985713155611162,1.904458890843094,-19.683207597414043,333.94215664808166,-2.841266890416506,-0.12088651422241625,-2.0745211256519624,47.19946682063429,17.536670629281527,2.6914725045827037,-15.79382192406853,217.6836233411064,-2.7247756797780056,-0.08792242578004483,0.0,30.678865655237075,19.240338241132374,1.594507605362737,-15.793821924068506,30.081908538271595,-0.801369620469373,-0.042369256494440455,2.3092638912203256e-14,zz2000_and_cyb,below,64.0,20.0,0.0,199.0,-0.46260537896253384,False
zz2000_and_cyb_below_ma65_days20:scale0.00,37.319364603334336,13.846766574788841,2.695168175311242,-19.68320759741409,15446.82510563073,-2.422426387508807,-0.11529599607829821,-2.0745211256520193,33.378480199741766,15.397180648319377,2.16783065433379,-19.683207597414043,1676.8837401211208,-1.7124690831922464,-0.058069002965297045,-2.0745211256520086,34.25305132735728,17.985713155611162,1.904458890843094,-19.683207597414043,333.94215664808166,-2.841266890416506,-0.12088651422241625,-2.0745211256519624,47.19946682063429,17.536670629281527,2.6914725045827037,-15.79382192406853,217.6836233411064,-2.7247756797780056,-0.08792242578004483,0.0,30.678865655237075,19.240338241132374,1.594507605362737,-15.793821924068506,30.081908538271595,-0.801369620469373,-0.042369256494440455,2.3092638912203256e-14,zz2000_and_cyb,below,65.0,20.0,0.0,200.0,-0.46260537896253384,False
zz2000_and_cyb_below_ma56_days16:scale0.00,36.60348975712475,13.836816105846275,2.6453693882409257,-18.9558252978857,14206.082793894824,-3.138301233718394,-0.1650947831486147,-1.3471388261236292,33.20068809651418,15.437276529087304,2.1506829934643332,-18.95582529788569,1653.3620524338403,-1.8902611864198349,-0.075216663834754,-1.347138826123654,34.28552132367224,18.045990750316278,1.8998968689525313,-18.95582529788569,334.46537173194713,-2.8087968941015404,-0.1254485361129789,-1.347138826123608,47.25394268477552,17.77966233193983,2.657752537846985,-15.754045613417079,218.03525261344663,-2.670299815636781,-0.12164239251576348,0.03977631065145104,31.543423852919172,19.2741913251261,1.6365627652454986,-15.75404561341709,30.927743189080225,0.06318857721272408,-0.00031409661167880465,0.03977631065144038,zz2000_and_cyb,below,56.0,16.0,0.0,242.0,-0.4627200434971007,False
zz2000_and_cyb_below_ma63_days11:scale0.50,37.08922715878589,13.501414449453272,2.7470623391083135,-17.608686471762024,15037.362809760509,-2.652563832057254,-0.06340183228122687,4.618527782440651e-14,32.80634355847738,15.023084951103241,2.183728819031154,-17.60868647176206,1602.1877334275007,-2.2846057244566325,-0.04217083826793333,-2.4868995751603507e-14,34.41010812019678,17.367828452161376,1.9812556425794579,-17.60868647176206,336.47762002336253,-2.684210097577001,-0.04408976248605234,2.1316282072803006e-14,44.6303532438616,16.948544616496097,2.6332852910817293,-15.908884850442838,201.39286479164466,-5.293889256550699,-0.14610963928101928,-0.11506292637430882,29.462140706146588,18.632345685623726,1.581236265323205,-15.90888485044285,28.89137156782402,-2.01809456955986,-0.05564059653397235,-0.11506292637432125,zz2000_and_cyb,below,63.0,11.0,0.5,403.0,-0.4662580276731572,False
zz2000_and_cyb_below_ma54_days16:scale0.00,36.947507469539254,13.843719499652185,2.668900324834488,-18.95582529788572,14790.265478405934,-2.794283521303889,-0.1415638465550524,-1.3471388261236505,33.14059303599615,15.43817726346734,2.14666488604322,-18.95582529788572,1645.4751414787665,-1.950356246937865,-0.0792347712558672,-1.347138826123686,34.28552132367224,18.045990750316278,1.8998968689525313,-18.95582529788569,334.46537173194713,-2.8087968941015404,-0.1254485361129789,-1.347138826123608,47.25394268477552,17.77966233193983,2.657752537846985,-15.754045613417079,218.03525261344663,-2.670299815636781,-0.12164239251576348,0.03977631065145104,31.543423852919172,19.2741913251261,1.6365627652454986,-15.75404561341709,30.927743189080225,0.06318857721272408,-0.00031409661167880465,0.03977631065144038,zz2000_and_cyb,below,54.0,16.0,0.0,238.0,-0.46653194902319883,False
zz2000_and_cyb_below_ma55_days16:scale0.00,36.947507469539254,13.843719499652185,2.668900324834488,-18.95582529788572,14790.265478405934,-2.794283521303889,-0.1415638465550524,-1.3471388261236505,33.14059303599615,15.43817726346734,2.14666488604322,-18.95582529788572,1645.4751414787665,-1.950356246937865,-0.0792347712558672,-1.347138826123686,34.28552132367224,18.045990750316278,1.8998968689525313,-18.95582529788569,334.46537173194713,-2.8087968941015404,-0.1254485361129789,-1.347138826123608,47.25394268477552,17.77966233193983,2.657752537846985,-15.754045613417079,218.03525261344663,-2.670299815636781,-0.12164239251576348,0.03977631065145104,31.543423852919172,19.2741913251261,1.6365627652454986,-15.75404561341709,30.927743189080225,0.06318857721272408,-0.00031409661167880465,0.03977631065144038,zz2000_and_cyb,below,55.0,16.0,0.0,238.0,-0.46653194902319883,False
zz2000_and_cyb_below_ma53_days16:scale0.00,36.947507469539254,13.843719499652185,2.668900324834488,-18.95582529788572,14790.265478405934,-2.794283521303889,-0.1415638465550524,-1.3471388261236505,33.14059303599615,15.43817726346734,2.14666488604322,-18.95582529788572,1645.4751414787665,-1.950356246937865,-0.0792347712558672,-1.347138826123686,34.28552132367224,18.045990750316278,1.8998968689525313,-18.95582529788569,334.46537173194713,-2.8087968941015404,-0.1254485361129789,-1.347138826123608,47.25394268477552,17.77966233193983,2.657752537846985,-15.754045613417079,218.03525261344663,-2.670299815636781,-0.12164239251576348,0.03977631065145104,31.543423852919172,19.2741913251261,1.6365627652454986,-15.75404561341709,30.927743189080225,0.06318857721272408,-0.00031409661167880465,0.03977631065144038,zz2000_and_cyb,below,53.0,16.0,0.0,234.0,-0.46653194902319883,False
zz2000_and_cyb_below_ma48_days17:scale0.25,37.342685304401456,13.91871204273282,2.6829124124238684,-17.60868647176208,15488.891659021974,-2.399105686441686,-0.12755175896567206,-1.0658141036401503e-14,33.465748041494095,15.528061383566932,2.1551787576593617,-17.60868647176207,1688.532744240009,-1.6252012414399175,-0.0707208996397255,-3.552713678800501e-14,34.2687160586457,18.003164009980935,1.9034829677520662,-17.60868647176207,334.19451210748053,-2.8256021591280813,-0.12186243731344404,1.0658141036401503e-14,45.890813194005496,17.68028825863641,2.595591911324687,-15.336812875993633,209.3141372833859,-4.033429306406802,-0.1838030190380615,0.4570090480748963,27.73821323083625,19.0017668749558,1.4597702104952688,-15.336812875993633,27.20422047535378,-3.742022044870197,-0.17710665136190862,0.4570090480748963,zz2000_and_cyb,below,48.0,17.0,0.25,193.0,-0.46787513557103644,False
zz2000_and_cyb_below_ma57_days10:scale0.50,36.8488184846997,13.4365175290207,2.742438165626787,-17.671903114023547,14620.433152543501,-2.892972506143444,-0.06802600576275353,-0.06321664226147661,32.64000101604447,14.932684353254677,2.18580934572091,-17.6719031140235,1581.0074551291682,-2.45094826688954,-0.04009031157817722,-0.06321664226146595,34.513950315755416,17.23123807453242,2.002987258748787,-17.6719031140235,338.16050043768735,-2.5803679020183665,-0.022358146316723282,-0.06321664226141976,43.97538707968431,16.74400209712265,2.6263366920648683,-15.0823726237162,197.33061444447256,-5.948855420727988,-0.15305823829788023,0.7114493003523297,30.815257169109334,17.96874837740208,1.7149362060110613,-15.08237262371619,30.215352596561406,-0.6649781065971148,0.07805934415388394,0.7114493003523403,zz2000_and_cyb,below,57.0,10.0,0.5,439.0,-0.46810429208261006,False
zz2000_and_cyb_below_ma62_days21:scale0.00,37.40898600439391,13.865387131246889,2.6980123706816244,-19.68320759741402,15609.070243199398,-2.332804986449233,-0.11245180070791605,-2.074521125651952,33.30792187125952,15.41826745943005,2.1602895369990414,-19.683207597414064,1667.515184377691,-1.7830274116744889,-0.06561012030004587,-2.07452112565203,34.248941971174716,17.98573636515362,1.9042279546324368,-19.683207597414043,333.8759752169769,-2.8453762465990664,-0.12111745043307343,-2.0745211256519624,47.19195750816701,17.53672133286771,2.6910365177394246,-15.793821924068496,217.63517274346634,-2.7322849922452903,-0.08835841262332389,3.375077994860476e-14,30.678865655237075,19.240338241132374,1.594507605362737,-15.793821924068506,30.081908538271595,-0.801369620469373,-0.042369256494440455,2.3092638912203256e-14,zz2000_and_cyb,below,62.0,21.0,0.0,184.0,-0.46923280241408794,False
zz2000_and_cyb_below_ma56_days14:scale0.00,37.36138756819485,13.660335019913768,2.7350271800603827,-17.608686471762034,15522.704391559218,-2.3804034226482926,-0.07543699132915771,3.552713678800501e-14,33.751215691196435,15.234302761078872,2.2154749200222814,-17.60868647176206,1727.120270196244,-1.339733591737577,-0.010424737276805818,-2.4868995751603507e-14,35.21406500976032,17.748720388038063,1.9840340170941684,-17.60868647176206,349.6425037868084,-1.880253208013464,-0.04131138797134182,2.1316282072803006e-14,43.76870020980383,17.601786624600717,2.486605544270805,-14.7660548597094,196.05630099622564,-6.155542290608466,-0.2927893860919437,1.0277670643591303,25.52710128450513,19.0262025810876,1.3416813563143464,-14.7660548597094,25.039706805046237,-5.9531339912013195,-0.295195505542831,1.0277670643591303,zz2000_and_cyb,below,56.0,14.0,0.0,293.0,-0.47315226458675796,False
zz2000_and_cyb_below_ma63_days21:scale0.00,37.398067532115256,13.865501141791196,2.697202729975329,-19.68320759741402,15589.219566454009,-2.3437234587278866,-0.11326144141421146,-2.074521125651952,33.29105073964356,15.418421034765561,2.159173800260005,-19.683207597414064,1665.2816739264388,-1.7998985432904533,-0.06672585703908229,-2.07452112565203,34.21487967006052,17.986007359825724,1.9023054414224394,-19.683207597414043,333.32771032298336,-2.8794385477132636,-0.1230399636430708,-2.0745211256519624,47.12971899490688,17.53727592317417,2.6874024906358773,-15.79382192406853,217.23379487453553,-2.794523505505417,-0.09199243972687121,0.0,30.678865655237075,19.240338241132374,1.594507605362737,-15.793821924068506,30.081908538271595,-0.801369620469373,-0.042369256494440455,2.3092638912203256e-14,zz2000_and_cyb,below,63.0,21.0,0.0,181.0,-0.47644560339195935,False
zz2000_and_cyb_below_ma53_days11:scale0.25,36.40738865525559,13.368426240349043,2.7233862835230043,-17.779565102440486,13882.763323101462,-3.334402335587555,-0.08707788786653614,-0.17087863067841624,32.11876283485206,14.849630756017692,2.162933433333768,-17.779565102440475,1516.165542973352,-2.972186448081949,-0.06296622396531903,-0.1708786306784411,34.751629217727455,17.128814197549424,2.0288403398467176,-17.779565102440543,342.0318810658963,-2.3426890000463274,0.003494934781207437,-0.17087863067846243,43.98645129292018,16.697862734992057,2.6342563710708995,-15.336812875993655,197.39893281939825,-5.937791207492118,-0.14513855929184905,0.45700904807487497,34.64297388969293,18.134266786267332,1.9103597789753082,-15.336812875993644,33.959389586371636,3.162738613986484,0.2734829171181308,0.4570090480748856,zz2000_and_cyb,below,53.0,11.0,0.25,381.0,-0.478982289209925,False
zz2000_and_cyb_below_ma54_days11:scale0.25,36.25381810707413,13.36208826933943,2.7131850483477145,-17.779565102440475,13634.360490973833,-3.487972883769011,-0.09727912304182595,-0.17087863067840559,32.11876283485206,14.849630756017692,2.162933433333768,-17.779565102440475,1516.165542973352,-2.972186448081949,-0.06296622396531903,-0.1708786306784411,34.751629217727455,17.128814197549424,2.0288403398467176,-17.779565102440543,342.0318810658963,-2.3426890000463274,0.003494934781207437,-0.17087863067846243,43.98645129292018,16.697862734992057,2.6342563710708995,-15.336812875993655,197.39893281939825,-5.937791207492118,-0.14513855929184905,0.45700904807487497,34.64297388969293,18.134266786267332,1.9103597789753082,-15.336812875993644,33.959389586371636,3.162738613986484,0.2734829171181308,0.4570090480748856,zz2000_and_cyb,below,54.0,11.0,0.25,387.0,-0.478982289209925,False
zz2000_and_cyb_below_ma50_days15:scale0.25,37.85202339077003,13.77317010101961,2.7482433683127088,-17.608686471762013,16434.69409382995,-1.8897676000731138,-0.06222080307683164,5.684341886080802e-14,33.561895477409934,15.360386907683527,2.1849641990867887,-17.60868647176205,1701.4465787057034,-1.5290538055240788,-0.04093545821229849,-1.4210854715202004e-14,33.841597074176775,17.878723545793715,1.8928419015762794,-17.60868647176209,327.3555799220705,-3.2527211435970074,-0.1325035034892308,-1.0658141036401503e-14,45.368655701228235,17.509658201627417,2.5910646101025256,-14.76605485970941,206.01607826668368,-4.555586799184063,-0.1883303202602229,1.0277670643591197,29.280426411046022,18.975919980558697,1.5430306641809488,-14.76605485970942,28.713551981007022,-2.199808864660426,-0.0938461976762286,1.027767064359109,zz2000_and_cyb,below,50.0,15.0,0.25,254.0,-0.4794916918567539,False
zz2000_and_cyb_below_ma49_days11:scale0.00,35.84718578039548,13.39228015592648,2.6767051885882207,-18.333302327761714,12996.450489825107,-3.894605210447665,-0.1337589828013197,-0.7246158559996445,32.21930896609,14.894530036519887,2.1631638519034504,-18.333302327761704,1528.495357155254,-2.871640316844015,-0.06273580539563683,-0.7246158559996694,34.81610307652518,17.01926456194384,2.0456878703428942,-18.333302327761704,343.0867492813304,-2.2782151412486016,0.020342465277384036,-0.7246158559996232,43.75270358374181,16.553275452955134,2.6431447786927857,-14.766054859709431,195.95782674354106,-6.171538916670485,-0.1362501516699628,1.0277670643590984,44.41489044057945,17.661011407036742,2.5148554302435397,-14.766054859709431,43.50953724578026,12.934655164873,0.8779785683863623,1.0277670643590984,zz2000_and_cyb,below,49.0,11.0,0.0,358.0,-0.47964164037940016,False
zz2000_and_cyb_below_ma52_days14:scale0.25,38.04083690700264,13.67595141073281,2.7815861408478244,-17.60868647176206,16798.770285972838,-1.7009540838405002,-0.028878030541716004,1.0658141036401503e-14,33.68180096655997,15.242059880234946,2.2097932452185582,-17.608686471762034,1717.6689674011027,-1.4091483163740435,-0.016106412080528987,0.0,34.91298247842214,17.68720611485616,1.9739116653984934,-17.608686471762034,344.67559272431043,-2.1813357393516455,-0.05143373966701681,4.618527782440651e-14,43.740973777047685,17.45500312066584,2.505927582749074,-14.7660548597094,195.88563262447857,-6.183268723364613,-0.2734673476136744,1.0277670643591303,28.90372947753208,18.952905208262884,1.5250289683784704,-14.76605485970942,28.34491521648397,-2.5765057981743666,-0.11184789347870705,1.027767064359109,zz2000_and_cyb,below,52.0,14.0,0.25,282.0,-0.4849840140797169,False
zz2000_and_cyb_below_ma64_days14:scale0.00,37.17867780082895,13.579227196619662,2.7379082227951828,-17.623645971440148,15195.298361231038,-2.5631131900141924,-0.07255594859435766,-0.014959499678077748,33.2727736747557,15.124566195282712,2.199915901398437,-17.623645971440126,1662.8649032980334,-1.818175608178315,-0.025983755900650163,-0.014959499678091959,34.75238506264067,17.57209984691995,1.9777024581801526,-17.623645971440137,342.0442359386829,-2.3419331551331126,-0.04764294688535764,-0.014959499678056432,44.072241008652725,17.243554841760282,2.555867477042435,-15.793821924068519,197.92901453798223,-5.852001491759573,-0.22352745332031354,1.0658141036401503e-14,25.489483136722125,18.860964053233808,1.3514411598887397,-15.793821924068519,25.002875832022365,-5.990752138984323,-0.2854357019684377,1.0658141036401503e-14,zz2000_and_cyb,below,64.0,14.0,0.0,315.0,-0.4905084389268768,False
zz2000_and_cyb_below_ma48_days11:scale0.00,35.92231841798148,13.405512295865257,2.6796677087127225,-18.333302327761725,13112.18391588324,-3.819472572861663,-0.13079646267681788,-0.7246158559996552,32.034324546229854,14.910392395895029,2.1484561704123366,-18.333302327761693,1505.8759773505262,-3.0566247367041584,-0.07744348688675062,-0.7246158559996587,34.81610307652518,17.01926456194384,2.0456878703428942,-18.333302327761704,343.0867492813304,-2.2782151412486016,0.020342465277384036,-0.7246158559996232,43.75270358374181,16.553275452955134,2.6431447786927857,-14.766054859709431,195.95782674354106,-6.171538916670485,-0.1362501516699628,1.0277670643590984,44.41489044057945,17.661011407036742,2.5148554302435397,-14.766054859709431,43.50953724578026,12.934655164873,0.8779785683863623,1.0277670643590984,zz2000_and_cyb,below,48.0,11.0,0.0,352.0,-0.49254501372076104,False
zz2000_and_cyb_below_ma52_days16:scale0.25,37.41415712645049,13.834633703112406,2.7043836453749655,-18.353801492269074,15618.479977999312,-2.327633864392652,-0.10608052601457496,-0.7451150205070043,33.270932892503666,15.421493832167545,2.1574390428444845,-18.35380149226904,1662.6216623497658,-1.8200163904303466,-0.06846061445460272,-0.7451150205070043,33.98326628096555,17.973086984902217,1.8907862800370483,-18.353801492269074,329.6143412693213,-3.1110519368082308,-0.1345591250284619,-0.7451150205069936,46.08256671372837,17.645515627568948,2.611573823421177,-14.76605485970942,210.53120669760287,-3.841675786683929,-0.1678211069415716,1.027767064359109,28.968403483722472,18.981725469117265,1.5261206643649572,-14.76605485970942,28.408206704845142,-2.511831791983976,-0.11075619749222021,1.027767064359109,zz2000_and_cyb,below,52.0,16.0,0.25,235.0,-0.492615644780552,False
zz2000_and_cyb_below_ma50_days10:scale0.25,36.313005455220605,13.312825006862708,2.727670906550743,-17.703582175749954,13729.603085119921,-3.428785535622538,-0.08279326483879723,-0.09489570398788416,32.31456879654242,14.781041505887465,2.186217309766104,-17.70358217575001,1540.2549432485732,-2.776380486391595,-0.039682347532983275,-0.09489570398797653,34.602158671697715,16.97381452355785,2.0385611391990643,-17.703582175749975,339.5940870393379,-2.492159546076067,0.013215734133554147,-0.09489570398789482,42.96779039743974,16.450088071389075,2.6120097479703923,-14.766054859709444,191.1526812319718,-6.9564521029725555,-0.16738518239235622,1.027767064359086,39.063308497438534,17.7115059536267,2.2055328665849405,-14.76605485970942,38.280826381437414,7.583073221732086,0.5686560047277631,1.027767064359109,zz2000_and_cyb,below,50.0,10.0,0.25,411.0,-0.4941592070766781,False
zz2000_and_cyb_below_ma51_days10:scale0.25,36.34467394812189,13.312353240270431,2.7301464506048196,-17.703582175749986,13780.816962735671,-3.3971170427212556,-0.08031772078472077,-0.09489570398791614,32.3094091515252,14.779836333519444,2.1860464772705326,-17.703582175749933,1539.6160459903654,-2.7815401314088106,-0.03985318002855465,-0.09489570398789837,34.590389806010634,16.971719093631354,2.038119392336083,-17.703582175749975,339.4025997429749,-2.503928411763148,0.012773987270572995,-0.09489570398789482,42.94695715448717,16.446504984849224,2.611312080837271,-14.766054859709444,191.02585504981536,-6.977285345925125,-0.16808284952547758,1.027767064359086,39.063308497438534,17.7115059536267,2.2055328665849405,-14.76605485970942,38.280826381437414,7.583073221732086,0.5686560047277631,1.027767064359109,zz2000_and_cyb,below,51.0,10.0,0.25,414.0,-0.4961101934754176,False
zz2000_and_cyb_below_ma58_days10:scale0.50,36.757652680400696,13.407528730162053,2.741568071206842,-17.67190311402348,14465.16192593966,-2.9841383104424466,-0.0688961001826982,-0.0632166422614091,32.49928892741156,14.891061121089763,2.1824696482766965,-17.671903114023515,1563.2761773343248,-2.5916603555224498,-0.04343000902239069,-0.06321664226148016,34.26676173760625,17.157989181106203,1.997131562207747,-17.671903114023547,334.16302201207805,-2.82755648016753,-0.028213842857763183,-0.06321664226146595,43.53498273535512,16.617443596790174,2.6198363473768214,-15.0823726237162,194.61971713488495,-6.389259765057176,-0.15955858298592718,0.7114493003523297,30.815257169109334,17.96874837740208,1.7149362060110613,-15.08237262371619,30.215352596561406,-0.6649781065971148,0.07805934415388394,0.7114493003523403,zz2000_and_cyb,below,58.0,10.0,0.5,457.0,-0.5042392763649911,False
zz2000_and_cyb_below_ma55_days11:scale0.25,36.295145853053334,13.353142153007285,2.7180977658415206,-17.779565102440507,13700.798914763709,-3.446645137789808,-0.09236640554801978,-0.17087863067843756,32.20372841545726,14.836505003618647,2.170573757606844,-17.77956510244052,1526.5792135954352,-2.887220867476749,-0.05532589969224322,-0.1708786306784873,34.561776648939734,17.13313329659005,2.017247869998096,-17.779565102440543,338.93732267696777,-2.5325415688340485,-0.008097535067414174,-0.17087863067846243,43.64850414107002,16.70562852301973,2.6128022708588317,-15.336812875993633,195.3169147527475,-6.275738359342277,-0.16659265950391688,0.4570090480748963,33.68401932238434,18.15462690929617,1.8553958443032648,-15.336812875993623,33.02157226916664,2.203784046677889,0.21851898244608736,0.45700904807490694,zz2000_and_cyb,below,55.0,11.0,0.25,387.0,-0.507609434907902,False
zz2000_and_cyb_below_ma65_days12:scale0.25,36.85642108634812,13.434235377193609,2.7434699520686356,-17.60868647176205,14633.451535993081,-2.885369904495022,-0.06699421932090477,2.1316282072803006e-14,33.09082162806445,14.940264828971541,2.214875171683443,-17.60868647176208,1638.9672985866262,-2.0001276548695657,-0.011024485615644064,-4.618527782440651e-14,34.595363762352285,17.295948767351646,2.000200406910058,-17.60868647176208,339.4835211948141,-2.4989544554214973,-0.025144998155452125,0.0,43.244845559387414,16.87567027151121,2.5625557304465425,-15.793821924068506,192.8428040662867,-6.6793969410248835,-0.21683919991620604,2.3092638912203256e-14,29.991383542338923,18.474765589619405,1.6233701800898883,-15.79382192406853,29.409246755985063,-1.4888517333675253,-0.013506681767289086,0.0,zz2000_and_cyb,below,65.0,12.0,0.25,375.0,-0.5077504703653618,False
zz2000_and_cyb_below_ma58_days12:scale0.00,36.02686285402383,13.36783064686316,2.6950418363115447,-17.60868647176208,13274.818358906537,-3.71492813681931,-0.11542233507799571,-1.0658141036401503e-14,32.82109056955716,14.844252098814808,2.211030259461684,-17.60868647176208,1604.0769992673522,-2.2698587133768555,-0.014869397837403042,-4.618527782440651e-14,34.547926482314125,17.13157252996759,2.016623192172277,-17.608686471762102,338.7122473240821,-2.5463917354596575,-0.008722212893233383,-2.1316282072803006e-14,42.90507620781017,16.644485566471197,2.5777351926237086,-15.457333966216124,190.77100837656374,-7.019166292602129,-0.2016597377390399,0.3364879578524054,34.80762225401814,17.943321435035976,1.9398650567588385,-15.457333966216124,34.120397257093174,3.3273869783116936,0.30298819490166107,0.3364879578524054,zz2000_and_cyb,below,58.0,12.0,0.0,381.0,-0.5087862074612597,False
zz2000_and_cyb_below_ma64_days12:scale0.25,36.84473363394887,13.43401638435184,2.742644684940701,-17.608686471762034,14613.442874405166,-2.8970573568942726,-0.0678194864488395,3.552713678800501e-14,33.072718920647645,14.939941533241075,2.213711402220785,-17.608686471762013,1636.605706117617,-2.018230362286367,-0.012188255078302124,2.1316282072803006e-14,34.558661036562114,17.295398136424843,1.9981419776501184,-17.60868647176207,338.886683649479,-2.5356571812116684,-0.027203427415391834,1.0658141036401503e-14,43.244845559387414,16.87567027151121,2.5625557304465425,-15.793821924068506,192.8428040662867,-6.6793969410248835,-0.21683919991620604,2.3092638912203256e-14,29.991383542338923,18.474765589619405,1.6233701800898883,-15.79382192406853,29.409246755985063,-1.4888517333675253,-0.013506681767289086,0.0,zz2000_and_cyb,below,64.0,12.0,0.25,374.0,-0.5111892463518192,False
zz2000_and_cyb_below_ma54_days12:scale0.00,36.275402189063556,13.425564740865395,2.701964713532437,-17.60868647176207,13669.021544721818,-3.466388801779587,-0.10849945785710347,0.0,32.6396174931731,14.920149954250132,2.1876199363449045,-17.60868647176207,1580.9588967272894,-2.451331789760914,-0.03827972095418275,-3.552713678800501e-14,34.985758417075786,17.235819542144192,2.0298285400082254,-17.608686471762102,345.87212678415983,-2.1085598006979964,0.004483134942715239,-2.1316282072803006e-14,42.98687387360669,16.84954296250201,2.5512189837595165,-15.457333966216103,191.26888766229965,-6.937368626805608,-0.22817594660323204,0.3364879578524267,34.50858518457465,18.096056341785598,1.9069671608443706,-15.457333966216124,33.82796997826469,3.0283499088682007,0.27009029898719317,0.3364879578524054,zz2000_and_cyb,below,54.0,12.0,0.0,350.0,-0.5144039558057558,False
zz2000_and_cyb_below_ma53_days12:scale0.00,36.599527933010975,13.432640534360571,2.7246711351643573,-17.60868647176206,14199.482008709427,-3.1422630578321673,-0.08579303622518308,1.0658141036401503e-14,32.6396174931731,14.920149954250132,2.1876199363449045,-17.60868647176207,1580.9588967272894,-2.451331789760914,-0.03827972095418275,-3.552713678800501e-14,34.985758417075786,17.235819542144192,2.0298285400082254,-17.608686471762102,345.87212678415983,-2.1085598006979964,0.004483134942715239,-2.1316282072803006e-14,42.98687387360669,16.84954296250201,2.5512189837595165,-15.457333966216103,191.26888766229965,-6.937368626805608,-0.22817594660323204,0.3364879578524267,34.50858518457465,18.096056341785598,1.9069671608443706,-15.457333966216124,33.82796997826469,3.0283499088682007,0.27009029898719317,0.3364879578524054,zz2000_and_cyb,below,53.0,12.0,0.0,344.0,-0.5144039558057558,False
zz2000_and_cyb_below_ma63_days12:scale0.25,36.829445823819064,13.442914957994217,2.739691944708567,-17.60868647176207,14587.308918234234,-2.9123451670240783,-0.07077222668097338,0.0,33.04904099872985,14.952664787218971,2.2102442252954835,-17.60868647176206,1633.5211542695386,-2.041908284204162,-0.015655432003603753,-2.4868995751603507e-14,34.45744087614191,17.294073103446962,1.9924421892997568,-17.60868647176209,337.24405898166697,-2.636877341631873,-0.03290321576575339,-1.0658141036401503e-14,43.244845559387414,16.87567027151121,2.5625557304465425,-15.793821924068506,192.8428040662867,-6.6793969410248835,-0.21683919991620604,2.3092638912203256e-14,29.991383542338923,18.474765589619405,1.6233701800898883,-15.79382192406853,29.409246755985063,-1.4888517333675253,-0.013506681767289086,0.0,zz2000_and_cyb,below,63.0,12.0,0.25,367.0,-0.5200257722618933,False
zz2000_and_cyb_below_ma49_days16:scale0.25,37.44655898625386,13.88247070945042,2.6973987390272187,-18.353801492269085,15677.561014464723,-2.2952320045892805,-0.1130654323623217,-0.745115020507015,33.34639976630043,15.492746389396284,2.1523878935450553,-18.353801492269085,1672.6186559672733,-1.7445495166335832,-0.0735117637540319,-0.7451150205070505,33.81271771439789,17.965458543622283,1.8820960028543976,-18.353801492269074,326.89629691520184,-3.2816005033758913,-0.1432494022111126,-0.7451150205069936,45.77278176337363,17.63298804972048,2.5958607602016275,-14.766054859709431,208.56656652602865,-4.1514607370386685,-0.18353417016112106,1.0277670643590984,28.968403483722472,18.981725469117265,1.5261206643649572,-14.76605485970942,28.408206704845142,-2.511831791983976,-0.11075619749222021,1.027767064359109,zz2000_and_cyb,below,49.0,16.0,0.25,219.0,-0.5218905565097488,False
zz2000_and_cyb_below_ma50_days16:scale0.25,37.435133326853865,13.830190637000337,2.7067691479756246,-18.353801492269138,15656.703935382342,-2.3066576639892773,-0.10369502341391579,-0.7451150205070682,33.35006005049876,15.417784377144358,2.163090314062089,-18.353801492269096,1673.1048236153945,-1.7408892324352507,-0.06280934323699805,-0.7451150205070611,33.762663827057835,17.965093929752427,1.8793480267388232,-18.353801492269074,326.1011992878818,-3.331654390715947,-0.14599737832668702,-0.7451150205069936,45.68191366168837,17.632493424699454,2.5907801330977676,-14.76605485970941,207.99185892915295,-4.242328838723928,-0.18861479726498098,1.0277670643591197,28.968403483722472,18.981725469117265,1.5261206643649572,-14.76605485970942,28.408206704845142,-2.511831791983976,-0.11075619749222021,1.027767064359109,zz2000_and_cyb,below,50.0,16.0,0.25,233.0,-0.525276108950885,False
zz2000_and_cyb_below_ma46_days16:scale0.25,37.34880252753558,13.887757408835114,2.689332872690808,-18.353801492269117,15499.94372939901,-2.39298846330756,-0.12113129869873251,-0.7451150205070469,33.29864138469078,15.501104890289053,2.148146317334535,-18.353801492269074,1666.2862585401654,-1.7923078982432301,-0.07775333996455203,-0.7451150205070398,33.81275955635186,17.965284023935634,1.8821166150951023,-18.353801492269074,326.8969620633519,-3.2815586614219256,-0.1432287899704079,-0.7451150205069936,45.77285773296702,17.632691534730014,2.5959087211847987,-14.766054859709444,208.56704730433972,-4.151384767445279,-0.1834862091779499,1.027767064359086,28.968403483722472,18.981725469117265,1.5261206643649572,-14.76605485970942,28.408206704845142,-2.511831791983976,-0.11075619749222021,1.027767064359109,zz2000_and_cyb,below,46.0,16.0,0.25,202.0,-0.5254056860472028,False
zz2000_and_cyb_below_ma45_days16:scale0.25,37.14447624346515,13.897730841184416,2.67270079323968,-18.353801492269127,15134.730053655394,-2.597314747377993,-0.1377633781498604,-0.7451150205070576,33.29864138469078,15.501104890289053,2.148146317334535,-18.353801492269074,1666.2862585401654,-1.7923078982432301,-0.07775333996455203,-0.7451150205070398,33.81275955635186,17.965284023935634,1.8821166150951023,-18.353801492269074,326.8969620633519,-3.2815586614219256,-0.1432287899704079,-0.7451150205069936,45.77285773296702,17.632691534730014,2.5959087211847987,-14.766054859709444,208.56704730433972,-4.151384767445279,-0.1834862091779499,1.027767064359086,28.968403483722472,18.981725469117265,1.5261206643649572,-14.76605485970942,28.408206704845142,-2.511831791983976,-0.11075619749222021,1.027767064359109,zz2000_and_cyb,below,45.0,16.0,0.25,201.0,-0.5254056860472028,False
zz2000_and_cyb_below_ma51_days16:scale0.25,37.464918151220594,13.831936888449533,2.708580761563911,-18.353801492269074,15711.129124398798,-2.2768728396225484,-0.10188340982562938,-0.7451150205070043,33.349354118262255,15.417687508728303,2.163058117462974,-18.353801492269096,1673.0110506793385,-1.7415951646717573,-0.06284153983611329,-0.7451150205070611,33.76124409617969,17.96492723481431,1.8792864371169635,-18.353801492269074,326.07866437624875,-3.3330741215940947,-0.14605896794854667,-0.7451150205069936,45.67933660501276,17.632213832460554,2.590675058676864,-14.766054859709431,207.97557038235686,-4.24490589539954,-0.18871987168588467,1.0277670643590984,28.968403483722472,18.981725469117265,1.5261206643649572,-14.76605485970942,28.408206704845142,-2.511831791983976,-0.11075619749222021,1.027767064359109,zz2000_and_cyb,below,51.0,16.0,0.25,234.0,-0.5255366048033014,False
zz2000_and_cyb_below_ma49_days10:scale0.25,36.295300588228386,13.371975802554653,2.7142810549578127,-17.70337315750575,13701.048231795121,-3.4464904026147565,-0.09618311643172772,-0.09468668574368166,32.23827893879858,14.86655647629318,2.168510171821367,-17.703373157505787,1530.8310842501555,-2.852670344135433,-0.05738948547772038,-0.09468668574375272,34.504314207243446,16.987145119677063,2.0312014740649604,-17.703373157505776,338.0041184295122,-2.590004010530336,0.005856068999450237,-0.09468668574369588,42.7945017709374,16.473711017770345,2.597745081528659,-14.76605485970942,190.09887379876332,-7.1297407294748965,-0.1816498488340894,1.027767064359109,39.063308497438534,17.7115059536267,2.2055328665849405,-14.76605485970942,38.280826381437414,7.583073221732086,0.5686560047277631,1.027767064359109,zz2000_and_cyb,below,49.0,10.0,0.25,397.0,-0.5255949350229927,False
zz2000_and_cyb_below_ma47_days16:scale0.25,37.35724891176937,13.886611213905638,2.690163088483455,-18.353801492269064,15515.215996660841,-2.384542079073775,-0.12030108290608554,-0.7451150205069936,33.284003798403546,15.499374946515962,2.147441681568283,-18.353801492269096,1664.3495061210256,-1.8069454845304662,-0.07845797573080437,-0.7451150205070611,33.81275955635186,17.965284023935634,1.8821166150951023,-18.353801492269074,326.8969620633519,-3.2815586614219256,-0.1432287899704079,-0.7451150205069936,45.77285773296702,17.632691534730014,2.5959087211847987,-14.766054859709444,208.56704730433972,-4.151384767445279,-0.1834862091779499,1.027767064359086,28.968403483722472,18.981725469117265,1.5261206643649572,-14.76605485970942,28.408206704845142,-2.511831791983976,-0.11075619749222021,1.027767064359109,zz2000_and_cyb,below,47.0,16.0,0.25,210.0,-0.5261971315189465,False
zz2000_and_cyb_below_ma48_days16:scale0.25,37.31848191418672,13.891650980037761,2.68639645264722,-18.353801492269106,15445.234976913165,-2.423309076656423,-0.12406771874232048,-0.7451150205070363,33.20594380869426,15.50668136674553,2.1413958940244457,-18.353801492269096,1654.0533378238738,-1.8850054742397546,-0.08450376327464149,-0.7451150205070611,33.81271771439789,17.965458543622283,1.8820960028543976,-18.353801492269074,326.89629691520184,-3.2816005033758913,-0.1432494022111126,-0.7451150205069936,45.77278176337363,17.63298804972048,2.5958607602016275,-14.766054859709431,208.56656652602865,-4.1514607370386685,-0.18353417016112106,1.0277670643590984,28.968403483722472,18.981725469117265,1.5261206643649572,-14.76605485970942,28.408206704845142,-2.511831791983976,-0.11075619749222021,1.027767064359109,zz2000_and_cyb,below,48.0,16.0,0.25,214.0,-0.5316002349982389,False
zz2000_and_cyb_below_ma51_days15:scale0.25,37.77189210161307,13.770231278714306,2.7430107263339836,-17.60868647176205,16282.41537348346,-1.9698988892300733,-0.06745344505555684,2.1316282072803006e-14,33.43109125767507,15.35509204611939,2.1771990136733783,-17.60868647176205,1683.898359493,-1.6598580252589414,-0.04870064362570892,-1.4210854715202004e-14,33.57892191829504,17.86961845667397,1.8791068203112045,-17.60868647176209,323.19263138565947,-3.515396299478745,-0.14623858475430573,-1.0658141036401503e-14,44.893470240063,17.494788599743476,2.5661053281158983,-14.76605485970942,203.03511991492655,-5.030772260349295,-0.21328960224685023,1.027767064359109,29.280426411046022,18.975919980558697,1.5430306641809488,-14.76605485970942,28.713551981007022,-2.199808864660426,-0.0938461976762286,1.027767064359109,zz2000_and_cyb,below,51.0,15.0,0.25,256.0,-0.5324707143780004,False
zz2000_and_cyb_below_ma48_days10:scale0.25,36.37000064000047,13.386656509399476,2.7168845793916634,-17.703373157505798,13821.902815720156,-3.371790350842673,-0.09357959199787702,-0.09468668574372785,32.09899018309849,14.88105113336732,2.157037825851154,-17.703373157505787,1513.750761973669,-2.991959099835519,-0.06886183144793323,-0.09468668574375272,34.504314207243446,16.987145119677063,2.0312014740649604,-17.703373157505776,338.0041184295122,-2.590004010530336,0.005856068999450237,-0.09468668574369588,42.7945017709374,16.473711017770345,2.597745081528659,-14.76605485970942,190.09887379876332,-7.1297407294748965,-0.1816498488340894,1.027767064359109,39.063308497438534,17.7115059536267,2.2055328665849405,-14.76605485970942,38.280826381437414,7.583073221732086,0.5686560047277631,1.027767064359109,zz2000_and_cyb,below,48.0,10.0,0.25,390.0,-0.5355097706791017,False
zz2000_and_cyb_below_ma47_days11:scale0.00,35.73666073564774,13.407832169299134,2.665357105041672,-18.333302327761746,12827.924685018963,-4.005130255195404,-0.1451070663478684,-0.7246158559996765,31.765857336010363,14.913500670769183,2.1300067661694078,-18.333302327761647,1473.5513235083101,-3.3250919469236493,-0.09589289112967947,-0.7246158559996125,34.686580212868215,17.020974114540564,2.037872802076374,-18.333302327761704,340.96963804515434,-2.4077380049055677,0.012527397010863695,-0.7246158559996232,43.46406741737929,16.556992561875713,2.625118496305909,-14.766054859709431,194.18474340352049,-6.460175083033008,-0.15427643405683966,1.0277670643590984,44.41489044057945,17.661011407036742,2.5148554302435397,-14.766054859709431,43.50953724578026,12.934655164873,0.8779785683863623,1.0277670643590984,zz2000_and_cyb,below,47.0,11.0,0.0,353.0,-0.53737997352619,False
zz2000_and_cyb_below_ma45_days11:scale0.00,35.81841380826545,13.42058841471189,2.6689153039669007,-18.33330232776168,12952.382598759232,-3.9233771825776955,-0.14154886742263972,-0.724615855999609,31.705973063904768,14.916664730581475,2.1255403695507487,-18.333302327761714,1466.4213591960972,-3.3849762190292445,-0.10035928774833858,-0.72461585599968,34.686580212868215,17.020974114540564,2.037872802076374,-18.333302327761704,340.96963804515434,-2.4077380049055677,0.012527397010863695,-0.7246158559996232,43.46406741737929,16.556992561875713,2.625118496305909,-14.766054859709431,194.18474340352049,-6.460175083033008,-0.15427643405683966,1.0277670643590984,44.41489044057945,17.661011407036742,2.5148554302435397,-14.766054859709431,43.50953724578026,12.934655164873,0.8779785683863623,1.0277670643590984,zz2000_and_cyb,below,45.0,11.0,0.0,344.0,-0.5414096999986888,False
zz2000_and_cyb_below_ma46_days11:scale0.00,35.62545172909894,13.408871359833915,2.656856850444138,-18.333302327761736,12660.408825558488,-4.116339261744201,-0.1536073209454023,-0.7246158559996658,31.705973063904768,14.916664730581475,2.1255403695507487,-18.333302327761714,1466.4213591960972,-3.3849762190292445,-0.10035928774833858,-0.72461585599968,34.686580212868215,17.020974114540564,2.037872802076374,-18.333302327761704,340.96963804515434,-2.4077380049055677,0.012527397010863695,-0.7246158559996232,43.46406741737929,16.556992561875713,2.625118496305909,-14.766054859709431,194.18474340352049,-6.460175083033008,-0.15427643405683966,1.0277670643590984,44.41489044057945,17.661011407036742,2.5148554302435397,-14.766054859709431,43.50953724578026,12.934655164873,0.8779785683863623,1.0277670643590984,zz2000_and_cyb,below,46.0,11.0,0.0,345.0,-0.5414096999986888,False
zz2000_and_cyb_below_ma47_days10:scale0.25,36.254114219742895,13.37956411207252,2.7096633280474682,-17.703373157505776,13634.835453305797,-3.487676771100247,-0.10080084334207218,-0.09468668574370653,32.004309650027054,14.87284635871054,2.1518617807332605,-17.703373157505766,1502.2326190519586,-3.0866396329069588,-0.07403787656582672,-0.0946866857437314,34.68778562371426,16.97521919697813,2.0434366838626308,-17.703373157505776,340.98930369765503,-2.40653259405952,0.01809127879712058,-0.09468668574369588,42.57949434548618,16.476142802633774,2.584312047761548,-14.76605485970941,188.7948974922181,-7.3447481549261155,-0.19508288260120032,1.0277670643591197,39.063308497438534,17.7115059536267,2.2055328665849405,-14.76605485970942,38.280826381437414,7.583073221732086,0.5686560047277631,1.027767064359109,zz2000_and_cyb,below,47.0,10.0,0.25,392.0,-0.5426408815292254,False
zz2000_and_cyb_below_ma57_days11:scale0.25,35.97559945719628,13.340353558679025,2.6967500747977646,-17.779565102440543,13194.837504261961,-3.766191533646861,-0.11371409659177578,-0.1708786306784731,32.13265439003607,14.826765612273169,2.167205932185074,-17.779565102440465,1517.8640256779443,-2.958294892897939,-0.05869372511401316,-0.17087863067843045,34.158783309289234,17.11435252795317,1.9959144381008336,-17.779565102440564,332.42599351593435,-2.9355349084845486,-0.02943096696467662,-0.17087863067848374,43.474952197463246,16.649670208566466,2.6111599600990796,-15.336812875993633,194.25147966286653,-6.449290302949052,-0.16823497026366896,0.4570090480748963,31.613600355166625,17.94666577787682,1.7615305676521422,-15.336812875993633,30.996395711811296,0.13336507946017662,0.12465370579496482,0.4570090480748963,zz2000_and_cyb,below,57.0,11.0,0.25,401.0,-0.543092524623934,False
zz2000_and_cyb_below_ma45_days10:scale0.25,36.21903772357198,13.380932234095608,2.7067649017221074,-17.703373157505798,13578.67999228279,-3.5227532672711632,-0.10369926966743304,-0.09468668574372785,31.959287673015567,14.875355954963073,2.14847212865199,-17.703373157505776,1496.7815722245855,-3.1316616099184458,-0.07742752864709734,-0.09468668574374206,34.68778562371426,16.97521919697813,2.0434366838626308,-17.703373157505776,340.98930369765503,-2.40653259405952,0.01809127879712058,-0.09468668574369588,42.57949434548618,16.476142802633774,2.584312047761548,-14.76605485970941,188.7948974922181,-7.3447481549261155,-0.19508288260120032,1.0277670643591197,39.063308497438534,17.7115059536267,2.2055328665849405,-14.76605485970942,38.280826381437414,7.583073221732086,0.5686560047277631,1.027767064359109,zz2000_and_cyb,below,45.0,10.0,0.25,383.0,-0.5456863668802056,False
zz2000_and_cyb_below_ma46_days10:scale0.25,36.22031232603688,13.381566000472608,2.706731956839555,-17.703373157505776,13580.716784920465,-3.52147866480626,-0.10373221454998527,-0.09468668574370653,31.959287673015567,14.875355954963073,2.14847212865199,-17.703373157505776,1496.7815722245855,-3.1316616099184458,-0.07742752864709734,-0.09468668574374206,34.68778562371426,16.97521919697813,2.0434366838626308,-17.703373157505776,340.98930369765503,-2.40653259405952,0.01809127879712058,-0.09468668574369588,42.57949434548618,16.476142802633774,2.584312047761548,-14.76605485970941,188.7948974922181,-7.3447481549261155,-0.19508288260120032,1.0277670643591197,39.063308497438534,17.7115059536267,2.2055328665849405,-14.76605485970942,38.280826381437414,7.583073221732086,0.5686560047277631,1.027767064359109,zz2000_and_cyb,below,46.0,10.0,0.25,384.0,-0.5456863668802056,False
zz2000_and_cyb_below_ma51_days17:scale0.00,36.834153393171555,13.852030998609557,2.6591157207826708,-17.831022332451052,14595.351698087748,-2.907637597671588,-0.15134845060686963,-0.22233586068898248,33.3375163335095,15.42903017167942,2.160700702672926,-17.831022332450985,1671.439236131835,-1.7534329494245142,-0.06519895462616132,-0.2223358606889505,33.72643726594276,18.000402260254507,1.8736490872991132,-17.83102233245102,325.5264851387306,-3.367880951831026,-0.15169631776639703,-0.22233586068893985,45.287557281196136,17.68859474797958,2.5602688018147375,-15.186246613584341,205.50595255401367,-4.636685219216162,-0.21912612854801106,0.6075753104841883,26.495192110347766,19.005949035772336,1.3940473091072398,-15.18624661358432,25.987475134680604,-4.985043165358682,-0.24282955274993756,0.6075753104842097,zz2000_and_cyb,below,51.0,17.0,0.0,214.0,-0.5475154331575457,False
zz2000_and_cyb_below_ma61_days10:scale0.50,36.68292721421944,13.4291081087191,2.7315981759356274,-17.608686471762024,14339.037499672719,-3.058863776623703,-0.07886599545391304,4.618527782440651e-14,32.38399353760988,14.92191089971387,2.170230994894283,-17.60868647176209,1548.8733334348517,-2.70695574532413,-0.05566866240480417,-5.684341886080802e-14,34.05607722197941,17.205873287569368,1.9793286078994732,-17.608686471762034,330.77893920824727,-3.038240995794375,-0.046016797166037016,4.618527782440651e-14,43.23329978535575,16.703277358641763,2.588312392656772,-14.7660548597094,192.77224120307045,-6.690942715056551,-0.19108253770597639,1.0277670643591303,29.98071670118394,18.205293100153423,1.6468131842893143,-14.7660548597094,29.39880938548809,-1.499518574522508,0.009936322432136935,1.0277670643591303,zz2000_and_cyb,below,61.0,10.0,0.5,451.0,-0.5475587595907327,False
zz2000_and_cyb_below_ma62_days10:scale0.50,36.794228075096335,13.420798208939399,2.7415826914518564,-17.60868647176208,14527.270896958398,-2.9475629157468077,-0.06888147993768401,-1.0658141036401503e-14,32.45857146336903,14.914296638419778,2.1763394044178095,-17.608686471762034,1558.1768214130107,-2.6323778195649794,-0.049560252881277744,0.0,34.01009784008784,17.211333479764374,1.9760292181935832,-17.608686471762034,330.0432140484143,-3.084220377685945,-0.04931618687192696,4.618527782440651e-14,43.15143074275676,16.71274569404138,2.5819474269952902,-14.7660548597094,192.27221698101874,-6.772811757655539,-0.1974475033674583,1.0277670643591303,29.75486186802938,18.23103917952076,1.6320990578229642,-14.7660548597094,29.177809816910315,-1.7253734076770684,-0.00477780403421324,1.0277670643591303,zz2000_and_cyb,below,62.0,10.0,0.5,450.0,-0.5515740895970493,False
zz2000_and_cyb_below_ma56_days10:scale0.50,36.67851722152555,13.444810427553659,2.7280799100266204,-17.671903114023515,14331.626227730141,-3.0632737693175898,-0.08238426136291999,-0.06321664226144463,32.38926143286464,14.945774535154396,2.1671182953202535,-17.671903114023557,1549.5289505344501,-2.7016878500693693,-0.05878136197883377,-0.06321664226152279,34.152273065670215,17.25526411017982,1.9792379211119655,-17.6719031140235,332.32144229335336,-2.9420451521035673,-0.04610748395354469,-0.06321664226141976,43.330770696724244,16.785935608768803,2.58137358003975,-15.082372623716223,193.36829756721485,-6.593471803688054,-0.1980213503229984,0.7114493003523066,29.56948968714965,18.090838603723487,1.6345007732844186,-15.0823726237162,28.996417715736953,-1.9107455885567965,-0.0023760885727588388,0.7114493003523297,zz2000_and_cyb,below,56.0,10.0,0.5,435.0,-0.554548506765889,False
zz2000_and_cyb_below_ma52_days17:scale0.00,36.768690585000655,13.851723342527086,2.654448813030699,-17.83102233245103,14483.879392851659,-2.9731004058424872,-0.15601535835884128,-0.22233586068896116,33.23592828037738,15.42854138095132,2.154184732032528,-17.831022332451052,1658.0018976254632,-1.855021002556633,-0.07171492526655943,-0.222335860689018,33.69307202655618,18.000715102222205,1.871762973594129,-17.83102233245102,324.9977125405937,-3.401246191217602,-0.15358243147138118,-0.22233586068893985,45.22714600357061,17.689205772046325,2.5567652152614784,-15.186246613584341,205.12632124569282,-4.697096496841688,-0.22262971510127016,0.6075753104841883,26.495192110347766,19.005949035772336,1.3940473091072398,-15.18624661358432,25.987475134680604,-4.985043165358682,-0.24282955274993756,0.6075753104842097,zz2000_and_cyb,below,52.0,17.0,0.0,214.0,-0.5597980882962549,False
zz2000_and_cyb_below_ma58_days11:scale0.25,35.915785503327854,13.305263419293942,2.699366737170076,-17.779565102440507,13102.082771694037,-3.826005487515289,-0.11109743421946439,-0.17087863067843756,32.04008939057707,14.776434951965205,2.168323380756728,-17.779565102440454,1506.5765958778475,-3.0508598923569394,-0.057576276542359306,-0.1708786306784198,33.970416088938606,17.026816666445345,1.9951125776718976,-17.779565102440486,329.4090662784929,-3.1239021288351765,-0.03023282739361255,-0.17087863067840559,43.13978887622287,16.497954109481974,2.6148568840683626,-15.336812875993644,192.20115918510646,-6.784453624189425,-0.16453804629438595,0.4570090480748856,31.613600355166625,17.94666577787682,1.7615305676521422,-15.336812875993633,30.996395711811296,0.13336507946017662,0.12465370579496482,0.4570090480748963,zz2000_and_cyb,below,58.0,11.0,0.25,418.0,-0.5621867875073869,False
zz2000_and_cyb_below_ma50_days17:scale0.00,36.78657297723134,13.851571104549876,2.6557689881942648,-17.83102233245102,14514.251212526784,-2.9552180136118054,-0.15469518319527564,-0.2223358606889505,33.30157838773049,15.429494627176638,2.158306489771543,-17.831022332450985,1666.6750944952335,-1.7893708952035254,-0.0675931675275443,-0.2223358606889505,33.654183278833386,18.00121050282234,1.8695511212180358,-17.83102233245102,324.38206629332103,-3.440134938940396,-0.1557942838474744,-0.22233586068893985,45.15674651642874,17.690139582987808,2.552650661945874,-15.186246613584341,204.68431916173807,-4.767495983983558,-0.22674426841687456,0.6075753104841883,26.495192110347766,19.005949035772336,1.3940473091072398,-15.18624661358432,25.987475134680604,-4.985043165358682,-0.24282955274993756,0.6075753104842097,zz2000_and_cyb,below,50.0,17.0,0.0,212.0,-0.5627559972722649,False
zz2000_and_cyb_below_ma56_days12:scale0.00,35.88813449409336,13.415293006407374,2.67516590781525,-17.60868647176205,13059.409075729833,-3.8536564967497853,-0.13529826357429053,2.1316282072803006e-14,32.60540154704912,14.912153644697831,2.186498498065187,-17.60868647176207,1576.6318411321367,-2.485547735884893,-0.039401159233900085,-3.552713678800501e-14,34.31144697363611,17.252462164287785,1.9887855221418798,-17.60868647176207,334.88349445487813,-2.7828712441376737,-0.03655988292363044,1.0658141036401503e-14,42.486142903867986,16.85415266039657,2.5208115625830763,-15.457333966216147,188.22995665352403,-7.438099596544312,-0.2585833677796723,0.3364879578523823,33.08089838500585,18.1073571790085,1.8269313438714228,-15.457333966216124,32.43168638933571,1.6006631092994041,0.19005448201424535,0.3364879578524054,zz2000_and_cyb,below,56.0,12.0,0.0,357.0,-0.5928428573119706,False
zz2000_and_cyb_below_ma52_days15:scale0.00,37.31639919829672,13.71143983850506,2.7215521956711792,-17.623645971440126,15441.483652736628,-2.425391792546421,-0.08891197571836118,-0.014959499678056432,33.165877160285405,15.275615101634479,2.171164757662471,-17.623645971440148,1648.789545959759,-1.9250721226486078,-0.05473489963661615,-0.014959499678113275,33.78787486326553,17.75339939167371,1.9031777586838914,-17.623645971440094,326.5015242901604,-3.3064433545082537,-0.12216764638161881,-0.014959499678013799,43.70383415768671,17.48973352881416,2.498827902991494,-14.76605485970941,195.65712456840618,-6.220408342725591,-0.2805670273712546,1.0277670643591197,28.53648994752429,18.96783917360073,1.5044670975089838,-14.766054859709431,27.985515750346824,-2.943745328182157,-0.13240976434819363,1.0277670643590984,zz2000_and_cyb,below,52.0,15.0,0.0,257.0,-0.5999697984773278,False
zz2000_and_cyb_below_ma50_days14:scale0.25,37.92206170110253,13.671037811874202,2.7738977993437124,-17.60868647176208,16568.87787960277,-1.8197292897406143,-0.03656637204582802,-1.0658141036401503e-14,33.563366144634934,15.236930430218187,2.2027642836821903,-17.608686471762034,1701.6447580390527,-1.5275831382990788,-0.02313537361689688,0.0,33.94516061490338,17.67041752259161,1.9210163297785423,-17.60868647176209,329.0058519567773,-3.149157602870403,-0.10432907528696789,-1.0658141036401503e-14,42.89579953580913,17.369217637022157,2.469644887422998,-14.766054859709431,190.71457968060645,-7.028442964603165,-0.3097500429397506,1.0277670643590984,28.90372947753208,18.952905208262884,1.5250289683784704,-14.76605485970942,28.34491521648397,-2.5765057981743666,-0.11184789347870705,1.027767064359109,zz2000_and_cyb,below,50.0,14.0,0.25,278.0,-0.6000954186451732,False
zz2000_and_cyb_below_ma61_days11:scale0.25,35.82961263487054,13.329395878265052,2.6880147429107724,-17.779565102440507,12969.518465076184,-3.9121783559725998,-0.12244942847876805,-0.17087863067843756,31.906775139100674,14.810939452322794,2.154270851069933,-17.779565102440507,1490.444693348225,-3.1841741438333386,-0.07162880622915413,-0.1708786306784731,33.572184088917844,17.079590634305887,1.9656316598996877,-17.779565102440543,323.086276434945,-3.5221341288559387,-0.05971374516582251,-0.17087863067846243,42.95464448321524,16.608645028456166,2.5862822891102533,-14.7660548597094,191.07264879012726,-6.9695980171970575,-0.19311264125249528,1.0277670643591303,31.096463421608966,18.25056355157118,1.7038631894154244,-14.76605485970941,30.49047439829591,-0.38377185409748193,0.06698632755824696,1.0277670643591197,zz2000_and_cyb,below,61.0,11.0,0.25,412.0,-0.6112432496905471,False
zz2000_and_cyb_below_ma62_days11:scale0.25,35.92334699252824,13.325469801281148,2.6958409368106833,-17.779565102440507,13113.774950011768,-3.8184439983149048,-0.11462323457885715,-0.17087863067843756,31.906775139100674,14.810939452322794,2.154270851069933,-17.779565102440507,1490.444693348225,-3.1841741438333386,-0.07162880622915413,-0.1708786306784731,33.572184088917844,17.079590634305887,1.9656316598996877,-17.779565102440543,323.086276434945,-3.5221341288559387,-0.05971374516582251,-0.17087863067846243,42.95464448321524,16.608645028456166,2.5862822891102533,-14.7660548597094,191.07264879012726,-6.9695980171970575,-0.19311264125249528,1.0277670643591303,31.096463421608966,18.25056355157118,1.7038631894154244,-14.76605485970941,30.49047439829591,-0.38377185409748193,0.06698632755824696,1.0277670643591197,zz2000_and_cyb,below,62.0,11.0,0.25,411.0,-0.6112432496905471,False
zz2000_and_cyb_below_ma49_days15:scale0.25,37.58162071564406,13.801292354059846,2.7230508383940504,-17.608686471762034,15926.07939942322,-2.1601702751990857,-0.08741333299549003,3.552713678800501e-14,33.20225280187557,15.401224209680223,2.155819066708136,-17.608686471762024,1653.5678329618058,-1.888696481058446,-0.07008059059095118,1.0658141036401503e-14,33.177143338631446,17.81950147613681,1.861844641560876,-17.60868647176209,316.8878978918024,-3.917174879142337,-0.16350076350463416,-1.0658141036401503e-14,44.16784794030668,17.410315314451676,2.536878117517179,-14.76605485970942,198.52049577299164,-5.756394560105619,-0.2425168128455697,1.027767064359109,29.280426411046022,18.975919980558697,1.5430306641809488,-14.76605485970942,28.713551981007022,-2.199808864660426,-0.0938461976762286,1.027767064359109,zz2000_and_cyb,below,49.0,15.0,0.25,240.0,-0.6127295669888272,False
zz2000_and_cyb_below_ma48_days15:scale0.25,37.47885826161736,13.811293310599456,2.7136385723453045,-17.60868647176206,15736.66207537531,-2.2629327292257813,-0.09682559904423593,1.0658141036401503e-14,33.06194867663956,15.415238535489578,2.1447575138408026,-17.60868647176208,1635.202041427706,-2.029000606294453,-0.08114214345828463,-4.618527782440651e-14,33.177143338631446,17.81950147613681,1.861844641560876,-17.60868647176209,316.8878978918024,-3.917174879142337,-0.16350076350463416,-1.0658141036401503e-14,44.16784794030668,17.410315314451676,2.536878117517179,-14.76605485970942,198.52049577299164,-5.756394560105619,-0.2425168128455697,1.027767064359109,29.280426411046022,18.975919980558697,1.5430306641809488,-14.76605485970942,28.713551981007022,-2.199808864660426,-0.0938461976762286,1.027767064359109,zz2000_and_cyb,below,48.0,15.0,0.25,235.0,-0.6224694671795754,False
zz2000_and_cyb_below_ma46_days17:scale0.00,36.60851108280727,13.908904239697023,2.632019780416916,-17.831022332451006,14214.452915080421,-3.133279908035874,-0.17844439097262432,-0.2223358606889363,33.122013468817514,15.51462439983726,2.1348898055930343,-17.831022332451006,1643.043217496426,-1.9689358141164988,-0.09100985170605291,-0.22233586068897182,33.39108517965934,17.99318749448798,1.85576264293852,-17.83102233245102,320.23566974020275,-3.7032330381144405,-0.1695827621269903,-0.22233586068893985,44.68082427222557,17.67715503297882,2.52760267072774,-15.186246613584354,201.70742142947535,-5.2434182281867265,-0.2517922596350086,0.6075753104841759,26.495192110347766,19.005949035772336,1.3940473091072398,-15.18624661358432,25.987475134680604,-4.985043165358682,-0.24282955274993756,0.6075753104842097,zz2000_and_cyb,below,46.0,17.0,0.0,182.0,-0.6251352336959364,False
zz2000_and_cyb_below_ma45_days17:scale0.00,36.80383011930193,13.922483962086266,2.6434815956352464,-17.83102233245102,14543.617289621408,-2.9379608715412147,-0.16698257575429398,-0.2223358606889505,33.122013468817514,15.51462439983726,2.1348898055930343,-17.831022332451006,1643.043217496426,-1.9689358141164988,-0.09100985170605291,-0.22233586068897182,33.39108517965934,17.99318749448798,1.85576264293852,-17.83102233245102,320.23566974020275,-3.7032330381144405,-0.1695827621269903,-0.22233586068893985,44.68082427222557,17.67715503297882,2.52760267072774,-15.186246613584354,201.70742142947535,-5.2434182281867265,-0.2517922596350086,0.6075753104841759,26.495192110347766,19.005949035772336,1.3940473091072398,-15.18624661358432,25.987475134680604,-4.985043165358682,-0.24282955274993756,0.6075753104842097,zz2000_and_cyb,below,45.0,17.0,0.0,181.0,-0.6251352336959364,False
zz2000_and_cyb_below_ma47_days17:scale0.00,36.61147001102323,13.907478211044936,2.6325024174366427,-17.831022332451006,14219.387344562483,-3.1303209798199134,-0.1779617539528977,-0.2223358606889363,33.10245928334006,15.512629115911617,2.1339038686476557,-17.831022332451052,1640.487017084321,-1.988489999593952,-0.09199578865143154,-0.222335860689018,33.39108517965934,17.99318749448798,1.85576264293852,-17.83102233245102,320.23566974020275,-3.7032330381144405,-0.1695827621269903,-0.22233586068893985,44.68082427222557,17.67715503297882,2.52760267072774,-15.186246613584354,201.70742142947535,-5.2434182281867265,-0.2517922596350086,0.6075753104841759,26.495192110347766,19.005949035772336,1.3940473091072398,-15.18624661358432,25.987475134680604,-4.985043165358682,-0.24282955274993756,0.6075753104842097,zz2000_and_cyb,below,47.0,17.0,0.0,189.0,-0.6262148277329502,False
zz2000_and_cyb_below_ma51_days14:scale0.25,37.931907292040194,13.668886477940575,2.7750546727603815,-17.60868647176205,16587.822284468868,-1.809883698802949,-0.035409498629158875,2.1316282072803006e-14,33.49247816987102,15.232209073992406,2.19879322868909,-17.608686471762034,1692.1145561506787,-1.5984711130629918,-0.027106428609997124,0.0,33.8026658592683,17.662261550690978,1.913835652487316,-17.60868647176209,326.7365297931282,-3.2916523585054804,-0.11150975257819429,-1.0658141036401503e-14,42.6425282149052,17.355652961083862,2.4569820744008566,-14.76605485970941,189.17678005396715,-7.2817142855071,-0.32241285596189195,1.0277670643591197,28.90372947753208,18.952905208262884,1.5250289683784704,-14.76605485970942,28.34491521648397,-2.5765057981743666,-0.11184789347870705,1.027767064359109,zz2000_and_cyb,below,51.0,14.0,0.25,280.0,-0.6279811432201894,False
zz2000_and_cyb_below_ma49_days17:scale0.00,36.64095074041222,13.902644411892453,2.6355382224312094,-17.831022332450996,14268.637750494201,-3.1008402504309203,-0.17492594895833102,-0.22233586068892564,33.099921071719194,15.504817166734181,2.1348153103498424,-17.83102233245102,1640.1554595151783,-1.991028211214818,-0.09108434694924483,-0.22233586068898603,33.31707011779616,17.994003208859084,1.8515651981985304,-17.83102233245102,319.07505660330344,-3.7772480999776192,-0.17378020686697981,-0.22233586068893985,44.54704997247385,17.678714022458998,2.519812805155476,-15.18624661358433,200.87416137559293,-5.377192527938448,-0.25958212520727253,0.607575310484199,26.495192110347766,19.005949035772336,1.3940473091072398,-15.18624661358432,25.987475134680604,-4.985043165358682,-0.24282955274993756,0.6075753104842097,zz2000_and_cyb,below,49.0,17.0,0.0,198.0,-0.63910153604313,False
zz2000_and_cyb_below_ma49_days14:scale0.25,37.82303500815243,13.720243388771387,2.75673207365306,-17.60868647176209,16379.45308895543,-1.918755982690712,-0.053732097736480355,-2.1316282072803006e-14,33.42883417936078,15.306925336323326,2.183902609104271,-17.608686471762113,1683.5969129471682,-1.6621151035732353,-0.04199704819481642,-7.815970093361102e-14,33.73217789670186,17.660638276239666,1.910020315748417,-17.60868647176209,325.6175157012197,-3.3621403210719194,-0.11532508931709318,-1.0658141036401503e-14,42.517308792969914,17.353031790857514,2.4501372039997213,-14.76605485970941,188.41848337828813,-7.406933707442384,-0.3292577263630272,1.0277670643591197,28.90372947753208,18.952905208262884,1.5250289683784704,-14.76605485970942,28.34491521648397,-2.5765057981743666,-0.11184789347870705,1.027767064359109,zz2000_and_cyb,below,49.0,14.0,0.25,263.0,-0.6495156347554853,False
zz2000_and_cyb_below_ma47_days15:scale0.25,37.35019853864161,13.810640441337267,2.704450868682889,-17.60868647176206,15502.466950581744,-2.391592452201536,-0.10601330270665121,1.0658141036401503e-14,32.89126966397489,15.41428858465705,2.1338169117135855,-17.60868647176206,1613.0936513300635,-2.1996796189591237,-0.09208274558550178,-2.4868995751603507e-14,33.13823474724573,17.81966442784245,1.8596441521911424,-17.608686471762102,316.2813521111992,-3.95608347052805,-0.16570125287436777,-2.1316282072803006e-14,43.950772650753734,17.41265632940957,2.5240705277414737,-14.76605485970941,197.17866480202332,-5.973469849658564,-0.25532440262127487,1.0277670643591197,29.280426411046022,18.975919980558697,1.5430306641809488,-14.76605485970942,28.713551981007022,-2.199808864660426,-0.0938461976762286,1.027767064359109,zz2000_and_cyb,below,47.0,15.0,0.25,232.0,-0.649523614028696,False
zz2000_and_cyb_below_ma48_days17:scale0.00,36.539147732637865,13.91317508766751,2.6262264006887817,-17.831022332450996,14099.23526826258,-3.2026432582052777,-0.18423777070075875,-0.22233586068892564,32.91370461154093,15.520083585656572,2.12071696842917,-17.831022332451063,1615.9851497349885,-2.1772446713930833,-0.10518268886991722,-0.22233586068902866,33.31707011779616,17.994003208859084,1.8515651981985304,-17.83102233245102,319.07505660330344,-3.7772480999776192,-0.17378020686697981,-0.22233586068893985,44.54704997247385,17.678714022458998,2.519812805155476,-15.18624661358433,200.87416137559293,-5.377192527938448,-0.25958212520727253,0.607575310484199,26.495192110347766,19.005949035772336,1.3940473091072398,-15.18624661358432,25.987475134680604,-4.985043165358682,-0.24282955274993756,0.6075753104842097,zz2000_and_cyb,below,48.0,17.0,0.0,193.0,-0.6517372008088149,False
zz2000_and_cyb_below_ma46_days15:scale0.25,37.26782522432028,13.811150209300175,2.69838678600605,-17.60868647176206,15354.233943691113,-2.473965766522859,-0.11207738538349021,1.0658141036401503e-14,32.84594517643584,15.41671686004176,2.1305408586421217,-17.60868647176198,1607.2654378721477,-2.245004106498172,-0.0953587986569655,5.3290705182007514e-14,33.13823474724573,17.81966442784245,1.8596441521911424,-17.608686471762102,316.2813521111992,-3.95608347052805,-0.16570125287436777,-2.1316282072803006e-14,43.950772650753734,17.41265632940957,2.5240705277414737,-14.76605485970941,197.17866480202332,-5.973469849658564,-0.25532440262127487,1.0277670643591197,29.280426411046022,18.975919980558697,1.5430306641809488,-14.76605485970942,28.713551981007022,-2.199808864660426,-0.0938461976762286,1.027767064359109,zz2000_and_cyb,below,46.0,15.0,0.25,224.0,-0.6525213751905977,False
zz2000_and_cyb_below_ma45_days15:scale0.25,37.11723663443425,13.821212715219417,2.6855267623196406,-17.60868647176206,15086.651693919575,-2.6245543564088933,-0.12493740906989981,1.0658141036401503e-14,32.84594517643584,15.41671686004176,2.1305408586421217,-17.60868647176198,1607.2654378721477,-2.245004106498172,-0.0953587986569655,5.3290705182007514e-14,33.13823474724573,17.81966442784245,1.8596441521911424,-17.608686471762102,316.2813521111992,-3.95608347052805,-0.16570125287436777,-2.1316282072803006e-14,43.950772650753734,17.41265632940957,2.5240705277414737,-14.76605485970941,197.17866480202332,-5.973469849658564,-0.25532440262127487,1.0277670643591197,29.280426411046022,18.975919980558697,1.5430306641809488,-14.76605485970942,28.713551981007022,-2.199808864660426,-0.0938461976762286,1.027767064359109,zz2000_and_cyb,below,45.0,15.0,0.25,223.0,-0.6525213751905977,False
zz2000_and_cyb_below_ma61_days12:scale0.00,35.816219015842,13.390771465976497,2.6746942180922484,-17.60868647176208,12949.0267092979,-3.925571975001141,-0.13576995329729202,-1.0658141036401503e-14,32.49364173496816,14.876975074162187,2.1841564950526795,-17.60868647176207,1562.568094865532,-2.5973075479658547,-0.04174316224640773,-3.552713678800501e-14,33.85489381176674,17.184262234487022,1.9701104039150135,-17.60868647176207,327.5671773831978,-3.239424406007039,-0.05523500115049673,1.0658141036401503e-14,41.59405794073492,16.73690576281993,2.4851701103040034,-14.766054859709431,182.86832239542653,-8.330184559677377,-0.2942248200587452,1.0277670643590984,31.080873094343154,18.1957901438283,1.7081353900360987,-14.766054859709431,30.475221663055095,-0.39936218136329416,0.07125852817892131,1.0277670643590984,zz2000_and_cyb,below,61.0,12.0,0.0,376.0,-0.6579016906785736,False
zz2000_and_cyb_below_ma62_days12:scale0.00,35.94107069995183,13.38627067488279,2.68492036153053,-17.60868647176206,13141.218803470932,-3.800720290891313,-0.12554380985901048,1.0658141036401503e-14,32.49364173496816,14.876975074162187,2.1841564950526795,-17.60868647176207,1562.568094865532,-2.5973075479658547,-0.04174316224640773,-3.552713678800501e-14,33.85489381176674,17.184262234487022,1.9701104039150135,-17.60868647176207,327.5671773831978,-3.239424406007039,-0.05523500115049673,1.0658141036401503e-14,41.59405794073492,16.73690576281993,2.4851701103040034,-14.766054859709431,182.86832239542653,-8.330184559677377,-0.2942248200587452,1.0277670643590984,31.080873094343154,18.1957901438283,1.7081353900360987,-14.766054859709431,30.475221663055095,-0.39936218136329416,0.07125852817892131,1.0277670643590984,zz2000_and_cyb,below,62.0,12.0,0.0,375.0,-0.6579016906785736,False
zz2000_and_cyb_below_ma48_days14:scale0.25,37.713908236892756,13.730129929095186,2.74679907849773,-17.60868647176206,16173.045547376816,-2.0278827539503865,-0.06366509289181055,1.0658141036401503e-14,33.288291392230505,15.321030253795712,2.1727188603379655,-17.60868647176205,1664.9166152886824,-1.8026578907035073,-0.05318079696112177,-1.4210854715202004e-14,33.73217789670186,17.660638276239666,1.910020315748417,-17.60868647176209,325.6175157012197,-3.3621403210719194,-0.11532508931709318,-1.0658141036401503e-14,42.517308792969914,17.353031790857514,2.4501372039997213,-14.76605485970941,188.41848337828813,-7.406933707442384,-0.3292577263630272,1.0277670643591197,28.90372947753208,18.952905208262884,1.5250289683784704,-14.76605485970942,28.34491521648397,-2.5765057981743666,-0.11184789347870705,1.027767064359109,zz2000_and_cyb,below,48.0,14.0,0.25,258.0,-0.6593237927525448,False
zz2000_and_cyb_below_ma52_days10:scale0.25,35.86357911898526,13.279595407831366,2.700652995635353,-17.703582175749975,13021.621263211182,-3.8782118718578857,-0.1098111757541873,-0.09489570398790548,31.485785505716102,14.730504400970613,2.1374546755942356,-17.703582175749954,1440.4545833454463,-3.6051637772179106,-0.0884449817048516,-0.09489570398791969,33.66009300271966,16.908528749986488,1.9907168447607577,-17.703582175749975,324.47557694033736,-3.43422521505412,-0.034628560304752476,-0.09489570398789482,41.823149021899056,16.358877093446154,2.5566026801836315,-14.766054859709431,184.23882147769385,-8.101093478513242,-0.22279225017911708,1.0277670643590984,35.224689924281584,17.45568373326589,2.017949595245742,-14.76605485970942,34.52822770719304,3.744454648575136,0.3810727333885644,1.027767064359109,zz2000_and_cyb,below,52.0,10.0,0.25,417.0,-0.6680644505580899,False
zz2000_and_cyb_below_ma56_days11:scale0.25,35.74105774947676,13.347439188628277,2.677746438427481,-17.779565102440497,12834.590139468366,-4.000733241366383,-0.13271773296205946,-0.1708786306784269,31.769827996623935,14.8367033766239,2.141299666789805,-17.779565102440475,1474.0251106360736,-3.3211212863100776,-0.08459999050928202,-0.1708786306784411,33.58704367873422,17.135252064370952,1.9601137790421659,-17.779565102440564,323.32085974546237,-3.507274539039564,-0.06523162602334431,-0.17087863067848374,42.457330511393884,16.686618394440256,2.5443939273843563,-15.336812875993623,188.05573952544813,-7.4669119890184135,-0.23500100297839221,0.45700904807490694,30.340528423420075,18.097237000460403,1.676528213817844,-15.336812875993623,29.750872566557373,-1.1397068522863734,0.03965135196066649,0.45700904807490694,zz2000_and_cyb,below,56.0,11.0,0.25,394.0,-0.6738414410924809,False
zz2000_and_cyb_below_ma50_days15:scale0.00,37.20831015542802,13.752847986418992,2.705498540532944,-17.623645971440162,15247.957349433162,-2.5334808354151193,-0.10496563085659627,-0.014959499678091959,33.03275286991499,15.338654039438165,2.153562677988722,-17.623645971440105,1631.4021431007986,-2.058196413019026,-0.0723369793103652,-0.014959499678070642,32.74498337852974,17.857598181924104,1.8336723138767343,-17.623645971440105,310.1904589893478,-4.349334839244044,-0.19167309118877585,-0.014959499678024457,43.84703728924384,17.4940242209569,2.5064008563974354,-14.766054859709431,196.5388541468324,-6.0772052111684545,-0.27299407396531317,1.0277670643590984,28.53648994752429,18.96783917360073,1.5044670975089838,-14.766054859709431,27.985515750346824,-2.943745328182157,-0.13240976434819363,1.0277670643590984,zz2000_and_cyb,below,50.0,15.0,0.0,254.0,-0.6752199050871752,False
zz2000_and_cyb_below_ma59_days11:scale0.00,34.79981525966394,13.239792366590427,2.6284260580610406,-18.207600834727046,11478.878956697909,-4.941975731179205,-0.18203811332849984,-0.598914362964976,31.261887947719558,14.688817265450416,2.1282780895675435,-18.2076008347271,1414.4481308789607,-3.8290613352144547,-0.09762156773154373,-0.5989143629650648,33.59014929249988,16.889654512338513,1.9888002604174668,-18.20760083472701,323.36990014993745,-3.504168925273902,-0.03654514464804337,-0.5989143629649298,42.13727847997877,16.311730167477005,2.5832500934814258,-14.766054859709431,186.12522235881727,-7.78696402043353,-0.19614483688132278,1.0277670643590984,35.26570076872895,17.5897939556775,2.0048956148998065,-14.766054859709431,34.56832907956664,3.7854654930224996,0.3680187530426291,1.0277670643590984,zz2000_and_cyb,below,59.0,11.0,0.0,422.0,-0.6786185010180665,False
zz2000_and_cyb_below_ma47_days14:scale0.25,37.607634764913044,13.729153443398353,2.7392537289323275,-17.60868647176207,15974.365550873961,-2.1341562259300986,-0.07121044245721286,0.0,33.206316176016145,15.321322509906063,2.1673270146585892,-17.60868647176206,1654.102324711645,-1.8846331069178675,-0.058572642640497996,-2.4868995751603507e-14,33.693168595096836,17.66054449184523,1.9078216195800013,-17.608686471762102,324.99924220142555,-3.4011496226769466,-0.1175237854855089,-2.1316282072803006e-14,42.30271874037123,17.355338738367365,2.4374470229643412,-14.76605485970942,187.1220603216579,-7.621523760041065,-0.3419479073984073,1.027767064359109,28.90372947753208,18.952905208262884,1.5250289683784704,-14.76605485970942,28.34491521648397,-2.5765057981743666,-0.11184789347870705,1.027767064359109,zz2000_and_cyb,below,47.0,14.0,0.25,256.0,-0.6807993880776924,False
zz2000_and_cyb_below_ma45_days14:scale0.25,37.5956750174099,13.730975444495192,2.738019244836839,-17.60868647176206,15952.14947819337,-2.14611597343324,-0.07244492655270163,1.0658141036401503e-14,33.16088423731232,15.32376754530256,2.164016397356383,-17.60868647176208,1648.1345933109033,-1.9300650456216957,-0.06188325994270416,-4.618527782440651e-14,33.693168595096836,17.66054449184523,1.9078216195800013,-17.608686471762102,324.99924220142555,-3.4011496226769466,-0.1175237854855089,-2.1316282072803006e-14,42.30271874037123,17.355338738367365,2.4374470229643412,-14.76605485970942,187.1220603216579,-7.621523760041065,-0.3419479073984073,1.027767064359109,28.90372947753208,18.952905208262884,1.5250289683784704,-14.76605485970942,28.34491521648397,-2.5765057981743666,-0.11184789347870705,1.027767064359109,zz2000_and_cyb,below,45.0,14.0,0.25,247.0,-0.6838176548899106,False
zz2000_and_cyb_below_ma46_days14:scale0.25,37.56128808614201,13.73100829169254,2.7355083682286563,-17.60868647176205,15888.433532450113,-2.180502904701136,-0.07495580316088413,2.1316282072803006e-14,33.16088423731232,15.32376754530256,2.164016397356383,-17.60868647176208,1648.1345933109033,-1.9300650456216957,-0.06188325994270416,-4.618527782440651e-14,33.693168595096836,17.66054449184523,1.9078216195800013,-17.608686471762102,324.99924220142555,-3.4011496226769466,-0.1175237854855089,-2.1316282072803006e-14,42.30271874037123,17.355338738367365,2.4374470229643412,-14.76605485970942,187.1220603216579,-7.621523760041065,-0.3419479073984073,1.027767064359109,28.90372947753208,18.952905208262884,1.5250289683784704,-14.76605485970942,28.34491521648397,-2.5765057981743666,-0.11184789347870705,1.027767064359109,zz2000_and_cyb,below,46.0,14.0,0.25,248.0,-0.6838176548899106,False
zz2000_and_cyb_below_ma63_days10:scale0.50,36.642174926883996,13.438098480229785,2.7267380858082113,-17.60868647176208,14270.686301063839,-3.0996160639591466,-0.0837260855813291,-1.0658141036401503e-14,32.22413976589142,14.938923447734537,2.15705903297725,-17.608686471762034,1529.0898760326197,-2.86680951704259,-0.06884062432183713,0.0,33.534992539365405,17.254277427792015,1.9435755962373433,-17.608686471762034,322.49960149955905,-3.5593256784083778,-0.08176980882816687,4.618527782440651e-14,42.306574039820276,16.787341328940606,2.520147366449605,-15.908672791910783,187.145317423776,-7.6176684605920215,-0.2592475639131435,-0.11485086784225373,27.442631611444668,18.431923629908738,1.4888642207107792,-15.908672791910805,26.91490548483655,-4.0376036642617805,-0.14801264114639823,-0.11485086784227505,zz2000_and_cyb,below,63.0,10.0,0.5,442.0,-0.6844250962647095,False
zz2000_and_cyb_below_ma52_days14:scale0.00,37.45396448010669,13.649099205994638,2.7440612684283985,-17.60868647176209,15691.093260411248,-2.2878265107364513,-0.06640290296114193,-2.1316282072803006e-14,33.18567561075951,15.211326494960323,2.1816424505617107,-17.60868647176209,1651.3888058353598,-1.905273672174502,-0.04425720673737654,-5.684341886080802e-14,34.1525785953332,17.647784520410507,1.9352332048158292,-17.608686471762034,332.32634849342685,-2.941739622440579,-0.09011220024968103,4.618527782440651e-14,41.699693021613825,17.43635619643228,2.39153711657635,-14.766054859709431,183.4997188917705,-8.224549478798473,-0.3878578137863986,1.0277670643590984,28.036897324192502,18.938999548386473,1.4803790059006117,-14.766054859709431,27.496560527992877,-3.4433379515139464,-0.15649785595656573,1.0277670643590984,zz2000_and_cyb,below,52.0,14.0,0.0,282.0,-0.6885365978081482,False
zz2000_and_cyb_below_ma64_days11:scale0.25,35.96984126166498,13.347370690976934,2.6949008980458786,-17.60868647176207,13185.881656188198,-3.7719497291781607,-0.11556327334366179,0.0,31.97864854662724,14.84234131734079,2.154555528868316,-17.60868647176205,1499.1236460795244,-3.1123007363067714,-0.0713441284307712,-1.4210854715202004e-14,33.68516124550918,17.160123954818964,1.9629905549749596,-17.60868647176206,324.8724194731035,-3.4091569722646042,-0.06235485009055064,2.1316282072803006e-14,41.988441453235104,16.698649578519674,2.5144812612420453,-15.966433502166645,185.23039544727035,-7.935801047177193,-0.26491366912070324,-0.172611578098115,28.4245697183692,18.49174276364507,1.5371493147877955,-15.966433502166645,27.87598137452243,-3.0556655573372495,-0.09972754706938192,-0.172611578098115,zz2000_and_cyb,below,64.0,11.0,0.25,410.0,-0.6932011081526408,False
zz2000_and_cyb_below_ma60_days11:scale0.00,35.030533490072656,13.252269275874665,2.6433611301458106,-18.20760083472703,11798.286722750525,-4.711257500770486,-0.16710304124372977,-0.5989143629649618,31.619904581157044,14.70690332563376,2.150004245016308,-18.20760083472699,1456.2247567592076,-3.471044701776968,-0.07589541228277907,-0.5989143629649547,33.13927153821299,16.887926865303886,1.9623054861930607,-18.20760083472703,316.29750548582984,-3.9550466795607946,-0.06303991887244953,-0.5989143629649512,42.03331004158004,16.3275535654558,2.574378940058105,-14.766054859709431,185.49995464658392,-7.8909324588322605,-0.20501599030464357,1.0277670643590984,34.964965020554104,17.633641009125604,1.9828556678940752,-14.766054859709431,34.27425772657999,3.4847297448476553,0.3459788060368978,1.0277670643590984,zz2000_and_cyb,below,60.0,11.0,0.0,416.0,-0.6941175048584182,False
zz2000_and_cyb_below_ma64_days10:scale0.50,36.61086711525308,13.432242616892331,2.7255960273686095,-17.608686471762102,14218.381801672185,-3.1309238755900637,-0.0848681440209309,-3.197442310920451e-14,32.17588936293665,14.930506130953633,2.155043444657929,-17.608686471762113,1523.1605328791538,-2.9150599199973612,-0.07085621264115805,-7.815970093361102e-14,33.410979536420136,17.26049142466206,1.9356910944425374,-17.60868647176209,320.5480662419704,-3.6833386813536464,-0.0896543106229728,-1.0658141036401503e-14,42.306574039820276,16.787341328940606,2.520147366449605,-15.908672791910783,187.145317423776,-7.6176684605920215,-0.2592475639131435,-0.11485086784225373,27.442631611444668,18.431923629908738,1.4888642207107792,-15.908672791910805,26.91490548483655,-4.0376036642617805,-0.14801264114639823,-0.11485086784227505,zz2000_and_cyb,below,64.0,10.0,0.5,449.0,-0.6951631085135033,False
zz2000_and_cyb_below_ma65_days10:scale0.50,36.6036243643022,13.43253630407196,2.7249972407077077,-17.60868647176206,14206.307112724002,-3.1381666265409436,-0.08546693068183275,1.0658141036401503e-14,32.164728045421164,14.9309194267319,2.1542362614210036,-17.608686471762113,1521.7917218766968,-2.9262212375128485,-0.07166339587808368,-7.815970093361102e-14,33.349356568491714,17.26078864287711,1.9320876501349067,-17.60868647176206,319.58101752269357,-3.744961649282068,-0.09325775493060351,2.1316282072803006e-14,42.306574039820276,16.787341328940606,2.520147366449605,-15.908672791910783,187.145317423776,-7.6176684605920215,-0.2592475639131435,-0.11485086784225373,27.442631611444668,18.431923629908738,1.4888642207107792,-15.908672791910805,26.91490548483655,-4.0376036642617805,-0.14801264114639823,-0.11485086784227505,zz2000_and_cyb,below,65.0,10.0,0.5,449.0,-0.6998600656887403,False
zz2000_and_cyb_below_ma52_days16:scale0.00,36.629938491024895,13.82187461177313,2.650142583396352,-18.95582529788571,14250.222179667426,-3.111852499818248,-0.16032158799318852,-1.3471388261236399,32.64917907725084,15.406721223938913,2.1191516743043715,-18.955825297885653,1582.1698797534254,-2.44177020568317,-0.10674798299471577,-1.3471388261236186,32.93779472990119,17.96027754732702,1.8339245951576753,-18.95582529788569,313.1678606032717,-4.15652348787259,-0.19142080990783494,-1.347138826123608,44.799056717910176,17.637885357739165,2.539933546980065,-14.766054859709431,202.44515091018633,-5.125185782502122,-0.23946138338268375,1.0277670643590984,28.123808530721917,18.97232767408763,1.4823594138706218,-14.766054859709431,27.581623550213695,-3.3564267449845318,-0.15451744798655564,1.0277670643590984,zz2000_and_cyb,below,52.0,16.0,0.0,235.0,-0.7002582305339897,False
zz2000_and_cyb_below_ma60_days10:scale0.25,35.574097215098746,13.222371038069278,2.69044765970304,-17.703582175749965,12583.741258596736,-4.167693775744397,-0.1200165116865004,-0.09489570398789482,31.671790280790347,14.666128410324925,2.159519499262905,-17.703582175749986,1462.3645222263567,-3.4191590021436653,-0.06638015803618202,-0.09489570398795166,33.21644052736461,16.818497380201098,1.9749945418112878,-17.703582175749986,317.501218335119,-3.8778776904091714,-0.050350863254222444,-0.09489570398790548,41.24625983571726,16.20017480387758,2.5460379492846457,-14.76605485970941,180.79609604621277,-8.677982664695037,-0.23335698107810288,1.0277670643591197,32.93051658596169,17.424718673917518,1.8898736445744908,-14.76605485970941,32.28459749417525,1.4502813102552423,0.2529967827173134,1.0277670643591197,zz2000_and_cyb,below,60.0,10.0,0.25,456.0,-0.7003143705495457,False
zz2000_and_cyb_below_ma59_days10:scale0.25,35.351404693411645,13.207729806101145,2.676569343285741,-17.703582175749943,12256.249314061604,-4.3903862974314976,-0.1338948281037995,-0.0948957039878735,31.327470584660478,14.644905541416954,2.1391377702002865,-17.703582175749943,1422.024548000706,-3.763478698273534,-0.08676188709880073,-0.09489570398790903,33.352608860045386,16.81158191231767,1.9839066325821653,-17.703582175749965,319.63201123572117,-3.7417093577283964,-0.04143877248334493,-0.09489570398788416,41.32381499237916,16.18813606626479,2.5527222419692768,-14.76605485970941,181.25730148217323,-8.600427508033135,-0.22667268839347177,1.0277670643591197,33.1526582528838,17.391263900469873,1.9062822830253352,-14.76605485970941,32.50187393183681,1.672422977177355,0.2694054211681578,1.0277670643591197,zz2000_and_cyb,below,59.0,10.0,0.25,463.0,-0.7055563121100018,False
zz2000_and_cyb_below_ma65_days11:scale0.25,35.91397909120617,13.343320778128776,2.6915323170580803,-17.60868647176199,13099.290988203833,-3.82781189963697,-0.11893185433146014,7.815970093361102e-14,31.892295483877795,14.83649220904999,2.1495846211157703,-17.60868647176209,1488.7013656252054,-3.198653799056217,-0.07631503618331692,-5.684341886080802e-14,33.391325108122416,17.14863274859114,1.9471712758479658,-17.60868647176207,320.2394361762534,-3.7029931096513664,-0.07817412921754441,1.0658141036401503e-14,41.988441453235104,16.698649578519674,2.5144812612420453,-15.966433502166645,185.23039544727035,-7.935801047177193,-0.26491366912070324,-0.172611578098115,28.4245697183692,18.49174276364507,1.5371493147877955,-15.966433502166645,27.87598137452243,-3.0556655573372495,-0.09972754706938192,-0.172611578098115,zz2000_and_cyb,below,65.0,11.0,0.25,410.0,-0.7164710582834317,False
zz2000_and_cyb_below_ma53_days11:scale0.00,35.27329373215735,13.327380013195885,2.646678769362927,-18.2076008347271,12143.268814163368,-4.468497258685794,-0.16378540202661362,-0.5989143629650293,31.09147986678571,14.79816840808913,2.1010356828883068,-18.207600834727046,1394.9201882407756,-3.999469416148301,-0.12486397441078045,-0.5989143629650115,33.902919370686234,17.054861134674113,1.9878742549101418,-18.20760083472699,328.33212906238015,-3.191398847087548,-0.03747115015536839,-0.5989143629649085,41.97385151596349,16.62489505068376,2.5247588864771306,-15.186246613584354,185.14277927964847,-7.950390984448809,-0.2546360438856179,0.6075753104841759,35.6383589347228,18.05759606758983,1.9735937608377068,-15.18624661358432,34.932713509908034,4.158123659016354,0.33671689898052937,0.6075753104842097,zz2000_and_cyb,below,53.0,11.0,0.0,381.0,-0.7302373791230197,False
zz2000_and_cyb_below_ma54_days11:scale0.00,35.06994790241424,13.320709853912993,2.632738666859586,-18.207600834727078,11853.671235109317,-4.671843088428901,-0.1777255045299544,-0.598914362965008,31.09147986678571,14.79816840808913,2.1010356828883068,-18.207600834727046,1394.9201882407756,-3.999469416148301,-0.12486397441078045,-0.5989143629650115,33.902919370686234,17.054861134674113,1.9878742549101418,-18.20760083472699,328.33212906238015,-3.191398847087548,-0.03747115015536839,-0.5989143629649085,41.97385151596349,16.62489505068376,2.5247588864771306,-15.186246613584354,185.14277927964847,-7.950390984448809,-0.2546360438856179,0.6075753104841759,35.6383589347228,18.05759606758983,1.9735937608377068,-15.18624661358432,34.932713509908034,4.158123659016354,0.33671689898052937,0.6075753104842097,zz2000_and_cyb,below,54.0,11.0,0.0,387.0,-0.7302373791230197,False
zz2000_and_cyb_below_ma49_days16:scale0.00,36.67557447659966,13.871591378407047,2.6439341728080317,-18.955825297885664,14326.682741871404,-3.066216514243486,-0.16652999858150874,-1.3471388261235937,32.75347825201065,15.481685079455804,2.1156274710350824,-18.955825297885642,1595.430544808481,-2.3374710309233606,-0.11027218626400481,-1.347138826123608,32.71177313231939,17.951972697503717,1.8221826471955405,-18.95582529788569,309.6793608252015,-4.382545085454396,-0.20316275786996973,-1.347138826123608,44.38897566283884,17.624349024419196,2.5186164664201924,-14.766054859709431,199.8915160744842,-5.5352668375734595,-0.2607784639425561,1.0277670643590984,28.123808530721917,18.97232767408763,1.4823594138706218,-14.766054859709431,27.581623550213695,-3.3564267449845318,-0.15451744798655564,1.0277670643590984,zz2000_and_cyb,below,49.0,16.0,0.0,219.0,-0.7376844640297033,False
zz2000_and_cyb_below_ma46_days16:scale0.00,36.5461024233046,13.877976300454801,2.6333884445462656,-18.9558252978857,14110.748199550033,-3.1956885675385394,-0.17707572684327477,-1.3471388261236292,32.69040037675166,15.491302798908976,2.1102421662724185,-18.955825297885674,1587.3995866601363,-2.400548906182351,-0.11565749102666878,-1.3471388261236399,32.71177313231939,17.951972697503717,1.8221826471955405,-18.95582529788569,309.6793608252015,-4.382545085454396,-0.20316275786996973,-1.347138826123608,44.38897566283884,17.624349024419196,2.5186164664201924,-14.766054859709431,199.8915160744842,-5.5352668375734595,-0.2607784639425561,1.0277670643590984,28.123808530721917,18.97232767408763,1.4823594138706218,-14.766054859709431,27.581623550213695,-3.3564267449845318,-0.15451744798655564,1.0277670643590984,zz2000_and_cyb,below,46.0,16.0,0.0,202.0,-0.7422694526688056,False
zz2000_and_cyb_below_ma45_days16:scale0.00,36.27548730472259,13.890452956786925,2.6115409927649806,-18.955825297885674,13669.158390838154,-3.466303686120554,-0.19892317862455977,-1.3471388261236044,32.69040037675166,15.491302798908976,2.1102421662724185,-18.955825297885674,1587.3995866601363,-2.400548906182351,-0.11565749102666878,-1.3471388261236399,32.71177313231939,17.951972697503717,1.8221826471955405,-18.95582529788569,309.6793608252015,-4.382545085454396,-0.20316275786996973,-1.347138826123608,44.38897566283884,17.624349024419196,2.5186164664201924,-14.766054859709431,199.8915160744842,-5.5352668375734595,-0.2607784639425561,1.0277670643590984,28.123808530721917,18.97232767408763,1.4823594138706218,-14.766054859709431,27.581623550213695,-3.3564267449845318,-0.15451744798655564,1.0277670643590984,zz2000_and_cyb,below,45.0,16.0,0.0,201.0,-0.7422694526688056,False
zz2000_and_cyb_below_ma65_days12:scale0.00,35.8707163684518,13.396830911685583,2.677552370774721,-17.60868647176208,13032.594148089856,-3.8710746223913404,-0.13291180061481933,-1.0658141036401503e-14,32.38444232077122,14.892044096495036,2.1746136467856125,-17.60868647176208,1548.9291777059598,-2.7065069621627913,-0.0512860105134747,-4.618527782440651e-14,33.70564234256561,17.236069033085258,1.9555295513069955,-17.608686471762024,325.1968653179925,-3.388675875208172,-0.06981585375851473,5.684341886080802e-14,41.00906960874895,16.823080785698888,2.4376670439346815,-15.79382192406853,179.38869601470074,-8.915172891663346,-0.34172788642806706,0.0,29.446896035559057,18.431048359573392,1.5976788439309721,-15.793821924068553,28.876453802627754,-2.0333392401473915,-0.03919801792620525,-2.3092638912203256e-14,zz2000_and_cyb,below,65.0,12.0,0.0,375.0,-0.7432447910554147,False
zz2000_and_cyb_below_ma47_days16:scale0.00,36.55727199602601,13.876589481621568,2.63445654600096,-18.955825297885763,14129.256838459056,-3.1845189948171324,-0.17600762538858028,-1.3471388261236932,32.67090959057417,15.489303193944728,2.1092562513300335,-18.955825297885674,1584.9249885116246,-2.4200396923598433,-0.11664340596905376,-1.3471388261236399,32.71177313231939,17.951972697503717,1.8221826471955405,-18.95582529788569,309.6793608252015,-4.382545085454396,-0.20316275786996973,-1.347138826123608,44.38897566283884,17.624349024419196,2.5186164664201924,-14.766054859709431,199.8915160744842,-5.5352668375734595,-0.2607784639425561,1.0277670643590984,28.123808530721917,18.97232767408763,1.4823594138706218,-14.766054859709431,27.581623550213695,-3.3564267449845318,-0.15451744798655564,1.0277670643590984,zz2000_and_cyb,below,47.0,16.0,0.0,210.0,-0.7433471337253229,False
zz2000_and_cyb_below_ma50_days16:scale0.00,36.65768571401562,13.816290336363188,2.653222017022616,-18.95582529788569,14296.665728702183,-3.084105276827522,-0.15724215436692424,-1.3471388261236186,32.75406945518038,15.402434073169863,2.126551511246917,-18.95582529788572,1595.505978121292,-2.3368798277536342,-0.09934814605217035,-1.347138826123686,32.64530604021887,17.95266714179814,1.8184098096606893,-18.95582529788569,308.657976204379,-4.449012177554913,-0.20693559540482087,-1.347138826123608,44.26846998817035,17.62569256041232,2.511587549620506,-14.766054859709431,199.14384701491375,-5.6557725122419455,-0.26780738074224253,1.0277670643590984,28.123808530721917,18.97232767408763,1.4823594138706218,-14.766054859709431,27.581623550213695,-3.3564267449845318,-0.15451744798655564,1.0277670643590984,zz2000_and_cyb,below,50.0,16.0,0.0,233.0,-0.7441496318328797,False
zz2000_and_cyb_below_ma51_days16:scale0.00,36.697135414954204,13.818836403330426,2.6555879484983245,-18.95582529788569,14362.939545775365,-3.044655575888939,-0.15487622289121594,-1.3471388261236186,32.75310481721283,15.402439887780433,2.1264880795410597,-18.95582529788572,1595.3828987449083,-2.337844465721183,-0.09941157775802756,-1.347138826123686,32.64337358568665,17.95267727890301,1.818301141303717,-18.95582529788569,308.62831109584243,-4.450944632087129,-0.2070442637617933,-1.347138826123608,44.26496702585765,17.625714543323742,2.511385675573891,-14.76605485970942,199.12213170478546,-5.659275474554647,-0.26800925478885773,1.027767064359109,28.123808530721917,18.97232767408763,1.4823594138706218,-14.766054859709431,27.581623550213695,-3.3564267449845318,-0.15451744798655564,1.0277670643590984,zz2000_and_cyb,below,51.0,16.0,0.0,234.0,-0.7445557976162005,False
zz2000_and_cyb_below_ma51_days15:scale0.00,37.101843543947744,13.749630115753614,2.6983884825700417,-17.623645971440126,15059.545552805512,-2.6399474468953983,-0.1120756888194987,-0.014959499678056432,32.85888326140161,15.332478971596922,2.143090058839928,-17.623645971440105,1608.927305863159,-2.232066021532404,-0.08280959845915925,-0.014959499678070642,32.39736687263339,17.84695927147629,1.81528776862354,-17.623645971440105,304.86589367160644,-4.696951345140391,-0.21005763644197017,-0.014959499678024457,43.21977009482831,17.47673403093651,2.4729889473812823,-14.766054859709431,192.6895678859004,-6.704472405583985,-0.30640598298146626,1.0277670643590984,28.53648994752429,18.96783917360073,1.5044670975089838,-14.766054859709431,27.985515750346824,-2.943745328182157,-0.13240976434819363,1.0277670643590984,zz2000_and_cyb,below,51.0,15.0,0.0,256.0,-0.745691459562563,False
zz2000_and_cyb_below_ma64_days12:scale0.00,35.85515776004953,13.397020601524314,2.676353110628935,-17.60868647176209,13008.685224625688,-3.8866332307936133,-0.1341110607606053,-2.1316282072803006e-14,32.36029778622962,14.892303463874192,2.172954497249492,-17.60868647176208,1545.9271720806396,-2.7306514967043896,-0.05294516004959515,-4.618527782440651e-14,33.6567552402657,17.236531033770287,1.9526408866334217,-17.60868647176208,324.42276088778766,-3.4375629775080796,-0.07270451843208847,0.0,41.00906960874895,16.823080785698888,2.4376670439346815,-15.79382192406853,179.38869601470074,-8.915172891663346,-0.34172788642806706,0.0,29.446896035559057,18.431048359573392,1.5976788439309721,-15.793821924068553,28.876453802627754,-2.0333392401473915,-0.03919801792620525,-2.3092638912203256e-14,zz2000_and_cyb,below,64.0,12.0,0.0,374.0,-0.7479540827770078,False
zz2000_and_cyb_below_ma48_days16:scale0.00,36.50614090620961,13.88196701053641,2.629752748908094,-18.9558252978857,14044.71420775963,-3.2356500846335337,-0.18071142248144634,-1.3471388261236292,32.56774649050853,15.49696456723238,2.1015564918675453,-18.955825297885674,1571.8814525393127,-2.5232027924254794,-0.12434316543154189,-1.3471388261236399,32.71177313231939,17.951972697503717,1.8221826471955405,-18.95582529788569,309.6793608252015,-4.382545085454396,-0.20316275786996973,-1.347138826123608,44.38897566283884,17.624349024419196,2.5186164664201924,-14.766054859709431,199.8915160744842,-5.5352668375734595,-0.2607784639425561,1.0277670643590984,28.123808530721917,18.97232767408763,1.4823594138706218,-14.766054859709431,27.581623550213695,-3.3564267449845318,-0.15451744798655564,1.0277670643590984,zz2000_and_cyb,below,48.0,16.0,0.0,214.0,-0.7502919064585362,False
zz2000_and_cyb_below_ma50_days10:scale0.00,35.14579973332977,13.268029202497852,2.648908831668322,-17.73530839787356,11960.937567970392,-4.595991257513376,-0.1615553397212186,-0.1266219261114898,31.346874937470215,14.725489746300946,2.1287492285507565,-17.735308397873506,1424.272760463595,-3.7440743454637975,-0.09715042874833069,-0.12662192611147205,33.69478412491185,16.89198361375651,1.994720388993952,-17.735308397873574,325.02483309973735,-3.399534092861934,-0.03062501607155821,-0.12662192611149337,40.618432378635895,16.369523179600712,2.4813448707689645,-14.76605485970942,177.0810439729016,-9.305810121776403,-0.29805005959378406,1.027767064359109,41.57880585427196,17.60302568934909,2.362026085062734,-14.766054859709431,40.73898944113472,10.098570578565514,0.7251492232055565,1.0277670643590984,zz2000_and_cyb,below,50.0,10.0,0.0,411.0,-0.7544315658403693,False
zz2000_and_cyb_below_ma55_days10:scale0.25,35.62855467831771,13.286257722940892,2.6816094811106366,-17.703582175749965,12665.055128553879,-4.11323631252543,-0.12885469027890384,-0.09489570398789482,31.313985200838612,14.749187357248092,2.1230990184316965,-17.703582175749922,1420.4638726542566,-3.7769640820954002,-0.10280063886739077,-0.09489570398788771,33.336936096082326,16.998399054552173,1.961180931751022,-17.703582175749975,319.3863185639922,-3.7573821216914567,-0.06416447331448816,-0.09489570398789482,41.25212113726242,16.514007606361215,2.498007880374965,-14.766054859709431,180.8309344715319,-8.672121363149877,-0.28138704998778374,1.0277670643590984,31.884913908226764,17.86259058157024,1.7850106210867351,-14.76605485970942,31.261811427870413,0.4046786325203158,0.14813375922955774,1.027767064359109,zz2000_and_cyb,below,55.0,10.0,0.25,427.0,-0.7557581123894737,False
zz2000_and_cyb_below_ma54_days10:scale0.25,35.4955746559106,13.296067173764722,2.6696296124277317,-17.703582175749975,12467.348500768709,-4.246216334932541,-0.14083455896180874,-0.09489570398790548,31.165498153415918,14.764139703131097,2.11089157784158,-17.703582175749933,1403.374315155857,-3.9254511295180947,-0.11500807945750724,-0.09489570398789837,33.39434131528769,16.997198175905208,1.9646968264820641,-17.703582175749975,320.2867873888599,-3.6999769024860925,-0.06064857858344608,-0.09489570398789482,41.35349055545268,16.511843927781968,2.504474408571259,-14.766054859709431,181.43390955764346,-8.570751944959618,-0.2749205217914894,1.0277670643590984,32.173020656318286,17.856919289838437,1.8017117137683707,-14.76605485970942,31.54364505918963,0.6927853806118378,0.1648348519111933,1.027767064359109,zz2000_and_cyb,below,54.0,10.0,0.25,427.0,-0.7557681203346981,False
zz2000_and_cyb_below_ma53_days10:scale0.25,35.673396966294476,13.30325824320307,2.681553369417662,-17.703582175749965,12732.378468607254,-4.068394024548667,-0.12891080197187854,-0.09489570398789482,31.165498153415918,14.764139703131097,2.11089157784158,-17.703582175749933,1403.374315155857,-3.9254511295180947,-0.11500807945750724,-0.09489570398789837,33.39434131528769,16.997198175905208,1.9646968264820641,-17.703582175749975,320.2867873888599,-3.6999769024860925,-0.06064857858344608,-0.09489570398789482,41.35349055545268,16.511843927781968,2.504474408571259,-14.766054859709431,181.43390955764346,-8.570751944959618,-0.2749205217914894,1.0277670643590984,32.173020656318286,17.856919289838437,1.8017117137683707,-14.76605485970942,31.54364505918963,0.6927853806118378,0.1648348519111933,1.027767064359109,zz2000_and_cyb,below,53.0,10.0,0.25,421.0,-0.7557681203346981,False
zz2000_and_cyb_below_ma51_days10:scale0.00,35.187737050170156,13.266996899377133,2.6522759684840334,-17.73530839787355,12020.630054253783,-4.554053940672986,-0.15818820290550706,-0.12662192611147915,31.340253201790457,14.722797148964695,2.1286887868311286,-17.735308397873496,1423.505222252697,-3.7506960811435555,-0.09721087046795862,-0.1266219261114614,33.679621623178704,16.887286533167178,1.9943773416191424,-17.735308397873574,324.78469902979265,-3.4146965945950782,-0.03096806344636782,-0.12662192611149337,40.59185384710546,16.36146485735092,2.4809425195732553,-14.76605485970941,176.92449641705954,-9.332388653306836,-0.29845241078949325,1.0277670643591197,41.57880585427196,17.60302568934909,2.362026085062734,-14.766054859709431,40.73898944113472,10.098570578565514,0.7251492232055565,1.0277670643590984,zz2000_and_cyb,below,51.0,10.0,0.0,414.0,-0.7564940742200602,False
zz2000_and_cyb_below_ma63_days12:scale0.00,35.835369558532214,13.406426323831159,2.672999402893189,-17.60868647176206,12978.335615027096,-3.9064214323109283,-0.13746476849635147,1.0658141036401503e-14,32.32959195052416,14.905755501650933,2.1689334664682645,-17.60868647176207,1542.116473582325,-2.761357332409851,-0.05696619083082277,-3.552713678800501e-14,33.52281048010799,17.2343338223985,1.945117857502578,-17.60868647176207,322.3075780849932,-3.57150773766579,-0.08022754756293216,1.0658141036401503e-14,41.00906960874895,16.823080785698888,2.4376670439346815,-15.79382192406853,179.38869601470074,-8.915172891663346,-0.34172788642806706,0.0,29.446896035559057,18.431048359573392,1.5976788439309721,-15.793821924068553,28.876453802627754,-2.0333392401473915,-0.03919801792620525,-2.3092638912203256e-14,zz2000_and_cyb,below,63.0,12.0,0.0,367.0,-0.7593353544097269,False
zz2000_and_cyb_below_ma63_days11:scale0.25,35.75026321533519,13.34636018551914,2.6786526602304934,-17.779565102440507,12848.55518032765,-3.9915277755079543,-0.131811511159047,-0.17087863067843756,31.639340792959935,14.840690424842995,2.1319318634931137,-17.779565102440507,1458.5221445791656,-3.4516084899740775,-0.09396779380597353,-0.1708786306784731,33.02977628930037,17.131502949980252,1.9280139276594204,-17.779565102440543,314.59431670223614,-4.06454192847341,-0.09733147740608983,-0.17087863067846243,41.988441453235104,16.698649578519674,2.5144812612420453,-15.966433502166645,185.23039544727035,-7.935801047177193,-0.26491366912070324,-0.172611578098115,28.4245697183692,18.49174276364507,1.5371493147877955,-15.966433502166645,27.87598137452243,-3.0556655573372495,-0.09972754706938192,-0.172611578098115,zz2000_and_cyb,below,63.0,11.0,0.25,403.0,-0.7619541058024778,False
zz2000_and_cyb_below_ma57_days10:scale0.25,35.390456989652044,13.263725115938513,2.668213995714121,-17.703582175749943,12313.100613308814,-4.351334001191098,-0.1422501756754193,-0.0948957039878735,31.38782767076169,14.725281726878059,2.1315604178539744,-17.703582175749975,1429.0274071079182,-3.703121612172321,-0.0943392394451128,-0.094895703987941,33.176390341027705,16.957057895610657,1.9564944900975676,-17.703582175749986,316.8761527176596,-3.9179278767460772,-0.0688509149679426,-0.09489570398790548,41.01227933964429,16.441281105439217,2.4944698090513353,-14.7660548597094,179.4077099781548,-8.91196316076801,-0.28492512131141323,1.0277670643591303,30.40403163587282,17.647724435094393,1.7228301443449072,-14.76605485970941,29.813006510219143,-1.0762036398336292,0.08595328248772982,1.0277670643591197,zz2000_and_cyb,below,57.0,10.0,0.25,439.0,-0.7674379594127314,False
zz2000_and_cyb_below_ma55_days11:scale0.00,35.124005562035876,13.311890044085176,2.6385438465698865,-18.20760083472702,11930.02521018159,-4.617785428807267,-0.1719203248196539,-0.5989143629649512,31.202989682790516,14.785257469201843,2.1104123311878284,-18.207600834727046,1407.672869209934,-3.887959600143496,-0.11548732611125878,-0.5989143629650115,33.65125965496698,17.06139998757839,1.9723621554776802,-18.20760083472699,324.3358113439644,-3.4430585628068044,-0.05298324958782996,-0.5989143629649085,41.52941620809693,16.636524238803343,2.496279608166767,-15.186246613584354,182.48241115921772,-8.394826292315365,-0.28311532219598146,0.6075753104841759,34.350932926132316,18.088699323071843,1.8990272496993885,-15.18624661358433,33.673797922664846,2.8706976504258677,0.2621503878422111,0.607575310484199,zz2000_and_cyb,below,55.0,11.0,0.0,387.0,-0.7685627751900308,False
zz2000_and_cyb_below_ma49_days10:scale0.00,35.125235538219734,13.331359874808355,2.6347826379358525,-17.73530839787355,11931.767801660113,-4.616555452623409,-0.17568153345368787,-0.12662192611147915,31.250267500147633,14.817452921398107,2.109017498885969,-17.73530839787356,1413.1092269125436,-3.8406817827863797,-0.11688215841311811,-0.12662192611152534,33.56578879899463,16.90729977821997,1.9852838264708703,-17.735308397873574,322.98534814782414,-3.5285294187791507,-0.04006157859463988,-0.12662192611149337,40.39237910652362,16.396065547130032,2.4635409629472913,-14.766054859709454,175.75146843840454,-9.531863393888678,-0.31585396741545724,1.0277670643590753,41.57880585427196,17.60302568934909,2.362026085062734,-14.766054859709431,40.73898944113472,10.098570578565514,0.7251492232055565,1.0277670643590984,zz2000_and_cyb,below,49.0,10.0,0.0,397.0,-0.7932425898958518,False
zz2000_and_cyb_below_ma48_days10:scale0.00,35.2247001843885,13.347053092846675,2.6391368895705605,-17.73530839787356,12073.471862982884,-4.51709080645464,-0.17132728181897994,-0.1266219261114898,31.066638839705686,14.83336899451687,2.094375111358007,-17.735308397873574,1392.0925306479878,-4.024310443228327,-0.1315245459410801,-0.12662192611153955,33.56578879899463,16.90729977821997,1.9852838264708703,-17.735308397873574,322.98534814782414,-3.5285294187791507,-0.04006157859463988,-0.12662192611149337,40.39237910652362,16.396065547130032,2.4635409629472913,-14.766054859709454,175.75146843840454,-9.531863393888678,-0.31585396741545724,1.0277670643590753,41.57880585427196,17.60302568934909,2.362026085062734,-14.766054859709431,40.73898944113472,10.098570578565514,0.7251492232055565,1.0277670643590984,zz2000_and_cyb,below,48.0,10.0,0.0,390.0,-0.8060726434730915,False
zz2000_and_cyb_below_ma47_days10:scale0.00,35.07111085183323,13.339733570297696,2.629071312932569,-17.73530839787355,11855.309056967211,-4.67068013900991,-0.1813928584569715,-0.12662192611147915,30.940980613355194,14.824537369274132,2.087146454734202,-17.73530839787354,1377.8624546426554,-4.1499686695788185,-0.13875320256488521,-0.12662192611150402,33.80822502554193,16.893721990108446,2.0012301046114764,-17.73530839787355,326.8248828979138,-3.286093192231853,-0.02411530045403376,-0.1266219261114685,40.11049002143794,16.399696877167003,2.445806792763532,-14.7660548597094,174.0994413909903,-9.813752478974358,-0.3335881375992167,1.0277670643591303,41.57880585427196,17.60302568934909,2.362026085062734,-14.766054859709431,40.73898944113472,10.098570578565514,0.7251492232055565,1.0277670643590984,zz2000_and_cyb,below,47.0,10.0,0.0,392.0,-0.8157315146459265,False
zz2000_and_cyb_below_ma57_days11:scale0.00,34.700675101073266,13.300853024853327,2.6089059879267347,-18.20760083472709,11344.112366660826,-5.041115889769877,-0.20155818346280574,-0.5989143629650187,31.108158872540237,14.776286605642424,2.1052758181247904,-18.20760083472702,1396.821466747675,-3.9827904103937755,-0.12062383917429687,-0.5989143629649867,33.11602297994143,17.044183004112014,1.942951620030833,-18.20760083472701,315.93540942635946,-3.9782952378323557,-0.0823937850346772,-0.5989143629649298,41.296944466674354,16.580818954635376,2.490645641790165,-15.186246613584375,181.09745065904096,-8.627298033737944,-0.28874928857258375,0.6075753104841546,31.568640547591965,17.873943104325395,1.7661822219828218,-15.186246613584354,30.952412340576817,0.08840527188551661,0.12930536012564442,0.6075753104841759,zz2000_and_cyb,below,57.0,11.0,0.0,401.0,-0.8183680015164679,False
zz2000_and_cyb_below_ma45_days10:scale0.00,35.02467285732585,13.341987993415854,2.62514648301364,-17.73530839787354,11790.072021076408,-4.717118133517296,-0.18531768837590024,-0.1266219261114685,30.881471226998624,14.827712354980116,2.082686154660035,-17.735308397873528,1371.1660689560074,-4.209478055935389,-0.14321350263905241,-0.12662192611149337,33.80822502554193,16.893721990108446,2.0012301046114764,-17.73530839787355,326.8248828979138,-3.286093192231853,-0.02411530045403376,-0.1266219261114685,40.11049002143794,16.399696877167003,2.445806792763532,-14.7660548597094,174.0994413909903,-9.813752478974358,-0.3335881375992167,1.0277670643591303,41.57880585427196,17.60302568934909,2.362026085062734,-14.766054859709431,40.73898944113472,10.098570578565514,0.7251492232055565,1.0277670643590984,zz2000_and_cyb,below,45.0,10.0,0.0,383.0,-0.8197469462737071,False
zz2000_and_cyb_below_ma46_days10:scale0.00,35.02650541543104,13.342007126105937,2.6252800710093793,-17.735308397873595,11792.640100407987,-4.7152855754121035,-0.1851841003801611,-0.12662192611152534,30.881471226998624,14.827712354980116,2.082686154660035,-17.735308397873528,1371.1660689560074,-4.209478055935389,-0.14321350263905241,-0.12662192611149337,33.80822502554193,16.893721990108446,2.0012301046114764,-17.73530839787355,326.8248828979138,-3.286093192231853,-0.02411530045403376,-0.1266219261114685,40.11049002143794,16.399696877167003,2.445806792763532,-14.7660548597094,174.0994413909903,-9.813752478974358,-0.3335881375992167,1.0277670643591303,41.57880585427196,17.60302568934909,2.362026085062734,-14.766054859709431,40.73898944113472,10.098570578565514,0.7251492232055565,1.0277670643590984,zz2000_and_cyb,below,46.0,10.0,0.0,384.0,-0.8197469462737071,False
zz2000_and_cyb_below_ma58_days10:scale0.25,35.25377824681917,13.227511875897042,2.665185907794045,-17.703582175749933,12115.192961437382,-4.488012744023976,-0.14527826359549545,-0.09489570398786284,31.17662966333885,14.67320647787575,2.1247318853140214,-17.703582175749954,1404.6494347370697,-3.9143196195951617,-0.10116777198506588,-0.09489570398791969,32.805065030052695,16.864897369216006,1.9451683761759941,-17.703582175749965,311.11639699874763,-4.289253187721087,-0.08017702888951606,-0.09489570398788416,40.358016787426635,16.281304110632135,2.4787950960925635,-14.76605485970941,175.54973242970414,-9.566225712985663,-0.300599834270185,1.0277670643591197,30.40403163587282,17.647724435094393,1.7228301443449072,-14.76605485970941,29.813006510219143,-1.0762036398336292,0.08595328248772982,1.0277670643591197,zz2000_and_cyb,below,58.0,10.0,0.25,457.0,-0.8265841545573082,False
zz2000_and_cyb_below_ma50_days14:scale0.00,37.29599929552301,13.64435318667529,2.733438425791065,-17.60868647176207,15404.78479523218,-2.445791695320132,-0.0770257455984753,0.0,33.0280281794306,15.206529256418314,2.1719636100058963,-17.60868647176205,1630.787918734351,-2.062921103503413,-0.0539360472931909,-1.4210854715202004e-14,32.869284229171484,17.633029388206257,1.8640747148732084,-17.60868647176206,312.10794655826186,-4.2250339886022985,-0.16127069019230178,2.1316282072803006e-14,40.58287782305943,17.351170539284062,2.338912970233185,-14.766054859709465,176.87164093320206,-9.341364677352871,-0.44048196012956353,1.0277670643590646,28.036897324192502,18.938999548386473,1.4803790059006117,-14.766054859709431,27.496560527992877,-3.4433379515139464,-0.15649785595656573,1.0277670643590984,zz2000_and_cyb,below,50.0,14.0,0.0,278.0,-0.8440005939338799,False
zz2000_and_cyb_below_ma58_days11:scale0.00,34.62009564979953,13.262759272151007,2.6103237598901776,-18.20760083472709,11235.660766501724,-5.121695341043612,-0.2001404114993628,-0.5989143629650187,30.98325986684427,14.721611314440064,2.1046106438398873,-18.20760083472703,1382.6366459402354,-4.107689416089741,-0.12128901345919996,-0.5989143629649973,32.86189403352184,16.949033525128794,1.9388653627241041,-18.20760083472701,311.9937441167341,-4.23242418425194,-0.08648004234140605,-0.5989143629649298,40.84821124765989,16.41545706062577,2.488399262767937,-15.186246613584375,178.43689786187937,-9.076031252752408,-0.29099566759481155,0.6075753104841546,31.568640547591965,17.873943104325395,1.7661822219828218,-15.186246613584354,30.952412340576817,0.08840527188551661,0.12930536012564442,0.6075753104841759,zz2000_and_cyb,below,58.0,11.0,0.0,418.0,-0.8502140527844686,False
zz2000_and_cyb_below_ma49_days15:scale0.00,36.8507320296781,13.784453853362244,2.673354521092588,-17.623645971440116,14623.708812962199,-2.8910589611650437,-0.13710965029695243,-0.014959499678045773,32.55726342155074,15.384050747184139,2.116299793635948,-17.623645971440094,1570.5611139554992,-2.533685861383269,-0.10959986366313945,-0.014959499678059984,31.862642369075346,17.797633539580705,1.7902741001052211,-17.623645971440105,296.78331302642005,-5.231675848698437,-0.23507130496028905,-0.014959499678024457,42.257012110780764,17.393908741465168,2.4294143851660377,-14.76605485970942,186.84643050777098,-7.667230389631534,-0.34998054519671085,1.027767064359109,28.53648994752429,18.96783917360073,1.5044670975089838,-14.766054859709431,27.985515750346824,-2.943745328182157,-0.13240976434819363,1.0277670643590984,zz2000_and_cyb,below,49.0,15.0,0.0,240.0,-0.8548411897930561,False
zz2000_and_cyb_below_ma48_days15:scale0.00,36.714920842495324,13.795345359000136,2.6613991811768867,-17.623645971440105,14392.911717494666,-3.026870148347818,-0.14906499021265374,-0.014959499678035115,32.37180617885278,15.399421084444235,2.1021443599300786,-17.623645971440137,1547.3574516561023,-2.7191431040812333,-0.12375529736900859,-0.014959499678102617,31.862642369075346,17.797633539580705,1.7902741001052211,-17.623645971440105,296.78331302642005,-5.231675848698437,-0.23507130496028905,-0.014959499678024457,42.257012110780764,17.393908741465168,2.4294143851660377,-14.76605485970942,186.84643050777098,-7.667230389631534,-0.34998054519671085,1.027767064359109,28.53648994752429,18.96783917360073,1.5044670975089838,-14.766054859709431,27.985515750346824,-2.943745328182157,-0.13240976434819363,1.0277670643590984,zz2000_and_cyb,below,48.0,15.0,0.0,235.0,-0.8674826239269307,False
zz2000_and_cyb_below_ma51_days14:scale0.00,37.309067255972,13.641482347070166,2.73497163334196,-17.60868647176206,15428.284331530582,-2.4327237348711392,-0.07549253804758038,1.0658141036401503e-14,32.93381536983044,15.20062991048034,2.166608592129702,-17.60868647176205,1618.5808303501594,-2.1571339131035714,-0.059291065169385426,-1.4210854715202004e-14,32.680685267596196,17.622824452738023,1.8544521824660556,-17.60868647176206,309.2013870237215,-4.413632950177586,-0.1708932225994546,2.1316282072803006e-14,40.25045539619037,17.33419112350174,2.3220267452583174,-14.76605485970942,174.91889065376958,-9.67378710422193,-0.4573681851044311,1.027767064359109,28.036897324192502,18.938999548386473,1.4803790059006117,-14.766054859709431,27.496560527992877,-3.4433379515139464,-0.15649785595656573,1.0277670643590984,zz2000_and_cyb,below,51.0,14.0,0.0,280.0,-0.8809946144465435,False
zz2000_and_cyb_below_ma56_days10:scale0.25,35.138154722313075,13.27434124717341,2.647073332531305,-17.70358217575,11950.08559150494,-4.603636268530067,-0.16339083885823547,-0.09489570398793035,31.015995888293936,14.742293202040258,2.1038786478620217,-17.703582175749965,1386.342739993341,-4.074953394640076,-0.12202100943706551,-0.09489570398793035,32.64088429022265,16.988046056876453,1.9214030960912196,-17.703582175749986,308.59010045918376,-4.453433927551131,-0.10394230897429058,-0.09489570398790548,40.06852259042874,16.49545711041645,2.4290640945698025,-14.76605485970941,173.85405364351644,-9.855719909983556,-0.350330835792946,1.0277670643591197,28.552088586289216,17.806294761552497,1.6034828676395456,-14.76605485970941,28.000781736376123,-2.9281466894172326,-0.033393994217631784,1.0277670643591197,zz2000_and_cyb,below,56.0,10.0,0.25,435.0,-0.8944565501274017,False
zz2000_and_cyb_below_ma61_days10:scale0.25,35.14401877166628,13.254406861736037,2.651496905012254,-17.60868647176206,11958.408702093391,-4.597772219176861,-0.15896726637728653,1.0658141036401503e-14,31.007119263867942,14.711684196396307,2.107652587557805,-17.60868647176208,1385.3369811440468,-4.08383001906607,-0.1182470697412823,-4.618527782440651e-14,32.495787495438535,16.92405261284721,1.9200949228183486,-17.60868647176209,306.3677972080767,-4.598530722335248,-0.1052504822471616,-1.0658141036401503e-14,39.921126964637764,16.389576866823976,2.4357631248825404,-14.766054859709431,172.99337527456177,-10.003115535774533,-0.3436318054802081,1.0277670643590984,29.17327226706412,17.945095039037202,1.6256961695439056,-14.766054859709431,28.6086924827776,-2.3069630086423274,-0.01118069231327179,1.0277670643590984,zz2000_and_cyb,below,61.0,10.0,0.25,451.0,-0.8965818570529696,False
zz2000_and_cyb_below_ma62_days10:scale0.25,35.308812440815764,13.243526386986352,2.6661186310250184,-17.60868647176207,12194.522879973161,-4.432978550027379,-0.14434554036452196,0.0,31.1175071133611,14.701799292470946,2.1165781476350944,-17.60868647176206,1397.8880457201815,-3.9734421695729125,-0.10932150966399279,-2.4868995751603507e-14,32.42775004811278,16.931815192628644,1.9151963141099233,-17.60868647176209,305.32906817593573,-4.666568169661005,-0.11014909095558689,-1.0658141036401503e-14,39.80139678445054,16.403054286326917,2.4264625410419915,-14.766054859709431,172.29556864119147,-10.122845715961759,-0.352932389320757,1.0277670643590984,28.837347711383778,17.981628430099803,1.6037116895993897,-14.766054859709431,28.279951909372294,-2.6428875643226704,-0.0331651722577877,1.0277670643590984,zz2000_and_cyb,below,62.0,10.0,0.25,450.0,-0.9024789047669712,False
zz2000_and_cyb_below_ma47_days15:scale0.00,36.5441427325909,13.795580101855409,2.6489747051431327,-17.623645971440105,14107.50320420286,-3.1976482582522436,-0.1614894662464077,-0.014959499678035115,32.1451588388002,15.399626601972818,2.0873985889165745,-17.623645971440116,1519.394284204036,-2.945790444133813,-0.13850106838251275,-0.0149594996780813,31.811245210307206,17.797985431072195,1.7873508961733549,-17.623645971440094,296.0132703556605,-5.283073007466577,-0.23799450889215534,-0.014959499678013799,41.97137909247777,17.397403025100363,2.4125082940208338,-14.766054859709444,185.12793354259904,-7.9528634079345295,-0.36688663634191476,1.027767064359086,28.53648994752429,18.96783917360073,1.5044670975089838,-14.766054859709431,27.985515750346824,-2.943745328182157,-0.13240976434819363,1.0277670643590984,zz2000_and_cyb,below,47.0,15.0,0.0,232.0,-0.9033656333712848,False
zz2000_and_cyb_below_ma46_days15:scale0.00,36.43488152306678,13.796705239985767,2.6408393083205683,-17.623645971440126,13927.675417827342,-3.3069094677763644,-0.16962486306897206,-0.014959499678056432,32.08510218368996,15.4026951741711,2.0830836305514713,-17.623645971440126,1512.0565995150969,-3.0058470992440505,-0.14281602674761595,-0.014959499678091959,31.811245210307206,17.797985431072195,1.7873508961733549,-17.623645971440094,296.0132703556605,-5.283073007466577,-0.23799450889215534,-0.014959499678013799,41.97137909247777,17.397403025100363,2.4125082940208338,-14.766054859709444,185.12793354259904,-7.9528634079345295,-0.36688663634191476,1.027767064359086,28.53648994752429,18.96783917360073,1.5044670975089838,-14.766054859709431,27.985515750346824,-2.943745328182157,-0.13240976434819363,1.0277670643590984,zz2000_and_cyb,below,46.0,15.0,0.0,224.0,-0.9073248122071437,False
zz2000_and_cyb_below_ma45_days15:scale0.00,36.2358518351789,13.80747689724452,2.62436447331013,-17.623645971440116,13605.571517588072,-3.505939155664244,-0.1860996980794103,-0.014959499678045773,32.08510218368996,15.4026951741711,2.0830836305514713,-17.623645971440126,1512.0565995150969,-3.0058470992440505,-0.14281602674761595,-0.014959499678091959,31.811245210307206,17.797985431072195,1.7873508961733549,-17.623645971440094,296.0132703556605,-5.283073007466577,-0.23799450889215534,-0.014959499678013799,41.97137909247777,17.397403025100363,2.4125082940208338,-14.766054859709444,185.12793354259904,-7.9528634079345295,-0.36688663634191476,1.027767064359086,28.53648994752429,18.96783917360073,1.5044670975089838,-14.766054859709431,27.985515750346824,-2.943745328182157,-0.13240976434819363,1.0277670643590984,zz2000_and_cyb,below,45.0,15.0,0.0,223.0,-0.9073248122071437,False
zz2000_and_cyb_below_ma49_days14:scale0.00,37.1671426912737,13.696426110663207,2.7136380243264786,-17.60868647176205,15174.845401050809,-2.5746482995694393,-0.09682614706306181,2.1316282072803006e-14,32.85332245657426,15.280709242016474,2.1499867536409503,-17.60868647176206,1608.2128546581962,-2.237626826359751,-0.07591290365813697,-2.4868995751603507e-14,32.58724568011555,17.621744653762324,1.849263300564171,-17.60868647176206,307.7674423847504,-4.507072537658232,-0.1760821045013392,2.1316282072803006e-14,40.0858764540347,17.33251485712577,2.312755926330825,-14.7660548597094,173.95550567535523,-9.838366046377601,-0.4666390040319235,1.0277670643591303,28.036897324192502,18.938999548386473,1.4803790059006117,-14.766054859709431,27.496560527992877,-3.4433379515139464,-0.15649785595656573,1.0277670643590984,zz2000_and_cyb,below,49.0,14.0,0.0,263.0,-0.9079808200405639,False
zz2000_and_cyb_below_ma61_days11:scale0.00,34.50760697623316,13.287885076054343,2.596922443167286,-18.20760083472702,11085.87265298367,-5.23418401460998,-0.21354172822225426,-0.5989143629649512,30.808975330188204,14.757537788592256,2.0876772108965147,-18.207600834727067,1363.0452563598,-4.281973952745808,-0.13822244640257253,-0.5989143629650329,32.3390014286479,17.00477994918822,1.9017594773516437,-18.20760083472703,303.9773320837412,-4.755316789125885,-0.12358592771386645,-0.5989143629649512,40.61327921434097,16.530071353007102,2.456933085588449,-14.76605485970942,177.05068723281565,-9.310963286071328,-0.3224618447742995,1.027767064359109,30.90224551791998,18.18821140941988,1.6990260791622074,-14.7660548597094,30.30045986128258,-0.5779897577864688,0.06214921730502998,1.0277670643591303,zz2000_and_cyb,below,61.0,11.0,0.0,412.0,-0.9163153638910634,False
zz2000_and_cyb_below_ma62_days11:scale0.00,34.63125569343539,13.283377418849213,2.607112227669853,-18.207600834726946,11250.623353416979,-5.1105352974077505,-0.20335194371968734,-0.5989143629648765,30.808975330188204,14.757537788592256,2.0876772108965147,-18.207600834727067,1363.0452563598,-4.281973952745808,-0.13822244640257253,-0.5989143629650329,32.3390014286479,17.00477994918822,1.9017594773516437,-18.20760083472703,303.9773320837412,-4.755316789125885,-0.12358592771386645,-0.5989143629649512,40.61327921434097,16.530071353007102,2.456933085588449,-14.76605485970942,177.05068723281565,-9.310963286071328,-0.3224618447742995,1.027767064359109,30.90224551791998,18.18821140941988,1.6990260791622074,-14.7660548597094,30.30045986128258,-0.5779897577864688,0.06214921730502998,1.0277670643591303,zz2000_and_cyb,below,62.0,11.0,0.0,411.0,-0.9163153638910634,False
zz2000_and_cyb_below_ma48_days14:scale0.00,37.02277701155652,13.707351743738972,2.700943092706963,-17.60868647176207,14921.028104413352,-2.719013979286622,-0.10952107868257732,0.0,32.66745100577566,15.296191141501462,2.135659178391324,-17.608686471762024,1584.4862194074108,-2.4234982771583518,-0.09024047890776332,1.0658141036401503e-14,32.58724568011555,17.621744653762324,1.849263300564171,-17.60868647176206,307.7674423847504,-4.507072537658232,-0.1760821045013392,2.1316282072803006e-14,40.0858764540347,17.33251485712577,2.312755926330825,-14.7660548597094,173.95550567535523,-9.838366046377601,-0.4666390040319235,1.0277670643591303,28.036897324192502,18.938999548386473,1.4803790059006117,-14.766054859709431,27.496560527992877,-3.4433379515139464,-0.15649785595656573,1.0277670643590984,zz2000_and_cyb,below,48.0,14.0,0.0,258.0,-0.9207207511893344,False
zz2000_and_cyb_below_ma47_days14:scale0.00,36.88170893193126,13.706567142343317,2.6908056954679496,-17.60868647176206,14676.831079034704,-2.8600820589118854,-0.11965847592159085,1.0658141036401503e-14,32.558683552237255,15.296509376211493,2.1285041411389707,-17.60868647176207,1570.7399239146923,-2.532265730696757,-0.09739551616011655,-3.552713678800501e-14,32.53556608690844,17.622104794178817,1.8462928501966491,-17.608686471762034,306.97608266756,-4.558752130865344,-0.17905255486886107,4.618527782440651e-14,39.80460278520468,17.33594713150816,2.2960731526955134,-14.76605485970942,172.31423824085383,-10.119639715207619,-0.48332177766723516,1.027767064359109,28.036897324192502,18.938999548386473,1.4803790059006117,-14.766054859709431,27.496560527992877,-3.4433379515139464,-0.15649785595656573,1.0277670643590984,zz2000_and_cyb,below,47.0,14.0,0.0,256.0,-0.9490412695943803,False
zz2000_and_cyb_below_ma45_days14:scale0.00,36.86605556307509,13.70788587480232,2.6894049089540393,-17.60868647176206,14649.964719643549,-2.875735427768049,-0.12105926243550114,1.0658141036401503e-14,32.498438960532816,15.299602241510307,2.124136199590815,-17.608686471762034,1563.1695854995894,-2.5925103224011963,-0.10176345770827222,0.0,32.53556608690844,17.622104794178817,1.8462928501966491,-17.608686471762034,306.97608266756,-4.558752130865344,-0.17905255486886107,4.618527782440651e-14,39.80460278520468,17.33594713150816,2.2960731526955134,-14.76605485970942,172.31423824085383,-10.119639715207619,-0.48332177766723516,1.027767064359109,28.036897324192502,18.938999548386473,1.4803790059006117,-14.766054859709431,27.496560527992877,-3.4433379515139464,-0.15649785595656573,1.0277670643590984,zz2000_and_cyb,below,45.0,14.0,0.0,247.0,-0.9530325781195907,False
zz2000_and_cyb_below_ma46_days14:scale0.00,36.82029345367097,13.70876498114438,2.6858942803611536,-17.60868647176207,14571.684097870218,-2.921497537172172,-0.12456989102838678,0.0,32.498438960532816,15.299602241510307,2.124136199590815,-17.608686471762034,1563.1695854995894,-2.5925103224011963,-0.10176345770827222,0.0,32.53556608690844,17.622104794178817,1.8462928501966491,-17.608686471762034,306.97608266756,-4.558752130865344,-0.17905255486886107,4.618527782440651e-14,39.80460278520468,17.33594713150816,2.2960731526955134,-14.76605485970942,172.31423824085383,-10.119639715207619,-0.48332177766723516,1.027767064359109,28.036897324192502,18.938999548386473,1.4803790059006117,-14.766054859709431,27.496560527992877,-3.4433379515139464,-0.15649785595656573,1.0277670643590984,zz2000_and_cyb,below,46.0,14.0,0.0,248.0,-0.9530325781195907,False
zz2000_and_cyb_below_ma56_days11:scale0.00,34.3913086966406,13.30842493565585,2.5841757280006608,-18.207600834727057,10932.963285040578,-5.350482294202543,-0.22628844338887966,-0.5989143629649867,30.628879187665525,14.786869786960768,2.0713565229792192,-18.20760083472703,1343.0456253643204,-4.462070095268487,-0.154543134319868,-0.5989143629649973,32.361489313182275,17.06626435534691,1.8962257140381942,-18.20760083472701,304.3195051914493,-4.732828904591507,-0.12911969102731602,-0.5989143629649298,39.96462629412989,16.61999118329866,2.404611762627776,-15.186246613584375,173.2471907544182,-9.959616206282405,-0.37478316773497244,0.6075753104841546,29.883404147391012,18.037918380731504,1.6566991554476216,-15.18624661358433,29.30358959324575,-1.5968311283154364,0.019822293590444184,0.607575310484199,zz2000_and_cyb,below,56.0,11.0,0.0,394.0,-0.9891257465886352,False
zz2000_and_cyb_below_ma52_days10:scale0.00,34.550150956613315,13.234196346277427,2.610672386338875,-17.73530839787356,11142.304080777638,-5.1916400342298274,-0.1997917850506652,-0.1266219261114898,30.24810504704569,14.673441967879263,2.0614185215207157,-17.73530839787354,1301.5685413137303,-4.842844235888322,-0.16448113577837153,-0.12662192611150402,32.444114462666484,16.82504343946572,1.9283227754743169,-17.73530839787356,305.57870995014565,-4.650203755107299,-0.09702262959119334,-0.12662192611147915,39.113270860266255,16.274301071364945,2.4033763839534146,-14.766054859709431,168.30806634471216,-10.810971640146043,-0.37601854640933396,1.0277670643590984,36.3720616444765,17.346869581351257,2.096750740754878,-14.766054859709431,35.65007657346169,4.8918263687700545,0.4598738788977006,1.0277670643590984,zz2000_and_cyb,below,52.0,10.0,0.0,417.0,-0.9896971575572436,False
zz2000_and_cyb_below_ma64_days11:scale0.00,34.6937168163097,13.306838947503305,2.607209492290362,-17.60868647176208,11334.709015565222,-5.04807417453344,-0.2032546790991785,-1.0658141036401503e-14,30.90565004206647,14.79120143105977,2.0894617780789777,-17.608686471762034,1373.8835271140556,-4.185299240867543,-0.13643787922010953,0.0,32.493056872484246,17.091456679415646,1.901128586167717,-17.60868647176209,306.326067793712,-4.601261345289537,-0.12421681889779324,-1.0658141036401503e-14,39.35179076722941,16.632130972046603,2.366010154283142,-16.023993612914843,169.6857921941691,-10.572451733182888,-0.41338477607960655,-0.23017168884631367,27.368960671985356,18.46109558695175,1.4825209339866947,-16.023993612914833,26.842794657170966,-4.1112746037210925,-0.1543559278704827,-0.230171688846303,zz2000_and_cyb,below,64.0,11.0,0.0,410.0,-0.9982621058482423,False
zz2000_and_cyb_below_ma65_days11:scale0.00,34.61962353441621,13.303186532731548,2.602355717499494,-17.608686471762034,11235.028195728633,-5.122167456426929,-0.20810845389004662,3.552713678800501e-14,30.79097449735888,14.785904625164314,2.0824545591181036,-17.60868647176206,1361.0351093601482,-4.299974785575131,-0.1434450981809836,-2.4868995751603507e-14,32.103867990200484,17.080694768833215,1.879541109111073,-17.60868647176207,300.4134113667062,-4.990450227573298,-0.14580429595443722,1.0658141036401503e-14,39.35179076722941,16.632130972046603,2.366010154283142,-16.023993612914843,169.6857921941691,-10.572451733182888,-0.41338477607960655,-0.23017168884631367,27.368960671985356,18.46109558695175,1.4825209339866947,-16.023993612914833,26.842794657170966,-4.1112746037210925,-0.1543559278704827,-0.230171688846303,zz2000_and_cyb,below,65.0,11.0,0.0,410.0,-1.0296213310781606,False
zz2000_and_cyb_below_ma60_days10:scale0.00,34.16511485567057,13.174125670867246,2.593349699951777,-17.735308397873528,10641.156543501487,-5.576676135172569,-0.21711447143776352,-0.12662192611145784,30.490686940651578,14.603741895680294,2.0878681065755176,-17.735308397873595,1327.8666026581682,-4.600262342282434,-0.13803155072356965,-0.12662192611156087,31.853428301515386,16.72630545391896,1.9043911633248425,-17.735308397873528,296.64517802176454,-5.240889916258396,-0.12095424174066771,-0.12662192611144718,38.3500850004733,16.10252003804629,2.381620076227913,-14.76605485970942,163.9312796995316,-11.574157499938998,-0.3977748541348354,1.027767064359109,33.2956088338235,17.307311242046485,1.9237886444738421,-14.7660548597094,32.64169040411302,1.8153735581170523,0.2869117826166647,1.0277670643591303,zz2000_and_cyb,below,60.0,10.0,0.0,456.0,-1.0394243888921961,False
zz2000_and_cyb_below_ma59_days10:scale0.00,33.87071262772001,13.15818035787897,2.5741182828094167,-17.73530839787354,10272.181925993245,-5.871078363123132,-0.23634588858012373,-0.1266219261114685,30.034912338066853,14.5805746556666,2.0599265150632506,-17.735308397873528,1278.8172725013242,-5.056036944867159,-0.1659731422358366,-0.12662192611149337,32.03301415871378,16.717735248158924,1.9161096693549733,-17.73530839787356,299.34442120020316,-5.061304059059999,-0.10923573571053691,-0.12662192611147915,38.45135731670415,16.086523891833103,2.3902837912810577,-14.76605485970942,164.50931029028598,-11.47288518370815,-0.3891111390816908,1.027767064359109,33.59262483827317,17.2627009643755,1.945965750527523,-14.7660548597094,32.93218630422095,2.112389562566719,0.30908888867034556,1.0277670643591303,zz2000_and_cyb,below,59.0,10.0,0.0,463.0,-1.0470472761142093,False
zz2000_and_cyb_below_ma63_days10:scale0.25,35.08390970701889,13.266292437397183,2.644590406293069,-17.60868647176207,11873.348025764713,-4.657881283824253,-0.16587376509647145,0.0,30.77055700282809,14.734212390288818,2.0883747422501306,-17.60868647176206,1358.758103110664,-4.320392280105921,-0.1375249150489566,-2.4868995751603507e-14,31.726117049992887,16.988438702322828,1.867512230282526,-17.60868647176209,294.7404909982141,-5.368201167780896,-0.1578331747829842,-1.0658141036401503e-14,38.569077806562866,16.501524231765295,2.337303952341428,-15.966274581127958,165.18228003180596,-11.355164693849432,-0.4420909780213207,-0.17245265705942892,25.418499314768404,18.245202754264348,1.3931606930938316,-15.966274581128005,24.9333768602366,-6.061735960938044,-0.2437161687633458,-0.1724526570594751,zz2000_and_cyb,below,63.0,10.0,0.25,442.0,-1.087103160628059,False
zz2000_and_cyb_below_ma54_days10:scale0.00,34.06528601738634,13.251530592304281,2.5706680281272174,-17.73530839787355,10514.684359237795,-5.676504973456801,-0.239796143262323,-0.12662192611147915,29.827190491436518,14.708373534877317,2.02790542548492,-17.735308397873496,1256.9700586638555,-5.263758791497494,-0.19799423181416742,-0.1266219261114614,32.098799044005034,16.91848442380477,1.8972620856535558,-17.73530839787356,300.33685897917206,-4.9955191737687485,-0.1280833194119544,-0.12662192611147915,38.50929037625255,16.43553774158806,2.343050223346793,-14.766054859709431,164.84035252348588,-11.414952124159747,-0.4363447070159556,1.0277670643590984,32.31014918611479,17.775395986673477,1.817689418021307,-14.766054859709431,31.677784115481387,0.8299139104083437,0.1808125561641296,1.0277670643590984,zz2000_and_cyb,below,54.0,10.0,0.0,427.0,-1.0979999240507377,False
zz2000_and_cyb_below_ma53_days10:scale0.00,34.30036121631037,13.258749843347942,2.586998142477153,-17.735308397873595,10814.752528898352,-5.4414297745327715,-0.22346602891238732,-0.12662192611152534,29.827190491436518,14.708373534877317,2.02790542548492,-17.735308397873496,1256.9700586638555,-5.263758791497494,-0.19799423181416742,-0.1266219261114614,32.098799044005034,16.91848442380477,1.8972620856535558,-17.73530839787356,300.33685897917206,-4.9955191737687485,-0.1280833194119544,-0.12662192611147915,38.50929037625255,16.43553774158806,2.343050223346793,-14.766054859709431,164.84035252348588,-11.414952124159747,-0.4363447070159556,1.0277670643590984,32.31014918611479,17.775395986673477,1.817689418021307,-14.766054859709431,31.677784115481387,0.8299139104083437,0.1808125561641296,1.0277670643590984,zz2000_and_cyb,below,53.0,10.0,0.0,421.0,-1.0979999240507377,False
zz2000_and_cyb_below_ma55_days10:scale0.00,34.240356165933086,13.240622038505364,2.58600812456982,-17.73530839787354,10737.41083593425,-5.501434824910056,-0.22445604681972053,-0.1266219261114685,30.022451913626647,14.692208392427139,2.043426768238683,-17.73530839787356,1277.4978734821211,-5.068497369307366,-0.18247288906040415,-0.12662192611152534,32.02316397362128,16.919378253558623,1.8926915335606913,-17.73530839787356,299.19598968676115,-5.071154244152503,-0.1326538715048189,-0.12662192611147915,38.37713978833952,16.437183559271233,2.3347758848074234,-14.766054859709431,164.08561755764782,-11.547102712072778,-0.44461904555532517,1.0277670643590984,31.926540471169297,17.779650147904093,1.795678779142506,-14.766054859709431,31.302532281880158,0.4463051954628483,0.15880191728532855,1.0277670643590984,zz2000_and_cyb,below,55.0,10.0,0.0,427.0,-1.098076353364658,False
zz2000_and_cyb_below_ma63_days11:scale0.00,34.40349033628492,13.307034221636693,2.585361227999718,-18.207600834726946,10948.887413123603,-5.338300654558225,-0.2251029433898224,-0.5989143629648765,30.45667488368227,14.791218025108185,2.059105263135319,-18.207600834727067,1324.1528253122444,-4.634274399251744,-0.16679439416376818,-0.5989143629650329,31.625363603954316,17.063603556734925,1.853381291870903,-18.20760083472703,293.2383201054424,-5.4689546138194665,-0.17196411319460725,-0.5989143629649512,39.35179076722941,16.632130972046603,2.366010154283142,-16.023993612914843,169.6857921941691,-10.572451733182888,-0.41338477607960655,-0.23017168884631367,27.368960671985356,18.46109558695175,1.4825209339866947,-16.023993612914833,26.842794657170966,-4.1112746037210925,-0.1543559278704827,-0.230171688846303,zz2000_and_cyb,below,63.0,11.0,0.0,403.0,-1.1051091041371517,False
zz2000_and_cyb_below_ma64_days10:scale0.25,35.037084600144674,13.25967240088717,2.6423793545457754,-17.779565102440575,11807.475544655077,-4.704706390698469,-0.16808481684376497,-0.17087863067850506,30.698364475044436,14.724675521875222,2.084824513072525,-17.779565102440486,1350.7326105430182,-4.392584807889577,-0.1410751442265621,-0.17087863067845177,31.542565933825916,16.99832716149332,1.8556276528951612,-17.779565102440543,292.00728202571554,-5.551752283947867,-0.169717752170349,-0.17087863067846243,38.569077806562866,16.501524231765295,2.337303952341428,-15.966274581127958,165.18228003180596,-11.355164693849432,-0.4420909780213207,-0.17245265705942892,25.418499314768404,18.245202754264348,1.3931606930938316,-15.966274581128005,24.9333768602366,-6.061735960938044,-0.2437161687633458,-0.1724526570594751,zz2000_and_cyb,below,64.0,10.0,0.25,449.0,-1.1102457740370357,False
zz2000_and_cyb_below_ma57_days10:scale0.00,33.924934714369215,13.217780982365149,2.5666134701150716,-17.73530839787355,10339.233382024118,-5.816856276473928,-0.24385070127446884,-0.12662192611147915,30.118810895145252,14.666187256439454,2.053622415186404,-17.73530839787354,1287.7307013614602,-4.97213838778876,-0.17227724211268303,-0.12662192611150402,31.808829663084826,16.874857526297028,1.884983598440186,-17.73530839787354,295.97710954795843,-5.285488554688957,-0.14036180662532427,-0.12662192611145784,38.05922714535441,16.360514513938938,2.3262854669349466,-14.7660548597094,162.2758300360184,-11.865015355057885,-0.4531094634278019,1.0277670643591303,29.94129285743863,17.55132942925328,1.7059273474483738,-14.7660548597094,29.360233520860323,-1.538942418267819,0.06905048559119642,1.0277670643591303,zz2000_and_cyb,below,57.0,10.0,0.0,439.0,-1.1168155803149837,False
zz2000_and_cyb_below_ma65_days10:scale0.25,35.026397948591395,13.259819388961963,2.641544120710185,-17.779565102440532,11792.489485996352,-4.715393042251748,-0.16892005067935534,-0.17087863067846243,30.681890427900793,14.724875272945306,2.083677441008553,-17.779565102440497,1348.9068025522085,-4.409058855033219,-0.14222221629053422,-0.17087863067846243,31.45153310415423,16.998312488671193,1.8502738507199241,-17.77956510244052,290.65736056003186,-5.642785113619553,-0.17507155434558608,-0.1708786306784411,38.569077806562866,16.501524231765295,2.337303952341428,-15.966274581127958,165.18228003180596,-11.355164693849432,-0.4420909780213207,-0.17245265705942892,25.418499314768404,18.245202754264348,1.3931606930938316,-15.966274581128005,24.9333768602366,-6.061735960938044,-0.2437161687633458,-0.1724526570594751,zz2000_and_cyb,below,65.0,10.0,0.25,449.0,-1.117176581609458,False
zz2000_and_cyb_below_ma58_days10:scale0.00,33.74284197365185,13.179827945832374,2.5601883508897973,-17.735308397873528,10115.650890449202,-5.998949017191293,-0.25027582049974306,-0.12662192611145784,29.837136132136386,14.611546133860992,2.0420245646004163,-17.735308397873595,1258.0089510670655,-5.253813150797626,-0.18387509269867097,-0.12662192611156087,31.31324748857349,16.77756332173813,1.8663763556178603,-17.73530839787356,288.6138415228244,-5.781070729200291,-0.1589690494476499,-0.12662192611147915,37.19571833236708,16.191082586170733,2.2972965602767665,-14.76605485970942,157.40181591000137,-12.728524168045219,-0.482098370085982,1.027767064359109,29.94129285743863,17.55132942925328,1.7059273474483738,-14.7660548597094,29.360233520860323,-1.538942418267819,0.06905048559119642,1.0277670643591303,zz2000_and_cyb,below,58.0,10.0,0.0,457.0,-1.2024310078009517,False
zz2000_and_cyb_below_ma56_days10:scale0.00,33.59273411051185,13.229329918834654,2.5392619517853077,-17.73530839787355,9934.72379170932,-6.149056880331294,-0.27120221960423274,-0.12662192611147915,29.62877906920951,14.68508034825815,2.0176109606866324,-17.735308397873585,1236.393475841423,-5.462170213724502,-0.20828869661245486,-0.1266219261115502,31.10427421680979,16.908835726301174,1.8395278492432243,-17.73530839787354,285.5419543678299,-5.990044000963991,-0.18581755582228587,-0.12662192611145784,36.83147726741402,16.419888189132504,2.2431015877313296,-14.76605485970941,155.36409468457938,-13.092765232998275,-0.5362933426314189,1.0277670643591197,27.495055472481056,17.726703007752064,1.551052976995056,-14.7660548597094,26.966218743948602,-3.9851798032253924,-0.08582388486212134,1.0277670643591303,zz2000_and_cyb,below,56.0,10.0,0.0,435.0,-1.2814727628907718,False
zz2000_and_cyb_below_ma61_days10:scale0.00,33.599562757004485,13.207910924990774,2.5438968318169484,-17.60868647176206,9942.88882810828,-6.142228233838658,-0.26656733957259204,1.0658141036401503e-14,29.615660788921193,14.651721265901482,2.0213093227377215,-17.608686471762102,1235.0429717496668,-5.475288494012819,-0.20459033456136577,-6.750155989720952e-14,30.90982605389767,16.838223822571436,1.8356939769658736,-17.60868647176205,282.7010471050918,-6.1844921638761114,-0.18965142809963664,3.197442310920451e-14,36.6335589125172,16.30533797685583,2.246721838241913,-14.766054859709431,154.26136974484334,-13.290683587895096,-0.5326730921208354,1.0277670643590984,28.328508156898625,17.865057965334568,1.585693604345834,-14.766054859709389,27.781966297498716,-3.1517271188078233,-0.05118325751134334,1.027767064359141,zz2000_and_cyb,below,61.0,10.0,0.0,451.0,-1.2887918922361146,False
zz2000_and_cyb_below_ma62_days10:scale0.00,33.81641212485851,13.195693393957283,2.5626855001302236,-17.608686471762034,10205.43814606117,-5.925378865984634,-0.24777867125931685,3.552713678800501e-14,29.760867587789775,14.640763829973135,2.032740090162658,-17.60868647176207,1250.0604305401196,-5.330081695144237,-0.193159567136429,-3.552713678800501e-14,30.82036481073136,16.847870964543507,1.8293329095167625,-17.60868647176205,281.3996421415109,-6.273953407042423,-0.19601249554874767,3.197442310920451e-14,36.477973145556945,16.322065385114254,2.2348870859704375,-14.766054859709431,153.39673399028788,-13.446269354855353,-0.544507844392311,1.0277670643590984,27.884532805405637,17.91044883489985,1.556886321635365,-14.766054859709389,27.347433686591028,-3.595702470300811,-0.0799905402218124,1.027767064359141,zz2000_and_cyb,below,62.0,10.0,0.0,450.0,-1.296394859772311,False
zz2000_and_cyb_below_ma63_days10:scale0.00,33.5207640739319,13.22143671240244,2.5353344574487555,-17.608686471762034,9849.04643751721,-6.221026916911242,-0.2751297139407849,3.552713678800501e-14,29.30454017289914,14.677393704066578,1.9965765560121147,-17.60868647176207,1203.3714555874478,-5.786409110034871,-0.22932310128697253,-3.552713678800501e-14,29.899613038273554,16.911901157610824,1.767962854064926,-17.60868647176205,268.2097449072222,-7.194705179500229,-0.25738255100058427,3.197442310920451e-14,34.880779304761965,16.433264943955184,2.1225714685256456,-16.023993612914833,144.633545692392,-15.043463195650332,-0.6568234618371029,-0.230171688846303,23.392367915778966,18.207600226001123,1.2847584319417231,-16.023993612914843,22.949343069639518,-8.087867359927483,-0.3521184299154543,-0.23017168884631367,zz2000_and_cyb,below,63.0,10.0,0.0,442.0,-1.5282961572705718,False
zz2000_and_cyb_below_ma64_days10:scale0.00,33.45852388489341,13.21562758815511,2.531739311032159,-18.207600834727057,9775.505340110603,-6.283267105949733,-0.2787248603573813,-0.5989143629649867,29.208549817075635,14.668999241444048,1.9911753580675953,-18.20760083472699,1193.7372290538462,-5.882399465858377,-0.23472429923149196,-0.5989143629649547,29.658196891278177,16.925709913947763,1.7522571899237211,-18.20760083472701,264.81249462419794,-7.436121326495606,-0.27308821514178905,-0.5989143629649298,34.880779304761965,16.433264943955184,2.1225714685256456,-16.023993612914833,144.633545692392,-15.043463195650332,-0.6568234618371029,-0.230171688846303,23.392367915778966,18.207600226001123,1.2847584319417231,-16.023993612914843,22.949343069639518,-8.087867359927483,-0.3521184299154543,-0.23017168884631367,zz2000_and_cyb,below,64.0,10.0,0.0,449.0,-1.5741354386515747,False
zz2000_and_cyb_below_ma65_days10:scale0.00,33.444511260278965,13.215423854873082,2.530718017640166,-18.20760083472702,9759.018861034645,-6.297279730564178,-0.2797461537493744,-0.5989143629649512,29.186942410197815,14.668692594138946,1.9897439545402846,-18.20760083472703,1191.5774234517967,-5.904006872736197,-0.2361557027588026,-0.5989143629649973,29.53870129478848,16.925064406974453,1.745263745207151,-18.20760083472703,263.14022729194073,-7.555616922985301,-0.2800816598583591,-0.5989143629649512,34.880779304761965,16.433264943955184,2.1225714685256456,-16.023993612914833,144.633545692392,-15.043463195650332,-0.6568234618371029,-0.230171688846303,23.392367915778966,18.207600226001123,1.2847584319417231,-16.023993612914843,22.949343069639518,-8.087867359927483,-0.3521184299154543,-0.23017168884631367,zz2000_and_cyb,below,65.0,10.0,0.0,449.0,-1.5831784308569905,False
