priority,symbol,old_target_rows,notice_date,announcementId,clean_title,title_class,date_relation_to_old_targets,review_reason,format,extracted_chars,source_url,sha256,local_source_path,local_text_path
1,600137,387,2002-07-13,616302,公司股票实行特别处理,entry,before_first_target,prehistory_or_initial_state_needs_closure,html,871,https://static.cninfo.com.cn/finalpage/2002-07-13/616302.html,727c2e54b2b03eafacbab06a4210e766279e0cc6d2d88f9a02a1af3e718b9381,D:\动量策略\微盘股对冲策略\research_reports\20260926_l1_repair\st_timing\expansion_top30\pdfs\600137\616302.html,D:\动量策略\微盘股对冲策略\research_reports\20260926_l1_repair\st_timing\expansion_top30\pdfs\600137\616302.txt
1,600137,387,2003-04-30,10691907,股票交易实行退市风险警示的公告,entry,before_first_target,prehistory_or_initial_state_needs_closure,html,365,https://static.cninfo.com.cn/finalpage/2003-04-30/10691907.html,70e118858690cbd80d63232296fb402fe78c0d3b48c6ec241c936249849aed51,D:\动量策略\微盘股对冲策略\research_reports\20260926_l1_repair\st_timing\expansion_top30\pdfs\600137\10691907.html,D:\动量策略\微盘股对冲策略\research_reports\20260926_l1_repair\st_timing\expansion_top30\pdfs\600137\10691907.txt
1,600137,387,2006-02-27,16502279,关于股票交易实行退市风险警示的公告,entry,before_first_target,prehistory_or_initial_state_needs_closure,pdf,470,https://static.cninfo.com.cn/finalpage/2006-02-27/16502279.PDF,7a20ad8123190ebe0dc1d7e4a3c29fa8935933ab2e73aafd68ba70598faa7cf5,D:\动量策略\微盘股对冲策略\research_reports\20260926_l1_repair\st_timing\expansion_top30\pdfs\600137\16502279.pdf,D:\动量策略\微盘股对冲策略\research_reports\20260926_l1_repair\st_timing\expansion_top30\pdfs\600137\16502279.txt
1,600137,387,2007-10-16,33699715,关于撤销退市风险警示的公告,needs_review,before_first_target,prehistory_or_initial_state_needs_closure,pdf,630,https://static.cninfo.com.cn/finalpage/2007-10-16/33699715.PDF,a2b63c8f1be8b563d017e12f5442aace2e2db0844f0011d5a5463a9825ddf295,D:\动量策略\微盘股对冲策略\research_reports\20260926_l1_repair\st_timing\expansion_top30\pdfs\600137\33699715.pdf,D:\动量策略\微盘股对冲策略\research_reports\20260926_l1_repair\st_timing\expansion_top30\pdfs\600137\33699715.txt
1,600137,387,2008-06-11,40404058,关于撤销股票实施的“其他特别处理”公告 ,needs_review,before_first_target,prehistory_or_initial_state_needs_closure,pdf,825,https://static.cninfo.com.cn/finalpage/2008-06-11/40404058.PDF,d8e428784cab336f389b9d7572b85a7fd50b2e2fcd68013accad1737f6db75ba,D:\动量策略\微盘股对冲策略\research_reports\20260926_l1_repair\st_timing\expansion_top30\pdfs\600137\40404058.pdf,D:\动量策略\微盘股对冲策略\research_reports\20260926_l1_repair\st_timing\expansion_top30\pdfs\600137\40404058.txt
2,600768,379,2003-03-27,10383103,关于撤销公司股票特别处理的公告,needs_review,before_first_target,prehistory_or_initial_state_needs_closure,html,585,https://static.cninfo.com.cn/finalpage/2003-03-27/10383103.html,cac5cbc69e13b0304d5abcdef81e8520ba836cccf246211c7d87f6e2f565527d,D:\动量策略\微盘股对冲策略\research_reports\20260926_l1_repair\st_timing\expansion_top30\pdfs\600768\10383103.html,D:\动量策略\微盘股对冲策略\research_reports\20260926_l1_repair\st_timing\expansion_top30\pdfs\600768\10383103.txt
2,600768,379,2015-01-31,1200595684,关于股票可能被实施退市风险警示的风险提示公告,context,within_old_target_span,effective_date_and_full_exit_needs_review,pdf,685,https://static.cninfo.com.cn/finalpage/2015-01-31/1200595684.PDF,abd067cd5f22fdb54091f531698a867b299961aee84848a3046cdb3eab94568f,D:\动量策略\微盘股对冲策略\research_reports\20260926_l1_repair\st_timing\expansion_top30\pdfs\600768\1200595684.pdf,D:\动量策略\微盘股对冲策略\research_reports\20260926_l1_repair\st_timing\expansion_top30\pdfs\600768\1200595684.txt
3,600455,303,2010-04-26,57870606,关于股票交易实行退市风险警示的提示性公告,entry,within_old_target_span,effective_date_and_full_exit_needs_review,pdf,1618,https://static.cninfo.com.cn/finalpage/2010-04-26/57870606.PDF,f50d166400b051ded8b820f81c89ad9c0b1b847947e92abd3e56898419a24978,D:\动量策略\微盘股对冲策略\research_reports\20260926_l1_repair\st_timing\expansion_top30\pdfs\600455\57870606.pdf,D:\动量策略\微盘股对冲策略\research_reports\20260926_l1_repair\st_timing\expansion_top30\pdfs\600455\57870606.txt
3,600455,303,2013-03-23,62261205,关于向上海证券交易所提出申请撤销对公司股票实施的其他风险警示的公告,context,within_old_target_span,effective_date_and_full_exit_needs_review,pdf,2050,https://static.cninfo.com.cn/finalpage/2013-03-23/62261205.PDF,94bce159184858c9fe9c81187b816153da817c571a66e9d567a7595e947d1944,D:\动量策略\微盘股对冲策略\research_reports\20260926_l1_repair\st_timing\expansion_top30\pdfs\600455\62261205.pdf,D:\动量策略\微盘股对冲策略\research_reports\20260926_l1_repair\st_timing\expansion_top30\pdfs\600455\62261205.txt
3,600455,303,2013-03-27,62279073,关于公司股票被撤销其他风险警示的公告,needs_review,within_old_target_span,effective_date_and_full_exit_needs_review,pdf,2752,https://static.cninfo.com.cn/finalpage/2013-03-27/62279073.PDF,8fddd1774da5d474f80e579e325a03f0679121f6028f97e5cb017a9db14a025d,D:\动量策略\微盘股对冲策略\research_reports\20260926_l1_repair\st_timing\expansion_top30\pdfs\600455\62279073.pdf,D:\动量策略\微盘股对冲策略\research_reports\20260926_l1_repair\st_timing\expansion_top30\pdfs\600455\62279073.txt
4,600302,212,2026-04-30,1225266703,标准股份关于实施其他风险警示暨停牌的公告,entry,after_last_target,after_last_target_no_direct_old_row_overlap,pdf,1743,https://static.cninfo.com.cn/finalpage/2026-04-30/1225266703.PDF,6b49a06f69283004bfc76223bc7fad8f506abd18893876a4c3cb8ff04a9b7032,D:\动量策略\微盘股对冲策略\research_reports\20260926_l1_repair\st_timing\expansion_top30\pdfs\600302\1225266703.pdf,D:\动量策略\微盘股对冲策略\research_reports\20260926_l1_repair\st_timing\expansion_top30\pdfs\600302\1225266703.txt
4,600302,212,2026-04-30,1225266706,标准股份关于公司股票可能被实施退市风险警示的风险提示公告,context,after_last_target,after_last_target_no_direct_old_row_overlap,pdf,1788,https://static.cninfo.com.cn/finalpage/2026-04-30/1225266706.PDF,fd930a55cb23c69325e918b4037c0fa20f21c7b564ac7ae95d4e27d1e20be06d,D:\动量策略\微盘股对冲策略\research_reports\20260926_l1_repair\st_timing\expansion_top30\pdfs\600302\1225266706.pdf,D:\动量策略\微盘股对冲策略\research_reports\20260926_l1_repair\st_timing\expansion_top30\pdfs\600302\1225266706.txt
4,600302,212,2026-05-30,1225337651,标准股份关于公司股票被实施其他风险警示相关事项的进展公告,context,after_last_target,after_last_target_no_direct_old_row_overlap,pdf,1607,https://static.cninfo.com.cn/finalpage/2026-05-30/1225337651.PDF,105d6b793dbf9e99bbb393816926c8e18dc51ac008eca161532d3a93c0f7d444,D:\动量策略\微盘股对冲策略\research_reports\20260926_l1_repair\st_timing\expansion_top30\pdfs\600302\1225337651.pdf,D:\动量策略\微盘股对冲策略\research_reports\20260926_l1_repair\st_timing\expansion_top30\pdfs\600302\1225337651.txt
4,600302,212,2026-06-30,1225395911,标准股份关于公司股票被实施其他风险警示相关事项的进展公告,context,after_last_target,after_last_target_no_direct_old_row_overlap,pdf,1607,https://static.cninfo.com.cn/finalpage/2026-06-30/1225395911.PDF,f522db6ae43a79475f0454c3ec6d2f2e70add7f89a67de34f20283f23d26a86f,D:\动量策略\微盘股对冲策略\research_reports\20260926_l1_repair\st_timing\expansion_top30\pdfs\600302\1225395911.pdf,D:\动量策略\微盘股对冲策略\research_reports\20260926_l1_repair\st_timing\expansion_top30\pdfs\600302\1225395911.txt
4,600302,212,2026-07-31,1225447647,标准股份关于公司股票被实施其他风险警示相关事项的进展公告,context,after_last_target,after_last_target_no_direct_old_row_overlap,pdf,1615,https://static.cninfo.com.cn/finalpage/2026-07-31/1225447647.PDF,7233313f194f7d76b14cd130c786ee4e35d1749e785bccc3a6e5f977b23b8fca,D:\动量策略\微盘股对冲策略\research_reports\20260926_l1_repair\st_timing\expansion_top30\pdfs\600302\1225447647.pdf,D:\动量策略\微盘股对冲策略\research_reports\20260926_l1_repair\st_timing\expansion_top30\pdfs\600302\1225447647.txt
4,600302,212,2026-07-31,1225449328,标准股份关于公司股票被实施其他风险警示相关事项的进展的补充公告,context,after_last_target,after_last_target_no_direct_old_row_overlap,pdf,1964,https://static.cninfo.com.cn/finalpage/2026-07-31/1225449328.PDF,cdfc6b0ef25338e4c4c1b6e9da60e537408a0f1811cb26a6e6d7e29467823972,D:\动量策略\微盘股对冲策略\research_reports\20260926_l1_repair\st_timing\expansion_top30\pdfs\600302\1225449328.pdf,D:\动量策略\微盘股对冲策略\research_reports\20260926_l1_repair\st_timing\expansion_top30\pdfs\600302\1225449328.txt
4,600302,212,2026-08-29,1225524987,标准股份关于公司股票被实施其他风险警示相关事项的进展公告,context,after_last_target,after_last_target_no_direct_old_row_overlap,pdf,1974,https://static.cninfo.com.cn/finalpage/2026-08-29/1225524987.PDF,f697c28f82cfec1e525c57385bacf2e4f2c2ff9ab6b27b29c8d74891fbb0d42e,D:\动量策略\微盘股对冲策略\research_reports\20260926_l1_repair\st_timing\expansion_top30\pdfs\600302\1225524987.pdf,D:\动量策略\微盘股对冲策略\research_reports\20260926_l1_repair\st_timing\expansion_top30\pdfs\600302\1225524987.txt
5,300163,207,2024-04-30,1219924604,关于公司股票被实施其他风险警示暨股票停牌的提示性公告,entry,within_old_target_span,effective_date_and_full_exit_needs_review,pdf,2246,https://static.cninfo.com.cn/finalpage/2024-04-30/1219924604.PDF,596e4003a55475f99429d36e8352ab842258fc4fadadd11ec35dcc04faad7bca,D:\动量策略\微盘股对冲策略\research_reports\20260926_l1_repair\st_timing\expansion_top30\pdfs\300163\1219924604.pdf,D:\动量策略\微盘股对冲策略\research_reports\20260926_l1_repair\st_timing\expansion_top30\pdfs\300163\1219924604.txt
5,300163,207,2025-04-29,1223386090,关于申请撤销其他风险警示的公告,context,within_old_target_span,effective_date_and_full_exit_needs_review,pdf,1891,https://static.cninfo.com.cn/finalpage/2025-04-29/1223386090.PDF,b587aa86de16ed0e0f8f9211fb8fd5c248ffd263796bdffb6836980e60d74dd2,D:\动量策略\微盘股对冲策略\research_reports\20260926_l1_repair\st_timing\expansion_top30\pdfs\300163\1223386090.pdf,D:\动量策略\微盘股对冲策略\research_reports\20260926_l1_repair\st_timing\expansion_top30\pdfs\300163\1223386090.txt
5,300163,207,2025-05-22,1223632879,关于申请撤销其他风险警示的进展公告,context,within_old_target_span,effective_date_and_full_exit_needs_review,pdf,745,https://static.cninfo.com.cn/finalpage/2025-05-22/1223632879.PDF,75e32a3121f70748ddfb7a0d839bd27bf355d27c69a3cbde613ddb38fe7b9c05,D:\动量策略\微盘股对冲策略\research_reports\20260926_l1_repair\st_timing\expansion_top30\pdfs\300163\1223632879.pdf,D:\动量策略\微盘股对冲策略\research_reports\20260926_l1_repair\st_timing\expansion_top30\pdfs\300163\1223632879.txt
5,300163,207,2025-05-30,1223720778,关于撤销其他风险警示暨停复牌的公告,needs_review,within_old_target_span,effective_date_and_full_exit_needs_review,pdf,5301,https://static.cninfo.com.cn/finalpage/2025-05-30/1223720778.PDF,3e1e892715564c11a4fbfd2cd3558939d8ff78fe26e87bfa5cbbdd505ddbfc5a,D:\动量策略\微盘股对冲策略\research_reports\20260926_l1_repair\st_timing\expansion_top30\pdfs\300163\1223720778.pdf,D:\动量策略\微盘股对冲策略\research_reports\20260926_l1_repair\st_timing\expansion_top30\pdfs\300163\1223720778.txt
6,600241,202,2020-01-15,1207249759,关于公司股票可能被实施退市风险警示的第一次风险提示公告,context,within_old_target_span,effective_date_and_full_exit_needs_review,pdf,789,https://static.cninfo.com.cn/finalpage/2020-01-15/1207249759.PDF,29cf4569c0b8cebfe8d9ac6695a187d7b540078102e2c05506bf24fc30743913,D:\动量策略\微盘股对冲策略\research_reports\20260926_l1_repair\st_timing\expansion_top30\pdfs\600241\1207249759.pdf,D:\动量策略\微盘股对冲策略\research_reports\20260926_l1_repair\st_timing\expansion_top30\pdfs\600241\1207249759.txt
6,600241,202,2020-03-26,1207403455,关于公司股票可能被实施退市风险警示的第二次风险提示公告,context,within_old_target_span,effective_date_and_full_exit_needs_review,pdf,1068,https://static.cninfo.com.cn/finalpage/2020-03-26/1207403455.PDF,1b0df3247d2c563d6dd60726c2ada4a6992cff0b1d376887588fa618e888f089,D:\动量策略\微盘股对冲策略\research_reports\20260926_l1_repair\st_timing\expansion_top30\pdfs\600241\1207403455.pdf,D:\动量策略\微盘股对冲策略\research_reports\20260926_l1_repair\st_timing\expansion_top30\pdfs\600241\1207403455.txt
6,600241,202,2020-04-21,1207537841,关于公司股票可能被实施退市风险警示的第三次风险提示公告,context,within_old_target_span,effective_date_and_full_exit_needs_review,pdf,1146,https://static.cninfo.com.cn/finalpage/2020-04-21/1207537841.PDF,046ddec16b3897ec774cfba2970a827a2cddc51e70b75ba3f38e1bf0adbd5f2e,D:\动量策略\微盘股对冲策略\research_reports\20260926_l1_repair\st_timing\expansion_top30\pdfs\600241\1207537841.pdf,D:\动量策略\微盘股对冲策略\research_reports\20260926_l1_repair\st_timing\expansion_top30\pdfs\600241\1207537841.txt
6,600241,202,2021-04-28,1209827073,辽宁时代万恒股份有限公司关于申请撤销公司股票退市风险警示并实施其他风险警示的公告,context,within_old_target_span,effective_date_and_full_exit_needs_review,pdf,1788,https://static.cninfo.com.cn/finalpage/2021-04-28/1209827073.PDF,515f39da35ee3e918ed384aeb0b7c4d8a3d6a83ff8d1af528a76eff38759f47c,D:\动量策略\微盘股对冲策略\research_reports\20260926_l1_repair\st_timing\expansion_top30\pdfs\600241\1209827073.pdf,D:\动量策略\微盘股对冲策略\research_reports\20260926_l1_repair\st_timing\expansion_top30\pdfs\600241\1209827073.txt
6,600241,202,2022-04-22,1213021145,辽宁时代万恒股份有限公司关于公司股票继续被实施其他风险警示的公告,remain_st,after_last_target,after_last_target_no_direct_old_row_overlap,pdf,1145,https://static.cninfo.com.cn/finalpage/2022-04-22/1213021145.PDF,bb46f94fbf389993b0f4beac9d4e6d5fe812cd8ee3f63068e0f2a7fa6ccd4727,D:\动量策略\微盘股对冲策略\research_reports\20260926_l1_repair\st_timing\expansion_top30\pdfs\600241\1213021145.pdf,D:\动量策略\微盘股对冲策略\research_reports\20260926_l1_repair\st_timing\expansion_top30\pdfs\600241\1213021145.txt
6,600241,202,2023-04-10,1216362534,辽宁时代万恒股份有限公司独立董事关于公司股票申请撤销其他风险警示的独立意见,context,after_last_target,scanned_or_unextractable_body,pdf,3,https://static.cninfo.com.cn/finalpage/2023-04-10/1216362534.PDF,16ecf121b9428521a834d9a79b9e139426756a7396f8de7be593271363f0e1d5,D:\动量策略\微盘股对冲策略\research_reports\20260926_l1_repair\st_timing\expansion_top30\pdfs\600241\1216362534.pdf,D:\动量策略\微盘股对冲策略\research_reports\20260926_l1_repair\st_timing\expansion_top30\pdfs\600241\1216362534.txt
6,600241,202,2023-04-10,1216362551,辽宁时代万恒股份有限公司关于公司股票申请撤销其他风险警示的公告,context,after_last_target,after_last_target_no_direct_old_row_overlap,pdf,1429,https://static.cninfo.com.cn/finalpage/2023-04-10/1216362551.PDF,6b4b5ef26e1dc093836eea81d08f7aee2357ecd45ab720f4066f1bd662821598,D:\动量策略\微盘股对冲策略\research_reports\20260926_l1_repair\st_timing\expansion_top30\pdfs\600241\1216362551.pdf,D:\动量策略\微盘股对冲策略\research_reports\20260926_l1_repair\st_timing\expansion_top30\pdfs\600241\1216362551.txt
7,600506,201,2010-03-06,57658650,关于向上海证券交易所申请撤销公司股票交易退市风险警示的公告,context,before_first_target,prehistory_or_initial_state_needs_closure,pdf,568,https://static.cninfo.com.cn/finalpage/2010-03-06/57658650.PDF,34c95b1daa697f0860c2ed7620ff0d3a2bc10c705a5d36f2962ccfaf16aab8de,D:\动量策略\微盘股对冲策略\research_reports\20260926_l1_repair\st_timing\expansion_top30\pdfs\600506\57658650.pdf,D:\动量策略\微盘股对冲策略\research_reports\20260926_l1_repair\st_timing\expansion_top30\pdfs\600506\57658650.txt
7,600506,201,2021-04-16,1209698802,新疆库尔勒香梨股份有限公司关于公司股票可能被实施退市风险警示的提示性公告,context,within_old_target_span,effective_date_and_full_exit_needs_review,pdf,927,https://static.cninfo.com.cn/finalpage/2021-04-16/1209698802.PDF,34e798a45d68c5c2e5f682a86f65fcb41ecde6d6939869e2a6a5b7a951145969,D:\动量策略\微盘股对冲策略\research_reports\20260926_l1_repair\st_timing\expansion_top30\pdfs\600506\1209698802.pdf,D:\动量策略\微盘股对冲策略\research_reports\20260926_l1_repair\st_timing\expansion_top30\pdfs\600506\1209698802.txt
7,600506,201,2021-04-21,1209740359,新疆库尔勒香梨股份有限公司关于公司股票可能被实施退市风险警示的第二次提示性公告,context,within_old_target_span,effective_date_and_full_exit_needs_review,pdf,992,https://static.cninfo.com.cn/finalpage/2021-04-21/1209740359.PDF,fb8c59020b21a490ca0def96de67a08021bd0ba29282bece55e9d84adb3a4fdd,D:\动量策略\微盘股对冲策略\research_reports\20260926_l1_repair\st_timing\expansion_top30\pdfs\600506\1209740359.pdf,D:\动量策略\微盘股对冲策略\research_reports\20260926_l1_repair\st_timing\expansion_top30\pdfs\600506\1209740359.txt
7,600506,201,2021-04-24,1209788525,新疆库尔勒香梨股份有限公司关于公司股票可能被实施退市风险警示的第三次提示性公告,context,within_old_target_span,effective_date_and_full_exit_needs_review,pdf,1056,https://static.cninfo.com.cn/finalpage/2021-04-24/1209788525.PDF,56dcca668190e95fbae23652263d4897c2476e696f1363245fec71efa71caad8,D:\动量策略\微盘股对冲策略\research_reports\20260926_l1_repair\st_timing\expansion_top30\pdfs\600506\1209788525.pdf,D:\动量策略\微盘股对冲策略\research_reports\20260926_l1_repair\st_timing\expansion_top30\pdfs\600506\1209788525.txt
7,600506,201,2021-04-27,1209808179,新疆库尔勒香梨股份有限公司关于公司股票被实施退市风险警示暨停牌的公告,entry,within_old_target_span,effective_date_and_full_exit_needs_review,pdf,2033,https://static.cninfo.com.cn/finalpage/2021-04-27/1209808179.PDF,58233b049591017a9e87a3969f4073374f15aeee00e23c1ea7aeb0ba126f4339,D:\动量策略\微盘股对冲策略\research_reports\20260926_l1_repair\st_timing\expansion_top30\pdfs\600506\1209808179.pdf,D:\动量策略\微盘股对冲策略\research_reports\20260926_l1_repair\st_timing\expansion_top30\pdfs\600506\1209808179.txt
7,600506,201,2022-01-29,1212307371,关于新疆库尔勒香梨股份有限公司因财务类退市指标被实施退市风险警示情形预计将消除的预审计情况专项说明,entry,within_old_target_span,scanned_or_unextractable_body,pdf,7,https://static.cninfo.com.cn/finalpage/2022-01-29/1212307371.PDF,6bff074bcf591111ba622ac869a01add660d40a943b115645689cd016856e130,D:\动量策略\微盘股对冲策略\research_reports\20260926_l1_repair\st_timing\expansion_top30\pdfs\600506\1212307371.pdf,D:\动量策略\微盘股对冲策略\research_reports\20260926_l1_repair\st_timing\expansion_top30\pdfs\600506\1212307371.txt
7,600506,201,2022-04-20,1212984168, 新疆库尔勒香梨股份有限公司关于申请撤销对公司股票实施退市风险警示的公告,context,within_old_target_span,effective_date_and_full_exit_needs_review,pdf,1558,https://static.cninfo.com.cn/finalpage/2022-04-20/1212984168.PDF,26c01cdfa6948bf2a37cc7c1586d14191003dd7c06362423413069f85653267f,D:\动量策略\微盘股对冲策略\research_reports\20260926_l1_repair\st_timing\expansion_top30\pdfs\600506\1212984168.pdf,D:\动量策略\微盘股对冲策略\research_reports\20260926_l1_repair\st_timing\expansion_top30\pdfs\600506\1212984168.txt
7,600506,201,2022-05-09,1213291869,新疆库尔勒香梨股份有限公司关于股票撤销退市风险警示暨停牌的公告,needs_review,within_old_target_span,effective_date_and_full_exit_needs_review,pdf,1641,https://static.cninfo.com.cn/finalpage/2022-05-09/1213291869.PDF,ff627f8ca8adc44c5e66f5c7e4e8053f4762c08040367c129c5580289986bb2d,D:\动量策略\微盘股对冲策略\research_reports\20260926_l1_repair\st_timing\expansion_top30\pdfs\600506\1213291869.pdf,D:\动量策略\微盘股对冲策略\research_reports\20260926_l1_repair\st_timing\expansion_top30\pdfs\600506\1213291869.txt
8,600520,199,2016-01-27,1201943159,关于公司股票可能被实施退市风险警示的提示性公告,context,within_old_target_span,effective_date_and_full_exit_needs_review,pdf,550,https://static.cninfo.com.cn/finalpage/2016-01-27/1201943159.PDF,f35c5e3027ade3fddb5f52f8de9279c5f8e3091833aa96358f56f74458924ce2,D:\动量策略\微盘股对冲策略\research_reports\20260926_l1_repair\st_timing\expansion_top30\pdfs\600520\1201943159.pdf,D:\动量策略\微盘股对冲策略\research_reports\20260926_l1_repair\st_timing\expansion_top30\pdfs\600520\1201943159.txt
8,600520,199,2016-03-30,1202099899,关于公司股票可能被实施退市风险警示的第二次提示性公告,context,within_old_target_span,effective_date_and_full_exit_needs_review,pdf,558,https://static.cninfo.com.cn/finalpage/2016-03-30/1202099899.PDF,48a1e670d9cbc991163d432835949647298da05f94b6a5c5b5cada87745b2df0,D:\动量策略\微盘股对冲策略\research_reports\20260926_l1_repair\st_timing\expansion_top30\pdfs\600520\1202099899.pdf,D:\动量策略\微盘股对冲策略\research_reports\20260926_l1_repair\st_timing\expansion_top30\pdfs\600520\1202099899.txt
8,600520,199,2016-04-12,1202162462,关于公司股票可能被实施退市风险警示的第三次提示性公告,context,within_old_target_span,effective_date_and_full_exit_needs_review,pdf,557,https://static.cninfo.com.cn/finalpage/2016-04-12/1202162462.PDF,e5ebc8a085fcaf0481aa7dcc99fbbd334727b8bc9c069102486f4ce828148c3d,D:\动量策略\微盘股对冲策略\research_reports\20260926_l1_repair\st_timing\expansion_top30\pdfs\600520\1202162462.pdf,D:\动量策略\微盘股对冲策略\research_reports\20260926_l1_repair\st_timing\expansion_top30\pdfs\600520\1202162462.txt
8,600520,199,2016-04-15,1202180579,关于公司股票被实施退市风险警示公告,entry,within_old_target_span,effective_date_and_full_exit_needs_review,pdf,1649,https://static.cninfo.com.cn/finalpage/2016-04-15/1202180579.PDF,3da9156519e2280a3d355181efb76e2e9debcc3cfcc3d387fd9c930ea8955c10,D:\动量策略\微盘股对冲策略\research_reports\20260926_l1_repair\st_timing\expansion_top30\pdfs\600520\1202180579.pdf,D:\动量策略\微盘股对冲策略\research_reports\20260926_l1_repair\st_timing\expansion_top30\pdfs\600520\1202180579.txt
8,600520,199,2017-04-19,1203322763,关于申请撤销公司股票退市风险警示的公告,context,within_old_target_span,effective_date_and_full_exit_needs_review,pdf,1418,https://static.cninfo.com.cn/finalpage/2017-04-19/1203322763.PDF,e8f4b142e106e072b6255afa7d7f78860aa45a1c6016c32b6580b7595a41e2c4,D:\动量策略\微盘股对冲策略\research_reports\20260926_l1_repair\st_timing\expansion_top30\pdfs\600520\1203322763.pdf,D:\动量策略\微盘股对冲策略\research_reports\20260926_l1_repair\st_timing\expansion_top30\pdfs\600520\1203322763.txt
8,600520,199,2017-04-24,1203361866,关于撤销公司股票退市风险警示的公告,needs_review,within_old_target_span,effective_date_and_full_exit_needs_review,pdf,1787,https://static.cninfo.com.cn/finalpage/2017-04-24/1203361866.PDF,d45c37704fe9f0bb5a4a36282a70045a8a4cc3fb86ff0c6af8bd9720b208c35b,D:\动量策略\微盘股对冲策略\research_reports\20260926_l1_repair\st_timing\expansion_top30\pdfs\600520\1203361866.pdf,D:\动量策略\微盘股对冲策略\research_reports\20260926_l1_repair\st_timing\expansion_top30\pdfs\600520\1203361866.txt
9,600778,181,2018-01-30,1204373159,关于公司股票可能被实施退市风险警示的第一次风险提示公告,context,within_old_target_span,effective_date_and_full_exit_needs_review,pdf,740,https://static.cninfo.com.cn/finalpage/2018-01-30/1204373159.PDF,73ee69f5dd55d0fc8e66b54eefc423c146c394c6145ea2f8adf40e53eb505309,D:\动量策略\微盘股对冲策略\research_reports\20260926_l1_repair\st_timing\expansion_top30\pdfs\600778\1204373159.pdf,D:\动量策略\微盘股对冲策略\research_reports\20260926_l1_repair\st_timing\expansion_top30\pdfs\600778\1204373159.txt
9,600778,181,2018-02-28,1204435091,关于公司股票可能被实施退市风险警示的第二次风险提示公告,context,within_old_target_span,effective_date_and_full_exit_needs_review,pdf,863,https://static.cninfo.com.cn/finalpage/2018-02-28/1204435091.PDF,3c270f7728702e069d48a71a06dfa87d57204762a514724a9041ecdaa12a54b1,D:\动量策略\微盘股对冲策略\research_reports\20260926_l1_repair\st_timing\expansion_top30\pdfs\600778\1204435091.pdf,D:\动量策略\微盘股对冲策略\research_reports\20260926_l1_repair\st_timing\expansion_top30\pdfs\600778\1204435091.txt
9,600778,181,2018-03-28,1204525367,关于公司股票可能被实施退市风险警示的第三次风险提示公告,context,within_old_target_span,effective_date_and_full_exit_needs_review,pdf,923,https://static.cninfo.com.cn/finalpage/2018-03-28/1204525367.PDF,4d9ad1d8d7ddadc1a59a01693275cc84134d68efc7e3c4c75de2d6b4f23f2b08,D:\动量策略\微盘股对冲策略\research_reports\20260926_l1_repair\st_timing\expansion_top30\pdfs\600778\1204525367.pdf,D:\动量策略\微盘股对冲策略\research_reports\20260926_l1_repair\st_timing\expansion_top30\pdfs\600778\1204525367.txt
9,600778,181,2018-04-25,1204738994,关于公司股票实施退市风险警示的公告,entry,within_old_target_span,effective_date_and_full_exit_needs_review,pdf,2114,https://static.cninfo.com.cn/finalpage/2018-04-25/1204738994.PDF,543ec20d22d32fda71a3ecb826b43a38daad72b3ace79425cf1823f6deb6c5dc,D:\动量策略\微盘股对冲策略\research_reports\20260926_l1_repair\st_timing\expansion_top30\pdfs\600778\1204738994.pdf,D:\动量策略\微盘股对冲策略\research_reports\20260926_l1_repair\st_timing\expansion_top30\pdfs\600778\1204738994.txt
9,600778,181,2019-04-25,1206094678,关于申请撤销公司股票退市风险警示的公告,context,within_old_target_span,effective_date_and_full_exit_needs_review,pdf,1780,https://static.cninfo.com.cn/finalpage/2019-04-25/1206094678.PDF,0dd17a91898c1d3e68b9f07ace2ecf7d6920bc5490866c22c61b422f2351dcf3,D:\动量策略\微盘股对冲策略\research_reports\20260926_l1_repair\st_timing\expansion_top30\pdfs\600778\1206094678.pdf,D:\动量策略\微盘股对冲策略\research_reports\20260926_l1_repair\st_timing\expansion_top30\pdfs\600778\1206094678.txt
9,600778,181,2019-05-01,1206200533,关于公司股票撤销退市风险警示的公告,needs_review,within_old_target_span,effective_date_and_full_exit_needs_review,pdf,2065,https://static.cninfo.com.cn/finalpage/2019-05-01/1206200533.PDF,6ebcd4314bfce5dc3237c4316bfa9b40a6c8ea79364406d6962c02a70d9c7c6c,D:\动量策略\微盘股对冲策略\research_reports\20260926_l1_repair\st_timing\expansion_top30\pdfs\600778\1206200533.pdf,D:\动量策略\微盘股对冲策略\research_reports\20260926_l1_repair\st_timing\expansion_top30\pdfs\600778\1206200533.txt
10,600444,175,2010-04-16,57819642,关于本公司股票被实施退市风险警示公告,entry,before_first_target,prehistory_or_initial_state_needs_closure,pdf,1145,https://static.cninfo.com.cn/finalpage/2010-04-16/57819642.PDF,cd30b9b116a229fbbe56f088a8f975157559f957fa916cf7db598a38037108ab,D:\动量策略\微盘股对冲策略\research_reports\20260926_l1_repair\st_timing\expansion_top30\pdfs\600444\57819642.pdf,D:\动量策略\微盘股对冲策略\research_reports\20260926_l1_repair\st_timing\expansion_top30\pdfs\600444\57819642.txt
10,600444,175,2011-07-05,59634631,关于撤销股票交易退市风险警示并实行其他特别处理的公告,remain_st,before_first_target,prehistory_or_initial_state_needs_closure,pdf,1460,https://static.cninfo.com.cn/finalpage/2011-07-05/59634631.PDF,74d4dfb3e08467ee246a77cde1a35ea5bde61afc597f2625e9d8e78952ab307c,D:\动量策略\微盘股对冲策略\research_reports\20260926_l1_repair\st_timing\expansion_top30\pdfs\600444\59634631.pdf,D:\动量策略\微盘股对冲策略\research_reports\20260926_l1_repair\st_timing\expansion_top30\pdfs\600444\59634631.txt
10,600444,175,2012-08-30,61506322,关于申请撤销股票交易其他风险警示的公告,context,before_first_target,prehistory_or_initial_state_needs_closure,pdf,1303,https://static.cninfo.com.cn/finalpage/2012-08-30/61506322.PDF,8785270ce98fa65927e095d65d8da405987b471c1c90a8c63f820fea62219277,D:\动量策略\微盘股对冲策略\research_reports\20260926_l1_repair\st_timing\expansion_top30\pdfs\600444\61506322.pdf,D:\动量策略\微盘股对冲策略\research_reports\20260926_l1_repair\st_timing\expansion_top30\pdfs\600444\61506322.txt
10,600444,175,2012-08-31,61512302,关于撤销股票交易其他风险警示的公告,needs_review,before_first_target,prehistory_or_initial_state_needs_closure,pdf,2247,https://static.cninfo.com.cn/finalpage/2012-08-31/61512302.PDF,c337ebec1a07b8168f3cec945ce771d766de3f53008b347f7ff0e0f69a3de878,D:\动量策略\微盘股对冲策略\research_reports\20260926_l1_repair\st_timing\expansion_top30\pdfs\600444\61512302.pdf,D:\动量策略\微盘股对冲策略\research_reports\20260926_l1_repair\st_timing\expansion_top30\pdfs\600444\61512302.txt
10,600444,175,2013-04-03,62319063,关于公司股票可能被实施退市风险警示的第二次风险提示公告,context,within_old_target_span,effective_date_and_full_exit_needs_review,pdf,593,https://static.cninfo.com.cn/finalpage/2013-04-03/62319063.PDF,dbfd182efe3e4f6055601d9bcc45fe70cd602647b493376992e036a366d64414,D:\动量策略\微盘股对冲策略\research_reports\20260926_l1_repair\st_timing\expansion_top30\pdfs\600444\62319063.pdf,D:\动量策略\微盘股对冲策略\research_reports\20260926_l1_repair\st_timing\expansion_top30\pdfs\600444\62319063.txt
10,600444,175,2013-04-20,62394981,关于公司股票可能被实施退市风险警示的第三次风险提示公告,context,within_old_target_span,effective_date_and_full_exit_needs_review,pdf,652,https://static.cninfo.com.cn/finalpage/2013-04-20/62394981.PDF,ae0f7b1a1e913ba8f44b8c2faa8951aaf71d2845ba38085a00ced0b6f22deafa,D:\动量策略\微盘股对冲策略\research_reports\20260926_l1_repair\st_timing\expansion_top30\pdfs\600444\62394981.pdf,D:\动量策略\微盘股对冲策略\research_reports\20260926_l1_repair\st_timing\expansion_top30\pdfs\600444\62394981.txt
10,600444,175,2013-04-26,62431829,关于被实施退市风险警示的公告,entry,within_old_target_span,effective_date_and_full_exit_needs_review,pdf,1256,https://static.cninfo.com.cn/finalpage/2013-04-26/62431829.PDF,575a0272a02557787215fa11ce7c0e86a9cb0d3e2fe994742e3896f3c7877296,D:\动量策略\微盘股对冲策略\research_reports\20260926_l1_repair\st_timing\expansion_top30\pdfs\600444\62431829.pdf,D:\动量策略\微盘股对冲策略\research_reports\20260926_l1_repair\st_timing\expansion_top30\pdfs\600444\62431829.txt
10,600444,175,2014-02-28,63615649,关于申请撤销退市风险警示的公告,context,within_old_target_span,effective_date_and_full_exit_needs_review,pdf,1356,https://static.cninfo.com.cn/finalpage/2014-02-28/63615649.PDF,d0c14d35c51ab7c23862f26187267a295c293286e4467316a8d67b8be6233204,D:\动量策略\微盘股对冲策略\research_reports\20260926_l1_repair\st_timing\expansion_top30\pdfs\600444\63615649.pdf,D:\动量策略\微盘股对冲策略\research_reports\20260926_l1_repair\st_timing\expansion_top30\pdfs\600444\63615649.txt
10,600444,175,2014-03-07,63645603,关于公司股票撤销退市风险警示的公告,needs_review,within_old_target_span,effective_date_and_full_exit_needs_review,pdf,1835,https://static.cninfo.com.cn/finalpage/2014-03-07/63645603.PDF,0783e5a7a0ac12f948d2d84abcc2ffebf66d6b76f3e813b844462f19c595b99d,D:\动量策略\微盘股对冲策略\research_reports\20260926_l1_repair\st_timing\expansion_top30\pdfs\600444\63645603.pdf,D:\动量策略\微盘股对冲策略\research_reports\20260926_l1_repair\st_timing\expansion_top30\pdfs\600444\63645603.txt
10,600444,175,2015-04-10,1200806179,关于公司股票可能被实施退市风险警示的第二次提示性公告,context,within_old_target_span,effective_date_and_full_exit_needs_review,pdf,677,https://static.cninfo.com.cn/finalpage/2015-04-10/1200806179.PDF,34389a4eb7c5b5b790b00424ecac903f8e2af45aab0d343ba086f3ecfc1efd7f,D:\动量策略\微盘股对冲策略\research_reports\20260926_l1_repair\st_timing\expansion_top30\pdfs\600444\1200806179.pdf,D:\动量策略\微盘股对冲策略\research_reports\20260926_l1_repair\st_timing\expansion_top30\pdfs\600444\1200806179.txt
10,600444,175,2015-04-17,1200852792,关于公司股票停牌并实施退市风险警示的公告,entry,within_old_target_span,effective_date_and_full_exit_needs_review,pdf,1116,https://static.cninfo.com.cn/finalpage/2015-04-17/1200852792.PDF,7249997c41ca6ca8fe9c4698cb74d61fb6dce6f5e422bcfc0e3bfa3e42d6d05b,D:\动量策略\微盘股对冲策略\research_reports\20260926_l1_repair\st_timing\expansion_top30\pdfs\600444\1200852792.pdf,D:\动量策略\微盘股对冲策略\research_reports\20260926_l1_repair\st_timing\expansion_top30\pdfs\600444\1200852792.txt
10,600444,175,2016-04-15,1202181974,关于申请撤销公司股票退市风险警示的公告,context,within_old_target_span,effective_date_and_full_exit_needs_review,pdf,1352,https://static.cninfo.com.cn/finalpage/2016-04-15/1202181974.PDF,1b6d92b6e8ff85c4cf59f0d69750849a99e102029d3f0b1d4fc7341143d8dbd3,D:\动量策略\微盘股对冲策略\research_reports\20260926_l1_repair\st_timing\expansion_top30\pdfs\600444\1202181974.pdf,D:\动量策略\微盘股对冲策略\research_reports\20260926_l1_repair\st_timing\expansion_top30\pdfs\600444\1202181974.txt
10,600444,175,2016-04-22,1202220058,关于公司股票撤销退市风险警示的公告,needs_review,within_old_target_span,effective_date_and_full_exit_needs_review,pdf,1714,https://static.cninfo.com.cn/finalpage/2016-04-22/1202220058.PDF,4db811903c05f55461052d5e7ead2e8df58c76841984ea6c154fb7d634623a00,D:\动量策略\微盘股对冲策略\research_reports\20260926_l1_repair\st_timing\expansion_top30\pdfs\600444\1202220058.pdf,D:\动量策略\微盘股对冲策略\research_reports\20260926_l1_repair\st_timing\expansion_top30\pdfs\600444\1202220058.txt
11,600719,173,2022-04-29,1213224049,大连热电股份有限公司关于股票交易实施其他风险警示暨公司股票继续停牌的提示性公告,remain_st,after_last_target,after_last_target_no_direct_old_row_overlap,pdf,1459,https://static.cninfo.com.cn/finalpage/2022-04-29/1213224049.PDF,71a2fb00b1cbf47e4cd36f66157bc54199ed68391cb203b1e891ea873d79fb23,D:\动量策略\微盘股对冲策略\research_reports\20260926_l1_repair\st_timing\expansion_top30\pdfs\600719\1213224049.pdf,D:\动量策略\微盘股对冲策略\research_reports\20260926_l1_repair\st_timing\expansion_top30\pdfs\600719\1213224049.txt
11,600719,173,2022-06-02,1213586745,大连热电股份有限公司关于股票被实施其他风险警示相关事项的进展公告,context,after_last_target,after_last_target_no_direct_old_row_overlap,pdf,1424,https://static.cninfo.com.cn/finalpage/2022-06-02/1213586745.PDF,c239f38cb5bad4fea8b1d17d758517f6f4ca310a82e7c01b2c8bc7b2c9938ebf,D:\动量策略\微盘股对冲策略\research_reports\20260926_l1_repair\st_timing\expansion_top30\pdfs\600719\1213586745.pdf,D:\动量策略\微盘股对冲策略\research_reports\20260926_l1_repair\st_timing\expansion_top30\pdfs\600719\1213586745.txt
11,600719,173,2022-07-02,1213916535,大连热电股份有限公司关于股票被实施其他风险警示相关事项的进展公告,context,after_last_target,after_last_target_no_direct_old_row_overlap,pdf,1327,https://static.cninfo.com.cn/finalpage/2022-07-02/1213916535.PDF,c1636d7c2f6a3c51eb851b339da5f7888d9eb5440da3115c7f9081a759bb3824,D:\动量策略\微盘股对冲策略\research_reports\20260926_l1_repair\st_timing\expansion_top30\pdfs\600719\1213916535.pdf,D:\动量策略\微盘股对冲策略\research_reports\20260926_l1_repair\st_timing\expansion_top30\pdfs\600719\1213916535.txt
11,600719,173,2022-08-02,1214187375,大连热电股份有限公司关于股票被实施其他风险警示相关事项的进展公告,context,after_last_target,after_last_target_no_direct_old_row_overlap,pdf,1285,https://static.cninfo.com.cn/finalpage/2022-08-02/1214187375.PDF,6df9fef913632c11c775970c715d58b8cf01d5c60b96f3fb873fbbdfe7c6be0f,D:\动量策略\微盘股对冲策略\research_reports\20260926_l1_repair\st_timing\expansion_top30\pdfs\600719\1214187375.pdf,D:\动量策略\微盘股对冲策略\research_reports\20260926_l1_repair\st_timing\expansion_top30\pdfs\600719\1214187375.txt
11,600719,173,2022-09-21,1214635333,大连热电股份有限公司关于股票被实施其他风险警示相关事项的进展公告,context,after_last_target,after_last_target_no_direct_old_row_overlap,pdf,1341,https://static.cninfo.com.cn/finalpage/2022-09-21/1214635333.PDF,c76e269b9bc9baa39939ba734d861a80171c1b535985674adea29b7621f87207,D:\动量策略\微盘股对冲策略\research_reports\20260926_l1_repair\st_timing\expansion_top30\pdfs\600719\1214635333.pdf,D:\动量策略\微盘股对冲策略\research_reports\20260926_l1_repair\st_timing\expansion_top30\pdfs\600719\1214635333.txt
11,600719,173,2022-10-21,1214851585,大连热电股份有限公司关于股票被实施其他风险警示相关事项的进展公告,context,after_last_target,after_last_target_no_direct_old_row_overlap,pdf,1325,https://static.cninfo.com.cn/finalpage/2022-10-21/1214851585.PDF,daa5c60b872cf8f0cfb00fd4a38411ad09014eede690689959583c2357497af1,D:\动量策略\微盘股对冲策略\research_reports\20260926_l1_repair\st_timing\expansion_top30\pdfs\600719\1214851585.pdf,D:\动量策略\微盘股对冲策略\research_reports\20260926_l1_repair\st_timing\expansion_top30\pdfs\600719\1214851585.txt
11,600719,173,2022-11-23,1215174025,大连热电股份有限公司关于股票被实施其他风险警示相关事项的进展公告,context,after_last_target,after_last_target_no_direct_old_row_overlap,pdf,1333,https://static.cninfo.com.cn/finalpage/2022-11-23/1215174025.PDF,4035596e6ee4263fbf532447f50a0b2fe97e5ad59691e0ec0dbb87d5a5bb8ce3,D:\动量策略\微盘股对冲策略\research_reports\20260926_l1_repair\st_timing\expansion_top30\pdfs\600719\1215174025.pdf,D:\动量策略\微盘股对冲策略\research_reports\20260926_l1_repair\st_timing\expansion_top30\pdfs\600719\1215174025.txt
11,600719,173,2022-12-17,1215374190,大连热电股份有限公司关于股票被实施其他风险警示相关事项的进展公告,context,after_last_target,after_last_target_no_direct_old_row_overlap,pdf,1360,https://static.cninfo.com.cn/finalpage/2022-12-17/1215374190.PDF,4c4860f31bb52f4f815855cf885960b683f63083af93598a2b3882b923b16fbb,D:\动量策略\微盘股对冲策略\research_reports\20260926_l1_repair\st_timing\expansion_top30\pdfs\600719\1215374190.pdf,D:\动量策略\微盘股对冲策略\research_reports\20260926_l1_repair\st_timing\expansion_top30\pdfs\600719\1215374190.txt
11,600719,173,2023-01-13,1215589413,大连热电股份有限公司关于股票被实施其他风险警示相关事项的进展公告,context,after_last_target,after_last_target_no_direct_old_row_overlap,pdf,1358,https://static.cninfo.com.cn/finalpage/2023-01-13/1215589413.PDF,e96eb1f3cd89665e957e2de6d50fb5d0f580406d5bb2712dddca36dafe0c40c5,D:\动量策略\微盘股对冲策略\research_reports\20260926_l1_repair\st_timing\expansion_top30\pdfs\600719\1215589413.pdf,D:\动量策略\微盘股对冲策略\research_reports\20260926_l1_repair\st_timing\expansion_top30\pdfs\600719\1215589413.txt
11,600719,173,2023-02-18,1215886318,大连热电股份有限公司关于股票被实施其他风险警示相关事项的进展公告,context,after_last_target,after_last_target_no_direct_old_row_overlap,pdf,1271,https://static.cninfo.com.cn/finalpage/2023-02-18/1215886318.PDF,1c434db6a1c613ab0b3e2b5787a2344ca8aea05b138c92eb00b7d59c3f87ed2b,D:\动量策略\微盘股对冲策略\research_reports\20260926_l1_repair\st_timing\expansion_top30\pdfs\600719\1215886318.pdf,D:\动量策略\微盘股对冲策略\research_reports\20260926_l1_repair\st_timing\expansion_top30\pdfs\600719\1215886318.txt
11,600719,173,2023-03-18,1216149822,大连热电股份有限公司关于向上海证券交易所申请撤销对公司股票实施其他风险警示的公告,context,after_last_target,after_last_target_no_direct_old_row_overlap,pdf,1826,https://static.cninfo.com.cn/finalpage/2023-03-18/1216149822.PDF,a63ec1bdd39f70564bb96e0202ad08806ed2a5641c8a362d202b0b74c456a393,D:\动量策略\微盘股对冲策略\research_reports\20260926_l1_repair\st_timing\expansion_top30\pdfs\600719\1216149822.pdf,D:\动量策略\微盘股对冲策略\research_reports\20260926_l1_repair\st_timing\expansion_top30\pdfs\600719\1216149822.txt
11,600719,173,2023-03-31,1216279251,大连热电股份有限公司关于公司股票撤销其他风险警示暨停牌的公告,needs_review,after_last_target,after_last_target_no_direct_old_row_overlap,pdf,1963,https://static.cninfo.com.cn/finalpage/2023-03-31/1216279251.PDF,a6792ca1cf06fe1d94231124ac0c1a61983292e0a9fe657d5484b146a5464563,D:\动量策略\微盘股对冲策略\research_reports\20260926_l1_repair\st_timing\expansion_top30\pdfs\600719\1216279251.pdf,D:\动量策略\微盘股对冲策略\research_reports\20260926_l1_repair\st_timing\expansion_top30\pdfs\600719\1216279251.txt
12,300013,151,2024-01-30,1219042357,关于公司股票交易可能被实施退市风险警示的风险提示公告,context,within_old_target_span,effective_date_and_full_exit_needs_review,pdf,1405,https://static.cninfo.com.cn/finalpage/2024-01-30/1219042357.PDF,66938eeb3e26d131254abdbc9c68666713ac452442e61ba996ac0e852df30156,D:\动量策略\微盘股对冲策略\research_reports\20260926_l1_repair\st_timing\expansion_top30\pdfs\300013\1219042357.pdf,D:\动量策略\微盘股对冲策略\research_reports\20260926_l1_repair\st_timing\expansion_top30\pdfs\300013\1219042357.txt
12,300013,151,2024-04-15,1219624877,关于公司股票交易可能被实施退市风险警示的第二次风险提示公告,context,within_old_target_span,effective_date_and_full_exit_needs_review,pdf,1496,https://static.cninfo.com.cn/finalpage/2024-04-15/1219624877.PDF,084b89379d5fa3154b7685941957bdde63260157eb519085920508506b153442,D:\动量策略\微盘股对冲策略\research_reports\20260926_l1_repair\st_timing\expansion_top30\pdfs\300013\1219624877.pdf,D:\动量策略\微盘股对冲策略\research_reports\20260926_l1_repair\st_timing\expansion_top30\pdfs\300013\1219624877.txt
12,300013,151,2024-04-25,1219820022,关于公司股票交易可能被实施退市风险警示的第三次风险提示公告,context,within_old_target_span,effective_date_and_full_exit_needs_review,pdf,1531,https://static.cninfo.com.cn/finalpage/2024-04-25/1219820022.PDF,716848ed6a565145765cf7407fdad73bd7ec43684359450f18dc1ec49e6d7d94,D:\动量策略\微盘股对冲策略\research_reports\20260926_l1_repair\st_timing\expansion_top30\pdfs\300013\1219820022.pdf,D:\动量策略\微盘股对冲策略\research_reports\20260926_l1_repair\st_timing\expansion_top30\pdfs\300013\1219820022.txt
12,300013,151,2024-04-29,1219870388,关于公司股票交易被实施退市风险警示及其他风险警示暨停牌的公告,entry,within_old_target_span,effective_date_and_full_exit_needs_review,pdf,2314,https://static.cninfo.com.cn/finalpage/2024-04-29/1219870388.PDF,ef41b995292f96fc338ef3ecff3df5d34a9128008ca18208de14f5e1af16d6eb,D:\动量策略\微盘股对冲策略\research_reports\20260926_l1_repair\st_timing\expansion_top30\pdfs\300013\1219870388.pdf,D:\动量策略\微盘股对冲策略\research_reports\20260926_l1_repair\st_timing\expansion_top30\pdfs\300013\1219870388.txt
12,300013,151,2025-04-16,1223099759,关于申请撤销退市风险警示及其他风险警示的公告,context,within_old_target_span,effective_date_and_full_exit_needs_review,pdf,1680,https://static.cninfo.com.cn/finalpage/2025-04-16/1223099759.PDF,90d9f08758da14edeb3f4a525fb8c2a926bc5bfc17f2c026c5caada709d6d309,D:\动量策略\微盘股对冲策略\research_reports\20260926_l1_repair\st_timing\expansion_top30\pdfs\300013\1223099759.pdf,D:\动量策略\微盘股对冲策略\research_reports\20260926_l1_repair\st_timing\expansion_top30\pdfs\300013\1223099759.txt
12,300013,151,2025-04-30,1223414193,关于公司股票交易撤销退市风险警示和其他风险警示暨停复牌的公告,needs_review,within_old_target_span,effective_date_and_full_exit_needs_review,pdf,3819,https://static.cninfo.com.cn/finalpage/2025-04-30/1223414193.PDF,246c6dff969ced3e68d2c7da661912557de96133ec1e115d4bddd2e2db6631f7,D:\动量策略\微盘股对冲策略\research_reports\20260926_l1_repair\st_timing\expansion_top30\pdfs\300013\1223414193.pdf,D:\动量策略\微盘股对冲策略\research_reports\20260926_l1_repair\st_timing\expansion_top30\pdfs\300013\1223414193.txt
13,300220,150,2023-04-28,1216653527,关于公司股票被实施其他风险警示暨公司股票停牌的提示性公告,entry,within_old_target_span,effective_date_and_full_exit_needs_review,pdf,2395,https://static.cninfo.com.cn/finalpage/2023-04-28/1216653527.PDF,a888a97b1ab0cdc2c3007b74e99577285e8ce574a5fa98e6960be7d8db30b49e,D:\动量策略\微盘股对冲策略\research_reports\20260926_l1_repair\st_timing\expansion_top30\pdfs\300220\1216653527.pdf,D:\动量策略\微盘股对冲策略\research_reports\20260926_l1_repair\st_timing\expansion_top30\pdfs\300220\1216653527.txt
13,300220,150,2024-04-27,1219868316,关于申请撤销其他风险警示的公告,context,within_old_target_span,effective_date_and_full_exit_needs_review,pdf,1475,https://static.cninfo.com.cn/finalpage/2024-04-27/1219868316.PDF,7b4fbfe0da3a5eeb57a29e0063ecc32887db09e454c04187b41eaf44086bf5a2,D:\动量策略\微盘股对冲策略\research_reports\20260926_l1_repair\st_timing\expansion_top30\pdfs\300220\1219868316.pdf,D:\动量策略\微盘股对冲策略\research_reports\20260926_l1_repair\st_timing\expansion_top30\pdfs\300220\1219868316.txt
13,300220,150,2024-06-11,1220303569,关于公司股票交易撤销其他风险警示暨停复牌的公告,needs_review,within_old_target_span,effective_date_and_full_exit_needs_review,pdf,1712,https://static.cninfo.com.cn/finalpage/2024-06-11/1220303569.PDF,d97c1810f276de79cdb3bb83b43d536c215f971c32d8e483cb846db1f21be88b,D:\动量策略\微盘股对冲策略\research_reports\20260926_l1_repair\st_timing\expansion_top30\pdfs\300220\1220303569.pdf,D:\动量策略\微盘股对冲策略\research_reports\20260926_l1_repair\st_timing\expansion_top30\pdfs\300220\1220303569.txt
14,600847,145,2004-04-21,13954118,关于对公司股票实行退市风险警示的特别处理公告,entry,before_first_target,prehistory_or_initial_state_needs_closure,html,468,https://static.cninfo.com.cn/finalpage/2004-04-21/13954118.html,52394fbed0f88e40f8cb375c894a0f914b479be11dff011ffa9e5489063e7dae,D:\动量策略\微盘股对冲策略\research_reports\20260926_l1_repair\st_timing\expansion_top30\pdfs\600847\13954118.html,D:\动量策略\微盘股对冲策略\research_reports\20260926_l1_repair\st_timing\expansion_top30\pdfs\600847\13954118.txt
14,600847,145,2005-03-28,15149162,撤销公司上市交易股票退市风险警示特别处理的公告,needs_review,before_first_target,prehistory_or_initial_state_needs_closure,pdf,547,https://static.cninfo.com.cn/finalpage/2005-03-28/15149162.PDF,1a376505554d017986999591ef51b41fd1244dbaa568338bbe047f4bf873d319,D:\动量策略\微盘股对冲策略\research_reports\20260926_l1_repair\st_timing\expansion_top30\pdfs\600847\15149162.pdf,D:\动量策略\微盘股对冲策略\research_reports\20260926_l1_repair\st_timing\expansion_top30\pdfs\600847\15149162.txt
14,600847,145,2012-05-17,61008361,关于撤销股票交易其他特别处理的公告,needs_review,before_first_target,prehistory_or_initial_state_needs_closure,pdf,1026,https://static.cninfo.com.cn/finalpage/2012-05-17/61008361.PDF,0664dc66fb0fe714d0a3d9f2242093f094eaab588671edacabac2d5569ee6e23,D:\动量策略\微盘股对冲策略\research_reports\20260926_l1_repair\st_timing\expansion_top30\pdfs\600847\61008361.pdf,D:\动量策略\微盘股对冲策略\research_reports\20260926_l1_repair\st_timing\expansion_top30\pdfs\600847\61008361.txt
14,600847,145,2017-01-20,1203031090,股票可能被实施风险警示的第一次风险提示性公告,context,within_old_target_span,effective_date_and_full_exit_needs_review,pdf,992,https://static.cninfo.com.cn/finalpage/2017-01-20/1203031090.PDF,4e8b40e85c1bc16e8b26e68f193726ef16599681c4fe6bb7d80bd1c82b6b2c53,D:\动量策略\微盘股对冲策略\research_reports\20260926_l1_repair\st_timing\expansion_top30\pdfs\600847\1203031090.pdf,D:\动量策略\微盘股对冲策略\research_reports\20260926_l1_repair\st_timing\expansion_top30\pdfs\600847\1203031090.txt
14,600847,145,2017-01-21,1203035873,关于股票可能被实施风险警示第一次风险提示的更正公告,context,within_old_target_span,effective_date_and_full_exit_needs_review,pdf,690,https://static.cninfo.com.cn/finalpage/2017-01-21/1203035873.PDF,aa37f327cf80adacc97f8af35d148ef3585da87a4fccd6b6743358ea48370e34,D:\动量策略\微盘股对冲策略\research_reports\20260926_l1_repair\st_timing\expansion_top30\pdfs\600847\1203035873.pdf,D:\动量策略\微盘股对冲策略\research_reports\20260926_l1_repair\st_timing\expansion_top30\pdfs\600847\1203035873.txt
14,600847,145,2017-03-11,1203150191,股票可能被实施风险警示的第二次风险提示性公告,context,within_old_target_span,effective_date_and_full_exit_needs_review,pdf,1003,https://static.cninfo.com.cn/finalpage/2017-03-11/1203150191.PDF,de13cb479bd896c6cd792460b39db0b0344141b715c08cd91b9dff4942fb2e2f,D:\动量策略\微盘股对冲策略\research_reports\20260926_l1_repair\st_timing\expansion_top30\pdfs\600847\1203150191.pdf,D:\动量策略\微盘股对冲策略\research_reports\20260926_l1_repair\st_timing\expansion_top30\pdfs\600847\1203150191.txt
14,600847,145,2017-04-14,1203297021,股票可能被实施风险警示的第三次风险提示性公告,context,within_old_target_span,effective_date_and_full_exit_needs_review,pdf,1004,https://static.cninfo.com.cn/finalpage/2017-04-14/1203297021.PDF,18fae8b704442429905f9c916f98db340056d2aa8af9a881fb6f05e99edbd96d,D:\动量策略\微盘股对冲策略\research_reports\20260926_l1_repair\st_timing\expansion_top30\pdfs\600847\1203297021.pdf,D:\动量策略\微盘股对冲策略\research_reports\20260926_l1_repair\st_timing\expansion_top30\pdfs\600847\1203297021.txt
14,600847,145,2017-04-29,1203442918,实施退市风险警示暨临时停牌公告,entry,within_old_target_span,effective_date_and_full_exit_needs_review,pdf,1650,https://static.cninfo.com.cn/finalpage/2017-04-29/1203442918.PDF,0e7f80aed2ec41d5680cede9a3a84252faa1d150511c54fea3bd5c5a7f7edbed,D:\动量策略\微盘股对冲策略\research_reports\20260926_l1_repair\st_timing\expansion_top30\pdfs\600847\1203442918.pdf,D:\动量策略\微盘股对冲策略\research_reports\20260926_l1_repair\st_timing\expansion_top30\pdfs\600847\1203442918.txt
14,600847,145,2018-04-27,1204808010,关于申请撤销股票退市风险警示的公告,context,within_old_target_span,effective_date_and_full_exit_needs_review,pdf,1698,https://static.cninfo.com.cn/finalpage/2018-04-27/1204808010.PDF,52e5ffd30e2d7cae5652672b685d4b2136e174775050a78a9033783caa02dbd2,D:\动量策略\微盘股对冲策略\research_reports\20260926_l1_repair\st_timing\expansion_top30\pdfs\600847\1204808010.pdf,D:\动量策略\微盘股对冲策略\research_reports\20260926_l1_repair\st_timing\expansion_top30\pdfs\600847\1204808010.txt
14,600847,145,2018-05-08,1204918875,关于公司股票撤销退市风险警示的公告,needs_review,within_old_target_span,effective_date_and_full_exit_needs_review,pdf,2125,https://static.cninfo.com.cn/finalpage/2018-05-08/1204918875.PDF,cf6122aa4ee3ba36514a7f4913c4fd635059814d7c934a617ccc69c72ca7367c,D:\动量策略\微盘股对冲策略\research_reports\20260926_l1_repair\st_timing\expansion_top30\pdfs\600847\1204918875.pdf,D:\动量策略\微盘股对冲策略\research_reports\20260926_l1_repair\st_timing\expansion_top30\pdfs\600847\1204918875.txt
15,600250,130,2012-05-02,60938784,关于公司实施退市风险警示的风险提示公告,entry,within_old_target_span,effective_date_and_full_exit_needs_review,pdf,1737,https://static.cninfo.com.cn/finalpage/2012-05-02/60938784.PDF,463502253709d67170040fb2735eefbe8a4e98a93e4806f8e8b2abeb1137c4cc,D:\动量策略\微盘股对冲策略\research_reports\20260926_l1_repair\st_timing\expansion_top30\pdfs\600250\60938784.pdf,D:\动量策略\微盘股对冲策略\research_reports\20260926_l1_repair\st_timing\expansion_top30\pdfs\600250\60938784.txt
15,600250,130,2013-04-23,62407685,关于申请撤销股票退市风险警示的公告,context,within_old_target_span,effective_date_and_full_exit_needs_review,pdf,1167,https://static.cninfo.com.cn/finalpage/2013-04-23/62407685.PDF,ebd67a62f80a5234e8d675096d42d1e1c4106374933ad6bfb8f34bd72a371557,D:\动量策略\微盘股对冲策略\research_reports\20260926_l1_repair\st_timing\expansion_top30\pdfs\600250\62407685.pdf,D:\动量策略\微盘股对冲策略\research_reports\20260926_l1_repair\st_timing\expansion_top30\pdfs\600250\62407685.txt
15,600250,130,2013-05-03,62451400,关于撤销股票退市风险警示的公告,needs_review,within_old_target_span,effective_date_and_full_exit_needs_review,pdf,1581,https://static.cninfo.com.cn/finalpage/2013-05-03/62451400.PDF,8563baffe88cafef506cb2791116e322a4423dfa3c7e1c58ad32adeadbef555e,D:\动量策略\微盘股对冲策略\research_reports\20260926_l1_repair\st_timing\expansion_top30\pdfs\600250\62451400.pdf,D:\动量策略\微盘股对冲策略\research_reports\20260926_l1_repair\st_timing\expansion_top30\pdfs\600250\62451400.txt
16,600689,116,2014-01-23,63513594,2013年度业绩预亏暨股票可能被实施退市风险警示的风险提示公告,context,within_old_target_span,effective_date_and_full_exit_needs_review,pdf,747,https://static.cninfo.com.cn/finalpage/2014-01-23/63513594.PDF,5cb649b7fdfce145c01f5d49ae9b135a509159ea07eb85182e1a7943a9ce4875,D:\动量策略\微盘股对冲策略\research_reports\20260926_l1_repair\st_timing\expansion_top30\pdfs\600689\63513594.pdf,D:\动量策略\微盘股对冲策略\research_reports\20260926_l1_repair\st_timing\expansion_top30\pdfs\600689\63513594.txt
16,600689,116,2014-01-23,63513596,可能被实施退市风险警示的提示性公告,context,within_old_target_span,effective_date_and_full_exit_needs_review,pdf,582,https://static.cninfo.com.cn/finalpage/2014-01-23/63513596.PDF,f1a43e25728351470d05bec470a526b898765755cb0fbbb5d8f113927b8401d4,D:\动量策略\微盘股对冲策略\research_reports\20260926_l1_repair\st_timing\expansion_top30\pdfs\600689\63513596.pdf,D:\动量策略\微盘股对冲策略\research_reports\20260926_l1_repair\st_timing\expansion_top30\pdfs\600689\63513596.txt
16,600689,116,2014-03-01,63620599,可能被实施退市风险警示的第二次提示性公告,context,within_old_target_span,effective_date_and_full_exit_needs_review,pdf,629,https://static.cninfo.com.cn/finalpage/2014-03-01/63620599.PDF,eb91633ed1ea36e63f42dc5f131f06cf85c59ffa44b514bc0a86c1dbd6f0e0b8,D:\动量策略\微盘股对冲策略\research_reports\20260926_l1_repair\st_timing\expansion_top30\pdfs\600689\63620599.pdf,D:\动量策略\微盘股对冲策略\research_reports\20260926_l1_repair\st_timing\expansion_top30\pdfs\600689\63620599.txt
16,600689,116,2014-04-01,63763249,可能被实施退市风险警示的第三次提示性公告,context,within_old_target_span,effective_date_and_full_exit_needs_review,pdf,687,https://static.cninfo.com.cn/finalpage/2014-04-01/63763249.PDF,93dbe9c77f205e67f5905aa5bd4ced5e7b08192435974c1b172bb094bed293d5,D:\动量策略\微盘股对冲策略\research_reports\20260926_l1_repair\st_timing\expansion_top30\pdfs\600689\63763249.pdf,D:\动量策略\微盘股对冲策略\research_reports\20260926_l1_repair\st_timing\expansion_top30\pdfs\600689\63763249.txt
16,600689,116,2014-04-14,63832806,关于公司股票实施退市风险警示公告,entry,within_old_target_span,effective_date_and_full_exit_needs_review,pdf,1354,https://static.cninfo.com.cn/finalpage/2014-04-14/63832806.PDF,208e33909780fdcfd9650d048a96a93852b8d7c9f083ae86e43591f32b63db77,D:\动量策略\微盘股对冲策略\research_reports\20260926_l1_repair\st_timing\expansion_top30\pdfs\600689\63832806.pdf,D:\动量策略\微盘股对冲策略\research_reports\20260926_l1_repair\st_timing\expansion_top30\pdfs\600689\63832806.txt
16,600689,116,2014-12-15,1200465917,股票存在被实施退市风险警示及暂停上市风险的提示公告,context,within_old_target_span,effective_date_and_full_exit_needs_review,pdf,943,https://static.cninfo.com.cn/finalpage/2014-12-15/1200465917.PDF,fd2fc02ea937da411e7f6454eece328ffeffe4b1d80823fff632b77587f83199,D:\动量策略\微盘股对冲策略\research_reports\20260926_l1_repair\st_timing\expansion_top30\pdfs\600689\1200465917.pdf,D:\动量策略\微盘股对冲策略\research_reports\20260926_l1_repair\st_timing\expansion_top30\pdfs\600689\1200465917.txt
16,600689,116,2015-02-17,1200646291,关于申请撤销股票退市风险警示的公告,context,within_old_target_span,effective_date_and_full_exit_needs_review,pdf,1385,https://static.cninfo.com.cn/finalpage/2015-02-17/1200646291.PDF,2c9adfb21b64c4cf84e1eb7ce6aac30e832721d1b9cbcfeb7e84d472cd098877,D:\动量策略\微盘股对冲策略\research_reports\20260926_l1_repair\st_timing\expansion_top30\pdfs\600689\1200646291.pdf,D:\动量策略\微盘股对冲策略\research_reports\20260926_l1_repair\st_timing\expansion_top30\pdfs\600689\1200646291.txt
16,600689,116,2015-03-02,1200660475,关于公司股票撤销退市风险警示的公告,needs_review,within_old_target_span,effective_date_and_full_exit_needs_review,pdf,1553,https://static.cninfo.com.cn/finalpage/2015-03-02/1200660475.PDF,6fd101decadb414d4c922eda51fb3c573d202bfb3de2976af796b8377a09b749,D:\动量策略\微盘股对冲策略\research_reports\20260926_l1_repair\st_timing\expansion_top30\pdfs\600689\1200660475.pdf,D:\动量策略\微盘股对冲策略\research_reports\20260926_l1_repair\st_timing\expansion_top30\pdfs\600689\1200660475.txt
17,600615,115,2005-02-04,15004634,关于公司股票获准撤消退市风险警示公告,context,before_first_target,prehistory_or_initial_state_needs_closure,pdf,623,https://static.cninfo.com.cn/finalpage/2005-02-04/15004634.PDF,d189fddc55ed7fc18dc858d65d41471c569100738fa20b6a7c30bffcb9f0799d,D:\动量策略\微盘股对冲策略\research_reports\20260926_l1_repair\st_timing\expansion_top30\pdfs\600615\15004634.pdf,D:\动量策略\微盘股对冲策略\research_reports\20260926_l1_repair\st_timing\expansion_top30\pdfs\600615\15004634.txt
17,600615,115,2007-02-14,20931996,关于申请撤销本公司股票其他特别处理的公告,context,before_first_target,prehistory_or_initial_state_needs_closure,pdf,534,https://static.cninfo.com.cn/finalpage/2007-02-14/20931996.PDF,e2f7bc2bfabec730c3ca04347efeaa905e5d411eab470ca87a54d55b92cd9c3d,D:\动量策略\微盘股对冲策略\research_reports\20260926_l1_repair\st_timing\expansion_top30\pdfs\600615\20931996.pdf,D:\动量策略\微盘股对冲策略\research_reports\20260926_l1_repair\st_timing\expansion_top30\pdfs\600615\20931996.txt
17,600615,115,2007-06-14,29059069,关于撤消股票交易其他特别处理的公告,context,before_first_target,prehistory_or_initial_state_needs_closure,pdf,673,https://static.cninfo.com.cn/finalpage/2007-06-14/29059069.PDF,520eb2008fb5b73c233762bd902d4e00887abbbee3182eb8d69e755796c1e9bf,D:\动量策略\微盘股对冲策略\research_reports\20260926_l1_repair\st_timing\expansion_top30\pdfs\600615\29059069.pdf,D:\动量策略\微盘股对冲策略\research_reports\20260926_l1_repair\st_timing\expansion_top30\pdfs\600615\29059069.txt
17,600615,115,2019-04-26,1206110618,关于公司股票被实施其他风险警示暨股票停牌的提示性公告,entry,within_old_target_span,effective_date_and_full_exit_needs_review,pdf,1520,https://static.cninfo.com.cn/finalpage/2019-04-26/1206110618.PDF,6f0ba29822a0c8728688086cc6859adc5ce8b9a15f670cc9b9da877a6058d6d2,D:\动量策略\微盘股对冲策略\research_reports\20260926_l1_repair\st_timing\expansion_top30\pdfs\600615\1206110618.pdf,D:\动量策略\微盘股对冲策略\research_reports\20260926_l1_repair\st_timing\expansion_top30\pdfs\600615\1206110618.txt
17,600615,115,2019-09-24,1206944099,关于申请公司股票撤销其他风险警示的公告,needs_review,within_old_target_span,effective_date_and_full_exit_needs_review,pdf,1409,https://static.cninfo.com.cn/finalpage/2019-09-24/1206944099.PDF,a668b3d8a401a3dfb5bfc789d3e76111df0c6b6f3eff8b99d8d18114e43f2b21,D:\动量策略\微盘股对冲策略\research_reports\20260926_l1_repair\st_timing\expansion_top30\pdfs\600615\1206944099.pdf,D:\动量策略\微盘股对冲策略\research_reports\20260926_l1_repair\st_timing\expansion_top30\pdfs\600615\1206944099.txt
17,600615,115,2019-09-27,1206952873,关于公司股票撤销其他风险警示的公告,needs_review,within_old_target_span,effective_date_and_full_exit_needs_review,pdf,1161,https://static.cninfo.com.cn/finalpage/2019-09-27/1206952873.PDF,6192be6148ef9a28b0a47b8a82abb1840913178e240ce7cf487b5ee1e97fe0de,D:\动量策略\微盘股对冲策略\research_reports\20260926_l1_repair\st_timing\expansion_top30\pdfs\600615\1206952873.pdf,D:\动量策略\微盘股对冲策略\research_reports\20260926_l1_repair\st_timing\expansion_top30\pdfs\600615\1206952873.txt
17,600615,115,2021-01-30,1209216423,上海丰华（集团）股份有限公司关于公司股票可能被实施退市风险警示的提示性公告,context,within_old_target_span,effective_date_and_full_exit_needs_review,pdf,956,https://static.cninfo.com.cn/finalpage/2021-01-30/1209216423.PDF,65ee22365cb33c1d0b02142a2aba5b19aceb078c5c8b6b8c6e717a80ad4a62f5,D:\动量策略\微盘股对冲策略\research_reports\20260926_l1_repair\st_timing\expansion_top30\pdfs\600615\1209216423.pdf,D:\动量策略\微盘股对冲策略\research_reports\20260926_l1_repair\st_timing\expansion_top30\pdfs\600615\1209216423.txt
17,600615,115,2021-03-02,1209317769,上海丰华（集团）股份有限公司关于公司股票可能被实施退市风险警示的第二次提示性公告,context,within_old_target_span,effective_date_and_full_exit_needs_review,pdf,1046,https://static.cninfo.com.cn/finalpage/2021-03-02/1209317769.PDF,f182607dc3bbe4b32d9e3e02b42809a6d337e8a77138a94ebcd138ca387ba90f,D:\动量策略\微盘股对冲策略\research_reports\20260926_l1_repair\st_timing\expansion_top30\pdfs\600615\1209317769.pdf,D:\动量策略\微盘股对冲策略\research_reports\20260926_l1_repair\st_timing\expansion_top30\pdfs\600615\1209317769.txt
17,600615,115,2021-04-08,1209647744,上海丰华（集团）股份有限公司关于公司股票可能被实施退市风险警示的第三次提示性公告,context,within_old_target_span,effective_date_and_full_exit_needs_review,pdf,1121,https://static.cninfo.com.cn/finalpage/2021-04-08/1209647744.PDF,ebc36433d40694cd0ec8733d7897d7a468bcb735ed45922aa9190815e42f9e40,D:\动量策略\微盘股对冲策略\research_reports\20260926_l1_repair\st_timing\expansion_top30\pdfs\600615\1209647744.pdf,D:\动量策略\微盘股对冲策略\research_reports\20260926_l1_repair\st_timing\expansion_top30\pdfs\600615\1209647744.txt
17,600615,115,2021-04-30,1209874374,上海丰华（集团）股份有限公司关于公司股票被实施退市风险警示暨股票停牌的提示性公告,entry,within_old_target_span,effective_date_and_full_exit_needs_review,pdf,1429,https://static.cninfo.com.cn/finalpage/2021-04-30/1209874374.PDF,1f0f6e52b300ca8706b2817927710ed8083af1e36e9f4d04db4d5a361dfc7dc1,D:\动量策略\微盘股对冲策略\research_reports\20260926_l1_repair\st_timing\expansion_top30\pdfs\600615\1209874374.pdf,D:\动量策略\微盘股对冲策略\research_reports\20260926_l1_repair\st_timing\expansion_top30\pdfs\600615\1209874374.txt
17,600615,115,2022-04-26,1213098559,上海丰华（集团）股份有限公司关于申请撤销退市风险警示的公告,context,within_old_target_span,effective_date_and_full_exit_needs_review,pdf,1176,https://static.cninfo.com.cn/finalpage/2022-04-26/1213098559.PDF,59e26c5b1ce052bb3179beabd682ff4b21395a63f673b45daacd767c9c165272,D:\动量策略\微盘股对冲策略\research_reports\20260926_l1_repair\st_timing\expansion_top30\pdfs\600615\1213098559.pdf,D:\动量策略\微盘股对冲策略\research_reports\20260926_l1_repair\st_timing\expansion_top30\pdfs\600615\1213098559.txt
17,600615,115,2022-08-23,1214355014,上海丰华（集团）股份有限公司关于公司股票撤销退市风险警示暨停牌的公告,needs_review,within_old_target_span,effective_date_and_full_exit_needs_review,pdf,1769,https://static.cninfo.com.cn/finalpage/2022-08-23/1214355014.PDF,d886c0226d7084e0c6be9b340f36660f7e3defce5a20066862cb0366775a274c,D:\动量策略\微盘股对冲策略\research_reports\20260926_l1_repair\st_timing\expansion_top30\pdfs\600615\1214355014.pdf,D:\动量策略\微盘股对冲策略\research_reports\20260926_l1_repair\st_timing\expansion_top30\pdfs\600615\1214355014.txt
18,600156,98,2005-03-31,15167703,申请撤销对公司股票实行退市风险警示及其它特别处理的公告,context,before_first_target,prehistory_or_initial_state_needs_closure,pdf,619,https://static.cninfo.com.cn/finalpage/2005-03-31/15167703.PDF,3305342c65821ecbfdb975e3c22d03b378fb332b0a58b2e0da608ce3defca7c4,D:\动量策略\微盘股对冲策略\research_reports\20260926_l1_repair\st_timing\expansion_top30\pdfs\600156\15167703.pdf,D:\动量策略\微盘股对冲策略\research_reports\20260926_l1_repair\st_timing\expansion_top30\pdfs\600156\15167703.txt
18,600156,98,2005-04-20,15255703,关于撤销股票退市风险警示及其他特别处理的公告,needs_review,before_first_target,prehistory_or_initial_state_needs_closure,pdf,612,https://static.cninfo.com.cn/finalpage/2005-04-20/15255703.PDF,9549f13d3b07ad7dd55c6692aca83d64f47a2ed67e89464d5cd3b76fd671121a,D:\动量策略\微盘股对冲策略\research_reports\20260926_l1_repair\st_timing\expansion_top30\pdfs\600156\15255703.pdf,D:\动量策略\微盘股对冲策略\research_reports\20260926_l1_repair\st_timing\expansion_top30\pdfs\600156\15255703.txt
19,600706,89,2008-04-25,39160234,关于提交撤销股票交易实行退市风险警示特别处理申请的公告,needs_review,before_first_target,prehistory_or_initial_state_needs_closure,pdf,768,https://static.cninfo.com.cn/finalpage/2008-04-25/39160234.PDF,fee1c7c5dc949b9e225f98399ce5fab0afbb9834e8220338b5e2c758cc8d983b,D:\动量策略\微盘股对冲策略\research_reports\20260926_l1_repair\st_timing\expansion_top30\pdfs\600706\39160234.pdf,D:\动量策略\微盘股对冲策略\research_reports\20260926_l1_repair\st_timing\expansion_top30\pdfs\600706\39160234.txt
19,600706,89,2008-06-18,40554439,撤销退市风险警示的公告 ,needs_review,before_first_target,prehistory_or_initial_state_needs_closure,pdf,682,https://static.cninfo.com.cn/finalpage/2008-06-18/40554439.PDF,ce752a1fe1b1d51a4d3d62629cc45b7c292a9a0d0d2535c0c1bc652308253857,D:\动量策略\微盘股对冲策略\research_reports\20260926_l1_repair\st_timing\expansion_top30\pdfs\600706\40554439.pdf,D:\动量策略\微盘股对冲策略\research_reports\20260926_l1_repair\st_timing\expansion_top30\pdfs\600706\40554439.txt
19,600706,89,2012-08-31,61512191,关于申请股票交易撤销其他风险警示的公告,needs_review,before_first_target,prehistory_or_initial_state_needs_closure,pdf,2588,https://static.cninfo.com.cn/finalpage/2012-08-31/61512191.PDF,545d1b2d39f162232a7ceb494feaf8984feca3a8f34fb6e5d6f51144b3f3eb1a,D:\动量策略\微盘股对冲策略\research_reports\20260926_l1_repair\st_timing\expansion_top30\pdfs\600706\61512191.pdf,D:\动量策略\微盘股对冲策略\research_reports\20260926_l1_repair\st_timing\expansion_top30\pdfs\600706\61512191.txt
19,600706,89,2012-09-03,61520250,关于股票交易撤销其他风险警示的公告,needs_review,before_first_target,prehistory_or_initial_state_needs_closure,pdf,2316,https://static.cninfo.com.cn/finalpage/2012-09-03/61520250.PDF,c2885fb70d5949dfc25f3bf5c4c17cfdb49b9fe09c01f177b8791f2bc89d1f1f,D:\动量策略\微盘股对冲策略\research_reports\20260926_l1_repair\st_timing\expansion_top30\pdfs\600706\61520250.pdf,D:\动量策略\微盘股对冲策略\research_reports\20260926_l1_repair\st_timing\expansion_top30\pdfs\600706\61520250.txt
20,603880,87,2023-04-28,1216656720,南卫股份关于股票实施其他风险警示暨公司股票停牌的提示性公告,entry,within_old_target_span,effective_date_and_full_exit_needs_review,pdf,1934,https://static.cninfo.com.cn/finalpage/2023-04-28/1216656720.PDF,581807c9573739b9b676043b2d9210619692fb115bb141f539da927a2a4daa0c,D:\动量策略\微盘股对冲策略\research_reports\20260926_l1_repair\st_timing\expansion_top30\pdfs\603880\1216656720.pdf,D:\动量策略\微盘股对冲策略\research_reports\20260926_l1_repair\st_timing\expansion_top30\pdfs\603880\1216656720.txt
20,603880,87,2023-05-27,1216918600,南卫股份关于股票被实施其他风险警示相关事项的进展公告,context,within_old_target_span,effective_date_and_full_exit_needs_review,pdf,1213,https://static.cninfo.com.cn/finalpage/2023-05-27/1216918600.PDF,1ccaed541f6b821bdb95865a1eba3de09fc5a086d6764e70d274157d79776a2c,D:\动量策略\微盘股对冲策略\research_reports\20260926_l1_repair\st_timing\expansion_top30\pdfs\603880\1216918600.pdf,D:\动量策略\微盘股对冲策略\research_reports\20260926_l1_repair\st_timing\expansion_top30\pdfs\603880\1216918600.txt
20,603880,87,2023-06-28,1217144487,南卫股份关于股票被实施其他风险警示相关事项的进展公告,context,within_old_target_span,effective_date_and_full_exit_needs_review,pdf,3194,https://static.cninfo.com.cn/finalpage/2023-06-28/1217144487.PDF,55249ae65ec692e6e5669b8a62ba988537e49944e18502514a103c93ff58763e,D:\动量策略\微盘股对冲策略\research_reports\20260926_l1_repair\st_timing\expansion_top30\pdfs\603880\1217144487.pdf,D:\动量策略\微盘股对冲策略\research_reports\20260926_l1_repair\st_timing\expansion_top30\pdfs\603880\1217144487.txt
20,603880,87,2023-07-28,1217402396,南卫股份关于股票被实施其他风险警示相关事项的进展公告,context,within_old_target_span,effective_date_and_full_exit_needs_review,pdf,3194,https://static.cninfo.com.cn/finalpage/2023-07-28/1217402396.PDF,7d152a8e754e9e0566811aac262faffe30ea72af4307b992e650a2f1da6a6a4f,D:\动量策略\微盘股对冲策略\research_reports\20260926_l1_repair\st_timing\expansion_top30\pdfs\603880\1217402396.pdf,D:\动量策略\微盘股对冲策略\research_reports\20260926_l1_repair\st_timing\expansion_top30\pdfs\603880\1217402396.txt
20,603880,87,2023-08-26,1217647442,南卫股份关于股票被实施其他风险警示相关事项的进展公告,context,within_old_target_span,effective_date_and_full_exit_needs_review,pdf,3194,https://static.cninfo.com.cn/finalpage/2023-08-26/1217647442.PDF,12d0a31c47d6bce91e6b1ffb9e883de4ebe69a4608153d4612b9eaf883a61bbe,D:\动量策略\微盘股对冲策略\research_reports\20260926_l1_repair\st_timing\expansion_top30\pdfs\603880\1217647442.pdf,D:\动量策略\微盘股对冲策略\research_reports\20260926_l1_repair\st_timing\expansion_top30\pdfs\603880\1217647442.txt
20,603880,87,2023-09-27,1217957952,南卫股份关于股票被实施其他风险警示相关事项的进展公告,context,within_old_target_span,effective_date_and_full_exit_needs_review,pdf,3194,https://static.cninfo.com.cn/finalpage/2023-09-27/1217957952.PDF,48b105fcf39ab8b1db7e924912b5d8104e50c393a3d93c3a150d3b9627490074,D:\动量策略\微盘股对冲策略\research_reports\20260926_l1_repair\st_timing\expansion_top30\pdfs\603880\1217957952.pdf,D:\动量策略\微盘股对冲策略\research_reports\20260926_l1_repair\st_timing\expansion_top30\pdfs\603880\1217957952.txt
20,603880,87,2023-10-28,1218182795,南卫股份关于股票被实施其他风险警示相关事项的进展公告,context,within_old_target_span,effective_date_and_full_exit_needs_review,pdf,3178,https://static.cninfo.com.cn/finalpage/2023-10-28/1218182795.PDF,4b6fae8a02a64e57da6fbf0955c48eff3c18cbc402bfcb9446795e022c8bdda3,D:\动量策略\微盘股对冲策略\research_reports\20260926_l1_repair\st_timing\expansion_top30\pdfs\603880\1218182795.pdf,D:\动量策略\微盘股对冲策略\research_reports\20260926_l1_repair\st_timing\expansion_top30\pdfs\603880\1218182795.txt
20,603880,87,2023-11-28,1218453908,南卫股份关于股票被实施其他风险警示相关事项的进展公告,context,within_old_target_span,effective_date_and_full_exit_needs_review,pdf,3178,https://static.cninfo.com.cn/finalpage/2023-11-28/1218453908.PDF,988add18963773a5a36d6eca354c0b5579c16996427287612f3b903a63c0e25c,D:\动量策略\微盘股对冲策略\research_reports\20260926_l1_repair\st_timing\expansion_top30\pdfs\603880\1218453908.pdf,D:\动量策略\微盘股对冲策略\research_reports\20260926_l1_repair\st_timing\expansion_top30\pdfs\603880\1218453908.txt
20,603880,87,2023-12-28,1218745702,南卫股份关于股票被实施其他风险警示相关事项的进展公告,context,within_old_target_span,effective_date_and_full_exit_needs_review,pdf,3178,https://static.cninfo.com.cn/finalpage/2023-12-28/1218745702.PDF,23ed9efcdbf5a999f47ec7f430c6c3ffe12eb3054b1cbd0adf263c08650c04eb,D:\动量策略\微盘股对冲策略\research_reports\20260926_l1_repair\st_timing\expansion_top30\pdfs\603880\1218745702.pdf,D:\动量策略\微盘股对冲策略\research_reports\20260926_l1_repair\st_timing\expansion_top30\pdfs\603880\1218745702.txt
20,603880,87,2024-01-27,1219012147,南卫股份关于股票被实施其他风险警示相关事项的进展公告,context,within_old_target_span,effective_date_and_full_exit_needs_review,pdf,3247,https://static.cninfo.com.cn/finalpage/2024-01-27/1219012147.PDF,0c6f58c424b5f0bb215999e0e4ada5f5385efa874dd4b7b28f3b6890cab27688,D:\动量策略\微盘股对冲策略\research_reports\20260926_l1_repair\st_timing\expansion_top30\pdfs\603880\1219012147.pdf,D:\动量策略\微盘股对冲策略\research_reports\20260926_l1_repair\st_timing\expansion_top30\pdfs\603880\1219012147.txt
20,603880,87,2024-02-28,1219198158,南卫股份关于股票被实施其他风险警示相关事项的进展公告,context,within_old_target_span,effective_date_and_full_exit_needs_review,pdf,3247,https://static.cninfo.com.cn/finalpage/2024-02-28/1219198158.PDF,1117131dca5e64cea83a7350ca027e0d78e54ced952a76329c3569b22e0e382e,D:\动量策略\微盘股对冲策略\research_reports\20260926_l1_repair\st_timing\expansion_top30\pdfs\603880\1219198158.pdf,D:\动量策略\微盘股对冲策略\research_reports\20260926_l1_repair\st_timing\expansion_top30\pdfs\603880\1219198158.txt
20,603880,87,2024-03-30,1219471315,南卫股份关于股票被实施其他风险警示相关事项的进展公告,context,within_old_target_span,effective_date_and_full_exit_needs_review,pdf,3243,https://static.cninfo.com.cn/finalpage/2024-03-30/1219471315.PDF,248c8cfd9ef99f8a5730b28efaa7133a770cfe00af9a44789e93bb2627ecef66,D:\动量策略\微盘股对冲策略\research_reports\20260926_l1_repair\st_timing\expansion_top30\pdfs\603880\1219471315.pdf,D:\动量策略\微盘股对冲策略\research_reports\20260926_l1_repair\st_timing\expansion_top30\pdfs\603880\1219471315.txt
20,603880,87,2024-04-30,1219923389,南卫股份关于股票被实施其他风险警示相关事项的进展公告,context,within_old_target_span,effective_date_and_full_exit_needs_review,pdf,3626,https://static.cninfo.com.cn/finalpage/2024-04-30/1219923389.PDF,84d5dca0b35676afc1b636370d68d674b8abe6aa6627ecd207663c56ff0aa0c0,D:\动量策略\微盘股对冲策略\research_reports\20260926_l1_repair\st_timing\expansion_top30\pdfs\603880\1219923389.pdf,D:\动量策略\微盘股对冲策略\research_reports\20260926_l1_repair\st_timing\expansion_top30\pdfs\603880\1219923389.txt
20,603880,87,2024-05-31,1220211329,南卫股份关于股票被实施其他风险警示相关事项的进展公告,context,within_old_target_span,effective_date_and_full_exit_needs_review,pdf,3854,https://static.cninfo.com.cn/finalpage/2024-05-31/1220211329.PDF,8ed8484133782076c0a9095667a2addaab37d615c47b31d40cb584fe47f1e876,D:\动量策略\微盘股对冲策略\research_reports\20260926_l1_repair\st_timing\expansion_top30\pdfs\603880\1220211329.pdf,D:\动量策略\微盘股对冲策略\research_reports\20260926_l1_repair\st_timing\expansion_top30\pdfs\603880\1220211329.txt
20,603880,87,2024-06-21,1220416426,南卫股份关于公司股票申请撤销其他风险警示的公告,context,within_old_target_span,effective_date_and_full_exit_needs_review,pdf,3420,https://static.cninfo.com.cn/finalpage/2024-06-21/1220416426.PDF,4bbe6418ff85003ed7088352b793128f93851450f033a6f539842b9ef4594d4c,D:\动量策略\微盘股对冲策略\research_reports\20260926_l1_repair\st_timing\expansion_top30\pdfs\603880\1220416426.pdf,D:\动量策略\微盘股对冲策略\research_reports\20260926_l1_repair\st_timing\expansion_top30\pdfs\603880\1220416426.txt
20,603880,87,2024-06-25,1220443053,南卫股份关于撤销其他风险警示暨停牌的公告,needs_review,within_old_target_span,effective_date_and_full_exit_needs_review,pdf,1971,https://static.cninfo.com.cn/finalpage/2024-06-25/1220443053.PDF,76bf1ee7ef748d27be7ff71a067b4f76b7a665d44472b57b82685c87e8fbabbd,D:\动量策略\微盘股对冲策略\research_reports\20260926_l1_repair\st_timing\expansion_top30\pdfs\603880\1220443053.pdf,D:\动量策略\微盘股对冲策略\research_reports\20260926_l1_repair\st_timing\expansion_top30\pdfs\603880\1220443053.txt
21,600980,84,2013-01-26,62070479,2012年年度业绩预亏公告暨公司股票可能被实施退市风险警示的提示性公告,context,within_old_target_span,effective_date_and_full_exit_needs_review,pdf,702,https://static.cninfo.com.cn/finalpage/2013-01-26/62070479.PDF,8a857c43bb5df9993849c0b4ccbb30addfd85d71b019a0e0e84098f90fb6bee3,D:\动量策略\微盘股对冲策略\research_reports\20260926_l1_repair\st_timing\expansion_top30\pdfs\600980\62070479.pdf,D:\动量策略\微盘股对冲策略\research_reports\20260926_l1_repair\st_timing\expansion_top30\pdfs\600980\62070479.txt
21,600980,84,2013-02-26,62152228,关于公司股票可能被实施退市风险警示的风险提示性公告,context,within_old_target_span,effective_date_and_full_exit_needs_review,pdf,587,https://static.cninfo.com.cn/finalpage/2013-02-26/62152228.PDF,f82eb3f102b44acdb2eccf0277a7527f0a281d5ab400ec827a2b9e3e31796efd,D:\动量策略\微盘股对冲策略\research_reports\20260926_l1_repair\st_timing\expansion_top30\pdfs\600980\62152228.pdf,D:\动量策略\微盘股对冲策略\research_reports\20260926_l1_repair\st_timing\expansion_top30\pdfs\600980\62152228.txt
21,600980,84,2013-03-16,62219336,可能被实施退市风险警示的第三次风险提示性公告,context,within_old_target_span,effective_date_and_full_exit_needs_review,pdf,653,https://static.cninfo.com.cn/finalpage/2013-03-16/62219336.PDF,acd6392e8442b3e79aabcee23f7abc31c7e2675c5fc9dedeaec743d86eb08ff8,D:\动量策略\微盘股对冲策略\research_reports\20260926_l1_repair\st_timing\expansion_top30\pdfs\600980\62219336.pdf,D:\动量策略\微盘股对冲策略\research_reports\20260926_l1_repair\st_timing\expansion_top30\pdfs\600980\62219336.txt
21,600980,84,2013-04-02,62314392,关于公司股票被实施退市风险警示的公告,entry,within_old_target_span,effective_date_and_full_exit_needs_review,pdf,1340,https://static.cninfo.com.cn/finalpage/2013-04-02/62314392.PDF,5d46958a3f81a85185143e3057702a6662c7d633f44967f984bc453670b16e9a,D:\动量策略\微盘股对冲策略\research_reports\20260926_l1_repair\st_timing\expansion_top30\pdfs\600980\62314392.pdf,D:\动量策略\微盘股对冲策略\research_reports\20260926_l1_repair\st_timing\expansion_top30\pdfs\600980\62314392.txt
21,600980,84,2014-03-18,63688821,关于申请撤销退市风险警示的公告,context,within_old_target_span,effective_date_and_full_exit_needs_review,pdf,1317,https://static.cninfo.com.cn/finalpage/2014-03-18/63688821.PDF,2570e2f1636c8aa28253d1b948539bcb419d543bb420e54c03babad05e174a51,D:\动量策略\微盘股对冲策略\research_reports\20260926_l1_repair\st_timing\expansion_top30\pdfs\600980\63688821.pdf,D:\动量策略\微盘股对冲策略\research_reports\20260926_l1_repair\st_timing\expansion_top30\pdfs\600980\63688821.txt
21,600980,84,2014-03-25,63719741,关于公司股票撤销退市风险警示的公告,needs_review,within_old_target_span,effective_date_and_full_exit_needs_review,pdf,1595,https://static.cninfo.com.cn/finalpage/2014-03-25/63719741.PDF,87bb136c41cdd7592a9ae3e8dc0577ecb537392af09f01ffd43ba76f5abd2a60,D:\动量策略\微盘股对冲策略\research_reports\20260926_l1_repair\st_timing\expansion_top30\pdfs\600980\63719741.pdf,D:\动量策略\微盘股对冲策略\research_reports\20260926_l1_repair\st_timing\expansion_top30\pdfs\600980\63719741.txt
22,688309,82,2022-01-22,1212243457,恒誉环保关于公司股票可能被实施退市风险警示的第一次提示性公告,context,within_old_target_span,effective_date_and_full_exit_needs_review,pdf,1838,https://static.cninfo.com.cn/finalpage/2022-01-22/1212243457.PDF,b208a1111904db5942b8477537266a29d0286ecffc7f37647f30a12af3b74bd7,D:\动量策略\微盘股对冲策略\research_reports\20260926_l1_repair\st_timing\expansion_top30\pdfs\688309\1212243457.pdf,D:\动量策略\微盘股对冲策略\research_reports\20260926_l1_repair\st_timing\expansion_top30\pdfs\688309\1212243457.txt
22,688309,82,2022-04-02,1212813350,关于公司股票可能被实施退市风险警示的第二次提示性公告,context,within_old_target_span,effective_date_and_full_exit_needs_review,pdf,1746,https://static.cninfo.com.cn/finalpage/2022-04-02/1212813350.PDF,304ab43f73ee3ac0a1bc6f37d1cb2dc8cac14c2125e46ac0128ffed1f36e6d1f,D:\动量策略\微盘股对冲策略\research_reports\20260926_l1_repair\st_timing\expansion_top30\pdfs\688309\1212813350.pdf,D:\动量策略\微盘股对冲策略\research_reports\20260926_l1_repair\st_timing\expansion_top30\pdfs\688309\1212813350.txt
22,688309,82,2022-04-23,1213046176,关于公司股票可能被实施退市风险警示的第三次提示性公告,context,within_old_target_span,effective_date_and_full_exit_needs_review,pdf,1747,https://static.cninfo.com.cn/finalpage/2022-04-23/1213046176.PDF,ca31b96d950429b4b3ad81458e5cf2f5575630c627ffd06e027c394c0edfea39,D:\动量策略\微盘股对冲策略\research_reports\20260926_l1_repair\st_timing\expansion_top30\pdfs\688309\1213046176.pdf,D:\动量策略\微盘股对冲策略\research_reports\20260926_l1_repair\st_timing\expansion_top30\pdfs\688309\1213046176.txt
22,688309,82,2022-04-27,1213139260,恒誉环保关于公司股票实施退市风险警示暨停牌公告,entry,within_old_target_span,effective_date_and_full_exit_needs_review,pdf,2030,https://static.cninfo.com.cn/finalpage/2022-04-27/1213139260.PDF,0d2bd8b6cf1a2ec3dee5ed98c0b1f9a61758d98bbfda580e21d7f21403b57a4c,D:\动量策略\微盘股对冲策略\research_reports\20260926_l1_repair\st_timing\expansion_top30\pdfs\688309\1213139260.pdf,D:\动量策略\微盘股对冲策略\research_reports\20260926_l1_repair\st_timing\expansion_top30\pdfs\688309\1213139260.txt
22,688309,82,2023-03-30,1216255413,方正证券承销保荐有限责任公司关于济南恒誉环保科技股份有限公司申请撤销公司股票退市风险警示的核查意见,context,within_old_target_span,effective_date_and_full_exit_needs_review,pdf,1560,https://static.cninfo.com.cn/finalpage/2023-03-30/1216255413.PDF,7df1a50448953643ec0d7cbd614fb9cba1f4273b29e2919e5c8e75ec158c221f,D:\动量策略\微盘股对冲策略\research_reports\20260926_l1_repair\st_timing\expansion_top30\pdfs\688309\1216255413.pdf,D:\动量策略\微盘股对冲策略\research_reports\20260926_l1_repair\st_timing\expansion_top30\pdfs\688309\1216255413.txt
22,688309,82,2023-03-30,1216255674,关于申请撤销公司股票退市风险警示的公告,context,within_old_target_span,effective_date_and_full_exit_needs_review,pdf,2207,https://static.cninfo.com.cn/finalpage/2023-03-30/1216255674.PDF,b7c7760c4db3cd533be62c67ec4cef2acba979e135ec2eaa33f17379fa8681d7,D:\动量策略\微盘股对冲策略\research_reports\20260926_l1_repair\st_timing\expansion_top30\pdfs\688309\1216255674.pdf,D:\动量策略\微盘股对冲策略\research_reports\20260926_l1_repair\st_timing\expansion_top30\pdfs\688309\1216255674.txt
22,688309,82,2023-05-05,1216748655,关于公司股票撤销退市风险警示暨停牌公告,needs_review,within_old_target_span,effective_date_and_full_exit_needs_review,pdf,1878,https://static.cninfo.com.cn/finalpage/2023-05-05/1216748655.PDF,0546b33a5ed5c05085d1ef3068fa8aa3296f82d19fdc8c843bd238237e79792a,D:\动量策略\微盘股对冲策略\research_reports\20260926_l1_repair\st_timing\expansion_top30\pdfs\688309\1216748655.pdf,D:\动量策略\微盘股对冲策略\research_reports\20260926_l1_repair\st_timing\expansion_top30\pdfs\688309\1216748655.txt
23,600539,80,2011-06-29,59608876,关于公司股票被特别处理的公告,context,before_first_target,prehistory_or_initial_state_needs_closure,pdf,652,https://static.cninfo.com.cn/finalpage/2011-06-29/59608876.PDF,2dad7f47c2c8f34978356f5be0913501c938250f6f33743dd240a54f997bd855,D:\动量策略\微盘股对冲策略\research_reports\20260926_l1_repair\st_timing\expansion_top30\pdfs\600539\59608876.pdf,D:\动量策略\微盘股对冲策略\research_reports\20260926_l1_repair\st_timing\expansion_top30\pdfs\600539\59608876.txt
23,600539,80,2012-08-22,61458985,关于2012年公司股票仍将被实施其他风险警示的公告,entry,before_first_target,prehistory_or_initial_state_needs_closure,pdf,761,https://static.cninfo.com.cn/finalpage/2012-08-22/61458985.PDF,86d60ccde556b103a4c3c2efff558d50b8d557cd3d485b14bfb8cfcc4e68e2d5,D:\动量策略\微盘股对冲策略\research_reports\20260926_l1_repair\st_timing\expansion_top30\pdfs\600539\61458985.pdf,D:\动量策略\微盘股对冲策略\research_reports\20260926_l1_repair\st_timing\expansion_top30\pdfs\600539\61458985.txt
23,600539,80,2014-07-02,1200024216,关于申请公司股票撤销其他风险警示的公告,needs_review,before_first_target,prehistory_or_initial_state_needs_closure,pdf,1123,https://static.cninfo.com.cn/finalpage/2014-07-02/1200024216.PDF,fcf847ec4ce3cef28309790a9ea3fb6ea6ad2b8ffdac182f94b630909897e56f,D:\动量策略\微盘股对冲策略\research_reports\20260926_l1_repair\st_timing\expansion_top30\pdfs\600539\1200024216.pdf,D:\动量策略\微盘股对冲策略\research_reports\20260926_l1_repair\st_timing\expansion_top30\pdfs\600539\1200024216.txt
23,600539,80,2014-07-07,1200036039,关于公司股票撤销其他风险警示的公告,needs_review,before_first_target,prehistory_or_initial_state_needs_closure,pdf,2637,https://static.cninfo.com.cn/finalpage/2014-07-07/1200036039.PDF,1a303ba96e46120a7160227fdc419c919596de755d72819479a18b4916a3417a,D:\动量策略\微盘股对冲策略\research_reports\20260926_l1_repair\st_timing\expansion_top30\pdfs\600539\1200036039.pdf,D:\动量策略\微盘股对冲策略\research_reports\20260926_l1_repair\st_timing\expansion_top30\pdfs\600539\1200036039.txt
23,600539,80,2015-01-21,1200561894,2014年年度业绩预亏暨公司股票可能被实施退市风险警示的提示性公告,context,before_first_target,prehistory_or_initial_state_needs_closure,pdf,737,https://static.cninfo.com.cn/finalpage/2015-01-21/1200561894.PDF,035d581ef665fb18319dc738639ccb52a661120367de8a715100424c07a85413,D:\动量策略\微盘股对冲策略\research_reports\20260926_l1_repair\st_timing\expansion_top30\pdfs\600539\1200561894.pdf,D:\动量策略\微盘股对冲策略\research_reports\20260926_l1_repair\st_timing\expansion_top30\pdfs\600539\1200561894.txt
23,600539,80,2015-03-28,1200756202,股票可能被实施退市风险警示的第一次提示性公告,context,before_first_target,prehistory_or_initial_state_needs_closure,pdf,780,https://static.cninfo.com.cn/finalpage/2015-03-28/1200756202.PDF,d3c10ed3de72e2adff840e732ce2b2dc3f492a402d34190087361cad7a951f41,D:\动量策略\微盘股对冲策略\research_reports\20260926_l1_repair\st_timing\expansion_top30\pdfs\600539\1200756202.pdf,D:\动量策略\微盘股对冲策略\research_reports\20260926_l1_repair\st_timing\expansion_top30\pdfs\600539\1200756202.txt
23,600539,80,2015-04-11,1200813577,关于太原狮头水泥股份有限公司股票可能被实施退市风险警示的第三次提示性公告,context,before_first_target,prehistory_or_initial_state_needs_closure,pdf,900,https://static.cninfo.com.cn/finalpage/2015-04-11/1200813577.PDF,c05e1ced0c23c1d7638865e9f343f1face8e2bc6f267b0d0ba45af9f963960e0,D:\动量策略\微盘股对冲策略\research_reports\20260926_l1_repair\st_timing\expansion_top30\pdfs\600539\1200813577.pdf,D:\动量策略\微盘股对冲策略\research_reports\20260926_l1_repair\st_timing\expansion_top30\pdfs\600539\1200813577.txt
23,600539,80,2015-04-20,1200869753,关于公司股票被实施退市风险警示的公告,entry,before_first_target,prehistory_or_initial_state_needs_closure,pdf,1789,https://static.cninfo.com.cn/finalpage/2015-04-20/1200869753.PDF,33473e5cabf78b421b413b9db6213a6ce64ee6a5a3ef4d325319418b6878c0c3,D:\动量策略\微盘股对冲策略\research_reports\20260926_l1_repair\st_timing\expansion_top30\pdfs\600539\1200869753.pdf,D:\动量策略\微盘股对冲策略\research_reports\20260926_l1_repair\st_timing\expansion_top30\pdfs\600539\1200869753.txt
23,600539,80,2016-04-29,1202265371,关于申请撤销公司退市风险警示的公告,context,before_first_target,prehistory_or_initial_state_needs_closure,pdf,1482,https://static.cninfo.com.cn/finalpage/2016-04-29/1202265371.PDF,a5a8b2d4d9868137910481e12eff0ffcca851b996ff4e1537aacd984d31db959,D:\动量策略\微盘股对冲策略\research_reports\20260926_l1_repair\st_timing\expansion_top30\pdfs\600539\1202265371.pdf,D:\动量策略\微盘股对冲策略\research_reports\20260926_l1_repair\st_timing\expansion_top30\pdfs\600539\1202265371.txt
23,600539,80,2016-05-10,1202313267,关于公司股票撤销退市风险警示的公告,needs_review,before_first_target,prehistory_or_initial_state_needs_closure,pdf,2276,https://static.cninfo.com.cn/finalpage/2016-05-10/1202313267.PDF,58fb97a12fe644e09196a1030d2a318dd39906acadc913dad53c9fdae4fd8563,D:\动量策略\微盘股对冲策略\research_reports\20260926_l1_repair\st_timing\expansion_top30\pdfs\600539\1202313267.pdf,D:\动量策略\微盘股对冲策略\research_reports\20260926_l1_repair\st_timing\expansion_top30\pdfs\600539\1202313267.txt
23,600539,80,2016-07-14,1202470263,关于主要控股子公司银行账户被冻结暨股票实施其他风险警示的公告,entry,before_first_target,prehistory_or_initial_state_needs_closure,pdf,1468,https://static.cninfo.com.cn/finalpage/2016-07-14/1202470263.PDF,4a2a672cef2ced5f02e51f587749f17ad59c05e88cd5f361b9cebe6719cd75f9,D:\动量策略\微盘股对冲策略\research_reports\20260926_l1_repair\st_timing\expansion_top30\pdfs\600539\1202470263.pdf,D:\动量策略\微盘股对冲策略\research_reports\20260926_l1_repair\st_timing\expansion_top30\pdfs\600539\1202470263.txt
23,600539,80,2017-04-07,1203258267,关于申请撤销A股股票其他风险警示的公告,context,before_first_target,prehistory_or_initial_state_needs_closure,pdf,1647,https://static.cninfo.com.cn/finalpage/2017-04-07/1203258267.PDF,a70115de591f886442ec40ba8f5fce2748b293d87060ef9fcfba0eb69bffba41,D:\动量策略\微盘股对冲策略\research_reports\20260926_l1_repair\st_timing\expansion_top30\pdfs\600539\1203258267.pdf,D:\动量策略\微盘股对冲策略\research_reports\20260926_l1_repair\st_timing\expansion_top30\pdfs\600539\1203258267.txt
23,600539,80,2017-04-14,1203297108,关于公司股票撤销其他风险警示的公告,needs_review,before_first_target,prehistory_or_initial_state_needs_closure,pdf,2667,https://static.cninfo.com.cn/finalpage/2017-04-14/1203297108.PDF,eab9f02bed1196edee564c9064eb1fd51a28d6e990f2fbc5b474d4075b34848a,D:\动量策略\微盘股对冲策略\research_reports\20260926_l1_repair\st_timing\expansion_top30\pdfs\600539\1203297108.pdf,D:\动量策略\微盘股对冲策略\research_reports\20260926_l1_repair\st_timing\expansion_top30\pdfs\600539\1203297108.txt
23,600539,80,2018-04-14,1204626981,关于公司股票可能被实施退市风险警示的提示性公告,context,before_first_target,prehistory_or_initial_state_needs_closure,pdf,851,https://static.cninfo.com.cn/finalpage/2018-04-14/1204626981.PDF,7fe2d448ef3efbcbd2ca94d5bfd8dade10665f4911f59e725694a141b250c6ea,D:\动量策略\微盘股对冲策略\research_reports\20260926_l1_repair\st_timing\expansion_top30\pdfs\600539\1204626981.pdf,D:\动量策略\微盘股对冲策略\research_reports\20260926_l1_repair\st_timing\expansion_top30\pdfs\600539\1204626981.txt
23,600539,80,2018-04-21,1204679688,关于股票可能被实施退市风险警示的第二次提示性公告,context,before_first_target,prehistory_or_initial_state_needs_closure,pdf,867,https://static.cninfo.com.cn/finalpage/2018-04-21/1204679688.PDF,cc19ec24206b02ca51e62f79d2b16e3212957487dfd743de609771f9f9df7249,D:\动量策略\微盘股对冲策略\research_reports\20260926_l1_repair\st_timing\expansion_top30\pdfs\600539\1204679688.pdf,D:\动量策略\微盘股对冲策略\research_reports\20260926_l1_repair\st_timing\expansion_top30\pdfs\600539\1204679688.txt
23,600539,80,2018-04-23,1204683214,关于股票可能被实施退市风险警示的第三次提示性公告,context,before_first_target,prehistory_or_initial_state_needs_closure,pdf,867,https://static.cninfo.com.cn/finalpage/2018-04-23/1204683214.PDF,1055c38613ca29c89bfc8193d0f87fb7c3d42905e3b12e69f1bbc7b82acbe882,D:\动量策略\微盘股对冲策略\research_reports\20260926_l1_repair\st_timing\expansion_top30\pdfs\600539\1204683214.pdf,D:\动量策略\微盘股对冲策略\research_reports\20260926_l1_repair\st_timing\expansion_top30\pdfs\600539\1204683214.txt
23,600539,80,2018-04-24,1204704365,关于公司A股股票被实施退市风险警示的公告,entry,before_first_target,prehistory_or_initial_state_needs_closure,pdf,1532,https://static.cninfo.com.cn/finalpage/2018-04-24/1204704365.PDF,6fbe472ef15d46ff899b796124a657e4b0a43d9fe07951ee99c834901ca9a058,D:\动量策略\微盘股对冲策略\research_reports\20260926_l1_repair\st_timing\expansion_top30\pdfs\600539\1204704365.pdf,D:\动量策略\微盘股对冲策略\research_reports\20260926_l1_repair\st_timing\expansion_top30\pdfs\600539\1204704365.txt
23,600539,80,2019-03-28,1205950470,关于申请撤销公司股票退市风险警示及可能被实施其他风险警示的公告,context,before_first_target,prehistory_or_initial_state_needs_closure,pdf,1961,https://static.cninfo.com.cn/finalpage/2019-03-28/1205950470.PDF,ccfec1573b65db58f2aa7ce0e0ff0e55fb7594afae4550d45e11cf63fa6e352e,D:\动量策略\微盘股对冲策略\research_reports\20260926_l1_repair\st_timing\expansion_top30\pdfs\600539\1205950470.pdf,D:\动量策略\微盘股对冲策略\research_reports\20260926_l1_repair\st_timing\expansion_top30\pdfs\600539\1205950470.txt
23,600539,80,2019-04-04,1205992909,关于公司股票撤销退市风险警示并实施其他风险警示的公告,remain_st,before_first_target,prehistory_or_initial_state_needs_closure,pdf,1741,https://static.cninfo.com.cn/finalpage/2019-04-04/1205992909.PDF,bec1d66364f9fc2ac96eefb9a0c54cb3b57f826b2b083a29ad69a00c7f9f902f,D:\动量策略\微盘股对冲策略\research_reports\20260926_l1_repair\st_timing\expansion_top30\pdfs\600539\1205992909.pdf,D:\动量策略\微盘股对冲策略\research_reports\20260926_l1_repair\st_timing\expansion_top30\pdfs\600539\1205992909.txt
23,600539,80,2021-04-30,1209874128,关于申请撤销公司股票其他风险警示的公告（更正）,context,before_first_target,prehistory_or_initial_state_needs_closure,pdf,944,https://static.cninfo.com.cn/finalpage/2021-04-30/1209874128.PDF,6bc2adf2b8bc1d52ca25497bf18cc7d0d59a207825f705395b9efabe57ef052a,D:\动量策略\微盘股对冲策略\research_reports\20260926_l1_repair\st_timing\expansion_top30\pdfs\600539\1209874128.pdf,D:\动量策略\微盘股对冲策略\research_reports\20260926_l1_repair\st_timing\expansion_top30\pdfs\600539\1209874128.txt
23,600539,80,2021-04-30,1209874138,关于申请撤销公司股票其他风险警示的公告,context,before_first_target,prehistory_or_initial_state_needs_closure,pdf,1659,https://static.cninfo.com.cn/finalpage/2021-04-30/1209874138.PDF,9067655dd4b5d91bd8a5afaae567cb45997ab335614e1436058495df71ea6cbf,D:\动量策略\微盘股对冲策略\research_reports\20260926_l1_repair\st_timing\expansion_top30\pdfs\600539\1209874138.pdf,D:\动量策略\微盘股对冲策略\research_reports\20260926_l1_repair\st_timing\expansion_top30\pdfs\600539\1209874138.txt
23,600539,80,2021-05-18,1209994536,关于公司股票撤销其他风险警示暨停牌的公告,needs_review,before_first_target,prehistory_or_initial_state_needs_closure,pdf,1287,https://static.cninfo.com.cn/finalpage/2021-05-18/1209994536.PDF,8370f284a69e411b76735943cc8d470ef9fdcc1c0b487c21440909dab3ef6593,D:\动量策略\微盘股对冲策略\research_reports\20260926_l1_repair\st_timing\expansion_top30\pdfs\600539\1209994536.pdf,D:\动量策略\微盘股对冲策略\research_reports\20260926_l1_repair\st_timing\expansion_top30\pdfs\600539\1209994536.txt
24,600603,74,2003-04-30,10693002,股票交易实行退市风险警示的公告,entry,before_first_target,prehistory_or_initial_state_needs_closure,html,357,https://static.cninfo.com.cn/finalpage/2003-04-30/10693002.html,146970db1fc672b2477449a49bb667159319f20412b9cbfbcefcf57f8ffe3798,D:\动量策略\微盘股对冲策略\research_reports\20260926_l1_repair\st_timing\expansion_top30\pdfs\600603\10693002.html,D:\动量策略\微盘股对冲策略\research_reports\20260926_l1_repair\st_timing\expansion_top30\pdfs\600603\10693002.txt
24,600603,74,2004-04-30,14016913,股票解除退市风险警示的公告,context,before_first_target,prehistory_or_initial_state_needs_closure,html,440,https://static.cninfo.com.cn/finalpage/2004-04-30/14016913.html,a37c5d5ffbbdc7970cdd0efc257b85ba3c9a8b9fa604f791b776c8dda1dcf747,D:\动量策略\微盘股对冲策略\research_reports\20260926_l1_repair\st_timing\expansion_top30\pdfs\600603\14016913.html,D:\动量策略\微盘股对冲策略\research_reports\20260926_l1_repair\st_timing\expansion_top30\pdfs\600603\14016913.txt
24,600603,74,2012-01-18,60458361,关于公司股票被实行退市风险警示的公告,entry,within_old_target_span,effective_date_and_full_exit_needs_review,pdf,390,https://static.cninfo.com.cn/finalpage/2012-01-18/60458361.PDF,01100269d08b3cae32f8b63d591e0375312ce36acfc1be47aa6b8598d76f49b0,D:\动量策略\微盘股对冲策略\research_reports\20260926_l1_repair\st_timing\expansion_top30\pdfs\600603\60458361.pdf,D:\动量策略\微盘股对冲策略\research_reports\20260926_l1_repair\st_timing\expansion_top30\pdfs\600603\60458361.txt
24,600603,74,2014-02-28,63616805,关于申请公司股票撤销退市风险警示的公告,needs_review,within_old_target_span,effective_date_and_full_exit_needs_review,pdf,1390,https://static.cninfo.com.cn/finalpage/2014-02-28/63616805.PDF,94dc607d2c7467095cb2a470565f85e7d9b584e83e5a4b72122f72008e857180,D:\动量策略\微盘股对冲策略\research_reports\20260926_l1_repair\st_timing\expansion_top30\pdfs\600603\63616805.pdf,D:\动量策略\微盘股对冲策略\research_reports\20260926_l1_repair\st_timing\expansion_top30\pdfs\600603\63616805.txt
24,600603,74,2014-03-07,63645680,关于公司股票撤销退市风险警示的公告,needs_review,within_old_target_span,effective_date_and_full_exit_needs_review,pdf,1909,https://static.cninfo.com.cn/finalpage/2014-03-07/63645680.PDF,f7457c4f3dd12fd9fe151bd5115d8d64157c3106832f74646252af23153190fa,D:\动量策略\微盘股对冲策略\research_reports\20260926_l1_repair\st_timing\expansion_top30\pdfs\600603\63645680.pdf,D:\动量策略\微盘股对冲策略\research_reports\20260926_l1_repair\st_timing\expansion_top30\pdfs\600603\63645680.txt
24,600603,74,2016-01-27,1201944299,关于公司股票可能被实施退市风险警示的提示性公告,context,within_old_target_span,effective_date_and_full_exit_needs_review,pdf,615,https://static.cninfo.com.cn/finalpage/2016-01-27/1201944299.PDF,330afffec9b89db1a4aa4ed8e712035eab6a94ce48871b74aeaa53e0abe7373e,D:\动量策略\微盘股对冲策略\research_reports\20260926_l1_repair\st_timing\expansion_top30\pdfs\600603\1201944299.pdf,D:\动量策略\微盘股对冲策略\research_reports\20260926_l1_repair\st_timing\expansion_top30\pdfs\600603\1201944299.txt
24,600603,74,2016-02-05,1201973250,关于公司股票实施退市风险警示的公告,entry,after_last_target,after_last_target_no_direct_old_row_overlap,pdf,1291,https://static.cninfo.com.cn/finalpage/2016-02-05/1201973250.PDF,6d183f894b3997a1ce2eae5e4b8588a21ed4d981499a4ec9e0436f23a223b6e1,D:\动量策略\微盘股对冲策略\research_reports\20260926_l1_repair\st_timing\expansion_top30\pdfs\600603\1201973250.pdf,D:\动量策略\微盘股对冲策略\research_reports\20260926_l1_repair\st_timing\expansion_top30\pdfs\600603\1201973250.txt
24,600603,74,2017-03-18,1203174969,关于申请撤销公司股票退市风险警示的公告,context,after_last_target,after_last_target_no_direct_old_row_overlap,pdf,1224,https://static.cninfo.com.cn/finalpage/2017-03-18/1203174969.PDF,f502f575baeb0848d96c4942623872106b485323d30734cf901642c00a18a5fc,D:\动量策略\微盘股对冲策略\research_reports\20260926_l1_repair\st_timing\expansion_top30\pdfs\600603\1203174969.pdf,D:\动量策略\微盘股对冲策略\research_reports\20260926_l1_repair\st_timing\expansion_top30\pdfs\600603\1203174969.txt
24,600603,74,2017-03-25,1203196044,关于公司股票撤销退市风险警示的公告,needs_review,after_last_target,after_last_target_no_direct_old_row_overlap,pdf,2866,https://static.cninfo.com.cn/finalpage/2017-03-25/1203196044.PDF,54d6d1d4845bb16d5d0d9f4145d60ecc6b9cc6a8415f2a4576cbef044bc306a4,D:\动量策略\微盘股对冲策略\research_reports\20260926_l1_repair\st_timing\expansion_top30\pdfs\600603\1203196044.pdf,D:\动量策略\微盘股对冲策略\research_reports\20260926_l1_repair\st_timing\expansion_top30\pdfs\600603\1203196044.txt
24,600603,74,2024-08-31,1221086134,广汇物流股份有限公司股票被实施其他风险警示暨停牌的公告,entry,after_last_target,after_last_target_no_direct_old_row_overlap,pdf,2504,https://static.cninfo.com.cn/finalpage/2024-08-31/1221086134.PDF,b516414e011b56efb371bf546bc0f737aa8fc2f03263496b3a228de4030277a5,D:\动量策略\微盘股对冲策略\research_reports\20260926_l1_repair\st_timing\expansion_top30\pdfs\600603\1221086134.pdf,D:\动量策略\微盘股对冲策略\research_reports\20260926_l1_repair\st_timing\expansion_top30\pdfs\600603\1221086134.txt
24,600603,74,2025-10-14,1224709820,广汇物流股份有限公司关于申请撤销公司股票其他风险警示的公告,context,after_last_target,after_last_target_no_direct_old_row_overlap,pdf,1774,https://static.cninfo.com.cn/finalpage/2025-10-14/1224709820.PDF,447e120e5a345674cd6d706ba559417ada846196e2015abdf5ff1642a0bb08cf,D:\动量策略\微盘股对冲策略\research_reports\20260926_l1_repair\st_timing\expansion_top30\pdfs\600603\1224709820.pdf,D:\动量策略\微盘股对冲策略\research_reports\20260926_l1_repair\st_timing\expansion_top30\pdfs\600603\1224709820.txt
24,600603,74,2025-10-28,1224742121,广汇物流股份有限公司关于撤销股票其他风险警示暨停牌的公告,needs_review,after_last_target,after_last_target_no_direct_old_row_overlap,pdf,2271,https://static.cninfo.com.cn/finalpage/2025-10-28/1224742121.PDF,0e693e04d25a624b28b1a332636fe9a2c96475586b81598c2d60dd313c17ff4c,D:\动量策略\微盘股对冲策略\research_reports\20260926_l1_repair\st_timing\expansion_top30\pdfs\600603\1224742121.pdf,D:\动量策略\微盘股对冲策略\research_reports\20260926_l1_repair\st_timing\expansion_top30\pdfs\600603\1224742121.txt
25,300087,70,2026-06-27,1225392834,关于公司股票被实施其他风险警示暨股票停复牌的提示性公告,entry,after_last_target,after_last_target_no_direct_old_row_overlap,pdf,1936,https://static.cninfo.com.cn/finalpage/2026-06-27/1225392834.PDF,12173859a59e55a7d36b2d4a5825db972b134a60cdf4a5b04cffeb83687fd8d5,D:\动量策略\微盘股对冲策略\research_reports\20260926_l1_repair\st_timing\expansion_top30\pdfs\300087\1225392834.pdf,D:\动量策略\微盘股对冲策略\research_reports\20260926_l1_repair\st_timing\expansion_top30\pdfs\300087\1225392834.txt
26,300594,69,2026-04-29,1225250543,山东朗进科技股份有限公司关于公司股票交易将被实施其他风险警示暨股票停复牌的提示性公告,entry,after_last_target,after_last_target_no_direct_old_row_overlap,pdf,1993,https://static.cninfo.com.cn/finalpage/2026-04-29/1225250543.PDF,83ef4c290b9ec53140ec1aae3f3b501757cef1cacd9203fbbf47cca5a8bc7f7a,D:\动量策略\微盘股对冲策略\research_reports\20260926_l1_repair\st_timing\expansion_top30\pdfs\300594\1225250543.pdf,D:\动量策略\微盘股对冲策略\research_reports\20260926_l1_repair\st_timing\expansion_top30\pdfs\300594\1225250543.txt
26,300594,69,2026-05-06,1225279519,山东朗进科技股份有限公司关于公司股票交易被实施其他风险警示相关事项的进展公告,context,after_last_target,after_last_target_no_direct_old_row_overlap,pdf,1425,https://static.cninfo.com.cn/finalpage/2026-05-06/1225279519.PDF,bd7b0c9910a2ceb939adf2fcac6868561e82e413c388fed2e9f950bfa970eb40,D:\动量策略\微盘股对冲策略\research_reports\20260926_l1_repair\st_timing\expansion_top30\pdfs\300594\1225279519.pdf,D:\动量策略\微盘股对冲策略\research_reports\20260926_l1_repair\st_timing\expansion_top30\pdfs\300594\1225279519.txt
26,300594,69,2026-06-02,1225347603,山东朗进科技股份有限公司关于公司股票交易被实施其他风险警示相关事项的进展公告,context,after_last_target,after_last_target_no_direct_old_row_overlap,pdf,1425,https://static.cninfo.com.cn/finalpage/2026-06-02/1225347603.PDF,b750c496ab46b5b78cbc20ee1a99b83e58c3043e17e6358c20b1a552578adc13,D:\动量策略\微盘股对冲策略\research_reports\20260926_l1_repair\st_timing\expansion_top30\pdfs\300594\1225347603.pdf,D:\动量策略\微盘股对冲策略\research_reports\20260926_l1_repair\st_timing\expansion_top30\pdfs\300594\1225347603.txt
26,300594,69,2026-07-03,1225408443,山东朗进科技股份有限公司关于公司股票交易被实施其他风险警示相关事项的进展公告,context,after_last_target,after_last_target_no_direct_old_row_overlap,pdf,1352,https://static.cninfo.com.cn/finalpage/2026-07-03/1225408443.PDF,4835e10227c6611b30d445986d41a51ea7e92bab3f4c857a21340331fc56f16a,D:\动量策略\微盘股对冲策略\research_reports\20260926_l1_repair\st_timing\expansion_top30\pdfs\300594\1225408443.pdf,D:\动量策略\微盘股对冲策略\research_reports\20260926_l1_repair\st_timing\expansion_top30\pdfs\300594\1225408443.txt
26,300594,69,2026-08-05,1225459720,山东朗进科技股份有限公司关于公司股票交易被实施其他风险警示相关事项的进展公告,context,after_last_target,after_last_target_no_direct_old_row_overlap,pdf,1385,https://static.cninfo.com.cn/finalpage/2026-08-05/1225459720.PDF,aa82dd22b8537394f1868cc51acfa3b3a5b1df5236b51da7a0cbed0a12422690,D:\动量策略\微盘股对冲策略\research_reports\20260926_l1_repair\st_timing\expansion_top30\pdfs\300594\1225459720.pdf,D:\动量策略\微盘股对冲策略\research_reports\20260926_l1_repair\st_timing\expansion_top30\pdfs\300594\1225459720.txt
26,300594,69,2026-09-03,1225546407,山东朗进科技股份有限公司关于公司股票交易被实施其他风险警示相关事项的进展公告,context,after_last_target,after_last_target_no_direct_old_row_overlap,pdf,1527,https://static.cninfo.com.cn/finalpage/2026-09-03/1225546407.PDF,9b1124ef8dac82c3343407eafc2f805a8b32f93f1575cc339dd29bb17dbc1342,D:\动量策略\微盘股对冲策略\research_reports\20260926_l1_repair\st_timing\expansion_top30\pdfs\300594\1225546407.pdf,D:\动量策略\微盘股对冲策略\research_reports\20260926_l1_repair\st_timing\expansion_top30\pdfs\300594\1225546407.txt
27,600319,69,2011-11-26,60247302,股票交易可能被实施其他特别处理的风险提示公告,context,before_first_target,prehistory_or_initial_state_needs_closure,pdf,515,https://static.cninfo.com.cn/finalpage/2011-11-26/60247302.PDF,1addda020727404a48f7483abae85c29dca78b73e8e07617da01109a90b0bfc4,D:\动量策略\微盘股对冲策略\research_reports\20260926_l1_repair\st_timing\expansion_top30\pdfs\600319\60247302.pdf,D:\动量策略\微盘股对冲策略\research_reports\20260926_l1_repair\st_timing\expansion_top30\pdfs\600319\60247302.txt
27,600319,69,2013-02-22,62142650,关于公司可能被实施退市风险警示的第二次风险提示性公告,context,before_first_target,prehistory_or_initial_state_needs_closure,pdf,535,https://static.cninfo.com.cn/finalpage/2013-02-22/62142650.PDF,9776b978367bfb61cfd6b86452d88bfa87b4346bff860745e744fc254266c955,D:\动量策略\微盘股对冲策略\research_reports\20260926_l1_repair\st_timing\expansion_top30\pdfs\600319\62142650.pdf,D:\动量策略\微盘股对冲策略\research_reports\20260926_l1_repair\st_timing\expansion_top30\pdfs\600319\62142650.txt
27,600319,69,2013-04-19,62383468,关于公司可能被实施退市风险警示的第三次风险提示性公告,context,before_first_target,prehistory_or_initial_state_needs_closure,pdf,618,https://static.cninfo.com.cn/finalpage/2013-04-19/62383468.PDF,21921d4738a102485760b777923d578a13c5f1f9114450e157972465e0b19530,D:\动量策略\微盘股对冲策略\research_reports\20260926_l1_repair\st_timing\expansion_top30\pdfs\600319\62383468.pdf,D:\动量策略\微盘股对冲策略\research_reports\20260926_l1_repair\st_timing\expansion_top30\pdfs\600319\62383468.txt
27,600319,69,2013-04-26,62432391,股票实施风险警示公告,entry,before_first_target,prehistory_or_initial_state_needs_closure,pdf,1038,https://static.cninfo.com.cn/finalpage/2013-04-26/62432391.PDF,a098d50d7609b4921c5163c98735ab9b86488ac0dbaa8185e05852e3ddd87562,D:\动量策略\微盘股对冲策略\research_reports\20260926_l1_repair\st_timing\expansion_top30\pdfs\600319\62432391.pdf,D:\动量策略\微盘股对冲策略\research_reports\20260926_l1_repair\st_timing\expansion_top30\pdfs\600319\62432391.txt
27,600319,69,2014-04-26,63929910,关于申请撤销公司股票退市风险警示的公告,context,before_first_target,prehistory_or_initial_state_needs_closure,pdf,1221,https://static.cninfo.com.cn/finalpage/2014-04-26/63929910.PDF,5685a928d1017da3776901b0feaaa5e9872311c575bef0bed79692b4c770603e,D:\动量策略\微盘股对冲策略\research_reports\20260926_l1_repair\st_timing\expansion_top30\pdfs\600319\63929910.pdf,D:\动量策略\微盘股对冲策略\research_reports\20260926_l1_repair\st_timing\expansion_top30\pdfs\600319\63929910.txt
27,600319,69,2014-05-07,63990272,关于公司股票撤销退市风险警示的公告,needs_review,before_first_target,prehistory_or_initial_state_needs_closure,pdf,1776,https://static.cninfo.com.cn/finalpage/2014-05-07/63990272.PDF,573a78bcbcae81025fa5f9828c883c18081df4bb3963911b2864c1a385fbba31,D:\动量策略\微盘股对冲策略\research_reports\20260926_l1_repair\st_timing\expansion_top30\pdfs\600319\63990272.pdf,D:\动量策略\微盘股对冲策略\research_reports\20260926_l1_repair\st_timing\expansion_top30\pdfs\600319\63990272.txt
27,600319,69,2016-01-30,1201954145,关于公司股票可能被实施退市风险警示的提示性公告,context,within_old_target_span,effective_date_and_full_exit_needs_review,pdf,584,https://static.cninfo.com.cn/finalpage/2016-01-30/1201954145.PDF,dcd1afaea1882bcf224f8bb66e72265888b8d26c5da951b5965ccb7faf4c7c51,D:\动量策略\微盘股对冲策略\research_reports\20260926_l1_repair\st_timing\expansion_top30\pdfs\600319\1201954145.pdf,D:\动量策略\微盘股对冲策略\research_reports\20260926_l1_repair\st_timing\expansion_top30\pdfs\600319\1201954145.txt
27,600319,69,2016-02-27,1202004803,关于公司股票可能被实施退市风险警示的第二次提示性公告,context,within_old_target_span,effective_date_and_full_exit_needs_review,pdf,702,https://static.cninfo.com.cn/finalpage/2016-02-27/1202004803.PDF,fe2b0d8fb577462811265ab55d974e37ffef69b380b0dcec6080a43c41160998,D:\动量策略\微盘股对冲策略\research_reports\20260926_l1_repair\st_timing\expansion_top30\pdfs\600319\1202004803.pdf,D:\动量策略\微盘股对冲策略\research_reports\20260926_l1_repair\st_timing\expansion_top30\pdfs\600319\1202004803.txt
27,600319,69,2016-03-19,1202058624,关于公司股票可能被实施退市风险警示的第三次提示性公告,context,within_old_target_span,effective_date_and_full_exit_needs_review,pdf,771,https://static.cninfo.com.cn/finalpage/2016-03-19/1202058624.PDF,65f2b4ceda10d83a10582a9d6474b48181f9c3bbb41a496e91df4236a7d02cd3,D:\动量策略\微盘股对冲策略\research_reports\20260926_l1_repair\st_timing\expansion_top30\pdfs\600319\1202058624.pdf,D:\动量策略\微盘股对冲策略\research_reports\20260926_l1_repair\st_timing\expansion_top30\pdfs\600319\1202058624.txt
27,600319,69,2016-03-28,1202085725,关于公司股票实施退市风险警示的公告,entry,within_old_target_span,effective_date_and_full_exit_needs_review,pdf,2313,https://static.cninfo.com.cn/finalpage/2016-03-28/1202085725.PDF,10c761c6ae0032820c6e9264ab1cdfb9bfb7255c30bb355362765667a09b05fa,D:\动量策略\微盘股对冲策略\research_reports\20260926_l1_repair\st_timing\expansion_top30\pdfs\600319\1202085725.pdf,D:\动量策略\微盘股对冲策略\research_reports\20260926_l1_repair\st_timing\expansion_top30\pdfs\600319\1202085725.txt
27,600319,69,2016-03-30,1202098412,关于公司股票实施退市风险警示的补充公告,entry,within_old_target_span,effective_date_and_full_exit_needs_review,pdf,579,https://static.cninfo.com.cn/finalpage/2016-03-30/1202098412.PDF,e174e80080d7bc7454839572927696c4686ff33fbe82ff90716d65dc3b923ba1,D:\动量策略\微盘股对冲策略\research_reports\20260926_l1_repair\st_timing\expansion_top30\pdfs\600319\1202098412.pdf,D:\动量策略\微盘股对冲策略\research_reports\20260926_l1_repair\st_timing\expansion_top30\pdfs\600319\1202098412.txt
27,600319,69,2017-02-18,1203091643,关于申请撤销公司股票退市风险警示的公告,context,within_old_target_span,effective_date_and_full_exit_needs_review,pdf,1296,https://static.cninfo.com.cn/finalpage/2017-02-18/1203091643.PDF,cc10c86e54a547b0b741a8f837e852fea710f68afc9651b045e06dda557be8c0,D:\动量策略\微盘股对冲策略\research_reports\20260926_l1_repair\st_timing\expansion_top30\pdfs\600319\1203091643.pdf,D:\动量策略\微盘股对冲策略\research_reports\20260926_l1_repair\st_timing\expansion_top30\pdfs\600319\1203091643.txt
27,600319,69,2017-02-24,1203103960,关于公司股票撤销退市风险警示的公告,needs_review,within_old_target_span,effective_date_and_full_exit_needs_review,pdf,1620,https://static.cninfo.com.cn/finalpage/2017-02-24/1203103960.PDF,c28d413b208bad7d1beb416aa5c3af8b8cee604588d3feca61fa0fb57c94ffd9,D:\动量策略\微盘股对冲策略\research_reports\20260926_l1_repair\st_timing\expansion_top30\pdfs\600319\1203103960.pdf,D:\动量策略\微盘股对冲策略\research_reports\20260926_l1_repair\st_timing\expansion_top30\pdfs\600319\1203103960.txt
27,600319,69,2019-11-01,1207055137,关于公司股票实施其他风险警示暨停牌的公告,entry,within_old_target_span,effective_date_and_full_exit_needs_review,pdf,1481,https://static.cninfo.com.cn/finalpage/2019-11-01/1207055137.PDF,5335cb2622cb5b7408b4fbf944eb778cf4bf29ecb52eb0a19af0893b0334ebd2,D:\动量策略\微盘股对冲策略\research_reports\20260926_l1_repair\st_timing\expansion_top30\pdfs\600319\1207055137.pdf,D:\动量策略\微盘股对冲策略\research_reports\20260926_l1_repair\st_timing\expansion_top30\pdfs\600319\1207055137.txt
27,600319,69,2021-01-30,1209215679,潍坊亚星化学股份有限公司关于公司股票可能被实施退市风险警示的提示性公告,context,within_old_target_span,effective_date_and_full_exit_needs_review,pdf,880,https://static.cninfo.com.cn/finalpage/2021-01-30/1209215679.PDF,c94cdb0835887b7751c0eca769d2378df5916d9b7e8f6e2b8d43da752a731169,D:\动量策略\微盘股对冲策略\research_reports\20260926_l1_repair\st_timing\expansion_top30\pdfs\600319\1209215679.pdf,D:\动量策略\微盘股对冲策略\research_reports\20260926_l1_repair\st_timing\expansion_top30\pdfs\600319\1209215679.txt
27,600319,69,2021-04-06,1209637098,潍坊亚星化学股份有限公司关于公司股票可能被实施退市风险警示的第二次风险提示性公告,context,within_old_target_span,effective_date_and_full_exit_needs_review,pdf,969,https://static.cninfo.com.cn/finalpage/2021-04-06/1209637098.PDF,3f20c019c76ea08b10970ed6e0bf3f6631047466c316f025cc0be762e22d0447,D:\动量策略\微盘股对冲策略\research_reports\20260926_l1_repair\st_timing\expansion_top30\pdfs\600319\1209637098.pdf,D:\动量策略\微盘股对冲策略\research_reports\20260926_l1_repair\st_timing\expansion_top30\pdfs\600319\1209637098.txt
27,600319,69,2021-04-24,1209786791,潍坊亚星化学股份有限公司关于公司股票可能被实施退市风险警示的第三次风险提示性公告,context,within_old_target_span,effective_date_and_full_exit_needs_review,pdf,1028,https://static.cninfo.com.cn/finalpage/2021-04-24/1209786791.PDF,a8846ee4e7ecefafc26ad3e5b742f5f43afa81742a20e02e298c02e526c377bc,D:\动量策略\微盘股对冲策略\research_reports\20260926_l1_repair\st_timing\expansion_top30\pdfs\600319\1209786791.pdf,D:\动量策略\微盘股对冲策略\research_reports\20260926_l1_repair\st_timing\expansion_top30\pdfs\600319\1209786791.txt
27,600319,69,2021-04-29,1209860766,潍坊亚星化学股份有限公司关于公司股票被实施退市风险警示暨停牌的公告,entry,within_old_target_span,effective_date_and_full_exit_needs_review,pdf,1668,https://static.cninfo.com.cn/finalpage/2021-04-29/1209860766.PDF,2cd7fb11152d432c53d3c3d24fb363230049a5917db7b33cdc72ac178e43f7b9,D:\动量策略\微盘股对冲策略\research_reports\20260926_l1_repair\st_timing\expansion_top30\pdfs\600319\1209860766.pdf,D:\动量策略\微盘股对冲策略\research_reports\20260926_l1_repair\st_timing\expansion_top30\pdfs\600319\1209860766.txt
27,600319,69,2022-03-07,1212512453,潍坊亚星化学股份有限公司关于申请撤销公司股票退市风险警示的公告,context,within_old_target_span,effective_date_and_full_exit_needs_review,pdf,2320,https://static.cninfo.com.cn/finalpage/2022-03-07/1212512453.PDF,f5a31effadf1408966c6e82a0ad27db9364f5ca3cfc7ce10d5597945e6593330,D:\动量策略\微盘股对冲策略\research_reports\20260926_l1_repair\st_timing\expansion_top30\pdfs\600319\1212512453.pdf,D:\动量策略\微盘股对冲策略\research_reports\20260926_l1_repair\st_timing\expansion_top30\pdfs\600319\1212512453.txt
27,600319,69,2022-05-09,1213291858,潍坊亚星化学股份有限公司关于撤销退市风险警示及其他风险警示暨停牌的公告,needs_review,within_old_target_span,effective_date_and_full_exit_needs_review,pdf,2423,https://static.cninfo.com.cn/finalpage/2022-05-09/1213291858.PDF,907fae6490aa8857387910c81a1cd65646dd04c545b606291c4cc71d21b5410d,D:\动量策略\微盘股对冲策略\research_reports\20260926_l1_repair\st_timing\expansion_top30\pdfs\600319\1213291858.pdf,D:\动量策略\微盘股对冲策略\research_reports\20260926_l1_repair\st_timing\expansion_top30\pdfs\600319\1213291858.txt
28,600727,68,2009-04-30,52018257,关于公司股票被实施退市风险警示特别处理的公告,entry,before_first_target,prehistory_or_initial_state_needs_closure,pdf,1296,https://static.cninfo.com.cn/finalpage/2009-04-30/52018257.PDF,6e68a9eda13a277ea499c099360e990afa6483af14d7a4b3c350ba335b3ec46a,D:\动量策略\微盘股对冲策略\research_reports\20260926_l1_repair\st_timing\expansion_top30\pdfs\600727\52018257.pdf,D:\动量策略\微盘股对冲策略\research_reports\20260926_l1_repair\st_timing\expansion_top30\pdfs\600727\52018257.txt
28,600727,68,2012-06-26,61179143,关于撤销股票交易其他特别处理的公告,needs_review,before_first_target,prehistory_or_initial_state_needs_closure,pdf,1247,https://static.cninfo.com.cn/finalpage/2012-06-26/61179143.PDF,76614cec35d06d63450b1dc45ef710dcc7b918cee315e3049ebca2277389bc47,D:\动量策略\微盘股对冲策略\research_reports\20260926_l1_repair\st_timing\expansion_top30\pdfs\600727\61179143.pdf,D:\动量策略\微盘股对冲策略\research_reports\20260926_l1_repair\st_timing\expansion_top30\pdfs\600727\61179143.txt
29,603879,63,2024-04-30,1219918871,永悦科技关于股票被实施其他风险警示暨股票停牌的公告,entry,within_old_target_span,effective_date_and_full_exit_needs_review,pdf,2011,https://static.cninfo.com.cn/finalpage/2024-04-30/1219918871.PDF,b7380e64e58bbf977cf4c2cce6375194be423a5589589cf8097d34fb227ffa5e,D:\动量策略\微盘股对冲策略\research_reports\20260926_l1_repair\st_timing\expansion_top30\pdfs\603879\1219918871.pdf,D:\动量策略\微盘股对冲策略\research_reports\20260926_l1_repair\st_timing\expansion_top30\pdfs\603879\1219918871.txt
29,603879,63,2025-04-03,1222993757,永悦科技关于公司股票申请撤销其他风险警示的公告,context,within_old_target_span,effective_date_and_full_exit_needs_review,pdf,2646,https://static.cninfo.com.cn/finalpage/2025-04-03/1222993757.PDF,56f421a9bd0b40ca868d6a70fa9995b90696563f460772a3cd2d0f6673f012e1,D:\动量策略\微盘股对冲策略\research_reports\20260926_l1_repair\st_timing\expansion_top30\pdfs\603879\1222993757.pdf,D:\动量策略\微盘股对冲策略\research_reports\20260926_l1_repair\st_timing\expansion_top30\pdfs\603879\1222993757.txt
29,603879,63,2025-04-30,1223423243,永悦科技关于撤销其他风险警示暨停牌的公告,needs_review,within_old_target_span,effective_date_and_full_exit_needs_review,pdf,1572,https://static.cninfo.com.cn/finalpage/2025-04-30/1223423243.PDF,616cd7c4e9222b26c83276c619fd235e8e5a8924d7a8e7a49099b110feaf11d8,D:\动量策略\微盘股对冲策略\research_reports\20260926_l1_repair\st_timing\expansion_top30\pdfs\603879\1223423243.pdf,D:\动量策略\微盘股对冲策略\research_reports\20260926_l1_repair\st_timing\expansion_top30\pdfs\603879\1223423243.txt
30,300081,62,2026-04-03,1225080773,关于公司股票被实施其他风险警示暨股票停复牌的提示性公告,entry,after_last_target,after_last_target_no_direct_old_row_overlap,pdf,2679,https://static.cninfo.com.cn/finalpage/2026-04-03/1225080773.pdf,2a73267eb5678b6f2dee3b7f41f0896c0e60391a9fd09674011c85ed7cd0ebc3,D:\动量策略\微盘股对冲策略\research_reports\20260926_l1_repair\st_timing\expansion_top30\pdfs\300081\1225080773.pdf,D:\动量策略\微盘股对冲策略\research_reports\20260926_l1_repair\st_timing\expansion_top30\pdfs\300081\1225080773.txt
30,300081,62,2026-05-08,1225286707,关于公司股票被实施其他风险警示相关事项的进展公告,context,after_last_target,after_last_target_no_direct_old_row_overlap,pdf,1740,https://static.cninfo.com.cn/finalpage/2026-05-08/1225286707.PDF,d7b6251bb1a47efe7724dcef07bffa31ccf942786cb56ef727711857dd44fca6,D:\动量策略\微盘股对冲策略\research_reports\20260926_l1_repair\st_timing\expansion_top30\pdfs\300081\1225286707.pdf,D:\动量策略\微盘股对冲策略\research_reports\20260926_l1_repair\st_timing\expansion_top30\pdfs\300081\1225286707.txt
30,300081,62,2026-06-01,1225342391,关于公司股票被实施其他风险警示相关事项的进展公告,context,after_last_target,after_last_target_no_direct_old_row_overlap,pdf,1740,https://static.cninfo.com.cn/finalpage/2026-06-01/1225342391.PDF,42a37fee6fdb7904eb60f565d45b5e2e2a91f4b7b50f0f214db70d49b67d1117,D:\动量策略\微盘股对冲策略\research_reports\20260926_l1_repair\st_timing\expansion_top30\pdfs\300081\1225342391.pdf,D:\动量策略\微盘股对冲策略\research_reports\20260926_l1_repair\st_timing\expansion_top30\pdfs\300081\1225342391.txt
30,300081,62,2026-07-01,1225403685,关于公司股票被实施其他风险警示相关事项的进展公告,context,after_last_target,after_last_target_no_direct_old_row_overlap,pdf,1740,https://static.cninfo.com.cn/finalpage/2026-07-01/1225403685.PDF,c5cb0c58101923f52f0c4a6145bb7d61b81b2aeb2dbb6b94393bfa66444f9491,D:\动量策略\微盘股对冲策略\research_reports\20260926_l1_repair\st_timing\expansion_top30\pdfs\300081\1225403685.pdf,D:\动量策略\微盘股对冲策略\research_reports\20260926_l1_repair\st_timing\expansion_top30\pdfs\300081\1225403685.txt
30,300081,62,2026-08-03,1225455438,关于公司股票被实施其他风险警示相关事项的进展公告,context,after_last_target,after_last_target_no_direct_old_row_overlap,pdf,1979,https://static.cninfo.com.cn/finalpage/2026-08-03/1225455438.PDF,41c288aac558ccf36c7a24fabb23bf669912db67c91584952e905d7a31a50f8a,D:\动量策略\微盘股对冲策略\research_reports\20260926_l1_repair\st_timing\expansion_top30\pdfs\300081\1225455438.pdf,D:\动量策略\微盘股对冲策略\research_reports\20260926_l1_repair\st_timing\expansion_top30\pdfs\300081\1225455438.txt
30,300081,62,2026-09-01,1225541090,关于公司股票被实施其他风险警示相关事项的进展公告,context,after_last_target,after_last_target_no_direct_old_row_overlap,pdf,1986,https://static.cninfo.com.cn/finalpage/2026-09-01/1225541090.PDF,905e27a4eee6d226a7a241ccf2c7dfc19a4f8fab15ddf159ae72b7e97bebbbde,D:\动量策略\微盘股对冲策略\research_reports\20260926_l1_repair\st_timing\expansion_top30\pdfs\300081\1225541090.pdf,D:\动量策略\微盘股对冲策略\research_reports\20260926_l1_repair\st_timing\expansion_top30\pdfs\300081\1225541090.txt
