date,microcap,hedge
2010-01-28,978.125768722857,4248.04
2010-01-29,988.9874389986248,4290.32
2010-02-01,973.8423370441805,4239.99
2010-02-02,974.8557582898944,4225.47
2010-02-03,994.2972479941652,4304.84
2010-02-04,1005.2381208939796,4364.23
2010-02-05,992.8333657149068,4281.78
2010-02-08,997.4814962002214,4278.58
2010-02-09,995.9372837476284,4277.33
2010-02-10,1012.3859262719164,4330.42
2010-02-11,1005.9655554682108,4307.13
2010-02-12,1017.1237018610334,4366.28
2010-02-22,1021.7825494993932,4392.69
2010-02-23,1034.433531497505,4464.23
2010-02-24,1059.393524165222,4559.66
2010-02-25,1076.0070694852586,4645.06
2010-02-26,1083.9948906537618,4653.34
2010-03-01,1106.0897225213987,4721.89
2010-03-02,1109.328389294256,4724.64
2010-03-03,1124.7200401388443,4788.5
2010-03-04,1083.0242316387314,4617.85
2010-03-05,1091.3008496374694,4617.36
2010-03-08,1105.2652257992872,4676.44
2010-03-09,1104.2860988329169,4682.25
2010-03-10,1097.170859906804,4630.01
2010-03-11,1100.1283171885134,4605.25
2010-03-12,1085.7739651417237,4532.08
2010-03-15,1077.1035914161682,4498.09
2010-03-16,1094.553714569076,4555.31
2010-03-17,1120.531395343446,4674.64
2010-03-18,1127.5102502676634,4686.25
2010-03-19,1136.9849254382607,4723.85
2010-03-22,1149.3278581580971,4766.94
2010-03-23,1145.776549671548,4739.37
2010-03-24,1152.7068028741132,4750.99
2010-03-25,1140.2216643946956,4678.81
2010-03-26,1152.1909804275924,4742.47
2010-03-29,1158.7091427984842,4770.54
2010-03-30,1172.076431693528,4800.45
2010-03-31,1180.1225583057542,4822.08
2010-04-01,1194.606381814517,4904.3
2010-04-02,1195.8638482869617,4922.82
2010-04-06,1206.1663336856077,4942.33
2010-04-07,1213.0508643708897,4951.73
2010-04-08,1212.9956398727495,4956.37
2010-04-09,1229.5723134068226,5031.25
2010-04-12,1248.072551216319,5088.29
2010-04-13,1218.528701399077,4989.39
2010-04-14,1232.9934945652074,5074.68
2010-04-15,1221.1208609397695,5024.77
2010-04-16,1219.8735524666845,5019.35
2010-04-19,1177.005498150186,4806.11
2010-04-20,1188.688785823655,4875.09
2010-04-21,1222.3490468647817,5029.03
2010-04-22,1230.9426006425072,5060.75
2010-04-23,1224.076446384666,5007.6
2010-04-26,1224.3870540749488,4999.06
2010-04-27,1193.6405386321694,4869.61
2010-04-28,1196.430276748138,4834.79
2010-04-29,1161.3215277284603,4686.94
2010-04-30,1114.6812212279626,4527.76
2010-05-04,1109.0905696964548,4520.36
2010-05-05,1142.2942381840198,4662.84
2010-05-06,1109.355763078866,4533.9
2010-05-07,1092.4891508262174,4453.17
2010-05-10,1072.23563290317,4367.27
2010-05-11,1041.443089067219,4239.79
2010-05-12,1014.8591585586396,4134.52
2010-05-13,1031.465640763157,4236.4
2010-05-14,1031.8871588025672,4257.81
2010-05-17,963.8012755270918,3981.29
2010-05-18,968.115529490804,4007.42
2010-05-19,966.2191344352372,4007.16
2010-05-20,951.6373837430228,3918.58
2010-05-21,966.0131849011364,3993.74
2010-05-24,1010.9475963821808,4179.35
2010-05-25,1008.922617234646,4169.41
2010-05-26,1013.6144284488596,4182.71
2010-05-27,1034.10761796742,4264.16
2010-05-28,1038.5105498138553,4281.09
2010-05-31,1008.3126950397816,4149.96
2010-06-01,985.7066559256824,4061.45
2010-06-02,1001.140427054676,4129.53
2010-06-03,996.6647249358653,4098.9
2010-06-04,1001.7882211821347,4133.33
2010-06-07,1000.4238893293676,4119.62
2010-06-08,1015.5795688054852,4180.62
2010-06-09,1038.9484516347593,4288.9
2010-06-10,1041.5078508844597,4297.88
2010-06-11,1037.28708608046,4277.14
2010-06-17,1034.529624716664,4231.55
2010-06-18,988.6600681370428,4067.74
2010-06-21,1017.9780589908212,4169.36
2010-06-22,1031.0149166804238,4207.43
2010-06-23,1031.45828131113,4205.53
2010-06-24,1029.6371603794914,4207.91
2010-06-25,1007.705264112766,4139.81
2010-06-28,992.6804684480732,4053.19
2010-06-29,933.921330585741,3814.47
2010-06-30,915.197843780391,3732.65
2010-07-01,909.1601935517756,3685.54
2010-07-02,909.9995003885194,3659.95
2010-07-05,907.0026399053108,3627.29
2010-07-06,932.107733906478,3738.74
2010-07-07,943.9663163450654,3795.59
2010-07-08,946.1330949186816,3773.37
2010-07-09,973.3895372850404,3886.27
2010-07-12,990.0336462187116,3934.18
2010-07-13,980.201409630224,3878.64
2010-07-14,993.8049346577787,3916.17
2010-07-15,972.4055602206128,3816.8
2010-07-16,980.1719608594212,3841.83
2010-07-19,1001.7341099948284,3930.96
2010-07-20,1028.8487994454074,4053.19
2010-07-21,1028.999490546483,4059.38
2010-07-22,1043.6120716521675,4125.25
2010-07-23,1046.7003708468071,4131.47
2010-07-26,1060.863720790833,4188.47
2010-07-27,1058.979908485144,4184.58
2010-07-28,1080.1810393257515,4266.85
2010-07-29,1088.85178713852,4296.21
2010-07-30,1087.025150239886,4299.05
2010-08-02,1108.969839336982,4389.72
2010-08-03,1091.8851135754935,4320.95
2010-08-04,1106.349192093214,4372.51
2010-08-05,1109.6925471458114,4396.12
2010-08-06,1129.2242979079538,4480.65
2010-08-09,1145.4610728225928,4549.79
2010-08-10,1105.412513916522,4385.81
2010-08-11,1124.911288975855,4439.11
2010-08-12,1116.3248211804091,4388.62
2010-08-13,1141.1496173703324,4471.54
2010-08-16,1164.00095603738,4573.42
2010-08-17,1177.6690897303606,4618.33
2010-08-18,1177.868119486304,4611.65
2010-08-19,1182.3486402303402,4621.57
2010-08-20,1165.8360453184823,4522.61
2010-08-23,1186.8193900267074,4565.87
2010-08-24,1198.5966812884385,4626.35
2010-08-25,1174.977355232524,4534.71
2010-08-26,1183.2598750177556,4562.35
2010-08-27,1192.1649261267733,4585.51
2010-08-30,1220.0119884836563,4705.88
2010-08-31,1233.1327592542675,4755.85
2010-09-01,1221.1670029599816,4698.73
2010-09-02,1252.1737838165554,4802.27
2010-09-03,1270.5626922166514,4845.91
2010-09-06,1264.983989566147,4824.31
2010-09-07,1277.4194543902663,4865.78
2010-09-08,1288.07765957401,4905.63
2010-09-09,1270.4944218532266,4837.02
2010-09-10,1287.2128880723528,4886.05
2010-09-13,1311.4488446727034,4967.47
2010-09-14,1313.1936188221475,4982.86
2010-09-15,1293.766042866219,4888.01
2010-09-16,1262.1063711997406,4766.85
2010-09-17,1266.521138739181,4767.48
2010-09-20,1254.4326712498405,4695.95
2010-09-21,1246.7622256411528,4677.68
2010-09-27,1274.7662361540663,4801.46
2010-09-28,1265.4909979626084,4785.7
2010-09-29,1251.2366275511088,4720.63
2010-09-30,1267.1300724125922,4785.49
2010-10-08,1296.3110979173434,4899.57
2010-10-11,1306.735196963049,4922.59
2010-10-12,1315.2153036012196,4950.26
2010-10-13,1319.4545020495816,4968.83
2010-10-14,1273.2280624877153,4809.47
2010-10-15,1261.042948685615,4789.48
2010-10-18,1235.5527729217242,4708.41
2010-10-19,1281.5098124582896,4865.7
2010-10-20,1284.9850335421568,4892.28
2010-10-21,1293.3801225134066,4930.62
2010-10-22,1313.363565243435,4985.85
2010-10-25,1343.3661749212347,5107.28
2010-10-26,1348.9822052276809,5158.05
2010-10-27,1345.578107987651,5124.13
2010-10-28,1349.7079278214328,5145.56
2010-10-29,1366.7123412674007,5211.52
2010-11-01,1401.359120820939,5362.95
2010-11-02,1403.1495238017685,5343.49
2010-11-03,1388.134009482509,5271.82
2010-11-04,1414.735610261171,5392.56
2010-11-05,1434.7812428149982,5473.11
2010-11-08,1471.1699965517555,5598.49
2010-11-09,1481.9884246389488,5635.75
2010-11-10,1493.0595376043352,5651.39
2010-11-11,1473.4626906202573,5596.38
2010-11-12,1385.921533618589,5227.25
2010-11-15,1434.6422865526288,5367.21
2010-11-16,1413.978656458017,5197.37
2010-11-17,1387.967967421669,5001.94
2010-11-18,1408.831776245857,5080.88
2010-11-19,1444.2579755074364,5236.57
2010-11-22,1468.5240988329326,5332.61
2010-11-23,1459.8063338789077,5261.92
2010-11-24,1489.9903082661367,5414.17
2010-11-25,1499.5580443179313,5452.84
2010-11-26,1500.87024653815,5444.86
2010-11-29,1516.09162889771,5458.1
2010-11-30,1466.8017186803434,5294.7
2010-12-01,1477.9633553603555,5306.36
2010-12-02,1500.552094982104,5333.58
2010-12-03,1487.2576036848468,5299.78
2010-12-06,1461.0153952356827,5224.88
2010-12-07,1476.435040933825,5295.33
2010-12-08,1471.1051952168143,5294.81
2010-12-09,1443.8093793857695,5186.43
2010-12-10,1455.3947104180806,5253.71
2010-12-13,1494.8093960593735,5403.93
2010-12-14,1516.4743596830924,5482.79
2010-12-15,1516.4609146658306,5464.14
2010-12-16,1520.970295945052,5470.23
2010-12-17,1528.485999800973,5473.97
2010-12-20,1509.5384661540156,5409.48
2010-12-21,1533.7465969286304,5461.56
2010-12-22,1522.368721321099,5420.19
2010-12-23,1497.4290835567722,5307.19
2010-12-24,1471.839180969443,5205.72
2010-12-27,1431.842968730613,5046.64
2010-12-28,1405.0535276794192,4934.75
2010-12-29,1425.672009935604,5022.07
2010-12-30,1429.7475285287726,5044.62
2010-12-31,1454.24673628072,5155.56
2011-01-04,1476.0892329942471,5230.74
2011-01-05,1473.822509739956,5243.37
2011-01-06,1471.8486585690264,5224.82
2011-01-07,1466.4707177733442,5191.95
2011-01-10,1430.1367352162747,5051.95
2011-01-11,1416.0165514164048,5006.63
2011-01-12,1431.5670191252289,5042.24
2011-01-13,1432.6525817117283,5043.78
2011-01-14,1406.3801732590453,4942.07
2011-01-17,1354.490495353878,4728.31
2011-01-18,1364.113106933308,4750.15
2011-01-19,1388.865381009995,4873.8
2011-01-20,1344.3666896254772,4699.95
2011-01-21,1357.6648927383585,4739.9
2011-01-24,1333.6336730326034,4636.91
2011-01-25,1314.641623063346,4540.68
2011-01-26,1333.8045324836633,4619.12
2011-01-27,1349.731687971765,4695.33
2011-01-28,1369.2649835292964,4749.43
2011-01-31,1382.1766969549217,4816.66
2011-02-01,1381.3147963419808,4830.41
2011-02-09,1374.5402473687484,4820.36
2011-02-10,1410.2290853954496,4962.52
2011-02-11,1424.6747058983367,5012.78
2011-02-14,1444.6487672787243,5087.25
2011-02-15,1449.5466591521586,5100.43
2011-02-16,1478.2028080153173,5196.15
2011-02-17,1481.1013324915148,5231.71
2011-02-18,1470.329524424559,5197.12
2011-02-21,1500.4555735762492,5304.08
2011-02-22,1466.0227322924402,5166.97
2011-02-23,1485.45948945259,5235.27
2011-02-24,1497.5261831571836,5269.96
2011-02-25,1501.1138468981644,5279.13
2011-02-28,1518.1915151549713,5347.3
2011-03-01,1530.793249524529,5373.2
2011-03-02,1531.870080010568,5362.24
2011-03-03,1512.615409532264,5266.44
2011-03-04,1531.4943318941157,5330.17
2011-03-07,1548.267056409573,5389.84
2011-03-08,1561.7203483287838,5425.68
2011-03-09,1558.478635826821,5446.14
2011-03-10,1553.993902588327,5413.57
2011-03-11,1558.994140733487,5406.95
2011-03-14,1581.0897243018376,5462.4
2011-03-15,1562.0733820334028,5411.27
2011-03-16,1583.7293060345612,5481.89
2011-03-17,1558.8237314194323,5377.46
2011-03-18,1571.336441043096,5417.94
2011-03-21,1568.103430209398,5389.57
2011-03-22,1568.2879255295147,5389.59
2011-03-23,1589.545559806923,5448.02
2011-03-24,1602.734153634782,5473.54
2011-03-25,1610.4830164132554,5502.75
2011-03-28,1616.9333470455776,5493.79
2011-03-29,1593.7346345574288,5404.85
2011-03-30,1575.562050222641,5357.8
2011-03-31,1557.4939584244348,5285.19
2011-04-01,1579.8787883819657,5346.7
2011-04-06,1586.7662968218058,5345.4
2011-04-07,1600.0124977166315,5373.33
2011-04-08,1609.626134670487,5430.06
2011-04-11,1588.975971903254,5396.87
2011-04-12,1592.089953369974,5377.31
2011-04-13,1608.8200671085472,5424.46
2011-04-14,1605.0845869173245,5419.14
2011-04-15,1609.5911724611224,5418.88
2011-04-18,1617.9025058115617,5453.71
2011-04-19,1602.1657484069929,5408.91
2011-04-20,1607.3653564615968,5446.99
2011-04-21,1616.4595757009208,5472.29
2011-04-22,1607.6632211123735,5430.41
2011-04-25,1562.1303703930607,5298.65
2011-04-26,1523.3217409531344,5196.52
2011-04-27,1505.9441232171882,5128.22
2011-04-28,1460.813933162753,4948.71
2011-04-29,1481.8330733089251,5027.55
2011-05-03,1506.328541211524,5119.16
2011-05-04,1477.2305383519872,5016.81
2011-05-05,1486.9260567870672,5040.33
2011-05-06,1488.8952062344906,5080.04
2011-05-09,1495.7232835618836,5126.68
2011-05-10,1493.5552964982212,5169.23
2011-05-11,1503.8204707031484,5179.61
2011-05-12,1484.9013545794016,5100.27
2011-05-13,1498.1851443373682,5143.46
2011-05-16,1502.3972829865895,5141.23
2011-05-17,1498.5997663807343,5100.07
2011-05-18,1498.4491742547618,5137.72
2011-05-19,1485.538684705332,5115.63
2011-05-20,1477.2007657119725,5102.13
2011-05-23,1417.6306124952102,4907.39
2011-05-24,1433.7892023900786,4908.91
2011-05-25,1408.3016857980758,4855.59
2011-05-26,1397.2890808536256,4815.85
2011-05-27,1349.4908852436029,4644.29
2011-05-30,1321.8077695287027,4565.12
2011-05-31,1341.3933238117745,4661.69
2011-06-01,1347.854643004541,4723.71
2011-06-02,1325.5848023219692,4658.37
2011-06-03,1342.5116838617191,4739.36
2011-06-07,1351.0852851466475,4792.02
2011-06-08,1356.051018719453,4826.86
2011-06-09,1332.1655925669836,4716.72
2011-06-10,1325.834760597172,4724.62
2011-06-13,1324.495376166103,4724.57
2011-06-14,1342.6474400425705,4796.47
2011-06-15,1328.2542381524418,4755.43
2011-06-16,1295.4586497773166,4645.56
2011-06-17,1274.0428097584315,4571.23
2011-06-20,1261.626027148694,4505.85
2011-06-21,1281.616877892157,4562.74
2011-06-22,1276.709989524321,4565.62
2011-06-23,1307.850382658576,4647.99
2011-06-24,1338.2245435706088,4757.73
2011-06-27,1355.3958203788538,4832.01
2011-06-28,1353.0048744531955,4850.8
2011-06-29,1341.4414808582574,4800.19
2011-06-30,1355.5137180935135,4872.27
2011-07-01,1366.2775209230283,4899.16
2011-07-04,1395.3685045630884,5011.68
2011-07-05,1404.549954145668,5055.65
2011-07-06,1418.9271526606092,5081.96
2011-07-07,1429.9262818363577,5073.06
2011-07-08,1425.4693233226278,5057.72
2011-07-11,1432.9540338481672,5110.36
2011-07-12,1400.1731324393195,5030.08
2011-07-13,1435.1774753777224,5132.07
2011-07-14,1460.779636007353,5187.08
2011-07-15,1479.8184091334322,5229.1
2011-07-18,1474.378512186034,5235.19
2011-07-19,1453.9591561240125,5176.19
2011-07-20,1457.578417036721,5184.12
2011-07-21,1437.1707069256745,5111.41
2011-07-22,1449.8645325759485,5143.21
2011-07-25,1386.993402796047,4920.46
2011-07-26,1394.1511316376184,4951.52
2011-07-27,1424.854066773879,5037.96
2011-07-28,1426.2053033334394,5013.66
2011-07-29,1414.5577626391162,4963.42
2011-08-01,1436.299414635459,4995.39
2011-08-02,1441.3143135712216,4971.39
2011-08-03,1452.423198691978,4995.0
2011-08-04,1448.4076786402925,5016.52
2011-08-05,1411.9885507067086,4896.38
2011-08-08,1327.846999391577,4627.1
2011-08-09,1315.262299112978,4619.64
2011-08-10,1337.8247670536348,4693.61
2011-08-11,1373.9628783308783,4780.69
2011-08-12,1396.803413596225,4838.92
2011-08-15,1425.31500680297,4918.89
2011-08-16,1421.5672682524946,4888.68
2011-08-17,1425.2614282279694,4881.84
2011-08-18,1397.565511679253,4789.21
2011-08-19,1390.6453992419692,4742.32
2011-08-22,1409.1561930525609,4715.7
2011-08-23,1455.6241590519128,4799.18
2011-08-24,1452.170449927226,4797.8
2011-08-25,1468.44582074849,4879.62
2011-08-26,1485.695687066862,4905.07
2011-08-29,1480.7843762168252,4876.72
2011-08-30,1456.8223087951287,4824.92
2011-08-31,1457.9996295246522,4798.73
2011-09-01,1451.5015430067006,4771.88
2011-09-02,1438.5532923168855,4716.88
2011-09-05,1409.654792111411,4596.13
2011-09-06,1394.7688414047711,4568.59
2011-09-07,1431.4376941502328,4684.1
2011-09-08,1409.526592882676,4635.03
2011-09-09,1399.032225440879,4609.58
2011-09-13,1378.0868400964928,4532.08
2011-09-14,1401.6819135905096,4589.69
2011-09-15,1406.4348919868546,4598.45
2011-09-16,1404.6963515364864,4598.82
2011-09-19,1377.8360467378686,4507.68
2011-09-20,1387.7174799051731,4537.53
2011-09-21,1426.278741033546,4666.07
2011-09-22,1384.292696940116,4529.96
2011-09-23,1373.3118566740009,4494.48
2011-09-26,1359.984922363589,4426.4
2011-09-27,1367.586510618297,4441.81
2011-09-28,1345.7795331241325,4358.34
2011-09-29,1305.359874963172,4189.11
2011-09-30,1298.5648937085462,4174.45
2011-10-10,1300.8399859848348,4159.45
2011-10-11,1303.0143586315744,4152.72
2011-10-12,1350.414560946845,4302.1
2011-10-13,1369.265001052231,4370.72
2011-10-14,1366.5976324601424,4350.42
2011-10-17,1383.0590484291542,4368.77
2011-10-18,1337.708230838735,4230.95
2011-10-19,1335.8012336583652,4216.67
2011-10-20,1295.3227029264524,4088.08
2011-10-21,1265.9892881975493,4008.55
2011-10-24,1285.070358808892,4071.46
2011-10-25,1318.4206741900443,4185.19
2011-10-26,1335.0809152513218,4217.89
2011-10-27,1336.4066537466622,4216.23
2011-10-28,1366.4043493381175,4306.4
2011-10-31,1378.9912920451054,4350.13
2011-11-01,1385.5944351465398,4355.0
2011-11-02,1422.3226339591956,4432.33
2011-11-03,1430.7460551167162,4458.45
2011-11-04,1441.7151551131296,4491.17
2011-11-07,1439.023700104226,4474.75
2011-11-08,1418.602231066308,4420.98
2011-11-09,1450.7692433092973,4501.26
2011-11-10,1444.1359604182824,4441.79
2011-11-11,1449.9172263912365,4441.94
2011-11-14,1489.88108717543,4553.24
2011-11-15,1498.5853387892505,4587.39
2011-11-16,1457.7124953689208,4474.27
2011-11-17,1467.6759721079795,4474.34
2011-11-18,1428.7606687828418,4333.89
2011-11-21,1429.671013400728,4347.0
2011-11-22,1432.4325819217026,4341.69
2011-11-23,1435.831588299128,4318.12
2011-11-24,1432.5421661020823,4311.28
2011-11-25,1414.7232502093316,4280.95
2011-11-28,1409.532208825666,4283.1
2011-11-29,1432.4488763345023,4358.57
2011-11-30,1359.8777864152985,4164.12
2011-12-01,1387.2048379846915,4254.09
2011-12-02,1353.5470552548677,4164.81
2011-12-05,1311.3731856522895,4021.21
2011-12-06,1318.987384286066,4022.73
2011-12-07,1323.938326778544,4035.03
2011-12-08,1331.521438086731,4034.05
2011-12-09,1321.068038219281,3991.45
2011-12-12,1308.880984969694,3939.27
2011-12-13,1259.2862076426534,3789.03
2011-12-14,1239.932597527873,3705.48
2011-12-15,1212.2672944461774,3598.94
2011-12-16,1245.9475963532727,3705.58
2011-12-19,1257.260851815531,3715.7
2011-12-20,1256.867361406873,3701.62
2011-12-21,1226.4202203390969,3602.6
2011-12-22,1199.9994828857912,3535.24
2011-12-23,1210.0020016037329,3561.98
2011-12-26,1197.2791299582432,3536.29
2011-12-27,1153.3650824540675,3422.98
2011-12-28,1144.085987896895,3393.37
2011-12-29,1145.144487569878,3394.85
2011-12-30,1166.2462211384295,3456.29
2012-01-04,1133.0034083098335,3362.83
2012-01-05,1072.5936176840858,3205.4
2012-01-06,1083.2471288403335,3224.5
2012-01-09,1131.652076186995,3365.9
2012-01-10,1178.2276237118604,3503.24
2012-01-11,1187.8286369186517,3519.51
2012-01-12,1185.7118212388789,3518.88
2012-01-13,1129.19255451535,3374.16
2012-01-16,1091.338007185718,3255.89
2012-01-17,1154.914672184709,3437.33
2012-01-18,1120.281328607349,3350.37
2012-01-19,1137.441284568371,3374.29
2012-01-20,1151.9983893291874,3415.75
2012-01-30,1150.122836889573,3404.91
2012-01-31,1147.7176156263706,3406.68
2012-02-01,1147.6902394816154,3387.94
2012-02-02,1172.570649655987,3457.05
2012-02-03,1198.36961706649,3518.87
2012-02-06,1210.1776981649714,3557.08
2012-02-07,1189.5173521545707,3496.4
2012-02-08,1222.896572539781,3593.28
2012-02-09,1233.9516954190897,3627.82
2012-02-10,1243.6843247678148,3648.42
2012-02-13,1258.9002326987268,3700.1
2012-02-14,1260.954421390617,3703.36
2012-02-15,1285.0695824265824,3769.99
2012-02-16,1286.454048300419,3775.8
2012-02-17,1278.595005822615,3763.09
2012-02-20,1284.0557418515664,3771.66
2012-02-21,1307.2903156313569,3820.26
2012-02-22,1337.548852876818,3895.77
2012-02-23,1345.6654044215252,3900.04
2012-02-24,1358.9106223198132,3941.75
2012-02-27,1358.5908141033597,3942.39
2012-02-28,1351.4671151548678,3907.7
2012-02-29,1331.540175917651,3858.54
2012-03-01,1340.2082705390042,3887.17
2012-03-02,1366.0948061332303,3961.58
2012-03-05,1371.125211822014,3981.73
2012-03-06,1362.973154588854,3954.19
2012-03-07,1361.5321506529765,3939.31
2012-03-08,1381.3371708479497,3993.56
2012-03-09,1408.3160083682158,4053.9
2012-03-12,1419.9315644350322,4078.68
2012-03-13,1429.7448043603297,4114.57
2012-03-14,1363.1151590808918,3919.62
2012-03-15,1344.7732536273877,3869.06
2012-03-16,1380.122659528761,3971.51
2012-03-19,1404.317454137712,4040.96
2012-03-20,1369.5064004579406,3949.49
2012-03-21,1373.2843638262289,3965.64
2012-03-22,1377.1454321690635,3956.74
2012-03-23,1352.8333567756194,3873.49
2012-03-26,1348.7192884440103,3860.82
2012-03-27,1348.841933541643,3852.9
2012-03-28,1275.749911375588,3663.07
2012-03-29,1252.3283946037825,3580.75
2012-03-30,1238.9189308557784,3560.49
2012-04-05,1275.122115834256,3676.55
2012-04-06,1285.1404082712686,3713.28
2012-04-09,1272.3674039011194,3666.37
2012-04-10,1285.938116886401,3710.36
2012-04-11,1297.2603750768344,3739.42
2012-04-12,1330.0262472816023,3818.15
2012-04-13,1341.9422151079157,3850.73
2012-04-16,1340.7821160792678,3868.56
2012-04-17,1321.090458196362,3815.25
2012-04-18,1350.0243191883374,3904.49
2012-04-19,1351.6293616118087,3901.32
2012-04-20,1358.7041058903085,3932.12
2012-04-23,1292.7942455418688,3867.25
2012-04-24,1267.642780351822,3832.42
2012-04-25,1282.1286493516711,3894.92
2012-04-26,1279.8922375943978,3870.69
2012-04-27,1274.32014206371,3837.88
2012-05-02,1284.2876018008735,3874.24
2012-05-03,1285.3481067742782,3892.93
2012-05-04,1297.6280674765142,3924.26
2012-05-07,1315.715725890172,3954.18
2012-05-08,1318.0595134543833,3958.42
2012-05-09,1288.865205748228,3897.47
2012-05-10,1304.9073941166332,3912.47
2012-05-11,1293.474470024092,3886.52
2012-05-14,1290.1575289797206,3880.78
2012-05-15,1284.7493370723348,3865.88
2012-05-16,1264.9038830813822,3826.03
2012-05-17,1288.7365677275077,3880.79
2012-05-18,1279.4485395316458,3810.51
2012-05-21,1275.2321598074295,3802.15
2012-05-22,1286.9579095880697,3852.18
2012-05-23,1272.4782914919313,3844.08
2012-05-24,1258.8131359017043,3816.31
2012-05-25,1228.0810298858664,3773.09
2012-05-28,1228.5734051755976,3822.53
2012-05-29,1247.3461637179482,3881.07
2012-05-30,1251.0598434175156,3889.62
2012-05-31,1259.6509318443254,3898.59
2012-06-01,1253.926431767091,3892.22
2012-06-04,1204.2623816446628,3755.0
2012-06-05,1201.4463812323831,3748.98
2012-06-06,1201.0220951439778,3734.67
2012-06-07,1195.1440794151636,3712.7
2012-06-08,1192.6948828187224,3697.72
2012-06-11,1224.0054639548634,3760.43
2012-06-12,1219.1338594783915,3738.89
2012-06-13,1236.4016817404154,3803.82
2012-06-14,1228.5250289142764,3777.59
2012-06-15,1229.0508914865368,3784.17
2012-06-18,1241.3827940682586,3824.15
2012-06-19,1233.0811637038776,3799.52
2012-06-20,1243.597141533635,3784.33
2012-06-21,1217.4721423437666,3729.21
2012-06-25,1185.0393629404591,3633.24
2012-06-26,1188.490902898232,3627.99
2012-06-27,1193.6127192939514,3615.95
2012-06-28,1182.3460868566458,3562.42
2012-06-29,1189.9093927986871,3610.25
2012-07-02,1203.8019623139585,3659.61
2012-07-03,1215.6335606270104,3672.97
2012-07-04,1207.426309910977,3659.61
2012-07-05,1178.798239222044,3572.75
2012-07-06,1193.1384551515291,3645.55
2012-07-09,1149.5384478047115,3553.28
2012-07-10,1129.7794624957924,3512.12
2012-07-11,1133.4679754502824,3544.09
2012-07-12,1144.111265550431,3596.42
2012-07-13,1120.5224435571945,3570.77
2012-07-16,1049.8040358984438,3416.2
2012-07-17,1060.6814207188845,3445.55
2012-07-18,1071.0416801586225,3476.42
2012-07-19,1090.3831169411187,3525.84
2012-07-20,1089.2113018508142,3510.48
2012-07-23,1080.5183818598462,3477.06
2012-07-24,1095.7696475286075,3507.03
2012-07-25,1093.7254895260276,3482.59
2012-07-26,1079.2684943467166,3444.94
2012-07-27,1079.1200565936097,3420.61
2012-07-30,1047.4502600665985,3335.24
2012-07-31,1022.1848796737486,3272.06
2012-08-01,1036.1954539331327,3333.01
2012-08-02,1027.041481126476,3314.23
2012-08-03,1053.794015563495,3393.94
2012-08-06,1080.9817787008055,3484.0
2012-08-07,1093.9505109960949,3524.75
2012-08-08,1093.6862019684852,3515.61
2012-08-09,1114.967717814391,3565.9
2012-08-10,1111.1148673030016,3562.51
2012-08-13,1083.109287083677,3489.25
2012-08-14,1095.6666863775245,3526.63
2012-08-15,1086.019601330159,3490.39
2012-08-16,1079.4936606976269,3462.82
2012-08-17,1086.335414060468,3465.93
2012-08-20,1094.377192237652,3487.6
2012-08-21,1118.926025074731,3549.84
2012-08-22,1113.455886482624,3528.2
2012-08-23,1136.7038991028448,3556.22
2012-08-24,1111.337969900758,3475.56
2012-08-27,1083.2131210694954,3394.92
2012-08-28,1099.658966719813,3420.87
2012-08-29,1108.5827944638131,3408.17
2012-08-30,1087.381557726838,3340.95
2012-08-31,1095.132666588646,3354.8
2012-09-03,1118.1266358711396,3417.64
2012-09-04,1122.7357645174577,3390.99
2012-09-05,1147.2038121617677,3419.6
2012-09-06,1161.4290762344194,3458.19
2012-09-07,1194.2920156755583,3569.98
2012-09-10,1207.8080709653116,3608.76
2012-09-11,1202.5039868764443,3602.09
2012-09-12,1209.2631110490531,3628.53
2012-09-13,1189.1682843476144,3567.51
2012-09-14,1193.3668430040036,3568.22
2012-09-17,1152.5915758083468,3462.53
2012-09-18,1153.9163469041891,3454.67
2012-09-19,1165.786998266141,3486.53
2012-09-20,1118.3109337070005,3364.47
2012-09-21,1104.755699275065,3329.3
2012-09-24,1110.3363686624366,3351.99
2012-09-25,1099.7774430581248,3323.86
2012-09-26,1066.7279545250217,3231.02
2012-09-27,1091.8414116176982,3301.32
2012-09-28,1113.181241504573,3359.22
2012-10-08,1117.4206967709144,3358.49
2012-10-09,1152.7592610689464,3451.72
2012-10-10,1172.80715709154,3494.37
2012-10-11,1146.3118065682518,3440.52
2012-10-12,1150.2855813885944,3432.24
2012-10-15,1131.742424257336,3405.95
2012-10-16,1135.1235399741988,3418.92
2012-10-17,1144.2928829076511,3432.01
2012-10-18,1165.8180083990276,3486.98
2012-10-19,1168.575426755529,3477.78
2012-10-22,1173.7606061893978,3492.79
2012-10-23,1160.348764071713,3455.7
2012-10-24,1157.700184678306,3440.75
2012-10-25,1145.130194433651,3401.95
2012-10-26,1114.9605365122422,3327.72
2012-10-29,1114.8900013737295,3321.76
2012-10-30,1116.120621002082,3327.51
2012-10-31,1119.1811384671014,3342.92
2012-11-01,1139.3401904067096,3402.75
2012-11-02,1144.2682691056011,3418.42
2012-11-05,1145.1396875124822,3406.77
2012-11-06,1138.8726159693551,3380.06
2012-11-07,1145.7789351204938,3380.4
2012-11-08,1112.509371740873,3293.7
2012-11-09,1113.1300302608604,3284.72
2012-11-12,1129.547792061521,3312.96
2012-11-13,1107.1252269608242,3245.89
2012-11-14,1112.1012334945,3248.08
2012-11-15,1089.2150479410914,3185.24
2012-11-16,1085.222681841913,3165.49
2012-11-19,1094.510488589186,3183.37
2012-11-20,1106.835197433565,3174.42
2012-11-21,1124.0780305139078,3208.17
2012-11-22,1120.147934484618,3169.89
2012-11-23,1118.4151022620915,3177.76
2012-11-26,1100.467758415134,3137.87
2012-11-27,1045.9436121345366,3005.27
2012-11-28,1020.4251316969204,2930.07
2012-11-29,1003.6246366237232,2892.59
2012-11-30,1013.3715637736466,2930.45
2012-12-03,980.9078096895394,2850.82
2012-12-04,995.1681155188936,2887.79
2012-12-05,1030.9631130907403,2999.13
2012-12-06,1029.8896618698511,2998.71
2012-12-07,1054.8636694657907,3071.86
2012-12-10,1079.6695576414286,3128.4
2012-12-11,1068.7374729592964,3104.63
2012-12-12,1069.2251140620983,3104.94
2012-12-13,1056.1131329263114,3061.62
2012-12-14,1098.98597381809,3183.75
2012-12-17,1109.428737544482,3201.26
2012-12-18,1107.120493330616,3192.98
2012-12-19,1111.9782004060426,3205.87
2012-12-20,1121.1122528729866,3215.95
2012-12-21,1134.1315292876325,3218.08
2012-12-24,1145.801792740571,3244.1
2012-12-25,1170.8696634439757,3318.39
2012-12-26,1208.7532283519013,3373.75
2012-12-27,1181.0467794541405,3340.74
2012-12-28,1195.8773582014885,3378.98
2012-12-31,1196.864644238125,3406.8
2013-01-04,1196.725965513886,3391.45
2013-01-07,1217.0778495954369,3441.69
2013-01-08,1234.724308209231,3492.86
2013-01-09,1231.1019642241054,3497.93
2013-01-10,1240.3703357969864,3524.25
2013-01-11,1228.27901213964,3454.62
2013-01-14,1272.713780615466,3578.98
2013-01-15,1295.425980562295,3649.14
2013-01-16,1287.6871160460314,3645.82
2013-01-17,1276.8512533609342,3602.85
2013-01-18,1290.5478885057996,3659.57
2013-01-21,1301.884503599005,3689.91
2013-01-22,1270.2798333717583,3617.13
2013-01-23,1268.1743348105754,3630.04
2013-01-24,1230.1349018823958,3540.22
2013-01-25,1230.9257178772225,3536.9
2013-01-28,1263.2610553584375,3629.36
2013-01-29,1274.066813302726,3663.64
2013-01-30,1269.0880925044503,3661.03
2013-01-31,1256.9985279435764,3639.19
2013-02-01,1268.747784364959,3659.46
2013-02-04,1261.193546910523,3624.82
2013-02-05,1271.6434060984056,3657.51
2013-02-06,1281.0159504686187,3681.31
2013-02-07,1288.450049622649,3700.57
2013-02-08,1303.898230231193,3755.54
2013-02-18,1316.2576611824252,3797.69
2013-02-19,1296.5106001829824,3737.65
2013-02-20,1320.9729863220073,3818.44
2013-02-21,1301.8653502477953,3750.17
2013-02-22,1306.399578156913,3744.1
2013-02-25,1323.1288850616747,3790.96
2013-02-26,1311.6890333340937,3743.81
2013-02-27,1313.3062295491277,3745.41
2013-02-28,1335.8303847656755,3815.72
2013-03-01,1359.9063538503217,3876.64
2013-03-04,1319.9256674395524,3760.61
2013-03-05,1350.3527466401836,3848.59
2013-03-06,1376.9501245262838,3914.84
2013-03-07,1359.9162234123564,3867.61
2013-03-08,1357.0705019454315,3829.17
2013-03-11,1362.6508108875855,3832.11
2013-03-12,1317.2213430820225,3726.21
2013-03-13,1307.7701943111915,3696.45
2013-03-14,1304.67180200933,3709.72
2013-03-15,1306.4558142085252,3715.14
2013-03-18,1282.347914440674,3671.8
2013-03-19,1283.657529408148,3675.68
2013-03-20,1314.2317252064895,3769.26
2013-03-21,1326.0452882386917,3818.09
2013-03-22,1331.1980168470438,3827.1
2013-03-25,1330.106163402088,3834.29
2013-03-26,1317.135561867026,3814.19
2013-03-27,1317.9278760022094,3825.75
2013-03-28,1271.540097919577,3710.24
2013-03-29,1266.0555164203329,3712.22
2013-04-01,1272.1068689222966,3743.37
2013-04-02,1258.301719763772,3680.15
2013-04-03,1239.3801896076925,3642.59
2013-04-08,1236.480081713746,3669.01
2013-04-09,1252.3138209276249,3703.4
2013-04-10,1248.123043043097,3685.73
2013-04-11,1245.8540714067017,3674.33
2013-04-12,1233.942604507857,3643.71
2013-04-15,1216.6445795792465,3594.43
2013-04-16,1234.2131247106158,3629.74
2013-04-17,1243.1644334263997,3669.81
2013-04-18,1252.6934901512714,3681.91
2013-04-19,1274.7915188185757,3752.88
2013-04-22,1284.449185092554,3793.25
2013-04-23,1252.793950559676,3685.55
2013-04-24,1285.1753040555689,3770.95
2013-04-25,1273.136599758216,3700.49
2013-04-26,1250.5517485081905,3627.5
2013-05-02,1260.7376309782364,3667.16
2013-05-03,1285.5449825214698,3746.93
2013-05-06,1309.9541558837373,3817.58
2013-05-07,1305.5389420048684,3829.52
2013-05-08,1327.84461659274,3877.75
2013-05-09,1335.8674135419978,3892.92
2013-05-10,1351.332540271516,3912.06
2013-05-13,1366.672297689596,3936.81
2013-05-14,1342.6327564889268,3889.65
2013-05-15,1371.9525860453891,3953.85
2013-05-16,1365.7573260523484,3977.96
2013-05-17,1365.944954909167,4031.56
2013-05-20,1387.4075230056058,4105.23
2013-05-21,1407.6752434892385,4168.57
2013-05-22,1380.5465848853828,4111.25
2013-05-23,1380.117274360903,4089.16
2013-05-24,1410.7449887038006,4160.95
2013-05-27,1413.7388560898282,4210.93
2013-05-28,1396.3994388283793,4179.86
2013-05-29,1407.919927380541,4213.76
2013-05-30,1418.2436879015804,4231.04
2013-05-31,1411.6099701876483,4210.97
2013-06-03,1397.9983448681614,4172.69
2013-06-04,1366.3991449094044,4080.09
2013-06-05,1372.6711254927084,4104.91
2013-06-06,1339.995458631765,4036.82
2013-06-07,1327.330651088915,3985.51
2013-06-13,1296.2887281738454,3887.75
2013-06-14,1327.2268632974535,3975.52
2013-06-17,1332.4763983061216,3996.34
2013-06-18,1335.1987462778068,4005.14
2013-06-19,1330.5548812573516,3987.3
2013-06-20,1294.0548579018969,3860.89
2013-06-21,1282.6337102115476,3833.82
2013-06-24,1211.3264921193215,3604.75
2013-06-25,1204.069079720441,3602.57
2013-06-26,1232.57165719531,3697.96
2013-06-27,1211.00274038556,3625.68
2013-06-28,1204.595881025007,3602.11
2013-07-01,1233.2119607786508,3693.6
2013-07-02,1252.5865641343971,3769.93
2013-07-03,1254.9924811763078,3780.6
2013-07-04,1267.066955330277,3795.61
2013-07-05,1255.3290904999808,3756.33
2013-07-08,1209.3393583301267,3620.65
2013-07-09,1219.1000787359403,3650.7
2013-07-10,1251.790837981422,3751.05
2013-07-11,1278.7954898253065,3832.03
2013-07-12,1279.0086514867926,3829.2
2013-07-15,1303.2799514863352,3923.38
2013-07-16,1322.4079035367245,3966.64
2013-07-17,1313.1389348572843,3908.83
2013-07-18,1325.0029816913052,3911.2
2013-07-19,1298.6371682642136,3832.16
2013-07-22,1330.0438898255904,3919.3
2013-07-23,1357.3460298995328,4015.22
2013-07-24,1369.91848574295,4057.86
2013-07-25,1334.4631623232317,3963.31
2013-07-26,1344.304613291616,3968.93
2013-07-29,1331.171561622744,3901.1
2013-07-30,1335.1288264035854,3882.32
2013-07-31,1348.326230369602,3900.49
2013-08-01,1390.0079158701708,4026.47
2013-08-02,1407.6653505846164,4038.77
2013-08-05,1423.98243921191,4102.13
2013-08-06,1441.4099636024546,4146.67
2013-08-07,1424.8770283906852,4094.32
2013-08-08,1437.6081799229655,4113.07
2013-08-09,1436.8178475309685,4113.43
2013-08-12,1453.772439921791,4146.49
2013-08-13,1470.2328925364984,4178.39
2013-08-14,1475.0793323282526,4175.45
2013-08-15,1463.6115073106082,4131.23
2013-08-16,1428.1604870627532,4032.38
2013-08-19,1458.9133382900538,4129.44
2013-08-20,1465.5023310239255,4141.53
2013-08-21,1483.9150781296044,4164.53
2013-08-22,1487.9435191140951,4181.36
2013-08-23,1481.6826578721598,4184.82
2013-08-26,1509.3253916761034,4267.37
2013-08-27,1523.2396667520072,4306.38
2013-08-28,1511.0031392770331,4257.97
2013-08-29,1520.0929557725724,4260.79
2013-08-30,1498.1344587624292,4181.74
2013-09-02,1515.8198896687109,4218.4
2013-09-03,1534.9898871180976,4290.87
2013-09-04,1535.4228630070313,4298.86
2013-09-05,1545.4342965243384,4324.73
2013-09-06,1555.9152804439648,4352.46
2013-09-09,1565.2532646724894,4369.94
2013-09-10,1566.503971271097,4387.76
2013-09-11,1547.6524561935703,4318.72
2013-09-12,1551.6748415103425,4319.11
2013-09-13,1562.536487304531,4352.95
2013-09-16,1573.9002082672905,4384.99
2013-09-17,1553.023575350422,4325.06
2013-09-18,1570.664867369783,4366.14
2013-09-23,1600.4627935248716,4455.81
2013-09-24,1599.7954555340468,4468.38
2013-09-25,1595.4766509524534,4447.11
2013-09-26,1582.3267863227532,4378.19
2013-09-27,1582.0638660905008,4393.74
2013-09-30,1601.168094319249,4470.45
2013-10-08,1620.7321492293577,4542.31
2013-10-09,1640.403382291783,4612.13
2013-10-10,1628.4189114292965,4567.57
2013-10-11,1650.3650541382688,4613.58
2013-10-14,1667.592898032946,4665.91
2013-10-15,1660.8974488556678,4662.77
2013-10-16,1615.9181494451984,4518.72
2013-10-17,1628.650472026205,4517.77
2013-10-18,1641.5817632478745,4549.99
2013-10-21,1680.6422747733202,4673.76
2013-10-22,1683.4885693434703,4621.39
2013-10-23,1650.387040183655,4504.0
2013-10-24,1643.0736737138536,4469.64
2013-10-25,1619.6774083121566,4388.61
2013-10-28,1618.2814510034573,4384.39
2013-10-29,1565.9443936294642,4269.66
2013-10-30,1596.5676910420395,4335.59
2013-10-31,1596.7256579285747,4270.97
2013-11-01,1592.9001284072815,4240.21
2013-11-04,1609.4859001171064,4267.37
2013-11-05,1630.317667388971,4340.39
2013-11-06,1624.5682646908624,4303.9
2013-11-07,1614.7157712843234,4246.21
2013-11-08,1603.8574967961442,4186.18
2013-11-11,1632.5201742775864,4213.14
2013-11-12,1656.1901600860897,4248.37
2013-11-13,1634.743942353039,4173.5
2013-11-14,1672.6655354451036,4242.91
2013-11-15,1704.1436537207194,4324.29
2013-11-18,1732.2871801979288,4421.24
2013-11-19,1744.1191330166212,4446.49
2013-11-20,1758.5981524593212,4486.61
2013-11-21,1752.7685921364755,4478.39
2013-11-22,1746.9042419473706,4467.83
2013-11-25,1757.6765065393504,4473.54
2013-11-26,1787.0091330561197,4490.51
2013-11-27,1809.607381051379,4559.45
2013-11-28,1822.5219980829163,4587.69
2013-11-29,1855.4858061519983,4643.3
2013-12-02,1733.835664734007,4354.57
2013-12-03,1753.878822669876,4427.71
2013-12-04,1778.8331035856202,4465.71
2013-12-05,1779.1870849054342,4436.97
2013-12-06,1778.4777448541556,4430.06
2013-12-09,1803.8430530541016,4494.5
2013-12-10,1807.1448815606143,4491.97
2013-12-11,1789.1932781899277,4465.05
2013-12-12,1804.7423100419564,4507.55
2013-12-13,1820.997637048768,4520.79
2013-12-16,1803.356362137025,4460.13
2013-12-17,1802.8468497806844,4433.7
2013-12-18,1800.4165777674948,4429.14
2013-12-19,1790.265105589158,4393.52
2013-12-20,1767.3945264511706,4348.8
2013-12-23,1753.4418017976004,4334.17
2013-12-24,1777.8840878685874,4379.27
2013-12-25,1810.946164708032,4454.3
2013-12-26,1784.4786369758472,4375.16
2013-12-27,1828.43616877873,4455.35
2013-12-30,1856.907368626584,4487.49
2013-12-31,1859.9996856875653,4482.86
2014-01-02,1889.4661077978672,4539.5
2014-01-03,1887.2714726139109,4531.75
2014-01-06,1832.7211693023453,4411.27
2014-01-07,1849.525332865544,4458.56
2014-01-08,1861.6848950263488,4504.67
2014-01-09,1824.4930289303984,4431.8
2014-01-10,1784.4480344588835,4354.84
2014-01-13,1783.9020976576817,4346.71
2014-01-14,1827.679002797532,4447.7
2014-01-15,1844.8107863879336,4494.1
2014-01-16,1848.0584134466988,4485.27
2014-01-17,1840.0809133597068,4445.2
2014-01-20,1827.3243987142807,4415.1
2014-01-21,1853.002889421016,4486.87
2014-01-22,1886.9031439426408,4584.08
2014-01-23,1899.050758976108,4627.34
2014-01-24,1920.428169467136,4695.29
2014-01-27,1919.6968120262816,4682.05
2014-01-28,1915.751531257124,4667.73
2014-01-29,1942.364567515757,4730.86
2014-01-30,1935.772071658356,4714.68
2014-02-07,1964.8151421048824,4818.25
2014-02-10,2011.5330343244711,4943.38
2014-02-11,2015.248406182944,4941.81
2014-02-12,2053.5451259818337,5005.03
2014-02-13,2032.05025182041,4901.68
2014-02-14,2085.148205103078,5000.59
2014-02-17,2127.8715017625136,5117.39
2014-02-18,2139.8173947538044,5120.24
2014-02-19,2142.3864440112848,5120.14
2014-02-20,2110.1259527132643,5035.17
2014-02-21,2101.8977088813544,5030.78
2014-02-24,2115.5926562919853,5064.49
2014-02-25,2030.491373538164,4849.37
2014-02-26,2050.297513825554,4881.73
2014-02-27,2034.407370457557,4795.55
2014-02-28,2057.184347289478,4842.52
2014-03-03,2098.3759389254483,4954.17
2014-03-04,2105.623121557727,4961.94
2014-03-05,2107.6749748882585,4963.66
2014-03-06,2113.561709050521,4962.4
2014-03-07,2109.8655885525764,4949.84
2014-03-10,2040.21341225516,4760.67
2014-03-11,2053.6742022023955,4746.73
2014-03-12,2057.308494359114,4726.86
2014-03-13,2078.060348626416,4794.0
2014-03-14,2078.236464749007,4785.04
2014-03-17,2120.9446397422366,4903.13
2014-03-18,2129.590232908066,4934.42
2014-03-19,2156.557799950066,4937.73
2014-03-20,2112.204593710105,4798.4
2014-03-21,2153.0727508089367,4870.01
2014-03-24,2174.275117514558,4876.47
2014-03-25,2179.21583289579,4876.29
2014-03-26,2189.521436638799,4903.92
2014-03-27,2163.673858783397,4804.21
2014-03-28,2116.201371128369,4671.79
2014-03-31,2092.647184440916,4633.27
2014-04-01,2126.4821032694817,4714.95
2014-04-02,2124.527703110537,4683.78
2014-04-03,2129.6561367322497,4686.95
2014-04-04,2154.857718981189,4743.68
2014-04-08,2175.9645660518054,4774.53
2014-04-09,2196.3984625750995,4830.54
2014-04-10,2196.713529283001,4849.66
2014-04-11,2209.325348102469,4822.71
2014-04-14,2240.700152110703,4858.16
2014-04-15,2226.1281239718564,4838.65
2014-04-16,2237.050770335798,4847.64
2014-04-17,2241.119287487271,4847.68
2014-04-18,2250.680173831024,4870.31
2014-04-21,2219.9378688609418,4794.88
2014-04-22,2205.559924106159,4748.01
2014-04-23,2208.4944354927297,4730.83
2014-04-24,2205.000711006052,4682.83
2014-04-25,2151.919543274902,4582.63
2014-04-28,2075.728735529763,4424.41
2014-04-29,2114.939176951799,4479.26
2014-04-30,2147.00060396089,4525.31
2014-05-05,2182.459611323276,4577.41
2014-05-06,2193.21880756853,4612.15
2014-05-07,2162.1073441645,4533.01
2014-05-08,2180.3851960752154,4532.26
2014-05-09,2180.722394454079,4481.84
2014-05-12,2225.4386719447293,4576.42
2014-05-13,2211.82186466539,4574.8
2014-05-14,2213.0319592622104,4577.68
2014-05-15,2166.876292663761,4491.75
2014-05-16,2175.4216876357027,4472.17
2014-05-19,2178.899838739681,4458.38
2014-05-20,2191.274142001518,4480.03
2014-05-21,2210.7185504303607,4518.66
2014-05-22,2207.52828270155,4527.6
2014-05-23,2213.5529783868374,4582.46
2014-05-26,2237.521262684023,4645.0
2014-05-27,2225.176229010604,4624.34
2014-05-28,2229.5161142523866,4690.62
2014-05-29,2203.8503041805266,4635.01
2014-05-30,2220.9437868311093,4648.23
2014-06-03,2225.840948708004,4640.24
2014-06-04,2206.619153517034,4610.72
2014-06-05,2240.5612225150444,4671.33
2014-06-06,2245.8797099072626,4662.31
2014-06-09,2247.2115591629463,4627.43
2014-06-10,2276.5466529912333,4686.09
2014-06-11,2272.2235657241176,4717.94
2014-06-12,2268.352587768717,4712.04
2014-06-13,2297.0139465235725,4766.52
2014-06-16,2316.5133980299333,4800.6
2014-06-17,2315.273004331649,4757.48
2014-06-18,2301.206818570181,4721.7
2014-06-19,2229.297363998752,4581.91
2014-06-20,2261.265958352992,4635.06
2014-06-23,2297.2386896398684,4697.42
2014-06-24,2317.8294397843497,4733.76
2014-06-25,2319.9325072245088,4715.85
2014-06-26,2360.850288498762,4793.36
2014-06-27,2387.3317683126947,4829.48
2014-06-30,2404.118814287556,4884.4
2014-07-01,2420.9930654759432,4915.74
2014-07-02,2432.232110175023,4945.53
2014-07-03,2448.9209366122104,4980.72
2014-07-04,2451.9782950513504,4977.59
2014-07-07,2466.701136716237,4970.87
2014-07-08,2492.1987367498514,5014.86
2014-07-09,2452.9305649623734,4937.32
2014-07-10,2479.70897441532,4935.69
2014-07-11,2504.6439202782503,4966.18
2014-07-14,2540.277412965728,5025.24
2014-07-15,2532.3883408335973,4992.83
2014-07-16,2511.4763842953994,4925.46
2014-07-17,2509.737449851277,4907.89
2014-07-18,2519.3699381800648,4910.77
2014-07-21,2522.0419312499166,4898.25
2014-07-22,2535.328947764031,4966.79
2014-07-23,2509.5825006023065,4897.56
2014-07-24,2499.408586686772,4859.62
2014-07-25,2536.006491095639,4899.73
2014-07-28,2569.401915417026,4984.28
2014-07-29,2599.220014044281,5046.41
2014-07-30,2612.397963547901,5088.65
2014-07-31,2636.535497618502,5115.58
2014-08-01,2618.230956975232,5056.04
2014-08-04,2655.727070019294,5121.73
2014-08-05,2678.9160597955483,5170.16
2014-08-06,2691.095522955172,5192.31
2014-08-07,2663.209352358502,5158.5
2014-08-08,2693.4876707651806,5206.2
2014-08-11,2731.4096449446656,5285.68
2014-08-12,2749.676605849665,5322.3
2014-08-13,2755.52033228873,5320.85
2014-08-14,2750.276255840947,5302.98
2014-08-15,2794.2113201629977,5359.73
2014-08-18,2854.080771411176,5449.27
2014-08-19,2871.0502276439806,5473.4
2014-08-20,2872.8376845703224,5461.59
2014-08-21,2885.813787673519,5477.34
2014-08-22,2922.02415200784,5524.37
2014-08-25,2905.482171782473,5485.08
2014-08-26,2840.990301576826,5376.85
2014-08-27,2871.649128384752,5406.56
2014-08-28,2850.7890527904965,5359.56
2014-08-29,2888.2487236113866,5421.29
2014-09-01,2952.0428816406584,5522.78
2014-09-02,2992.602044605235,5604.66
2014-09-03,3026.1820923484124,5648.72
2014-09-04,3063.9210443080783,5704.28
2014-09-05,3080.432112178023,5722.82
2014-09-09,3106.545290953033,5757.87
2014-09-10,3154.827734775645,5797.45
2014-09-11,3156.2647175403818,5790.1
2014-09-12,3213.970615454644,5862.17
2014-09-15,3267.3584032656213,5922.27
2014-09-16,3156.995385690186,5717.84
2014-09-17,3209.191291518305,5757.99
2014-09-18,3237.848996059732,5803.72
2014-09-19,3287.261717648872,5870.09
2014-09-22,3249.084761483347,5820.68
2014-09-23,3304.8333542586965,5905.17
2014-09-24,3361.0327009619327,5984.15
2014-09-25,3367.0734148167985,5989.88
2014-09-26,3393.20397646258,6015.45
2014-09-29,3447.8838369578484,6080.1
2014-09-30,3503.1183866862493,6127.13
2014-10-08,3535.5475363393825,6214.97
2014-10-09,3533.3404783504843,6238.26
2014-10-10,3527.938626585115,6216.98
2014-10-13,3537.652394420206,6216.67
2014-10-14,3533.314444424679,6204.0
2014-10-15,3553.0533280071154,6222.8
2014-10-16,3520.421464603874,6134.74
2014-10-17,3457.5136410996583,6058.67
2014-10-20,3493.461804148327,6154.52
2014-10-21,3471.769015580906,6103.01
2014-10-22,3420.1996136137427,6027.51
2014-10-23,3338.744145813819,5930.48
2014-10-24,3357.2241909195145,5941.93
2014-10-27,3389.517862202292,6006.84
2014-10-28,3495.5527505837567,6163.67
2014-10-29,3542.1990430958786,6246.7
2014-10-30,3546.3394972977426,6241.59
2014-10-31,3555.5593035178654,6208.61
2014-11-03,3605.7651699595576,6275.99
2014-11-04,3605.443752819725,6231.82
2014-11-05,3622.714153315896,6227.25
2014-11-06,3658.8643858115074,6289.19
2014-11-07,3638.9913149578056,6228.17
2014-11-10,3649.882402208247,6246.61
2014-11-11,3534.155865587743,6023.0
2014-11-12,3605.1770686686855,6120.06
2014-11-13,3557.019514132641,6023.78
2014-11-14,3549.423066691116,6009.45
2014-11-17,3609.755131375672,6100.83
2014-11-18,3631.4880398064656,6139.52
2014-11-19,3661.378433148137,6193.56
2014-11-20,3665.945767964053,6185.92
2014-11-21,3707.302861835567,6240.77
2014-11-24,3742.397252234735,6293.02
2014-11-25,3796.954805570076,6392.44
2014-11-26,3819.411994923497,6435.14
2014-11-27,3855.5198453598223,6472.59
2014-11-28,3865.27570652426,6478.11
2014-12-01,3807.5669180432487,6392.46
2014-12-02,3851.8077472178807,6457.56
2014-12-03,3858.075131451298,6513.96
2014-12-04,3878.902535705572,6605.32
2014-12-05,3736.3533758995854,6462.09
2014-12-08,3689.735492263367,6457.51
2014-12-09,3528.623858368678,6161.37
2014-12-10,3622.970781048946,6366.81
2014-12-11,3671.702273227229,6463.32
2014-12-12,3716.813027809123,6545.19
2014-12-15,3777.172862619895,6658.15
2014-12-16,3749.8574367514175,6635.26
2014-12-17,3673.34096070049,6551.12
2014-12-18,3646.4711632383655,6540.88
2014-12-19,3584.928782509899,6438.04
2014-12-22,3367.5588422226856,6120.58
2014-12-23,3349.120240028825,6023.37
2014-12-24,3434.031566160976,6154.88
2014-12-25,3474.349115596136,6222.51
2014-12-26,3476.9258827650297,6233.94
2014-12-29,3415.499218454597,6098.98
2014-12-30,3368.0368636038525,5982.64
2014-12-31,3388.752280535681,6027.52
2015-01-05,3395.9374767014588,6049.79
2015-01-06,3465.365224137692,6172.39
2015-01-07,3457.173477440146,6166.77
2015-01-08,3459.241572601971,6164.11
2015-01-09,3427.964593262674,6128.01
2015-01-12,3367.845513336959,6062.28
2015-01-13,3423.6474837133537,6167.12
2015-01-14,3408.0765433016936,6139.29
2015-01-15,3427.9447405911533,6168.66
2015-01-16,3463.374428589356,6252.08
2015-01-19,3411.042249953404,6109.29
2015-01-20,3521.4450158659406,6336.63
2015-01-21,3602.3257651921344,6465.73
2015-01-22,3657.415832720014,6568.64
2015-01-23,3640.307874107655,6502.07
2015-01-26,3706.296703538008,6642.61
2015-01-27,3740.559651892443,6693.81
2015-01-28,3757.586280375742,6666.26
2015-01-29,3747.636555045423,6625.01
2015-01-30,3711.44348694137,6546.6
2015-02-02,3713.1844192952985,6535.9
2015-02-03,3777.448448325737,6654.55
2015-02-04,3782.790455872064,6653.34
2015-02-05,3779.918267055892,6654.08
2015-02-06,3734.431754272253,6526.95
2015-02-09,3716.3741240070417,6474.82
2015-02-10,3748.6867172515726,6555.82
2015-02-11,3795.1378170360335,6645.51
2015-02-12,3828.1466580217134,6703.82
2015-02-13,3886.267494893392,6815.85
2015-02-16,3943.897220953472,6965.3
2015-02-17,3955.728815261759,7020.05
2015-02-25,3960.992441258971,7004.67
2015-02-26,4005.760099824413,7045.27
2015-02-27,4055.5934459171535,7141.89
2015-03-02,4135.169737362431,7317.68
2015-03-03,4113.628746856856,7282.11
2015-03-04,4188.960464700649,7411.03
2015-03-05,4225.340287485307,7450.91
2015-03-06,4207.612443216617,7338.4
2015-03-09,4255.491948089555,7450.82
2015-03-10,4321.53515794171,7566.48
2015-03-11,4361.902277449126,7566.31
2015-03-12,4362.065388190591,7514.45
2015-03-13,4422.7081175723415,7649.35
2015-03-16,4554.361919489482,7903.36
2015-03-17,4629.522318283162,7993.24
2015-03-18,4723.528436178917,8150.95
2015-03-19,4776.660376768502,8216.62
2015-03-20,4852.263943757735,8318.83
2015-03-23,4985.978734987034,8560.44
2015-03-24,4968.989757442186,8655.38
2015-03-25,5082.570988734972,8784.91
2015-03-26,5077.419833628645,8611.86
2015-03-27,5186.828701362638,8710.29
2015-03-30,5226.676565490238,8719.22
2015-03-31,5269.56447504395,8780.74
2015-04-01,5390.482370908094,9008.2
2015-04-02,5528.894102154631,9238.05
2015-04-03,5671.902849332206,9419.2
2015-04-07,5780.35034872342,9600.72
2015-04-08,5759.753067556053,9455.59
2015-04-09,5766.632410060869,9369.66
2015-04-10,5945.404205599041,9600.4
2015-04-13,6083.348521031201,9813.6
2015-04-14,6083.47303570626,9830.06
2015-04-15,5838.051759635539,9441.19
2015-04-16,5887.303063719332,9541.77
2015-04-17,5891.549306751544,9567.7
2015-04-20,5755.657975431357,9353.61
2015-04-21,5960.722626243042,9716.35
2015-04-22,6130.942313164163,9995.26
2015-04-23,6205.938356635141,10105.27
2015-04-24,6256.114629329214,10123.91
2015-04-27,6303.499616903988,10174.9
2015-04-28,6117.0426377429785,9847.89
2015-04-29,6297.315088669043,10107.4
2015-04-30,6310.6271932535365,10180.49
2015-05-04,6396.866037536713,10270.13
2015-05-05,6288.950478161386,10007.27
2015-05-06,6240.488521881989,9973.99
2015-05-07,6127.882230581572,9806.51
2015-05-08,6391.359894966767,10274.38
2015-05-11,6698.529669931615,10771.62
2015-05-12,6845.267986568818,11051.43
2015-05-13,6933.047607925197,11137.3
2015-05-14,7049.998086316267,11211.1
2015-05-15,7115.355830613455,11217.93
2015-05-18,7418.548958444651,11542.28
2015-05-19,7604.740194375959,11831.36
2015-05-20,7777.479885596451,12132.37
2015-05-21,8051.988374400844,12586.05
2015-05-22,8233.16061810643,12687.29
2015-05-25,8401.326536815906,12877.87
2015-05-26,8813.1732853282,13401.31
2015-05-27,9046.70474791023,13582.55
2015-05-28,8730.620664070588,12818.99
2015-05-29,8923.163149115024,13027.21
2015-06-01,9454.450969167654,13691.17
2015-06-02,9996.40217054683,14276.32
2015-06-03,10228.602404343692,14356.6
2015-06-04,10262.579151028896,14308.65
2015-06-05,10613.346813898155,14465.75
2015-06-08,10623.45387779733,14099.73
2015-06-09,10690.155437284886,14106.23
2015-06-10,11037.395988444548,14461.81
2015-06-11,11433.201985688094,14768.88
2015-06-12,11793.83052898007,15006.34
2015-06-15,11788.358037054,14707.78
2015-06-16,11442.002819292306,14102.22
2015-06-17,11756.655366675484,14407.31
2015-06-18,11507.239741663056,13934.21
2015-06-19,10882.947755200066,13024.72
2015-06-23,10963.629158845695,13047.02
2015-06-24,11273.882414948475,13313.79
2015-06-25,11026.555999546925,12760.48
2015-06-26,10151.212470280752,11730.75
2015-06-29,9477.051209931302,10906.04
2015-06-30,9872.897412756212,11381.47
2015-07-01,9261.511207171374,10734.01
2015-07-02,8651.761432640653,10002.36
2015-07-03,8104.062661117403,9358.73
2015-07-06,7620.405075729112,8858.91
2015-07-07,7063.913686818989,8356.13
2015-07-08,6768.501117743258,8114.6
2015-07-09,7168.056395514469,8348.87
2015-07-10,7536.432195234603,8620.27
2015-07-13,7987.139868714024,9032.56
2015-07-14,8367.891319056025,9338.17
2015-07-15,8020.233831097035,8942.91
2015-07-16,8118.797481304936,9041.23
2015-07-17,8548.12022516195,9541.26
2015-07-20,8737.306730737058,9839.92
2015-07-21,8930.678437521894,10062.89
2015-07-22,9009.989094336734,10228.86
2015-07-23,9364.413886412916,10553.22
2015-07-24,9283.203590408428,10449.75
2015-07-27,8696.480636917866,9719.55
2015-07-28,8340.538263852157,9284.54
2015-07-29,8819.21125849152,9727.23
2015-07-30,8647.709537553863,9460.73
2015-07-31,8540.364591103838,9223.64
2015-08-03,8129.575308361646,8723.59
2015-08-04,8660.551905701614,9265.22
2015-08-05,8730.05797620421,9240.88
2015-08-06,8790.928739907315,9229.35
2015-08-07,9156.118457759349,9585.14
2015-08-10,9620.47115749389,10077.94
2015-08-11,9754.038413805689,10153.71
2015-08-12,9674.07205478143,10005.93
2015-08-13,9909.951147275762,10308.79
2015-08-14,10067.05552396536,10377.98
2015-08-17,10329.582301267845,10563.13
2015-08-18,9523.626819991974,9806.7
2015-08-19,9765.0197044674,10057.84
2015-08-20,9540.903998143303,9739.92
2015-08-21,9028.733920123732,9208.15
2015-08-24,8309.617295271026,8506.72
2015-08-25,7703.224963772975,7882.11
2015-08-26,7515.654350076457,7543.78
2015-08-27,7795.675859287299,7793.54
2015-08-28,8303.191574935236,8270.96
2015-08-31,7971.417878975865,7950.46
2015-09-01,7459.910193084793,7441.34
2015-09-02,7189.864317795233,7129.97
2015-09-07,7342.098200759504,7291.47
2015-09-08,7828.097799587288,7651.5
2015-09-09,8188.691939464651,7956.73
2015-09-10,8103.77138019154,7843.0
2015-09-11,8168.20394218513,7952.14
2015-09-14,7567.792020930701,7412.3
2015-09-15,7095.781650125255,7034.9
2015-09-16,7651.266611245789,7500.61
2015-09-17,7544.503089848143,7428.64
2015-09-18,7697.630648045633,7556.2
2015-09-21,8046.77664040636,7847.88
2015-09-22,8129.921413798376,7880.84
2015-09-23,8102.550335290349,7824.07
2015-09-24,8271.844476527805,7928.82
2015-09-25,7899.841487736811,7640.17
2015-09-28,8162.41174737634,7839.62
2015-09-29,8054.471374782415,7720.68
2015-09-30,8106.416804879437,7727.51
2015-10-08,8498.597440249761,8056.28
2015-10-09,8700.107041145493,8180.4
2015-10-12,9086.937864019996,8522.63
2015-10-13,9257.38397257888,8651.05
2015-10-14,9139.143120872846,8534.73
2015-10-15,9463.590820774178,8808.46
2015-10-16,9637.864630621532,8943.02
2015-10-19,9631.011447124194,8935.39
2015-10-20,9865.33303059762,9116.54
2015-10-21,9282.165741975628,8541.61
2015-10-22,9695.999042788168,8894.76
2015-10-23,10082.97718617446,9182.55
2015-10-26,10230.03103976307,9262.89
2015-10-27,10318.198543418612,9345.97
2015-10-28,10106.508868099809,9131.87
2015-10-29,10267.734474538853,9214.59
2015-10-30,10290.82688751579,9188.27
2015-11-02,10161.77585277548,8944.68
2015-11-03,10242.573129334463,8924.42
2015-11-04,10797.04403202854,9396.84
2015-11-05,10795.169527657665,9391.45
2015-11-06,11127.27950713645,9629.28
2015-11-09,11333.447474950592,9816.03
2015-11-10,11472.879255914308,9911.24
2015-11-11,11839.900310459583,10100.51
2015-11-12,12039.4053908257,10135.08
2015-11-13,11793.852225473736,9934.77
2015-11-16,12237.896452888375,10194.78
2015-11-17,12188.16759209518,10109.4
2015-11-18,12020.934181667011,9928.66
2015-11-19,12360.383771444076,10235.35
2015-11-20,12586.964055486622,10440.35
2015-11-23,12572.466275006556,10341.45
2015-11-24,12781.377264501762,10459.6
2015-11-25,13130.708395471072,10696.31
2015-11-26,13176.243549395938,10620.83
2015-11-27,12336.468154371858,9933.5
2015-11-30,12456.12441783203,10001.19
2015-12-01,12650.913257401406,9955.2
2015-12-02,12468.322320651716,9822.05
2015-12-03,12891.734019798092,10102.89
2015-12-04,13022.765319050124,10081.57
2015-12-07,13350.708033583507,10238.02
2015-12-08,13165.104950540404,10057.74
2015-12-09,13076.80193510958,10034.19
2015-12-10,12973.62070119441,10035.45
2015-12-11,12961.396547978286,9946.12
2015-12-14,13305.076649114304,10118.9
2015-12-15,13536.123409671223,10278.47
2015-12-16,13760.832655481425,10374.23
2015-12-17,14217.133037131449,10679.96
2015-12-18,14295.85957436629,10629.97
2015-12-21,14581.532344628426,10699.61
2015-12-22,14853.265900704955,10809.24
2015-12-23,14820.68603016944,10638.16
2015-12-24,15004.344532595876,10633.19
2015-12-25,15348.605127189056,10726.99
2015-12-28,15030.851874230417,10515.36
2015-12-29,15364.01827783958,10653.71
2015-12-30,15636.744220010023,10806.7
2015-12-31,15423.21403578227,10614.38
2016-01-04,14147.952089665783,9694.84
2016-01-05,13730.46398508359,9452.04
2016-01-06,14148.334763367877,9709.57
2016-01-07,12906.813345940303,8856.49
2016-01-08,12910.864089674693,8876.25
2016-01-11,11855.32359973548,8205.12
2016-01-12,11834.119353819891,8187.96
2016-01-13,11319.296241740603,7836.12
2016-01-14,11760.353125593516,8157.74
2016-01-15,11269.819332507424,7868.17
2016-01-18,11539.620592748892,8060.88
2016-01-19,12059.594957057849,8388.38
2016-01-20,12080.505083042186,8321.39
2016-01-21,11571.004120639407,7944.57
2016-01-22,11788.095937951051,8074.29
2016-01-25,12056.077963439462,8180.5
2016-01-26,11067.834836052858,7545.54
2016-01-27,10868.04279025849,7466.75
2016-01-28,10412.534519831248,7100.9
2016-01-29,10838.54213125605,7385.76
2016-02-01,10756.5050032739,7292.61
2016-02-02,11180.784296410267,7576.07
2016-02-03,11252.070777997627,7630.46
2016-02-04,11566.496508925144,7807.4
2016-02-05,11489.143203117428,7718.71
2016-02-15,11508.073414289756,7726.37
2016-02-16,12016.940171532477,8069.59
2016-02-17,12210.491392881351,8202.15
2016-02-18,12184.801843244304,8176.14
2016-02-19,12342.032108381689,8239.26
2016-02-22,12693.249042882737,8407.85
2016-02-23,12659.380102489493,8357.36
2016-02-24,12814.378328369745,8364.66
2016-02-25,11766.470747622296,7702.59
2016-02-26,11778.57828634913,7666.82
2016-02-29,10996.584071285031,7183.68
2016-03-01,11215.745371821356,7345.09
2016-03-02,11792.759627939196,7711.89
2016-03-03,11872.398657051152,7727.16
2016-03-04,11434.2265764392,7418.8
2016-03-07,11828.521832303011,7600.44
2016-03-08,12024.721889509156,7670.69
2016-03-09,11771.465183467037,7500.17
2016-03-10,11611.859668284882,7376.7
2016-03-11,11655.49151704767,7349.57
2016-03-14,12131.60711216936,7640.13
2016-03-15,12102.53159782942,7571.82
2016-03-16,12118.44402620262,7484.23
2016-03-17,12570.135357283832,7779.88
2016-03-18,13031.72357988542,8097.2
2016-03-21,13389.626185297204,8325.98
2016-03-22,13408.220636402644,8311.21
2016-03-23,13512.502703522465,8408.64
2016-03-24,13297.164519109903,8279.65
2016-03-25,13463.865154200104,8343.24
2016-03-28,13416.94616646445,8298.78
2016-03-29,13087.842499319564,8119.0
2016-03-30,13623.140701965758,8438.68
2016-03-31,13781.582877932626,8447.18
2016-04-01,13810.21868570255,8389.29
2016-04-05,14222.556107136044,8635.67
2016-04-06,14406.491934065529,8691.23
2016-04-07,14246.162370978947,8549.51
2016-04-08,14199.810261172066,8484.17
2016-04-11,14551.111455228824,8677.41
2016-04-12,14537.819769532569,8608.37
2016-04-13,14755.75977702797,8729.84
2016-04-14,15057.749156871683,8837.02
2016-04-15,15258.735241908438,8841.09
2016-04-18,15147.795387815764,8715.85
2016-04-19,15233.088322456142,8754.5
2016-04-20,14563.96064694501,8312.2
2016-04-21,14427.307706946896,8198.51
2016-04-22,14568.087126915963,8282.42
2016-04-25,14583.141145009631,8232.48
2016-04-26,14827.82507509462,8343.42
2016-04-27,14849.342702022408,8323.46
2016-04-28,14833.530222739397,8303.56
2016-04-29,14880.103472507728,8291.7
2016-05-03,15318.646765481131,8558.58
2016-05-04,15343.186906007995,8565.11
2016-05-05,15440.825319517353,8628.74
2016-05-06,14723.171583458075,8276.03
2016-05-09,13988.577518347254,7918.15
2016-05-10,13930.5479103014,7898.66
2016-05-11,13793.005029319604,7823.98
2016-05-12,13687.885868995434,7821.91
2016-05-13,13668.542521885767,7806.96
2016-05-16,14063.354481356084,7961.15
2016-05-17,14054.116950398144,7961.5
2016-05-18,13572.225862761456,7711.95
2016-05-19,13710.133190837743,7767.32
2016-05-20,13907.429189633074,7860.13
2016-05-23,14197.821257855236,7995.58
2016-05-24,14176.073958901285,7913.68
2016-05-25,14065.57111929352,7889.73
2016-05-26,14184.589451267835,7929.47
2016-05-27,14197.40234227911,7912.86
2016-05-30,14191.517062801846,7867.6
2016-05-31,14687.781194432611,8197.56
2016-06-01,14751.976031643522,8270.52
2016-06-02,14869.843776301102,8369.43
2016-06-03,14923.403577393638,8391.76
2016-06-06,15028.42611254655,8422.47
2016-06-07,15070.389461965346,8434.67
2016-06-08,15081.043199946736,8431.89
2016-06-13,14257.270923480246,8000.82
2016-06-14,14344.703677727452,8038.59
2016-06-15,14857.027596168036,8340.54
2016-06-16,14923.585051544604,8358.03
2016-06-17,15171.326962663685,8414.51
2016-06-20,15228.469929586698,8457.93
2016-06-21,15097.69980187359,8350.76
2016-06-22,15432.270877199631,8513.54
2016-06-23,15331.808361130728,8495.78
2016-06-24,15198.628350767902,8428.82
2016-06-27,15525.140221943451,8646.16
2016-06-28,15733.251667275992,8730.2
2016-06-29,15777.513161560735,8745.82
2016-06-30,15810.145399780327,8741.1
2016-07-01,15783.960585729154,8710.52
2016-07-04,16053.404771661482,8874.07
2016-07-05,16177.58348285168,8914.84
2016-07-06,16240.125738211784,8947.14
2016-07-07,16248.123149972796,8954.28
2016-07-08,16311.458617909118,8939.26
2016-07-11,16248.984881333465,8875.0
2016-07-12,16408.565172973857,8943.06
2016-07-13,16534.51078694309,9023.24
2016-07-14,16573.647766952647,9042.76
2016-07-15,16554.017890615083,8982.89
2016-07-18,16468.042472882284,8937.86
2016-07-19,16600.590708564567,8996.83
2016-07-20,16680.15667418234,8997.89
2016-07-21,16719.401832871314,9007.55
2016-07-22,16594.789997094358,8931.97
2016-07-25,16678.83305403676,8925.34
2016-07-26,16871.54059922116,9035.56
2016-07-27,16172.516310514968,8602.92
2016-07-28,16180.843182132045,8571.56
2016-07-29,16096.80763808349,8501.09
2016-08-01,15891.084448831907,8363.61
2016-08-02,16047.092586789457,8445.78
2016-08-03,16171.433377750727,8482.2
2016-08-04,16283.83311405134,8553.01
2016-08-05,16227.233300104775,8505.36
2016-08-08,16406.831001430783,8607.4
2016-08-09,16528.90422115432,8699.39
2016-08-10,16482.965820190177,8671.78
2016-08-11,16290.315062641106,8531.69
2016-08-12,16446.657113504847,8615.05
2016-08-15,16704.34935965936,8807.83
2016-08-16,16826.64830065596,8877.07
2016-08-17,16845.194799856057,8911.75
2016-08-18,16930.342329267034,8908.32
2016-08-19,16992.92877604995,8923.36
2016-08-22,16932.73360138035,8810.84
2016-08-23,17002.008969737817,8820.21
2016-08-24,17120.237307276275,8850.51
2016-08-25,17051.307570196113,8784.58
2016-08-26,17224.292115763357,8814.46
2016-08-29,17430.629822623374,8836.99
2016-08-30,17436.83554225351,8838.46
2016-08-31,17490.95794758001,8838.38
2016-09-01,17486.628762384058,8770.75
2016-09-02,17539.585866524576,8724.94
2016-09-05,17649.33606161881,8761.96
2016-09-06,17879.867833025648,8906.87
2016-09-07,17941.955396511432,8897.8
2016-09-08,18162.96334724528,8938.43
2016-09-09,18097.010686700884,8872.31
2016-09-12,17527.61520053597,8587.4
2016-09-13,17829.789700355996,8656.68
2016-09-14,17823.7209209205,8618.15
2016-09-19,18106.319003513767,8716.49
2016-09-20,18186.38611342662,8712.28
2016-09-21,18285.39416628981,8732.0
2016-09-22,18473.77458838493,8770.09
2016-09-23,18548.396988063665,8729.61
2016-09-26,18110.85938451895,8544.18
2016-09-27,18242.66247649585,8604.1
2016-09-28,18229.76147114377,8592.13
2016-09-29,18395.75535562838,8618.61
2016-09-30,18496.43198968564,8661.02
2016-10-10,18846.852699071424,8842.82
2016-10-11,19105.072664996445,8903.46
2016-10-12,19217.0860739668,8915.44
2016-10-13,19328.607451676264,8929.51
2016-10-14,19276.681998569005,8913.7
2016-10-17,19031.94916601403,8832.09
2016-10-18,19324.92915211808,8966.69
2016-10-19,19434.04993955955,8954.2
2016-10-20,19490.63651280333,8995.41
2016-10-21,19395.39739642381,8943.01
2016-10-24,19495.887710634062,9000.7
2016-10-25,19605.714965783376,9039.48
2016-10-26,19586.880516627167,9000.76
2016-10-27,19696.82157601252,8997.02
2016-10-28,19440.08442915806,8914.62
2016-10-31,19423.174950610188,8910.51
2016-11-01,19765.88633807797,9006.79
2016-11-02,19789.89540203297,8946.74
2016-11-03,20018.48174882199,9004.85
2016-11-04,20084.573635314428,8979.93
2016-11-07,20221.50759848343,8975.57
2016-11-08,20395.95005498404,9030.73
2016-11-09,20289.40213302358,8967.6
2016-11-10,20719.99358236821,9083.84
2016-11-11,20957.13637239972,9121.51
2016-11-14,21030.07935144832,9152.17
2016-11-15,21193.55976612092,9197.86
2016-11-16,21240.44748355451,9211.95
2016-11-17,21202.87722650503,9174.44
2016-11-18,21157.54084576187,9146.21
2016-11-21,21232.937641841178,9167.49
2016-11-22,21481.861188609724,9244.21
2016-11-23,21361.876714506267,9180.01
2016-11-24,21246.31354114833,9116.57
2016-11-25,21263.37525154745,9134.82
2016-11-28,21273.40821880328,9133.91
2016-11-29,20896.445367084005,9031.29
2016-11-30,20809.229844941296,9014.91
2016-12-01,21065.211773645067,9055.99
2016-12-02,20689.75259261825,8900.41
2016-12-05,20604.12413391507,8851.52
2016-12-06,20735.631411405386,8871.73
2016-12-07,21085.98451042584,8969.14
2016-12-08,21015.69611857787,8914.51
2016-12-09,21149.98691595883,8881.34
2016-12-12,19973.844518283044,8397.48
2016-12-13,20138.380461976543,8433.59
2016-12-14,20208.62883827204,8378.06
2016-12-15,20583.0051145015,8467.71
2016-12-16,21093.6718386143,8559.99
2016-12-19,21329.84284163155,8551.33
2016-12-20,21478.50789169398,8546.19
2016-12-21,21726.87910904879,8609.41
2016-12-22,21746.6372425009,8607.95
2016-12-23,21587.233537831587,8509.36
2016-12-26,21852.91773895259,8547.1
2016-12-27,22262.08270992365,8555.99
2016-12-28,22310.89109343942,8521.38
2016-12-29,22364.35951601152,8488.3
2016-12-30,22453.42525492744,8490.86
2017-01-03,22830.36917388262,8565.14
2017-01-04,23118.263963378213,8669.95
2017-01-05,23250.884611690733,8670.76
2017-01-06,23163.59454898267,8609.9
2017-01-09,23307.396191186835,8653.85
2017-01-10,23322.436926968527,8609.55
2017-01-11,23014.072473159864,8519.85
2017-01-12,22877.45869653759,8443.26
2017-01-13,22405.921795896003,8286.24
2017-01-16,21119.12499563539,7931.96
2017-01-17,21391.4471080985,8028.65
2017-01-18,21237.394487276742,7989.14
2017-01-19,21172.598368148258,7955.39
2017-01-20,21746.1105307101,8087.77
2017-01-23,22140.394896716545,8169.11
2017-01-24,22102.32271601976,8123.59
2017-01-25,22299.63711114189,8150.6
2017-01-26,22515.301119550764,8205.87
2017-02-03,22476.85064805456,8182.28
2017-02-06,23031.963034701177,8280.01
2017-02-07,23139.49190807931,8282.37
2017-02-08,23443.584553921,8342.43
2017-02-09,23709.387019691687,8410.26
2017-02-10,23624.48374798261,8380.79
2017-02-13,23836.419411325784,8432.96
2017-02-14,23824.906615882785,8423.84
2017-02-15,23646.88051937245,8344.07
2017-02-16,23735.31778938213,8397.56
2017-02-17,23465.21437879712,8324.42
2017-02-20,23499.053967991465,8397.24
2017-02-21,23781.445779811547,8479.61
2017-02-22,23858.828399435268,8510.31
2017-02-23,23917.492718703128,8512.7
2017-02-24,24179.216797199828,8543.45
2017-02-27,24062.61693970919,8476.91
2017-02-28,24126.634645689228,8508.09
2017-03-01,24151.02301012793,8526.47
2017-03-02,24009.87855364786,8471.44
2017-03-03,24044.66428871316,8505.45
2017-03-06,24404.28989429449,8608.15
2017-03-07,24521.42704091528,8624.47
2017-03-08,24463.778048608496,8589.87
2017-03-09,24362.6115522318,8535.56
2017-03-10,24262.876530148947,8537.78
2017-03-13,24343.02444854712,8598.52
2017-03-14,24327.301087549506,8581.71
2017-03-15,24333.736560424888,8574.03
2017-03-16,24636.635478813703,8664.98
2017-03-17,24624.380330421693,8603.87
2017-03-20,24771.858833754715,8634.84
2017-03-21,24811.91859519166,8639.57
2017-03-22,24586.14012455072,8592.51
2017-03-23,24595.37797307949,8590.96
2017-03-24,24559.317013486696,8602.29
2017-03-27,24382.46250852207,8586.91
2017-03-28,24460.773016813284,8558.07
2017-03-29,24074.675880499424,8488.22
2017-03-30,23282.635447149383,8315.05
2017-03-31,23325.57706180817,8339.15
2017-04-05,23941.652000089376,8522.01
2017-04-06,24067.35352043989,8543.66
2017-04-07,24089.90350124522,8544.75
2017-04-10,23736.222498305,8449.16
2017-04-11,23963.520363792264,8514.44
2017-04-12,23630.27196867797,8444.39
2017-04-13,23743.72798269238,8470.31
2017-04-14,23413.883527287555,8345.65
2017-04-17,22759.03079995041,8220.66
2017-04-18,22426.08856360238,8136.41
2017-04-19,22217.532791599424,8033.5
2017-04-20,22027.39298992212,7987.65
2017-04-21,22037.63394891337,7945.39
2017-04-24,21222.639150267594,7698.28
2017-04-25,21379.801230208453,7724.0
2017-04-26,21553.856763011125,7751.94
2017-04-27,21935.84123888766,7799.12
2017-04-28,22215.871029409827,7842.08
2017-05-02,22308.247765462285,7845.47
2017-05-03,22377.857855540045,7830.64
2017-05-04,22347.36151265742,7804.58
2017-05-05,21933.12524801297,7700.26
2017-05-08,21438.23635649733,7555.28
2017-05-09,21707.76959414838,7602.96
2017-05-10,21375.260237192724,7451.78
2017-05-11,21168.78918319752,7387.15
2017-05-12,21130.675198531226,7371.3
2017-05-15,21229.41039822361,7391.61
2017-05-16,21904.11065612496,7549.76
2017-05-17,22110.57416275872,7570.44
2017-05-18,22097.11153634207,7519.19
2017-05-19,22016.997468536167,7510.11
2017-05-22,21302.302239045963,7372.79
2017-05-23,20538.62563532361,7138.24
2017-05-24,20695.15694095913,7172.14
2017-05-25,20812.29626794406,7232.63
2017-05-26,20926.4337817397,7233.34
2017-05-31,20949.40132618091,7212.7
2017-06-01,20030.550412864704,7016.3
2017-06-02,20467.533755407912,7094.43
2017-06-05,20770.185924584057,7160.53
2017-06-06,20941.156023862222,7197.62
2017-06-07,21559.06030283516,7347.6
2017-06-08,21491.5858757062,7342.48
2017-06-09,21580.14317543012,7348.52
2017-06-12,21018.440284912507,7246.71
2017-06-13,21626.71601684237,7352.98
2017-06-14,21778.09691746309,7362.86
2017-06-15,22051.53440585805,7455.39
2017-06-16,22025.01036954017,7442.95
2017-06-19,22194.62221973102,7489.76
2017-06-20,22226.70508266111,7503.8
2017-06-21,22342.28796461584,7504.19
2017-06-22,21797.925300024544,7371.96
2017-06-23,21887.16912642917,7376.67
2017-06-26,22160.54627536661,7462.1
2017-06-27,22217.82566929829,7474.03
2017-06-28,22022.65362049421,7423.47
2017-06-29,22163.28058548334,7456.67
2017-06-30,22416.565848378235,7465.76
2017-07-03,22630.58559839092,7537.11
2017-07-04,22525.28453521321,7523.7
2017-07-05,22796.7721348488,7588.09
2017-07-06,22982.39421481825,7601.79
2017-07-07,23247.247603950767,7623.38
2017-07-10,22733.81839092534,7577.82
2017-07-11,22396.310157775453,7484.06
2017-07-12,22399.985596628605,7474.33
2017-07-13,22240.284665982028,7474.3
2017-07-14,22038.728440745137,7433.18
2017-07-17,20356.282898967773,7048.54
2017-07-18,20476.133778060645,7109.6
2017-07-19,20575.262119771352,7202.81
2017-07-20,20663.12065712641,7244.9
2017-07-21,20587.778940849752,7252.71
2017-07-24,20755.11893263484,7292.65
2017-07-25,20770.271700325207,7278.84
2017-07-26,20694.655390431417,7289.88
2017-07-27,21389.429831198835,7383.11
2017-07-28,21099.54627959124,7386.21
2017-07-31,21107.21850564446,7444.96
2017-08-01,21131.436643336885,7452.93
2017-08-02,20781.172025284337,7389.51
2017-08-03,21036.76608366064,7424.11
2017-08-04,20852.00913751945,7389.15
2017-08-07,20946.90463720769,7445.18
2017-08-08,21019.472876350235,7470.69
2017-08-09,20979.11138248157,7495.39
2017-08-10,20714.47414141462,7441.24
2017-08-11,20456.45975830978,7328.4
2017-08-14,20879.15220750013,7474.64
2017-08-15,21145.910764102387,7507.29
2017-08-16,21543.90746688086,7544.39
2017-08-17,21656.46227254058,7614.21
2017-08-18,21498.26629585994,7576.05
2017-08-21,22058.050076860232,7631.75
2017-08-22,21922.04574090045,7585.11
2017-08-23,22244.04778314839,7534.46
2017-08-24,22083.34150894717,7486.06
2017-08-25,22739.605030123512,7559.31
2017-08-28,23581.47313978415,7642.65
2017-08-29,23671.34094569808,7623.26
2017-08-30,23538.53591255957,7654.37
2017-08-31,24266.019792930867,7679.87
2017-09-01,24443.17147916682,7739.91
2017-09-04,24526.396171217657,7798.18
2017-09-05,24629.7284528734,7800.54
2017-09-06,24687.972967361744,7858.28
2017-09-07,24666.094949408467,7823.4
2017-09-08,24695.11208857713,7838.8
2017-09-11,25012.64582334289,7920.69
2017-09-12,24666.11851720013,7899.42
2017-09-13,24938.174946143787,7928.75
2017-09-14,24866.048656217343,7916.67
2017-09-15,24685.817040764392,7880.57
2017-09-18,24834.748773915016,7941.68
2017-09-19,24916.314826410297,7905.71
2017-09-20,25268.019960841262,7975.39
2017-09-21,25152.08704148128,7886.52
2017-09-22,25448.01784921141,7849.73
2017-09-25,25112.80585549289,7731.8
2017-09-26,24614.97086817569,7746.24
2017-09-27,25018.0338406656,7810.23
2017-09-28,24923.10066826615,7768.38
2017-09-29,25246.72933773028,7842.59
2017-10-09,25584.96178646834,7941.18
2017-10-10,26058.631290226083,7994.46
2017-10-11,25933.414971649723,7961.11
2017-10-12,25902.841849845,7940.14
2017-10-13,26328.369256795733,7972.42
2017-10-16,25480.691404432448,7819.59
2017-10-17,25712.35281329547,7805.07
2017-10-18,25411.777302137827,7730.27
2017-10-19,25137.63372618709,7656.06
2017-10-20,25516.06628994853,7751.43
2017-10-23,25784.959211134475,7793.54
2017-10-24,25540.230992462777,7752.92
2017-10-25,25983.76116346908,7799.75
2017-10-26,26150.80783315976,7830.11
2017-10-27,26045.00603744677,7770.71
2017-10-30,25044.993426959834,7574.65
2017-10-31,25428.82872835009,7631.53
2017-11-01,25516.91972222039,7635.44
2017-11-02,25159.848223238667,7542.35
2017-11-03,25080.14740048229,7476.98
2017-11-06,25493.3925745226,7551.35
2017-11-07,25660.51591164934,7596.17
2017-11-08,25853.71412457154,7617.52
2017-11-09,26125.142875871825,7656.67
2017-11-10,26220.342709081408,7669.97
2017-11-13,26179.43141914283,7681.63
2017-11-14,25982.941621767124,7627.49
2017-11-15,25914.648060529027,7556.42
2017-11-16,25632.79581561425,7535.59
2017-11-17,24279.98477507779,7272.66
2017-11-20,24215.610374091742,7292.46
2017-11-21,24062.3135417385,7289.31
2017-11-22,24029.620922616283,7297.39
2017-11-23,23624.45266050213,7129.05
2017-11-24,23660.96787749218,7139.55
2017-11-27,23468.08267891743,7065.84
2017-11-28,23863.751494895467,7176.92
2017-11-29,23785.75552237902,7193.12
2017-11-30,23831.23223662428,7153.57
2017-12-01,24132.6776428887,7215.78
2017-12-04,23385.385847500675,7139.75
2017-12-05,22516.51045234345,6946.56
2017-12-06,22856.12777225568,7016.76
2017-12-07,22875.16442097869,7012.71
2017-12-08,23261.89709798799,7078.0
2017-12-11,23407.605264308306,7160.43
2017-12-12,22982.17387966862,7095.59
2017-12-13,23232.16423764252,7139.72
2017-12-14,23310.14843697505,7146.45
2017-12-15,23339.880094327284,7122.75
2017-12-18,23082.84522308135,7075.87
2017-12-19,23289.33813968997,7115.85
2017-12-20,22971.567451251085,7041.5
2017-12-21,22854.0078354916,7051.34
2017-12-22,22848.39362094225,7037.4
2017-12-25,22452.763749707792,6940.51
2017-12-26,22937.41866120681,6970.75
2017-12-27,22966.626289353928,6942.54
2017-12-28,23091.43180497572,6956.48
2017-12-29,23335.58705107135,7017.35
2018-01-02,23447.00130713027,7092.09
2018-01-03,23602.182243071416,7159.88
2018-01-04,23614.997874063465,7174.87
2018-01-05,23673.41264791195,7176.87
2018-01-08,23657.710971139582,7188.29
2018-01-09,23667.24738876176,7176.74
2018-01-10,23314.73527809008,7138.78
2018-01-11,23590.3206466406,7175.4
2018-01-12,23520.0092669162,7127.83
2018-01-15,22796.01347470794,6929.31
2018-01-16,23094.05919986824,6960.68
2018-01-17,23244.88717862618,6942.86
2018-01-18,23384.87575581156,6955.23
2018-01-19,23315.618464057487,6938.31
2018-01-22,23393.45340430488,7014.55
2018-01-23,23561.64296020324,7019.98
2018-01-24,23750.46567783336,7072.41
2018-01-25,23661.139371232315,7062.64
2018-01-26,23577.640530128647,7056.01
2018-01-29,23262.20309623027,6972.48
2018-01-30,23272.67328774401,6955.24
2018-01-31,22447.63781244345,6791.01
2018-02-01,21316.27680437313,6506.45
2018-02-02,20912.4937697009,6487.87
2018-02-05,20704.42335538254,6461.81
2018-02-06,19203.22898451933,6142.67
2018-02-07,19481.94686272138,6158.26
2018-02-08,19877.35967872664,6238.22
2018-02-09,19297.78119539573,6053.02
2018-02-12,19853.801884429507,6203.75
2018-02-13,19701.799027038527,6216.51
2018-02-14,19614.226641543893,6230.66
2018-02-22,19926.79844467289,6347.08
2018-02-23,20087.78395419319,6365.92
2018-02-26,20638.384111675205,6507.13
2018-02-27,20802.39413060604,6529.38
2018-02-28,20724.57297619886,6563.81
2018-03-01,21108.92822470626,6658.58
2018-03-02,20992.69537543243,6632.37
2018-03-05,21201.837445868387,6674.28
2018-03-06,21445.871405812864,6735.86
2018-03-07,21387.69046477772,6688.55
2018-03-08,21790.347561531245,6725.18
2018-03-09,22272.253503396187,6837.13
2018-03-12,22635.05010412464,6947.46
2018-03-13,22529.120135870253,6911.67
2018-03-14,22274.304711198773,6834.84
2018-03-15,21814.124391626403,6824.05
2018-03-16,21901.42331616609,6805.93
2018-03-19,22177.277862809307,6820.5
2018-03-20,22520.10991512848,6822.25
2018-03-21,22736.98882206694,6771.06
2018-03-22,23008.75437387489,6764.69
2018-03-23,21575.741152525785,6402.89
2018-03-26,21858.89287797318,6515.25
2018-03-27,22635.581770529763,6680.84
2018-03-28,22849.716917631755,6635.87
2018-03-29,23244.606397228003,6684.28
2018-03-30,23724.495783329727,6798.67
2018-04-02,23850.962907995912,6835.87
2018-04-03,23812.65467347691,6769.56
2018-04-04,23809.52645681022,6708.92
2018-04-09,23890.864849296024,6718.65
2018-04-10,23815.81880434266,6720.77
2018-04-11,24220.0895698954,6759.81
2018-04-12,24196.06436390294,6727.64
2018-04-13,23994.26573331298,6721.66
2018-04-16,23532.910176448782,6717.93
2018-04-17,22806.615829573944,6564.69
2018-04-18,23133.813025060408,6661.29
2018-04-19,23169.668641323424,6677.09
2018-04-20,22491.04764445273,6535.96
2018-04-23,22380.997390016742,6466.52
2018-04-24,23049.779470044778,6606.58
2018-04-25,23391.073516385404,6632.02
2018-04-26,22918.81110363723,6510.53
2018-04-27,22971.236355017685,6517.05
2018-05-02,22648.778015158205,6486.81
2018-05-03,23029.691674422167,6545.27
2018-05-04,23224.31378869628,6531.29
2018-05-07,23691.68841850854,6646.58
2018-05-08,23951.986150480883,6678.14
2018-05-09,24186.64534820943,6674.91
2018-05-10,24508.05157118816,6703.21
2018-05-11,24040.916583986684,6636.77
2018-05-14,23824.74028681127,6591.73
2018-05-15,24268.77447792908,6661.13
2018-05-16,24141.833501143254,6622.64
2018-05-17,24137.775120340662,6591.26
2018-05-18,24258.854019768965,6620.77
2018-05-21,24605.07374944516,6697.14
2018-05-22,24796.40984742017,6724.4
2018-05-23,24589.763453277297,6652.29
2018-05-24,24649.33703603481,6628.5
2018-05-25,24536.83021343096,6541.45
2018-05-28,24150.667183107085,6490.4
2018-05-29,24118.53091086505,6436.77
2018-05-30,22909.33778695333,6232.42
2018-05-31,23278.207016503813,6315.17
2018-06-01,23082.573449388965,6243.73
2018-06-04,22908.52708420155,6215.61
2018-06-05,23146.770309190782,6316.42
2018-06-06,23251.5983576284,6320.47
2018-06-07,22831.739533320146,6274.88
2018-06-08,22490.661914391767,6205.96
2018-06-11,22401.54869882085,6151.94
2018-06-12,22567.30260531771,6199.15
2018-06-13,22131.07356986276,6092.34
2018-06-14,22165.73740181243,6060.13
2018-06-15,21500.87745877314,5928.07
2018-06-18,21500.87745877314,5928.07
2018-06-19,19805.74423508085,5522.53
2018-06-20,19993.98480414108,5588.27
2018-06-21,19282.101614377985,5456.91
2018-06-22,19616.756030134187,5541.37
2018-06-25,19706.451853548304,5512.43
2018-06-26,20021.79060759344,5558.71
2018-06-27,20017.933599596225,5508.92
2018-06-28,20047.75070363824,5443.85
2018-06-29,20605.35125746848,5608.54
2018-07-02,20369.139057654,5538.09
2018-07-03,20704.46391105357,5601.59
2018-07-04,20233.835014349817,5500.67
2018-07-05,19664.5046022596,5352.66
2018-07-06,19886.999453439013,5374.58
2018-07-09,20240.47993421667,5487.55
2018-07-10,20374.885702266653,5524.8
2018-07-11,19828.24130831241,5396.31
2018-07-12,20395.694464678305,5541.36
2018-07-13,20588.75349962705,5561.69
2018-07-16,20668.05241901809,5566.96
2018-07-17,20820.73227250116,5575.47
2018-07-18,20739.31436859005,5544.52
2018-07-19,20439.84985025154,5480.77
2018-07-20,20719.043778103,5541.21
2018-07-23,20950.57908806276,5582.31
2018-07-24,21339.05685897824,5672.22
2018-07-25,21375.25241613702,5685.59
2018-07-26,21496.824537919656,5663.18
2018-07-27,21474.93975153033,5630.23
2018-07-30,21146.81003681209,5549.04
2018-07-31,21400.75184376792,5542.54
2018-08-01,21062.85973401149,5456.21
2018-08-02,20482.35045176161,5325.8
2018-08-03,20331.657131165448,5255.63
2018-08-06,19928.9655618945,5144.64
2018-08-07,20467.543581004604,5279.64
2018-08-08,20215.85221357309,5191.79
2018-08-09,20710.66533076615,5307.97
2018-08-10,20814.82358396365,5342.05
2018-08-13,20872.513210798337,5369.18
2018-08-14,20967.950013475387,5351.02
2018-08-15,20631.81663222667,5242.09
2018-08-16,20415.075699736204,5178.24
2018-08-17,20029.09292507837,5084.21
2018-08-20,20062.576779307445,5103.63
2018-08-21,20240.635589227382,5162.03
2018-08-22,19906.32262470563,5102.36
2018-08-23,20095.76189064804,5133.33
2018-08-24,20013.57982391816,5116.14
2018-08-27,20368.224001605377,5229.36
2018-08-28,20455.768547495467,5233.5
2018-08-29,20366.59442818832,5203.71
2018-08-30,19948.430228644145,5114.27
2018-08-31,19799.106529913708,5057.98
2018-09-03,19688.40026960657,5054.11
2018-09-04,19965.7690800611,5113.15
2018-09-05,19767.00061799185,5032.5
2018-09-06,19722.496824501573,5012.51
2018-09-07,19825.57011374828,5022.28
2018-09-10,19430.250257254407,4923.64
2018-09-11,19605.305390823243,4925.3
2018-09-12,19658.522649745155,4919.81
2018-09-13,19806.89818330041,4958.16
2018-09-14,19646.87769103599,4907.93
2018-09-17,19383.33440410067,4831.56
2018-09-18,19720.43210978696,4917.35
2018-09-19,19955.018206734003,4970.01
2018-09-20,20019.1136770477,4951.58
2018-09-21,20201.616434167205,5011.69
2018-09-25,20122.151239085943,4995.7
2018-09-26,20240.27760036423,5017.06
2018-09-27,19801.86495872298,4945.69
2018-09-28,20000.77482311198,4987.27
2018-10-08,19215.720927415347,4817.43
2018-10-09,19332.681053590768,4818.73
2018-10-10,19563.105840725155,4812.43
2018-10-11,17878.290445291463,4456.61
2018-10-12,17734.554051294763,4427.68
2018-10-15,17621.47871679322,4358.87
2018-10-16,17257.91689640072,4261.17
2018-10-17,17533.328026890948,4292.2
2018-10-18,17016.002034796962,4149.44
2018-10-19,17363.47214647924,4241.23
2018-10-22,18383.52888750176,4452.74
2018-10-23,18536.457217001403,4379.06
2018-10-24,18680.900623892187,4377.55
2018-10-25,18493.730580807216,4345.33
2018-10-26,18643.58439048333,4359.47
2018-10-29,18497.065828835668,4296.7
2018-10-30,18871.223379581803,4336.65
2018-10-31,19251.20745135257,4400.61
2018-11-01,19290.27813621229,4428.74
2018-11-02,19803.91310251252,4564.18
2018-11-05,20199.40124272862,4598.2
2018-11-06,20056.75381026336,4603.11
2018-11-07,20101.77355396253,4592.84
2018-11-08,20417.576101275303,4572.38
2018-11-09,20473.181454694284,4561.21
2018-11-12,21281.247890061943,4697.35
2018-11-13,21764.69853331654,4790.45
2018-11-14,21800.03081704022,4791.23
2018-11-15,22407.872946870044,4871.09
2018-11-16,22639.55427833938,4923.99
2018-11-19,22725.929977947137,4942.49
2018-11-20,22022.441909569632,4811.88
2018-11-21,22372.156832581182,4847.04
2018-11-22,22409.94028421539,4850.13
2018-11-23,21095.201102179453,4642.12
2018-11-26,21154.926977798463,4633.73
2018-11-27,21457.64659484242,4671.64
2018-11-28,21715.33823594228,4728.58
2018-11-29,21046.43343497221,4617.35
2018-11-30,21195.5801513186,4648.18
2018-12-03,21862.15330394388,4802.29
2018-12-04,22081.331331286707,4846.17
2018-12-05,21877.835001044496,4816.99
2018-12-06,21481.33271195901,4730.91
2018-12-07,21605.53605182362,4731.9
2018-12-10,21242.01698937805,4676.62
2018-12-11,21500.97357946022,4720.47
2018-12-12,21623.077594201663,4718.82
2018-12-13,21800.90644694784,4763.72
2018-12-14,21030.13726016357,4641.89
2018-12-17,21109.780779845427,4627.23
2018-12-18,20983.091863840906,4596.61
2018-12-19,20748.519718643336,4533.4
2018-12-20,20954.71603745751,4550.6
2018-12-21,20893.708769662404,4517.78
2018-12-24,21234.48033540676,4558.32
2018-12-25,21016.080226851427,4514.62
2018-12-26,21156.05397052139,4494.5
2018-12-27,20783.78400842309,4424.65
2018-12-28,20709.66472150923,4430.02
2019-01-02,20821.76376788303,4408.53
2019-01-03,20759.37181197315,4376.86
2019-01-04,21254.35824666777,4497.89
2019-01-07,21694.286813746377,4594.15
2019-01-08,21684.565916113577,4585.03
2019-01-09,21710.702290376445,4594.74
2019-01-10,21724.83171147106,4582.48
2019-01-11,21920.72149870951,4621.61
2019-01-14,21684.5734218774,4594.19
2019-01-15,22015.47145946489,4644.17
2019-01-16,22018.14339398159,4637.2
2019-01-17,21727.1920707447,4595.49
2019-01-18,21823.81400095349,4626.41
2019-01-21,21929.30309413319,4655.11
2019-01-22,21773.274720301702,4603.2
2019-01-23,21807.624403092894,4609.67
2019-01-24,21953.635775976098,4635.75
2019-01-25,21610.60503634189,4607.94
2019-01-28,21297.02806261808,4570.4
2019-01-29,20640.507348034746,4490.05
2019-01-30,20300.981347059274,4423.14
2019-01-31,19751.116665469017,4355.74
2019-02-01,20389.00474558836,4482.99
2019-02-11,20934.86630237675,4611.83
2019-02-12,21290.51639787373,4675.79
2019-02-13,21646.720111218347,4759.83
2019-02-14,21750.00705776521,4780.04
2019-02-15,21851.39823344548,4773.51
2019-02-18,22566.867071052107,4942.88
2019-02-19,22646.83286103512,4963.75
2019-02-20,22834.45860265519,4967.04
2019-02-21,22716.240955154368,4947.66
2019-02-22,23071.874788082343,5059.51
2019-02-25,24025.53803785835,5324.25
2019-02-26,23929.060259919454,5323.76
2019-02-27,23831.1085217358,5310.27
2019-02-28,24116.227337500022,5330.34
2019-03-01,24173.446835573253,5364.37
2019-03-04,24522.31857961028,5482.3
2019-03-05,25061.83708806553,5654.31
2019-03-06,25566.740759171247,5776.97
2019-03-07,26144.33736654831,5877.3
2019-03-08,24891.2063014524,5633.32
2019-03-11,26208.24277875298,5876.34
2019-03-12,26601.17492747368,6006.18
2019-03-13,26142.168887559736,5866.63
2019-03-14,25283.05907583356,5688.95
2019-03-15,25829.17518369766,5777.11
2019-03-18,26457.64048381544,5916.34
2019-03-19,26662.41415331606,5941.91
2019-03-20,26792.34516699813,5926.17
2019-03-21,27087.94802162511,5990.64
2019-03-22,27220.94746158524,6014.55
2019-03-25,27135.323323846467,5961.44
2019-03-26,26450.39382487686,5788.36
2019-03-27,26862.66250180085,5826.53
2019-03-28,26620.19027547241,5747.86
2019-03-29,27278.957616388696,5911.21
2019-04-01,28243.825176763086,6137.73
2019-04-02,28427.763850449355,6174.94
2019-04-03,28866.531930780948,6237.02
2019-04-04,28934.77752222945,6260.07
2019-04-08,29063.633647262883,6230.21
2019-04-09,29318.79045863913,6245.43
2019-04-10,29197.53327012572,6235.71
2019-04-11,28877.04830736792,6106.95
2019-04-12,29029.280262816745,6101.2
2019-04-15,28704.130443054688,6052.05
2019-04-16,29077.96983100576,6179.8
2019-04-17,29419.09154097033,6234.11
2019-04-18,29240.539026002625,6202.84
2019-04-19,29638.555290334058,6255.25
2019-04-22,29440.55936698801,6192.14
2019-04-23,28772.56553039925,6078.27
2019-04-24,29184.627367766985,6153.39
2019-04-25,27955.871466816552,5899.91
2019-04-26,27642.566282268726,5834.38
2019-04-29,26425.355754388896,5622.48
2019-04-30,26902.127909743624,5682.24
2019-05-06,25016.931126763484,5246.83
2019-05-07,25737.96563542533,5312.5
2019-05-08,25946.09660358716,5292.75
2019-05-09,25963.86036940074,5237.82
2019-05-10,26805.04019469285,5445.53
2019-05-13,26829.04489309847,5405.61
2019-05-14,26671.505885585502,5368.23
2019-05-15,27284.65662752937,5486.39
2019-05-16,27552.258969087365,5527.28
2019-05-17,26504.81856356913,5330.99
2019-05-20,26646.83888240324,5313.15
2019-05-21,27051.85945149829,5418.05
2019-05-22,27102.13263904445,5395.43
2019-05-23,26333.63852421068,5267.83
2019-05-24,26335.481036289933,5200.77
2019-05-27,27105.730697549483,5354.63
2019-05-28,27181.90093868334,5354.53
2019-05-29,27416.062982462663,5376.51
2019-05-30,27294.909471933635,5341.98
2019-05-31,27441.101154326505,5334.25
2019-06-03,27005.03536212463,5255.07
2019-06-04,26646.11187782156,5160.98
2019-06-05,26865.11459102239,5158.47
2019-06-06,26142.47251229297,5030.8
2019-06-10,26436.77176205475,5098.94
2019-06-11,27305.50608344316,5289.62
2019-06-12,27230.292322497386,5264.89
2019-06-13,27451.234588366835,5294.11
2019-06-14,26617.872713603618,5173.07
2019-06-17,26902.364589861187,5160.67
2019-06-18,26727.05505492469,5160.88
2019-06-19,27003.990639218897,5234.28
2019-06-20,27297.60685343176,5317.31
2019-06-21,28519.671618202265,5406.04
2019-06-24,28414.806327734525,5403.8
2019-06-25,28255.25867616388,5351.69
2019-06-26,28427.80377694654,5351.39
2019-06-27,28534.7507168239,5397.57
2019-06-28,28020.74712316648,5321.43
2019-07-01,28702.072905778256,5481.41
2019-07-02,28610.64404771872,5483.52
2019-07-03,28203.106747829886,5428.51
2019-07-04,28151.566943106707,5404.38
2019-07-05,28284.32732952396,5424.25
2019-07-08,27492.299229602504,5244.27
2019-07-09,27789.39598437869,5260.34
2019-07-10,27704.063559827395,5214.64
2019-07-11,27946.5586699014,5206.4
2019-07-12,27977.32933844297,5219.19
2019-07-15,28283.80278485156,5273.81
2019-07-16,28509.34872112636,5285.23
2019-07-17,28626.119741101546,5289.42
2019-07-18,28129.48270153561,5194.6
2019-07-19,28304.194899837265,5220.03
2019-07-22,27355.40910293442,5073.33
2019-07-23,27993.30841728269,5131.1
2019-07-24,28378.30719523898,5194.83
2019-07-25,28368.03491127326,5211.09
2019-07-26,28383.865557399884,5216.6
2019-07-29,28317.410410920133,5218.98
2019-07-30,28508.02351421109,5239.72
2019-07-31,28250.47238212212,5200.09
2019-08-01,28263.380535142605,5173.23
2019-08-02,27727.54271167865,5091.06
2019-08-05,27550.1025574632,5032.64
2019-08-06,26542.903083149355,4899.82
2019-08-07,26409.795770717526,4885.44
2019-08-08,26530.855394737893,4923.33
2019-08-09,26183.79062046093,4869.79
2019-08-12,26592.152101838885,4952.22
2019-08-13,26387.14006753547,4928.46
2019-08-14,26601.698795368324,4961.75
2019-08-15,26612.05660514689,4985.42
2019-08-16,26743.985074270367,5013.58
2019-08-19,27483.63313184094,5173.18
2019-08-20,27572.396793841734,5185.27
2019-08-21,27603.574297837367,5186.62
2019-08-22,27752.83604218979,5208.55
2019-08-23,27619.94823433028,5197.55
2019-08-26,27400.578744637256,5168.68
2019-08-27,27940.81637221267,5266.66
2019-08-28,27960.415275501466,5256.18
2019-08-29,27915.044272054496,5260.95
2019-08-30,27332.65728319217,5182.96
2019-09-02,28026.571961742902,5317.53
2019-09-03,28278.6578109819,5357.06
2019-09-04,28486.81631376557,5394.71
2019-09-05,28695.82000204772,5445.57
2019-09-06,28746.080350108343,5468.46
2019-09-09,29265.28585346589,5602.24
2019-09-10,29313.906967605264,5614.58
2019-09-11,29220.33538234832,5566.41
2019-09-12,29478.658980312244,5592.92
2019-09-16,29577.56047294372,5627.24
2019-09-17,28923.195612908108,5492.22
2019-09-18,29085.70697669284,5485.88
2019-09-19,29432.681443387915,5550.41
2019-09-20,29482.08150567876,5556.48
2019-09-23,29301.252884155405,5501.21
2019-09-24,29498.86169565156,5528.89
2019-09-25,28815.00273619348,5421.62
2019-09-26,27917.18433898904,5244.08
2019-09-27,28344.149682392966,5291.44
2019-09-30,28146.37850710516,5232.39
2019-10-08,28344.111412783663,5237.18
2019-10-09,28733.976926973544,5285.15
2019-10-10,29103.56004491775,5366.93
2019-10-11,29164.174852879925,5370.65
2019-10-14,29607.0403980892,5455.61
2019-10-15,29446.8639804626,5375.53
2019-10-16,29123.725516944545,5353.02
2019-10-17,28965.214589876003,5347.27
2019-10-18,28602.656909556044,5280.53
2019-10-21,28894.33859156845,5247.3
2019-10-22,29248.03444852881,5312.46
2019-10-23,29326.667978107864,5269.72
2019-10-24,29425.15889853787,5259.45
2019-10-25,29568.488145260853,5300.09
2019-10-28,29951.9564721468,5425.75
2019-10-29,29375.505110046062,5366.75
2019-10-30,28990.009224483747,5313.42
2019-10-31,28584.58995488025,5253.88
2019-11-01,28954.48899802144,5303.99
2019-11-04,28785.728670879587,5337.08
2019-11-05,28629.72370792394,5352.06
2019-11-06,28184.0797931886,5304.84
2019-11-07,28337.70338276949,5340.17
2019-11-08,28263.277828688453,5321.78
2019-11-11,27428.02790587245,5183.57
2019-11-12,27562.353492719543,5196.72
2019-11-13,27496.584493738934,5181.49
2019-11-14,27608.357678040044,5216.64
2019-11-15,27163.94375017596,5152.56
2019-11-18,27370.20017192907,5189.35
2019-11-19,27855.93426348352,5286.15
2019-11-20,27645.092669906982,5259.47
2019-11-21,27663.455025072,5250.67
2019-11-22,27459.259542948108,5181.11
2019-11-25,27478.89640752715,5151.37
2019-11-26,27590.38179135717,5147.73
2019-11-27,27536.814037651275,5145.97
2019-11-28,27515.39420471775,5131.13
2019-11-29,27570.618164327985,5126.61
2019-12-02,27634.913192383745,5137.78
2019-12-03,27927.933128035394,5171.36
2019-12-04,28043.52339388186,5179.69
2019-12-05,28242.244712974447,5238.13
2019-12-06,28421.108513516207,5275.51
2019-12-09,28406.158552290788,5294.28
2019-12-10,28521.63915478348,5326.36
2019-12-11,28425.683318699044,5304.88
2019-12-12,28274.297377476687,5304.42
2019-12-13,28563.462434368583,5375.98
2019-12-16,28985.21637097305,5476.99
2019-12-17,29314.15275745168,5545.62
2019-12-18,29461.573017649243,5543.79
2019-12-19,29842.6653000309,5568.11
2019-12-20,29746.978356500567,5501.16
2019-12-23,29178.98904586718,5377.09
2019-12-24,29815.068837834744,5471.74
2019-12-25,29885.18437019275,5504.42
2019-12-26,30300.17770611158,5543.66
2019-12-27,30138.565362843045,5498.93
2019-12-30,30266.255541889823,5530.0
2019-12-31,30390.87187288282,5567.03
2020-01-02,30953.58725986588,5676.56
2020-01-03,31112.62738663851,5706.04
2020-01-06,31240.14267510346,5764.73
2020-01-07,31592.35988229607,5852.36
2020-01-08,31149.791270246373,5772.47
2020-01-09,31685.198295794205,5864.18
2020-01-10,31621.52120665742,5851.89
2020-01-13,31921.243823336245,5926.72
2020-01-14,32015.79273472434,5914.11
2020-01-15,31536.97206386753,5913.52
2020-01-16,31233.17384115913,5902.13
2020-01-17,31003.26049471403,5879.41
2020-01-20,31184.03703178144,5954.87
2020-01-21,30852.46625495288,5901.86
2020-01-22,30841.66495206621,5919.59
2020-01-23,29669.04895137408,5699.01
2020-02-03,26814.07528471812,5200.16
2020-02-04,26122.934311168883,5212.1
2020-02-05,26819.22931077422,5348.34
2020-02-06,27373.88408803309,5515.64
2020-02-07,27755.735125357445,5583.6
2020-02-10,28336.68917121453,5661.56
2020-02-11,28107.236058622148,5623.26
2020-02-12,28552.884208948984,5754.26
2020-02-13,28153.107078192454,5707.53
2020-02-14,28155.053903018328,5727.83
2020-02-17,29216.88988457797,5936.48
2020-02-18,29790.110180957912,6072.19
2020-02-19,29751.214548045184,6018.05
2020-02-20,30346.982301218115,6134.39
2020-02-21,30577.865217317245,6243.48
2020-02-24,30802.075133777464,6380.41
2020-02-25,30412.72501420043,6407.14
2020-02-26,30238.078538752965,6221.84
2020-02-27,30328.15805078183,6232.09
2020-02-28,28606.342909690764,5870.97
2020-03-02,29828.50091038956,6113.41
2020-03-03,30116.478391728386,6195.89
2020-03-04,30640.54226792209,6226.53
2020-03-05,31424.796094651843,6315.83
2020-03-06,31627.971716309137,6296.74
2020-03-09,30828.96239256336,6049.62
2020-03-10,31477.939527173938,6206.41
2020-03-11,31632.70437701807,6122.91
2020-03-12,31198.50786314944,5999.64
2020-03-13,30942.71571616233,5945.46
2020-03-16,30094.234370482827,5657.77
2020-03-17,30129.7384213697,5642.92
2020-03-18,29741.56760196221,5556.11
2020-03-19,30188.988825089466,5617.19
2020-03-20,30805.279815941645,5670.47
2020-03-23,29855.35775489515,5416.57
2020-03-24,30521.71438627992,5517.26
2020-03-25,31008.590284102924,5646.63
2020-03-26,30548.95096367573,5595.43
2020-03-27,30673.81480488371,5553.61
2020-03-30,30040.70422014371,5415.41
2020-03-31,30140.392159299183,5427.13
2020-04-01,29933.11530171188,5403.3
2020-04-02,30320.34056054164,5538.6
2020-04-03,30256.83943122244,5507.12
2020-04-07,31141.756667074613,5695.17
2020-04-08,31461.743932315403,5718.13
2020-04-09,31647.18106659074,5789.26
2020-04-10,30923.77772739972,5637.53
2020-04-13,30674.68860266836,5578.86
2020-04-14,31226.266400120345,5692.0
2020-04-15,30882.35511097366,5657.95
2020-04-16,30927.710772782822,5700.96
2020-04-17,30811.78450291486,5710.05
2020-04-20,31079.234887006813,5803.4
2020-04-21,30926.645325202862,5773.01
2020-04-22,31260.221404370768,5826.56
2020-04-23,31146.913092849823,5789.48
2020-04-24,30565.864345971582,5675.51
2020-04-27,30246.98658821147,5645.66
2020-04-28,29399.54381130905,5561.2
2020-04-29,29257.09589251951,5547.63
2020-04-30,29816.7810807698,5678.17
2020-05-06,30385.63628894777,5802.42
2020-05-07,30221.802514603853,5795.87
2020-05-08,30547.897929564733,5862.77
2020-05-11,30532.6696535272,5851.8
2020-05-12,30449.29358164177,5869.51
2020-05-13,30635.152623768725,5917.03
2020-05-14,30480.75934326032,5863.24
2020-05-15,30500.93678229689,5889.98
2020-05-18,30622.535253170143,5860.04
2020-05-19,30916.518204693384,5936.6
2020-05-20,30911.12084736616,5865.84
2020-05-21,30853.78030192734,5791.64
2020-05-22,30735.89122011683,5684.0
2020-05-25,30946.45635456976,5671.97
2020-05-26,31440.42549528831,5808.55
2020-05-27,31759.92867073007,5772.08
2020-05-28,31658.078568471738,5758.93
2020-05-29,31898.00522313861,5816.4
2020-06-01,32590.495259319054,5993.79
2020-06-02,32885.49977714716,6002.84
2020-06-03,32857.95860810657,5994.64
2020-06-04,33005.66650128477,6006.76
2020-06-05,32795.59301462005,6015.33
2020-06-08,32497.26985364846,6001.43
2020-06-09,32624.31301964001,6042.34
2020-06-10,32302.92887592221,6049.32
2020-06-11,32261.787845778625,6027.41
2020-06-12,32123.55048460164,6031.17
2020-06-15,32263.55204357446,6028.96
2020-06-16,32673.81851801334,6151.69
2020-06-17,32718.932624458343,6178.14
2020-06-18,32661.85900440618,6149.29
2020-06-19,32761.22152090269,6187.11
2020-06-22,32803.566946229475,6228.02
2020-06-23,32793.850414929504,6238.9
2020-06-24,32605.01142077331,6227.57
2020-06-29,32481.635793765883,6211.38
2020-06-30,32892.57741285177,6319.56
2020-07-01,32840.358957338714,6339.37
2020-07-02,33196.40211351203,6413.95
2020-07-03,33615.06444032436,6478.35
2020-07-06,34799.31558503973,6726.0
2020-07-07,35021.04507204792,6817.87
2020-07-08,35606.28470542621,6974.0
2020-07-09,36427.092452220735,7182.18
2020-07-10,36075.579220666856,7150.42
2020-07-13,37357.165223256976,7403.09
2020-07-14,37338.14265086041,7344.99
2020-07-15,36583.75044408656,7131.46
2020-07-16,35185.68189458719,6758.14
2020-07-17,35482.94860494857,6772.53
2020-07-20,36861.18711684879,7003.67
2020-07-21,36835.98611723901,7058.79
2020-07-22,36734.121415793255,7125.57
2020-07-23,36567.7054688222,7119.67
2020-07-24,35513.964001365304,6784.63
2020-07-27,35633.58926668834,6786.53
2020-07-28,36249.09392143115,6857.94
2020-07-29,36802.55335760711,7060.53
2020-07-30,36859.52945659262,7048.98
2020-07-31,37271.28678684853,7141.59
2020-08-03,38293.29864184866,7373.34
2020-08-04,38274.88316874034,7326.19
2020-08-05,38861.69471295705,7427.19
2020-08-06,38961.75771005842,7432.77
2020-08-07,38288.92086821993,7339.81
2020-08-10,38853.94375808022,7358.86
2020-08-11,38118.7892362484,7213.45
2020-08-12,37990.03367950982,7092.36
2020-08-13,38352.23247243391,7113.93
2020-08-14,38682.47424279482,7183.96
2020-08-17,39363.794806301215,7339.69
2020-08-18,39652.77902436143,7410.24
2020-08-19,39252.62463819875,7256.13
2020-08-20,39087.70289689706,7151.26
2020-08-21,39390.742601111386,7194.27
2020-08-24,39726.09888495162,7253.64
2020-08-25,40361.32662081208,7213.68
2020-08-26,39690.241851046565,7037.98
2020-08-27,40734.58377165588,7113.8
2020-08-28,40914.39952013202,7204.78
2020-08-31,40741.16340419876,7224.05
2020-09-01,41055.34340352636,7258.89
2020-09-02,41518.77612827351,7272.62
2020-09-03,41068.55977131691,7189.86
2020-09-04,41546.28202136598,7182.11
2020-09-07,41591.97001031487,7057.19
2020-09-08,42580.06999316861,7103.09
2020-09-09,42203.0918002531,6877.6
2020-09-10,39259.8859353117,6633.89
2020-09-11,39985.97528507929,6742.06
2020-09-14,41169.796014437095,6848.36
2020-09-15,41106.02630802655,6881.59
2020-09-16,40786.9000708452,6812.91
2020-09-17,41222.21835816454,6825.15
2020-09-18,41758.23430591411,6929.77
2020-09-21,41523.75517379954,6927.19
2020-09-22,40823.86204450906,6815.78
2020-09-23,41144.35832910256,6862.97
2020-09-24,39715.89543315327,6675.15
2020-09-25,39519.33855793342,6634.39
2020-09-28,38630.58791773969,6550.37
2020-09-29,38908.05688019298,6621.03
2020-09-30,38717.626730722,6617.16
2020-10-09,39887.70244495229,6822.36
2020-10-12,41009.42169728066,7036.28
2020-10-13,41058.59538007829,7053.87
2020-10-14,40723.83563365886,6988.61
2020-10-15,41149.00381567056,6926.85
2020-10-16,41535.96647840324,6906.39
2020-10-19,41307.03532213043,6858.36
2020-10-20,41830.37415334768,6923.38
2020-10-21,41568.14045420465,6815.09
2020-10-22,41654.45351557824,6771.81
2020-10-23,41282.87214485,6641.33
2020-10-26,41256.85784159395,6648.52
2020-10-27,41087.53185297853,6682.54
2020-10-28,41075.54545448467,6685.43
2020-10-29,41071.054248735694,6674.74
2020-10-30,39851.46458135248,6511.16
2020-11-02,39962.31503040224,6513.79
2020-11-03,40846.65721344663,6647.58
2020-11-04,40618.69402327289,6632.68
2020-11-05,41228.46214216869,6754.95
2020-11-06,40790.14795548444,6688.66
2020-11-09,41520.83121725977,6851.98
2020-11-10,41238.59612440974,6779.49
2020-11-11,41176.25346597333,6663.73
2020-11-12,41440.04363254519,6676.42
2020-11-13,41368.93766712392,6686.39
2020-11-16,41921.73569609589,6747.81
2020-11-17,41773.83806224506,6681.72
2020-11-18,42121.03532562708,6682.12
2020-11-19,42129.66497089079,6718.46
2020-11-20,42141.91546329928,6766.06
2020-11-23,42298.14829220561,6807.72
2020-11-24,42300.26194654135,6808.0
2020-11-25,41801.53540292622,6691.87
2020-11-26,41761.15488237215,6643.18
2020-11-27,41749.10189303784,6641.77
2020-11-30,41725.67819714397,6622.36
2020-12-01,42168.27898112433,6713.23
2020-12-02,42229.26353761688,6735.71
2020-12-03,42211.67747675651,6711.84
2020-12-04,42397.77750847265,6746.63
2020-12-07,42198.54255231476,6733.0
2020-12-08,42103.27736369357,6734.37
2020-12-09,41289.27210424465,6602.52
2020-12-10,41312.75608188461,6605.19
2020-12-11,40456.36400076047,6498.24
2020-12-14,40723.42004557903,6576.82
2020-12-15,40277.47075424993,6596.5
2020-12-16,39536.58353200668,6543.36
2020-12-17,39850.22872194118,6597.86
2020-12-18,39482.09107277059,6573.4
2020-12-21,39656.44632050168,6691.59
2020-12-22,38626.98488875682,6549.97
2020-12-23,38594.16694088195,6601.24
2020-12-24,37512.06260813307,6496.33
2020-12-25,38150.19827711132,6561.27
2020-12-28,37432.92884315687,6519.47
2020-12-29,37570.92716970359,6477.26
2020-12-30,37644.53039569018,6526.88
2020-12-31,38175.82505926464,6646.47
2021-01-04,38537.777211881024,6798.76
2021-01-05,38023.38609422047,6807.45
2021-01-06,37145.897622801,6724.95
2021-01-07,35638.9067537652,6616.55
2021-01-08,35654.97310287278,6585.36
2021-01-11,34324.799036141085,6475.95
2021-01-12,34430.67282973422,6564.74
2021-01-13,33587.2966726408,6513.64
2021-01-14,33976.20284947799,6506.83
2021-01-15,35035.763378295705,6528.46
2021-01-18,35721.562924071266,6652.1
2021-01-19,36289.62688539817,6614.07
2021-01-20,36335.882517105616,6671.45
2021-01-21,36583.98610618391,6745.11
2021-01-22,36090.84130036001,6721.92
2021-01-25,35036.415286848365,6657.27
2021-01-26,34832.78524412433,6534.1
2021-01-27,34829.496214285675,6537.75
2021-01-28,34964.8475172405,6399.13
2021-01-29,34177.64055354022,6304.12
2021-02-01,33921.32577057219,6345.81
2021-02-02,33788.66311638154,6417.46
2021-02-03,33154.71447701755,6307.39
2021-02-04,32392.43133499964,6167.75
2021-02-05,32248.28829149729,6045.3
2021-02-08,32039.144047684305,6088.82
2021-02-09,32455.62360988238,6254.01
2021-02-10,32696.98242064896,6303.31
2021-02-18,33980.2982052975,6404.59
2021-02-19,35294.445098524906,6527.65
2021-02-22,36091.21150800113,6534.57
2021-02-23,35837.669947291164,6489.96
2021-02-24,36164.800517795,6437.84
2021-02-25,35867.15920477352,6399.35
2021-02-26,36490.46777569633,6325.4
2021-03-01,37450.84013830269,6495.16
2021-03-02,37101.77212688408,6466.63
2021-03-03,37457.17647375198,6553.6
2021-03-04,37572.59995641128,6434.89
2021-03-05,38232.5409335175,6456.28
2021-03-08,38073.29508648885,6327.65
2021-03-09,37417.12320803964,6126.28
2021-03-10,36501.88876362785,6078.24
2021-03-11,37216.21048799457,6219.66
2021-03-12,37236.92871464227,6220.48
2021-03-15,37407.88814152408,6177.74
2021-03-16,38362.45447966105,6233.46
2021-03-17,38662.41672312433,6277.58
2021-03-18,38645.348461794514,6298.89
2021-03-19,38800.39499283602,6250.81
2021-03-22,39208.82208377583,6359.6
2021-03-23,38771.028409242615,6289.0
2021-03-24,38769.57965405085,6196.27
2021-03-25,38811.915603174326,6190.71
2021-03-26,39416.83237911651,6301.34
2021-03-29,39389.77825455103,6326.61
2021-03-30,38783.59035311597,6301.58
2021-03-31,39179.0049116463,6293.39
2021-04-01,39029.63203978618,6335.79
2021-04-02,39219.81388040893,6361.25
2021-04-06,39868.1016474315,6421.49
2021-04-07,40412.30286429209,6422.76
2021-04-08,39642.18407141254,6404.13
2021-04-09,39870.0465414902,6399.52
2021-04-12,39474.87762799327,6263.4
2021-04-13,39199.76237627097,6231.14
2021-04-14,39915.56174104606,6320.07
2021-04-15,40146.727789330136,6296.61
2021-04-16,41205.5279691316,6368.85
2021-04-19,41421.550931499696,6477.39
2021-04-20,41169.66616040246,6457.63
2021-04-21,40939.675200311365,6457.71
2021-04-22,41146.06310786276,6485.21
2021-04-23,40437.07283315207,6453.3
2021-04-26,40030.53431941741,6431.09
2021-04-27,39726.85362871241,6400.9
2021-04-28,39761.81396657881,6437.25
2021-04-29,39903.288409659865,6405.1
2021-04-30,39311.85811682779,6382.14
2021-05-06,39586.710069288056,6398.44
2021-05-07,39478.11011889728,6320.25
2021-05-10,39587.80604216674,6338.57
2021-05-11,39939.93313579703,6343.86
2021-05-12,40419.30694601152,6420.34
2021-05-13,40469.3109142187,6375.01
2021-05-14,40947.58249337571,6462.48
2021-05-17,39984.80872115167,6457.28
2021-05-18,40251.66276523765,6486.82
2021-05-19,40467.901510725336,6488.95
2021-05-20,40387.21893362989,6482.84
2021-05-21,40968.69340276856,6480.37
2021-05-24,41399.97615943382,6537.86
2021-05-25,41584.04641359525,6615.71
2021-05-26,41911.152155088406,6644.75
2021-05-27,42089.60137837628,6705.05
2021-05-28,41954.82450548054,6694.35
2021-05-31,42291.204854172494,6814.36
2021-06-01,42698.46163177718,6854.73
2021-06-02,42910.44142497944,6759.46
2021-06-03,42886.37278759356,6754.07
2021-06-04,42728.97905294575,6785.8
2021-06-07,43220.67778786046,6861.85
2021-06-08,43747.41205275196,6809.86
2021-06-09,44122.79906699641,6823.41
2021-06-10,44297.50049503227,6898.21
2021-06-11,44381.30318277177,6852.97
2021-06-15,44067.92679309458,6815.12
2021-06-16,43895.36836607503,6673.24
2021-06-17,43797.83195400872,6787.67
2021-06-18,44278.167853341314,6863.72
2021-06-21,44741.30338085177,6968.3
2021-06-22,45145.01938775641,7000.25
2021-06-23,44999.662650098166,7046.17
2021-06-24,44818.578122763225,6974.64
2021-06-25,44475.258031946,7000.43
2021-06-28,44735.76446983027,7063.47
2021-06-29,44282.18262626356,7004.3
2021-06-30,44614.02481315522,7083.7
2021-07-01,43951.85488620104,6969.53
2021-07-02,44176.392183593154,6908.93
2021-07-05,45226.8004022346,7006.7
2021-07-06,45396.8016951798,6979.06
2021-07-07,45643.38046584681,7089.66
2021-07-08,45246.12595033376,7099.41
2021-07-09,45621.0068938526,7142.9
2021-07-12,46126.22052278461,7284.23
2021-07-13,46417.21947029213,7331.73
2021-07-14,45958.25092880368,7243.82
2021-07-15,44953.986998600245,7241.62
2021-07-16,44776.94242087873,7228.36
2021-07-19,44576.88498293247,7205.27
2021-07-20,44588.02431647337,7253.28
2021-07-21,45366.3045039686,7398.81
2021-07-22,45445.54041536072,7446.48
2021-07-23,44754.40823550951,7379.79
2021-07-26,44160.845181410696,7286.15
2021-07-27,43515.25094497865,7093.87
2021-07-28,42266.45179486828,6945.51
2021-07-29,43172.21815124055,7207.48
2021-07-30,43865.35545706037,7262.38
2021-08-02,44645.13312385332,7402.35
2021-08-03,45027.60964815177,7308.96
2021-08-04,45329.44348673191,7478.21
2021-08-05,45116.41126861744,7447.94
2021-08-06,44947.81756803248,7482.17
2021-08-09,45799.46267289098,7507.08
2021-08-10,46503.37527852902,7549.55
2021-08-11,46748.99293840512,7605.92
2021-08-12,46731.061943362,7657.53
2021-08-13,46716.87480350141,7641.92
2021-08-16,46881.51923046245,7568.14
2021-08-17,45925.251793727,7360.03
2021-08-18,46623.403024266,7405.49
2021-08-19,46426.83450934588,7468.77
2021-08-20,46241.4049649867,7467.36
2021-08-23,47545.635377769766,7652.56
2021-08-24,47875.725256042446,7715.07
2021-08-25,48401.16451127869,7769.63
2021-08-26,48559.11991451917,7669.53
2021-08-27,48233.53495428615,7680.08
2021-08-30,48096.72641639603,7727.75
2021-08-31,48259.30253794957,7728.42
2021-09-01,48290.19669063124,7606.87
2021-09-02,48462.832048584096,7690.86
2021-09-03,48956.86613681109,7630.84
2021-09-06,49573.30708059664,7735.1
2021-09-07,49792.19388366633,7878.35
2021-09-08,50539.01253752989,7894.25
2021-09-09,50572.79672926229,7900.24
2021-09-10,50020.96710532784,7932.65
2021-09-13,50337.35690451108,7947.48
2021-09-14,49804.99953920811,7916.9
2021-09-15,50469.47930966293,7972.23
2021-09-16,50347.69706568572,7754.95
2021-09-17,49881.61791663396,7730.22
2021-09-22,49724.39454064642,7769.06
2021-09-23,50405.18027857367,7806.8
2021-09-24,49126.59825013777,7695.62
2021-09-27,47240.36550327851,7467.82
2021-09-28,47561.00944886145,7468.73
2021-09-29,46487.88021679736,7199.18
2021-09-30,47747.75177934836,7405.46
2021-10-08,49472.86460073123,7425.67
2021-10-11,49348.11756115149,7384.84
2021-10-12,48779.25971192157,7208.47
2021-10-13,48880.44499566938,7289.36
2021-10-14,49028.03829824038,7342.25
2021-10-15,48534.1368106874,7350.41
2021-10-18,49005.95383189299,7429.63
2021-10-19,48887.228567861865,7504.05
2021-10-20,48473.52845804441,7523.56
2021-10-21,47751.1177745582,7503.53
2021-10-22,47139.63141627624,7438.48
2021-10-25,47039.89818628954,7532.37
2021-10-26,46544.99419031566,7508.69
2021-10-27,45406.360029398005,7433.55
2021-10-28,44793.93768333461,7267.85
2021-10-29,46032.24227344413,7385.3
2021-11-01,46604.56881333926,7455.61
2021-11-02,45768.54502537214,7368.6
2021-11-03,46285.04549646842,7385.2
2021-11-04,46712.68283012189,7483.69
2021-11-05,46823.2659418686,7389.59
2021-11-08,47404.57569197522,7422.91
2021-11-09,47863.98820839366,7531.96
2021-11-10,48245.06903552265,7535.23
2021-11-11,48765.97399274612,7593.73
2021-11-12,49391.33178900704,7697.81
2021-11-15,50527.22085059106,7676.48
2021-11-16,50085.34267438663,7589.18
2021-11-17,50915.64669483886,7725.09
2021-11-18,50264.14169208571,7714.8
2021-11-19,50892.41981526696,7803.76
2021-11-22,50796.46909077333,7947.37
2021-11-23,51051.82979952099,7941.56
2021-11-24,51272.07880665412,7938.77
2021-11-25,51601.455403963526,7925.76
2021-11-26,51373.646034856494,7940.79
2021-11-29,50969.00175834938,7999.83
2021-11-30,51955.8612866079,8054.29
2021-12-01,53268.57638283218,8055.82
2021-12-02,52740.48085742014,7968.24
2021-12-03,52827.22544758294,8023.96
2021-12-06,51677.97060614055,7906.76
2021-12-07,51695.15519404691,7781.44
2021-12-08,52086.31745089294,7922.55
2021-12-09,52367.3601175252,7931.76
2021-12-10,53209.16458682168,7949.12
2021-12-13,53265.685863556086,7984.9
2021-12-14,53970.10200760726,7981.83
2021-12-15,54516.96363488547,7955.58
2021-12-16,55140.645260784135,8005.98
2021-12-17,55146.26618143205,7894.1
2021-12-20,55352.57957665806,7751.95
2021-12-21,56865.44906348936,7849.03
2021-12-22,56782.01274917103,7930.81
2021-12-23,55651.36884666215,7932.66
2021-12-24,54509.24857135792,7776.61
2021-12-27,55581.33456433178,7776.43
2021-12-28,56059.02265954629,7863.53
2021-12-29,56383.46656157592,7855.43
2021-12-30,56979.14864697208,7924.53
2021-12-31,57147.85674310542,8010.32
2022-01-04,58817.3598425212,7983.07
2022-01-05,58477.55247455695,7781.68
2022-01-06,59337.79049971577,7844.52
2022-01-07,57984.11496631376,7682.7
2022-01-10,58859.36525151277,7734.19
2022-01-11,59295.55666245075,7646.69
2022-01-12,60810.38280770005,7779.52
2022-01-13,60863.90416530762,7644.79
2022-01-14,59836.06761378053,7675.37
2022-01-17,61210.52260516423,7808.09
2022-01-18,59357.961727437214,7758.6
2022-01-19,60676.287316685804,7665.18
2022-01-20,58399.40592110084,7492.61
2022-01-21,58834.8977108037,7388.74
2022-01-24,57704.95960802415,7425.4
2022-01-25,55070.8901017113,7133.07
2022-01-26,55918.56316733656,7171.03
2022-01-27,53719.782133655775,6960.11
2022-01-28,55553.326854038736,6973.01
2022-02-07,56306.87163302207,7061.62
2022-02-08,57761.04537477945,7080.62
2022-02-09,58213.23773469556,7211.43
2022-02-10,58029.92378059385,7175.62
2022-02-11,56600.180220324895,7033.85
2022-02-14,57661.50200049227,7006.08
2022-02-15,57648.22870197557,7124.85
2022-02-16,59290.579885048326,7183.11
2022-02-17,59233.64098873273,7220.61
2022-02-18,59669.44925238323,7251.79
2022-02-21,60828.03257108889,7334.59
2022-02-22,60299.54341782876,7279.24
2022-02-23,60903.60023594642,7450.4
2022-02-24,59771.73527938578,7285.12
2022-02-25,60811.032236244086,7361.96
2022-02-28,60536.7876678092,7419.83
2022-03-01,61710.43725737148,7429.44
2022-03-02,62817.51532957969,7414.31
2022-03-03,63075.71556398683,7342.61
2022-03-04,62243.09746016591,7241.56
2022-03-07,62075.64726468881,7085.73
2022-03-08,60211.5995382129,6871.22
2022-03-09,59278.66520774723,6796.04
2022-03-10,60635.34479463123,6952.52
2022-03-11,61115.36112432316,6990.78
2022-03-14,59387.56481474056,6800.59
2022-03-15,56611.21137640117,6473.48
2022-03-16,58914.74124003753,6692.97
2022-03-17,59395.32333656993,6818.54
2022-03-18,60841.62194106001,6879.37
2022-03-21,62035.27958962903,6954.41
2022-03-22,62163.53837948112,6923.44
2022-03-23,62037.321584589125,6966.95
2022-03-24,60958.48221382398,6900.81
2022-03-25,61633.15107086263,6819.81
2022-03-28,61418.47418018791,6767.25
2022-03-29,60343.565158879,6725.68
2022-03-30,60612.634724404925,6864.75
2022-03-31,61198.55219655499,6772.07
2022-04-01,60474.3127581804,6772.6
2022-04-06,61975.93905297608,6764.29
2022-04-07,60424.052394240025,6623.59
2022-04-08,59715.772612868896,6575.28
2022-04-11,58604.58143452603,6328.07
2022-04-12,60161.96001351241,6414.42
2022-04-13,59340.22887167194,6286.25
2022-04-14,59554.85458295054,6359.71
2022-04-15,57638.99115640253,6275.07
2022-04-18,58311.25488438002,6326.02
2022-04-19,58690.68509697673,6345.79
2022-04-20,58853.24581100967,6234.25
2022-04-21,56922.97434721347,5981.38
2022-04-22,56877.43085334229,5891.81
2022-04-25,52201.22691761613,5431.61
2022-04-26,50007.21265806049,5266.55
2022-04-27,50790.23246348462,5540.72
2022-04-28,49616.4423086,5493.91
2022-04-29,52087.66577662794,5734.49
2022-05-05,52812.23822888777,5836.93
2022-05-06,52430.69805645725,5764.69
2022-05-09,53575.82283030267,5840.89
2022-05-10,54477.15546936816,5950.67
2022-05-11,54437.34856929031,6003.03
2022-05-12,55209.4332972262,6034.57
2022-05-13,55611.37864195396,6071.67
2022-05-16,55882.07476192187,6082.88
2022-05-17,55672.10496055551,6118.46
2022-05-18,56655.520081471936,6127.8
2022-05-19,57380.535709363736,6180.19
2022-05-20,57705.4187001784,6263.44
2022-05-23,58589.00143126848,6343.47
2022-05-24,56130.18672337762,6081.64
2022-05-25,57379.70589393144,6188.27
2022-05-26,57499.68553656754,6227.1
2022-05-27,57293.96683738329,6210.09
2022-05-30,57505.17475748171,6282.36
2022-05-31,57951.0639639491,6353.35
2022-06-01,58811.89184319933,6373.32
2022-06-02,60113.91543511114,6442.93
2022-06-06,61176.460395833485,6604.98
2022-06-07,60324.52403880109,6597.83
2022-06-08,59761.47600853522,6608.89
2022-06-09,58707.73973058446,6490.38
2022-06-10,59183.997817175405,6627.75
2022-06-13,59158.8847860326,6674.8
2022-06-14,58904.59915308325,6665.25
2022-06-15,58873.036995624025,6653.76
2022-06-16,59515.35907722181,6696.76
2022-06-17,59153.116893207705,6774.74
2022-06-20,59970.48765542562,6848.75
2022-06-21,60345.38953159408,6779.14
2022-06-22,59408.963116948216,6691.81
2022-06-23,60500.273022898415,6845.45
2022-06-24,60880.23809498355,6931.65
2022-06-27,61117.14508824169,7002.93
2022-06-28,62491.75556473938,7079.72
2022-06-29,61056.30716081272,6900.99
2022-06-30,61150.64903052108,6995.53
2022-07-01,61150.47301167332,6994.5
2022-07-04,61150.22577815924,7076.32
2022-07-05,60452.51918928177,7036.0
2022-07-06,60480.97554416459,6953.98
2022-07-07,60766.49040586215,7041.87
2022-07-08,61657.69049103408,7000.79
2022-07-11,61436.17277339894,6893.63
2022-07-12,60347.05642114924,6779.56
2022-07-13,61677.5573545823,6834.9
2022-07-14,62108.102549442,6920.87
2022-07-15,60437.768408382464,6852.82
2022-07-18,62773.48769825556,6953.93
2022-07-19,63729.93327913815,7009.32
2022-07-20,64039.63122853024,7110.1
2022-07-21,63958.9167155933,7075.29
2022-07-22,64733.200259589765,7034.6
2022-07-25,64819.45330474254,6948.91
2022-07-26,65290.47953917175,7027.42
2022-07-27,65787.57700230874,7099.43
2022-07-28,66356.20076389547,7150.2
2022-07-29,66522.12814436045,7117.43
2022-08-01,66965.9802517443,7180.45
2022-08-02,64030.51592730556,6957.98
2022-08-03,64450.1781967069,6916.67
2022-08-04,65771.59921982483,6960.31
2022-08-05,66203.43390556765,7090.0
2022-08-08,67256.8607490871,7176.11
2022-08-09,68347.84152726356,7207.4
2022-08-10,69131.32760617152,7212.08
2022-08-11,69700.4023587248,7294.49
2022-08-12,69840.99180381803,7228.83
2022-08-15,69865.22098959454,7283.5
2022-08-16,70606.32868275716,7324.62
2022-08-17,70435.63508592772,7328.67
2022-08-18,70731.52511721963,7351.44
2022-08-19,69722.68838654179,7234.41
2022-08-22,70096.7510715466,7288.58
2022-08-23,70616.44139477292,7306.02
2022-08-24,69030.89605500197,7039.41
2022-08-25,68880.24083789779,7016.31
2022-08-26,68185.29824818319,6980.18
2022-08-29,69238.1331357455,7021.31
2022-08-30,69867.55227265733,6976.72
2022-08-31,68151.8870177565,6750.74
2022-09-01,68501.03075028305,6717.1
2022-09-02,70032.82109468979,6776.83
2022-09-05,70504.45094726767,6791.09
2022-09-06,70573.66892087935,6919.65
2022-09-07,70499.74845064477,6963.52
2022-09-08,69722.6899697507,6897.1
2022-09-09,69255.1725172866,6913.58
2022-09-13,69888.61192981664,6904.08
2022-09-14,69682.2577855557,6829.56
2022-09-15,68088.69716188357,6619.19
2022-09-16,65862.06380530554,6481.24
2022-09-19,64490.19973157944,6399.8
2022-09-20,65813.07646081444,6482.13
2022-09-21,66801.19000346617,6480.6
2022-09-22,66631.69978492097,6487.27
2022-09-23,65089.397354029,6363.68
2022-09-26,63345.82328165253,6283.59
2022-09-27,65418.722380946274,6409.78
2022-09-28,64382.90517138276,6211.11
2022-09-29,63777.75288706628,6228.78
2022-09-30,63023.05938356744,6124.86
2022-10-10,61975.88644188995,5984.5
2022-10-11,62155.48824694018,6017.72
2022-10-12,63977.93475902575,6192.65
2022-10-13,65225.5262126554,6252.22
2022-10-14,66350.27770929587,6406.46
2022-10-17,68308.79077790648,6472.45
2022-10-18,68409.09003741526,6508.5
2022-10-19,68089.3426953918,6461.15
2022-10-20,68034.1615710657,6429.7
2022-10-21,68461.18037912574,6432.33
2022-10-24,67280.68583894167,6378.43
2022-10-25,66489.48089510399,6355.78
2022-10-26,68350.17967932261,6491.69
2022-10-27,68810.95854879465,6461.61
2022-10-28,65938.89330083964,6239.93
2022-10-31,67249.48123769453,6292.62
2022-11-01,68956.56668917318,6439.82
2022-11-02,69766.80269219898,6524.51
2022-11-03,70113.59361020323,6566.84
2022-11-04,70957.72729121565,6709.64
2022-11-07,72014.99629244498,6713.64
2022-11-08,72365.44658656321,6694.96
2022-11-09,72277.30640661075,6676.01
2022-11-10,72131.43262435096,6603.31
2022-11-11,72392.4885752846,6643.48
2022-11-14,72518.31940422524,6599.67
2022-11-15,73381.85118485561,6752.51
2022-11-16,74018.71871556208,6702.04
2022-11-17,74931.65785705131,6714.5
2022-11-18,75011.66323636897,6658.4
2022-11-21,75191.45058930843,6689.33
2022-11-22,74495.40179312242,6583.23
2022-11-23,73426.08407727741,6567.99
2022-11-24,74184.03258482712,6586.86
2022-11-25,73481.18678091456,6512.16
2022-11-28,73236.49915137555,6492.71
2022-11-29,74412.81627719548,6594.32
2022-11-30,74239.78947484629,6590.31
2022-12-01,74820.58927986103,6658.43
2022-12-02,76349.27025345905,6680.54
2022-12-05,76799.66723496625,6714.37
2022-12-06,76013.11515425207,6703.55
2022-12-07,76074.34638691969,6705.29
2022-12-08,75626.62182884415,6662.34
2022-12-09,75475.81394230742,6680.38
2022-12-12,75254.0246638909,6655.67
2022-12-13,75378.12049020697,6593.67
2022-12-14,75254.96287226789,6570.02
2022-12-15,75881.48402368804,6597.55
2022-12-16,74437.30096667072,6519.44
2022-12-19,72231.53061130848,6390.77
2022-12-20,72453.07055527355,6341.58
2022-12-21,71893.30093237499,6289.14
2022-12-22,70633.89474428234,6186.93
2022-12-23,70941.36513333072,6160.75
2022-12-26,71923.14229670561,6275.52
2022-12-27,72020.04540628186,6325.63
2022-12-28,70756.37384735912,6268.47
2022-12-29,70292.69138041168,6261.83
2022-12-30,70876.96763522697,6281.62
2023-01-03,73218.84510394439,6423.7
2023-01-04,74313.47490809073,6421.28
2023-01-05,74385.46889973905,6485.47
2023-01-06,73970.24844260201,6500.32
2023-01-09,74445.33227015498,6535.75
2023-01-10,74337.01115018841,6540.2
2023-01-11,73042.32871540448,6486.9
2023-01-12,73204.14088853994,6489.57
2023-01-13,73188.82188750696,6517.51
2023-01-16,74522.34244609384,6591.81
2023-01-17,74382.39101439291,6597.49
2023-01-18,75559.73182306928,6613.01
2023-01-19,76216.2910355392,6676.08
2023-01-20,76867.86029326067,6736.85
2023-01-30,78418.6878476073,6786.45
2023-01-31,79004.61996356181,6805.28
2023-02-01,80643.04431465245,6916.72
2023-02-02,80987.22818097507,6933.23
2023-02-03,81263.61705427698,6925.08
2023-02-06,82076.17426250015,6891.41
2023-02-07,82830.67178654771,6924.32
2023-02-08,82453.3440289632,6877.72
2023-02-09,83331.23771482018,6999.18
2023-02-10,83804.07788870452,6975.39
2023-02-13,84444.91778955092,7052.18
2023-02-14,84765.67855091061,7061.45
2023-02-15,85430.55902583017,7063.6
2023-02-16,83069.74274109119,6925.2
2023-02-17,83332.89043234685,6868.55
2023-02-20,83518.71945929769,6959.36
2023-02-21,83628.65877034415,6990.48
2023-02-22,83915.13731668479,6998.43
2023-02-23,84086.35086485023,6966.79
2023-02-24,84323.57806503017,6944.82
2023-02-27,83384.35950982527,6894.3
2023-02-28,84491.12045499231,6955.57
2023-03-01,85835.3044908374,7002.77
2023-03-02,86135.12252726385,6972.31
2023-03-03,85879.0522510959,6967.94
2023-03-06,85647.73802076031,6997.04
2023-03-07,84253.06936297596,6855.34
2023-03-08,85906.4590758447,6891.46
2023-03-09,87361.82614180236,6892.86
2023-03-10,86465.08726779885,6798.3
2023-03-13,86236.25530990331,6832.62
2023-03-14,84851.87718928444,6769.85
2023-03-15,86060.11048740041,6803.47
2023-03-16,85006.5885666789,6689.78
2023-03-17,85310.80037171993,6736.37
2023-03-20,84866.87063855551,6721.45
2023-03-21,86885.74977976015,6809.39
2023-03-22,87773.6271731865,6840.33
2023-03-23,87410.72743789812,6868.83
2023-03-24,87675.47653388465,6867.95
2023-03-27,87303.6084179597,6886.69
2023-03-28,86595.87168544809,6825.38
2023-03-29,85428.4232885763,6806.28
2023-03-30,84275.63981760129,6807.64
2023-03-31,84959.18854342576,6875.81
2023-04-03,85582.20709485453,6962.2
2023-04-04,84143.74455062783,6953.36
2023-04-06,83256.17429195663,6983.03
2023-04-07,83925.22906227093,7042.89
2023-04-10,82275.53871415267,6968.57
2023-04-11,81909.25503616706,6984.14
2023-04-12,83011.77465553612,7021.02
2023-04-13,83027.58520358895,6966.82
2023-04-14,83095.18359977986,7020.09
2023-04-17,83047.97781672115,7012.77
2023-04-18,82154.51934331791,6997.07
2023-04-19,81615.18373426105,6965.58
2023-04-20,80582.57783674226,6963.9
2023-04-21,78331.30972226136,6773.51
2023-04-24,78348.77935237769,6725.27
2023-04-25,76731.15800109283,6603.24
2023-04-26,78253.46924476938,6624.4
2023-04-27,79232.2247196958,6633.49
2023-04-28,81515.17646620084,6723.3
2023-05-04,83139.24853832582,6733.97
2023-05-05,82735.15545405251,6653.65
2023-05-08,82856.89983850862,6702.5
2023-05-09,81297.439850928,6611.64
2023-05-10,82082.72043749692,6627.31
2023-05-11,83366.55682676904,6622.52
2023-05-12,82840.72958584361,6535.94
2023-05-15,83511.7497575358,6585.91
2023-05-16,83131.45611490008,6516.29
2023-05-17,85018.02548235218,6554.98
2023-05-18,85868.62132951741,6583.74
2023-05-19,85873.88851572263,6602.32
2023-05-22,86642.93540556662,6595.98
2023-05-23,86579.97830691146,6528.45
2023-05-24,87229.47049165191,6513.18
2023-05-25,87672.61358796792,6501.0
2023-05-26,87213.3095210971,6546.41
2023-05-29,86477.7340367945,6534.12
2023-05-30,86564.73877325916,6564.47
2023-05-31,86002.30783723807,6561.65
2023-06-01,86306.46270257777,6574.76
2023-06-02,87205.9595923759,6626.28
2023-06-05,88076.60132800642,6632.96
2023-06-06,86247.65363451929,6489.81
2023-06-07,87069.92840788673,6488.56
2023-06-08,86752.37101457024,6442.48
2023-06-09,85619.54509310609,6495.56
2023-06-12,86822.87659749111,6530.16
2023-06-13,87461.65685764015,6554.96
2023-06-14,86863.97957616925,6578.12
2023-06-15,86002.85474120252,6613.95
2023-06-16,86215.08848923424,6669.01
2023-06-19,85741.59957784934,6693.3
2023-06-20,84795.54240401895,6693.91
2023-06-21,83928.48979909766,6548.41
2023-06-26,82925.38197035587,6420.97
2023-06-27,85675.3285100341,6507.27
2023-06-28,86033.5941039667,6475.51
2023-06-29,87686.86860481859,6520.04
2023-06-30,89475.20696146837,6602.04
2023-07-03,90082.24458536046,6612.88
2023-07-04,90630.88158218548,6638.45
2023-07-05,90440.75802188089,6584.42
2023-07-06,90637.22680775616,6567.08
2023-07-07,90449.43664030336,6521.43
2023-07-10,90486.93573816968,6526.85
2023-07-11,91239.45987208572,6579.37
2023-07-12,90314.2267914022,6482.99
2023-07-13,90840.86978054314,6548.31
2023-07-14,91032.10270854885,6544.46
2023-07-17,91710.26824010322,6516.56
2023-07-18,92187.89208206577,6510.03
2023-07-19,92426.19204490005,6492.35
2023-07-20,91554.80979322424,6408.76
2023-07-21,91375.90135478327,6401.42
2023-07-24,92051.30298793135,6393.79
2023-07-25,93961.05642087274,6498.27
2023-07-26,94839.12410236974,6457.25
2023-07-27,94850.39400359742,6407.55
2023-07-28,95443.107345202,6465.38
2023-07-31,96109.89571665796,6515.85
2023-08-01,95743.70928888464,6507.41
2023-08-02,96099.4839050826,6496.02
2023-08-03,95313.95608939591,6499.54
2023-08-04,94380.74236837278,6535.32
2023-08-07,93927.28472904276,6503.98
2023-08-08,94391.0170033454,6471.34
2023-08-09,93171.82125606746,6420.98
2023-08-10,94233.70988278184,6426.81
2023-08-11,92968.99008968427,6304.64
2023-08-14,93331.93879188495,6319.41
2023-08-15,93348.90561137392,6261.73
2023-08-16,92915.78831740694,6186.4
2023-08-17,94937.24127134505,6247.6
2023-08-18,95232.28165069164,6117.11
2023-08-21,95575.5684937381,6057.17
2023-08-22,94439.5214919399,6099.19
2023-08-23,93780.26021148532,5973.67
2023-08-24,92762.27447087529,5987.97
2023-08-25,91434.76116946463,5879.03
2023-08-28,92678.07031688633,5922.16
2023-08-29,97427.55440577916,6108.76
2023-08-30,98545.49660795346,6139.63
2023-08-31,98344.1503385885,6104.3
2023-09-01,98131.93153068286,6107.2
2023-09-04,99950.12510676528,6198.76
2023-09-05,99677.28763846582,6167.64
2023-09-06,100349.90492965266,6195.38
2023-09-07,98831.32449208232,6083.49
2023-09-08,98755.56772126313,6102.49
2023-09-11,99416.21322446884,6182.64
2023-09-12,98626.79282923776,6184.61
2023-09-13,97836.68240786166,6103.14
2023-09-14,96803.29944097812,6068.71
2023-09-15,96745.17841706196,6079.06
2023-09-18,98815.19356540056,6083.97
2023-09-19,97364.69345465742,6031.04
2023-09-20,96820.38212979968,5982.56
2023-09-21,96392.828326625,5939.66
2023-09-22,98553.4152365357,6054.93
2023-09-25,98206.55540073667,6027.39
2023-09-26,98050.2229761078,5996.11
2023-09-27,98734.3985782696,6034.06
2023-09-28,100134.37231094642,6078.94
2023-10-09,99066.39265268586,6059.97
2023-10-10,98853.1592289519,6043.48
2023-10-11,98476.9726571212,6059.4
2023-10-12,98270.0600680226,6104.46
2023-10-13,96586.29375263186,6081.87
2023-10-16,97018.05756326512,6024.36
2023-10-17,97246.6797857114,6011.37
2023-10-18,95429.40969454934,5908.01
2023-10-19,95075.37813012445,5842.89
2023-10-20,94656.52418826176,5774.32
2023-10-23,92015.27704438416,5638.14
2023-10-24,96238.4342482686,5719.32
2023-10-25,98632.49542338448,5778.9
2023-10-26,98225.2038338112,5811.69
2023-10-27,99279.53812033896,5916.68
2023-10-30,100362.16797293624,6006.56
2023-10-31,100345.4119770204,5969.34
2023-11-01,101484.18685392858,5958.42
2023-11-02,101097.44772712748,5885.25
2023-11-03,101959.731664214,5973.17
2023-11-06,103432.68453595054,6096.57
2023-11-07,103954.7355015325,6116.76
2023-11-08,104154.12018638226,6138.94
2023-11-09,103606.24630913604,6100.69
2023-11-10,103904.5543859112,6088.56
2023-11-13,105505.09788079598,6144.63
2023-11-14,104945.15466461446,6181.98
2023-11-15,105362.1910576231,6207.27
2023-11-16,104971.41507294138,6145.15
2023-11-17,105870.61208179142,6199.23
2023-11-20,107330.4987147154,6253.28
2023-11-21,106883.59532483484,6212.13
2023-11-22,106342.8974314676,6132.97
2023-11-23,107108.8729611136,6197.53
2023-11-24,105818.05749884128,6115.41
2023-11-27,105751.07718337448,6111.36
2023-11-28,107390.2218798272,6143.3
2023-11-29,107174.95184833767,6113.37
2023-11-30,106595.95488396788,6080.55
2023-12-01,106945.581708089,6130.05
2023-12-04,107952.89764417236,6114.39
2023-12-05,106764.27267864835,5992.6
2023-12-06,108094.03035324406,6023.8
2023-12-07,107408.43870915614,6020.83
2023-12-08,104151.7455514435,6003.14
2023-12-11,105058.52562197736,6075.08
2023-12-12,106310.59909596936,6078.99
2023-12-13,106641.2165006028,6019.55
2023-12-14,107200.05537279168,5991.86
2023-12-15,107590.85987910828,5951.6
2023-12-18,106251.11916531064,5857.01
2023-12-19,107055.63480919616,5863.54
2023-12-20,107335.34088845298,5761.31
2023-12-21,107850.73747911648,5798.91
2023-12-22,105398.20633243572,5733.91
2023-12-25,104253.99386076877,5735.73
2023-12-26,102920.12659500143,5651.59
2023-12-27,103972.07026738396,5696.16
2023-12-28,105993.58129721956,5805.53
2023-12-29,108528.25216752315,5887.24
2024-01-02,110924.00412486828,5854.75
2024-01-03,110305.6715777736,5824.04
2024-01-04,110860.02229051782,5783.02
2024-01-05,109065.86575133514,5675.81
2024-01-08,107264.3097312875,5543.57
2024-01-09,108646.55845470991,5553.3
2024-01-10,107414.840274407,5512.07
2024-01-11,108576.51358773104,5611.11
2024-01-12,107718.6292133289,5574.49
2024-01-15,107312.61914485577,5559.38
2024-01-16,106616.0615845799,5539.47
2024-01-17,104405.82283386435,5389.12
2024-01-18,102022.8320628746,5373.42
2024-01-19,100539.3699522891,5306.99
2024-01-22,93516.6897343637,5000.83
2024-01-23,91356.1716388122,5079.63
2024-01-24,93296.9732768518,5143.41
2024-01-25,98751.4371055354,5316.2
2024-01-26,99385.29491660808,5269.76
2024-01-29,94702.23997709509,5131.25
2024-01-30,90666.95348378088,4984.66
2024-01-31,84430.84970155596,4785.03
2024-02-01,81989.79015036576,4750.44
2024-02-02,77028.43959484338,4574.67
2024-02-05,65649.82302817637,4293.07
2024-02-06,63007.74518482402,4592.44
2024-02-07,56922.68743861122,4797.85
2024-02-08,63622.888235726445,4993.1
2024-02-19,68224.3771102568,5029.59
2024-02-20,69945.94690128717,5046.01
2024-02-21,73569.11896523084,5073.48
2024-02-22,77140.5945201395,5151.53
2024-02-23,81088.72791650286,5225.67
2024-02-26,83874.74348758694,5255.4
2024-02-27,86503.25195503746,5394.03
2024-02-28,76526.0340048716,5152.05
2024-02-29,79918.68660617068,5344.61
2024-03-01,81133.11667624665,5401.94
2024-03-04,80569.0610146084,5428.34
2024-03-05,77527.89767875419,5375.13
2024-03-06,80078.79575497076,5381.46
2024-03-07,80599.71082160294,5303.28
2024-03-08,81215.68781096391,5370.37
2024-03-11,83010.6062707216,5466.65
2024-03-12,85315.86630999688,5496.36
2024-03-13,85555.97127062443,5521.78
2024-03-14,85029.10579923796,5486.65
2024-03-15,87392.25060596403,5555.64
2024-03-18,90701.13159632504,5648.01
2024-03-19,90300.47723666456,5607.48
2024-03-20,92235.20837942392,5659.15
2024-03-21,92531.5300147048,5658.28
2024-03-22,90703.39512800096,5595.88
2024-03-25,88053.1177000622,5466.06
2024-03-26,88226.41338728415,5447.75
2024-03-27,85453.52854856616,5266.23
2024-03-28,88085.43454145848,5382.24
2024-03-29,89736.5479719423,5441.26
2024-04-01,92282.6766861021,5559.06
2024-04-02,93330.07378154504,5531.05
2024-04-03,92571.5905248246,5500.93
2024-04-08,87602.14941607675,5399.91
2024-04-09,89264.4300241737,5468.91
2024-04-10,86267.32729435641,5367.05
2024-04-11,86512.62974313556,5379.92
2024-04-12,85851.61783433781,5338.77
2024-04-15,77607.79262888101,5287.51
2024-04-16,68972.01922876555,5066.66
2024-04-17,76311.1291661715,5287.46
2024-04-18,75315.91644574703,5286.72
2024-04-19,74174.22108506768,5264.39
2024-04-22,72909.81722535298,5246.08
2024-04-23,76183.30879400412,5218.43
2024-04-24,79174.20486038642,5305.61
2024-04-25,80008.98208413343,5313.99
2024-04-26,79817.31485198985,5415.94
2024-04-29,83994.54401178121,5545.23
2024-04-30,83233.78256681375,5497.43
2024-05-06,85777.7286554882,5606.84
2024-05-07,87006.57184838432,5625.34
2024-05-08,85345.78224064827,5536.66
2024-05-09,86882.45456531442,5626.83
2024-05-10,84838.5633491989,5574.23
2024-05-13,81935.11840655425,5520.8
2024-05-14,83613.63045245381,5551.68
2024-05-15,83995.12710917552,5497.23
2024-05-16,85960.64469679781,5488.95
2024-05-17,87594.2271366362,5563.23
2024-05-20,87316.1544272123,5596.78
2024-05-21,85676.60686412656,5536.74
2024-05-22,86067.05916692743,5539.66
2024-05-23,83525.281818764,5412.82
2024-05-24,82872.79746946813,5350.11
2024-05-27,83022.06480461053,5404.62
2024-05-28,81797.24051924604,5348.03
2024-05-29,82866.34180663638,5351.25
2024-05-30,81421.88981775628,5334.3
2024-05-31,82142.39928722405,5355.21
2024-06-03,78756.8214088123,5284.62
2024-06-04,76107.51556892152,5313.71
2024-06-05,74311.72178688615,5244.09
2024-06-06,69098.0652381066,5130.87
2024-06-07,73171.55247074689,5153.59
2024-06-11,72877.09546558527,5198.92
2024-06-12,75467.20277808032,5216.46
2024-06-13,75722.7177752495,5180.24
2024-06-14,75284.75902083065,5180.65
2024-06-17,73646.28492578937,5183.97
2024-06-18,75675.69342160545,5227.25
2024-06-19,75971.71431263341,5159.99
2024-06-20,75049.88472570275,5056.14
2024-06-21,74385.52530039492,5055.33
2024-06-24,70996.90813221999,4887.78
2024-06-25,71854.40430432471,4847.61
2024-06-26,74973.83094463177,4986.38
2024-06-27,74244.5676466644,4864.09
2024-06-28,74269.33145827461,4895.99
2024-07-01,74177.33633429109,4940.25
2024-07-02,75586.02254001681,4905.65
2024-07-03,75398.8870928819,4867.13
2024-07-04,72250.4176775153,4761.87
2024-07-05,73964.9219561985,4810.79
2024-07-08,71413.91615855687,4693.96
2024-07-09,72099.74030670215,4797.06
2024-07-10,70568.17861906547,4777.68
2024-07-11,73644.0345680049,4893.59
2024-07-12,73499.38819330839,4878.02
2024-07-15,71580.30253703281,4827.6
2024-07-16,71514.72523759474,4836.72
2024-07-17,70766.28972746509,4795.62
2024-07-18,70349.08020681463,4812.43
2024-07-19,71042.14186758093,4821.42
2024-07-22,72294.1489453399,4826.87
2024-07-23,71784.47281357192,4694.95
2024-07-24,70383.46627584263,4631.01
2024-07-25,71159.56191580238,4632.57
2024-07-26,72372.07669075187,4702.08
2024-07-29,72989.9290937542,4685.65
2024-07-30,74081.91947994905,4702.49
2024-07-31,76232.62160993957,4889.08
2024-08-01,76997.20200274476,4878.29
2024-08-02,75968.95320494374,4809.89
2024-08-05,74605.34927909853,4678.78
2024-08-06,76944.80955876518,4749.95
2024-08-07,76759.22924200991,4743.41
2024-08-08,76976.18811201894,4739.49
2024-08-09,76563.3766634584,4702.75
2024-08-12,76418.94808150484,4674.1
2024-08-13,77649.58612777498,4697.59
2024-08-14,77897.0379669603,4649.28
2024-08-15,78299.77886729923,4691.85
2024-08-16,77438.78736149994,4655.65
2024-08-19,77331.55412297486,4663.61
2024-08-20,75629.32200533581,4579.3
2024-08-21,75279.11484226728,4548.26
2024-08-22,74031.96441989939,4491.84
2024-08-23,72593.37339332303,4495.34
2024-08-26,74573.60272812648,4512.89
2024-08-27,73704.5588691296,4459.68
2024-08-28,74796.05784907583,4470.55
2024-08-29,75702.28944783939,4542.46
2024-08-30,77344.16327969404,4629.32
2024-09-02,76241.95883189357,4532.51
2024-09-03,76490.98378443006,4572.4
2024-09-04,75089.29826712687,4550.77
2024-09-05,76341.81305380023,4586.78
2024-09-06,74804.94689721153,4508.23
2024-09-09,75489.86191345564,4475.53
2024-09-10,76662.0883213104,4487.58
2024-09-11,76012.85286810684,4486.01
2024-09-12,75880.26861301289,4468.74
2024-09-13,75049.80104321975,4413.19
2024-09-18,73618.3175166337,4399.13
2024-09-19,76288.6639662357,4482.27
2024-09-20,75700.77446151823,4463.36
2024-09-23,76140.95624280736,4469.13
2024-09-24,78717.23988282903,4642.56
2024-09-25,79888.66866388696,4686.26
2024-09-26,82289.90554902937,4874.13
2024-09-27,86180.45555209687,5136.44
2024-09-30,96773.34069707376,5708.83
2024-10-08,106492.63108784251,6201.99
2024-10-09,95666.9115475401,5727.38
2024-10-10,96975.7814629386,5654.53
2024-10-11,93397.90428819216,5416.76
2024-10-14,97132.8230742014,5615.76
2024-10-15,96138.39240309731,5507.18
2024-10-16,97219.13259311662,5524.25
2024-10-17,96396.82084442234,5505.61
2024-10-18,98865.85927881412,5749.43
2024-10-21,100738.03338944347,5860.57
2024-10-22,102277.4137754656,5888.81
2024-10-23,102703.25942206474,5903.58
2024-10-24,103000.3631420974,5861.63
2024-10-25,106394.5321627072,5974.91
2024-10-28,110992.76630042492,6082.09
2024-10-29,108037.56671086568,5983.84
2024-10-30,107412.53636308268,6019.35
2024-10-31,110668.16766285362,6116.66
2024-11-01,106122.06961137378,5930.23
2024-11-04,108309.040330825,6053.11
2024-11-05,111039.01713905005,6266.54
2024-11-06,112471.64674502992,6293.19
2024-11-07,115745.32472118943,6403.92
2024-11-08,115938.05678112544,6423.12
2024-11-11,119677.95205912823,6579.01
2024-11-12,119446.43258125769,6491.97
2024-11-13,120417.50231665673,6474.39
2024-11-14,117292.64426470484,6272.19
2024-11-15,115449.831122027,6125.51
2024-11-18,111826.54218859244,5974.56
2024-11-19,114101.11591402504,6130.28
2024-11-20,117595.76852905349,6250.8
2024-11-21,118414.70309671712,6262.16
2024-11-22,113472.16544552566,6030.49
2024-11-25,117244.46406849982,6052.13
2024-11-26,116765.75917126854,5981.57
2024-11-27,118086.7574433458,6118.66
2024-11-28,119539.5041488868,6086.09
2024-11-29,121028.51791716312,6189.13
2024-12-02,123810.36961514292,6313.61
2024-12-03,124315.13572223026,6303.28
2024-12-04,122590.59597574727,6204.94
2024-12-05,124877.80920916292,6285.6
2024-12-06,126112.53384382329,6349.62
2024-12-09,126984.98431800657,6303.27
2024-12-10,127503.20076390589,6362.02
2024-12-11,129066.78597426965,6447.37
2024-12-12,132091.88038898664,6490.15
2024-12-13,129861.36548909634,6354.99
2024-12-16,130605.22202165514,6277.52
2024-12-17,122302.48962627904,6143.94
2024-12-18,121840.61665548242,6195.87
2024-12-19,120983.7194137322,6207.19
2024-12-20,124100.25907223349,6271.75
2024-12-23,114876.99930387354,6096.38
2024-12-24,114368.45203172868,6164.36
2024-12-25,110736.5217873327,6094.69
2024-12-26,113033.64583538887,6160.45
2024-12-27,114831.70967947542,6171.57
2024-12-30,112437.1960141828,6145.93
2024-12-31,110254.31494471722,5957.72
2025-01-02,109752.76136565465,5797.09
2025-01-03,104146.99785060452,5625.21
2025-01-06,103133.80209912526,5608.03
2025-01-07,107170.08538117116,5692.04
2025-01-08,106847.99263514156,5661.78
2025-01-09,107229.93657407357,5672.78
2025-01-10,103382.84927968378,5544.92
2025-01-13,104176.28274719816,5559.47
2025-01-14,110568.14903753604,5811.05
2025-01-15,110628.85482188022,5775.57
2025-01-16,111268.29109110164,5801.31
2025-01-17,110587.88281019025,5841.57
2025-01-20,113009.07407718764,5879.15
2025-01-21,111466.13964298434,5908.02
2025-01-22,110404.32342964003,5855.74
2025-01-23,111087.13377760052,5829.03
2025-01-24,112966.96345199764,5938.13
2025-01-27,113429.64404378344,5846.07
2025-02-05,116693.0264266445,5881.44
2025-02-06,118322.7365436681,6041.83
2025-02-07,119169.05420528658,6134.05
2025-02-10,122327.3095621032,6210.55
2025-02-11,122597.79177520194,6190.17
2025-02-12,123325.73589081278,6284.61
2025-02-13,121220.61478172084,6212.5
2025-02-14,122002.3463970534,6248.83
2025-02-17,125232.69368357056,6281.57
2025-02-18,121608.0037585681,6142.14
2025-02-19,124562.42752063088,6288.53
2025-02-20,125638.59391597412,6334.41
2025-02-21,125240.66970110877,6449.23
2025-02-24,126627.0340700076,6464.02
2025-02-25,126299.052291567,6435.43
2025-02-26,127948.23023072165,6524.41
2025-02-27,127619.65613655886,6499.53
2025-02-28,124086.66037083603,6270.42
2025-03-03,124945.82221660738,6273.67
2025-03-04,127426.64858636468,6357.63
2025-03-05,126705.344448692,6398.24
2025-03-06,129442.63667646985,6534.97
2025-03-07,128285.67039977536,6507.76
2025-03-10,130080.42091024909,6520.97
2025-03-11,130979.27419977488,6551.73
2025-03-12,131960.26848427043,6566.97
2025-03-13,130777.40615117298,6466.85
2025-03-14,133219.14154783235,6571.17
2025-03-17,134062.01787873526,6589.57
2025-03-18,135301.91246187838,6611.93
2025-03-19,133927.9188580745,6564.68
2025-03-20,134218.9107845583,6535.06
2025-03-21,132114.15698017183,6405.61
2025-03-24,125883.31931349168,6360.34
2025-03-25,125500.77467026496,6310.76
2025-03-26,129191.0907172614,6334.91
2025-03-27,127565.43234927086,6328.77
2025-03-28,124901.76649461828,6268.32
2025-03-31,123834.40477794156,6226.65
2025-04-01,127111.42387203616,6259.48
2025-04-02,127460.2018763622,6277.25
2025-04-03,127352.62437652829,6203.26
2025-04-07,109967.0845034376,5496.44
2025-04-08,111674.3126566212,5530.02
2025-04-09,116189.23571747002,5652.33
2025-04-10,120869.51724293055,5784.59
2025-04-11,121141.62364276884,5862.19
2025-04-14,123773.20402037888,5938.53
2025-04-15,124684.37819216018,5914.03
2025-04-16,122900.11029354464,5835.35
2025-04-17,124702.77049010505,5839.56
2025-04-18,124651.65778670904,5831.69
2025-04-21,126109.0447289734,5952.64
2025-04-22,126899.39278727992,5949.31
2025-04-23,128434.29680137368,5984.58
2025-04-24,127614.36917560744,5920.48
2025-04-25,127710.86666813624,5939.5
2025-04-28,126791.94604527784,5877.06
2025-04-29,130392.9230159397,5903.38
2025-04-30,133081.46288831942,5950.12
2025-05-06,138463.73270303835,6102.92
2025-05-07,139970.0953230773,6111.49
2025-05-08,142511.42258327242,6158.08
2025-05-09,141381.16851299198,6082.08
2025-05-12,142400.6558750491,6167.46
2025-05-13,141703.55637468383,6151.01
2025-05-14,140965.79838572672,6160.37
2025-05-15,142315.21682280302,6057.04
2025-05-16,143267.55877457635,6068.12
2025-05-19,145550.36867453705,6095.34
2025-05-20,148698.8810073549,6146.02
2025-05-21,146995.192787944,6132.18
2025-05-22,144950.7228367457,6066.1
2025-05-23,143385.92724729268,5989.68
2025-05-26,144935.9398066274,6028.79
2025-05-27,145943.90572643824,6008.46
2025-05-28,145310.32166845415,5984.46
2025-05-29,148135.22861166843,6089.58
2025-05-30,146744.5700724699,6026.56
2025-06-03,148486.15387853485,6070.04
2025-06-04,150166.83772324104,6123.17
2025-06-05,150396.35163477075,6167.01
2025-06-06,152295.7494104477,6152.84
2025-06-09,154405.8104930754,6218.96
2025-06-10,152665.71038683387,6161.69
2025-06-11,153482.09259631473,6186.51
2025-06-12,153665.95180622948,6192.22
2025-06-13,150692.35212444398,6106.01
2025-06-16,153068.67023434732,6147.46
2025-06-17,152772.53082108003,6141.47
2025-06-18,152242.52077418377,6135.39
2025-06-19,148046.95247553074,6048.22
2025-06-20,147171.3162714906,5999.59
2025-06-23,151502.5975728426,6078.22
2025-06-24,156005.25740269115,6194.67
2025-06-25,156474.45142962225,6276.16
2025-06-26,157841.45698897037,6247.79
2025-06-27,159744.1448596403,6276.94
2025-06-30,162499.12451522745,6356.18
2025-07-01,163627.61962675044,6373.77
2025-07-02,164138.07770150673,6309.48
2025-07-03,164747.93816566523,6342.64
2025-07-04,162484.04676765707,6312.2
2025-07-07,164902.4250355164,6327.14
2025-07-08,165679.91035438716,6407.7
2025-07-09,165805.81128515827,6390.47
2025-07-10,165920.85650358294,6406.57
2025-07-11,165588.98987996983,6461.1
2025-07-14,167782.24322209746,6462.31
2025-07-15,165293.37018105798,6442.83
2025-07-16,167181.9916242571,6462.06
2025-07-17,168071.6212054173,6535.67
2025-07-18,169636.50912470766,6552.07
2025-07-21,173536.18869392344,6612.26
2025-07-22,173971.63182633257,6637.1
2025-07-23,174944.35117578346,6607.22
2025-07-24,178174.5598417534,6701.12
2025-07-25,179740.02423999316,6706.61
2025-07-28,181511.14167537447,6729.98
2025-07-29,180773.8225464513,6773.88
2025-07-30,180223.8417314394,6718.48
2025-07-31,177265.83798132144,6661.19
2025-08-01,180993.34066041623,6670.47
2025-08-04,183542.09415612524,6739.69
2025-08-05,186150.77753480268,6787.48
2025-08-06,187258.2232292868,6861.31
2025-08-07,187525.18852664813,6862.15
2025-08-08,189324.7093373944,6838.13
2025-08-11,192190.76802671008,6943.94
2025-08-12,191447.4691698118,6963.61
2025-08-13,189943.31324213624,7064.33
2025-08-14,184042.87925955828,6976.49
2025-08-15,185179.5783064956,7117.5
2025-08-18,186857.66016413784,7237.6
2025-08-19,190559.03284022355,7242.85
2025-08-20,191650.3961514269,7305.46
2025-08-21,194090.3872072664,7253.34
2025-08-22,192772.8280527293,7362.94
2025-08-25,192517.8029056163,7477.73
2025-08-26,195515.55122404327,7476.47
2025-08-27,186774.118119952,7336.5
2025-08-28,185535.268298204,7447.11
2025-08-29,183069.06336462827,7438.68
2025-09-01,186487.2611991989,7501.15
2025-09-02,185257.59790297315,7313.88
2025-09-03,180134.34868208098,7206.88
2025-09-04,182417.4595222381,7041.15
2025-09-05,185583.88849016145,7245.67
2025-09-08,189789.52572523511,7311.03
2025-09-09,188474.28593723348,7226.03
2025-09-10,189647.926685666,7230.17
2025-09-11,190367.6086248333,7399.89
2025-09-12,188558.04773710296,7422.88
2025-09-15,188821.9290634076,7415.57
2025-09-16,191503.75479145508,7483.63
2025-09-17,190883.9596651538,7554.81
2025-09-18,187008.02797843947,7476.4
2025-09-19,184930.0546190952,7438.19
2025-09-22,183522.65771431863,7489.48
2025-09-23,181091.89552452523,7408.07
2025-09-24,186345.58815920807,7534.22
2025-09-25,185278.64606327823,7506.51
2025-09-26,185655.62167844168,7397.59
2025-09-29,189366.6750125128,7497.83
2025-09-30,190829.6801709226,7574.96
2025-10-09,189657.0942242821,7648.05
2025-10-10,191509.68408549431,7533.82
2025-10-13,191915.58045712253,7519.76
2025-10-14,191405.33573499304,7373.15
2025-10-15,192487.50277957533,7483.45
2025-10-16,190191.31520161065,7401.84
2025-10-17,188688.0995882443,7185.48
2025-10-20,193301.0369526954,7239.18
2025-10-21,198414.82422099385,7344.05
2025-10-22,200592.360153008,7312.21
2025-10-23,201695.6199872108,7308.1
2025-10-24,203810.36391261828,7419.24
2025-10-27,204272.5676582787,7495.38
2025-10-28,205888.20396484263,7479.22
2025-10-29,202580.492839922,7569.12
2025-10-30,200674.3622681231,7485.08
2025-10-31,204090.65343650867,7506.67
2025-11-03,207529.10970459777,7538.12
2025-11-04,208986.0814458168,7435.73
2025-11-05,211709.84849612767,7464.86
2025-11-06,211992.5572872949,7551.83
2025-11-07,212804.3650005796,7541.88
2025-11-10,214948.7430675542,7563.25
2025-11-11,216797.0930601988,7540.79
2025-11-12,215871.7698004013,7486.38
2025-11-13,217407.1368681033,7590.58
2025-11-14,219994.5180449271,7502.76
2025-11-17,221173.24279711136,7523.08
2025-11-18,219646.06089852983,7448.1
2025-11-19,212838.879992069,7387.21
2025-11-20,210886.8164548931,7340.41
2025-11-21,199371.52713139035,7067.7
2025-11-24,203454.6792733349,7156.41
2025-11-25,207527.84102318808,7249.95
2025-11-26,204685.48367728025,7248.45
2025-11-27,207773.78939866932,7257.45
2025-11-28,211638.9827185197,7334.21
2025-12-01,211135.927254282,7386.68
2025-12-02,210553.1581280365,7313.18
2025-12-03,208680.5593460152,7248.27
2025-12-04,205147.44579011944,7248.66
2025-12-05,208551.65982630165,7342.49
2025-12-08,211421.0081855924,7423.05
2025-12-09,209129.0287317954,7380.58
2025-12-10,206205.845688098,7408.24
2025-12-11,200141.07433076992,7312.0
2025-12-12,196984.28977640127,7370.94
2025-12-15,198198.9804849556,7309.08
2025-12-16,194650.1646140407,7181.62
2025-12-17,195296.77112378355,7288.74
2025-12-18,200118.0636246201,7272.4
2025-12-19,205697.87575779643,7329.81
2025-12-22,204994.86849577585,7408.35
2025-12-23,203249.17912033745,7392.42
2025-12-24,205054.5010697638,7506.38
2025-12-25,207052.1866586008,7579.38
2025-12-26,205381.3358141977,7605.53
2025-12-29,206926.9613617096,7594.16
2025-12-30,205077.7580067668,7597.3
2025-12-31,205636.6135634262,7595.28
2026-01-05,209211.61848138025,7753.88
2026-01-06,209080.0793157116,7864.9
2026-01-07,208017.0022973239,7906.42
2026-01-08,213320.58768601247,7971.59
2026-01-09,216206.2287762252,8129.18
2026-01-12,220453.0364165509,8357.01
2026-01-13,220896.9013604524,8203.13
2026-01-14,221026.8710076324,8257.17
2026-01-15,220858.4084685417,8240.78
2026-01-16,221004.5308983469,8232.73
2026-01-19,226086.05605762493,8265.65
2026-01-20,227137.1026049049,8182.75
2026-01-21,230473.2831449654,8247.68
2026-01-22,233388.0419858542,8309.35
2026-01-23,234477.0482820958,8470.74
2026-01-26,232140.1263327617,8365.43
2026-01-27,231446.9978332022,8382.15
2026-01-28,228960.5417661785,8399.79
2026-01-29,227835.00073293564,8332.21
2026-01-30,232045.72793107163,8254.86
2026-02-02,230444.1437045977,7975.43
2026-02-03,234471.3089242836,8209.1
2026-02-04,236998.2894058913,8207.12
2026-02-05,237911.38072939723,8068.08
2026-02-06,239343.30299513065,8051.574
2026-02-09,243204.603697744,8233.778
2026-02-10,243726.0378626457,8250.3
2026-02-11,243520.4716686671,8239.513
2026-02-12,240649.5400640788,8314.832
2026-02-13,241024.2101604316,8204.829
2026-02-24,246426.21673126763,8299.771
2026-02-25,246994.80928752667,8426.331
2026-02-26,245669.4755998293,8490.617
2026-02-27,246666.34254454065,8560.843
2026-03-02,237738.3251035233,8476.965
2026-03-03,230814.9031584372,8142.454
2026-03-04,229050.0432053624,8094.518
2026-03-05,232674.14499861383,8171.119
2026-03-06,241684.79216504013,8248.857
2026-03-09,239539.7030043493,8203.869
2026-03-10,247511.12029730345,8350.09
2026-03-11,245834.17008967773,8363.526
2026-03-12,242362.87641894305,8335.908
2026-03-13,242428.15020536,8214.293
2026-03-16,241582.7925246132,8211.352
2026-03-17,235590.94865958617,8019.857
2026-03-18,240588.60992900527,8096.595
2026-03-19,233442.7347008244,7909.234
2026-03-20,223535.2965901728,7783.435
2026-03-23,209427.4869508067,7409.107
2026-03-24,223162.0662104868,7600.857
2026-03-25,229479.4610495853,7751.181
2026-03-26,225494.4032006568,7639.376
2026-03-27,229729.6147836318,7746.313
2026-03-30,232365.36713539064,7767.93
2026-03-31,228757.5447606771,7619.85
2026-04-01,230295.6934316037,7764.153
2026-04-02,223886.60019734333,7623.417
2026-04-03,214899.2945178055,7536.6
2026-04-07,222086.47727974347,7606.017
2026-04-08,232122.3559233021,7955.768
2026-04-09,225777.3532820027,7921.447
2026-04-10,228437.9810553975,7998.232
2026-04-13,228068.34774829305,8025.572
2026-04-14,227993.8916072171,8144.762
2026-04-15,226090.6229172191,8106.165
2026-04-16,232526.19485048388,8232.983
2026-04-17,230507.86453132253,8307.436
2026-04-20,233199.4075526472,8357.814
2026-04-21,233580.55549235805,8351.156
2026-04-22,231840.3086975369,8481.24
2026-04-23,229882.5509214783,8362.74
2026-04-24,232851.83265748376,8304.141
2026-04-27,238924.2227191704,8338.726
2026-04-28,240076.7586104052,8226.692
2026-04-29,245863.265180127,8343.065
2026-04-30,251001.24387106503,8381.947
2026-05-06,252854.2849459664,8574.556
2026-05-07,253557.06359255488,8714.51
2026-05-08,255903.78120835448,8741.151
2026-05-11,258052.1483322892,8866.779
2026-05-12,253428.95405978832,8821.887
2026-05-13,253138.7578558475,8955.447
2026-05-14,252023.1655506577,8778.709
2026-05-15,248500.02813802395,8682.654
2026-05-18,252059.960421702,8720.213
2026-05-19,251604.922405374,8808.645
2026-05-20,249221.389971435,8808.91
2026-05-21,240167.3718769324,8510.496
2026-05-22,246272.4783777269,8692.666
2026-05-25,241415.9032224682,8799.312
2026-05-26,236157.981331812,8687.253
2026-05-27,229769.47444847508,8546.514
2026-05-28,230887.877702859,8637.743
2026-05-29,223268.8598376612,8408.736
2026-06-01,230891.40538055665,8345.129
2026-06-02,223419.9873283428,8384.781
2026-06-03,219461.6572859315,8432.679
2026-06-04,214711.0613960944,8420.095
2026-06-05,218713.2675453041,8340.963
2026-06-08,212600.09893700352,8081.261
2026-06-09,214001.20538796604,8318.698
2026-06-10,211553.73683041683,8198.723
2026-06-11,208138.6476677805,8159.455
2026-06-12,210514.5884048876,8202.799
2026-06-15,208053.6329843429,8521.233
2026-06-16,209021.69513017,8646.403
2026-06-17,204637.2642521689,8704.468
2026-06-18,204837.5806373067,8771.024
2026-06-22,207362.19313058187,8865.676
2026-06-23,211205.1670444544,8680.039
2026-06-24,202810.7844528173,8793.487
2026-06-25,197520.9392311728,8825.92
2026-06-26,193368.8460947752,8601.408
2026-06-29,194104.9927210089,8597.893
2026-06-30,193550.8825913612,8809.786
2026-07-01,199830.51301803143,8876.63
2026-07-02,199379.4966457584,8625.334
2026-07-03,204283.7723766368,8620.789
2026-07-06,201864.04237838337,8472.603
2026-07-07,194630.91256516665,8301.804
2026-07-08,192208.06792600683,8117.861
2026-07-09,191467.627855295,8300.077
2026-07-10,196738.4046720965,8198.308
2026-07-13,189198.0371599084,7787.853
2026-07-14,194399.19210733447,7925.123
2026-07-15,196992.0688849449,7817.831
2026-07-16,199011.79466462013,7631.762
2026-07-17,190486.5307496587,7167.996
2026-07-20,183009.52638721,6965.376
2026-07-21,180701.153781348,7259.863
2026-07-22,176725.20876183332,7158.762
2026-07-23,183223.79962995977,7195.5
2026-07-24,179392.99404884747,6995.693
2026-07-27,185936.4816106061,7228.785
2026-07-28,186956.62116687096,7026.276
2026-07-29,191723.38782777515,7095.186
2026-07-30,190771.4740476363,6900.658
2026-07-31,196587.35443002023,7075.507
2026-08-03,203961.5463789953,7079.776
2026-08-04,208197.9234791079,7279.193
2026-08-05,207996.113250878,7493.048
2026-08-06,210007.3432156266,7530.425
2026-08-07,210763.07047445103,7679.529
2026-08-10,217622.3075074797,7733.9
2026-08-11,216697.3582232001,7698.048
2026-08-12,218160.8162309706,7793.717
2026-08-13,214732.02860662405,7715.895
2026-08-14,216532.0940486005,7769.82
2026-08-17,221435.06469132865,7968.383
2026-08-18,222182.52746993152,7945.964
2026-08-19,215087.83744566835,7517.768
2026-08-20,220629.5749310554,7589.779
2026-08-21,221289.9257068014,7601.804
2026-08-24,218443.7095377916,7491.49
2026-08-25,224268.24576227032,7527.498
2026-08-26,224013.9024181701,7544.67
2026-08-27,223090.03369331147,7732.945
2026-08-28,225202.41630338025,7705.029
2026-08-31,229523.3642659373,7770.422
2026-09-01,231693.74493383945,7691.369
2026-09-02,230342.96788927843,7583.756
2026-09-03,225840.3397813208,7600.097
2026-09-04,226527.2667667754,7508.092
