symbol,announcement_date,announcementId,title,url,sha256,bytes,path,text_excerpt,header_name_candidates,error
000018,2009-10-30,57227934,2009年第一次临时股东大会决议公告,https://static.cninfo.com.cn/finalpage/2009-10-30/57227934.PDF,71365e72189cd566198d6c86c6a2086121561eacc4268f999cd27875d0034999,69607,D:\动量策略\微盘股对冲策略\research_reports\20260926_l1_repair\st_timing\initial_2010_st\near_date_pdfs\000018_57227934.pdf,"  1 股票简称：*ST中冠A、*ST中冠B   股票代码：000018、200018   编号：2009-0548    深圳中冠纺织印染股份有限公司  二00 九年第1 次临时股东大会决议公告    本公司及董事会全体成员保证信息披露的内容真实、准确和完整，没有虚假记载、误导性 陈述或重大遗漏。    一、重要提示  本次会议召开期间，没有增加、否决或变更提案。  二、会议召开的情况  1.召开时间：2009 年10 月29 日上午  2.召开地点：深圳市深南中路华联大厦16 楼  3.召开方式：现场投票  4.召集人：本公司董事会  5.主持人：胡永峰董事长   6.会议的召开符合《公司法》、《公司章程》及《股东大会议事规则》的规定。  三、会议的出席情况  1、出席的总体情况：  股东（代理人）5 人，代表股份90,848,468 股，占上市公司有表决权总股份的53.71 ％。  2、A 股股东出席情况：  A 股股东（代理人）3 人，代表股份60,267,883 股，占公司A 股股东表决权股份的     60.44%。  3、B 股股东出席情况：  B 股股东（代理人）2 人、代表股份30,580,585 股，占公司B 股股东表决权股份总 数44.05％。  四、提案审议和表决情况  1、以投票表决方式通过修订《深圳中冠纺织印染股份有限公司会计师事务所选聘制度》。  原制度在《董事会审计委员会工作条例》第四章“的第十二条（“外部审计机构的    2 聘用”）。  以上议案详细内容请见2009 年10 月13 日公司指定信息披露网站巨潮资讯网 （http://www.cninfo.com.cn 公告编号：2009-0544）。  （1）总的表决情况：  同意90,848,468 股，占到会股东代表有效表决权股份的100% ，反对股数0 股,弃 权股数0 股。  （2）A 股股东的表决情况：  同意股数60,267,883 股,占出席大会的A 股股东代表有效表决权股份的100%，反 对股数0 股，弃权股数0 股。  （3）B 股股东的表决情况：  同意股数30,580,585 股，占出席大会的B 股股东代表有效表决权股份的100%，反 对股数0 股、弃权股数0 股。        五、律师出具的法律意见  1.律师事务所名称：广东晟典律师事务所  2.律师姓名：陈东律师  3.结论性意见：本次股东大会的召集、召开程序符合《公司法》、《股东大会议事规则》 等法律法规及《公司章程》的有关规定；出席本次股东大会人员和召集人资格合法、有 效；本次股东大会的审议事项及表决程序和表决结果合法有效。      深圳中冠纺织印染股份有限公司                                    董  事  会                                     二00九年十月二十九日    ",*ST中冠A、*ST中冠B,
000018,2009-10-30,57227935,2009年第一次临时股东大会的法律意见书,https://static.cninfo.com.cn/finalpage/2009-10-30/57227935.PDF,b54082b3a3377b080e4ccb82bb8cfd1b333c04115a4a32bf3077bc0b224c0fb0,112411,D:\动量策略\微盘股对冲策略\research_reports\20260926_l1_repair\st_timing\initial_2010_st\near_date_pdfs\000018_57227935.pdf,"  1 广东晟典律师事务所关于  深圳中冠纺织印染股份有限公司2009 年第一次临时股东大会 的法律意见书    致：深圳中冠纺织印染股份有限公司  广东晟典律师事务所（下称“本所”）接受深圳中冠纺织印染股份 有限公司（下称“贵公司”）的委托，指派陈东律师（下称“本所律师”） 出席贵公司召开的2009 年第一次临时股东大会（下称“本次股东大 会”），并出具法律意见书。  本所律师根据《中华人民共和国公司法》（下称“《公司法》”）、 《上市公司股东大会规范意见》（下称“《规范意见》”）等法律、法 规和规范性文件以及《深圳中冠纺织印染股份有限公司章程》（下称 “《公司章程》”）的有关规定，出具本法律意见书。  为出具本法律意见书，本所律师审查了贵公司提供的有关召开本 次股东大会相关文件的原件或影印件，包括但不限于：  1、贵公司于2009 年10 月13 日在《证券时报》、《香港商报》和 《巨潮网》刊载的《深圳中冠纺织印染股份有限公司关于召开二〇〇 九年第1 次临时股东大会的通知》；  2、股东名册、股东身份证明文件及授权委托书等。  本法律意见书仅作为贵公司本次股东大会公告的法定文件使用， 非经本所律师书面同意不得用于其他用途。  本所律师现根据《规范意见》第七条规定，按照律师行业公认的 业务标准、道德规范和勤勉尽责的精神，对本次股东大会的合法性出 具如下法律意见：  一、本次股东大会的召集与召开程序  1、本次股东大会的召集     2 根据贵公司董事会于2009 年10 月13 日刊载的《深圳中冠纺织 印染股份有限公司关于召开二〇〇九年第1 次临时股东大会的通知》 （下称“《股东大会通知》”），本所律师认为：贵公司本次股东大会 的召开动议及召集方式符合《公司法》、《规范意见》等法律、法规及 规范性文件的规定，符合《公司章程》中的有关规定。  2、本次股东大会的召开  (一)根据《股东大会通知》，贵公司召开本次股东大会的通知提前 以公告方式作出，符合《公司法》、《规范意见》及《公司章程》的有 关规定。  (二)根据《股东大会通知》，贵公司有关本次股东大会会议通知的 主要内容有：会议时间、会议地点、会议审议事项、出席人员、参加 会议登记方法及其他事项等。该会议通知的内容符合《公司章程》的 有关规定。  (三)本次股东大会于2009 年10 月29 日上午9：30 在深圳深南中 路华联大厦16 楼会议室如期召开，会议召开的实际时间、地点与会 议通知所告知的时间、地点一致。  (四)本次股东大会由贵公司董事长胡永峰先生主持。  经核查：贵公司本次股东大会召集、召开的程序符合《公司法》、 《规范意见》、《公司章程》的规定。    二、关于出席本次股东大会人员的资格  1、出席本次股东大会的股东及股东代理人  根据本所律师对出席会议的股东与截止2009 年10 月22 日下午 深圳证券交易所收市时登记在册的本公司《股东名册》进行核对与查 验，出席本次股东大会的股东及股东代理人共5 人、代表股份 90,848,468 股、占上市公司有表决权总股份53.71%。其中A 股股东 （代理人）3 人，代表股份60,267,883 股，占公司A 股股东表决权股 ",,
000018,2009-10-30,57227936,2009年业绩预告,https://static.cninfo.com.cn/finalpage/2009-10-30/57227936.PDF,a60d91662e4e0e173780ea4ba1e076843f9573390b13294f5cf3fcd9e9d97d9d,88335,D:\动量策略\微盘股对冲策略\research_reports\20260926_l1_repair\st_timing\initial_2010_st\near_date_pdfs\000018_57227936.pdf,    证券代码：000018、200018  证券简称：*ST 中冠A、*ST 中冠B  公告编号：2009-0550    深圳中冠纺织印染股份有限公司  2009 年业绩预告        本公司及其董事会全体成员保证信息披露内容的真实、准确、完整，没 有虚假记载、误导性陈述或重大遗漏。    一、本期业绩预计情况  1、业绩预告类型：√扭亏  2、业绩预告情况表    项 目  本报告期  （2009 年1 月1 日-12 月31 日） 上年同期  （2008 年1 月1 日-12 月31 日） 增减变动（%） 净利润（万元）  约200  -2595  -  基本每股收益  （元/股）  约0.011  -0.15  -    3、预计2009 年9 月1 日至2009 年12 月31 日期间，公司经营业绩扭亏。  二、业绩预告审计情况  本次业绩预告未经注册会计师审计。  三、业绩变动原因说明  业绩变动主要原因是投资企业浙江华联杭州湾创业有限公司预计盈利影响。  四、其他相关说明  公司指定信息披露媒体为《证券时报》、《香港商报》及巨潮资讯网 www.cninfo.com.cn。敬请广大投资者注意投资风险。    特此公告。      深圳中冠纺织印染股份有限公司  董    事    会  2009 年10 月29 日  ,*ST,
000018,2009-12-04,57361848,公告,https://static.cninfo.com.cn/finalpage/2009-12-04/57361848.PDF,713d523e397a4712c36abad3c74afa5d9eb506f095aa1ea527be19f3fc420798,82964,D:\动量策略\微盘股对冲策略\research_reports\20260926_l1_repair\st_timing\initial_2010_st\near_date_pdfs\000018_57361848.pdf,  证券代码：000018、 200018  证券简称： *ST 中冠A、*ST 中冠B      编号：2009-0551  深圳中冠纺织印染股份有限公司公告  本公司及董事会全体成员保证信息披露的内容真实、准确、完整，没有虚假 记载、误导性陈述或重大遗漏。  一、 情况说明   根据深府[2004]193 号文件所规定的精神，自2006年 起，中冠公司开始申请补办深圳市龙岗区葵涌工厂用地手 续，该整块用地的土地面积约98000平方米、建筑面积约 48000平方米。（详见公司2007-0453号第四届董事会第二十次会议决议公 告）。  2009年12月2日，深圳市房地产权登记中心在《深圳商报》 刊登了“深圳市房地产初始登记公告（登字20090297号）”， 明确了其中48058.19平方米土地的初步审定结果。公告内容 摘要如下：  根据《深圳经济特区房地产登记条例》和《深圳经济特 区处理历史遗留生产经营性违法建筑若干规定》相关规定， 深圳市房地产权登记中心对下列申请人申请登记的房地产 权，已初步审定，现予以公告，同时自公告之日起下列原房 屋所有权证作废。有异议者请自公告之日起三十日内将书面 材料送达深圳市房地产权登记中心龙岗登记点，逾期该中心 将核准登记，颁发房地产权利证书。  申请人  房地产位置  宗地号  土地面积  平方米  建筑面积  平方米     深圳中冠纺织印染  股份有限公司  龙岗区葵涌街道 葵新社区  G15314-0084 48058.19 22186.37  该G15314-0084土地规划为工业用地，如三十日后如期发 证，公司将按照规划功能进行使用。  龙岗区葵涌工厂用地内所剩余的房屋（土地面积约50000 平方米、建筑面积约25000平方米）的补办用地手续问题仍 在等待政府相关部门的处理。  除龙岗区葵涌工厂用地外，公司没有其他历史遗留用地 需要补办手续。  二、《深圳市城市更新办法》对公司影响  日前，深圳市出台了《深圳市城市更新办法》，于2009 年12月1日起施行。对照城市更新办法，公司认为：涉及本 地块的未来规划指标调整、功能变更以及补交地价的适用政 策等问题上，尚存在很大的不确定性，公司目前无法做出明 确判断。截止公告日，公司尚未对该地块的项目运作做出规 划和可行性论证。预计近期难以做出更新改造的计划与安 排，请投资者注意风险。  三、风险提示  本公司郑重提醒广大投资者: 公司指定的信息披露媒体 为《证券时报》、《香港商报》和巨潮资讯网 (www.cninfo.com.cn)，公司董事会敬请广大投资者注意投 资风险。  特此公告。  ,*ST,
000023,2009-12-05,57366332,第六届董事会第十三次临时会议决议公告,https://static.cninfo.com.cn/finalpage/2009-12-05/57366332.PDF,9457b3edb922d8e6813ff66db82670c348aaf45aaed913a4cf111ed23f8cc134,101996,D:\动量策略\微盘股对冲策略\research_reports\20260926_l1_repair\st_timing\initial_2010_st\near_date_pdfs\000023_57366332.pdf,  1 证券代码：000023    证券简称：深天地A    公告编号：2009—044    深圳市天地（集团）股份有限公司  第六届董事会第十三次临时会议决议公告    本公司及董事会全体成员保证信息披露的内容真实、准确、完整， 没有虚假记载、误导性陈述或重大遗漏。    深圳市天地（集团）股份有限公司第六届董事会第十三次临时会 议通知于2009年11月30日（星期一）以书面通知和电子邮件的形式发 出，于2009年12月4日（星期五）在天地集团公司总部十楼会议室召 开。会议应到董事9人，亲自出席的董事6人，董事陈立文先生、独立 董事周沅帆先生、罗中伟先生因工作原因未能出席本次会议，分别委 托董事长杨玉科先生、独立董事何晴女士代为出席并行使表决权。监 事会监事及公司其他高级管理人员列席了会议。本次会议召开的程序 和内容符合《公司法》及《公司章程》的有关规定。会议由董事长杨 玉科先生主持。  会议审议并通过了《关于终止筹划发行股份购买资产暨关联交易 预案的议案》；  表决结果：表决票4 票，同意票4 票，反对票0 票，弃权票0 票。 关联董事杨玉科、陈立文、赵文华、杨国富和刘晓飞回避表决。  公司董事会于2009 年7 月8 日召开了第六届董事会第四次会议，    2 会议审议并通过了《关于<深圳市天地（集团）股份有限公司发行股 份购买资产暨关联交易预案>的议案》，并于2009 年7 月9 日对外公 告（公告详细内容见2009 年7 月9 日《证券时报》及巨潮资讯网 （www.cninfo.com.cn））。  2009 年11 月30 日，本公司接到陕西通达果汁集团股份有限（以 下简称“陕西通达果汁”）公司大股东——深圳市东部投资发展股份 有限公司的建议函，建议函提出：“受到国际金融危机的影响，国际 浓缩苹果汁市场回升态势不如预期，通达果汁2009 年度经营业绩估 计达不到预期盈利目标。鉴于此，建议你公司谨慎抉择与通达果汁的 重大资产重组工作。……”。  经与会全体董事审议，认为：鉴于陕西通达果汁2009 年度经营 业绩达不到预期的盈利目标，本次重大资产重组事项条件尚不成熟， 经与本次拟定向发行股份的对象协商，本着对公司负责，对广大投资 者负责的态度，公司董事会决定终止筹划本次发行股份购买资产暨关 联交易的重大资产重组工作。同时，本公司承诺在未来至少三个月内 不再筹划重大资产重组事项。  特此公告！      深圳市天地（集团）股份有限公司  董   事   会  二〇〇九年十二月五日  ,深天地A,
000023,2009-12-05,57366333,第六届监事会第十二次会议决议公告,https://static.cninfo.com.cn/finalpage/2009-12-05/57366333.PDF,bcb448b9a96b2f53af7e5e0acd1fda4f29bbf28ebac0d6218e83210178902fc1,81170,D:\动量策略\微盘股对冲策略\research_reports\20260926_l1_repair\st_timing\initial_2010_st\near_date_pdfs\000023_57366333.pdf,  证券代码：000023    证券简称：深天地A    公告编号：2009—045    深圳市天地（集团）股份有限公司  第六届监事会第十二次会议决议公告    本公司及监事会全体成员保证信息披露的内容真实、准确、完整， 没有虚假记载、误导性陈述或重大遗漏。    深圳市天地(集团)股份有限公司第六届监事会第十二次会议 于2009 年12 月4 日上午十一时在深圳市天地(集团)股份有限公 司的总部十楼会议室召开。应到监事5 人，实到监事5 人，监事会 主席张武先生、监事范保光先生、张淑芳女士、霍广华女士、李苏民 先生参与了审议表决。会议由监事会主席张武先生主持，本次会议符 合《公司法》及《公司章程》的有关规定。      经全体监事审议，作出如下决议：  审议通过了《关于终止筹划发行股份购买资产暨关联交易预 案的议案》。(同意5 票，反对0 票，弃权0 票)  特此公告！    深圳市天地（集团）股份有限公司  监   事   会  二〇〇九年十二月五日  ,深天地A,
000023,2009-12-05,57366334,关于终止筹划发行股份购买资产暨关联交易预案的重大资产重组事项公告,https://static.cninfo.com.cn/finalpage/2009-12-05/57366334.PDF,c07f649b0e46f518875324f4b4ce5b4f9cd13de27aaaca2a05e4d2f78e9dd9db,123597,D:\动量策略\微盘股对冲策略\research_reports\20260926_l1_repair\st_timing\initial_2010_st\near_date_pdfs\000023_57366334.pdf,"  1    证券代码：000023    证券简称：深天地A    公告编号：2009—046    深圳市天地（集团）股份有限公司  关于终止筹划发行股份购买资产暨关联交易预案的  重大资产重组事项公告      本公司及其董事会全体成员保证信息披露内容的真实、准确、完 整，没有虚假记载、误导性陈述或重大遗漏。    一、董事会审议关于终止筹划重大资产重组事项的情况  深圳市天地（集团）股份有限公司第六届董事会第十三次临时会 议于2009 年12 月4 日（星期五）在天地集团公司总部十楼会议室召 开，会议审议并通过了《关于终止筹划发行股份购买资产暨关联交易 预案的议案》 （本次董事会会议决议公告详见与本公告同日刊载在《证 券时报》及巨潮资讯网（www.cninfo.com.cn）上的“深圳市天地（集 团）股份有限公司第六届董事会第十三次临时会议决议公告”）。  二、曾筹划重大资产重组事项的介绍  1、停复牌情况  因公司筹划重大资产重组事项，为了维护投资者利益，避免对公 司股价造成重大影响，我公司股票自2009 年6 月11 日起停牌，直至 2009 年7 月9 日公告重大资产重组预案后复牌。  停牌期间，重组相关各方就重组事项进行了协商、论证，并委托    2    中介机构进行了尽职调查等工作，按工作计划起草了各项准备文件。 同时，公司充分关注事项的进展情况，及时履行了信息披露义务，按 照中国证监会和深圳证券交易所的要求，每周发布一次重组进展情况 公告。  2、董事会审议公司发行股份购买资产暨关联交易预案情况  2009 年7 月8 日，公司董事会召开了第六届董事会第四次会议， 会议逐项审议并通过了《关于<深圳市天地（集团）股份有限公司发 行股份购买资产暨关联交易预案>的议案》等六项重大资产重组相关 议案，公司拟向深圳市东部投资发展股份有限公司（以下简称“东部 投资”）、深圳市鹏盈投资发展有限公司、上海盛宇企业投资有限公司、 湖北华人科技实业有限公司和深圳市般若投资咨询有限公司非公开 发行不超过8,200 万股股份以购买其合计持有的陕西通达果汁集团股 份有限公司（以下简称“通达果汁”）100%股份。（上述“第六届董 事会第四次会议决议公告”及“公司发行股份购买资产暨关联交易预 案”等公告详细内容见2009 年7 月9 日《证券时报》及巨潮资讯网 （www.cninfo.com.cn））  三、终止筹划的原因：  2009 年11 月30 日，本公司接到通达果汁公司大股东——东部 投资的建议函，建议函提出：“受到国际金融危机的影响，国际浓缩 苹果汁市场回升态势不如预期，通达果汁2009 年度经营业绩估计达 不到预期盈利目标。鉴于此，建议你公司谨慎抉择与通达果汁的重大 资产重组工作。……”。  ",深天地A,
000023,2009-12-29,57446825,关于深圳市投资控股有限公司减持股份的公告,https://static.cninfo.com.cn/finalpage/2009-12-29/57446825.PDF,dce87b5bcdaf9b77f02d8938687b33914c96d9a49b5bbdb3d55d374bdcc7fc32,128802,D:\动量策略\微盘股对冲策略\research_reports\20260926_l1_repair\st_timing\initial_2010_st\near_date_pdfs\000023_57446825.pdf,"  1 证券代码：000023    证券简称：深天地A    公告编号：2009—047    深圳市天地（集团）股份有限公司关于  深圳市投资控股有限公司减持股份的公告      本公司及董事会全体成员保证信息披露的内容真实、准确、完整， 没有虚假记载、误导性陈述或重大遗漏。    一、股东减持情况  1、股东减持股份情况  本次减持股份  股东名称  减持方式  减持时间期间  股数  (万股)  占总股 本比例 (%)  集中竞价交易 2009.10.21—2009.12.25 153  1.10% 大宗交易        深圳市投 资控股有 限公司  其它方式          2、股东本次减持前后持股情况  股东名称  股份性质  本次减持前持有 股份  本次减持后持有 股份     2 股数  (万股)  占总股 本比例 (%)  股数  (万股)  占总股 本比例 (%)  合计持有股份  2,365.30 17.05  2,212.3  15.94  其中：  无限售条件股份  2,365.30 17.05  2,212.3  15.94  深圳市投资控 股有限公司  有限售条件股份  0.00（注） 0.00  0.00  0.00  注：公司股权分置改革方案于2006 年3 月17 日实施完毕，股改 完成后深圳市投资控股有限公司仍为我公司第二大股东，共计持有 “深天地A”31,331,272 股。截止目前，该公司所持限售股份已分别 于2007 年7 月10 日、2008 年9 月3 日及2009 年9 月18 日全部解 除限售完毕，上市流通。  二、其他相关说明  1、本次减持是否违反了《上市公司解除限售存量股份转让指导 意见》等有关规定：   是    √ 否  深圳市投资控股有限公司的减持行为在其间任意30 天减持数量 均未超过1%。  2、本减持是否遵守了相关法律、法规、规章、业务规则的规定 及其在《股权分置改革说明书》、《收购报告书》等文件中所做出的最 低减持价格等承诺：  √ 是      否    特此公告！     深圳市天地（集团）股份有限公司                                     董   事   会  ",深天地A,
000502,2009-09-11,57040204,关于诉讼进展情况的公告,https://static.cninfo.com.cn/finalpage/2009-09-11/57040204.PDF,34741db4d3064535ab7ce76ae44978c8ff6258f428857c4fc75fc5a04acc5004,104405,D:\动量策略\微盘股对冲策略\research_reports\20260926_l1_repair\st_timing\initial_2010_st\near_date_pdfs\000502_57040204.pdf,"证券简称：绿景地产    证券代码：000502    公告编号：2009-030    1 绿景地产股份有限公司关于诉讼进展情况的公告  本公司及董事会全体成员保证公告内容真实，准确和完整，没 有虚假记载、误导性陈述或重大遗漏。    2009 年9 月9 日，公司收到四川省高级人民法院（2004）川执字第 37-2 号《民事裁定书》，现将有关事项公告如下：  一、本次诉讼基本情况  诉讼受理日期：2004 年8 月18 日  受理机构名称：四川省高级人民法院（简称：四川高院）  二、有关本案的基本情况  申请执行人：绿景地产股份有限公司（原恒大地产股份有限公司， 简称：绿景公司、公司）  被执行人：成都熊猫万国商城有限公司（简称：熊猫公司）  诉讼基本情况：  公司与海南新安房地产有限公司、第三人成都熊猫万国商城有限公 司、第三人海南润达实业有限公司联营合同纠纷一案，四川高院于1999 年12 月29 日作出的（1999）川经初字第64 号《民事调解书》。2004 年 8 月绿景公司向四川高院申请执行，四川高院根据有关法律规定于2004 年8 月19 日作出（2004）川执字第37 号《民事裁定书》，裁定如下：冻 结被执行人熊猫公司银行帐户存款81,000,000 元人民币或查封、扣押其 相同价值的其它财产。2004 年9 月，四川高院依法查封了熊猫公司拥有 的成都熊猫万国商城大厦31,907.81 平方米的房产。   证券简称：绿景地产    证券代码：000502    公告编号：2009-030    2 2005 年11 月14 日，四川高院以应当参加诉讼的成都市兴文投资发 展有限公司未参加诉讼为由，作出（2005）川民监字第1 号《民事裁定 书》，裁定本案由四川高院另行组成合议庭进行再审，再审期间中止原调 解书的执行。  2008 年7 月10 日，四川高院就此案作出（2004）川执字第37-1 号 《民事裁定书》：1、继续查封被执行人成都熊猫万国商城有限公司所有 的位于成都市青羊区上西顺城街、成房预售字第2798 号项下，第8 层A 座7772.43 平方米、B 座1342 平方米、C 座1428.14 平方米及成房预售 字第2852 号项下，地下夹层21365.24 平方米的房产。上述查封房产总 计面积为31907.81 平方米；2、查封成都熊猫万国商城有限公司所有的 位于成都市青羊区上西顺城街、成房预售字第3758 号项下房产。（具体 面积及指向待登记机关分割后确认）  上述事项，公司已多次披露，详见1999 年10 月30 日、2000 年1 月29 日、2004 年8 月26 日、2006 年3 月4 日、2008 年8 月28 日本公 司公告及1999 年以来的公司历次定期报告。  三、本次裁定情况  2009 年7 月8 日，四川省高级人民法院就此案作出（2004）川执字 第37-2 号《民事裁定书》，裁定如下：  1、继续查封被执行人成都熊猫万国商城有限公司所有的位于成都市 青羊区上西顺城街、成房预售字第2798 号项下，第8 层A 座7772.43 平 方米、B 座1342 平方米、C 座1428.14 平方米及成房预售字第2852 号 项下，地下夹层21365.24 平方米的房产。上述查封房产总计面积为 31907.81 平方米。  ",绿景地产,
000502,2009-10-13,57134452,2009年第三季度业绩预减公告,https://static.cninfo.com.cn/finalpage/2009-10-13/57134452.PDF,a4e4810d29db9136d195a461b0e1c6bab79fa0795cdb777048d7a98df0ace4c0,73790,D:\动量策略\微盘股对冲策略\research_reports\20260926_l1_repair\st_timing\initial_2010_st\near_date_pdfs\000502_57134452.pdf,"  证券简称：绿景地产    证券代码：000502    公告编号：2009-031  绿景地产股份有限公司2009年第三季度业绩预减公告  本公司及董事会全体成员保证信息披露的内容真实、准确、完整， 没有虚假记载、误导性陈述或重大遗漏。  一、本期业绩预计情况  1、业绩预告类型：同向大幅下降 （2009 年1 月1 日-2009 年9 月30 日）  2、业绩预告情况表  （1）2009 年1 月-9 月  项  目  本报告期  2009 年1 月1 日—2009 年  9 月30 日  上年同期  2008 年1 月1 日—2008 年  9 月30 日  增减变动（%）  净利润  约2400 万元—3200 万元  8002 万元  下降：60%—70%  基本每股收益  约0.1299 元—0.1731 元  0.4330 元  下降：60%—70% （2）2009 年7 月-9 月  项  目  本报告期  2009 年7 月1 日—2009 年  9 月30 日  上年同期  2008 年7 月1 日—2008 年  9 月30 日  增减变动（%）  净利润  约-170 万元 — -220 万元  5075 万元  /  基本每股收益  约-0.0092 元 — -0.0119 元  0.2746 元  /  二、业绩预告预审计情况  业绩预告未经过注册会计师预审计。  三、业绩变动原因说明  1、2009 年1-9 月，公司房地产业务销售收入下降，毛利率降低。 公司房地产业务销售收入主要来源于公司控股开发的“金碧御水山    庄”项目。  2、公司2009 年1-9 月利润主要来自房地产业务及终止广西永 福福龙工业园B 区项目合作协议而收到的补偿。  四、其他相关说明  具体数据将在2009年第三季度报告中进行详细披露,敬请广大投 资者注意投资风险。  特此公告。              绿景地产股份有限公司董事会  二00 九年十月十二日    ",绿景地产,
000502,2009-10-28,57213063,2009年第三季度报告,https://static.cninfo.com.cn/finalpage/2009-10-28/57213063.PDF,0c6be2f993344dc62416a9ab64baee4d32c0896d2b7e3ffdf7acd2d51ec7fb62,251904,D:\动量策略\微盘股对冲策略\research_reports\20260926_l1_repair\st_timing\initial_2010_st\near_date_pdfs\000502_57213063.pdf,"绿景地产股份有限公司2009 年第三季度季度报告全文  绿景地产股份有限公司2009 年第三季度季度报告全文  §1 重要提示  1.1 本公司董事会、监事会及董事、监事、高级管理人员保证本报告所载资料不存在任何虚假记载、 误导性陈述或者重大遗漏，并对其内容的真实性、准确性和完整性负个别及连带责任。  1.2 公司第三季度财务报告未经会计师事务所审计。  1.3 公司负责人余斌、主管会计工作负责人宁双燕及会计机构负责人(会计主管人员)杨童声明：保证 季度报告中财务报告的真实、完整。  §2 公司基本情况  2.1 主要会计数据及财务指标  单位：（人民币）元    2009.9.30  2008.12.31  增减幅度（％）  总资产（元）  669,287,327.14 798,936,373.28  -16.23% 归属于上市公司股东的所有者权益（元）  267,200,331.78 240,860,370.17  10.94% 股本（股）  184,819,607.00 184,819,607.00  0.00% 归属于上市公司股东的每股净资产（元/ 股）  1.4457 1.3032  10.93%     2009 年7-9 月  比上年同期增减 （％）  2009 年1-9 月  比上年同期增减 （％）  营业总收入（元）  169,280,038.21 -22.97% 286,687,941.65  -29.41% 归属于上市公司股东的净利润（元）  -1,990,112.65 -103.92% 26,339,961.61  -67.09% 经营活动产生的现金流量净额（元）  -  -  132,709,890.36  343.68% 每股经营活动产生的现金流量净额（元/ 股）  -  -  0.7181  343.68% 基本每股收益（元/股）  -0.01077 -103.92% 0.14252  -67.09% 稀释每股收益（元/股）  -0.01077 -103.92% 0.14252  -67.09% 净资产收益率（%）  -0.74% -20.12% 9.86%  -20.70% 扣除非经常性损益后的净资产收益率 （%）  -0.74% -20.36% 3.17%  -27.52% 单位：（人民币）元  非经常性损益项目  年初至报告期末金额  附注  非流动资产处置损益  -114,033.76  计入当期损益的对非金融企业收取的资金占用费  23,207,297.50 终止永福福龙工业园B 区项 目合作协议而收到的补偿  除上述各项之外的其他营业外收入和支出  189,667.29  所得税影响额  -5,420,847.42  终止永福福龙工业园B 区项 目合作协议收到补偿而缴纳 的所得税  1   绿景地产股份有限公司2009 年第三季度季度报告全文  合计  17,862,083.61  -  2.2 报告期末股东总人数及前十名无限售条件股东持股情况表  单位：股  报告期末股东总数（户）  41,634 前十名无限售条件流通股股东持股情况  股东名称（全称）  期末持有无限售条件流通股的数量  种类  徐光荣  435,031 人民币普通股  黄秋窃  425,971 人民币普通股  陈雪  388,662 人民币普通股  曾杏芬  365,118 人民币普通股  石锦  361,000 人民币普通股  戴玉俊  358,800 人民币普通股  孙留栓  357,700 人民币普通股  陆伟  332,800 人民币普通股  温崇文  323,442 人民币普通股  程帅  320,573 人民币普通股  §3 重要事项  3.1 公司主要会计报表项目、财务指标大幅度变动的情况及原因  √ 适用 □ 不适用  1、预付账款同比下降73.41％，主要原因是预付帐款结转到开发成本及终止桂林永福福龙工业园B 区合作协议而返还的征地 款冲销所致；  2、应付账款同比下降30.61％，主要原因是支付结算工程款所致；  3、应交税费同比下降61.81％，主要原因是房地产销售收入减少及缴纳前期已计提税金所致；  4、一年内到期的流动负债同比下降100％，主要原因是本期归还了一年内到期的银行借款1.15 亿所致；  5、长期借款同比上升100％，主要原因是新增的2100 万长期借款；  6、营业税金及附加同比下降70.32％，主要原因是本期房地产销售收入、毛利率下降所致；  7、销售费用同比减少41.88％，主要原因是随房地产销售收入的下降广告费用、外包销售佣金相应下降;  8、营业外收入同比大幅上升，主要原因是终止桂林永福福龙工业园B 区合作协议而收到的补偿；  9.、营业外支出同比上升50.12％，主要原因是终止桂林永福福龙工业园B 区合作协议收到补偿而缴纳的税金；  10、营业利润同比下降93.03%,主要原因是本期房地产销售收入减少、毛利率降低所致;  11、所得税费用下降88.08％，主要原因是本期房地产项目销售毛利率下降、应纳税所得额减少所致；  12、经营活动产生的流量净额同比上升343.68％，主要原因是终止桂林永福福龙工业园B 区合作协议而返还的征地款；  13、投资活动产生的流量净额同比上升210.33％，主要原因是终止桂林永福福龙工业园B 区合作协议而收到的补偿；  14、筹资活动产生的流量净额同比大幅下降，主要原因是提前归还一年内到期的银行借款；  3.2 重大事项进展情况及其影响和解决方案的分析说明  √ 适用 □ 不适用    1、本公司应收成都熊猫万国商城有限公司债权相关事宜，详见1999 年10 月30 日、2000 年1 月29 日、2004 年8 月26 日、 2006 年3 月4 日、2008 年1 月31 日、2008 年8 月28 日、2009 年4 月27 日、2009 年9 月11 日本公司董事会公告及1999 年年度以来的历次定期报告。     2、本公司所持广州市花都绿景房地产开发有限公司90%股权被海南省高级人民法院冻结一事，详见2003 年7 月11 日、2007 2  ",,
000502,2009-12-30,57451604,董事会关于诉讼事项进展的公告,https://static.cninfo.com.cn/finalpage/2009-12-30/57451604.PDF,5a564c664e4e84760afc10f851b7e4bd57d4ac47ff5595a160ce58a479b2b8be,109811,D:\动量策略\微盘股对冲策略\research_reports\20260926_l1_repair\st_timing\initial_2010_st\near_date_pdfs\000502_57451604.pdf,证券简称：绿景地产    证券代码：000502    公告编号：2009-033    1 绿景地产股份有限公司董事会  关于诉讼事项进展的公告  本公司及董事会全体成员保证公告内容真实，准确和完整，没 有虚假记载、误导性陈述或重大遗漏。  绿景地产股份有限公司（以下简称：本公司）于2009 年12 月28 日 收到海口海事法院《执行裁定书》[（2006）海执指字第069-3 号] 及《协 助执行通知书》[（2006）海执指字第069-6 号]。根据《深圳证券交易 所股票上市规则》的有关规定，现公告如下：  一、案件基本情况：  海南省高级人民法院于2003 年6 月6 日立案执行[1998]琼经初字第 9 号民事调解书，并于2003 年6 月20 日向本公司发出《执行通知书》 和《民事裁定书》（[2003]琼执字第4-1 号），冻结本公司持有的广州市 花都绿景房地产开发有限公司90%的股权。本公司已向海南省高级人民 法院提出执行异议。 (详细内容见2003 年7 月11 日《中国证券报》本 公司公告及2003 年半年度以来的定期报告)  2006 年6 月28 日，海南省高级人民法院以（2003）琼执字第4-3 号民事裁定书指定海口海事法院执行。海口海事法院于2006 年12 月11 日作出裁定： “续行冻结被执行人恒大地产股份有限公司持有的广州市花 都绿景房地产开发有限公司90%的股权。冻结期限为一年，到2008 年1 月1 日截止。”  2007 年12 月24 日，根据海南万国商城股份有限公司申请，海口海 事法院作出裁定如下：“续行冻结被执行人绿景地产股份有限公司（原恒 大地产股份有限公司）持有的广州市花都绿景房地产开发有限公司90% 的股权。冻结期为一年，到2009 年1 月1 日截止。”(详细内容见2007  证券简称：绿景地产    证券代码：000502    公告编号：2009-033    2 年12 月29 日《中国证券报》、《证券时报》本公司公告)   2008 年12 月18 日，根据海南万国商城股份有限公司申请，海口海 事法院作出裁定如下：“续行冻结被执行人绿景地产股份有限公司（原恒 大地产股份有限公司）持有的广州市花都绿景房地产开发有限公司90% 的股权。冻结期为一年，到2010 年1 月1 日截止。冻结期间，未经本院 许可，任何人不得对上述股权进行转让、变卖、抵押赠与等处分行为。” (详细内容见2008 年12 月25 日《中国证券报》、《证券时报》本公司公 告)  二、案件进展情况：  2009 年12 月14 日，根据海南万国商城股份有限公司申请，海口海 事法院作出裁定如下：  “续行冻结被执行人绿景地产股份有限公司持有的广州市花都绿景 房地产开发有限公司90%的股权。冻结期为一年，截止2011 年1 月1 日。 冻结期间，未经本院许可，任何人不得对上述股权进行转让、变卖、抵 押、赠与等处分行为。”  三、备查文件：  1、海口海事法院《执行裁定书》[（2006）海执指字第069-3 号]   2、海口海事法院《协助执行通知书》[（2006）海执指字第069-6 号]。    特此公告。         绿景地产股份有限公司  ,绿景地产,
000673,2009-10-09,57115241,关于公司重大事项公告公告内容的更正公告,https://static.cninfo.com.cn/finalpage/2009-10-09/57115241.PDF,0c4490d7bdff9e77b882b30cf09a661182a93403986c2d7ec9b6f2baece51f76,72302,D:\动量策略\微盘股对冲策略\research_reports\20260926_l1_repair\st_timing\initial_2010_st\near_date_pdfs\000673_57115241.pdf,  股票代码：000673              股票简称：ST 大水             编号：2009－26    关于大同水泥股份有限公司重大事项公告公告内容的更正公告  本公司及董事会全体成员保证公告内容的真实、准确和完整，没有虚假记载、 误导性陈述或者重大遗漏。  公司于2009 年9 月29 日刊登的《大同水泥股份有限公司重大事项公告》中 的公告内容有误，原文为：2008 年4 月3 日山西省高级人民法院下发了民事裁 定书，裁定将大水集团所持本公司2000 万股变更登记至买受人储辉名下。2008 年10 月13 日中国证券登记结算有限公司深圳分公司已为储辉办理了股权过户变 更登记。但南京美强在取得股权并按与大同市国资委、大水集团签订的重组协议 进行重组过程中，因涉及大水集团职工安置及历史遗留问题，导致部分职工家属 情绪波动，致使南京美强重组本公司进程受阻并搁浅，鉴于上述实际，大同市政 府、国资委经与山西省高级人民法院沟通，故未给南京美强下发拍卖裁定书，南 京美强竞拍取得10240 万股股权一直未过户。为此，在大同市政府、国资委主导 下，大同市国资委确定与山西省国信投资集团有限公司（下称国信集团）合作， 2008 年9 月，双方签署了合作意向书，拟由国信集团通过买壳方式重组本公司。 随后山西省高级人民法院将除拍卖佣金外的1.06 亿元股权竞买款退还给南京美 强。但在2009 年5 月20 日，公司收到大同市国资委转发的山西国信致大同市国 资委的函，函称由于大同市国资委、山西国信、南京美强因股权转让事宜未达成 三方协议，如果该项目继续拖延下去，大同市国资委重组大同水泥按原协商的方 案将难以实现，基于以上情况，结合中介机构提出的意见和建议，山西国信决定 退出对本公司的重组。  现更正为：2008 年4 月3 日山西省高级人民法院下发了民事裁定书，裁定 将大水集团所持本公司2000 万股变更登记至买受人储辉名下。2008 年10 月13 日中国证券登记结算有限公司深圳分公司已为储辉办理了股权过户变更登记。但 南京美强在取得股权并按与大同市国资委、大水集团签订的重组协议进行重组过 程中，因涉及大水集团职工安置及历史遗留问题，导致部分职工家属情绪波动， 致使南京美强重组本公司进程受阻并搁浅， 2008 年9 月10 日山西省高级人民 法院将除拍卖佣金外的1.06 亿元股权竞买款退还给南京美强。2008 年9 月中旬，    大同市国资委与山西省国信投资集团有限公司达成了初步合作意向书，拟由国信 集团通过买壳方式重组本公司。但在2009 年5 月20 日，公司收到大同市国资委 转发的山西国信致大同市国资委的函，函称由于大同市国资委、山西国信、南京 美强因股权转让事宜未达成三方协议，如果该项目继续拖延下去，大同市国资委 重组大同水泥按原协商的方案将难以实现，基于以上情况，结合中介机构提出的 意见和建议，山西国信决定退出对本公司的重组。由此带来的不便，敬请广大投 资者见谅。     特此公告。  大同水泥股份有限公司  董事会  2009 年9 月30 日    ,ST,
000673,2009-10-13,57134435,关于2008年业绩预告公告,https://static.cninfo.com.cn/finalpage/2009-10-13/57134435.PDF,640ab5427942e42138425ec293b7b434226682d63448e1eeeb4777479f7faad5,66939,D:\动量策略\微盘股对冲策略\research_reports\20260926_l1_repair\st_timing\initial_2010_st\near_date_pdfs\000673_57134435.pdf,"  证券代码：000673      证券简称：ST大水       公告编号：2009-27  大同水泥股份有限公司关于2008年业绩预告公告  本公司及董事会全体成员保证信息披露的内容真实、准确、完整，没有虚假 记载、误导性陈述或重大遗漏。    一、本期业绩预计情况  1．业绩预告类型：亏损    2．业绩预告情况表  2009 年三季度  2008 年三季度  增减变动（%）  项  目  2009 年  7-9 月  2009 年  1-9 月  2008 年  7-9 月  2008 年  1-9 月  1-9 月累计同比  净利润  约-270 万元 约-300 万元 1974 万元  -950 万元  上升68%  基本每股收益  约-0.012 元  约-0.014 元 0.095  -0.046 元  上升68%  二、业绩预告预审计情况  本次业绩预告未经过注册会计师预审计。  三、业绩变动原因说明  因本公司所属生产线属落后工艺， 2008 年下半年，根据大同市政府关于第 29 届奥运会空气质量保障措施要求，公司生产线自2008 年8 月1 日全面停产, 致使公司主营业务全面停滞。  四、其他相关说明  1.本公司2009 年1-9月具体财务数据将在2009年三季度报告中详细披露。本 公司指定的信息披露媒体为《中国证券报》以及巨潮资讯网 (www.cninfo.com.cn )。本公司将严格按照有关法律法规的规定及时做好信息披 露工作，敬请投资者注意投资风险。    大同水泥股份有限公司董事会  2009 年10 月12 日    ",ST大水,
000673,2009-10-22,57178785,2009年第三季度报告,https://static.cninfo.com.cn/finalpage/2009-10-22/57178785.PDF,d86d8db5ecd6ac29efce745087031f18fdf31fcca93fa7da8f4da4e30629b28e,151552,D:\动量策略\微盘股对冲策略\research_reports\20260926_l1_repair\st_timing\initial_2010_st\near_date_pdfs\000673_57178785.pdf,"大同水泥股份有限公司2009 年第三季度季度报告全文  1  大同水泥股份有限公司 大同水泥股份有限公司 大同水泥股份有限公司 大同水泥股份有限公司  DATONG CEMENT CO.,LTD              大同水泥股份有限公司 大同水泥股份有限公司 大同水泥股份有限公司 大同水泥股份有限公司  2009 2009 2009 2009 年第三季度报告全文 年第三季度报告全文 年第三季度报告全文 年第三季度报告全文                                        2009 年10 月21   大同水泥股份有限公司2009 年第三季度季度报告全文  2    §1 重要提示 重要提示 重要提示 重要提示  1.1 本公司董事会、监事会及董事、监事、高级管理人员保证本报告所载资料不存在任何虚假记载、 误导性陈述或者重大遗漏，并对其内容的真实性、准确性和完整性负个别及连带责任。  1.2 公司第三季度财务报告未经会计师事务所审计。  1.3 公司负责人刘刚、主管会计工作负责人帖立国及会计机构负责人(会计主管人员)张宝春声明：保 证季度报告中财务报告的真实、完整。  §2 公司基本情况 公司基本情况 公司基本情况 公司基本情况  2.1 主要会计数据及财务指标 主要会计数据及财务指标 主要会计数据及财务指标 主要会计数据及财务指标  单位：（人民币）元    2009.9.30  2008.12.31  增减幅度（％）  总资产（元）  190,102,733.28 250,983,411.36 -24.26% 归属于上市公司股东的所有者权益（元） 35,379,674.88 38,309,345.08 -7.65% 股本（股）  208,080,000.00 208,080,000.00 0.00% 归属于上市公司股东的每股净资产（元/ 股）  0.17 0.18 -5.56%     2009 年7-9 月  比上年同期增减 （％）  2009 年1-9 月  比上年同期增减 （％）  营业总收入（元）  0.00 -100.00% 0.00 -100.00% 归属于上市公司股东的净利润（元） -2,647,391.61 -113.40% -2,929,670.20 -69.17% 经营活动产生的现金流量净额（元） -  -  31,080,160.40 125.27% 每股经营活动产生的现金流量净额（元/ 股）  -  -  0.15 125.42% 基本每股收益（元/股）  -0.013 -113.68% -0.014 69.57% 稀释每股收益（元/股）  -0.013 -113.68% -0.014 69.57% 净资产收益率（%）  -7.48% -24.41% -8.28% -0.13% 扣除非经常性损益后的净资产收益率 （%）  -7.48% -2.23% -101.16% -64.22% 单位：（人民币）元  非经常性损益项目  年初至报告期末金额  附注  除上述各项之外的其他营业外收入和支出  32,860,905.53 合计  32,860,905.53 -  2.2 报告期末股东总人数及前十名无限售条件股东持股情况表 报告期末股东总人数及前十名无限售条件股东持股情况表 报告期末股东总人数及前十名无限售条件股东持股情况表 报告期末股东总人数及前十名无限售条件股东持股情况表  单位：股  报告期末股东总数（户）  9,630 前十名无限售条件流通股股东持股情况  股东名称（全称）  期末持有无限售条件流通股的数量  种类  ",,
000673,2009-12-18,57410930,关于所聘会计师事务所名称变更的公告,https://static.cninfo.com.cn/finalpage/2009-12-18/57410930.PDF,09f11238e303ac7d35d17a27e80cd8c34c0d6acdb647542776742de5437abf3c,57566,D:\动量策略\微盘股对冲策略\research_reports\20260926_l1_repair\st_timing\initial_2010_st\near_date_pdfs\000673_57410930.pdf,  证券代码：000673         证券简称： ST大水         公告编号：2009-28  大同水泥股份有限公司  关于所聘会计师事务所名称变更的公告  本公司及董事会全体成员保证信息披露的内容真实、准确、完整， 没有虚假记载、误导性陈述或重大遗漏。  公司于近日收到中和正信会计师事务所有限公司《关于中和正信 会计师事务所名称变更的函》。为适应业务发展的需要，中和正信会 计师事务所有限公司与天健光华会计师事务所有限公司进行合并，合 并后的中和正信会计师事务所有限公司进行变更登记，更名为天健正 信会计师事务所有限公司。因此，公司2009 年度审计机构名称变更 为天健正信会计师事务所有限公司。本次会计师事务所名称变更不属 于更换会计师事务所事项。    特此公告。                                      大同水泥股份有限公司                       董事会                       2009年12月17日  ,ST大水,
000673,2010-01-05,57467730,关于2009年业绩预告公告,https://static.cninfo.com.cn/finalpage/2010-01-05/57467730.PDF,6b7173c288547bbe26bfaa6123936797ae2143cf477e784f13d057210873976e,77507,D:\动量策略\微盘股对冲策略\research_reports\20260926_l1_repair\st_timing\initial_2010_st\near_date_pdfs\000673_57467730.pdf,  证券代码：000673      证券简称：ST大水       公告编号：2010-02  大同水泥股份有限公司关于2009年业绩预告公告  本公司及董事会全体成员保证信息披露的内容真实、准确、完整，没有虚假 记载、误导性陈述或重大遗漏。    一、本期业绩预计情况  1．业绩预告类型：√亏损  扭亏  同向大幅上升  同向大 幅下降    2．业绩预告情况表  项  目  本报告期   2009 年 1 月 1 日—  2009 年 12 月 31 日  上年同期  2008 年 1 月 1 日—  2008 年 12 月 31 日  增减变动（%）  净利润  约-4000 — -5000 万元  -8970 万元  -  基本每股收 益   约-0.19 — -0.24 元  -0.43 元  -  二、业绩预告预审计情况  业绩预告是否经过注册会计师预审计：□是 √否  三、业绩变动原因说明  由于公司经营全面停滞，且对应收账款、其他应收款计提坏账准备及减值损 失所致。  四、其他相关说明  本公司2009 年1-12 月具体财务数据将在2009年年度报告中详细披露。若公 司2009 年度继续亏损（具体数据以公司2009 年度报告披露为准），公司2008 年、2009年将连续两年亏损。按照《深圳证券交易所股票上市规则》的相关规定， 公司股票将被实施“退市风险警示”特别处理。  本公司指定的信息披露媒体为《中国证券报》以及巨潮资讯网 (www.cninfo.com.cn )。本公司将严格按照有关法律法规的规定及时做好信息披 露工作，敬请投资者注意投资风险。       大同水泥股份有限公司董事会  2010 年1 月4 日  ,ST大水,
000673,2010-01-05,57467731,澄清公告,https://static.cninfo.com.cn/finalpage/2010-01-05/57467731.PDF,3611a96eafd1c11eccbe353725be538e9e5d3c6aafe216bf4cda6ca4f04ea480,76615,D:\动量策略\微盘股对冲策略\research_reports\20260926_l1_repair\st_timing\initial_2010_st\near_date_pdfs\000673_57467731.pdf,  证券代码：000673             证券简称：ST 大水           公告编号：2010-01    大同水泥股份有限公司澄清公告    本公司及董事会全体成员保证信息披露内容真实、准确和完整，没有虚假 记载、误导性陈述或者重大遗漏。  特别风险提示：  大同市国资委未与南京美强就引入厦门当代置业集团进行过相关的筹划、商 谈；也未与厦门当代置业集团就资产重组事项进行过磋商谈判。并承诺至少三个 月内不与厦门当代置业集团筹划重大资产重组事项，三个月内也不与南京美强就 引入厦门当代就资产重组事项进行筹划洽谈。  若公司2009 年度继续亏损，公司2008年、2009年将连续两年亏损。按照《深 圳证券交易所股票上市规则》的相关规定，公司股票将被实施“退市风险警示” 特别处理。    一、传闻情况   2009 年12 月31 日，《21 世纪经济报道》刊登了《神秘第三方介入，ST 大水重组柳暗花明》的文章，南京美强已于日前出具承诺书，同意大同市国资委 与厦门当代置业集团就拍卖股份处置以及ST 大水的重组事项进行磋商谈判。  二、澄清说明   上述传闻部分属实， 经公司向南京美强查询，南京美强确实出具了《声明 与承诺函》 南京美强同意由厦门当代置业集团有限公司与大同国资委就大同水 泥股份有限公司拍卖股份的处置及大同水泥股份有限公司后续重组有关问题进 行磋商及谈判。  但经公司经向实际控制人大同市国资委发函进行核实，大同市国资委复函 称：截止目前为止未收到报道中提到的南京美强的相关承诺函。  同时，大同市国资委复函称：大同市国资委未与南京美强就引入厦门当代置 业集团进行过相关的筹划、商谈；也未与厦门当代置业集团就资产重组事项进行 过磋商谈判。并承诺至少三个月内不与厦门当代置业集团筹划重大资产重组事 项，三个月内也不与南京美强就引入厦门当代就资产重组事项进行筹划洽谈。但    大同国资委不排除引入其他第三方重组本公司的可能。  三、关于公司重组的相关说明  2009年9月30日，本公司刊登了重大事项公告，大同市国资委于2009年9月2 日给山西省高级人民法院上报了《关于启动南京美强特钢重组ST大水工作的函》， 请山西省高级人民法院通知南京美强特钢控股集团有限公司履行重组本公司工 作。要求南京美强特钢方在10个工作日内将拍卖股权款打入山西省高级人民法院 指定帐户内，截止目前为止，山西省高级人民法院未收到南京美强特钢控股集团 有限公司股权资金。有关股权处置的后续事宜，大同市国资委、南京美强特钢控 股集团有限公司、山西省高级人民法院仍在协商中。大同市国资委函称：后续不 排除引入其他第三方重组本公司的可能。公司重组存在重大不确定性，请广大投 资者理性投资，注意风险。    三、风险提示  2009年公司业绩亏损 ，详见业绩预告。若公司2009 年度继续亏损，公司2008 年、2009年将连续两年亏损。按照《深圳证券交易所股票上市规则》的相关规定， 公司股票将被实施“退市风险警示”特别处理。     本公司保证，公司将会本着诚信的原则，严格按照有关法律、法规、规则的 规定和要求，认真履行信息披露义务，及时做好信息披露工作。同时郑重承诺， 目前公司也没有应披露而未披露的重要信息。本公司指定信息披露报刊为《中国 证券报》，本公司所有信息均以在上述指定报刊刊登的公告为准，请广大投资者 理性投资，注意风险。       特此公告。                     大同水泥股份有限公司  董事会  2010 年1 月4 日  ,ST,
000971,2009-11-28,57340045,限售股份解除限售提示性公告,https://static.cninfo.com.cn/finalpage/2009-11-28/57340045.PDF,a9ee8d7d88fed0a1b733847f3ae7b9291ec1524b5800b43c2a9d525b2f6f55d0,169122,D:\动量策略\微盘股对冲策略\research_reports\20260926_l1_repair\st_timing\initial_2010_st\near_date_pdfs\000971_57340045.pdf,"                                                                湖北迈亚股份有限公司    1 证券代码：000971   证券简称：ST 迈亚   公告编号：2009-36 号    湖北迈亚股份有限公司限售股份解除限售提示性公告        本公司及董事会全体成员保证公告内容的真实、准确和完整，没有虚假记载、 误导性陈述或者重大遗漏。    特别提示  1、本次限售股份实际可上市流通数量为24,310,000 股，占公司 当前总股本的10.00%。  2、本次限售股份可上市流通日期为2009 年12 月1 日。   一、股权分置改革方案概述  1、股权分置改革对价方案概述  2005 年12 月，公司实施了股权分置改革方案。湖北迈亚非流通 股股东同意按一定比例向流通股股东支付对价，流通股股东每持有 10 股流通股将获得非流通股股东支付的3.6 股股票的对价；在支付完 成后，公司的所有非流通股股东持有的非流通股股份即获得上市流通 权。非流通股股东应向流通股股东支付的29,304,000 股股份均由湖北 省仙桃毛纺集团、仙桃市彩凤实业公司、仙桃市财务开发公司三家按 现持股比例支付。  2、通过股权分置改革方案的股东大会日期、届次：  公司于2005 年12 月23 日召开了股权分置改革相关股东大会， 会议审议并通过了《公司股权分置改革方案》。  3、股权分置改革方案实施日期：2005 年12 月29 日                                                                   湖北迈亚股份有限公司    2 二、本次可上市流通限售股份持有人做出的各项承诺及履行情况      序号  限售股份持 有人名称  承诺及追加承诺内容  承诺及追加承诺的履行情况  1  湖北仙桃 毛纺集团 有限公司  2  仙桃市经 济委员会 国有资产 管理营运 中心  承诺事项：  （1）本承诺人将遵守法律、法规和 规章的规定，履行法定承诺义务。  （2）本承诺人保证若不履行或者不 完全履行承诺，赔偿其他股东因此而遭 受的损失。  （3）承诺人声明：本承诺人将忠实 履行承诺，承担相应的法律责任。除非 受让人同意并有能力承担承诺责任，本 承诺人将不转让所持有的股份。  特别承诺事项：  （1）毛纺集团持有公司的股份自获 得上市流通权之日起,至少在12 个月内 不上市交易或者转让,在获得上市流通 权之日起24 个月内不上市交易；上述 24 个月届满后12 个月内,毛纺集团通过 证券交易所挂牌交易出售的公司股份的 数量不超过公司股份总数的5%,且出售 价格不低于每股4.42 元人民币。若有违 反承诺的卖出交易，卖出资金将划归公 司所有。  （2）待国家有关股权激励政策出台 和得到国资委批准，非流通股股东支持 湖北迈亚公司按政策制定和实行管理层 激励和约束计划。  （3）若湖北省纺织品公司和鹤山市 健美针棉织造总厂所持湖北迈亚股份上 市流通时，需征得湖北仙桃毛纺集团、 仙桃市彩凤实业公司、仙桃市财务开发 承诺履行情况：  公司相关股东自股改方案实施以来，严格履行 了在股权分置改革时所作出的各项承诺。    特别承诺履行情况：  （1）仙桃毛纺集团严格遵守了相关承诺，毛 纺集团所持公司的股份自获得上市流通权之日起 12 个月内没有发生交易或者转让；在获得上市流通 权之日起24 个月内毛纺集团没有交易所持公司的 股份；毛纺集团的转让和减持承诺已履行完毕。上 述24 个月届满后的12 个月内，毛纺集团和仙桃市 经济委员会国有资产管理营运中心未出售所持公 司的股份，限价减持承诺已履行完毕。  （2）在股权分置改革期间，因公司未提出管 理层激励和约束计划，非流通股股东没有履行“支 持湖北迈亚公司按政策制定和实行管理层激励和 约束计划”的承诺。本次有限售条件流通股上市流 通后，还有61,723,530 股（占公司总股本的 25.39%）有限售条件流通股继续实行限售安排。故 本次限售股份上市流通不影响公司履行承诺事项 的管理。  （3）2007 年1 月9 日，湖北省纺织品公司在 征得湖北仙桃毛纺集团、仙桃市彩凤实业公司、仙 桃市财务开发公司三家垫付者同意的情况下，将其 所持有湖北迈亚有限售条件流通股已全部解除限 售。现鹤山市健美针棉织造总厂持有312,000（占 公司总股本的0.13%）有限售条件流通股将继续实 行限售安排。    ",ST,
000971,2009-12-16,57402581,第六届董事会第二十一次会议决议公告,https://static.cninfo.com.cn/finalpage/2009-12-16/57402581.PDF,276b700b866ee70d2bdf8670842e7bb427bde62717c8458508b149a4f04d63a6,147410,D:\动量策略\微盘股对冲策略\research_reports\20260926_l1_repair\st_timing\initial_2010_st\near_date_pdfs\000971_57402581.pdf,"                                  湖北迈亚股份有限公司第六届董事会第二十一次会议    1 证券代码：000971   证券简称：ST 迈亚   公告编号：2009-37 号    湖北迈亚股份有限公司  第六届董事会第二十一次会议决议公告        本公司及董事会全体成员保证公告内容的真实、准确和完整，没有虚假记载、 误导性陈述或者重大遗漏。    湖北迈亚股份有限公司第六届董事会第二十一次会议于2009 年 12 月11 日以电子邮件和电话方式向全体董事、监事及高级管理人员 发出通知，于2009 年12 月15 日（星期二）上午以通讯方式召开， 会议应参加表决的董事9 名，实际表决的董事9 名。本次会议由董事 长唐常军先生主持，会议的召开和表决程序符合《公司法》、《公司 章程》的有关规定。  会议审议并通过了以下决议：  一、《关于向招商银行股份有限公司武汉解放公园支行申请办理 5,000 万元授信额度的议案》  根据公司生产经营需求，经与招商银行股份有限公司武汉解放公 园支行（以下简称“招商银行”）协商决定，公司拟向招商银行申请 5,000 万元授信额度，授信期限为半年。首期将申请3,000 万元的贷 款，其中公司以土地、厂房（账面净值为21,464,583.79 元）、大股东 湖北仙桃毛纺集团有限公司以房屋和土地（账面净值为5,465,304.90 元）共同为该笔3,000 万元贷款提供抵押担保，贷款用于补充公司生 产流动资金，期限为半年。  以上议案9 票赞成，0 票反对，0 票弃权。                                     湖北迈亚股份有限公司第六届董事会第二十一次会议    2 二、《关于丝宝实业发展（武汉）有限公司向公司提供不超过 8,000 万元短期借款的议案》。  根据公司目前生产经营现状，公司关联方丝宝实业发展（武汉） 有限公司为支持公司的发展，拟向公司提供不超过人民币8,000 万元 的短期借款，借款期限为一个月，资金使用费为零。待公司董事会审 议通过后，公司将与丝宝实业发展（武汉）有限公司签订相关协议。  该事项为关联交易事项，因该资金使用费为零，经公司董事会审 议通过并经独立董事认可后即可。关联董事唐常军先生、郑明强先生、 蔡颖恒先生、杨勇先生、张文成先生对此案予以回避表决。独立董事 发表了认可的独立董事意见。  以上议案4 票赞成，0 票反对，0 票弃权。    特此公告！        湖北迈亚股份有限公司董事会                                  二OO 九年十二月十五日    ",ST,
000971,2009-12-19,57415682,关于公司向招商银行贷款的进展公告,https://static.cninfo.com.cn/finalpage/2009-12-19/57415682.PDF,9ffc551dfd9a82c0b0827d583aac5da199597ac42df7419f492994c577eba056,119352,D:\动量策略\微盘股对冲策略\research_reports\20260926_l1_repair\st_timing\initial_2010_st\near_date_pdfs\000971_57415682.pdf,"                                                        湖北迈亚股份有限公司    1 证券代码：000971   证券简称：ST 迈亚   公告编号：2009-38 号    关于公司向招商银行贷款的进展公告        本公司及董事会全体成员保证公告内容的真实、准确和完整，没有虚假记载、 误导性陈述或者重大遗漏。    2009 年12 月15 日召开的公司第六届董事会第二十一次会议， 审议通过了《关于向招商银行股份有限公司武汉解放公园支行申请办 理5000 万元授信的议案》，具体内容详见公司于2009 年12 月16 日 在《中国证券报》和巨潮资讯网（www.cninfo.com.cn）上刊登的《第 六届董事会第二十一次会议决议公告》。  2009 年12 月17 日，公司收到了与招商银行股份有限公司武汉 解放公园支行（以下简称“招商银行”）于2009 年12 月15 日签订的 《授信协议》。在签订《授信协议》时，经双方协商决定将本次授信 中的部分内容在前期商议基础上进行了调整。  上述《授信协议》的内容主要是公司向招商银行申请5,000 万元 授信额度，其中公司以土地和厂房、大股东湖北仙桃毛纺集团有限公 司（以下简称“毛纺集团”）以房屋共同为该笔5,000 万元授信提供 抵押担保，授信期限为壹年。首期申请3,000 万元的贷款，贷款用于 补充公司流动资金，期限为半年。对应于上述5,000 万元授信的抵押 物明细如下表：  房屋（土地）  所有权人  账面原值(元)  账面净值（元） 折旧（元）  毛纺集团所 湖北迈亚  36,562,030.00  34,052,277.42  2,509,752.58                                                           湖北迈亚股份有限公司    2 上述资产不存在重大争议、诉讼或仲裁事项、不存在查封、冻结 等司法措施、不存在权属不清的情形。    特此公告    湖北迈亚股份有限公司董事会  二OO 九年十二月十八日  属紧密纺纱 厂的土地  湖北迈亚所 属织造车间 厂房  湖北迈亚  14,975,444.75  12,946,896.00  2,028,548.75  毛纺集团所 属紧密纺纱 厂主厂房  毛纺集团  18,195,635.51  16,543,763.36  1,651,872.15  ",ST,
000971,2009-12-29,57446853,第六届董事会第二十二次会议决议公告,https://static.cninfo.com.cn/finalpage/2009-12-29/57446853.PDF,8629d1a430a77ebc313b88b8e80ae998492261322d3917d627b4197d65977ac3,137144,D:\动量策略\微盘股对冲策略\research_reports\20260926_l1_repair\st_timing\initial_2010_st\near_date_pdfs\000971_57446853.pdf,                            湖北迈亚股份有限公司第六届董事会第二十二次会议    1 证券代码：000971   证券简称：ST 迈亚   公告编号：2009-39 号    湖北迈亚股份有限公司  第六届董事会第二十二次会议决议公告        本公司及董事会全体成员保证公告内容的真实、准确和完整，没有虚假记载、 误导性陈述或者重大遗漏。    湖北迈亚股份有限公司第六届董事会第二十二次会议于2009 年 12 月24 日以电子邮件和电话方式向全体董事、监事及高级管理人员 发出通知，于2009 年12 月28 日（星期一）上午以通讯方式召开， 会议应参加表决的董事9 名，实际表决的董事9 名。本次会议由董事 长唐常军先生主持，会议的召开和表决程序符合《公司法》、《公司 章程》的有关规定。  会议审议并通过了《关于处置公司历史库存呢绒面料的议案》。  为提高资金使用效率、盘活资产，公司决定处置部分库存呢绒面 料。  根据毛纺织品特性，积压时间越久，贬值越大，有必要对库存特 别是年限较长的存货加快进行清理。本次拟处置库存呢绒面料均为 2007、2006 及以前年度形成的库存，总计约27 万米，形成库存的原 因包括：退货形成积压、订单多投、降等品、未被客户采样的开发样 品等。该批库存账面成本2622 万元，已提取减值1727 万元，目前账 面净值895 万元，根据意向客户（与本公司、本公司的控股股东和实 际控制人不存在关联关系）报价，预计可变现资金481 万元。预计处                              湖北迈亚股份有限公司第六届董事会第二十二次会议    2 置该批库存后，将对公司当期损益产生一定的影响，预计损失金额约 为484 万元。  本次处置库存呢绒面料，有利于盘活公司资产，提高资金使用效 率。  以上议案9 票赞成，0 票反对，0 票弃权。    特此公告！        湖北迈亚股份有限公司董事会                                二OO 九年十二月二十八日  ,ST,
000971,2010-01-05,57467430,关于公司获准减免税的公告,https://static.cninfo.com.cn/finalpage/2010-01-05/57467430.PDF,0bf7c98c7f732267dcaa4487f79c0c814c877dca2b73b2724bf798f805226dfe,92298,D:\动量策略\微盘股对冲策略\research_reports\20260926_l1_repair\st_timing\initial_2010_st\near_date_pdfs\000971_57467430.pdf,"                                                          湖北迈亚股份有限公司    1 证券代码：000971   证券简称：ST 迈亚   公告编号：2010-01 号    关于公司获准减免税的公告        本公司及董事会全体成员保证公告内容的真实、准确和完整，没有虚假记载、 误导性陈述或者重大遗漏。    2009 年12 月31 日，公司收到仙桃市地方税务局发来的《准予 减免税通知》（仙地税审准字[2009]9-11 号），准予减免本公司2009 年度城镇土地使用税600,000 元、房产税1,568,842.18 元（2009 年 度734,421.09 元、2010 年度834,421.09 元）。按照有关规定，上述 款项应计入公司当期损益，其中影响公司2009 年度的利润 1,334,421.09 元，影响公司2010 年度的利润834,421.09 元。    特此公告。    湖北迈亚股份有限公司董事会  二O 一O 年一月四日  ",ST,
000971,2010-01-09,57487441,第六届董事会第二十三次会议决议公告,https://static.cninfo.com.cn/finalpage/2010-01-09/57487441.PDF,4866680c2f871418eac912684cb4975195d1704437f5958f5d933a7a8b22c256,143469,D:\动量策略\微盘股对冲策略\research_reports\20260926_l1_repair\st_timing\initial_2010_st\near_date_pdfs\000971_57487441.pdf,"                            湖北迈亚股份有限公司第六届董事会第二十三次会议    1 证券代码：000971   证券简称：ST 迈亚   公告编号：2010-02 号    湖北迈亚股份有限公司  第六届董事会第二十三次会议决议公告        本公司及董事会全体成员保证公告内容的真实、准确和完整，没有虚假记载、 误导性陈述或者重大遗漏。    湖北迈亚股份有限公司第六届董事会第二十三次会议于2010 年 1 月4 日以电子邮件和电话方式向全体董事、监事及高级管理人员发 出通知，于2010 年1 月8 日（星期五）上午以通讯方式召开，会议 应参加表决的董事9 名，实际表决的董事9 名。本次会议由董事长唐 常军先生主持，会议的召开和表决程序符合《公司法》、《公司章程》 的有关规定。  会议审议并通过了《关于向中信银行武汉分行申请办理5000 万 元贷款的议案》。  公司前期与中信银行武汉分行签订了《5000万元综合授信合同》 （公司第六届董事会第十二次会议审议通过了《关于向中信银行武汉 分行申请办理5000万元综合授信的议案》），截至目前，公司在中信银 行武汉分行的贷款余额为0元。根据公司生产经营需求，拟由公司和 大股东湖北仙桃毛纺集团有限公司（下称“毛纺集团”）共同以房屋、 土地向银行出具5000万元贷款抵押，贷款期限为一年。上述抵押物的 明细如下：                                 湖北迈亚股份有限公司第六届董事会第二十三次会议    2 上述资产不存在重大争议、诉讼或仲裁事项、不存在查封、冻结 等司法措施、不存在权属不清的情形。  以上议案9 票赞成，0 票反对，0 票弃权。  特此公告！    湖北迈亚股份有限公司董事会                                二O 一O 年一月八日  房屋（土地）  所有权人  账面原值(元)  账面净值（元） 折旧或摊销（元） 毛纺集团办公大 楼、招待所等的 土地和房屋  毛纺集团  9,077,520.05  5,506,531.31  3,570,988.74  湖北迈亚所属毛 毯厂的土地  毛纺集团  2,805,261.27  2,805,261.27  0  湖北迈亚所属毛 毯厂的房屋  湖北迈亚  11,389,249.52  2,939,798.24  8,449,451.28  湖北迈亚所属色 织面料厂的土地 和房屋  湖北迈亚  12,743,342.98  10,967,565.27  1,775,777.71  毛纺集团所属仙 国用（2009）字 第3234 号的土 地，PVC 厂房、 附房等的房屋  毛纺集团  4,326,357.00  3,943,997.90  382,359.10  毛纺集团所属仙 国用2009 第 0552 号的土地  毛纺集团  4,260,007.29  4,260,007.29  0  ",ST,
000979,2009-11-26,57331732,简式权益变动报告书,https://static.cninfo.com.cn/finalpage/2009-11-26/57331732.PDF,81a7d8bc1e554971f7faf6400c447a180ff830195573339ceb06a1a0596931a4,111583,D:\动量策略\微盘股对冲策略\research_reports\20260926_l1_repair\st_timing\initial_2010_st\near_date_pdfs\000979_57331732.pdf,                              安徽省科苑（集团）股份有限公司简式权益变动报告书    1   安徽省科苑（集团）股份有限公司  简式权益变动报告书      上市公司  名称：安徽省科苑（集团）股份有限公司      上市地点：深圳证券交易所      股票简称： *ST 科苑  股票代码：000979      信息披露义务人  名称：上海申多利实业公司  住所：上海中山北一路800 号    股权变动性质：减少      签署日期：2009 年11 月24 日                                     安徽省科苑（集团）股份有限公司简式权益变动报告书    2 声明      1、本报告书是依据《 证券法》、《上市公司收购管理办法》、 《公开发行证券的公司信息披露内容与格式准则第15 号──权益变 动报告书》及其他相关法律、法规和部门规章有关规定编写。      2、信息披露义务人签署本报告书已获得必要的授权和批准。      3、依据《证券法》、《上市公司收购管理办法》的规定，本持 股变动报告书已全面披露了信息披露义务人在安徽省科苑（集团）股 份有限公司股份中拥有权益的股份变动情况。  截止本持股变动报告书签署之日，除本报告书刊登披露的信息 外，信息披露义务人没有通过任何其它方式增加或减少其在安徽省科 苑（集团）股份有限公司中拥有权益的股份。  4、本次权益变动是根据本报告所载明的资料进行的。除本信息 披露义务人外，没有委托或者授权任何其他人提供在本报告中列载的 信息和对本报告做出任何解释或者说明。                  ,*ST,
000979,2009-12-30,57455725,关于公司重大资产重组方案获得中国证监会核准及控股股东获得中国证监会豁免要约收购义务批复的公告,https://static.cninfo.com.cn/finalpage/2009-12-30/57455725.PDF,748b922b497329561a21489dd2bd33a21bfb19efafa8a528ac74005ec22b3a4e,62679,D:\动量策略\微盘股对冲策略\research_reports\20260926_l1_repair\st_timing\initial_2010_st\near_date_pdfs\000979_57455725.pdf,"1    证券代码：000979   证券简称: *ST 科苑  公告编号： 2009－52  关于公司重大资产重组方案获得中国证监会核准  及控股股东获得中国证监会豁免要约收购义务批复的公告    本公司及董事会全体成员保证信息披露内容的真实、准确、完整，没有虚假 记载、误导性陈述或重大遗漏。    本公司于2009 年12 月29 日收到中国证券监督管理委员会（以 下简称：中国证监会）《关于核准安徽省科苑（集团）股份有限公司 重大资产重组及向中弘卓业集团有限公司等发行股份购买资产的批 复》（证监许可[2009]1449 号）及《关于核准中弘卓业集团有限公司 公告安徽省科苑（集团）股份有限公司收购报告书并豁免其要约收购 义务的批复》（证监许可[2009]1450 号）。现将上述文件主要内容公 告如下：  一、《关于核准安徽省科苑（集团）股份有限公司重大资产重组 及向中弘卓业集团有限公司等发行股份购买资产的批复》主要内容如 下：  1、核准本公司本次重大资产重组及向中弘卓业集团有限公司发 行378,326,988 股股份、向建银国际投资咨询有限公司发行 59,946,683 股股份购买相关资产。  2、本公司本次重大资产重组及发行股份购买资产应当严格按照 报送中国证监会的方案及有关申请文件进行。   3、本公司应当按照有关规定及时履行信息披露义务。   4、本公司应当按照有关规定办理本次发行股份的相关手续。   5、本批复自核准之日起12 个月内有效。  6、本公司在实施过程中，如发生法律、法规要求披露的重大事 项或遇重大问题，应当及时报告中国证监会。   二、《关于核准中弘卓业集团有限公司公告安徽省科苑（集团）  2    股份有限公司收购报告书并豁免其要约收购义务的批复》主要内容如 下：  1、中国证监会对中弘卓业集团有限公司公告安徽省科苑（集团） 股份有限公司收购报告书无异议。  2、核准豁免中弘卓业集团有限公司因以资产认购安徽省科苑（集 团）股份有限公司本次发行股份而增持该公司378,326,988 股股份， 导致合计持有该公司397,826,988 股股份，约占该公司总股本的 70.75％而应履行的要约收购义务。   3、中弘卓业集团有限公司应当按照有关规定及时履行信息披露 义务。  4、中弘卓业集团有限公司应当会同安徽省科苑（集团）股份有 限公司按照有关规定办理相关手续。  5、中弘卓业集团有限公司在收购过程中，如发生法律、法规要 求披露的重大事项，应当及时报告中国证监会。      特此公告。    安徽省科苑（集团）股份有限公司                                      董事会                               二OO 九年十二月三十日        ",*ST,
000979,2009-12-30,57455726,收购报告书,https://static.cninfo.com.cn/finalpage/2009-12-30/57455726.PDF,5a83bb9a7df4017c8d33484fa6e0ce1c0d859eae4dd3d55974d844a5a7cedd37,634567,D:\动量策略\微盘股对冲策略\research_reports\20260926_l1_repair\st_timing\initial_2010_st\near_date_pdfs\000979_57455726.pdf,安徽省科苑（集团）股份有限公司                                              收购报告书              安徽省科苑（集团）股份有限公司  收购报告书                公司名称： 安徽省科苑（集团）股份有限公司  上市地点： 深圳证券交易所  股票简称： *ST科苑  股票代码： 000979    收 购 人： 中弘卓业集团有限公司  住    所： 北京市朝阳区五里桥一街一号院19号楼305室  通讯地址： 同公司住所    签署日期：二〇〇九年十二月   安徽省科苑（集团）股份有限公司                                              收购报告书    1 收购人特别声明  就本次收购事宜，收购人做如下声明：  一、本收购人依据《中华人民共和国证券法》、《上市公司证券发行管理办法》、《上 市公司收购管理办法》及《公开发行证券的公司信息披露内容与格式准则第16 号—上 市公司收购报告书》及相关的法律、法规编本报告。  二、依据《中华人民共和国证券法》、《上市公司收购管理办法》的规定，本报告书 已全面披露了中弘卓业集团有限公司在安徽省科苑（集团）股份有限公司中拥有权益的 股份；  截至本报告书签署之日，除本报告书披露的持股信息外，上述收购人没有通过任何 其他方式持有、控制安徽省科苑（集团）股份有限公司的股份。  三、收购人签署本报告书已获得必要的授权和批准，其履行亦不违反收购人章程或 内部规则中的任何条款，或与之相冲突；收购人在本报告书中援引相关专业机构出具的 专业报告或意见内容，相关专业机构已书面同意上述援引。  四、收购人以持有的房地产股权资产认购安徽省科苑（集团）股份有限公司向其发 行的股份之行为，已经收购人及上市公司股东大会审议通过，中国证监会对本次交易的 已核准。  五、本次收购是根据本报告书所载明的资料进行的。除收购人和所聘请的专业机构 外，没有委托或者授权任何其他人提供未在本报告书中列载的信息和对本报告书做出任 何解释说明。  六、收购人的决策机构全体成员共同承诺本报告书及其摘要不存在虚假记载、误导 性陈述或重大遗漏，并对其真实性、准确性、完整性承担个别和连带的法律责任。  ,*ST科苑,
000979,2009-12-30,57455727,重大资产出售及发行股份购买资产暨关联交易报告书（修订稿）,https://static.cninfo.com.cn/finalpage/2009-12-30/57455727.PDF,8e15194c87010cc1f0c386d9b6e1dffb19aa31474a040e10a39573e866ccfdc3,1430557,D:\动量策略\微盘股对冲策略\research_reports\20260926_l1_repair\st_timing\initial_2010_st\near_date_pdfs\000979_57455727.pdf,  0 安徽省科苑（集团）股份有限公司  重大资产出售及发行股份购买资产  暨关联交易报告书  （修订稿）        公司名称：安徽省科苑（集团）股份有限公司  上市地点：深圳证券交易所  股票简称：*ST科苑  股票代码：000979    交易对方：中弘卓业集团有限公司  住    所：北京市朝阳区五里桥一街一号院19号楼305室  通讯地址：同住所地址    交易对方：建银国际投资咨询有限公司  住    所：北京市西城区闹市口大街1号院1号楼长安兴融中心1213房  通讯地址：同住所地址    交易对方：宿州科苑实业有限公司   住    所：宿州经济开发区金海大道8号  通讯地址：同住所地址    独立财务顾问：华泰联合证券有限责任公司  签 署 日 期：二〇〇九年十二月     1   ,*ST科苑,
000979,2010-01-12,57494453,业绩预告公告,https://static.cninfo.com.cn/finalpage/2010-01-12/57494453.PDF,71aa7d5cf761d221528c2bd46f7738c77834dee9d2b229945d067a307d68cfb7,60030,D:\动量策略\微盘股对冲策略\research_reports\20260926_l1_repair\st_timing\initial_2010_st\near_date_pdfs\000979_57494453.pdf,"证券代码：000979   证券简称: *ST 科苑  公告编号： 2010－01  安徽省科苑（集团）股份有限公司  业绩预告公告  本公司及董事会全体成员保证信息披露内容的真实、准确、完整，没有虚假 记载、误导性陈述或重大遗漏。  一、预计的本期业绩情况  1、亏损     扭亏√    同向大幅上升    同向大幅下降              2、业绩预告情况表   项 目   本报告期   2009年1月1日—  2009年12月30日  上年同期   2008年1月1日—  2008年12月30日   增减变动（%）   归属于母公司的 净利润   约12,600万元 -101,208,261.51元  －  基本每股收益  约1.02元 －0.82 元  －  二、本次业绩预告未经注册会计师预审计  三、业绩亏损原因说明  由于公司银行债务重组抵债土地已完成过户手续，债务重组收益 得以实现（详见2009 年11 月3 日《中国证券报》、《证券时报》和巨 潮资讯网 “公司关于银行债务重组进展情况的公告”），最终经会计 师确认后的债务重组收益为185,135,078.68 元，在扣除由于资金紧 张所带来公司主营业务亏损5,800 多万元后，2009 年度公司约实现 净盈利12,600 万元。  四、其他相关说明  具体财务数据公司将在2009 年年度报告中予以详细披露，公司 将在2009 年年度报告披露后申请撤销退市风险警示（*ST）。  公司董事会提醒广大投资者理性投资，注意投资风险。  特此公告。  安徽省科苑（集团）股份有限公司                                      董事会                                 二O 一0 年一月十一日    ",*ST,
000979,2010-01-12,57494454,重大资产出售及发行股份购买资产暨关联交易实施进展情况公告,https://static.cninfo.com.cn/finalpage/2010-01-12/57494454.PDF,8d96bcd35c805048818f46cf7757117e1f724650b3fc3d8d041e432aa2556db1,79321,D:\动量策略\微盘股对冲策略\research_reports\20260926_l1_repair\st_timing\initial_2010_st\near_date_pdfs\000979_57494454.pdf,"1    证券代码：000979   证券简称: *ST 科苑  公告编号： 2010－02  安徽省科苑（集团）股份有限公司重大资产出售  及发行股份购买资产暨关联交易实施进展情况公告    本公司及董事会全体成员保证信息披露内容的真实、准确、完整，没有虚假 记载、误导性陈述或重大遗漏。    一、公司本次重大资产重组获得的批准情况  2009 年12 月29 日，安徽省科苑（集团）股份有限公司（以下 简称“公司”或“本公司”）收到中国证券监督管理委员会（以下简 称：中国证监会）《关于核准安徽省科苑（集团）股份有限公司重大 资产重组及向中弘卓业集团有限公司等发行股份购买资产的批复》 （证监许可[2009]1449 号），核准本公司本次重大资产重组及向中弘 卓业集团有限公司发行378,326,988 股股份、向建银国际投资咨询有 限公司发行59,946,683 股股份购买相关资产。同日，公司收到《关 于核准中弘卓业集团有限公司公告安徽省科苑（集团）股份有限公司 收购报告书并豁免其要约收购义务的批复》（证监许可[2009]1450 号），核准豁免中弘卓业集团有限公司因以资产认购本公司本次发行 股份而增持该公司378,326,988 股股份，导致合计持有本公司 397,826,988 股股份，约占本公司总股本的70.75％而应履行的要约 收购义务。（详见2009 年12 月31 日《中国证券报》、《证券时报》和 巨潮资讯网 公司2009－52 公告”）  二、公司本次重大资产重组实施进展情况  2010 年1 月11 日公司收到中国证券登记结算公司深圳分公司出 具的《股份登记确认书》，本次非公开发行的438,273,671 股股份已 经完成相关证券登记手续。新增股份登记情况如下：   2    序号 持有人名称  持有人类别  持有证券数 量（股）  限售时间 （月）  1   中弘卓业集团有限公司  境内非国有法人 378,326,988  36   2   建银国际投资咨询有限公司  境内非国有法人 59,946,683  12    合计    438,273,671    新增股份登记完成后，公司股份总数变更为562,273,671 股，中 弘卓业集团有限公司持有公司股份397,826,988 股，占公司股份总数 的70.75％，建银国际投资咨询有限公司持有公司股份59,946,683 股，占公司股份总数的10.66％。   上述新增股份须在公司全部资产过户完毕后方可申请上市，限售 期从上市之日起计算。公司与中弘卓业集团有限公司协商确定以2009 年12 月31 日为交割审计基准日，公司拟聘请深圳市鹏程会计师事务 所有限公司对评估基准日和资产交割审计基准日期间的损益进行审 计。   新增股份登记完成后，公司股本结构变化情况如下表：   股份性质   变更前   变更后   股份增减   总股本   124,000,000   562,273,671  438,273,671   流通股   89,516,715   89,516,715   0  新增股份登记完成后，公司前十大股东情况如下表 :  序号  股东名称  持股数量（股） 持股比例(%) 1   中弘卓业集团有限公司  378,326,988  70.75   2   建银国际投资咨询有限公司  59,946,683  10.66   3   交通银行股份有限公司上海浦东分行   10,960,000  1.95   4   宿州市新区建设投资有限责任公司   4,000,000  0.71  5   陈耿昊  1,576,136  0.28  6   袁淑珍  1,310,900  0.23  7   阎春英  1,150,425  0.20  8   张晓鸣  1,065,300  0.19  9   贾俊峰  784,025  0.14  10  赵顺舟  750,298  0.13  ",*ST,
000982,2009-12-01,57347187,独立董事就公司向控股股东购买资产暨关联交易的独立意见,https://static.cninfo.com.cn/finalpage/2009-12-01/57347187.PDF,5d8ffab5d72708b01b73e7d120f3eb8f8bdfe09d0c95e1c186bb09598675f414,86172,D:\动量策略\微盘股对冲策略\research_reports\20260926_l1_repair\st_timing\initial_2010_st\near_date_pdfs\000982_57347187.pdf,  宁夏中银绒业股份有限公司独立董事就公司向  控股股东购买资产暨关联交易的独立意见    根据《深圳证券交易所股票上市规则》（2008年修订）和公司《独 立董事工作细则》的有关规定，作为公司的独立董事，本着实事求是、 认真负责的态度，基于独立判断的立场，现就宁夏中银绒业股份有限 公司以现金支付方式向宁夏中银绒业国际集团有限公司购买360吨羊 绒针织纱生产线及羊绒信息大厦资产暨关联交易事宜发表如下独立 意见：  “目标资产权属清晰， 除为本公司贷款做出担保而产生的抵押 以外，目标资产不存在其他权利瑕疵。且抵押权人已就此次交易涉及 的资产转移出具书面同意函，同意该抵押物转让给本公司，并继续为 该项债权提供担保，不会影响标的资产的转移过户，也不会为本公司 增加额外的债务负担。银川海关也已出具明确说明，由上市公司继续 享受进口的相关设备的减免税优惠政策。前次增发方案的否决并不影 响本次收购行为。本次交易定价机制合法，拟购买资产的交易价款以 评估值为基准，资产估值反映了目标资产的实际价值。交易定价符合 上市公司的利益，不会损害其他非关联股东特别是中小股东的利益。”       独立董事：杨贵鹏  崔健民  陆绮  张小盟    二00九年十一月二十五日    ,,
000982,2009-12-14,57390186,董事会关于召开2009年第四次临时股东大会的催告通知,https://static.cninfo.com.cn/finalpage/2009-12-14/57390186.PDF,f2757bf917f9ca31d30c687ba4dd4895c9ca01a41fcd2dc7aa26498f1a111cec,148080,D:\动量策略\微盘股对冲策略\research_reports\20260926_l1_repair\st_timing\initial_2010_st\near_date_pdfs\000982_57390186.pdf,宁夏中银绒业股份有限公司董事会关于召开2009 年第四次临时股东大会的催告通知    证券代码：000982     证券简称：中银绒业     公告编号：2009-51     宁夏中银绒业股份有限公司董事会  关于召开2009 年第四次临时股东大会的催告通知    本公司及其董事、监事、高级管理人员保证公告内容真实、 准确和完整，公告不存在虚假记载、误导性陈述或者重大遗漏。   重要提示：本公司于2009年12月1日在《证券时报》及巨潮资讯网 （www.cninfo.com.cn）披露了《宁夏中银绒业股份有限公司关于召开2009 年第 四次临时股东大会的通知》（公告编号：2009-49  ）。  鉴于公司2009年第四次临时股东大会将通过深圳证券交易所交易系统、互联 网投票系统进行网络投票，根据中国证监会《关于加强社会公众股股东权益保护 的若干规定》的要求，现再次公告股东大会通知。  一、召开会议基本情况  1、召集人：本次会议由本公司董事会召集  2、董事会认为本次股东大会会议召开完全符合有关法律、行政法规、部门 规章、规范性文件和公司章程的有关规定。  3、会议召开的日期和时间：  现场会议召开时间为：2009年12月17日(星期四)下午14:00；网络投票时间 为：2009年12月16日（星期三）—2009 年12月17日（星期四）。其中，通过深 圳证券交易所交易系统进行网络投票的具体时间为：2009年12月17日上午9：30 —11：30，下午13：00—15:00；通过深圳证券交易所互联网投票系统投票的具 体时间为：2009 年12月16日15：00 至2009年12月17日15：00 期间的任意时间。  4、召开方式：本次股东会议采取会议现场投票和网络投票相结合的方式。 公司将同时通过深圳证券交易所交易系统和互联网投票系统向公司流通股股东 提供网络形式的投票平台，无限售条件的流通股股东可以在网络投票时间内通过 上述系统行使表决权。  公司股东应选择现场投票、网络投票中或其他表决方式的一种方式，如果同 一表决权出现重复投票表决的，以第一次投票表决结果为准。   宁夏中银绒业股份有限公司董事会关于召开2009 年第四次临时股东大会的催告通知    5、出席会议对象：  （1）截止2009 年12 月9 日下午3 时交易结束后在中国证券登记结算有限 责任公司深圳分公司登记在册的本公司全体股东。上述本公司全体股东均有权出 席股东大会，并可以以书面形式委托代理人出席会议和参加表决，该股东代理人 不必是本公司股东。  （2）本公司董事、监事和高级管理人员。  （3）本公司聘请的律师。  6．会议地点：现场会议地点设在宁夏灵武市羊绒工业园区中央大道南侧本 公司会议室。  二、会议审议议题  （一）审议的议案  关于公司向控股股东购买年产360 吨羊绒针织纱生产线和羊绒大厦资产暨 关联交易的议案。  （二）披露情况  相关议案内容详见2009 年12 月1 日刊登在《证券时报》和《巨潮资讯网》 上的本公司第四届董事会第十九次会议决议公告及其他内容。  （三）特别强调事项  公司股东既可参与现场投票，也可通过深圳证券交易所交易系统和互联网投 票系统参加网络投票。  三、现场股东大会会议登记及参加方法  （一）登记方式：股东可以亲自到公司证券部办理登记，也可以用信函或传 真方式登记。  股东办理参加现场会议登记手续时应提供下列材料：  1、个人股东：本人亲自出席的，出示本人有效身份证件、证券帐户卡、持 股凭证；委托代理人出席的，代理人出示本人有效身份证件、股东授权委托书、 证券帐户卡、持股凭证。  2、法人股东：法定代表人亲自出席的，出示本人有效身份证件、法定代表 人资格证书、证券帐户卡、持股凭证；委托代理人出席的，代理人出示本人有效 身份证件、法定代表人资格证书、法定代表人出具的书面授权委托书、证券帐户 卡、持股凭证。  ,中银绒业,
000982,2009-12-18,57411376,2009年第四次临时股东大会决议公告,https://static.cninfo.com.cn/finalpage/2009-12-18/57411376.PDF,cb75e7907fc1f0e1ce30dcea91e28ae599a4897c4f8a8086833a3f7272300896,131202,D:\动量策略\微盘股对冲策略\research_reports\20260926_l1_repair\st_timing\initial_2010_st\near_date_pdfs\000982_57411376.pdf,"宁夏中银绒业股份有限公司2009 年第四次临时股东大会决议公告    1 证券代码：000982      证券简称：中银绒业       公告编号：2009-52     宁夏中银绒业股份有限公司  2009 年第四次临时股东大会决议公告    本公司及其董事、监事、高级管理人员保证公告内容真实、准确和完整，公 告不存在虚假记载、误导性陈述或者重大遗漏。    重要提示：  1、本次会议无否决或修改提案的情况；  2、本次会议无新提案提交表决。    一、会议召开和出席情况  （一）召开时间：  现场会议召开时间为：2009年12月17日(星期四)下午14:00；  通过深圳证券交易所交易系统进行网络投票的具体时间为：  2009年12月17日上午9：30—11：30，下午13：00—15:00；  通过深圳证券交易所互联网投票系统投票的具体时间为：  2009年12月16日15：00 至2009年12月17日15：00 期间的任意时间。  （二）现场会议召开地点：  宁夏灵武市羊绒工业园区中银大道宁夏中银绒业股份有限公司二楼会议室  （三）召开方式：现场投票与网络投票相结合  （四）召集人：公司董事会  （五）主持人：董事长马生国先生  （六）会议的召开符合《公司法》、《上市公司股东大会规则》和公司《章 程》的有关规定。  （七）、出席本次股东大会的股东及股东代理人（以下统称股东）101人，代 表股份92,816,320股，占公司有表决权股份总数的55.91%。其中：参加本次股东  宁夏中银绒业股份有限公司2009 年第四次临时股东大会决议公告    2 大会现场会议的股东3人，代表股份数80,079,000股，占公司有表决权股份总数 的48.24%；通过网络投票的股东98人，代表股份数12,737,320股，占公司有表决 权股份总数的7.67%。  兴业律师事务所刘庆国、阎海滨律师到会见证。公司部分董事、监事及高管 列席了会议。  二、提案审议情况  股东大会以记名方式投票表决，并形成如下决议：  审议通过了关于向控股股东购买年产360吨羊绒针织纱生产线和羊绒信息大 厦资产暨关联交易的议案。  具体表决结果详见下表:    二．参会前十大股东表决情况                                                                       单位：股  名称  杨鹏程  周 葭  李赛华  吴杰华 孟令杰 李少华 黄远翔 周建英  兰仁科 王雪芬 所持 股数  1458995  1180000  1172255  1008764 779900 708900 640328 580000  534200 502900 1.00  同意  同意  同意  同意  同意  同意  同意  同意  同意  同意  注：关联股东宁夏中银绒业国际集团有限公司回避表决。  四、律师出具的法律意见  受公司委托，兴业律师事务所刘庆国、阎海滨律师现场见证了本次股东大会， 并出具了法律意见书，其结论性意见认为：公司本次大会的召集、召开程序、表 决方式符合《公司法》、《证券法》、《规则》及公司章程的规定，程序合法。本次 大会召集人资格合法有效；出席会议的人员资格合法有效。本次大会表决结果合 法有效。  表决情况  议案  表决  结果  同意（股）  占有效表 决股数比 例  反对（股） 占有效 表决股 数比例 弃权（股）  占有效表 决股数比 例  回避（股） 关于向控股股东购 买年产360吨羊绒针 织纱生产线和羊绒 大厦资产暨关联交 易的议案  通过  12792331  99.81％  23389  0.18％ 600  0.005％  80000000 ",中银绒业,
000982,2009-12-18,57411377,2009年第四次临时股东大会的法律意见书,https://static.cninfo.com.cn/finalpage/2009-12-18/57411377.PDF,04ec116df681e16c9cd1f489d3a3c9d35e128e626fb173b307d486f8e8ea0032,77896,D:\动量策略\微盘股对冲策略\research_reports\20260926_l1_repair\st_timing\initial_2010_st\near_date_pdfs\000982_57411377.pdf,"  1   兴业律师事务所  关于宁夏中银绒业股份有限公司  2009 年第四次临时股东大会的法律意见书            兴业书字（2009）第041 号    致：宁夏中银绒业股份有限公司    根据《中华人民共和国公司法》（下称“《公司法》”）、《中华人民共和国证券 法》（下称“《证券法》”）、《上市公司股东大会规则》（下称“《规则》”）和《深圳 证券交易所上市公司股东大会网络投票实施细则》（下称“《实施细则》”）等法律、 法规和规范性文件及宁夏中银绒业股份有限公司（下称“公司”）章程的要求，兴 业律师事务所（下称“本所”）接受公司委托，指派刘庆国、阎海滨律师出席公司 2009 年第四次临时股东大会（下称“本次大会”）。  为出具本法律意见书，本所律师对本次大会所涉及的有关事项进行了审查， 查阅了本所律师认为出具本法律意见书所必须查阅的文件，并对有关问题进行了 必要的核查和验证。  本所律师同意将本法律意见书同本次大会决议一起予以公告，并依法对本法 律意见书承担相应的责任。  根据《证券法》第二十条和《规则》第五条的要求，本所律师按照律师行业 公认的业务标准、道德规范和勤勉尽责精神，出具法律意见如下：  一、本次大会的召集、召开程序      本次大会由2009 年11 月27 日召开的公司第四届董事会第十九次会议决定召 开。召开本次大会的通知和催告通知分别于2009 年12 月1 日、2009 年12 月14 日在《证券时报》和巨潮资讯网（http://www.cninfo.com.cn）上公告披露。  公司董事会提请本次大会审议的议案为：  关于公司向控股股东购买年产360 吨羊绒针织纱生产线和羊绒大厦资产暨关 联交易的议案。     2 本所律师认为，公司董事会提交本次大会审议的议案符合《规则》的有关规 定，并已在本次大会的通知公告及催告通知公告中列明。本次大会由公司董事会 召集，公司董事长马生国先生主持本次大会，会议按照公告通知的召开时间、地 点、参加会议的方式和公司章程规定的召开程序进行。本次大会的召集、召开程 序符合《公司法》、《证券法》、《规则》及公司章程的规定。      二、本次大会出席会议人员的资格  根据《公司法》、《证券法》、《规则》及公司章程的规定、关于召开本次大会 的通知，出席本次大会的人员应为：  1、截至2009 年12 月9 日交易结束后在中国证券登记结算有限责任公司深圳 分公司登记在册的公司全体股东或其委托代理人。  2、公司董事、监事及高级管理人员。  3、公司聘请的律师。  经本所律师核查，出席本次大会现场会议的股东共计3 名，代表公司有表决 权股份数80,079,000 股，占公司有表决权股份总数的48.24％。  根据深圳证券信息有限公司提供的投票统计结果，参加本次大会网络投票的 股东98 人，代表有表决权股份数12,737,320 股，占公司有表决权股份总数的7.67 ％。  公司部分董事、监事、高级管理人员出席了会议。  本所律师认为，出席本次大会的股东及股东代理人的资格符合《公司法》、《证 券法》、《规则》及公司章程的规定，有权对提请本次大会审议的议案进行审议、 表决。  三、本次大会的表决程序和表决方式及表决结果  本次大会采取现场记名投票和网络投票的表决方式。  1、出席本次大会现场会议的股东以记名投票方式对会议通知公告中列明的审 议事项进行了表决。  2、本次大会的网络投票方式包括交易系统投票和互联网投票，网络投票结束 后，深圳证券信息有限公司向公司提供了本次大会网络投票有表决权股份数和表 决结果。  ",,
002002,2009-12-11,57386578,限售股份上市流通提示性公告,https://static.cninfo.com.cn/finalpage/2009-12-11/57386578.PDF,6755e83ea47217774fb513fd8c0c08af286127c4494029d9cfffb1ce30574356,139950,D:\动量策略\微盘股对冲策略\research_reports\20260926_l1_repair\st_timing\initial_2010_st\near_date_pdfs\002002_57386578.pdf,"  1 证券代码：002002          证券简称：*ST 琼花         公告编号：2009－085     江苏琼花高科技股份有限公司  限售股份上市流通提示性公告      本公司及董事会全体成员保证公告内容的真实、准确和完整，对公告的虚假记 载、误导性陈述或者重大遗漏负连带责任。      特别提示：    （一）本次限售股份可上市流通数量为30,000,000 股。    （二）本次限售股份可上市流通日为2009 年12 月14 日。      一、股权分置改革方案概述    （一）股权分置改革对价方案要点：    公司全体非流通股股东通过向方案实施的股权登记日登记在册流通股东按每 10 股流通股支付4.5 股股票对价，共支付1,350 万股股票给全体流通股股东，获得 其持有的非流通股的上市流通权。    （二）通过股权分置改革方案的股东大会日期、届次：    2005 年10 月17 日，公司股权分置改革相关股东会议审议通过股权分置改革方 案。    （三）股权分置改革方案实施日：2005 年10 月24 日。      二、本次限售股份可上市流通安排    （一）本次限售股份可上市流通时间为2009 年12 月14 日。    （二）本次可上市流通股份的总数30,000,000 股，占限售股份总数的40.55%、 无限售条件股份总数的32.29%和公司股份总数的17.98%。限售股份持有人本次限售 股份可上市流通情况如下：     2 股东名称  持有限售股 份数  本次可上市 流通股数  本次可上市 流通股数占 限售股份总 数的比例  本次可上市流 通股数占无限 售条件股份总 数的比例  本次可上市 流通股数占 公司股份总 数的比例  江苏琼花集团有 限公司  73,986,422  30,000,000 40.55% 32.29%  17.98% 合计  73,986,422  30,000,000 40.55% 32.29%  17.98% （三）本次可上市流通限售股份持有人江苏琼花集团有限公司共持有本公司 73,986,422 股股份，其中，本次可上市流通的30,000,000 股股份不存在质押冻结 情况，其余43,986,422 股股份处于质押、限售状态。详细情况见本公告当日刊登的 《关于控股股东持有公司股权解除司法冻结的公告》（临2009-083）、《关于控股股 东持有公司股权部分解除质押的公告》（临2009-084）。    三、本次可上市流通限售股份持有人在股权分置改革时做出的各项承诺及履行 情况  本公司限售股份持有人江苏琼花集团有限公司在股权分置改革过程中所作承诺 如下：  序号  限售股份持有人  承诺内容  承诺履行情况  1  江苏琼花集团有限 公司  （一）其持有的非流通股股份自获得上市流通 权之日起，在24 个月内不上市交易或者转让；  （二）在前项承诺期满后，通过交易所挂牌交 易出售股份，出售数量占公司股份总数的比例 在12 个月内不超过5%；  （三）承诺在公司股权分置改革期间，若其他 非流通股股东的股份发生质押、冻结等情况而 无法向流通股股东支付对价股份的情况，将代 其支付因质押、冻结而无法支付给流通股股东 的对价股份。  履行承诺  ",*ST,
002002,2009-12-22,57422687,关于控股股东减持股份及部分流通股股份被司法执行用于偿还债务暨解除违规担保进展情况的公告,https://static.cninfo.com.cn/finalpage/2009-12-22/57422687.PDF,00319fc105397c737915cddc939d6e1e96b34bf39c77222e78e671bc1e6d32db,119724,D:\动量策略\微盘股对冲策略\research_reports\20260926_l1_repair\st_timing\initial_2010_st\near_date_pdfs\002002_57422687.pdf," 1   证券代码：002002       证券简称：*ST 琼花        公告编号：临2009－086    江苏琼花高科技股份有限公司  关于控股股东减持股份及部分流通股股份被司法执行  用于偿还债务暨解除违规担保进展情况的公告    本公司及董事会全体成员保证公告内容的真实、准确和完整，对公告的虚假 记载、误导性陈述或者重大遗漏负连带责任。    2009 年12 月19 日，本公司收到控股股东江苏琼花集团有限公司（以下简称 “琼花集团”）书面通知：琼花集团于2009 年12 月17 日通过大宗交易系统减持 持有的本公司4,300,000 股无限售条件流通股（占本公司总股本2.58％）；扬州市 中级人民法院(以下简称“扬州中院”）、扬州市邗江区人民法院（以下简称“邗江 法院”）于2009 年12 月18 日向中国证券登记结算有限责任公司深圳分公司送达 《执行裁定书》，将琼花集团持有的本公司9,835,298 股无限售条件流通股（占本 公司总股本的5.89％）执行给17 名关联方债权人，用于偿还本公司违规担保相应 的债务。根据有关规定，现将详细情况公告如下：  一、控股股东减持股份情况  2009 年12 月17 日，琼花集团通过深圳证券交易所大宗交易系统减持持有的 本公司4,300,000 股无限售条件流通股，占本公司总股本2.58％，减持价格12.07 元/股，减持获得资金5,190.10 万元（含印花税、佣金）。上述大宗交易减持获得 的资金可足额偿还本公司违规担保除以股抵债外的3 笔债务。        二、股份被司法执行用于偿还债务情况  （一）法院主持调解情况    2   日前，本公司收悉1 份江苏省高级人民法院（以下简称“省高院”）《民事 调解书》、1 份扬州中院《民事调解书》。省高院、扬州中院主持调解2 名关联方 债权人与琼花集团、本公司等借款合同纠纷。经省高院和扬州中院调解，2 名关联 方债权人与琼花集团等达成以股抵债及以股抵债股票划拨至其股票账户之日起免 除本公司违规担保责任协议。  截至2009 年12 月18 日，省高院、扬州中院、邗江法院共主持调解17 名关 联方债权人与琼花集团、本公司、扬州威亨塑胶有限公司（以下简称“威亨公司”） 等借款合同纠纷并达成以股抵债及免除本公司、威亨公司违规担保责任协议（法 院主持调解其他15 名关联方债权人情况详见2009 年12 月5 日本公司披露的临 2009-081 号公告）。  （二）司法执行情况  2009 年12 月18 日，扬州中院、邗江法院向中国证券登记结算有限责任公司 深圳分公司送达《执行裁定书》（共18 份，涉及17 名关联方债权人），将琼花集 团持有本公司9,835,298 股无限售条件流通股（占本公司总股本的5.89％）执行 给上述17 名关联方债权人，用于偿还本公司违规担保相应的债务。截至2009 年 12 月21 日，上述股份司法执行工作已经完成。  本次大宗交易减持、司法执行前，琼花集团持有本公司73,986,422 股，占本 公司总股本的44.33％，其中无限售条件流通股30,000,000 股；本次大宗交易减 持、司法执行后，琼花集团持有本公司59,851,124 股，占本公司总股本的35.86 ％，其中无限售条件流通股15,864,702 股。    三、解除违规担保进展情况   （一）进展情况  根据琼花集团出具的承诺函，大宗交易减持获得的资金将优先、尽快偿还本 公司违规担保除以股抵债外的3 笔债务，其余以股抵债共17 笔债务已通过司法划 ",*ST,
002002,2009-12-22,57422688,关于重大资产重组进展情况的公告,https://static.cninfo.com.cn/finalpage/2009-12-22/57422688.PDF,a2f0b0b62335c9d64c36c09940de277d562aa467cd64fbaec230345fb460b788,109233,D:\动量策略\微盘股对冲策略\research_reports\20260926_l1_repair\st_timing\initial_2010_st\near_date_pdfs\002002_57422688.pdf, 1   证券代码：002002       证券简称：*ST 琼花        公告编号：临2009－087    江苏琼花高科技股份有限公司  关于重大资产重组进展情况的公告    本公司及董事会全体成员保证公告内容的真实、准确和完整，对公告的虚假 记载、误导性陈述或者重大遗漏负连带责任。    2009 年9 月21 日，本公司披露经第三届董事会第二十二次会议审议通过的《重 大资产出售及发行股份购买资产暨关联交易预案》，江苏省国信资产管理集团有限 公司（以下简称“国信集团”）拟对本公司进行重大资产重组。根据深圳证券交易 所的有关规定，现将本公司本次重大资产重组进展情况公告如下：    一、重大资产重组进展情况  （一）违规担保解除情况  该节内容详见本公告日披露的《江苏琼花高科技股份有限公司关于控股股东 减持股份及部分流通股股份被司法执行用于偿还债务暨解除违规担保进展情况的 公告》（临2009-086）。  （二）重组进展情况  目前，本公司及相关各方正在积极推进本次重大资产重组各项工作。中介机 构对重大资产重组参与方及交易标的的尽职调查工作已经结束，对交易标的的审 计、评估现场工作已结束，评估初步结果已上报江苏省国资委，目前备案有关工 作正在办理中。      2     二、特别提示  （一）本公司在发出审议本次重大资产重组事项的股东大会通知之前，董事 会每隔30 日就本次重大资产重组的最新进展情况予以公告。  （二）目前，未发现存在可能导致本公司董事会或者交易对方撤销、中止本 次重大资产重组方案或者对本次重大资产重组方案作出实质性变更的相关事项。  （三）风险提示  1.本次重大资产重组存在的审批风险  （1）本次交易标的资产价格经审计、评估确定后，需经本公司再次召开董事 会审议通过；  （2）本次重大资产重组注入资产的评估结果需在江苏省国资委完成备案；  （3）本次重大资产重组需得到江苏省国资委的批准；  （4）本次重大资产重组需经本公司股东大会审议通过；  （5）本次重大资产重组需得到中国证监会的核准。  2.本次重大资产重组存在的其他风险      本公司立案调查尚未结案可能对本次重大资产重组产生一定的影响。    综上，本公司本次重大资产重组事项尚存在不确定性，敬请广大投资者注意 投资风险。    特此公告。    ,*ST,
002002,2009-12-22,57422689,简式权益变动报告书,https://static.cninfo.com.cn/finalpage/2009-12-22/57422689.PDF,656f11aff87d282759ff23041e1c151d00986b156d2d0ec5cc83223a7af365f2,172520,D:\动量策略\微盘股对冲策略\research_reports\20260926_l1_repair\st_timing\initial_2010_st\near_date_pdfs\002002_57422689.pdf,  1   江苏琼花高科技股份有限公司  简式权益变动报告书    信息披露义务人保证本报告书不存在虚假记载、误导性陈述或重大遗漏， 并对其真实性、准确性、完整性承担个别和连带的法律责任。    上市公司名称：江苏琼花高科技股份有限公司  股票上市地点：深圳证券交易所  股票简称：*ST琼花  股票代码：002002    信息披露义务人名称：江苏琼花集团有限公司  通讯地址：江苏省扬州市邗江杭集镇  邮政编码：225111  股份变动性质：股份减少          简式权益变动报告书签署日期：二○○九年十二月二十一日     2 信息披露义务人声明    一、信息披露义务人依据《中华人民共和国证券法》（以下简称“证券 法”）、《上市公司收购管理办法》（以下简称“收购办法”）、《公开发行 证券公司信息披露内容与格式准则第15号—权益变动报告书》（以下简称“准 则15号”）及相关的法律、法规编写本报告书。  二、信息披露义务人签署本报告书已获得必要的授权和批准，其履行亦不 违反信息披露义务人章程或内部规则中的任何条款，或与之相冲突。  三、依据证券法、收购办法、准则15号的规定，本报告书已全面披露了信 息披露义务人在江苏琼花高科技股份有限公司中拥有权益的股份变动情况；  截至本报告书签署之日，除本报告书披露的信息外，上述信息披露义务人 没有通过任何其他方式增加或减少其在江苏琼花高科技股份有限公司中拥有权 益的股份。  四、本次权益变动是根据本报告所载明的资料进行的。信息披露义务人没 有委托或者授权其它任何人提供未在本报告书列载的信息和对本报告书做出任 何解释或者说明。 ,*ST琼花,
002002,2010-01-12,57494528,法律意见书,https://static.cninfo.com.cn/finalpage/2010-01-12/57494528.PDF,e4b158698c6883a7aa9813e8b306c76215e1e4740eed33a0e160d946363cc9fc,87455,D:\动量策略\微盘股对冲策略\research_reports\20260926_l1_repair\st_timing\initial_2010_st\near_date_pdfs\002002_57494528.pdf,"  北京市金洋律师事务所  北京市海淀区西三环北路72 号世纪经贸大厦B 座1901 室  邮政编码：100048                网址：http://www.jinyanglaw.com  电话：(8610)88820251                    传真：(8610)88820256  法律意见书  致：江苏琼花高科技股份有限公司  我们——北京市金洋律师事务所（以下简称“本所”）执业律师，贵公司此 次重大资产重组事宜之专项法律顾问。现根据贵公司之要求，就贵公司已披露的 违规担保是否已经解除之事项发表法律意见，并制作本法律意见书。      对于本次法律意见书，本所律师特作如下声明：  1、本次法律意见书，仅对贵公司已公开披露的16,035万元（人民币，下同） 违规担保发表律师意见。  2、本所律师发表意见依据的是贵公司提供的材料、所述事实及贵公司公开 披露的信息。贵公司已向本所律师保证所提供之材料及所述事实均真实有效。  3、本法律意见书所述之违规担保，包括违规担保、违规反担保及违规代偿 行为。除非分别表述说明，本法律意见书所述之违规担保包括以上三种行为。  4、本法律意见书所述之违规担保，包括贵公司及其贵公司的子公司为贵公 司的控股股东江苏琼花集团有限公司（以下称“琼花集团”）及其关联方的担保。  基于上述前提，本所律师根据相关法律及中国证券监督管理委员会《＜上市 公司证券发行管理办法＞第三十九条“违规对外提供担保且尚未解除”的理解和 适用》之规定，按照我国律师行业公认的业务标准、道德规范和勤勉尽责精神， 出具法律意见如下：       一、已获知之事实情况  根据贵公司提供之材料、所述事实及贵公司公开披露的信息可知：  1、贵公司2009年3月31日披露：违规担保总数为18,342.5万元，扣除关联方 已归还的907.5万元、已缴纳的保证金1,400万元，实际违规担保余额为16,035 万元。之后，贵公司未发现新增的违规担保。  2、16,035万元违规担保所涉及的主合同债权人共计20人，其中违规担保涉 及17人，违规反担保涉及2人，违规代偿行为涉及1人。  3、违规担保涉及的主合同债务的清偿情况：  （1）有17名主合同债权人通过起诉、法院主持下达成调解协议、强制执行 及司法划转股票的方式使其债权得以全部实现，即司法划转琼花集团持有的贵公 司的相应数额的股票抵偿对该等债权人的全部债务。中国证券登记结算有限责任 公司深圳分公司已出具司法过户证明。本所律师已对有关的债务和解协议书、民 事调解书及股票司法过户证明等材料进行了核查验证。  （2）有2名主合同债权人的债权亦得以全部实现，具体方式如下：琼花集团 通过大宗交易的方式减持其持有的贵公司的相应数额的股票，所得款项进入以江 苏省国信资产管理集团有限公司名义开立的专户，从该专户上向2名主合同债权 人支付所欠的全部款项。  （3）有1名主合同债权人的债权虽未实现，但贵公司的反担保责任业已免除， 具体方式如下：琼花集团通过大宗交易的方式减持其持有的贵公司的相应数额的 股票，所得款项进入以江苏省国信资产管理集团有限公司名义开立的专户，从该 专户上向主合同担保人支付其认可的款项，担保人承诺用此笔款项替主合同债务 人偿还债务，同时承诺解除贵公司的反担保责任。本所律师已核实验证了有关的 应还款数额的凭证、还款凭证及相关承诺。    ",,
002002,2010-01-12,57494529,关于为撤销退市风险警示采取的措施及有关工作进展情况的公告,https://static.cninfo.com.cn/finalpage/2010-01-12/57494529.PDF,bb09d6734227d7cd6fe65ffbe96f841aeacf3800f513c6ee39dcbb445d0b15c2,139675,D:\动量策略\微盘股对冲策略\research_reports\20260926_l1_repair\st_timing\initial_2010_st\near_date_pdfs\002002_57494529.pdf,"  1 证券代码：002002        证券简称：*ST 琼花       公告编号：临2010－001    江苏琼花高科技股份有限公司  关于为撤销退市风险警示采取的措施及有关工作进展情况的公告    本公司及董事会全体成员保证公告内容的真实、准确和完整，对公告的虚假 记载、误导性陈述或者重大遗漏负连带责任。    因公司存在以下情形，根据《深圳证券交易所股票上市规则》、《中小企业板 股票暂停上市、终止上市特别规定》等有关规定，公司股票交易自2009 年5 月 4 日起实行退市风险警示（*ST）。  （一）、公司2007 年和2008 年连续两年经审计净利润为负。  （二）、2008 年度被注册会计师出具了无法表示意见的审计报告，且情形严 重。      （三）、2008 年度的审计结果显示公司对外担保余额16,035 万元（不含对 合并报表的子公司提供担保）超过1 亿元且占净资产值的100%以上。  为消除上述不利因素，董事会要求公司在违规担保、诉讼、生产经营等方面 采取一定的措施，现将有关事项进展情况公告如下：    一、违规担保方面   2009 年12 月17 日，本公司控股股东江苏琼花集团有限公司（以下简称“琼 花集团”）通过大宗交易系统减持持有的本公司4,300,000 股股份，减持获得的 资金用于偿还本公司违规担保除以股抵债外的3 笔债务【减持及其他17 笔债务 偿还情况详见：2009 年12 月22 日，本公司披露的《江苏琼花高科技股份有限    2 公司关于控股股东减持股份及部分流通股股份被司法执行用于偿还债务暨解除 违规担保进展情况的公告》（临2009-086）】，以股抵债外的3 笔债务清偿及违规 担保解除详细情况如下：      （一）以股抵债外的3 笔债务清偿情况  2009 年12 月25 日，根据五方签署的《关于江苏琼花集团有限公司减持3000 万股*ST 琼花股票所得资金专项使用及监管承诺函》的规定，经江苏省国信资产 管理集团有限公司、光大证券股份有限公司、北京君之创投资咨询有限公司、琼 花集团签字认可后，减持资金存储的银行分别向江苏中金鼎信投资担保有限责任 公司、扬州烟花三月日化有限公司、扬州市区农村信用合作联社李典信用社支出 550 万元、2,750 万元、1,053.10 万元。  至此，本公司已披露的直接或间接对关联方借款提供担保涉及金额16,035 万元的违规担保责任已完全解除。针对该事项，本公司聘请的北京市金洋律师事 务所发表法律意见。      （二）北京市金洋律师事务所法律意见结论性意见  从法理上说，担保制度的设立，就是为了保证主合同债务的履行，保证主合 同债权的实现。借款合同属于主合同，担保合同属于从合同，借款合同的债务得 以完全清偿，则担保合同所担保的事项不复存在，担保人因担保合同所产生的责 任则彻底解除。  涉及19名主合同债权人的违规担保，琼花集团通过以股抵债或用减持股票款 向主债权人予以偿还，此事实的法律后果是相关主合同债务人的债务因清偿事实 而消灭，因而：公司因承诺代偿行为而产生的责任已得以彻底解除；公司因违规 担保及反担保行为所产生或可能产生的责任已得以彻底免除。  涉及1名主合同债权人的违规担保（反担保），因琼花集团已将相应款项汇付 给担保方，担保方承诺用此笔款项替主合同债务人偿还债务，同时明确承诺解除 ",*ST,
002013,2009-11-24,57323076,第四届监事会第一次会议决议公告,https://static.cninfo.com.cn/finalpage/2009-11-24/57323076.PDF,a47225eb40ce505c65eafa760ac167121a962af7681030b2f44bdb1bb7adad75,56077,D:\动量策略\微盘股对冲策略\research_reports\20260926_l1_repair\st_timing\initial_2010_st\near_date_pdfs\002013_57323076.pdf,  证券代码：002013              证券简称：中航精机              公告编号：2009-035    湖北中航精机科技股份有限公司  第四届监事会第一次会议决议公告  本公司及监事会全体成员保证公告内容的真实、准确和完整，没有虚假记载、 误导性陈述或者重大遗漏。  湖北中航精机科技股份有限公司（下称“公司”） 监事会于2009 年11 月16 日以邮件形式发出第四届监事会第一次会议通知，并于2009 年11 月23 日上午 在襄樊市汉江国际大酒店三楼会议室召开现场会议。本次会议应出席监事5 人， 亲自出席会议监事5 人，会议由公司监事鲁猷余先生主持。本次会议的召开和表 决程序符合《公司法》和《公司章程》的有关规定。经表决，会议作出如下决议：  会议以赞成5 票，反对0 票，弃权0 票，审议通过了《关于选举公司第四 届监事会主席》，选举鲁猷余先生担任公司第四届监事会主席职务，任期三年， 自本次董事会审议通过之日起。    特此公告。          湖北中航精机科技股份有限公司监事会  2009 年11 月24 日  ,中航精机,
002013,2009-11-24,57323077,2009年第二次临时股东大会的法律意见书,https://static.cninfo.com.cn/finalpage/2009-11-24/57323077.PDF,9ea9a4582a2ef421824c26252adbf0f41b966015cabdb92baab386e7df059e4d,130246,D:\动量策略\微盘股对冲策略\research_reports\20260926_l1_repair\st_timing\initial_2010_st\near_date_pdfs\002013_57323077.pdf,"  1 通 商 律 師 事 務 所  Commerce & Finance Law Offices  中國北京市朝阳区建国门外大街甲12号新华保险大厦6层 邮编: 100022  電話: 8610-65693399  傳真: 8610-65693838, 65693836, 65693837, 65693839  电子邮件: beijing@tongshang.com  网址: www.tongshang.com.cn    关于湖北中航精机科技股份有限公司  2009 年第二次临时股东大会的  法律意见书    致： 湖北中航精机科技股份有限公司    受湖北中航精机科技股份有限公司（以下简称“公司”）聘请，北京市通商 律师事务所指派张晓彤律师出席了公司2009 年第二次临时股东大会，并依据《中 华人民共和国公司法》（以下简称“《公司法》”）、《中华人民共和国证券法》（以 下简称“《证券法》”）、中国证监会关于《上市公司股东大会规则》（以下简称“《股 东大会规则》”）及《公司章程》的规定，我们对本次股东大会所涉及的有关事项 进行了审查，查阅了本所律师认为出具法律意见所必须查阅的文件，并同意将本 法律意见随本次股东大会决议一起予以公告，依法对本法律意见书承担相应的责 任。    本所律师根据《证券法》第十三条和《股东大会规则》第五条的要求，按照 律师行业公认的业务标准、道德规范和勤勉尽责精神，对公司提供的有关文件和 有关事项进行了核查和验证，列席了公司2009 年第二次临时股东大会，现出具 法律意见如下：    一、本次股东大会召集、召开的程序    经本所律师查验，公司本次临时股东大会由公司董事会提议并召集。并于 2009 年11 月7 日于《证券时报》和巨潮资讯网（http://www.cninfo.com.cn） 登载了将于2009 年11 月23 日上午9：00 召开2009 年第二次临时股东大会的公 告。2009 年11 月23 日本次临时股东大会在襄樊市如期举行。提请本次临时股 东大会审议的议案是：    1、审议《关于公司董事会换届选举的议案》；   2、审议《关于公司监事会换届选举的议案》；         3、审议《关于修改公司章程的议案》。       2 经审查，以上提案符合《股东大会规则》的有关规定，并已经本次股东大会 通知公告中列明，议案内容已充分批露。本次股东大会没有对会议通知未列明的 事项进行表决。本次股东大会按照公告的召开时间、召开地点参加会议的方式和 《公司章程》规定的召开程序召开。    二、本次股东大会的召集人及出席会议人员的资格    根据《公司法》、《证券法》、《公司章程》及本次股东大会的通知，本次股东 大会的召集人为董事会，出席本次股东大会的人员应为：    1、截止2009 年11 月18 日下午收市后，在中国证券登记结算有限责任公司 深圳分公司登记在册的公司股东或其委托的代理人。    2、公司董事、监事、高级管理人员及公司聘请的律师。    经大会召集人公司董事会及本所律师根据中国证券登记结算有限责任公司 深圳分公司提供的股东名册查验出席凭证，截止2009 年11 月23 日上午9：00， 出席本次股东大会的公司股东及股东代理人共计5 人，持股数共计48,937,570 股，占公司股东持股总数的38.08%，股东及股东代理人的资格符合《公司法》、 《证券法》及《公司章程》的规定，有权对本次股东大会的议案进行审议和表决。    本次临时股东大会的召集人为公司董事会，其资格合法有效。    三、出席本次临时股东大会的股东没有提出新的议案    四、本次股东大会的表决程序    经查验，本次临时股东大会按照法律、法规和公司章程规定的表决程序进行 表决。采取记名方式，就各项议案进行了逐项投票表决，由由一名监事和两名股 东代表进行了监票和清点，并当场公布了表决结果，出席会议的股东和股东代理 人对表决结果没有提出异议。对《公司章程》的修改议案经出席会议的股东所持 表决权三分之二以上通过；关于选举董事和选举监事的议案，采用累积投票制， 按照董事候选人和监事候选人最终得票多少来确定（表决结果见本次临时股东大 会决议公告）。    五、结论意见    综上所述，本所律师认为：公司本次股东大会的召集、召开程序符合法律、 法规和公司章程的有关规定；召集人及出席会议人员的资格合法有效；表决程序 符合法律、法规和《公司章程》的规定；本次股东大会通过的决议合法、有效。    本法律意见书一式贰份。      ",,
002013,2009-11-24,57323078,公司章程（2009年11月）,https://static.cninfo.com.cn/finalpage/2009-11-24/57323078.PDF,bfb56df4ef1e7e9b06ace9e157330b71e6399129c9ca219b85f3740cfd694366,270907,D:\动量策略\微盘股对冲策略\research_reports\20260926_l1_repair\st_timing\initial_2010_st\near_date_pdfs\002013_57323078.pdf,湖北中航精机科技股份有限公司章程    1            湖北中航精机科技股份有限公司        公  司  章  程                （经公司2009年第二次临时股东大会审议通过）     湖北中航精机科技股份有限公司章程    2    目  录  第一章  总 则................................................... 3  第二章  经营宗旨和范围.......................................... 4  第三章  股 份................................................... 4  第一节 股份发行....................................................................................................................................4  第二节 股份增减和回购........................................................................................................................5  第三节 股份转让....................................................................................................................................6  第四章  股东和股东大会.......................................... 6  第一节  股东...........................................................................................................................................6  第二节  股东大会的一般规定...............................................................................................................9  第三节  股东大会的召集................................................................................................................ ….11  第四节  股东大会提案与通知.............................................................................................................12  第五节  股东大会的召开.....................................................................................................................13  第六节  股东大会的表决和决议.........................................................................................................16  第五章  董事会................................................. 19  第一节  董 事.......................................................................................................................................19  第二节  董事会.....................................................................................................................................22  第三节  独立董事.................................................................................................................................26  第四节  董事会专业委员会.................................................................................................................30  第五节  董事会秘书.............................................................................................................................31  第六章  总经理及其他高级管理人员............................... 32  第七章  监事会................................................. 34  第一节  监  事...................................................................................................................................34  第二节  监事会.....................................................................................................................................34  第八章  财务会计制度、利润分配和审计........................... 35  第一节 财务会计制度..........................................................................................................................35  第二节 内部审计..................................................................................................................................37  第三节 会计师事务所的聘任..............................................................................................................37  第九章   通知和公告............................................... 37  第一节 通知..........................................................................................................................................37  第二节 公告..........................................................................................................................................38  第十章 合并、分立、增资、减资、解散和清算......................... 38  第一节 合并、分立、增资和减资.......................................................................................................38  第二节 解散和清算..............................................................................................................................39  第十一章 修改章程................................................. 40  第十二章  附则.................................................... 41  ,,
002013,2009-11-24,57323079,独立董事关于聘任高级管理人员的意见,https://static.cninfo.com.cn/finalpage/2009-11-24/57323079.PDF,a55685a3a8e544a987f97caed940495103a68418bdc648f0f5bbbf317f764427,49071,D:\动量策略\微盘股对冲策略\research_reports\20260926_l1_repair\st_timing\initial_2010_st\near_date_pdfs\002013_57323079.pdf,  湖北中航精机科技股份有限公司  独立董事关于聘任高级管理人员的意见    湖北中航精机科技股份有限公司独立董事认真审阅了公司聘任高级管理人员的 各项议案，现对此发表如下意见：  1、本次公司总经理的聘任程序符合有关法律法规的规定，我们同意聘任雷自 力为公司总经理。  2、本次公司副总经理的聘任程序符合有关法律法规的规定，我们同意聘任黄 正坤、刘国建、万方斌、胡昱敏、张晓洁为公司副总经理。  3、本次公司董事会秘书的聘任程序符合有关法律法规的规定，同意聘任张晓 洁为公司董事会秘书。  4、本次公司财务负责人的聘任程序符合有关法律法规的规定，同意聘任胡昱 敏为公司财务负责人。            独立董事：张卓、骆祚炎、姜海华                                                                 2009年11月23日    ,,
002071,2009-12-29,57446487,独立董事候选人声明（龚伟）,https://static.cninfo.com.cn/finalpage/2009-12-29/57446487.PDF,0009a61171052288645b6e4124ecb3747a4b68499f694ea70a863e0ecffb5ecd,81089,D:\动量策略\微盘股对冲策略\research_reports\20260926_l1_repair\st_timing\initial_2010_st\near_date_pdfs\002071_57446487.pdf,  江苏宏宝五金股份有限公司独立董事候选人声明   声明人龚伟，作为江苏宏宝五金股份有限公司第三届董事会独立 董事候选人，现公开声明和保证，本人与江苏宏宝五金股份有限公司 之间不存在任何影响本人独立性的关系，具体声明如下：   一、最近一年内，本人及本人直系亲属、主要社会关系不在该公 司及其附属企业任职，本人及本人直系亲属也不在该公司控股股东、 实际控制人及其附属企业任职；  二、最近一年内，本人及本人直系亲属没有直接或间接持有该公 司1%以上的已发行股份；  三、最近一年内，本人及本人直系亲属不是该公司前十名股东；  四、最近一年内，本人及本人直系亲属不在直接或间接持有该公 司5%以上已发行股份的股东单位任职；  五、最近一年内，本人及本人直系亲属不在该公司实际控制人、 控股股东的附属企业任职；  六、最近一年内，本人及本人直系亲属不在该公司前五名股东单 位任职；  七、最近一年内，本人不是为该公司或其附属企业、或该公司控 股股东提供财务、法律、管理咨询、技术咨询等服务的人员；  八、最近一年内，本人不是在为该公司提供审计、咨询、评估、 法律、承销等服务的机构任职的人员，或虽在该等机构任职但并未参 与对该公司相关中介服务项目且不是该机构的主要负责人或合伙人；  九、本人不在与该公司及其附属企业或者该公司控股股东及其附 属企业具有重大业务往来的单位任职，也不在该等有业务往来单位的 控股股东单位任职；     十、本人不是在该公司贷款银行、供货商、经销商单位任职的人 员；  十一、本人没有从该上市公司及其主要股东或有利害关系的机构 和人员取得额外的、未予披露的其他利益；  十二、本人不属于国家公务员或担任独立董事不违反《中华人民 共和国公务员法》相关规定；  十三、本人不是党的机关、人大机关、政府机关、政协机关、审 判机关、检察机关等其他列入依照、参照公务员制度管理的机关、单 位的现职中央管理干部；  十四、本人不是已经离职和退（离）休后三年内，且拟在与本人 原工作业务直接相关的上市公司任职的中央管理干部；  十五、本人不是已经离职和退（离）休后三年内，且拟任独立董 事职务未按规定获得本人原所在单位党组（党委）及中央纪委、中央 组织部同意的中央管理干部；  十六、本人不是已经离职和退（离）休后三年后，且拟任独立董 事职务未按规定向本人所在单位党组（党委）报告并备案的中央管理 干部；  十七、本人不是已经离职和退（离）休后三年内，且在原任职务 管理地区和业务范围内外商持股占25%以上公司内任职的人员；  十八、本人不存在《中华人民共和国公司法》第一百四十七条规 定不得担任公司董事情形；  十九、本人已经按照中国证监会《上市公司高级管理人员培训工 作指引》的规定取得独立董事资格证书；  二十、本人符合该公司章程规定的任职条件；  ,,
002071,2009-12-29,57446488,独立董事对相关事项的独立意见,https://static.cninfo.com.cn/finalpage/2009-12-29/57446488.PDF,d02591c350e64516f12c9d2d3e8135e02053bef576599db47aedfc30fbef6e58,74669,D:\动量策略\微盘股对冲策略\research_reports\20260926_l1_repair\st_timing\initial_2010_st\near_date_pdfs\002071_57446488.pdf,"  江苏宏宝五金股份有限公司  独立董事对相关事项的独立意见    根据中国证监会《关于在上市公司建立独立董事制度的指导意见》、《深圳 证券交易所中小企业板块上市公司董事行为指引》、《公司章程》等有关规定， 作为江苏宏宝五金股份有限公司（以下简称“公司”）的独立董事，本着对公司、 全体股东及投资者负责的态度，对公司第三届董事会第十八次会议审议的相关事 项认真审议后，发表独立意见如下：    一、关于为全资子公司提供担保的独立意见  江苏宏宝锻造有限公司（以下简称“锻造公司”）系本公司的全资子公司， 公司拟为锻造公司提供不超过人民币一亿元的贷款信用担保，有利于江苏宏宝锻 造有限公司提高资金周转效率，担保的决策程序，符合相关法律、法规和规范性 文件以及《公司章程》的有关规定，不存在损害公司和股东、特别是中小股东利 益的行为。我们同意将《关于为江苏宏宝锻造有限公司提供担保的议案》提交 2010年第一次临时股东大会审议。    二、关于公司使用闲置募集资金暂时补充流动资金独立董事意见  公司拟在前次用于暂时补充流动资金的募集资金归还后，再次将不超过 8,800万元闲置募集资金暂时补充流动资金，使用期限不超过6个月，这有利于提 高募集资金的使用效率、减少财务费用支出，符合全体股东的利益。公司以部分 闲置募集资金短期暂时补充流动资金没有与募集资金投资项目的实施计划相抵 触，不影响募集资金投资项目的正常进行，也不存在变相改变募集资金投向、损 害公司股东利益的情形。我们同意将《关于继续使用闲置募集资金暂时补充流动 资金的议案》提交2010年第一次临时股东大会审议。    三、对提名独立董事候选人的独立意见  鉴于公司现任独立董事黄雄先生因连续担任公司独立董事的时间已满六年， 其已向董事会递交了请求辞去公司独立董事的书面申请，在黄雄先生辞职后，公    司需要重新聘任一名独立董事。公司董事会已向我们提交了独立董事候选人龚伟 先生的资料，我们在审阅有关文件的同时，就相关情况向公司进行了询问，我们 认为：  本次提名是在充分了解被提名人身份、学历、职业、专业素养等情况的基础 上进行的，并已征得被提名人本人的同意，该候选人提名程序符合有关规定，被 提名人具备担任公司独立董事的资格和能力。未发现有《公司法》、《公司章程》 规定的不得担任公司董事的情形，亦不存在被中国证监会确定为市场禁入者且尚 未解除的情况。  我们同意提名龚伟先生作为独立董事候选人。    独立董事：黄雄  张洪发  周继华                       二○○九年十二月二十八日    ",,
002071,2009-12-29,57446489,独立董事提名人声明,https://static.cninfo.com.cn/finalpage/2009-12-29/57446489.PDF,f2ab5a4507104b8354b348530d1647d0e07c3038bac4608b14c92d2b91c37eaa,77765,D:\动量策略\微盘股对冲策略\research_reports\20260926_l1_repair\st_timing\initial_2010_st\near_date_pdfs\002071_57446489.pdf,  江苏宏宝五金股份有限公司  独立董事提名人声明  提名人江苏宏宝五金股份有限公司董事会现就提名龚伟为江苏 宏宝五金股份有限公司第三届董事会独立董事候选人发表公开声明， 被提名人与江苏宏宝五金股份有限公司之间不存在任何影响被提名 人独立性的关系，具体声明如下：  本次提名是在充分了解被提名人职业、学历、职称、详细的工作 经历、全部兼职等情况后作出的，被提名人已书面同意出任江苏宏宝 五金股份有限公司第三届董事会独立董事候选人，提名人认为被提名 人：  一、根据法律、行政法规及其他有关规定，具备担任上市公司董 事的资格；  二、符合江苏宏宝五金股份有限公司章程规定的任职条件；  三、具备中国证监会《关于在上市公司建立独立董事制度的指导 意见》等规定所要求的独立性：  （一）被提名人及其直系亲属、主要社会关系均不在江苏宏宝五 金股份有限公司及其附属企业任职，被提名人及其直系亲属也不在该 上市公司控股股东、实际控制人及其附属企业任职；  （二）被提名人及其直系亲属不是直接或间接持有江苏宏宝五金 股份有限公司已发行股份1%的股东，也不是该上市公司前十名股东中 自然人股东；  （三）被提名人及其直系亲属不在直接或间接持有江苏宏宝五金 股份有限公司已发行股份5%以上的股东单位任职，也不在该上市公司 前五名股东单位任职；     （四）被提名人不是为江苏宏宝五金股份有限公司或其附属企 业、江苏宏宝五金股份有限公司控股股东提供财务、法律、管理咨询、 技术咨询等服务的人员；  （五）被提名人在最近一年内不具有上述四项所列情形；  （六）被提名人不在与江苏宏宝五金股份有限公司及其附属企业 或者江苏宏宝五金股份有限公司控股股东及其附属企业具有重大业 务往来的单位任职，也不在该等有业务往来单位的控股股东单位任 职。  四、被提名人不是国家公务员或担任独立董事不违反《公务员法》 的相关规定；  五、被提名人不是党的机关、人大机关、政府机关、政协机关、 审判机关、检察机关等其他列入依照、参照公务员制度管理的机关、 单位的现职中央管理干部；  六、被提名人不是已经离职和退（离）休后三年内，且拟在与本 人原工作业务直接相关的上市公司任职的中央管理干部；  七、被提名人不是已经离职和退（离）休后三年内，且拟任独立 董事职务未按规定获得本人原所在单位党组（党委）及中央纪委、中 央组织部同意的中央管理干部；  八、被提名人不是已经离职和退（离）休后三年后，且拟任独立 董事职务未按规定向本人所在单位党组（党委）报告并备案的中央管 理干部；  九、被提名人不是已经离职和退（离）休后三年内，且在原任职 务管理地区和业务范围内外商持股占25%以上公司内任职的人员；  十、包括江苏宏宝五金股份有限公司在内，被提名人兼任独立董 ,,
002071,2009-12-30,57452023,关于签署《房屋拆迁补偿协议书》的公告,https://static.cninfo.com.cn/finalpage/2009-12-30/57452023.PDF,4028745017aadfd496e6aa898bfc7d8b980da44169b65e64bcfda8247108f777,68750,D:\动量策略\微盘股对冲策略\research_reports\20260926_l1_repair\st_timing\initial_2010_st\near_date_pdfs\002071_57452023.pdf,"  证券代码： 002071      证券简称：江苏宏宝     公告编号：2009- 051    江苏宏宝五金股份有限公司  关于签署《房屋拆迁补偿协议书》的公告    本公司及监事会全体成员保证公告内容的真实、准确和完整，没有虚假记 载、误导性陈述或者重大遗漏。  根据张家港市朝东圩港河道拓宽项目建设需要，对规划红线内的所有房屋及 附属物实施拆迁，公司部分厂房将被拆迁，部分土地将被征用。根据有关拆迁政 策规定，公司近日与张家港市水利局就房屋拆迁补偿事项达成协议，签署了《房 屋拆迁补偿协议书》。  一、协议书主要条款  1、拆迁房屋建筑面积为3,347.90 ㎡，土地使用权面积为6,643.90 ㎡。  2、根据有关拆迁政策，张家港市水利局对本公司补偿总金额为962.28 万元。  二、该协议对公司的影响  1、公司已经做好了拆迁前期准备工作，调整了募集资金项目计划，对原机 加工车间等进行了重新调整布局，因此上述拆迁事项不会影响公司的正常生产经 营。  2、本次拆迁涉及的资产账面净值为340.07 万元，拆迁补偿款为962.28 万 元，差额为622.21 万元,财务账面暂列作“专项应付款”科目，扣除公司已经列 支和将要发生的拆迁费用后进入“资本公积”科目。  3、本公司在2009年10月21日披露的《2009年度第三季度报告》中预计2009 年度的净利润为0至500万元，本次拆迁补贴不会影响对2009年度的业绩预测。  截至公告日，公司已收到张家港市大新镇财政集中收付中心支付的上述拆迁 补偿款中的288.68 万元，余款待公司房屋拆除后收回。    特此公告。  江苏宏宝五金股份有限公司董事会  2009 年12 月30 日  ",江苏宏宝,
002071,2010-01-13,57502318,关于使用流动资金归还募集资金的公告,https://static.cninfo.com.cn/finalpage/2010-01-13/57502318.PDF,3c168910608652510c5ed2f100103caf3c383f905a83cd03cb9a686bbacfbeba,55766,D:\动量策略\微盘股对冲策略\research_reports\20260926_l1_repair\st_timing\initial_2010_st\near_date_pdfs\002071_57502318.pdf,"  证券代码： 002071     证券简称：江苏宏宝     公告编号：2010-001    江苏宏宝五金股份有限公司  关于使用流动资金归还募集资金的公告    本公司及董事会全体成员保证公告内容的真实、准确和完整，对公告的虚  假记载、误导性陈述或者重大遗漏负连带责任。    2009年7月15日召开的公司2009年第三次临时股东大会审议通过了《关于 继续使用闲置募集资金暂时补充流动资金的议案》，批准公司运用募集资金8,800 万元补充流动资金，使用期限从2009年7月16日起到2010年1月15日止，详细内 容请见2009年7月16日《证券时报》、《证券日报》、《中国证券报》及巨潮网 （www.cninfo.com.cn）《关于使用闲置募集资金暂时补充流动资金的公告》。  根据上述决议，截止2010年1月12日，公司实际运用募集资金8,570万元补 充流动资金，其中公司实际运用募集资金5,570万元补充流动资金，公司全资子 公司江苏宏宝锻造有限公司实际运用募集资金3,000万元补充流动资金。公司于 2010年1月11日及2010年1月12日分别以流动资金1,800万元和3,770万元归还 募集资金，公司全资子公司江苏宏宝锻造有限公司于2010年1月12日以流动资金 3,000万元归还募集资金。截止2010年1月12日，上述资金合计8,570万元全部转 入募集资金专用账户。    特此公告。        江苏宏宝五金股份有限公司董事会                                                  二○一○年一月十三日  ",江苏宏宝,
002113,2009-10-30,57228137,2009年第三季度报告,https://static.cninfo.com.cn/finalpage/2009-10-30/57228137.PDF,637011454803f582176476ff20372004dab539c65ff28f0bb48d572b955f0b7b,152910,D:\动量策略\微盘股对冲策略\research_reports\20260926_l1_repair\st_timing\initial_2010_st\near_date_pdfs\002113_57228137.pdf,"湖南天润化工发展股份有限公司2009 年第三季度季度报告全文  1  湖南天润化工发展股份有限公司2009 年第三季度季度报告全文  §1 重要提示  1.1 本公司董事会、监事会及董事、监事、高级管理人员保证本报告所载资料不存在任何虚假记载、 误导性陈述或者重大遗漏，并对其内容的真实性、准确性和完整性负个别及连带责任。  1.2 公司第三季度财务报告未经会计师事务所审计。  1.3 公司负责人林军华、主管会计工作负责人戴浪涛及会计机构负责人(会计主管人员)刘客仁声明： 保证季度报告中财务报告的真实、完整。  §2 公司基本情况  2.1 主要会计数据及财务指标  单位：（人民币）元    2009.9.30  2008.12.31  增减幅度（％）  总资产（元）  642,404,255.81 708,837,777.52  -9.37% 归属于上市公司股东的所有者权益（元）  406,425,685.01 434,752,777.13  -6.52% 股本（股）  118,400,000.00 118,400,000.00  0.00% 归属于上市公司股东的每股净资产（元/ 股）  3.43 3.67  -6.54%     2009 年7-9 月  比上年同期增减 （％）  2009 年1-9 月  比上年同期增减 （％）  营业总收入（元）  70,261,503.38 -23.82% 281,049,469.42  33.89% 归属于上市公司股东的净利润（元）  -20,093,975.14 -432.73% -29,900,507.20  -404.70% 经营活动产生的现金流量净额（元）  -  -  104,563,888.88  每股经营活动产生的现金流量净额（元/ 股）  -  -  0.8831  368.12% 基本每股收益（元/股）  -0.170 -433.33% -0.253  -404.82% 稀释每股收益（元/股）  -0.170 -433.33% -0.253  -404.82% 净资产收益率（%）  -4.94% -6.31% -7.36%  -9.59% 扣除非经常性损益后的净资产收益率 （%）  -4.95% -6.36% -7.79%  -9.48% 单位：（人民币）元  非经常性损益项目  年初至报告期末金额  附注  计入当期损益的政府补助，但与公司正常经营业务密切相关，符合 国家政策规定、按照一定标准定额或定量持续享受的政府补助除外 1,435,000.00  除上述各项之外的其他营业外收入和支出  344,170.31  合计  1,779,170.31  -   湖南天润化工发展股份有限公司2009 年第三季度季度报告全文  2  2.2 报告期末股东总人数及前十名无限售条件股东持股情况表  单位：股  报告期末股东总数（户）  14,623 前十名无限售条件流通股股东持股情况  股东名称（全称）  期末持有无限售条件流通股的数量  种类  中国农业银行－中邮核心成长股票型证券投 资基金  5,899,784 人民币普通股  湖南省三和园林绿化工程有限公司  777,244 人民币普通股  张少特  703,618 人民币普通股  徐雪梅  538,278 人民币普通股  徐秀英  523,559 人民币普通股  万年红  334,766 人民币普通股  世新科技创业投资有限公司  308,950 人民币普通股  袁隆平农业高科技股份有限公司  307,700 人民币普通股  申学军  300,000 人民币普通股  史小兰  287,829 人民币普通股  §3 重要事项  3.1 公司主要会计报表项目、财务指标大幅度变动的情况及原因  □ 适用 √ 不适用  3.2 重大事项进展情况及其影响和解决方案的分析说明  1. 公司是否存在向控股股东或其关联方提供资金、违反规定程序对外提供担保的情况；  公司不存在向控股股东或其关联方提供资金及违反规定程序对外提供担保的情况。  2.公司大股东及其一致行动人提出或实施股份增持计划的情况；  公司大股东及其一致行动人未提出或实施股份增持计划的情况。  3.日常经营重大合同的签署和履行情况；  公司于2009 年8 月16 日与中国农业发展银行岳阳市分行签订了总额10，000 万元的化肥储备贷款合同，合同正在履行中。 4. 2008 年度非标准无保留审计意见涉及事项的解决情况；  无    3.3 公司、股东及实际控制人承诺事项履行情况  √ 适用 □ 不适用  承诺事项  承诺内容  履行情况  股改承诺  无  无  股份限售承诺  无  无  收购报告书或权益变动报告书中所作承 诺  无  无  重大资产重组时所作承诺  2009 年8 月31 日，市国资委出 具《关于湖南金叶肥料有限责任 公司国有股权收购有关问题的 该重大重组事项尚在进行中。  ",,
002113,2009-11-04,57251225,重大资产重组事项进展公告,https://static.cninfo.com.cn/finalpage/2009-11-04/57251225.PDF,0f7a2ea64e9385a1fa4a0a6dc8d15b502b871636f0fd7dfcf64383b64338d92a,60561,D:\动量策略\微盘股对冲策略\research_reports\20260926_l1_repair\st_timing\initial_2010_st\near_date_pdfs\002113_57251225.pdf,  证券代码：002113                   证券简称：天润发展                    公告编号：2009-030  湖南天润化工发展股份有限公司  重大资产重组事项进展公告  本公司及其董事、监事、高级管理人员保证公告内容真实、准确和完整，并对公告 中的虚假记载、误导性陈述或者重大遗漏承担责任。  特别提示：  1、截至目前，本次重大资产重组交易还尚未获得岳阳市国资委的批准和湖南省国资 委同意以协议方式转让标的股权的批准。  2、截至目前，本次重大资产重组事项不存在可能导致本公司董事会或者交易对方撤 销、中止本次重大资产重组方案或者对本次重大资产重组方案作出实质性变更的相关事 项。  本公司已于2009 年9 月22 日召开第八届第十三次董事会，审议通过了重大资产重组 预案等议案。现重大资产重组事项相关程序正在进行中，进展情况如下：  1、本次重大资产重组的相关审计机构已经进场开展审计工作；  2、本次重大资产重组的相关评估机构已经进场开展评估工作；  3、因还不能确定交易标的销售烟草专用肥业务合同能否延续过去的定价方法，目前 盈利预测尚未完成。  特此公告。  湖南天润化工发展股份有限公司董事会   二〇〇九年十一月三日  ,天润发展,
002113,2009-12-04,57361820,重大资产重组事项进展公告,https://static.cninfo.com.cn/finalpage/2009-12-04/57361820.PDF,1cb1226e230eba1b40a7915c39915a88915f233b5ae705c7c6ce879a0fbb2b7a,60590,D:\动量策略\微盘股对冲策略\research_reports\20260926_l1_repair\st_timing\initial_2010_st\near_date_pdfs\002113_57361820.pdf,  证券代码：002113                   证券简称：天润发展                    公告编号：2009-031  湖南天润化工发展股份有限公司  重大资产重组事项进展公告  本公司及其董事、监事、高级管理人员保证公告内容真实、准确和完整，并对公告 中的虚假记载、误导性陈述或者重大遗漏承担责任。  特别提示：  1、截至目前，本次重大资产重组交易还尚未获得岳阳市国资委的批准和湖南省国资 委同意以协议方式转让标的股权的批准。  2、截至目前，本次重大资产重组事项不存在可能导致本公司董事会或者交易对方撤 销、中止本次重大资产重组方案或者对本次重大资产重组方案作出实质性变更的相关事 项。  本公司已于2009 年9 月22 日召开第八届第十三次董事会，审议通过了重大资产重组 预案等议案。现重大资产重组事项相关程序正在进行中，进展情况如下：  1、本次重大资产重组的相关审计机构已经进场开展审计工作；  2、本次重大资产重组的相关评估机构已经进场开展评估工作；  3、因还不能确定交易标的销售烟草专用肥业务合同能否延续过去的定价方法，目前 盈利预测尚未完成。  特此公告。  湖南天润化工发展股份有限公司董事会   二〇〇九年十二月三日    ,天润发展,
002113,2010-01-04,57461562,重大资产重组事项进展公告,https://static.cninfo.com.cn/finalpage/2010-01-04/57461562.PDF,f13f7055f571ec70e0800ccc9184b78d7144710579e02e74e4bd7c4860add2f7,59013,D:\动量策略\微盘股对冲策略\research_reports\20260926_l1_repair\st_timing\initial_2010_st\near_date_pdfs\002113_57461562.pdf,  证券代码：002113                   证券简称：天润发展                    公告编号：2009-032  湖南天润化工发展股份有限公司  重大资产重组事项进展公告  本公司及其董事、监事、高级管理人员保证公告内容真实、准确和完整，并对公告 中的虚假记载、误导性陈述或者重大遗漏承担责任。  特别提示：  1、截至目前，本次重大资产重组交易还尚未获得湖南省国资委同意以协议方式转让 标的股权的批准。  2、截至目前，本次重大资产重组事项不存在可能导致本公司董事会或者交易对方撤 销、中止本次重大资产重组方案或者对本次重大资产重组方案作出实质性变更的相关事 项。  本公司已于2009 年9 月22 日召开第八届第十三次董事会，审议通过了重大资产重组 预案等议案。现重大资产重组事项相关程序正在进行中，进展情况如下：  1、本次重大资产重组的相关审计工作正在进行中；  2、本次重大资产重组的相关评估工作正在进行中；  3、标的公司与湖南烟草公司正在积极洽谈业务销售合同，目前盈利预测尚未能完成。    特此公告。  湖南天润化工发展股份有限公司董事会   二〇〇九年十二月三十一日  ,天润发展,
002113,2010-01-13,57498686,关于股东增持本公司股份的提示性公告,https://static.cninfo.com.cn/finalpage/2010-01-13/57498686.PDF,f9153f78c08f1a7b6e226530b32a44ca732bee1c56256e7ea2fc9ed0faaa7715,81238,D:\动量策略\微盘股对冲策略\research_reports\20260926_l1_repair\st_timing\initial_2010_st\near_date_pdfs\002113_57498686.pdf,"  证券代码：002113                   证券简称：天润发展                    公告编号：2010-02  湖南天润化工发展股份有限公司  关于股东增持本公司股份的提示性公告  本公司及其董事、监事、高级管理人员保证公告内容真实、准确和完整，并对公告 中的虚假记载、误导性陈述或者重大遗漏承担责任。  2010 年1 月11 日收盘后，本公司收到兆山新星集团有限公司传真函件，该公司及其 一致行动人俞林林、李定忠、金德林，从2009 年10 月起通过深圳证券交易所交易系统持 续增持本公司股份，截止2009 年1 月11 日，已累计持有本公司股份8,932,730 股，占本 公司总股本的7.54%，其中兆山新星集团持有1,200,000 股，占本公司总股本的1.01％， 俞林林持有4,600,000 股，占本公司总股本的3.89％、李定忠持有2,146,370 股，占本 公司总股本的1.81%、金德林持有986,360 股，占本公司总股本的0.83%。  兆山新星集团有限公司简介：  公司名称：兆山新星集团有限公司  注册地址：诸暨市诸三西路2 号  法定代表人：徐新喜  注册资本：1 亿元  经营范围：制造销售水泥、水泥熟料；经销建材；水泥技术的开发研究；实业投资； 种养业经营。  目前，公司正积极督促相关股东履行信息披露义务。    特此公告。        湖南天润化工发展股份有限公司董事会  二〇一〇年一月十二日  ",天润发展,
002113,2010-01-14,57503135,简式权益变动报告书,https://static.cninfo.com.cn/finalpage/2010-01-14/57503135.PDF,d2f9ef56587d248eeb98b9da1eb8d8ba6822f45620c143fbcf7747dba203af8f,99070,D:\动量策略\微盘股对冲策略\research_reports\20260926_l1_repair\st_timing\initial_2010_st\near_date_pdfs\002113_57503135.pdf,1    湖南天润化工发展股份有限公司  简式权益变动报告书       上市公司：湖南天润化工发展股份有限公司  上市地点：深圳证券交易所   股票简称：天润发展  股票代码：002113    信息披露义务人：兆山新星集团有限公司  信息披露义务法定代表人：徐新喜  注册地址：浙江省诸暨市诸三西路2 号  通信地址：浙江省诸暨市诸三西路2 号  股份变动性质：持续增持    一致行动人：  1、自然人：俞林林、无曾用名、女、中国国籍、住浙江省诸暨市；  2、自然人：李定忠：无曾用名、男、中国国籍、住湖南长沙市；  3、自然人：金德林：无曾用名、男、中国国籍、住浙江省杭州市。                                 签署日期：2010 年1 月13 日   2      特别提示  （一）信息披露义务人依据《中华人民共和国证券法》（以下简称为《证券法》）、《上 市公司收购管理办法》（以下简称为《收购办法》）、《公开发行证券的公司信息披露内容提 要与格式准则第15 号—上市公司股东持股变动报告书》（以下简称《准则15 号》）及其他 相关的法律、法规编写本权益变动报告书。   （二）信息披露义务人签署本报告已获得必要的授权和批准。  （三）依据《证券法》、《收购办法》、《准则15 号》的规定，本报告书已全面披露了 信息披露义务人持有的湖南天润化工发展股份有限公司变动情况。 截止本报告书签署之 日，除本报告书披露的持股信息外，信息披露义务人没有通过任何其他方式增加或减少其 持有的湖南天润化工发展股份有限公司的股票。      （四）本次股份变动是根据本报告所载明的资料进行的。本公司没有委托或者授权 任何其他人提供未在本报告中列载的信息和对本报告做出任何解释或者说明。    释义   本报告书中，除非另有说明，下列词语具有以下含义：  1、 天润发展：湖南天润化工发展股份有限公司  2、 信息披露义务人：兆山新星集团有限责任公司  3、一致行动人：为自然人：俞林林、李定忠、金德林。    一、信息披露义务人及一致行动人介绍：  （一）信息披露义务人及一致行动人基本情况：  信息披露义务人名称：兆山新星集团有限公司  注册地址： 浙江省诸暨市诸三西路2 号  注册资本： 10000 万元  法定代表人：徐新喜  营业执照注册号码：330681000016393  ,天润发展,
002113,2010-01-14,57503136,关于湖南省证监局对兆山新星集团有限公司及其一致行动人违规买卖本公司股票立案稽查的公告,https://static.cninfo.com.cn/finalpage/2010-01-14/57503136.PDF,d5013fee494e4351dbdbd7e4e7dd890d9de650c6f0b7d930e4314e4d573642d9,46922,D:\动量策略\微盘股对冲策略\research_reports\20260926_l1_repair\st_timing\initial_2010_st\near_date_pdfs\002113_57503136.pdf,  证券代码：002113                   证券简称：天润发展                    公告编号：2010-003  湖南天润化工发展股份有限公司  关于湖南省证监局对兆山新星集团有限公司及其一 致行动人违规买卖本公司股票立案稽查的公告  二〇一〇年一月十三日，公司收到中国证监会湖南监管局关于对兆山新星集团有限公 司及其一致行动人俞林林、李定忠、金德林涉嫌违规买卖公司股票的立案稽查通知书，该 局将于2010 年1 月14 日起对兆山新星集团有限公司及其一致行动人俞林林、李定忠、金 德林进行立案稽查。  特此公告  湖南天润化工发展股份有限公司董事会  二〇一〇年一月十三日  ,天润发展,
002260,2009-12-16,57402030,关于召开2009年第六次临时股东大会的通知,https://static.cninfo.com.cn/finalpage/2009-12-16/57402030.PDF,feea8bcf836f863db0a4561857e01d4fc8c7e7f7e9fcadc0d5c8b2411fda613d,126509,D:\动量策略\微盘股对冲策略\research_reports\20260926_l1_repair\st_timing\initial_2010_st\near_date_pdfs\002260_57402030.pdf,  证券代码：002260         证券名称：伊立浦      公告编号：2009-053    广东伊立浦电器股份有限公司  关于召开2009 年第六次临时股东大会的通知  本公司及董事会全体成员保证公告内容的真实、准确和完整，没 有虚假记载、误导性陈述或重大遗漏。  广东伊立浦电器股份有限公司(下称“公司”)第二届董事会第四次会议决定 于2009年12月31日召开公司2009年第六次临时股东大会(下称“本次股东大 会”)，现就召开本次股东大会的相关事项通知如下：  一、会议基本情况  1、会议召集人：公司董事会  2、会议召开方式：现场投票表决  3、会议召开日期和时间：2009年12月31日(星期四)上午9:30开始，会期半 天。  4、会议召开地点：佛山市南海区松岗松夏工业园工业大道西 公司一楼会议 室  5、股权登记日：2009年12月24日  二、会议审议事项  1、审议《关于更换会计师事务所的议案》。  三、会议出席对象  1、截止2009年12月24日下午交易结束后，在中国证券登记结算公司深圳分 公司登记在册的公司所有股东，均有权出席本次股东大会并参加表决。因故不能 亲自出席现场会议的股东可委托代理人代为出席并参加表决(该股东代理人不必 是公司的股东)；  2、公司董事、监事及高级管理人员；  3、公司聘请的律师。  4、公司保荐机构的保荐代表人  四、会议登记方法     1、登记方式：  (1) 法人股东登记。符合条件的法人股东的法定代表人持加盖单位公章的法 人营业执照复印件、法定代表人证明书、股东证券账户卡、本人身份证办理登记 手续；委托代理人出席的，代理人还须持法定代表人出具的授权委托书和本人身 份证；  (2) 个人股东登记。符合条件的自然人股东应持股东证券账户卡、本人身份 证及持股凭证办理登记；委托代理人出席会议的，代理人还须持股东出具的授权 委托书和本人身份证；  (3) 异地股东可采用信函或传真的方式登记。  2、登记时间：2009年12月25日(上午9:00～11:30；下午14:00～16:30)  3、登记地点及授权委托书送达地点：广东伊立浦电器股份有限公司董事会 秘书办公室(佛山市南海区松岗松夏工业园工业大道西)，信函请注明“2009年第 六次临时股东大会”字样。  联系人：陈国辉  联系电话：0757-88374384  联系传真：0757-88374990(传真请注明：转董事会秘书办公室)  邮编：528234  五、其他  1、联系地址及联系人：  联系地址：佛山市南海区松岗松夏工业园工业大道西 广东伊立浦电器股份 有限公司董事会秘书办公室  联系人：陈国辉  电话：0757-88374384  传真：0757-88374990  邮编：528234  2、会议费用：与会人员食宿及交通等费用自理。  3、授权委托书见附件    特此公告。  ,伊立浦,
002260,2009-12-16,57402031,独立董事对相关事项发表的独立意见,https://static.cninfo.com.cn/finalpage/2009-12-16/57402031.PDF,94612a9ceef2abc2d2afe99f6dae3dd1d9c58029c060942d0d952f1940ef24db,88189,D:\动量策略\微盘股对冲策略\research_reports\20260926_l1_repair\st_timing\initial_2010_st\near_date_pdfs\002260_57402031.pdf,  广东伊立浦电器股份有限公司  独立董事对相关事项发表的独立意见    一、公司独立董事对高级管理人员聘任的独立意见  广东伊立浦电器股份有限公司(以下简称“公司”)第二届董事会第四次会议审议了 《关于聘任公司财务总监暨财务负责人的议案》，公司已向独立董事提交了王德发先生 的相关资料。独立董事在审阅相关资料的同时，就相关情况向公司进行了询问，根据《公 司章程》、《关于在上市公司建立独立董事制度的指导意见》和《独立董事工作制度》 的规定，基于独立董事的独立判断，现就上述事项发表独立意见如下：  1、本次提名是在充分了解了被提名人的身份、学历职业、专业素养等情况的基础 上进行的，并以征得被提名人本人的同意，被提名人具备担任相应职务的资格和能力， 未发现有《公司法》第147条规定的不得担任公司高级管理人员的情形，也不存在被中 国证监会确定为市场禁入者且尚解除的情况，同意聘任王德发先生为公司财务总监暨财 务负责人。  2、提名高级管理人员的程序符合《公司法》、《公司章程》的有关规定。    二、公司独立董事关于更换会计师事务所的独立意见  根据中国证监会《关于在上市公司建立独立董事制度的指导意见》及《公司章程》 的有关规定，作为公司的独立董事，对公司第二届董事会第四会议《关于更换会计师事 务所的议案》，发表独立意见如下：  2008年年度股东大会审议通过了公司聘请广东大华德律会计师事务所为公司2009 年度审计机构。现鉴于广东大华德律会计师事务所与北京立信会计师事务所进行合并， 合并后更名为“立信大华会计师事务所有限公司”，公司拟聘立信大华会计师事务所有 限公司为公司2009年度财务审计机构，符合相关法律、法规和规范性文件规定，没有损 害公司和中小股东利益。我们同意聘请立信大华会计师事务所有限公司为公司2009年度 财务审计机构。           (本页无正文，为广东伊立浦电器股份有限公司独立董事对相关事项发表的独立 意见签字页)    独立董事：        涂   健                    刘国常                 郑伟文      2009 年12 月15 日  ,,
002260,2010-01-04,57461074,关于2009年第六次临时股东大会决议的公告,https://static.cninfo.com.cn/finalpage/2010-01-04/57461074.PDF,bc4dac708204806099ad1d7c32bd5d0d1aff4e5465b09491e439ef6849b40835,115376,D:\动量策略\微盘股对冲策略\research_reports\20260926_l1_repair\st_timing\initial_2010_st\near_date_pdfs\002260_57461074.pdf,  1 证券代码：002260         证券名称：伊立浦      公告编号：2009-054    广东伊立浦电器股份有限公司  关于2009 年第六次临时股东大会决议的公告  本公司及董事会全体成员保证公告内容的真实、准确和完整，没 有虚假记载、误导性陈述或重大遗漏。  重要提示：  1、本次股东大会以现场书面投票方式召开；  2、本次股东大会无增加、变更、否决提案的情况。    一、会议召开和出席情况  广东伊立浦电器股份有限公司(以下简称“公司”)2009年第六次临时股东大 会于2009年12月31日上午9:30在佛山市南海区松岗松夏工业园公司会议室召 开，参加本次股东大会的股东及股东代表3名，代表股份11700万股，占公司有 表决权股份总数的75%。会议由公司董事会召集，副董事长曾雁先生主持，公司 部分董事、高级管理人员及全体监事和见证律师列席了本次会议。会议的召集、 召开与表决程序符合《公司法》及《公司章程》的规定。    二、议案审议情况  本次股东大会以现场记名投票表决的方式审议通过如下决议：  1、《关于更换会计师事务所的议案》  表决结果：同意11700 万股，占出席本次股东大会有表决权股份总数的 100%，反对0 股，弃权0 股。    三、律师出具的法律意见  北京市邦盛律师事务所杨霞、杨云律师到会见证本次股东大会，并出具了法 律意见书([2009]邦盛股字第0033号)，认为：广东伊立浦电器股份有限公司2009 年第六次临时股东大会的召集、召开程序符合法律、法规及《公司章程》的规定； 出席本次股东大会的人员资格均合法有效；本次股东大会的表决程序符合有关法    2 律、法规及《公司章程》的规定；所通过的各项决议真实、合法、有效。    四、备查文件  1、公司2009年第六次临时股东大会决议；  2、北京市邦盛律师事务所出具的法律意见书。          广东伊立浦电器股份有限公司                                               董事会  二〇〇九年十二月三十一日  ,伊立浦,
002260,2010-01-04,57461075,2009年第六次临时股东大会的法律意见书,https://static.cninfo.com.cn/finalpage/2010-01-04/57461075.PDF,fee4d1f7251e8790088327a6e2ac95cd750695adf716ec17792384dad19ad547,143108,D:\动量策略\微盘股对冲策略\research_reports\20260926_l1_repair\st_timing\initial_2010_st\near_date_pdfs\002260_57461075.pdf,"邦盛律师                        股东大会见证法律意见书        北京市邦盛律师事务所  关于广东伊立浦电器股份有限公司  二○○九年第六次临时股东大会的    法 律 意 见 书    [2009]邦盛股字第0033 号            中国·北京·海淀区金源时代商务中心2 号楼A 座12F    电话（Tel）：(010)88891182（总机）, 88892012, 88891923   传真（Fax）：(010)88891131    二○○九年十二月  邦盛律师                        股东大会见证法律意见书    北京市邦盛律师事务所  关于广东伊立浦电器股份有限公司  二○○九年第六次临时股东大会的法律意见书    [2009]邦盛股字第0033 号    致：广东伊立浦电器股份有限公司    根据广东伊立浦电器股份有限公司（以下简称“公司”）与北京市邦盛律师 事务所（以下简称“本所”）签订的《法律顾问合同》，本所接受公司的委托，担 任其特聘法律顾问。本所指派杨霞律师、杨云律师出席了公司于2009 年12 月 31 日召开的二○○九年第六次临时股东大会（以下简称“本次股东大会”），并 根据《中华人民共和国公司法》（以下简称“《公司法》”）、《中华人民共和国证券 法》（以下简称“《证券法》”）和《上市公司股东大会规则》（以下简称“《股东大 会规则》”）等我国现行有关法律、法规和规范性文件以及《广东伊立浦电器股份 有限公司章程》（以下简称“《公司章程》”）的规定，就本次股东大会的相关事宜， 按照律师行业公认的业务标准、道德规范和勤勉尽责精神，出具本法律意见书。  本所律师仅根据本法律意见书出具日以前发生或存在的事宜及上述法律、 法规和规范性文件及《公司章程》的规定，就本次股东大会的召集和召开程序、 出席会议人员和召集人的资格、本次股东大会的提案和股东大会的表决程序和表 决结果等有关事宜发表法律意见，本所律师不对本次股东大会议案的内容及议案 中所涉事实、数据的真实性、准确性等问题发表法律意见。  本法律意见书是本所律师对公司提供的与本次股东大会有关的文件、资料进 行核查和验证后出具的。公司承诺其所提供的文件和所作的陈述、说明是真实、 准确和完整的，无任何虚假记载、误导性陈述或者遗漏。  本法律意见书仅供本次股东大会之目的而使用，不得用于其它任何目的或用 途。本所同意公司将本法律意见书作为公司二○○九年第六次临时股东大会公告 材料，随同其他需公告信息一起向公众披露，并依法对本所出具的法律意见承担 责任。  ",,
600070,2009-12-01,57347377,关于股东解除股权质押和股权质押的公告,https://static.cninfo.com.cn/finalpage/2009-12-01/57347377.PDF,8adde1d43bd939236f76dce475d5f20208abb9f8a66970084167681899dcd75b,41261,D:\动量策略\微盘股对冲策略\research_reports\20260926_l1_repair\st_timing\initial_2010_st\near_date_pdfs\600070_57347377.pdf,"股票代码：600070  股票简称：浙江富润  编号：临2009—012 号    浙江富润股份有限公司 浙江富润股份有限公司 浙江富润股份有限公司 浙江富润股份有限公司  关于股东解除股权质押和股权质押的公告 关于股东解除股权质押和股权质押的公告 关于股东解除股权质押和股权质押的公告 关于股东解除股权质押和股权质押的公告  本公司董事会及全体董事保证本公告内容不存在任何虚假记载 本公司董事会及全体董事保证本公告内容不存在任何虚假记载 本公司董事会及全体董事保证本公告内容不存在任何虚假记载 本公司董事会及全体董事保证本公告内容不存在任何虚假记载、 误导性陈述或者重大遗漏 误导性陈述或者重大遗漏 误导性陈述或者重大遗漏 误导性陈述或者重大遗漏，并对其内容的真实性 并对其内容的真实性 并对其内容的真实性 并对其内容的真实性、准确性和完整性承 准确性和完整性承 准确性和完整性承 准确性和完整性承 担个别及连带责任 担个别及连带责任 担个别及连带责任 担个别及连带责任。  接公司股东富润控股集团有限公司通知,该公司于2008 年12 月 1 日将所持本公司1803 万股国有法人股（其中限售流通股397 万股， 无限售流通股1406 万股）质押给中国工商银行股份有限公司诸暨支 行，已于2009 年11 月26 日办理了质押解除手续。同日，该公司将 所持本公司1803 万股无限售流通股再次质押给中国工商银行股份有 限公司诸暨支行,质押期限至2010 年11 月25 日。上述股份解除质押 及质押登记手续均已在中国证券登记结算有限责任公司上海分公司 办理完毕。  截至本公告日，富润控股集团有限公司持有公司股份3607.416 万股，全部为无限售流通股，占公司总股本的25.64%；共质押的公 司股份1803 万股，占公司总股本的12.82%。  专此公告    浙江富润股份有限公司  二○○九年十一月三十日    ",浙江富润,
600070,2009-12-23,57427584,五届十三次董事会决议公告暨召开2010年第一次临时股东大会的通知,https://static.cninfo.com.cn/finalpage/2009-12-23/57427584.PDF,44c5eaa4e10b3d49fe3957a4a5cdc64dc1050918c703af486994fc517f5cf469,64925,D:\动量策略\微盘股对冲策略\research_reports\20260926_l1_repair\st_timing\initial_2010_st\near_date_pdfs\600070_57427584.pdf,  1 证券代码：600070 证券简称：浙江富润 公告编号：临2009-013 号    浙江富润股份有限公司五届十三次董事会决议公告 浙江富润股份有限公司五届十三次董事会决议公告 浙江富润股份有限公司五届十三次董事会决议公告 浙江富润股份有限公司五届十三次董事会决议公告  暨召开 暨召开 暨召开 暨召开2010 2010 2010 2010 年第一次临时股东大会的通知 年第一次临时股东大会的通知 年第一次临时股东大会的通知 年第一次临时股东大会的通知    本公司董事会及全体董事保证本公告内容不存在任何虚假记载 本公司董事会及全体董事保证本公告内容不存在任何虚假记载 本公司董事会及全体董事保证本公告内容不存在任何虚假记载 本公司董事会及全体董事保证本公告内容不存在任何虚假记载、误导性陈 误导性陈 误导性陈 误导性陈 述或者重大遗漏 述或者重大遗漏 述或者重大遗漏 述或者重大遗漏，并对其内容的真实性 并对其内容的真实性 并对其内容的真实性 并对其内容的真实性、准确性和完整性承担个别及连带责任 准确性和完整性承担个别及连带责任 准确性和完整性承担个别及连带责任 准确性和完整性承担个别及连带责任。  浙江富润股份有限公司五届董事会第十三次会议于2009 年12 月21 日以现 场会议的方式召开，会议通知于2009 年12 月10 日以传真、电子邮件等形式发 出。应参加会议的董事9 人，实际参加会议的董事9 人，公司监事、高级管理人 员列席会议，符合《公司法》和《公司章程》的有关规定。会议以9 票同意、0 票反对、0 票弃权审议通过如下决议：  一、审议通过《关于公司发行短期融资券的议案》。因生产经营需要，公司 拟在中国银行间市场交易商协会申请注册发行待偿还余额不超过1 亿元的短期 融资券。公司短期融资券募集资金主要用于补充流动资金，如有剩余，将用于偿 还银行贷款。本议案尚需提交股东大会审议。  二、审议通过《关于为参股公司子公司提供担保的议案》。公司为参股公司 铜陵上峰水泥股份有限公司的全资子公司怀宁上峰水泥有限公司向交通银行股 份有限公司安庆分行申请4785 万元借款提供连带责任担保，担保期限以具体合 同为准。本议案尚需提交股东大会审议。  三、审议通过《关于召开2010 年第一次临时股东大会的议案》。  1、会议时间：2010 年1 月7 日（星期四）上午9 时，会期半天。  2、会议地点：浙江省诸暨市陶朱南路12 号公司会议室  3、参加对象：  （1）2009 年12 月31 日下午交易结束后在中国证券登记结算有限责任公司 上海分公司登记注册的本公司全体股东；  （2）本公司董事、监事、高级管理人员。  本公司股东可以委托代理人出席本次股东大会并参加表决，该股东代理人不 必是公司股东。  4、会议内容：  （一）审议《关于公司发行短期融资券的议案》；  （二）审议《关于为参股公司子公司提供担保的议案》。     2 5、个人股东亲自出席会议的，凭本人身份证或其他能够表明其身份的有效 证件或证明、股票账户卡登记；委托代理他人出席会议的，凭本人有效身份证件、 股东授权委托书及股票账户卡登记。  法人股东凭身份证、股票账户卡、法定代表人授权委托书和营业执照复印件 登记。  异地股东可采用信函或传真方式进行登记（以抵达时间为准）。  登记时间：2010 年1 月6 上午8：00——下午4：00  登记地点：浙江省诸暨市陶朱南路12 号公司证券部  联 系 人：卢伯军  王惠芳  联系电话：0575—871015763  87015296  传    真：0575—87026018  特此公告！   浙江富润股份有限公司董事会                                                   2009 年12 月22 日  附：授权委托书 授权委托书 授权委托书 授权委托书    浙江富润股份有限公司 浙江富润股份有限公司 浙江富润股份有限公司 浙江富润股份有限公司  2010 2010 2010 2010 年第一次临时股东大会授权委托书 年第一次临时股东大会授权委托书 年第一次临时股东大会授权委托书 年第一次临时股东大会授权委托书      兹全权委托       先生(女士)代表本人(本单位)出席浙江富润股份有限公 司2010 年第一次临时股东大会，并依照下列指示对股东大会所列议案进行投票， 如无指示，则由代理人酌情决定投票。  一、审议《关于公司发行短期融资券的议案》    □同意 同意 同意 同意                       □反对 反对 反对 反对                               □弃权 弃权 弃权 弃权  二、《关于为参股公司子公司提供担保的议案》    □同意 同意 同意 同意                       □反对 反对 反对 反对                               □弃权 弃权 弃权 弃权    委托人：                          受托人：    委托人股东帐号：                  受托人身份证号：    委托股数：    委托日期：       ,浙江富润,
600070,2009-12-23,57427585,对外担保公告,https://static.cninfo.com.cn/finalpage/2009-12-23/57427585.PDF,a570322082177251ccc842d3caaed7dd5b6dfe142be90e401ef2aca2ea270a8d,66842,D:\动量策略\微盘股对冲策略\research_reports\20260926_l1_repair\st_timing\initial_2010_st\near_date_pdfs\600070_57427585.pdf,"股票代码：600070  股票简称：浙江富润  编号：临2009—014 号    浙江富润股份有限公司 浙江富润股份有限公司 浙江富润股份有限公司 浙江富润股份有限公司  对外担保公告 对外担保公告 对外担保公告 对外担保公告    本公司及董事会全体成员保证公告内容真实 本公司及董事会全体成员保证公告内容真实 本公司及董事会全体成员保证公告内容真实 本公司及董事会全体成员保证公告内容真实、准确和完整 准确和完整 准确和完整 准确和完整,对公告的虚假记 对公告的虚假记 对公告的虚假记 对公告的虚假记 载、误导性陈述或者重大遗漏负连带责任 误导性陈述或者重大遗漏负连带责任 误导性陈述或者重大遗漏负连带责任 误导性陈述或者重大遗漏负连带责任。  重要内容提示：  ●被担保人名称：怀宁上峰水泥有限公司。  ●本次担保数量及累计为其担保数量：本次担保数量为人民币4785 万元， 累计为其担保数量为4785 万元。  ●是否有反担保：无。  ●对外担保累计数量：公司及子公司累计对外担保金额为19785 万元，无逾 期担保情况。  一、担保情况概述  公司参股公司铜陵上峰水泥股份有限公司（本公司占注册资本的14.5%）的 全资子公司怀宁上峰水泥有限公司因生产发展需要，向交通银行股份有限公司安 庆分行申请人民币3 亿3 万元的借款，要求公司按对铜陵上峰水泥股份有限公司 的出资比例，提供相应比例即4785 万元的连带责任担保，担保期限以具体合同 为准。  二、被担保人的基本情况     怀宁上峰水泥有限公司是由铜陵上峰水泥股份有限公司在怀宁投资设立的全 资子公司，注册资本为人民币2 亿元，注册地址为高河镇政和路34 号，法定代 表人为俞锋。公司的主要经营范围为水泥熟料、水泥、水泥制品生产、销售。怀 宁上峰项目计划分两期实施，其中一期工程计划总投资11.2 亿元，建设两条日 产4500 吨新型干法水泥熟料生产线，配套建设年产200 万吨水泥粉磨站和两套 9MW 纯低温余热发电工程以及码头、输送皮带走廊等辅助设施工程，计划在2010  年全部建成投产；二期工程根据市场情况再投资建设两条日产4500 吨水泥熟料 生产线，计划在“十一五”末开工建设。截止2009 年10 月30 日，该公司总资 产为369071773.09 元，总负债为210936779.14 元，资产负债率为57.15%(未经 审计)。      三、董事会意见  鉴于怀宁上峰水泥有限公司目前处于筹建阶段，为支持该公司尽快建成投 产，由股东按各自出资比例为其银行借款提供担保，体现了对参股公司的支持和 股东权利义务的对等。公司董事会审议同意由公司为其4785 万元借款提供连带 责任担保。由于担保金额超过公司净资产的10%，本议案尚需提交股东大会审议。  四、累计对外担保数量及逾期担保数量  截止本公告日,公司及子公司累计对外担保金额为19785 万元，公司除此担 保以外，无其他担保事项，亦无逾期担保情况。      备查文件目录：  1、担保协议；  2、浙江富润股份有限公司五届十三次董事会决议；  3、怀宁上峰水泥有限公司的基本情况和最近一期的财务报表；  4、怀宁上峰水泥有限公司的营业执照复印件。        浙江富润股份有限公司董事会      2009 年12 月22 日    ",浙江富润,
600070,2009-12-31,57457137,2010年第一次临时股东大会会议资料,https://static.cninfo.com.cn/finalpage/2009-12-31/57457137.PDF,740b187f56588067cdc7dea1367c34e15de03d5d2707505bdb3fcf6a69267bbf,169596,D:\动量策略\微盘股对冲策略\research_reports\20260926_l1_repair\st_timing\initial_2010_st\near_date_pdfs\600070_57457137.pdf,                浙江富润股份有限公司 浙江富润股份有限公司 浙江富润股份有限公司 浙江富润股份有限公司（600070 600070 600070 600070）    2010 2010 2010 2010 年第一次临时股东大会会议资料 年第一次临时股东大会会议资料 年第一次临时股东大会会议资料 年第一次临时股东大会会议资料              二〇一〇年一月七日       2 浙江富润股份有限公司 浙江富润股份有限公司 浙江富润股份有限公司 浙江富润股份有限公司    2010   2010   2010   2010 年第一次临时股东大会会议议程 年第一次临时股东大会会议议程 年第一次临时股东大会会议议程 年第一次临时股东大会会议议程    会议时间：2010 年1 月7 日上午9：00，会期半天。  会议地点：浙江省诸暨市陶朱南路12 号公司会议室  会议议程：  1、审议《关于公司发行短期融资券的议案》；  2、审议《关于为参股公司子公司提供担保的议案》；  3、股东提问和发言；  4、推选计票人和监票人；  5、投票表决，统计有效表决票数，宣布表决结果；  6、律师发表见证意见；  7、宣布股东大会决议。  ,,
600070,2010-01-08,57483529,2010年第一次临时股东大会决议公告,https://static.cninfo.com.cn/finalpage/2010-01-08/57483529.PDF,772f3919ff333f8a6f2cabaf6b2315fa1ba485ba02ff7fdfdb05d5f6a8357c76,57194,D:\动量策略\微盘股对冲策略\research_reports\20260926_l1_repair\st_timing\initial_2010_st\near_date_pdfs\600070_57483529.pdf,股票代码：600070  股票简称：浙江富润  编号：临2010—001 号    浙江富润股份有限公司 浙江富润股份有限公司 浙江富润股份有限公司 浙江富润股份有限公司  2010 2010 2010 2010 年第一次临时股东大会决议公告 年第一次临时股东大会决议公告 年第一次临时股东大会决议公告 年第一次临时股东大会决议公告    本公司董事会及全体董事保证本公告内容不存在任何虚假记载、误导性陈述 或者重大遗漏，并对其内容的真实性、准确性和完整性承担个别及连带责任。  重要提示 重要提示 重要提示 重要提示：  1、本次会议无否决提案或修改提案的情况 本次会议无否决提案或修改提案的情况 本次会议无否决提案或修改提案的情况 本次会议无否决提案或修改提案的情况。  2、本次会议无新提案提交表决 本次会议无新提案提交表决 本次会议无新提案提交表决 本次会议无新提案提交表决。  浙江富润股份有限公司2010 年第一次临时股东大会于2010 年1 月7 日在公 司议事室召开，到会股东及股东代理人5 人，代表股份40972160 股，占公司总 股本的29.13%，公司部分董事、监事、高级管理人员列席会议，符合《公司法》 和《公司章程》的有关规定。会议审议通过以下决议：  一、审议通过《关于公司发行短期融资券的议案》。（40972160 股同意、0 股反对、0 股弃权）  因生产经营需要，公司拟在中国银行间市场交易商协会申请注册发行待偿 还余额不超过1 亿元的短期融资券。公司短期融资券募集资金主要用于补充流动 资金，如有剩余，将用于偿还银行贷款。  二、审议通过《关于为参股公司子公司提供担保的议案》。（40972160 股同 意、0 股反对、0 股弃权）  公司为参股公司铜陵上峰水泥股份有限公司的全资子公司怀宁上峰水泥有 限公司向交通银行股份有限公司安庆分行申请4785 万元借款提供连带责任担 保，担保期限以具体合同为准。  国浩律师集团（杭州）事务所吴钢、陈捷律师到会见证并出具法律意见书， 认为会议的召集和召开程序、出席会议人员资格及表决程序等事宜，均符合法律 法规及《公司章程》的有关规定，会议所通过的决议合法、有效。  专此公告    浙江富润股份有限公司                                     二〇一〇年一月七日  ,浙江富润,
600070,2010-01-08,57483530,五届十四次董事会决议公告,https://static.cninfo.com.cn/finalpage/2010-01-08/57483530.PDF,7cba463170d14d8d263f701a9ce39d2ee39b029ef1eaa184cb9f738bb56f8b5a,44251,D:\动量策略\微盘股对冲策略\research_reports\20260926_l1_repair\st_timing\initial_2010_st\near_date_pdfs\600070_57483530.pdf,证券代码：600070 证券简称：浙江富润 公告编号：临2010-002 号    浙江富润股份有限公司 浙江富润股份有限公司 浙江富润股份有限公司 浙江富润股份有限公司  五届十四次董事会决议公告 五届十四次董事会决议公告 五届十四次董事会决议公告 五届十四次董事会决议公告    本公司董事会及全体董事保证本公告内容不存在任何虚假记载 本公司董事会及全体董事保证本公告内容不存在任何虚假记载 本公司董事会及全体董事保证本公告内容不存在任何虚假记载 本公司董事会及全体董事保证本公告内容不存在任何虚假记载、 误导性陈述或者重大遗漏 误导性陈述或者重大遗漏 误导性陈述或者重大遗漏 误导性陈述或者重大遗漏，并对其内容的真实性 并对其内容的真实性 并对其内容的真实性 并对其内容的真实性、准确性和完整性承 准确性和完整性承 准确性和完整性承 准确性和完整性承 担个别及连带责任 担个别及连带责任 担个别及连带责任 担个别及连带责任。  浙江富润股份有限公司五届董事会第十四次会议于2010 年1 月 7 日中午以现场会议的方式召开，会议通知于2009 年12 月31 日以 传真、电子邮件等形式发出。应参加会议的董事9 人，实际参加会议 的董事9 人，公司监事、高级管理人员列席会议，符合《公司法》和 《公司章程》的有关规定。会议以9 票同意、0 票反对、0 票弃权审 议《关于出资2500 万元参与组建杭州航民水泥有限公司的议案》。  杭州航民水泥有限公司拟由本公司与浙江航民实业集团有限 公司、浙江上峰建材有限公司、浙江宝盛建设集团有限公司共同投 资组建。注册资本1 亿元，其中本公司出资2500 万元，占注册资 本的25%；浙江航民实业集团有限公司出资4000 万元，占注册资本 的40%；浙江上峰建材有限公司出资2600 万元，占注册资本的26%； 浙江宝盛建设集团有限公司出资900 万元，占注册资本的9%。经营 范围为：水泥制造、加工（以登记机关核定为准）。  专此公告                              浙江富润股份有限公司董事会                                二〇一〇年一月七日    ,浙江富润,
600070,2010-01-08,57483531,2010年第一次临时股东大会的法律意见书,https://static.cninfo.com.cn/finalpage/2010-01-08/57483531.PDF,cb8bc1ffcea7091ea673ff50a8f66522a255f13877f23c07fb32b0cc407c4a0c,96008,D:\动量策略\微盘股对冲策略\research_reports\20260926_l1_repair\st_timing\initial_2010_st\near_date_pdfs\600070_57483531.pdf,浙江富润2010 年第一次临时股东大会法律意见书           国浩律师集团（杭州）事务 所  1  国浩律师集团 国浩律师集团 国浩律师集团 国浩律师集团（杭州 杭州 杭州 杭州）事务所 事务所 事务所 事务所  关于 关于 关于 关于  浙江富润股份有限公司 浙江富润股份有限公司 浙江富润股份有限公司 浙江富润股份有限公司  2010 年第一次临时 年第一次临时 年第一次临时 年第一次临时股东大会 股东大会 股东大会 股东大会的  法律意见书 法律意见书 法律意见书 法律意见书  致：浙江富润股份有限公司 浙江富润股份有限公司 浙江富润股份有限公司 浙江富润股份有限公司  根据《中华人民共和国公司法》（以下简称“《公司法》”）、《上市公司股东大 会规则》（以下简称“《股东大会规则》”）等法律、法规和规范性文件以及《浙江 富润股份有限公司章程》（以下简称“《公司章程》”）的规定，国浩律师集团（杭 州）事务所（以下简称“本所”）接受贵公司的委托，指派律师出席贵公司2010 年第一次临时股东大会（以下简称“本次股东大会”），并就本次股东大会有关事 宜，出具法律意见书。  为出具本法律意见书，本所律师对贵公司本次股东大会所涉及的有关事项进 行了审查，查阅了贵公司提供的本次股东大会有关文件和资料，同时听取了贵公 司人员就有关事实的陈述和说明。  贵公司已向本所承诺：贵公司所提供的文件和所作陈述及说明是完整的、真 实和有效的，有关原件及其上面的签字和印章是真实的，且一切足以影响本法律 意见书的事实和文件均已向本所披露，无任何隐瞒、疏漏之处。   本所律师仅根据本法律意见书出具日以前发生或存在的事实及有关的法律、 行政法规、规范性文件发表法律意见。本所律师仅对本次股东大会的召集和召开 程序，召集人与参加会议的人员资格及会议表决程序是否符合有关法律、行政法 规、规范性文件及《公司章程》的规定发表意见，并不对会议所审议的提案内容 以及该等提案所表述的事实或数据的真实性和准确性发表意见。  本法律意见书仅供贵公司为本次股东大会之目的使用，不得用于其他任何目 的或用途。本所同意，贵公司可以将本法律意见书作为贵公司本次股东大会公告  浙江富润2010 年第一次临时股东大会法律意见书           国浩律师集团（杭州）事务 所  2  材料，随其他需公告的信息一起向公众披露，本所依法对其中发表的法律意见承 担法律责任。   本所律师按照律师行业公认的业务标准、道德规范和勤勉尽责精神，出具本 法律意见书如下：  一、本次股东大会的 本次股东大会的 本次股东大会的 本次股东大会的召集 召集 召集 召集、召开程序 召开程序 召开程序 召开程序  1、贵公司董事会已于2009 年12 月21 日以召开公司第五届董事会第十三 次会议，通过了关于召开公司2010 年第一次临时股东大会的议案。  2、根据贵公司董事会于2009 年12 月23 日在《中国证券报》、《上海证券 报》及上海证券交易所网站（www.sse.com.cn）上刊登的关于召开本次股东 大会的通知（《浙江富润股份有限公司五届十三次董事会决议公告暨召开2010 年第一次临时股东大会的通知》，以下称“会议通知”），本次股东大会由贵公司 董事会召集。  3、根据会议通知，本次股东大会定于2010 年1 月7 日召开，故贵公司董 事会已于本次股东大会召开前15 日以公告方式通知各股东，且将公告刊载于《公 司章程》指定的信息披露媒体。  4、本次股东大会的通知已包括以下内容：会议时间、会议地点、参加对象、 会议内容、会议登记办法、股权登记日、联系人和联系方式。  5、根据会议通知，本次股东大会的股权登记日为2009 年12 月31 日，股 权登记日与会议日期的间隔符合《股东大会规则》不多于7 个工作日的规定。  6、根据会议通知，本次股东大会定于2010 年1 月7 日在浙江省诸暨市陶 朱南路12 号公司会议室召开。经本所律师核查，本次股东大会召开的实际时间、 地点及其他有关事项，与公告的会议通知内容一致。  本所律师认为，贵公司本次股东大会的召集、召开程序符合《公司法》、《股 东大会规则》以及《公司章程》的有关规定；本次股东大会的召集人资格合法有 效。  ,,
600077,2009-12-21,57419382,简式权益变动报告书,https://static.cninfo.com.cn/finalpage/2009-12-21/57419382.PDF,2cc270114f869c4fe010848d8642bff95e90dff7837fa0115bf2b0119556224d,154421,D:\动量策略\微盘股对冲策略\research_reports\20260926_l1_repair\st_timing\initial_2010_st\near_date_pdfs\600077_57419382.pdf,  1     辽宁百科集团 辽宁百科集团 辽宁百科集团 辽宁百科集团（控股 控股 控股 控股）股份有限公司 股份有限公司 股份有限公司 股份有限公司  简式权益变动报告书 式权益变动报告书 式权益变动报告书 式权益变动报告书        上市公司名称：辽宁百科集团（控股）股份有限公司  股票简称：百科集团  股票代码：600077  股票上市地点：上海证券交易所    信息披露义务人：百科投资管理集团有限公司   住所：北京市朝阳区东三环中路59 号楼802 室  通讯地址：北京市朝阳区东三环中路59 号楼802 室  邮政编码：100022  联系电话：010-58768866  联系人：李冰  股份变动性质：减少        签署日期：二〇〇九年十二月十六日    2 信息披露义务人声明 信息披露义务人声明 信息披露义务人声明 信息披露义务人声明  一、本报告书系信息披露义务人依据《中华人民共和国证券法》（以下简称 《证券法》）、中国证监会颁布的《上市公司收购管理办法》（以下简称《收购 办法》）、《公开发行证券的公司信息披露内容与格式准则第15 号-权益变动报 告书》等法律、法规和规范性文件编制。  二、依据《证券法》、《收购办法》的规定，本报告书已全面披露信息披露 义务人（包括投资者及与其一致行动的他人）在辽宁百科集团（控股）股份有限 公司拥有权益的股份；截至本报告书签署之日，除本报告书披露的持股信息外， 上述信息披露义务人没有通过任何其他方式在辽宁百科集团（控股）股份有限公 司拥有权益。  三、信息披露义务人签署本报告已获得必要的授权和批准，其履行亦不违反 信息披露义务人的《公司章程》或内部规则中的任何条款，或与之相冲突。  四、本次权益变动是根据本报告所载明的资料进行的。除本信息披露义务人 和所聘请的专业机构外，没有委托或者授权任何其他人提供未在本报告书中列载 的信息和对本报告书做出任何解释或者说明。      ,百科集团,
600077,2009-12-21,57419383,详式权益变动报告书,https://static.cninfo.com.cn/finalpage/2009-12-21/57419383.PDF,281949dcb2e9199851317e71a350f0c5c3443353a56ebdc99f1d010c3584ad39,237197,D:\动量策略\微盘股对冲策略\research_reports\20260926_l1_repair\st_timing\initial_2010_st\near_date_pdfs\600077_57419383.pdf,辽宁百科集团 宁百科集团 宁百科集团 宁百科集团（控股 控股 控股 控股）股份有限公司 股份有限公司 股份有限公司 股份有限公司  详式权益变动报告书          上市公司 上市公司 上市公司 上市公司：  名    称：辽宁百科集团（控股）股份有限公司  上市地点：上海证券交易所  股票简称：百科集团  股票代码：600077  信息披露义务人 信息披露义务人 信息披露义务人 信息披露义务人：  名    称：浙江宋都控股有限公司  住    所：杭州市江干区富春路789号  通讯地址：杭州市江干区富春路789号  联系电话：0571-86759619  联系人：龚睿  权益变动性质：增加  签署日期：二零零九年十二月十七日   辽宁百科集团（控股）股份有限公司详式权益变动报告书    信息披露义务人声明  一、本报告书系信息披露义务人依据《中华人民共和国证券法》（以下简称《证 券法》）、中国证监会颁布的《上市公司收购管理办法》（以下简称《收购办法》）、 《公开发行证券的公司信息披露内容与格式准则第15号——权益变动报告书》、《公 开发行证券的公司信息披露内容与格式准则第16号——上市公司收购报告书》等法 律、法规和规范性文件编制。    二、依据《证券法》、《收购办法》的规定，本报告书已全面披露信息披露义 务人（包括投资者及与其一致行动的他人）在辽宁百科集团（控股）股份有限公司 （以下简称“百科集团”）拥有权益的股份；  截至本报告书签署之日，除本报告书披露的持股信息外，上述信息披露义务人 没有通过任何其他方式在百科集团拥有权益。    三、信息披露义务人签署本报告已获得必要的授权和批准，其履行亦不违反信 息披露义务人的《公司章程》或内部规则中的任何条款，或与之相冲突。    四、本次权益变动是根据本报告所载明的资料进行的。除本信息披露义务人和 所聘请的专业机构外，没有委托或者授权任何其他人提供未在本报告书中列载的信 息和对本报告书做出任何解释或者说明。 ,百科集团,
600077,2009-12-23,57427586,2010年第一次临时股东大会会议资料,https://static.cninfo.com.cn/finalpage/2009-12-23/57427586.PDF,177cd399f17d0f7fcdf3ba06f37d7bdc9fdcc3c5fa982b5310dbda630a1e8b67,57765,D:\动量策略\微盘股对冲策略\research_reports\20260926_l1_repair\st_timing\initial_2010_st\near_date_pdfs\600077_57427586.pdf,    1      辽宁百科 辽宁百科 辽宁百科 辽宁百科集团 集团 集团 集团（控股 控股 控股 控股）股份有限公司 股份有限公司 股份有限公司 股份有限公司  20 20 20 2010 10 10 10 年第1 次临时股东大会资料 次临时股东大会资料 次临时股东大会资料 次临时股东大会资料                                                            200 200 200 2009 年12 12 12 12 月22 22 22 22 日                     2  资               料               目               录  1、百科集团2010 年第1 次临时股东大会会议程序  2、《关于聘请山东天恒信有限责任会计师事务所为公司2009 年度会计审计事 务所的议案》  3、百科集团2010 年第1 次临时股东大会表决票                                    ,,
600077,2009-12-26,57440034,公告,https://static.cninfo.com.cn/finalpage/2009-12-26/57440034.PDF,f6925ba51275893712e57bdf67501efe0c8ec075ea6560d296e502250e6e6f67,36687,D:\动量策略\微盘股对冲策略\research_reports\20260926_l1_repair\st_timing\initial_2010_st\near_date_pdfs\600077_57440034.pdf,股票代码：600077      股票简称：百科集团        编号：临2009—043    辽宁 辽宁 辽宁 辽宁百科 百科 百科 百科集团 集团 集团 集团（控股 控股 控股 控股）股份有限公司公告 股份有限公司公告 股份有限公司公告 股份有限公司公告    本公司董事会及全体董事保证本公告内容不存在任何虚假记载、误导性陈述或者重大遗漏，并 对其内容的真实性、准确性和完整性承担个别及连带责任。  近日，本公司接到公司股东百科投资管理有限公司（以下简称“百科投资”） 的通知，百科投资已将其质押给华宝信托有限责任公司的2000 万股(占公司总股 本12.57%，全部为限售流通股)解除质押，双方已于2009 年12 月23 日在中国 证券登记结算有限责任公司上海分公司办理了证券质押登记解除手续。  特此公告                                          辽宁百科集团（控股）股份有限公司  2009 年12 月25 日      ,百科集团,
600077,2010-01-05,57467923,重大事项进展公告,https://static.cninfo.com.cn/finalpage/2010-01-05/57467923.PDF,953ef8ce7ff9c328cc209ef39c90b8a1f1641e54c1f876f0d324e98cb9969b88,35430,D:\动量策略\微盘股对冲策略\research_reports\20260926_l1_repair\st_timing\initial_2010_st\near_date_pdfs\600077_57467923.pdf,"股票代码：600077     股票简称：百科集团     编号：临2010—001  辽宁百科集团 辽宁百科集团 辽宁百科集团 辽宁百科集团(控股 控股 控股 控股)股份有限公司 股份有限公司 股份有限公司 股份有限公司  重大事项进展公告 重大事项进展公告 重大事项进展公告 重大事项进展公告  公司于2009年12月17日在《中国证券报》、《上海证券报》和上 海证券交易所网站同时披露了《辽宁百科集团（控股）股份有限公司 重大资产置换及发行股份购买资产暨关联交易预案》及《辽宁百科集 团（控股）股份有限公司股权转让提示性公告》。有关股权转让的公 告内容为：“公司控股股东百科投资管理集团有限公司（以下简称“百 科投资”）已与浙江宋都控股有限公司（以下简称“浙江宋都”）于 2009 年12 月15 日签订《股权转让协议》，自协议签署之日起14 日 内百科投资将其持有的27,896,521 股百科集团的股权（占总股份数 的17.53%）转让给浙江宋都，转让价格约每股10.75 元，总计30,000  万元。”  经问询相关各方后得知，由于解除公司股权质押的工作仍在进行 中，所以截止今日，尚未完成股权过户事宜。公司将督促相关各方， 按协议要求及时履行相关的责任和义务，做好相关信息的披露工作。  《中国证券报》、《上海证券报》为公司指定的信息披露报刊， 公司发布的信息以在上述指定报刊刊登的公告为准，请广大投资者理 性投资，注意风险。  特此公告。  辽宁百科集团(控股)股份有限公司  二〇一〇年一月四日  ",百科集团,
600077,2010-01-07,57479306,公告,https://static.cninfo.com.cn/finalpage/2010-01-07/57479306.PDF,d8c62d48d0d9c31cd3bc0135679bc0893196c21211a09fffb48b1aaf0847ae6c,32390,D:\动量策略\微盘股对冲策略\research_reports\20260926_l1_repair\st_timing\initial_2010_st\near_date_pdfs\600077_57479306.pdf,1    证券代码：600077                  证券简称：百科集团                公告编号：临2010-002      辽宁百科集团 辽宁百科集团 辽宁百科集团 辽宁百科集团（控股 控股 控股 控股）股份有限公司公告 股份有限公司公告 股份有限公司公告 股份有限公司公告    本公司及董事会全体成员保证公告内容不存在任何虚假记载、误导性陈述或者重大遗 漏，并对其内容的真实、准确和完整承担个别及连带责任。    近日，本公司接到公司股东百科投资管理有限公司（以下简称“百科投 资”）的通知，百科投资已将其质押给吉林省信托有限责任公司的789 万股(占 公司总股本4.96%，全部为限售流通股)解除质押，双方已于2010 年1 月5 日在中国证券登记结算有限责任公司上海分公司办理了证券质押登记解除手 续。  特此公告                                辽宁百科集团（控股）股份有限公司  2010 年1 月6 日    ,百科集团,
600077,2010-01-07,57479307,2009年度业绩预告,https://static.cninfo.com.cn/finalpage/2010-01-07/57479307.PDF,8fb51e3d688d4074e943953af75e583428c8872c81297943971c8a1250092785,44560,D:\动量策略\微盘股对冲策略\research_reports\20260926_l1_repair\st_timing\initial_2010_st\near_date_pdfs\600077_57479307.pdf,    证券代码：600077        证券简称：百科集团       公告编号：临2010-003    辽宁百科 辽宁百科 辽宁百科 辽宁百科集团 集团 集团 集团（控股 控股 控股 控股）股份有限公司 股份有限公司 股份有限公司 股份有限公司  2009 年度业绩预告 年度业绩预告 年度业绩预告 年度业绩预告     本公司及董事会全体成员保证公告内容不存在任何虚假记载、误导性陈述或者 重大遗漏，并对其内容的真实、准确和完整承担个别及连带责任。    一、预计的本期业绩情况  1、业绩预告期间：2009 年1 月1 日，至2009 年12 月31 日  2、业绩预告情况：根据公司财务部门测算，预计2009 年公司将出现较大幅 度的亏损，具体情况公司将在2009 年年度报告中予以披露  3、本业绩预告未经会计师事务所预审    二、上年同期业绩  1、净利润：-1904.67 万元  2、每股收益：-0.12 元    三、业绩预告情况说明      因2009 年钢材市场价格波动剧烈，市场环境恶化，导致2009 年度公司业绩 出现大幅度亏损。    四、其他相关说明  1、公司 2009 年 1 月 1 日至 2009 年 9 月 30 日的具体财务数据已在 2009 年第三季度报告中披露。  2、如果公司2009 年度经营业绩出现亏损，本公司股票有可能会因为连续两 年亏损而被实施特别处理。  3、有关公司2009 年度经营业绩的详细情况，公司将在2009 年年度报告中予 以披露。      4、公司指定的信息披露媒体为《中国证券报》《上海证券报》及上海证券交 易所网站（http://www.sse.com.cn），敬请广大投资者谨慎决策，注意投资风险。        辽宁百科集团（控股）股份有限公司  2010 年1 月6 日          ,百科集团,
600083,2009-10-30,57229004,关于第一大股东转让股份过户手续完成的公告,https://static.cninfo.com.cn/finalpage/2009-10-30/57229004.PDF,a2d3ca3f4d7ae7aa6f09d04e574b0ba41a56cbe92487f3a8bbee3669e1e30598,42996,D:\动量策略\微盘股对冲策略\research_reports\20260926_l1_repair\st_timing\initial_2010_st\near_date_pdfs\600083_57229004.pdf,"证券代码：600083           股票简称：ST 博信          编号：2009－022  广东博信投资控股股份有限公司  关于第一大股东转让股份过户手续完成的公告    本公司董事会及全体董事保证本公告内容不存在任何虚假记载、误导性陈述 或者重大遗漏，并对其内容的真实性、准确性和完整性承担个别及连带责任。    深圳市博信投资控股股份有限公司于2009年10月23日与杨志茂先生签订股 份转让合同，深圳市博信投资控股股份有限公司将其持有本公司14.09%的股份， 合计3,240万股股份转让给杨志茂先生（有关公告详见2009年10月24日《中国证 券报》、《上海证券报》、及上海证券交易所网站http://www.sse.com.cn）。  2009年10月29日，本公司接到杨志茂先生转来的中国证券登记结算有限责任 公司上海分公司出具的《过户登记确认书》，深圳市博信投资控股股份有限公司 原持有的本公司的无限售流通股16,988,605股和有限售流通股15,411,395股，合 共32,400,000股,已过户至杨志茂名下，上述股份过户确认手续已于2009年10月 28日在中国证券登记结算有限责任公司上海分公司办理完毕。  本次股份过户后，杨志茂先生持有本公司3,240万股股份，占本公司总股本 的14.09%，成为本公司第一大股东。由于杨志茂先生控股80%的东莞市新世纪科 教拓展有限公司持有本公司3,060万股股份，占本公司总股本的13.30%，本次股 份过户后，杨志茂先生合计控制本公司6,300万股股份，占本公司总股本的 27.39%，成为本公司的实际控制人。  特此公告。      广东博信投资控股股份有限公司董事会                                   二〇〇九年十月三十日    ",ST,
600083,2009-12-01,57347422,第五届董事会第二十二次会议决议公告,https://static.cninfo.com.cn/finalpage/2009-12-01/57347422.PDF,1f8081f0e0b4178689114a62df898e8ab722fe7b29abb20f3cce3578d715d7bd,60720,D:\动量策略\微盘股对冲策略\research_reports\20260926_l1_repair\st_timing\initial_2010_st\near_date_pdfs\600083_57347422.pdf,  1 证券代码：600083     证券简称：ST 博信    公告编号：2009－023    广东博信投资控股股份有限公司  第五届董事会第二十二次会议决议公告    本公司董事会及全体董事保证本公告内容不存在任何虚假记载、 误导性陈述或者重大遗漏，并对其内容的真实性、准确性和完整性承 担个别及连带责任。    广东博信投资控股股份有限公司（以下简称“公司”）第五届董 事会第二十二次会议于2009年11月30日在深圳市南山区科苑北路博 讯大楼三楼会议室召开，会议由公司董事杨志茂先生主持，会议应参 与表决董事6人，实际参与表决董事6人，符合《公司法》及《公司章 程》的有关规定。经出席会议的董事认真审议，通过了如下议案：  一、审议通过了《变更公司董事长的议案》。同意6票，反对0 票，弃权0票。  1、董事会于2009年11月30日收到公司董事长、副总经理刘平先 生的书面辞职报告，刘平先生因个人原因辞去公司董事长、董事、董 事会下设专门委员会委员、副总经理职务。根据《公司章程》及有关 法律法规的规定，刘平先生的辞职申请自辞职报告送达公司董事会时 生效。公司董事会对刘平先生任职期间为公司所做的工作表示衷心感 谢！  2、董事会选举杨志茂先生为公司第五届董事会董事长，任期至 2010年1月第五届董事会届满时。     2 二、审议通过了《聘任公司总经理的议案》。同意6票，反对0 票，弃权0票。  经董事长杨志茂先生提名，公司董事会同意聘任公司董事黄元华 先生兼任公司总经理，任期至2010年1月本公司第五届董事会届满时， 刘平先生不再代理公司总经理职务。  三、审议通过了《聘任公司财务总监的议案》。同意6票，反对0 票，弃权0票。  经总经理黄元华先生提名，公司董事会同意聘任禤振生先生（简 历附后）为公司财务总监，任期至2010年1月本公司第五届董事会届 满时，马仕广先生不再担任公司财务临时负责人。  四、审议通过了《变更证券事务代表的议案》。同意6票，反对0 票，弃权0票。  公司证券事务代表杨琼女士因个人原因已于2009年11月29日辞 去公司证券事务代表职务，公司董事会决定聘任王子刚先生（简历附 后）为公司证券事务代表，任期至2010年1月本公司第五届董事会届 满时。  五、审议通过了《董事长代行公司董事会秘书职责的议案》。同 意6票，反对0票，弃权0票。  公司副总经理兼董事会秘书王立波女士因个人原因已于2009 年 11 月29 日辞去公司副总经理、董事会秘书职务，公司董事会决定在 公司聘任新的董事会秘书前，由公司董事长杨志茂先生代行董事会秘 书职责。  特此公告。  广东博信投资控股股份有限公司董事会  二○○九年十一月三十日  ,ST,
600083,2009-12-01,57347423,关于监事辞职及更换职工代表监事的公告,https://static.cninfo.com.cn/finalpage/2009-12-01/57347423.PDF,62d7b0c1eb52256748883cb45670ad5ff2f9c189df745cbd36a9ec92be492fbd,48476,D:\动量策略\微盘股对冲策略\research_reports\20260926_l1_repair\st_timing\initial_2010_st\near_date_pdfs\600083_57347423.pdf,  1 证券代码：600083        股票简称：ST 博信          编号：2009－024    广东博信投资控股股份有限公司 广东博信投资控股股份有限公司 广东博信投资控股股份有限公司 广东博信投资控股股份有限公司  关于监事辞职 关于监事辞职 关于监事辞职 关于监事辞职及更换职工 及更换职工 及更换职工 及更换职工代表 代表 代表 代表监事 监事 监事 监事的公告 的公告 的公告 的公告    本公司监事会及全体监事保证本公告内容不存在任何虚假记载、 误导性陈述或者重大遗漏，并对其内容的真实性、准确性和完整性承 担个别及连带责任。    广东博信投资控股股份有限公司第五届监事会监事、监事会主席 文锋先生因个人原因，已于2009年11月29日向本公司监事会提交了辞 去公司监事和监事会主席职务的书面辞职报告；公司第五届监事会职 工监事林覃女士、郭思先生因个人原因，已于2009年11月29日向本公 司监事会提交了辞去公司监事职务的书面辞职报告。根据《公司章程》 的有关规定，本公司于2009年11月30日召开了2009年度第一次职工大 会，选举了邓志强先生（简历附后）为本公司第五届监事会职工代表 监事，任期至2010年1月第五届监事会届满时。本公司第五届监事会 现任成员为3人，在2010年1月第五届监事会届满前，暂由邓志强先生 负责召集和主持监事会会议。  公司监事会对文锋先生、林覃女士、郭思先生在担任本公司监事 期间所作的工作表示感谢。  特此公告。    广东博信投资控股股份有限公司监事会  二〇〇九年十一月三十日     2 个 人 简 历       邓志强，男，59岁，大专学历，曾任广东金泰企业集团公司副总 经理、广东金泰发展股份有限公司总经理、广东锦龙发展股份有限公 司监事、董事、副总经理。    ,ST,
600083,2009-12-01,57347424,关于变更办公地址的公告,https://static.cninfo.com.cn/finalpage/2009-12-01/57347424.PDF,ea0ca5d0ddac2a25ae4a7c24b0642cf07f22329c4797b34b6c8c0a679a1570b0,40267,D:\动量策略\微盘股对冲策略\research_reports\20260926_l1_repair\st_timing\initial_2010_st\near_date_pdfs\600083_57347424.pdf,证券代码：600083     证券简称：ST 博信    公告编号：2009－025    广东博信投资控股股份有限公司 广东博信投资控股股份有限公司 广东博信投资控股股份有限公司 广东博信投资控股股份有限公司  关于变更办公地址的公告 关于变更办公地址的公告 关于变更办公地址的公告 关于变更办公地址的公告    本公司董事会及全体董事保证公告内容不存在任何虚假记载、误 导性陈述或者重大遗漏，并对其内容的真实性、准确性和完整性承担 个别及连带责任。    广东博信投资控股股份有限公司办公地址从2009 年12 月1 日起 变更为清远市新城八号区方正二街一号自来水大厦。  公司办公地址变更后公司联系方式如下：  办公地址：清远市新城八号区方正二街一号自来水大厦  邮政编码：511518  电    话：0763-3663333  传    真：0763-3663311  投资者联系电子邮箱：gdbx600083@163.com  公司国际互联网网址：http://www.600083.com  特此公告。                                                  广东博信投资控股股份有限公司  二〇〇九年十一月三十日  ,ST,
600213,2009-12-03,57356148,关于公司控股股东江苏亚星汽车集团有限公司误买入公司股份的公告,https://static.cninfo.com.cn/finalpage/2009-12-03/57356148.PDF,1e3ea4e37ed97497c23010898cc9e48fb309fc43be2e89a5f1030bd3be9a2663,32766,D:\动量策略\微盘股对冲策略\research_reports\20260926_l1_repair\st_timing\initial_2010_st\near_date_pdfs\600213_57356148.pdf,"证券代码 600213             证券简称 亚星客车                 编号：2009-24    扬州亚星客车股份有限公司 扬州亚星客车股份有限公司 扬州亚星客车股份有限公司 扬州亚星客车股份有限公司  关于公司 于公司 于公司 于公司控股 控股 控股 控股股东江苏亚星汽车集团有限公司 股东江苏亚星汽车集团有限公司 股东江苏亚星汽车集团有限公司 股东江苏亚星汽车集团有限公司  误买入公司股份的 误买入公司股份的 误买入公司股份的 误买入公司股份的公告 公告 公告 公告    本公司董事会及全体董事保证本公告内容不存在任何虚假记载 本公司董事会及全体董事保证本公告内容不存在任何虚假记载 本公司董事会及全体董事保证本公告内容不存在任何虚假记载 本公司董事会及全体董事保证本公告内容不存在任何虚假记载、误导性陈述或者 误导性陈述或者 误导性陈述或者 误导性陈述或者 重大遗漏 重大遗漏 重大遗漏 重大遗漏，并对其内容的真实性 并对其内容的真实性 并对其内容的真实性 并对其内容的真实性、准确性和完整性承担个别及连带责任 准确性和完整性承担个别及连带责任 准确性和完整性承担个别及连带责任 准确性和完整性承担个别及连带责任。    接公司控股股东江苏亚星汽车集团有限公司（以下简称亚星集团）通 知，2009 年12 月2 日，亚星集团在卖出本公司股票时，由于工作人员操 作失误，将“卖出股份”误操作为“买入股份”，错误买入本公司股份50,000 股。  2009 年9 月16 日至2009 年12 月2 日，亚星集团共累计买入本公司 股份50,000 股，累计卖出本公司股份1,002,900 股(占本公司总股本的 0.456%)。  根据《证券法》及其他有关规定，亚星集团已承诺按规定将有关股票 的买卖收益交付至本公司，同时将按照有关规定谨慎操作，不再出现类似 失误。        特此公告。          扬州亚星客车股份有限公司董事会  2009 年12 月2 日  ",,
600213,2009-12-11,57386841,2009年第一次临时股东大会决议公告,https://static.cninfo.com.cn/finalpage/2009-12-11/57386841.PDF,e8cc7aee1e87ce70a4eabf6c181497220131b311f50ffe3f8bd5d13b0b353eae,49049,D:\动量策略\微盘股对冲策略\research_reports\20260926_l1_repair\st_timing\initial_2010_st\near_date_pdfs\600213_57386841.pdf,"证券代码 证券代码 证券代码 证券代码：600213   600213   600213   600213                                           证券简称 证券简称 证券简称 证券简称：亚星客车 亚星客车 亚星客车 亚星客车                                                       公告编号 公告编号 公告编号 公告编号：200 200 200 2009-25    扬州亚星客车股份有限公司 扬州亚星客车股份有限公司 扬州亚星客车股份有限公司 扬州亚星客车股份有限公司  200 200 200 2009 年第一次临时 第一次临时 第一次临时 第一次临时股东大会 股东大会 股东大会 股东大会决议 决议 决议 决议公告 公告 公告 公告    本公司董事会及全体董事保证本公告内容不存在任何虚假记载 本公司董事会及全体董事保证本公告内容不存在任何虚假记载 本公司董事会及全体董事保证本公告内容不存在任何虚假记载 本公司董事会及全体董事保证本公告内容不存在任何虚假记载、误导性陈述或者 误导性陈述或者 误导性陈述或者 误导性陈述或者 重大遗漏 重大遗漏 重大遗漏 重大遗漏，并对其内容的真实性 并对其内容的真实性 并对其内容的真实性 并对其内容的真实性、准确性和完整性承担个别及连带责任 准确性和完整性承担个别及连带责任 准确性和完整性承担个别及连带责任 准确性和完整性承担个别及连带责任。    重要内容提示：  ● 本次会议无否决或修改提案的情况。  ● 本次会议无新提案提交表决。    一、会议召开和出席情况 会议召开和出席情况 会议召开和出席情况 会议召开和出席情况  扬州亚星客车股份有限公司(以下简称“公司”)2009 年第一次临时股 东大会于2009 年12 月10 日上午9：30 在扬州市广源丁山大酒店召开， 会议由董事长魏洁先生主持。会议召集人公司董事会已于2009 年11 月 25 日在《上海证券报》发布了关于召开本次股东大会的通知。  出席会议的股东和代理人共8 人，所持有表决权的股份总数为  129,086,400 股，占公司有表决权股份总数的比例为58.68%。  公司董事、监事、董事会秘书及公司聘请的律师出席了会议，公司高 级管理人员列席了会议。  本次股东大会的召集、召开程序、出席股东大会人员的资格以及会议 表决程序等事项符合《公司法》、《公司章程》的规定，本次会议形成的股 东大会决议合法、有效。    二、提案审议情况 提案审议情况 提案审议情况 提案审议情况  本次股东大会以记名投票表决的方式审议通过了《关于扬州柴油机有 限责任公司股权转让暨关联交易的议案》。   同意票1,466,800股，占出席会议股东有表决权股份数的100%；反对 票0股；弃权票0股。关联股东江苏亚星汽车集团有限公司回避表决,其所 代表的股份数未计入有表决权股份数。本议案获表决通过。    三、律师见证情况 律师见证情况 律师见证情况 律师见证情况  本次股东大会经江苏苏源律师事务所冯辕律师、朱东律师见证并出具 了法律意见书，认为公司本次股东大会的召集、召开程序、出席股东大会 人员的资格以及会议表决程序等事项符合有关法律、法规以及《公司章程》 的规定，本次会议形成的股东大会决议合法、有效。    四、备查文件目录 备查文件目录 备查文件目录 备查文件目录  1、2009 年第一次临时股东大会决议。  2、江苏苏源律师事务所出具的法律意见书。            扬州亚星客车股份有限公司董事会  2009 年12 月10 日        ",亚星客车,
600213,2009-12-11,57386842,2009年第一次临时股东大会的法律意见书,https://static.cninfo.com.cn/finalpage/2009-12-11/57386842.PDF,9a4ccc1728965c6c29b23424b9f6189677a770ad57a01177cc0bc84d0f8cfe91,53538,D:\动量策略\微盘股对冲策略\research_reports\20260926_l1_repair\st_timing\initial_2010_st\near_date_pdfs\600213_57386842.pdf,"江苏苏源律师事务所 江苏苏源律师事务所 江苏苏源律师事务所 江苏苏源律师事务所  关于扬州亚星客车股份有限公司 关于扬州亚星客车股份有限公司 关于扬州亚星客车股份有限公司 关于扬州亚星客车股份有限公司  200 200 200 2009 年第一次临时 第一次临时 第一次临时 第一次临时股东大会的 股东大会的 股东大会的 股东大会的  法律意见书 法律意见书 法律意见书 法律意见书    致：扬州亚星客车股份有限公司  江苏苏源律师事务所（下称“本所”）接受扬州亚星客车股份有限公司（下 称“公司”）之委托，指派从事证券法律业务的律师出席公司2009 年第一次临时 股东大会，并出具法律意见。本所律师审查了公司提供的相关文件，并进行了必 要的验证，根据《中华人民共和国公司法》、《中华人民共和国证券法》、《上市公 司股东大会规范意见》等相关法律、法规及《扬州亚星客车股份有限公司章程》 （下称“《公司章程》”）的规定，现对本次股东大会召集、召开程序、出席人员 资格、表决程序、结果等相关事项发表法律意见如下：    一、关于股东大会的召集、召开程序  本次股东大会由公司董事会召集，公司董事长魏洁先生主持，于2009 年12 月10 日上午9 时30 分在扬州市广源丁山大酒店召开。  公司董事会于2009 年11 月25 日在《上海证券报》上刊登了《扬州亚星客 车股份有限公司第四届董事会第六次会议决议暨召开2009 年第一次临时股东大 会的通知公告》。公告中明确了股权登记日公司所有股东均有权参加会议，公告 内容包括了会议议题、时间、地点以及参加会议须出示、提交的文件等。  经审查本次股东大会召集、召开的程序符合有关法律、法规和《公司章程》 的规定，会议召开的实际时间、地点和内容均与会议通知公告一致。    二、关于出席股东大会人员的资格  出席本次股东大会的股东（包括股东代理人）共8 人，代表股份129,086,400 股，占公司总股份的58.68％，上述人士提交了证明其股东身份的合法文件。此 外，公司董事、监事、董事会秘书以及其他高级管理人员出席了会议。公司聘请 的律师亦出席会议，并对会议进行见证。  经验证，出席本次股东大会的人员资格符合《公司法》、《公司章程》的相关 规定。     三、关于股东大会的表决程序  本次股东大会的表决以记名投票表决的方式进行，表决程序合法、有效。  因本次股东大会审议的《扬州亚星客车股份有限公司关于扬州柴油机有限责 任公司股权转让暨关联交易的议案》涉及关联交易事项，关联股东江苏亚星汽车 集团有限公司在表决时予以回避，不参与投票表决，其所代表的有表决权的股份 数127,619,600 股不计入有效表决权股份总数，实际有表决权股份数为 1,466,800 股。  会议以1,466,800 股同意，0 股反对，0 股弃权审议通过《扬州亚星客车股 份有限公司关于扬州柴油机有限责任公司股权转让暨关联交易的议案》。    四、结论  综上所述，本所认为，公司本次股东大会的召集、召开程序、出席股东大会 人员的资格以及会议表决程序等事项符合有关法律、法规以及《公司章程》的规 定。  本次会议形成的股东大会决议合法、有效。      五、关于新提案的提出  本次股东大会上，监事会和股东没有提出董事会会议通知中未列出的新提 案。    六、其它  本《法律意见书》经本所加盖印章及经办律师签署后生效。  本所同意将本《法律意见书》随公司本次股东大会决议按有关规定予以公告。 非经本所同意不得用于其它任何目的。              ",,
600213,2009-12-30,57452580,关于拟转让参股公司股权的公告,https://static.cninfo.com.cn/finalpage/2009-12-30/57452580.PDF,6fad6f004c6c3bd10101f518da4243a7df2d03dc56e5ba83b8d4043c46e19b04,36815,D:\动量策略\微盘股对冲策略\research_reports\20260926_l1_repair\st_timing\initial_2010_st\near_date_pdfs\600213_57452580.pdf,证券代码 证券代码 证券代码 证券代码 600213                                                          证券简称 证券简称 证券简称 证券简称 亚星客车 亚星客车 亚星客车 亚星客车                                                                          编号 编号 编号 编号：2009-26    扬州亚星客车股份有限公司 扬州亚星客车股份有限公司 扬州亚星客车股份有限公司 扬州亚星客车股份有限公司  关于拟转让参股公司股权的 关于拟转让参股公司股权的 关于拟转让参股公司股权的 关于拟转让参股公司股权的公告 公告 公告 公告      本公司董事会及全体董事保证本公告内容不存在任何虚假记载 本公司董事会及全体董事保证本公告内容不存在任何虚假记载 本公司董事会及全体董事保证本公告内容不存在任何虚假记载 本公司董事会及全体董事保证本公告内容不存在任何虚假记载、误导性陈述或者 误导性陈述或者 误导性陈述或者 误导性陈述或者 重大遗漏 重大遗漏 重大遗漏 重大遗漏，并对其内容的真实性 并对其内容的真实性 并对其内容的真实性 并对其内容的真实性、准确性和完整性承担个别及连带责任 准确性和完整性承担个别及连带责任 准确性和完整性承担个别及连带责任 准确性和完整性承担个别及连带责任。    公司与江苏吴江丝绸集团有限公司（江苏吴江中国东方丝绸市场股份 有限公司的控股股东）达成初步意向，公司拟将持有的天骄科技创业投资 有限公司33.33%股权转让给江苏吴江丝绸集团有限公司，交易价格根据审 计、评估结果由双方协商确定，本次交易尚需按《公司章程》规定履行决 策程序。  天骄科技创业投资有限公司注册资本9000 万元，公司、江苏吴江中 国东方丝绸市场股份有限公司、南京医药集团有限责任公司各占三分之 一。  上述交易尚存在不确定因素，公司将根据进展情况按规定进行信息披 露。        特此公告。        扬州亚星客车股份有限公司董事会  2009 年12 月29 日  ,,
600242,2009-10-26,57201461,2009年第三季度报告,https://static.cninfo.com.cn/finalpage/2009-10-26/57201461.PDF,4b137e26583868bd3ef19376a7cf40155e371c4d0cb3916f4e83a59a1f3117a2,156801,D:\动量策略\微盘股对冲策略\research_reports\20260926_l1_repair\st_timing\initial_2010_st\near_date_pdfs\600242_57201461.pdf,        广东华龙集团股份有限公司      2009 年第三季度报告         600242    广东华龙集团股份有限公司2009 年第三季度报告    1   目录  §1 重要提示.......................................................................... 2  §2 公司基本情况...................................................................... 2  §3 重要事项.......................................................................... 3  §4 附录.............................................................................. 4    ,,
600242,2009-10-28,57214765,关于重大资产重组进展公告,https://static.cninfo.com.cn/finalpage/2009-10-28/57214765.PDF,891eb3d8afc173ca1b91cf5447262796a2d54a8a562a26956dfa60d5503ed0b0,81042,D:\动量策略\微盘股对冲策略\research_reports\20260926_l1_repair\st_timing\initial_2010_st\near_date_pdfs\600242_57214765.pdf,"  1 证券代码：600242       证券简称：ST 华龙        编号：临2009-39  广东华龙集团股份有限公司  关于重大资产重组进展公告    本公司及董事会全体成员保证公告内容的真实、准确和完整，对公告的虚假记载、 误导性陈述或者重大遗漏负连带责任。    公司向上海三盛宏业投资（集团）有限责任公司（以下简称三盛宏业）和 陈立军非公开发行股份购买其所持有的舟山中昌海运股份有限公司（以下简称中 昌海运）的100%股权事项进展如下：      中国证监会《反馈意见》要求的回复材料已上报中国证监会。现正在受理过 程中。  本次重大资产重组能否获得中国证监会的核准存在不确定性。本公司郑重提 醒广大投资者：公司指定信息披露媒体为《中国证券报》及上海证券交易所网站 （www.sse.com.cn）,有关公司信息以公司在上述指定媒体刊登的公告为准，敬 请广大投资者理性投资，注意投资风险。  特此公告。    广东华龙集团股份有限公司  二○○九年十月二十七日    ",ST,
600242,2009-11-26,57331931,关于重大资产重组进展公告,https://static.cninfo.com.cn/finalpage/2009-11-26/57331931.PDF,41252d360026e11f2e8ca011f3403959a84d2a01fe0b130efeea72b3c50f2e9a,45734,D:\动量策略\微盘股对冲策略\research_reports\20260926_l1_repair\st_timing\initial_2010_st\near_date_pdfs\600242_57331931.pdf,"  1  证券代码：600242       证券简称：ST 华龙        编号：临2009-40  广东华龙集团股份有限公司 广东华龙集团股份有限公司 广东华龙集团股份有限公司 广东华龙集团股份有限公司  关于重大资产重组进展 关于重大资产重组进展 关于重大资产重组进展 关于重大资产重组进展公告 公告 公告 公告    本公司及董事会全体成员保证公告内容的真实、准确和完整，对公告的虚假记载、 误导性陈述或者重大遗漏负连带责任。    公司向上海三盛宏业投资（集团）有限责任公司（以下简称三盛宏业）和 陈立军非公开发行股份购买其所持有的舟山中昌海运股份有限公司（以下简称中 昌海运）的100%股权事项进展如下：      中国证监会《反馈意见》要求的回复材料已上报中国证监会。现正在审理过 程中。  本次重大资产重组能否获得中国证监会的核准存在不确定性。本公司郑重提 醒广大投资者：公司指定信息披露媒体为《中国证券报》及上海证券交易所网站 （www.sse.com.cn）,有关公司信息以公司在上述指定媒体刊登的公告为准，敬 请广大投资者理性投资，注意投资风险。  特此公告。    广东华龙集团股份有限公司  二○○九年十一月二十五日    ",ST,
600242,2009-12-28,57443543,关于重大资产重组进展公告,https://static.cninfo.com.cn/finalpage/2009-12-28/57443543.PDF,dd478a638fba592ca38e43993ecc5d1dcd86755556403f734f8679f5d15a239d,42702,D:\动量策略\微盘股对冲策略\research_reports\20260926_l1_repair\st_timing\initial_2010_st\near_date_pdfs\600242_57443543.pdf,"证券代码：600242     证券简称：ST 华龙     编号：临2009-41    广东华龙集团股份有限公司 广东华龙集团股份有限公司 广东华龙集团股份有限公司 广东华龙集团股份有限公司  关于重大资产重组进展公告 关于重大资产重组进展公告 关于重大资产重组进展公告 关于重大资产重组进展公告    本公司及董事会全体成员保证公告内容的真实、准确和完整，对公告的虚假 记载、误导性陈述或者重大遗漏负连带责任。    公司向上海三盛宏业投资（集团）有限责任公司（以下简称三盛 宏业）和陈立军非公开发行股份购买其所持有的舟山中昌海运股份有 限公司（以下简称中昌海运）的100%股权事项进展如下：  中国证监会《反馈意见》要求的回复材料已上报中国证监会。现 正在审理过程中。  本次重大资产重组能否获得中国证监会的核准存在不确定性。本 公司郑重提醒广大投资者：公司指定信息披露媒体为《中国证券报》 及上海证券交易所网站（www.sse.com.cn）,有关公司信息以公司 在上述指定媒体刊登的公告为准，敬请广大投资者理性投资，注意投 资风险。  特此公告。      广东华龙集团股份有限公司  二○○九年十二月二十五日  ",ST,
600306,2009-12-16,57402759,出售盛京银行部分股权公告,https://static.cninfo.com.cn/finalpage/2009-12-16/57402759.PDF,577dad9315acaefd62c542c391757bfcce3c714fc0bb0e73f296756b9f212ebf,580835,D:\动量策略\微盘股对冲策略\research_reports\20260926_l1_repair\st_timing\initial_2010_st\near_date_pdfs\600306_57402759.pdf,    1 证券代码：600306        证券简称：商业城         公告编号：2009-022 号  沈阳商业城股份有限公司出售盛京银行部分股权公告  本公司及董事会全体成员保证公告内容不存在虚假记载、误导性陈述或者重大遗漏，并对其 内容的真实、准确和完整承担个别及连带责任。  重要内容提示：  ● 交易简要内容：本公司拟出售持有的盛京银行股份有限公司部分股权3450 万 股，交易金额13800 万元。  ● 本次交易未构成关联交易，也不构成重大资产重组  ● 交易实施尚需提交公司股东大会审议通过  ● 交易实施不存在重大法律障碍  一、交易概述  2009 年12 月13 日，公司与沈阳祥运热力供暖有限公司（以下简称“祥运热力”）、 沈阳市房实房产开发有限公司（以下简称“房实房产”）、沈阳市恒润投资担保有限公 司（以下简称“恒润投资”）、沈阳兴玖玖商品混凝土有限公司（以下简称“兴玖玖”） 签订《股权转让协议》，公司拟将其持有的盛京银行股权12000 万股的其中3450 万股 （占盛京银行股本总数的1.01%）以4 元/股的价格，分别转让给祥运热力1500 万股、 转让给房实房产1000 万股、转让给恒润投资650 万股、转让给兴玖玖300 万股，转 让金额13800 万元。  本交易不构成关联交易，也不构成《上市公司重大资产重组管理办法》规定的重 大资产重组。   本次资产出售事项，已经公司四届董事会第六次会议审议通过，尚需提交公司股 东大会审议批准。  二、 交易对方情况介绍  （一）祥运热力  1、基本情况  名称：沈阳祥运热力供暖有限公司  注册资本：10620 万元  法定代表人：陈明哲  企业性质：有限责任公司  注册地：沈阳市沈河区青年大街216-1 甲号  成立日期：2005 年3 月29 日  经营范围：供暖服务，锅炉改造、安装、水暖设备、机电设备维修。  2、祥运热力与本公司及本公司前十名股东在产权、业务、资产、债权债务、人 员等方面不存在关联关系。       2 3、祥运热力财务状况：截至2009 年10 月，公司的总资产为73162 万元，净资 产为24605 万元，营业收入为9012 万元，净利润为243 万元。  （二）恒润投资  1、基本情况  名称：沈阳市恒润投资担保有限责任公司  注册资本：5000 万元  法定代表人：贾秀云  企业性质：有限责任  注册地：沈阳市沈河区西顺城街247 号  成立日期：2005 年12 月14 日  经营范围：中小企业贷款担保、项目投资担保、合同质押担保，项目投资、实业 投资、项目投资咨询、企业资产重组策划与代理服务，房地产信息咨询与中介服务。  2、恒润投资与本公司及本公司前十名股东在产权、业务、资产、债权债务、人 员等方面不存在关联关系。  3、财务状况：截至2009 年10 月，公司的总资产为5419 万元，净资产为5356 万元，营业收入163 万元，净利润73 万元。  （三）兴玖玖  1、基本情况  名称：沈阳兴玖玖商品混凝土有限公司  注册资本：120 万美元  法定代表人：迟军  企业性质：有限责任公司  注册地：沈阳市于洪区造化镇造化村  成立日期：2004 年7 月14 日  经营范围：生产、销售混凝土，预制构件及外加剂   2、兴玖玖与本公司及本公司前十名股东在产权、业务、资产、债权债务、人员 等方面不存在关联关系。  3、财务状况：截至2009 年9 月30 日，公司的总资产为15993 万元，净资产为 10950 万元，净利润为2284 万元。  （四）房实房产  1、基本情况  名称：沈阳市房实房产开发有限公司  注册资本：1000 万元  法定代表人：孙滢  ,商业城,
600306,2009-12-25,57435770,2009年第3次临时股东大会会议资料,https://static.cninfo.com.cn/finalpage/2009-12-25/57435770.PDF,b3ea26fb1fe747437b5ee4ca5443ba790c7dc91049a1ff3ba4ebabcd379d0879,105871,D:\动量策略\微盘股对冲策略\research_reports\20260926_l1_repair\st_timing\initial_2010_st\near_date_pdfs\600306_57435770.pdf,  1  商业城 商业城 商业城 商业城2009 2009 2009 2009 年第 年第 年第 年第3 次临时股东大会资料 次临时股东大会资料 次临时股东大会资料 次临时股东大会资料    关于出售公司持有的盛京银行部分股权的议案 关于出售公司持有的盛京银行部分股权的议案 关于出售公司持有的盛京银行部分股权的议案 关于出售公司持有的盛京银行部分股权的议案    ● 交易简要内容 交易简要内容 交易简要内容 交易简要内容：本公司拟出售持有的盛京银行股份有限公司部分股权 本公司拟出售持有的盛京银行股份有限公司部分股权 本公司拟出售持有的盛京银行股份有限公司部分股权 本公司拟出售持有的盛京银行股份有限公司部分股权3450 3450 3450 3450 万股 万股 万股 万股， 交易金额 交易金额 交易金额 交易金额13800 13800 13800 13800 万元 万元 万元 万元。  ● 本次交易未构成关联交易 本次交易未构成关联交易 本次交易未构成关联交易 本次交易未构成关联交易，也不构成重大资产重组 也不构成重大资产重组 也不构成重大资产重组 也不构成重大资产重组  ● 交易实施尚需提交公司股东股东大会审议通过 交易实施尚需提交公司股东股东大会审议通过 交易实施尚需提交公司股东股东大会审议通过 交易实施尚需提交公司股东股东大会审议通过  ● 交易实施不存在重大法律障碍 交易实施不存在重大法律障碍 交易实施不存在重大法律障碍 交易实施不存在重大法律障碍  一、交易概述 交易概述 交易概述 交易概述  2009 2009 2009 2009 年12 12 12 12 月13 13 13 13 日，公司与沈阳祥运热力供暖有限公司 公司与沈阳祥运热力供暖有限公司 公司与沈阳祥运热力供暖有限公司 公司与沈阳祥运热力供暖有限公司（以下简称 以下简称 以下简称 以下简称“祥运热力 祥运热力 祥运热力 祥运热力”）、 ）、 ）、 ）、 沈阳市房实房产开发有限公司 沈阳市房实房产开发有限公司 沈阳市房实房产开发有限公司 沈阳市房实房产开发有限公司（以下简称 以下简称 以下简称 以下简称“房实房产 房实房产 房实房产 房实房产”）、 ）、 ）、 ）、沈阳市恒润投资担保有限公 沈阳市恒润投资担保有限公 沈阳市恒润投资担保有限公 沈阳市恒润投资担保有限公 司（以下简称 以下简称 以下简称 以下简称“恒润投资 恒润投资 恒润投资 恒润投资”）、 ）、 ）、 ）、沈阳兴玖玖商品混凝土有限公司 沈阳兴玖玖商品混凝土有限公司 沈阳兴玖玖商品混凝土有限公司 沈阳兴玖玖商品混凝土有限公司（以下简称 以下简称 以下简称 以下简称“兴玖玖 兴玖玖 兴玖玖 兴玖玖”） 签订 签订 签订 签订《股权转让协议 股权转让协议 股权转让协议 股权转让协议》， 》， 》， 》，公司拟将其持有的盛京银行股权 公司拟将其持有的盛京银行股权 公司拟将其持有的盛京银行股权 公司拟将其持有的盛京银行股权12000 12000 12000 12000 万股的其中 万股的其中 万股的其中 万股的其中3450 3450 3450 3450 万股 万股 万股 万股 （占盛京银行股本总数的 占盛京银行股本总数的 占盛京银行股本总数的 占盛京银行股本总数的1.01% 1.01% 1.01% 1.01%）以4 元/股的价格 股的价格 股的价格 股的价格，分别转让给祥运热力 分别转让给祥运热力 分别转让给祥运热力 分别转让给祥运热力1500 1500 1500 1500 万股 万股 万股 万股、 转让给房实房产 转让给房实房产 转让给房实房产 转让给房实房产1000 1000 1000 1000 万股 万股 万股 万股、转让给恒润投资 转让给恒润投资 转让给恒润投资 转让给恒润投资650 650 650 650 万股 万股 万股 万股、转让给兴玖玖 转让给兴玖玖 转让给兴玖玖 转让给兴玖玖300 300 300 300 万股 万股 万股 万股，转让 转让 转让 转让 金额 金额 金额 金额13800 13800 13800 13800 万元 万元 万元 万元。  本交易不构成关联交易 本交易不构成关联交易 本交易不构成关联交易 本交易不构成关联交易，也不构成 也不构成 也不构成 也不构成《上市公司重大资产重组管理办法 上市公司重大资产重组管理办法 上市公司重大资产重组管理办法 上市公司重大资产重组管理办法》规定的重大 规定的重大 规定的重大 规定的重大 资产重组 资产重组 资产重组 资产重组。   本次资产出售事项 本次资产出售事项 本次资产出售事项 本次资产出售事项，需经公司四届董事会第六次会议审议通过 需经公司四届董事会第六次会议审议通过 需经公司四届董事会第六次会议审议通过 需经公司四届董事会第六次会议审议通过，尚需提交公司股东 尚需提交公司股东 尚需提交公司股东 尚需提交公司股东 大会审议批准 大会审议批准 大会审议批准 大会审议批准。  二、 交易对方 交易对方 交易对方 交易对方情况介绍 情况介绍 情况介绍 情况介绍  （一）祥运热力 祥运热力 祥运热力 祥运热力  1、基本情况 基本情况 基本情况 基本情况  名称 名称 名称 名称：沈阳祥运热力供暖有限公司 沈阳祥运热力供暖有限公司 沈阳祥运热力供暖有限公司 沈阳祥运热力供暖有限公司  注册资本 注册资本 注册资本 注册资本：10620 10620 10620 10620 万元 万元 万元 万元  法定代表人 法定代表人 法定代表人 法定代表人：陈明哲 陈明哲 陈明哲 陈明哲  企业性质 企业性质 企业性质 企业性质：有限责任公司 有限责任公司 有限责任公司 有限责任公司  注册地 注册地 注册地 注册地：沈阳市沈河区青年大街 沈阳市沈河区青年大街 沈阳市沈河区青年大街 沈阳市沈河区青年大街216 216 216 216-1 甲号 甲号 甲号 甲号  成立日期 成立日期 成立日期 成立日期；2005 2005 2005 2005 年3 月29 29 29 29 日  经营范围 经营范围 经营范围 经营范围：供暖服务 供暖服务 供暖服务 供暖服务，锅炉改造 锅炉改造 锅炉改造 锅炉改造、安装 安装 安装 安装、水暖设备 水暖设备 水暖设备 水暖设备、机电设备维修 机电设备维修 机电设备维修 机电设备维修。  2、祥运热力与本公司及本公司前十名股东在产权 祥运热力与本公司及本公司前十名股东在产权 祥运热力与本公司及本公司前十名股东在产权 祥运热力与本公司及本公司前十名股东在产权、业务 业务 业务 业务、资产 资产 资产 资产、债权债务 债权债务 债权债务 债权债务、人员 人员 人员 人员 等方面不存在关联关系 等方面不存在关联关系 等方面不存在关联关系 等方面不存在关联关系。  3、祥运热力财务状况 祥运热力财务状况 祥运热力财务状况 祥运热力财务状况：截至 截至 截至 截至2009 2009 2009 2009 年10 10 10 10 月，公司的总资产为 公司的总资产为 公司的总资产为 公司的总资产为73162 73162 73162 73162 万元 万元 万元 万元，净资产 净资产 净资产 净资产 为24605 24605 24605 24605 万元 万元 万元 万元，营业收入为 营业收入为 营业收入为 营业收入为9012 9012 9012 9012 万元 万元 万元 万元，净利润为 净利润为 净利润为 净利润为243 243 243 243 万元 万元 万元 万元。  （二）恒润投资 恒润投资 恒润投资 恒润投资     2  1、基本情况 基本情况 基本情况 基本情况  名称 名称 名称 名称：沈阳市恒润投资担保有限责任公司 沈阳市恒润投资担保有限责任公司 沈阳市恒润投资担保有限责任公司 沈阳市恒润投资担保有限责任公司  注册资本 注册资本 注册资本 注册资本：5000 5000 5000 5000 万元 万元 万元 万元  法定代表人 法定代表人 法定代表人 法定代表人：贾秀云 贾秀云 贾秀云 贾秀云  企业性质 企业性质 企业性质 企业性质：有限责任 有限责任 有限责任 有限责任  注册地 注册地 注册地 注册地：沈阳市沈河区西顺城街 沈阳市沈河区西顺城街 沈阳市沈河区西顺城街 沈阳市沈河区西顺城街247 247 247 247 号  成立日期 成立日期 成立日期 成立日期：2005 2005 2005 2005 年12 12 12 12 月14 14 14 14 日  经营范围 经营范围 经营范围 经营范围：中小企业贷款担保 中小企业贷款担保 中小企业贷款担保 中小企业贷款担保、项目投资担保 项目投资担保 项目投资担保 项目投资担保、合同质押担保 合同质押担保 合同质押担保 合同质押担保，项目投资 项目投资 项目投资 项目投资、实业投 实业投 实业投 实业投 资、项目投资咨询 项目投资咨询 项目投资咨询 项目投资咨询、企业资产重组策划与代理服务 企业资产重组策划与代理服务 企业资产重组策划与代理服务 企业资产重组策划与代理服务，房地产信息咨询与中介服务 房地产信息咨询与中介服务 房地产信息咨询与中介服务 房地产信息咨询与中介服务。  2、恒润投资与本公司及本公司前十名股东在产权 恒润投资与本公司及本公司前十名股东在产权 恒润投资与本公司及本公司前十名股东在产权 恒润投资与本公司及本公司前十名股东在产权、业务 业务 业务 业务、资产 资产 资产 资产、债权债务 债权债务 债权债务 债权债务、人员 人员 人员 人员 等方面不存在关联关系 等方面不存在关联关系 等方面不存在关联关系 等方面不存在关联关系。  3、财务状况 财务状况 财务状况 财务状况：截至 截至 截至 截至2009 2009 2009 2009 年10 10 10 10 月，公司的总资产为 公司的总资产为 公司的总资产为 公司的总资产为5419 5419 5419 5419 万元 万元 万元 万元，净资产为 净资产为 净资产为 净资产为5356 5356 5356 5356 万 元。营业收入 营业收入 营业收入 营业收入163 163 163 163 万元 万元 万元 万元，净利润 净利润 净利润 净利润73 73 73 73 万元 万元 万元 万元。  （三）兴玖玖 兴玖玖 兴玖玖 兴玖玖  1、基本情况 基本情况 基本情况 基本情况  名称 名称 名称 名称：沈阳兴玖玖商品混凝土有限公司 沈阳兴玖玖商品混凝土有限公司 沈阳兴玖玖商品混凝土有限公司 沈阳兴玖玖商品混凝土有限公司  注册资本 注册资本 注册资本 注册资本：120 120 120 120 万美元 万美元 万美元 万美元  法定代表人 法定代表人 法定代表人 法定代表人：迟军 迟军 迟军 迟军 ,,
600306,2010-01-04,57463786,2009年第三次临时股东大会决议公告,https://static.cninfo.com.cn/finalpage/2010-01-04/57463786.PDF,a1cc6e32d2f306769dbe1739f7b1f1647b74b5b859d49d6d818b8433a40e3a67,46802,D:\动量策略\微盘股对冲策略\research_reports\20260926_l1_repair\st_timing\initial_2010_st\near_date_pdfs\600306_57463786.pdf,  1  证券代码 证券代码 证券代码 证券代码：600306          证券简称 证券简称 证券简称 证券简称：商业城 商业城 商业城 商业城            编号 编号 编号 编号：临2010-001 号    沈阳商业城股份有限公司 沈阳商业城股份有限公司 沈阳商业城股份有限公司 沈阳商业城股份有限公司  200 200 200 2009 年第3 次临时 次临时 次临时 次临时股东大会决议公告 股东大会决议公告 股东大会决议公告 股东大会决议公告    本公司董事会及全体董事保证本公告内容不存在任何虚假记载 本公司董事会及全体董事保证本公告内容不存在任何虚假记载 本公司董事会及全体董事保证本公告内容不存在任何虚假记载 本公司董事会及全体董事保证本公告内容不存在任何虚假记载、误导性陈述或者 误导性陈述或者 误导性陈述或者 误导性陈述或者 重大遗漏 重大遗漏 重大遗漏 重大遗漏，并对其内容的真实性 并对其内容的真实性 并对其内容的真实性 并对其内容的真实性、准确性和完整性承担个别及连带责任 准确性和完整性承担个别及连带责任 准确性和完整性承担个别及连带责任 准确性和完整性承担个别及连带责任。    重要提示 重要提示 重要提示 重要提示  ●本次会议无新增 本次会议无新增 本次会议无新增 本次会议无新增、变更及否决议案的情况 变更及否决议案的情况 变更及否决议案的情况 变更及否决议案的情况    一、会议的召开和出席情况 会议的召开和出席情况 会议的召开和出席情况 会议的召开和出席情况  沈阳商业城股份有限公司 沈阳商业城股份有限公司 沈阳商业城股份有限公司 沈阳商业城股份有限公司（以下简称公司 以下简称公司 以下简称公司 以下简称公司）2009 年第3 次临时 次临时 次临时 次临时股东大会 股东大会 股东大会 股东大会，于2009 年12 月31 日上午9：30 分在公司会议室召 在公司会议室召 在公司会议室召 在公司会议室召开，会议由董事会召集 会议由董事会召集 会议由董事会召集 会议由董事会召集，董事长张殿华先 董事长张殿华先 董事长张殿华先 董事长张殿华先 生主持 生主持 生主持 生主持。出席本次大会的股东及股东代表共计 出席本次大会的股东及股东代表共计 出席本次大会的股东及股东代表共计 出席本次大会的股东及股东代表共计5 人，代表股份 代表股份 代表股份 代表股份44790456 股，占公司股 占公司股 占公司股 占公司股 份总数的 份总数的 份总数的 份总数的25.14%，公司董事 公司董事 公司董事 公司董事、监事 监事 监事 监事、高级管理人员 高级管理人员 高级管理人员 高级管理人员、律师事务所见证律师列席会议 律师事务所见证律师列席会议 律师事务所见证律师列席会议 律师事务所见证律师列席会议， 符合 符合 符合 符合《公司法 公司法 公司法 公司法》和《公司章程 公司章程 公司章程 公司章程》的有关规定 的有关规定 的有关规定 的有关规定。    二、议案审议表决情况 议案审议表决情况 议案审议表决情况 议案审议表决情况  会议以现场记名投票表决的方式 会议以现场记名投票表决的方式 会议以现场记名投票表决的方式 会议以现场记名投票表决的方式，审议并表决通过了 审议并表决通过了 审议并表决通过了 审议并表决通过了：    1、《 、《 、《 、《关于出售盛京银行部分股权的议案 关于出售盛京银行部分股权的议案 关于出售盛京银行部分股权的议案 关于出售盛京银行部分股权的议案》  同意 同意 同意 同意44790456 股，占参会有表决权股份总数的 占参会有表决权股份总数的 占参会有表决权股份总数的 占参会有表决权股份总数的100%； 反对 反对 反对 反对0 股，弃权 弃权 弃权 弃权0 股。    2、《 、《 、《 、《关于核销职工安置费用的议案 关于核销职工安置费用的议案 关于核销职工安置费用的议案 关于核销职工安置费用的议案》  同意 同意 同意 同意44790456 股，占参会有表决权股份总数的 占参会有表决权股份总数的 占参会有表决权股份总数的 占参会有表决权股份总数的100%； 反对 反对 反对 反对0 股，弃权 弃权 弃权 弃权0 股。    3、《 、《 、《 、《关于增选佟雅娟为公司董事的议案 关于增选佟雅娟为公司董事的议案 关于增选佟雅娟为公司董事的议案 关于增选佟雅娟为公司董事的议案》  同意 同意 同意 同意44790456 股，占参会有表决权股份总数的 占参会有表决权股份总数的 占参会有表决权股份总数的 占参会有表决权股份总数的100%； 反对 反对 反对 反对0 股，弃权 弃权 弃权 弃权0 股。    三、律师见证意见 律师见证意见 律师见证意见 律师见证意见  辽宁成功金盟 辽宁成功金盟 辽宁成功金盟 辽宁成功金盟律师事务所 律师事务所 律师事务所 律师事务所律师 律师 律师 律师徐静波 徐静波 徐静波 徐静波、崔增平 崔增平 崔增平 崔增平为本次股东大会作见证意见 为本次股东大会作见证意见 为本次股东大会作见证意见 为本次股东大会作见证意见。见证 见证 见证 见证 律师认为 律师认为 律师认为 律师认为：本次 本次 本次 本次股东大会的召集 股东大会的召集 股东大会的召集 股东大会的召集、召开程序符合 召开程序符合 召开程序符合 召开程序符合相关 相关 相关 相关法律 法律 法律 法律、法规 法规 法规 法规、规范性文件和 规范性文件和 规范性文件和 规范性文件和《公 司章程 司章程 司章程 司章程》的有关规定 的有关规定 的有关规定 的有关规定，本次 本次 本次 本次股东大会的 股东大会的 股东大会的 股东大会的召集人资格 召集人资格 召集人资格 召集人资格、出席人员资格 出席人员资格 出席人员资格 出席人员资格、表决方式 表决方式 表决方式 表决方式、表决 表决 表决 表决 程序 程序 程序 程序和表决结果 和表决结果 和表决结果 和表决结果合法 合法 合法 合法、有效 有效 有效 有效。    四、备查文件 备查文件 备查文件 备查文件  1、本次股东大会决议 本次股东大会决议 本次股东大会决议 本次股东大会决议  2、律师事务所出具的法 律师事务所出具的法 律师事务所出具的法 律师事务所出具的法律意见书 律意见书 律意见书 律意见书    特此公告 特此公告 特此公告 特此公告。    沈阳商业城股份有限公司 沈阳商业城股份有限公司 沈阳商业城股份有限公司 沈阳商业城股份有限公司  2009 年12 月31 日  ,商业城,
600306,2010-01-04,57463787,2009年第三次临时股东大会的法律意见书,https://static.cninfo.com.cn/finalpage/2010-01-04/57463787.PDF,def482142f88c71ca61cedbe66f2f3e3ad777d297c492d3a7bc0840d6abd5998,54393,D:\动量策略\微盘股对冲策略\research_reports\20260926_l1_repair\st_timing\initial_2010_st\near_date_pdfs\600306_57463787.pdf,"    1 辽宁成功金盟律师事务所 辽宁成功金盟律师事务所 辽宁成功金盟律师事务所 辽宁成功金盟律师事务所关于沈阳 关于沈阳 关于沈阳 关于沈阳商业城股份有限公司 商业城股份有限公司 商业城股份有限公司 商业城股份有限公司  二OO OO OO OO 九年第三次临时 次临时 次临时 次临时股东大会的法律意见 股东大会的法律意见 股东大会的法律意见 股东大会的法律意见    致：沈阳商业城股份有限公司  依据《中华人民共和国证券法》、《中华人民共和国公司法》、《上市公司 股东大会规范意见》和《沈阳商业城股份有限公司章程》的有关规定，辽宁 成功金盟律师事务所接受沈阳商业城股份有限公司（以下称公司）的委托， 指派徐静波、崔增平律师就公司于2009 年12 月31 日召开的2009 年第三次 临时股东大会出具本法律意见。  本所按照律师行业公认的业务标准、道德规范和勤勉尽责精神，指派律 师列席本次股东大会，并对公司本次股东大会的有关事宜进行了验证，现出 具法律意见如下：  一、股东大会的召集程序、召开程序合法  本次股东大会经公司董事会决议召集。有关召开会议的主要事项，公司 董事会已通过《中国证券报》、《上海证券报》以公告形式通知全体股东。本 次股东大会如期于2009 年12 月31 日上午9：30 分在沈阳市中街路212 号 公司五楼会议室召开。  公司董事长张殿华主持本次股东大会，会议完成了全部议程。本次股东 大会已当场作出股东大会决议，并由出席会议的董事、董事会秘书签名存档。  本次股东大会召集、召开程序符合有关法律、法规、《上市公司股东大 会规范意见》和《沈阳商业城股份有限公司章程》的规定。  二、出席本次股东大会的人员具有资格  根据本次股东大会的《股东签名册》和本所经办律师的查验，出席本次 股东大会的股东及股东代表共 5 人，代表公司股份44,790,456 股，占公司有      2 表决权总股份的25.14%。经本所经办律师审查后确认，上述参加会议人员的 资格均符合相关法律、法规的规定。  三、股东大会表决程序符合法律和公司章程  本次股东大会对列入会议通知的议案进行了表决；表决经监票人员负责 清点，当场公布表决结果； 《关于出售公司持有的盛京银行部分股权的议案》、 《关于核销公司职工安置费用的议案》、《关于增选佟雅娟为公司董事的议 案》三项议案，经表决同意44,790,456 股，占参会有表决权股份总数100%； 反对0 股；弃权0 股。出席会议的股东未对表决结果提出异议。  本次股东大会对议案的表决程序符合《中华人民共和国公司法》、《沈阳 商业城股份有限公司章程》和本次股东大会表决方式的相关规定。  四、股东大会通过的决议合法有效  本次股东大会经合法程序表决，通过的本次股东大会《关于转让公司持 有的盛京银行部分股权的议案》、《关于核销职工安置费用的议案》、《关 于增选佟雅娟为公司董事的议案》合法有效。    本法律意见书正本两份，副本两份。                  ",,
600306,2010-01-12,57494675,2009年年度业绩扭亏公告,https://static.cninfo.com.cn/finalpage/2010-01-12/57494675.PDF,4e582e52ed1a72e60d6625be85f8b8563eb5f7faf2a80119fa7c4ad6b7641189,36185,D:\动量策略\微盘股对冲策略\research_reports\20260926_l1_repair\st_timing\initial_2010_st\near_date_pdfs\600306_57494675.pdf,"证券代码 证券代码 证券代码 证券代码：600306        股票简称 股票简称 股票简称 股票简称：商业城 商业城 商业城 商业城       公告编号 公告编号 公告编号 公告编号：临2010-002    沈阳商业城股份有限公司 沈阳商业城股份有限公司 沈阳商业城股份有限公司 沈阳商业城股份有限公司200 200 200 2009 年年度业绩扭 年年度业绩扭 年年度业绩扭 年年度业绩扭亏公告 公告 公告 公告        本公司董事会及全体董事保证本公告内容不存在任何虚假记载 本公司董事会及全体董事保证本公告内容不存在任何虚假记载 本公司董事会及全体董事保证本公告内容不存在任何虚假记载 本公司董事会及全体董事保证本公告内容不存在任何虚假记载、误导性陈 误导性陈 误导性陈 误导性陈 述或者重大遗漏 述或者重大遗漏 述或者重大遗漏 述或者重大遗漏，并对其内容的真实性 并对其内容的真实性 并对其内容的真实性 并对其内容的真实性、准确性和完整性承担个别及连带责任 准确性和完整性承担个别及连带责任 准确性和完整性承担个别及连带责任 准确性和完整性承担个别及连带责任。        一、预计本期业绩 预计本期业绩 预计本期业绩 预计本期业绩  1、业绩预告期间 业绩预告期间 业绩预告期间 业绩预告期间  2009 年1 月1 日至 日至 日至 日至2009 年12 月31 日。  2、业绩预告情况 业绩预告情况 业绩预告情况 业绩预告情况：  经本公司 经本公司 经本公司 经本公司财会部门 财会部门 财会部门 财会部门初步测算 初步测算 初步测算 初步测算，2009 年1 月1 日至 日至 日至 日至2009 年12 月31 日全年业 日全年业 日全年业 日全年业 绩扭亏为盈 为盈 为盈 为盈。  3、本次业绩预告未经会计师事务所审计 本次业绩预告未经会计师事务所审计 本次业绩预告未经会计师事务所审计 本次业绩预告未经会计师事务所审计。  二、上年同期业绩 上年同期业绩 上年同期业绩 上年同期业绩  1、公司 公司 公司 公司2008 年度归属于母公司所有者的净利润 年度归属于母公司所有者的净利润 年度归属于母公司所有者的净利润 年度归属于母公司所有者的净利润：-21,156,551.22 元。  2、基本每股收益 基本每股收益 基本每股收益 基本每股收益-0.119 元/股。  三、业绩 业绩 业绩 业绩扭亏的原因说明 亏的原因说明 亏的原因说明 亏的原因说明  公司 公司 公司 公司于2009 年1 月份收到盛京银行 月份收到盛京银行 月份收到盛京银行 月份收到盛京银行2008 年度股利 股利 股利 股利，计入 计入 计入 计入2009 年损益 年损益 年损益 年损益，使 本公司 本公司 本公司 本公司2009 年扭亏为盈 扭亏为盈 扭亏为盈 扭亏为盈。  四、风险提示 风险提示 风险提示 风险提示  具体财务数据公司将在 具体财务数据公司将在 具体财务数据公司将在 具体财务数据公司将在2009 年年度报告中详细披露 年年度报告中详细披露 年年度报告中详细披露 年年度报告中详细披露，敬请广大投资者注意 敬请广大投资者注意 敬请广大投资者注意 敬请广大投资者注意 投资风险 投资风险 投资风险 投资风险。    特此公告 特此公告 特此公告 特此公告。        沈阳商业城股份有限公司 沈阳商业城股份有限公司 沈阳商业城股份有限公司 沈阳商业城股份有限公司    2010 年1 月11 日               ",商业城,
600355,2009-10-17,57157259,董事会议事规则（2009年10月）,https://static.cninfo.com.cn/finalpage/2009-10-17/57157259.PDF,4000c6cf1bb3c603179dcc7bbca34358953ed7e0b36096aa9704026dea77b153,95055,D:\动量策略\微盘股对冲策略\research_reports\20260926_l1_repair\st_timing\initial_2010_st\near_date_pdfs\600355_57157259.pdf,  董事会 董事会 董事会 董事会议事规则 议事规则 议事规则 议事规则      1  精伦电子 精伦电子 精伦电子 精伦电子股份有限公司 股份有限公司 股份有限公司 股份有限公司  董事会议事规则 董事会议事规则 董事会议事规则 董事会议事规则    （2002年8月1日第一届十一次董事会、2002年第一次临时股东大会制定；  2006年9月22日第二届第十七董事会、2006年第一次临时股东大会修订；  2009年9月22日第三届第二十次董事会、2009年10月16日2009年第一次临时股东大会  修订）      第一条 第一条 第一条 第一条  宗旨 宗旨 宗旨 宗旨  为了进一步规范本公司董事会的议事方式和决策程序，促使董事和董事会有效地履行其 职责，提高董事会规范运作和科学决策水平，根据《公司法》、《证券法》、《上市公司治理准 则》和《上海证券交易所股票上市规则》等有关规定，制订本规则。    第二条 第二条 第二条 第二条  董事会秘书处 董事会秘书处 董事会秘书处 董事会秘书处  董事会下设董事会秘书处，处理董事会日常事务。  董事会秘书兼任董事会秘书处负责人，保管董事会印章。    第三条 第三条 第三条 第三条  定期会议 定期会议 定期会议 定期会议  董事会会议分为定期会议和临时会议。  董事会每年应当至少在上下两个半年度各召开一次定期会议。上半年定期会议不迟于4 月30 日前召开，下半年定期会议不迟于8 月31 日前召开。    第四条 第四条 第四条 第四条  定期会议的提案 定期会议的提案 定期会议的提案 定期会议的提案  在发出召开董事会定期会议的通知前，董事会秘书处应当充分征求各董事的意见，初步 形成会议提案后交董事长拟定。  董事长在拟定提案前，应当视需要征求经理和其他高级管理人员的意见。    第五条 第五条 第五条 第五条  临时会议 临时会议 临时会议 临时会议  有下列情形之一的，董事会应当召开临时会议：  （一）代表十分之一以上表决权的股东提议时；  （二）三分之一以上董事联名提议时；     董事会 董事会 董事会 董事会议事规则 议事规则 议事规则 议事规则      2  （三）监事会提议时；  （四）董事长认为必要时；  （五）二分之一以上独立董事提议时；  （六）经理提议时；  （七）证券监管部门要求召开时；  （八）本公司《公司章程》规定的其他情形。    第六条 第六条 第六条 第六条  临时会议的提议程序 临时会议的提议程序 临时会议的提议程序 临时会议的提议程序  按照前条规定提议召开董事会临时会议的，应当通过董事会秘书处或者直接向董事长提 交经提议人签字（盖章）的书面提议。书面提议中应当载明下列事项：  （一）提议人的姓名或者名称；  （二）提议理由或者提议所基于的客观事由；   （三）提议会议召开的时间或者时限、地点和方式；  （四）明确和具体的提案；  （五）提议人的联系方式和提议日期等。  提案内容应当属于本公司《公司章程》规定的董事会职权范围内的事项，与提案有关的 材料应当一并提交。  董事会秘书处在收到上述书面提议和有关材料后，应当于两个工作日内转交董事长。董 事长认为提案内容不明确、具体或者有关材料不充分的，可以要求提议人修改或者补充。  董事长应当自接到提议或者证券监管部门的要求后十日内，召集董事会会议并主持会 议。    第七条 第七条 第七条 第七条  会议的召集和主持 会议的召集和主持 会议的召集和主持 会议的召集和主持  董事会会议由董事长召集和主持；董事长不能履行职务或者不履行职务的，由半数以上 董事共同推举一名董事召集和主持。    第八条 第八条 第八条 第八条  会议通知 会议通知 会议通知 会议通知  召开董事会定期会议和临时会议，董事会秘书处应当分别提前十日和五日将盖有董事会 印章的书面会议通知，通过直接送达、信函、传真、电子邮件或者其他方式，提交全体董事 和监事以及经理、董事会秘书。非直接送达的，还应当通过电话进行确认并做相应记录。  情况紧急，需要尽快召开董事会临时会议的，可以随时通过电话或者其他口头方式发出 ,,
600355,2009-10-17,57157260,监事会议事规则（2009年10月）,https://static.cninfo.com.cn/finalpage/2009-10-17/57157260.PDF,5bbb8fcd8b2fccd2fccd142facde8f6121b29c13dd8f44bd93bd2dfaa81c17d0,71592,D:\动量策略\微盘股对冲策略\research_reports\20260926_l1_repair\st_timing\initial_2010_st\near_date_pdfs\600355_57157260.pdf,  监事会议事规则 监事会议事规则 监事会议事规则 监事会议事规则      1  精伦电子 精伦电子 精伦电子 精伦电子股份有限公司 股份有限公司 股份有限公司 股份有限公司  监事会 监事会 监事会 监事会议事规则 议事规则 议事规则 议事规则    （2002年8月2日第一届五次监事会、2002年第一次临时股东大会制定；  2006年9月22日第二届第十次监事会、2006年第一次临时股东大会修订；  2009年9月22日第三届第十五次监事会、2009年10月16日2009年第一次临时股东大会  修订）    第一条 第一条 第一条 第一条  宗旨 宗旨 宗旨 宗旨  为进一步规范本公司监事会的议事方式和表决程序，促使监事和监事会有效地履行监督 职责，完善公司法人治理结构，根据《公司法》、《证券法》、《上市公司治理准则》和《上海 证券交易所股票上市规则》等有关规定，制订本规则。    第二条 第二条 第二条 第二条  监事会 监事会 监事会 监事会秘书处 秘书处 秘书处 秘书处  监事会设监事会秘书处，处理监事会日常事务。  董事会秘书兼任监事会秘书处负责人，保管监事会印章。    第三条 第三条 第三条 第三条  监事会定期会议和临时会议 监事会定期会议和临时会议 监事会定期会议和临时会议 监事会定期会议和临时会议  监事会会议分为定期会议和临时会议。  监事会定期会议应当每六个月召开一次。上半年定期会议不迟于4 月30 日前召开，下 半年定期会议不迟于8 月31 日前召开。  出现下列情况之一的，监事会应当在十日内召开临时会议：  （一）任何监事提议召开时；  （二）股东大会、董事会会议通过了违反法律、法规、规章、监管部门的各种规定和要 求、公司章程、公司股东大会决议和其他有关规定的决议时；  （三）董事和高级管理人员的不当行为可能给公司造成重大损害或者在市场中造成恶劣 影响时；  （四）公司、董事、监事、高级管理人员被股东提起诉讼时；  （五）公司、董事、监事、高级管理人员受到证券监管部门处罚或者被上海证券交易所 公开谴责时；  （六）证券监管部门要求召开时；     监事会议事规则 监事会议事规则 监事会议事规则 监事会议事规则      2  （七）本《公司章程》规定的其他情形。    第四条 第四条 第四条 第四条  定期会议的提案 定期会议的提案 定期会议的提案 定期会议的提案  在发出召开监事会定期会议的通知之前，监事会秘书处应当向全体监事征集会议提案， 并至少用两天的时间向公司员工征求意见。在征集提案和征求意见时，监事会秘书处应当说 明监事会重在对公司规范运作和董事、高级管理人员职务行为的监督而非公司经营管理的决 策。    第五条 第五条 第五条 第五条  临时会议的提议程序 临时会议的提议程序 临时会议的提议程序 临时会议的提议程序  监事提议召开监事会临时会议的，应当通过监事会秘书处或者直接向监事会主席提交经 提议监事签字的书面提议。书面提议中应当载明下列事项：  （一）提议监事的姓名；  （二）提议理由或者提议所基于的客观事由；  （三）提议会议召开的时间或者时限、地点和方式；  （四）明确和具体的提案；  （五）提议监事的联系方式和提议日期等。  在监事会秘书处或者监事会主席收到监事的书面提议后三日内，监事会秘书处应当发出 召开监事会临时会议的通知。  监事会秘书处怠于发出会议通知的，提议监事应当及时向监管部门报告。    第六条 第六条 第六条 第六条  会议的召集和主持 会议的召集和主持 会议的召集和主持 会议的召集和主持  监事会会议由监事会主席召集和主持；监事会主席不能履行职务或者不履行职务的，由 半数以上监事共同推举一名监事召集和主持。    第七条 第七条 第七条 第七条  会议通知 会议通知 会议通知 会议通知  召开监事会定期会议和临时会议，监事会秘书处应当分别提前十日和五日将盖有监事会 印章的书面会议通知，通过直接送达、信函、传真、电子邮件或者其他方式，提交全体监事。 非直接送达的，还应当通过电话进行确认并做相应记录。  情况紧急，需要尽快召开监事会临时会议的，可以随时通过口头或者电话等方式发出会 议通知，但召集人应当在会议上作出说明。  ,,
600355,2009-10-17,57157261,公司章程（2009修订）,https://static.cninfo.com.cn/finalpage/2009-10-17/57157261.PDF,cbf633f2240f264c3e27d59a628157191121b39e31f6606e87cc817fdcf5c255,259341,D:\动量策略\微盘股对冲策略\research_reports\20260926_l1_repair\st_timing\initial_2010_st\near_date_pdfs\600355_57157261.pdf,  公司章程 公司章程 公司章程 公司章程                          精伦电子股份有限公司 精伦电子股份有限公司 精伦电子股份有限公司 精伦电子股份有限公司                章    程        （2003年2月26日第一届第十三次董事会、  2003年4月20日2002年年度股东大会修订；  2006年9月22日第二届第十七次董事会、  2006年10月16日2006年第一次临时股东大会修订；  2007年5月10日第三届第六次董事会、  2007年6月11日2007年第一次临时股东大会修订；  2009年3月23日第三届第十七次董事会  2009年4月21日2008年年度股东大会修订；  2009年9月22日第三届第二十次董事会  2009年10月16日2009年第一次临时股东大会修订）                  二○○ ○○ ○○ ○○九年九月     公司章程 公司章程 公司章程 公司章程    目               录  第一章 第一章 第一章 第一章  总则 总则 总则 总则........................................................................................................................................................... 1  第二章 第二章 第二章 第二章  经营宗旨和范围 经营宗旨和范围 经营宗旨和范围 经营宗旨和范围....................................................................................................................................... 1  第三章 第三章 第三章 第三章  股份 股份 股份 股份........................................................................................................................................................... 1  第一节 第一节 第一节 第一节  股份发行 股份发行 股份发行 股份发行........................................................................................................................................... 1  第二节 第二节 第二节 第二节  股份增减和回购 股份增减和回购 股份增减和回购 股份增减和回购............................................................................................................................... 2  第三节 第三节 第三节 第三节  股份转让 股份转让 股份转让 股份转让........................................................................................................................................... 2  第四章 第四章 第四章 第四章  股东和股东大会 股东和股东大会 股东和股东大会 股东和股东大会....................................................................................................................................... 3  第一节 第一节 第一节 第一节  股东 股东 股东 股东................................................................................................................................................... 3  第二节 第二节 第二节 第二节  股东大会的一般规定 股东大会的一般规定 股东大会的一般规定 股东大会的一般规定....................................................................................................................... 4  第三节 第三节 第三节 第三节  股东大会的召集 股东大会的召集 股东大会的召集 股东大会的召集............................................................................................................................... 5  第四节 第四节 第四节 第四节  股东大会的提案与通知 股东大会的提案与通知 股东大会的提案与通知 股东大会的提案与通知................................................................................................................... 5  第五节 第五节 第五节 第五节  股东大会的召开 股东大会的召开 股东大会的召开 股东大会的召开............................................................................................................................... 6  第六节 第六节 第六节 第六节  股东大会的表决和决议 股东大会的表决和决议 股东大会的表决和决议 股东大会的表决和决议................................................................................................................... 7  第五章 第五章 第五章 第五章  董事会 董事会 董事会 董事会..................................................................................................................................................... 10  第一节 第一节 第一节 第一节  董事 董事 董事 董事................................................................................................................................................. 10  第二节 第二节 第二节 第二节  董事 董事 董事 董事会..............................................................................................................................................11  第六章 第六章 第六章 第六章  经理及其他高级管理人员 经理及其他高级管理人员 经理及其他高级管理人员 经理及其他高级管理人员..................................................................................................................... 14  第七章 第七章 第七章 第七章  监事会 监事会 监事会 监事会..................................................................................................................................................... 15  第一节 第一节 第一节 第一节  监事 监事 监事 监事................................................................................................................................................. 15  第二节 第二节 第二节 第二节  监事会 监事会 监事会 监事会............................................................................................................................................. 15  第八章 第八章 第八章 第八章  财务会计制度 财务会计制度 财务会计制度 财务会计制度、利润分配和审计 利润分配和审计 利润分配和审计 利润分配和审计......................................................................................................... 16  第一节 第一节 第一节 第一节  财务会计制度 财务会计制度 财务会计制度 财务会计制度................................................................................................................................. 16  第二节 第二节 第二节 第二节  内部审计 内部审计 内部审计 内部审计.....................,,
600355,2009-10-31,57234809,2009年第三季度报告,https://static.cninfo.com.cn/finalpage/2009-10-31/57234809.PDF,4007c45cf101ec5bccd0c87bc2aa08e4a99303cfc4c73a601fd8ca6d877597ea,221413,D:\动量策略\微盘股对冲策略\research_reports\20260926_l1_repair\st_timing\initial_2010_st\near_date_pdfs\600355_57234809.pdf,精伦电子股份有限公司  2009 年第三季度报告        二OO 九年十月三十一日      股票简称：精伦电子  股票代码：600355                    办公地址：  武汉市东湖开发区光谷大道70 号  邮政编码：  430223  电    话：  027-87921111-3221  传    真：  027-87537800   600355                   精伦电子股份有限公司2009 年第三季度报告    1 目录    §1 重要提示.................................................... 2  §2 公司基本情况................................................ 2  §3 重要事项.................................................... 3  §4 附录........................................................ 6    ,精伦电子,
600385,2009-11-26,57331943,股票交易异常波动公告,https://static.cninfo.com.cn/finalpage/2009-11-26/57331943.PDF,5681a7aaf514d0b6b9c56e26bafb2bcea2fc2e5cecfe12d28d5f54a01d310274,54080,D:\动量策略\微盘股对冲策略\research_reports\20260926_l1_repair\st_timing\initial_2010_st\near_date_pdfs\600385_57331943.pdf,"  1   证券简称 证券简称 证券简称 证券简称： ST  ST  ST  ST 金 泰               证券代码 证券代码 证券代码 证券代码：600385    600385    600385    600385   编号 编号 编号 编号：临2009 2009 2009 2009-029  山东金泰集团股份有限公司 山东金泰集团股份有限公司 山东金泰集团股份有限公司 山东金泰集团股份有限公司  股票交易异常波动公告 股票交易异常波动公告 股票交易异常波动公告 股票交易异常波动公告  本公司及董事会全体成员保证公告内容的真实、准确和完整，对公 告的虚假记载、误导性陈述或者重大遗漏负连带责任。  一、股票交易异常波动的具体情况   公司股票于2009 年11 月23 日、11 月24 日、11 月25 日连续三个 交易日触及跌幅限制，属于《上海证券交易所股票上市规则》等规定的 股票交易异常波动情形。  二、公司关注并核实的相关情况   经与有关部门沟通后，公司于2007 年7 月6 日召开的五届十九次 董事会审议通过了《关于公司向特定对象非公开发行股票的预案》，详 细内容已刊登在2007 年7 月9 日的《中国证券报》、《上海证券报》和 上海证券交易所网站上（http://www.sse.com.cn），公司实际控制人黄 俊钦先生因涉嫌经济犯罪仍在协助警方调查，目前公司非公开发行股份 拟收购资产相关的工作暂时没有新的进展。  三、不存在应披露而未披露的重大信息的声明   经问询公司大股东，本公司董事会确认，到目前为止并在可预见的 一个月之内，除公司已公告的上述事项外不存在应披露而未披露的重大 影响股价的敏感信息,本公司没有任何根据《上海证券交易所股票上市 规则》等有关规定应予以披露而未披露的事项，董事会也未获悉本公司 有根据《上海证券交易所股票上市规则》等有关规定应予披露而未披露    2  的、对本公司股票交易价格产生较大影响的信息。  四、上市公司认为必要的风险提示   本公司董事会郑重提醒广大投资者：本公司指定信息披露报纸为 《中国证券报》、《上海证券报》，信息披露网站为上海证券交易所网站 （http://www.sse.com.cn），本公司发布的信息以上述指定报刊和网站 刊登的公告为准，公司将严格按照有关法律法规的规定和要求及时做好 信息披露工作，请广大投资者注意投资风险。   特此公告。                                                                                                                                                                                                             山东金泰集团股份有限公司 山东金泰集团股份有限公司 山东金泰集团股份有限公司 山东金泰集团股份有限公司                                                                                                                     董事会 董事会 董事会 董事会                                                                                                                     二零零九年 二零零九年 二零零九年 二零零九年十一 十一 十一 十一月二十六 十六 十六 十六日  ",ST,
600385,2009-12-04,57362285,公告,https://static.cninfo.com.cn/finalpage/2009-12-04/57362285.PDF,6abeb9b397798af23c435ded3c3d88d348b134a5686e26d3a06660e728c80fe0,42782,D:\动量策略\微盘股对冲策略\research_reports\20260926_l1_repair\st_timing\initial_2010_st\near_date_pdfs\600385_57362285.pdf,"  1   证券简称 证券简称 证券简称 证券简称： ST  ST  ST  ST 金 泰               证券代码 证券代码 证券代码 证券代码：600385    600385    600385    600385   编号 编号 编号 编号：临2009 2009 2009 2009-030 30 30 30  山东金泰集团股份有限公司 山东金泰集团股份有限公司 山东金泰集团股份有限公司 山东金泰集团股份有限公司  公告 公告 公告 公告  本公司及董事会全体成员保证公告内容的真实、准确和完整，对公 告的虚假记载、误导性陈述或者重大遗漏负连带责任。  公司日前收到《中国长城资产管理公司济南办事处与中矿必拓投资 有限公司债权转让通知暨债务催收联合公告》，详细内容如下：   根据中国长城资产管理公司济南办事处与中矿必拓投资有限公司 签订的债权转让合同，中国长城资产管理公司济南办事处对下列清单中 所列借款人及担保人享有的主债权及担保质押合同项下的全部权利，依 法转让给中矿必拓投资有限公司。            单位：元（人民币）   序 号  借款人名称  借款合同编号  担保人  名称  贷款本金  利息  本息合计  1  山东金泰集团股份 有限公司  2000 年 长 流 字 第 0006/0007/0010 号，2002 年历 城流字第56 号  山东金泰集 团股份有限 公司（质押）  27,928,000.00  6,561,687.49  34,489,687.49  2  济南东风制药厂 2001 年槐企信固字第0059 号  山东金泰集 团股份有限 公司  3,200,000.00  919,828.20  4,119,828.20      合计    31,128,000.00  7,481,515.69  38,609,515.69  中矿必拓投资有限公司作为上述债权的受让方，公告中要求公告清 单中所列债务人，从公告之日起立即向中矿必拓投资有限公司履行主债 权合同，该公告称公告清单所列利息仅计算至2007 年5 月31 日，之后 利息按约定或有关规定计算，以上贷款信息如有误，最终以借据、合同、    2  法院判决等有关法律资料为准。  2009 年12 月3 日中矿必拓投资有限公司给公司发送了《关于免除 山东金泰集团股份有限公司有关担保责任的通知》，中矿必拓投资有限 公司同意免除公司作为济南东风制药厂的担保人所承担的按担保合同 约定应对济南东风制药厂还本付息所负的连带保证义务，不再追究。  特此公告。                                                                                                                                                                                                                                                                                                                             山东金泰集团股份有限公司 山东金泰集团股份有限公司 山东金泰集团股份有限公司 山东金泰集团股份有限公司                                                                                                                     董事会 董事会 董事会 董事会                                                                                                                     二零零九年 二零零九年 二零零九年 二零零九年十二 十二 十二 十二月四日  ",ST,
600385,2009-12-04,57362286,股票交易异常波动公告,https://static.cninfo.com.cn/finalpage/2009-12-04/57362286.PDF,e4478450d51606a0799fd7d54fbba5629eb59f6f15a569f5eb247fda4af76a29,49199,D:\动量策略\微盘股对冲策略\research_reports\20260926_l1_repair\st_timing\initial_2010_st\near_date_pdfs\600385_57362286.pdf,"  1   证券简称 证券简称 证券简称 证券简称： ST  ST  ST  ST 金 泰               证券代码 证券代码 证券代码 证券代码：600385    600385    600385    600385   编号 编号 编号 编号：临2009 2009 2009 2009-031 31 31 31  山东金泰集团股份有限公司 山东金泰集团股份有限公司 山东金泰集团股份有限公司 山东金泰集团股份有限公司  股票交易异常波动公告 股票交易异常波动公告 股票交易异常波动公告 股票交易异常波动公告  本公司及董事会全体成员保证公告内容的真实、准确和完整，对公 告的虚假记载、误导性陈述或者重大遗漏负连带责任。  一、股票交易异常波动的具体情况   公司股票于2009 年12 月1 日、12 月2 日、12 月3 日连续三个交 易日触及涨幅限制，属于《上海证券交易所股票上市规则》等规定的股 票交易异常波动情形。  二、公司关注并核实的相关情况   经与有关部门沟通后，公司于2007 年7 月6 日召开的五届十九次 董事会审议通过了《关于公司向特定对象非公开发行股票的预案》，详 细内容已刊登在2007 年7 月9 日的《中国证券报》、《上海证券报》和 上海证券交易所网站上（http://www.sse.com.cn），公司实际控制人黄 俊钦先生因涉嫌经济犯罪仍在协助警方调查，目前公司非公开发行股份 拟收购资产相关的工作暂时没有新的进展。  三、不存在应披露而未披露的重大信息的声明   经问询公司大股东，本公司董事会确认，到目前为止并在可预见的 两周之内，除公司已公告的上述事项外不存在应披露而未披露的重大影 响股价的敏感信息,本公司没有任何根据《上海证券交易所股票上市规 则》等有关规定应予以披露而未披露的事项，董事会也未获悉本公司有 根据《上海证券交易所股票上市规则》等有关规定应予披露而未披露的、    2  对本公司股票交易价格产生较大影响的信息。  四、上市公司认为必要的风险提示   本公司董事会郑重提醒广大投资者：本公司指定信息披露报纸为 《中国证券报》、《上海证券报》，信息披露网站为上海证券交易所网站 （http://www.sse.com.cn），本公司发布的信息以上述指定报刊和网站 刊登的公告为准，公司将严格按照有关法律法规的规定和要求及时做好 信息披露工作，请广大投资者注意投资风险。   特此公告。                                                                                                                                                                                                             山东金泰集团股份有限公司 山东金泰集团股份有限公司 山东金泰集团股份有限公司 山东金泰集团股份有限公司                                                                                                                     董事会 董事会 董事会 董事会                                                                                                                     二零零九年 二零零九年 二零零九年 二零零九年十二月四日  ",ST,
600385,2009-12-24,57431683,六届五次监事会会议决议公告,https://static.cninfo.com.cn/finalpage/2009-12-24/57431683.PDF,28b8ee9ecd34e43a6f8bfec14793759bfe75d2e58f294e75c0e08f558a195112,35097,D:\动量策略\微盘股对冲策略\research_reports\20260926_l1_repair\st_timing\initial_2010_st\near_date_pdfs\600385_57431683.pdf,股票代码 股票代码 股票代码 股票代码：600385    600385    600385    600385   股票简称 股票简称 股票简称 股票简称： ST  ST  ST  ST 金           泰                   编号 编号 编号 编号： 200  200  200  2009－032 32 32 32  山东金泰集团股份有限公司 山东金泰集团股份有限公司 山东金泰集团股份有限公司 山东金泰集团股份有限公司  六届 六届 六届 六届五次监事会会议决议公告 次监事会会议决议公告 次监事会会议决议公告 次监事会会议决议公告  本公司及董事会全体成员保证公告内容的真实 本公司及董事会全体成员保证公告内容的真实 本公司及董事会全体成员保证公告内容的真实 本公司及董事会全体成员保证公告内容的真实、准确和完整 准确和完整 准确和完整 准确和完整，对 公告的虚假记载 公告的虚假记载 公告的虚假记载 公告的虚假记载、误导性陈述或者重大遗漏负连带责任 误导性陈述或者重大遗漏负连带责任 误导性陈述或者重大遗漏负连带责任 误导性陈述或者重大遗漏负连带责任。  山东金泰集团股份有限公司六届五次监事会会议于2009 年12 月 23 日以通讯方式召开，会议通知于2009 年12 月17 日以电话和电子 邮件方式向全体监事发出。公司应参加表决的监事共5 人，实际参加 表决的监事共4 人。会议符合《公司法》和《公司章程》的有关规定， 会议审议通过了《关于改选韩桂旺女士为公司第六届监事会监事候选 人的议案》。公司监事耿梅女士由于工作变动，根据公司章程的有关 规定，经监事会研究决定改选韩桂旺女士为公司第六届监事会监事候 选人，并提请股东大会审议。（韩桂旺女士简历附后）  特此公告。    山东金泰集团股份有限公司 山东金泰集团股份有限公司 山东金泰集团股份有限公司 山东金泰集团股份有限公司  监事会 监事会 监事会 监事会  二零零九年十二月二十四日 二零零九年十二月二十四日 二零零九年十二月二十四日 二零零九年十二月二十四日  附件 附件 附件 附件：韩桂旺简历 韩桂旺简历 韩桂旺简历 韩桂旺简历     韩桂旺，女，33 岁，大学本科，历任国美电器上海大区监察部 审计经理，国美电器有限公司监察中心审计经理，鹏润投资有限公司 总裁办经理，北京新恒基房地产集团有限公司财务部经理。  ,ST,
600466,2009-10-28,57214120,2009年第三季度报告,https://static.cninfo.com.cn/finalpage/2009-10-28/57214120.PDF,9b9d05ae1d50b45c295b72abd5508250ce9b6273d8e73b483225c07ec605e109,165391,D:\动量策略\微盘股对冲策略\research_reports\20260926_l1_repair\st_timing\initial_2010_st\near_date_pdfs\600466_57214120.pdf,        四川迪康科技药业股份有限公司      2009 年第三季度报告         600466         四川迪康科技药业股份有限公司2009 年第三季度报告    1   目录  §1 重要提示...............................................................2  §2 公司基本情况...........................................................2  §3 重要事项...............................................................3  §4 附录...................................................................5    ,,
600466,2009-11-19,57308851,第四届董事会第四次会议决议公告,https://static.cninfo.com.cn/finalpage/2009-11-19/57308851.PDF,880baf8bfa646fff22efcb6e4086ef5fd6d92b6652ecadbe8d6deaa5c6c1a2a4,51716,D:\动量策略\微盘股对冲策略\research_reports\20260926_l1_repair\st_timing\initial_2010_st\near_date_pdfs\600466_57308851.pdf,    证券代码：600466         证券简称：迪康药业      编号：临2009—030 号  四川迪康科技药业股份有限公司 四川迪康科技药业股份有限公司 四川迪康科技药业股份有限公司 四川迪康科技药业股份有限公司  第四届董事会第 届董事会第 届董事会第 届董事会第四次会议决议公告 次会议决议公告 次会议决议公告 次会议决议公告  本公司及董事会全体成员保证公告内容的真实、准确和完整，对公告的虚假 记载、误导性陈述或者重大遗漏负连带责任。    四川迪康科技药业股份有限公司于2009 年11 月11 日以书面方式向董事会 全体董事发出第四届董事会第四次会议通知，会议以传真通讯表决方式召开。本 次会议符合《公司法》与《公司章程》的规定。应参与表决董事九名，截止2009 年11 月17 日，实际表决董事九名，分别为陈敏先生、任霞女士、杨晓初先生、 张光明先生、冬杰先生、张力先生、冯建先生、盛毅先生、左卫民先生，参与表 决的9 名董事以9 票同意、0 票反对、0 票弃权审议通过了《关于收购迪康中科 股权的议案》：  为了公司经营发展的需要，同意公司向熊成东、张新民、邓先模、罗朝瑛、 罗福成、李晓萍6 位自然人收购其拥有的公司控股子公司成都迪康中科生物医学 材料有限公司（以下简称“迪康中科”） 3.947%的股权，经公司与上述自然人 股东多次协商，确定以该标的股权所对应的迪康中科2009 年6 月30 日的净资产 值3.33 元/每股为基础，综合考虑迪康中科无形资产及盈利水平等因素，作价 3.8 元/每股。  因张新民先生系公司副总经理，根据《上海证券交易所股票上市规则》有关 规定，上述股权收购事宜构成关联交易。公司独立董事盛毅先生、冯建先生、左 卫民先生对上述关联交易均表示同意并发表了独立意见。  本次董事会无需要回避表决的关联董事。  上述事项详见公司同日刊登的《关联交易公告》。  特此公告                                      四川迪康科技药业股份有限公司                         董  事  会  二OO 九年十一月十九日  ,迪康药业,
600466,2009-11-19,57308852,第四届监事会第四次会议决议公告,https://static.cninfo.com.cn/finalpage/2009-11-19/57308852.PDF,7f5f84b1603afd112244e468010427b628bd041ec753222b67fb7131c13f4ec0,44691,D:\动量策略\微盘股对冲策略\research_reports\20260926_l1_repair\st_timing\initial_2010_st\near_date_pdfs\600466_57308852.pdf,    证券代码：600466        证券简称：迪康药业      编号：临2009—031 号    四川迪康科技药业股份有限公司 四川迪康科技药业股份有限公司 四川迪康科技药业股份有限公司 四川迪康科技药业股份有限公司  第四届监事会第 届监事会第 届监事会第 届监事会第四次会议决议公告 次会议决议公告 次会议决议公告 次会议决议公告  本公司监事会及全体监事保证本公告内容不存在任何虚假记载、误导性陈述 或者重大遗漏，并对其内容的真实性、准确性和完整性承担个别及连带责任。    四川迪康科技药业股份有限公司于2009 年11 月11 日以书面方式向监事会 全体监事发出第四届监事会第四次会议通知，会议以传真通讯表决方式召开。本 次会议符合《公司法》与《公司章程》的规定。应参与表决监事三名，截止2009 年11 月17 日，实际表决监事三名，分别为徐玉美女士、马群女士、何伟先生， 参与表决的三名监事以3 票同意、0 票反对、0 票弃权审议通过了《关于收购成 都迪康中科生物医学材料有限公司股权之关联交易公正合理性的议案》：  公司第四届董事会第四次会议审议了《关于收购迪康中科股权的议案》，监 事会就董事会审议上述议案的全过程进行了监督，一致认为：  1、本次关联交易有利于公司加强生物医学材料的经营，符合公司战略发展 的需要。  2、上述收购成都迪康中科生物医学材料有限公司股权之关联交易定价公平、 公正、合理，程序规范，未发现内幕交易和损害中小股东的利益的行为。  3、公司董事会在进行表决时履行了诚信义务，无关联董事需按规定回避表 决之情形，审议通过上述关联交易的程序符合《中华人民共和国公司法》、《中华 人民共和国证券法》、《上海证券交易所股票上市规则》和公司章程的有关规定， 决议内容合法有效。  特此公告                                    四川迪康科技药业股份有限公司                                          监  事  会                                     二OO 九年十一月十九日  ,迪康药业,
600466,2009-11-19,57308853,关联交易公告,https://static.cninfo.com.cn/finalpage/2009-11-19/57308853.PDF,594774a4b603e88e23321cd9edcea7ee0ab5a2bca94c2678a7e98822dec44f3f,85089,D:\动量策略\微盘股对冲策略\research_reports\20260926_l1_repair\st_timing\initial_2010_st\near_date_pdfs\600466_57308853.pdf,"    1 证券代码：600466        证券简称：迪康药业       编号：临2009—032 号    四川迪康科技药业股份有限公司 四川迪康科技药业股份有限公司 四川迪康科技药业股份有限公司 四川迪康科技药业股份有限公司  关联交易公告 关联交易公告 关联交易公告 关联交易公告  本公司及董事会全体成员保证公告内容的真实、准确和完整，对公告的虚假记 载、误导性陈述或者重大遗漏负连带责任。    重要内容提示 重要内容提示 重要内容提示 重要内容提示：   交易内容 交易内容 交易内容 交易内容：本公司向熊成东、张新民、邓先模、罗朝瑛、罗福成、李晓萍6 位 自然人购买其拥有的公司控股子公司成都迪康中科生物医学材料有限公司（以 下简称“迪康中科”）3.947%的股份。因自然人股东之一张新民先生为公司副 总经理，本次股权转让构成关联交易。   交易完成后对上市公司的影响 交易完成后对上市公司的影响 交易完成后对上市公司的影响 交易完成后对上市公司的影响：迪康中科系本公司控股子公司，盈利状况稳定， 本次收购迪康中科自然人的股权将增加本公司对迪康中科的持股比例，是迪康 药业通过资产整合强化主业经营的实质性举措，对实现迪康药业全局性发展战 略具有积极意义。   过去 过去 过去 过去24 24 24 24 个月是否发生与同一关联人的交易 个月是否发生与同一关联人的交易 个月是否发生与同一关联人的交易 个月是否发生与同一关联人的交易：否。   关联人回避事宜 关联人回避事宜 关联人回避事宜 关联人回避事宜：本次董事会无需要回避表决的关联董事。    一、关联交易概述  经公司第四届董事会第四次会议审议通过，本公司向熊成东、张新民、邓先 模、罗朝瑛、罗福成、李晓萍6位自然人购买其拥有的迪康中科3.947%的股份，确 定以该标的股权所对应的迪康中科2009年6月30日的净资产值3.33元/每股为基 础，综合考虑迪康中科无形资产及盈利水平等因素，作价3.8元/每股。2009年11 月17日，本公司与熊成东、张新民、邓先模、罗朝瑛、罗福成、李晓萍6位自然人 签署了《股权转让协议》。  因张新民系公司副总经理，根据有关规定，上述交易属关联交易。该关联交 易事项已于事前获得公司三名独立董事认可，独立董事对此均表示同意并发表了 独立意见。本次董事会无需要回避表决的关联董事。       2     二、关联方介绍  （一）关联方：  本次股权出让方均系迪康中科自然人股东，分别为熊成东、张新民、邓先模、 罗朝瑛、罗福成、李晓萍，其中张新民先生系关联自然人。  张新民先生个人情况如下：  张新民先生，现年51 岁。曾就职于四川省皮革研究所、中国科学院成都有机 化学研究所（研究员）、美国艺康(ECOLAB)化工公司、德国BASE 化学公司等公司， 2002 年至今历任成都迪康中科生物医学材料有限公司总经理，四川迪康科技药业 股份有限公司总经理助理、副总经理。  （二）交易各方的关系  张新民先生持有迪康中科51万股的股份，占迪康中科总股本的1.342%。因张 新民先生为公司副总经理，根据有关规定，上述交易属关联交易。    三、关联交易标的基本情况  本次交易标的为熊成东、张新民、邓先模、罗朝瑛、罗福成、李晓萍6位自然 人拥有的迪康中科3.947%的股份，其中包括关联自然人张新民先生所持有的迪康 中科1.342%的股份。  迪康中科系公司控股子公司，成立于2000 年3 月，注册资本为3800 万元； 注册地点：成都市高新区西部园区迪康大道一号；经审计的2009 年6 月30 日总 资产138,641,318.3 元，净资产126,409,119.43 元，2009 年上半年实现净利润 6,154,006.64 元。  迪康中科经营范围为研究、开发、生产、销售Ⅲ类植入材料及人工器官；医 用高分子材料及制品；卫生材料及敷料；医用缝合材料及粘合剂，并提供相关技 术咨询、技术转让、技术服务（国家有专项规定的除外）。  交易标的数量及价款的具体情况：  股东名称  股份总额 (万股)  持股比例(%)  转让价款（万元）  熊成东  65  1.710%  247.00  张新民  51  1.342%  193.80  ",迪康药业,
600532,2009-12-29,57447676,四届一次监事会会议决议公告,https://static.cninfo.com.cn/finalpage/2009-12-29/57447676.PDF,ade106361cba4258fa4a42e8ad234710f85f38f9a798775f54e2548b41069b05,35459,D:\动量策略\微盘股对冲策略\research_reports\20260926_l1_repair\st_timing\initial_2010_st\near_date_pdfs\600532_57447676.pdf,"证券代码 证券代码 证券代码 证券代码：600532             证券简称 证券简称 证券简称 证券简称：华阳 华阳 华阳 华阳科技 科技 科技 科技           公告编号 公告编号 公告编号 公告编号：2009-038    山东华阳科技股份有限公司 山东华阳科技股份有限公司 山东华阳科技股份有限公司 山东华阳科技股份有限公司  四届一次监事会会议决议公告 届一次监事会会议决议公告 届一次监事会会议决议公告 届一次监事会会议决议公告    本公司监事会及监事会全体成员保证公告内容的真实、准确和完整,对公告 的虚假记载、误导性陈述或者重大遗漏负连带责任。    山东华阳科技股份有限公司第四届监事会第一次会议于2009 年12 月27 日 下午3 时在本公司会议室召开，会议的召开符合有关法律、法规、规章及本公司 章程的规定。本次会议应出席监事4 人，实际出席监事4 人，会议由公司监事李 西东先生主持。会议审议通过如下议案：  选举李西东先生担任公司第四届监事会主席。  本议案表决情况：同意4 票，反对0 票，弃权0 票，表决通过。  特此公告。    李西东先生简历：  李西东，男，1971 年9 月出生，本科学历、中共党员，曾任质检部分析员、 营销处企划部主任、东南销售部经理、现任华阳集团工会主席、纪委书记，公司 总裁办主任。            山东华阳科技股份有限公司监事会                                          2009 年12 月27 日    ",华阳,
600532,2009-12-29,57447677,2009年度第一次临时股东大会的法律意见书,https://static.cninfo.com.cn/finalpage/2009-12-29/57447677.PDF,eba20a127e573ce2ab7c5413def4e2549736fa3a832ffab3608b1925ed0b193f,45238,D:\动量策略\微盘股对冲策略\research_reports\20260926_l1_repair\st_timing\initial_2010_st\near_date_pdfs\600532_57447677.pdf,"  山东新和律师事务所 山东新和律师事务所 山东新和律师事务所 山东新和律师事务所  关于山东华阳科技股份有限公司 关于山东华阳科技股份有限公司 关于山东华阳科技股份有限公司 关于山东华阳科技股份有限公司  2009 年度第一次临时股东大会 年度第一次临时股东大会 年度第一次临时股东大会 年度第一次临时股东大会的  法律意见书 法律意见书 法律意见书 法律意见书  致：山东华阳科技股份有限公司 山东华阳科技股份有限公司 山东华阳科技股份有限公司 山东华阳科技股份有限公司      依据《中华人民共和国公司法》、《中华人民共和国证券法》和中 国证券监督管理委员会《上市公司股东大会规则》的有关规定，山东 新和律师事务所律师（以下简称“本所律师”）出席了山东华阳科技 股份有限公司（以下简称“公司”）于2009 年12 月27 日上午9 时在 山东省宁阳县磁窑镇山东华阳科技股份有限公司会议室召开的2009 年度第一次临时股东大会，并对本次股东大会的召集和召开程序、出 席会议人员资格、表决程序等事项出具法律意见如下：      一、本次股东大会的召集程序合法有效。  本次股东大会是经公司第三届董事会二十五次会议决议召集，会 议通知以公告形式刊登于2009 年12 月12 日的《上海证券报》，以通 知全体股东。公告通知了本次股东大会的讨论事项、会议召开时间、 会议召开地点、出席会议人员资格等。  本所律师认为，公司本次股东大会的召集程序符合现行有效的法 律、法规及公司章程的规定，合法有效。         二、本次股东大会的召开程序合法有效。  本次股东大会由公司代理董事长闫新华先生主持召开，完成了全 部会议议程。本次会议的召开情况由公司董事会秘书制作了会议记 录，并由参加会议的董事、董事会秘书签名存档。      本所律师认为公司本次股东大会的召开程序符合现行有效的法 律、法规及公司章程的规定，合法有效。      三、出席本次股东大会的人员资格合法有效。      根据本次股东大会的《股东登记表》和本所律师的查验，出席公 司本次股东大会的股东为截止2009 年12 月22 日下午收市后,在中国 证券登记结算有限责任公司上海分公司登记在册的公司全体股东。参 加会议的股东均持有有效的持股证明，委托代理人均持有书面授权委 托书。      出席本次股东大会的其他人员为公司现任董事、监事、董事会秘 书及其他高级管理人员，以及公司特邀参加股东大会的人员。      经本所律师验证，出席公司本次股东大会的人员资格合法有效。      四、股东大会的表决程序合法有效。      本次股东大会对列入会议议程通知的议案进行了审议，并采取记 名投票的方式进行了逐项表决，涉及关联交易的议案，关联股东进行 ",,
600532,2009-12-30,57452708,关于获得政府补助的公告,https://static.cninfo.com.cn/finalpage/2009-12-30/57452708.PDF,16c3408e12229c8a4149c95a01c52b1f6a69e7e480bf381e0a8979bddfaba7d5,27148,D:\动量策略\微盘股对冲策略\research_reports\20260926_l1_repair\st_timing\initial_2010_st\near_date_pdfs\600532_57452708.pdf,股票代码 股票代码 股票代码 股票代码：600532          股票简称 股票简称 股票简称 股票简称：华阳科技 华阳科技 华阳科技 华阳科技         公告编号 公告编号 公告编号 公告编号：2009-039     山东华阳科技股份有限公司 山东华阳科技股份有限公司 山东华阳科技股份有限公司 山东华阳科技股份有限公司  关于获得政府补助 关于获得政府补助 关于获得政府补助 关于获得政府补助的公告 的公告 的公告 的公告    本公司及董事会全体成员保证本公告内容的真实 本公司及董事会全体成员保证本公告内容的真实 本公司及董事会全体成员保证本公告内容的真实 本公司及董事会全体成员保证本公告内容的真实、准确和完整 准确和完整 准确和完整 准确和完整，对本公告的虚假记载 对本公告的虚假记载 对本公告的虚假记载 对本公告的虚假记载、 误导性陈述或重大遗漏负连带责任 误导性陈述或重大遗漏负连带责任 误导性陈述或重大遗漏负连带责任 误导性陈述或重大遗漏负连带责任。   2009 年12 月28 日公司收到宁阳县人民政府宁政函【2009】120 号和宁政 函【2009】121 号函件，现将其内容公告如下：  宁阳县人民政府宁政函【2009】120 号《宁阳县人民政府关于对山东华阳科 技股份有限公司进行电价补助的批复》主要内容如下，“你公司《关于申请对我 公司给予电价补助的请示》（华阳股字[2009]62 号）收悉。经县政府研究，为促 进企业持续健康发展，决定给予你公司2009 年度电价补助2266 万元。”  宁阳县人民政府宁政函【2009】121 号《宁阳县人民政府关于对山东华阳科 技股份有限公司环保治理进行补助的批复》，主要内容如下，“你公司《关于申请 对我公司环保治理进行补助的请示》（华阳股字[2009] 65 号）收悉。经县政府研 究，同意给予你公司2009 年下半年环保补助1500 万元，用于环保治理。”  特此公告    山东华阳科技股份有限公司董事会  2009 年12 月29 日  ,华阳科技,
600532,2009-12-30,57452709,关于控股股东拟协议转让所持国有股份进展情况的公告,https://static.cninfo.com.cn/finalpage/2009-12-30/57452709.PDF,e6dcd30f9816be7c36b4978ba8f41f17f9b8d16092fa6c41f7c57e3a62a0b94f,44136,D:\动量策略\微盘股对冲策略\research_reports\20260926_l1_repair\st_timing\initial_2010_st\near_date_pdfs\600532_57452709.pdf,  1 证券代码 证券代码 证券代码 证券代码600532  600532  600532  600532              证券简称 证券简称 证券简称 证券简称：华阳科技 华阳科技 华阳科技 华阳科技                        公告编号 公告编号 公告编号 公告编号2009 2009 2009 2009-040 40 40 40    山东华阳科技股份有限公司 山东华阳科技股份有限公司 山东华阳科技股份有限公司 山东华阳科技股份有限公司  关于控股股东拟协议转让所持国有股份进展情况的公告 关于控股股东拟协议转让所持国有股份进展情况的公告 关于控股股东拟协议转让所持国有股份进展情况的公告 关于控股股东拟协议转让所持国有股份进展情况的公告    本公司董事会及全体董事保证本公告内容不存在任何虚假记载、误导性陈述或者重大遗 漏，并对其内容的真实性、准确性和完整性承担个别及连带责任。       公司于2009 年12 月 29 日接到山东华阳农药化工集团有限公司通知，公司 现将其告知内容公告如下：  华阳集团已确定哈尔滨曼哈顿多元集团有限公司（以下简称“曼哈顿集团”） 为本次股份转让的受让方，华阳集团拟将持有的本公司25.1%的股份依法转让给 曼哈顿集团，具体细节正在进一步洽谈中，股权转让协议需上报相关部门进行审 批后生效；剩余股份华阳集团将依法持有。本公司将持续关注本次股份转让的进 展情况，及时履行信息披露义务。  本次股权转让尚具有不确定因素，敬请投资者注意投资风险。  特此公告。            山东华阳科技股份有限公司董事会  2009 年 12 月29 日  ,华阳科技,
600532,2010-01-14,57503300,控股股东减持公告,https://static.cninfo.com.cn/finalpage/2010-01-14/57503300.PDF,e18782e19b2a004a259c971146a0cae04a883cc790113ec6e37de0155ea113b8,28150,D:\动量策略\微盘股对冲策略\research_reports\20260926_l1_repair\st_timing\initial_2010_st\near_date_pdfs\600532_57503300.pdf,"证券代码 证券代码 证券代码 证券代码：600532             证券简称 证券简称 证券简称 证券简称：华阳科技 华阳科技 华阳科技 华阳科技             公告编号 公告编号 公告编号 公告编号：2010-001    山东华阳科技股份有限公司 山东华阳科技股份有限公司 山东华阳科技股份有限公司 山东华阳科技股份有限公司  控股股东减持公告 控股股东减持公告 控股股东减持公告 控股股东减持公告    本公司及董事会全体成员保证本公告内容的真实 本公司及董事会全体成员保证本公告内容的真实 本公司及董事会全体成员保证本公告内容的真实 本公司及董事会全体成员保证本公告内容的真实、准确和完整 准确和完整 准确和完整 准确和完整，对本公告的虚假记载 对本公告的虚假记载 对本公告的虚假记载 对本公告的虚假记载、 误导性陈述或重大遗漏负连带责任 误导性陈述或重大遗漏负连带责任 误导性陈述或重大遗漏负连带责任 误导性陈述或重大遗漏负连带责任。    公司于2010 年1 月13 日接到公司控股股东山东华阳农药化工集 团有限公司（以下简称“华阳集团”）的通知，华阳集团于2009 年 12 月30 日至2010 年1 月12 日通过上海证券交易所证券交易系统减 持公司股票1,521,000 股，占公司总股本的1%。  此次减持前华阳集团已通过上海证券交易所证券交易系统减持公 司股票6,061,997 股，占公司总股本的3.99%。  此次减持后，华阳集团共减持公司股权7,582,997 股，占公司总股 本的4.99%，截止目前，华阳集团还持有公司股票50,690,512 股，占 公司总股本的33.33%。  特此公告          山东华阳科技股份有限公司董事会 山东华阳科技股份有限公司董事会 山东华阳科技股份有限公司董事会 山东华阳科技股份有限公司董事会              2010 年1 月13 日      ",华阳科技,
600634,2009-12-11,57386929,第六届董事会第二十次会议决议公告暨召开2009年第二次临时股东大会通知,https://static.cninfo.com.cn/finalpage/2009-12-11/57386929.PDF,d6f2a0502441e7980eb9a5b2ae435699316d665a5fbda54418b3d79969f2cd0b,86359,D:\动量策略\微盘股对冲策略\research_reports\20260926_l1_repair\st_timing\initial_2010_st\near_date_pdfs\600634_57386929.pdf,证券代码：600634         证券简称：海鸟发展         编号：临2009—022  上海海鸟企业发展股份有限公司第六届董事会 上海海鸟企业发展股份有限公司第六届董事会 上海海鸟企业发展股份有限公司第六届董事会 上海海鸟企业发展股份有限公司第六届董事会  第二十次会议决议 第二十次会议决议 第二十次会议决议 第二十次会议决议公告 公告 公告 公告暨召开 暨召开 暨召开 暨召开2009 年第二次临时股东大会通知 年第二次临时股东大会通知 年第二次临时股东大会通知 年第二次临时股东大会通知    上海海鸟企业发展股份有限公司（以下简称“公司”）第六届董事会第二十 次会议于2009 年12 月9 日以通讯形式通知，会议于2009 年12 月10 日下午在 公司会议室召开，公司共有董事5 名，程鏖先生因故未能参加本次董事会，特委 托张宗宝先生代为表决，其余董事全部参加此次会议，公司高管和监事也参与会 议。本次会议的召开符合《公司法》和《公司章程》的有关规定，经审议，会议 一致通过了以下决议：  一、会议审议通过了关于公司增补董事候选人的议案。  鉴于董事周之鹰先生、程鏖先生已向董事会提交报告，要求辞去公司董事职 务。为确保公司董事会的正常运作，根据公司董事会的推荐，提名周传有先生、 高峰先生为本公司增补董事人选（周传有先生、高峰先生的简历见附件一）。公 司对周之鹰先生、程鏖先生任公司董事期间对公司所作出的贡献表示感谢。    二、董事会决定于2009 年12 月26 日召开上海海鸟企业发展股份有限公司2009 年第二次临时股东大会。  具体事项如下：  （一）、会议时间：2009 年12 月26 日下午13：30 时  （二）、会议地点：逸和龙柏饭店2 楼会议室  （三）、会议内容：  1、审议关于公司增补董事候选人的议案。  以上议案详见公司刊登在2009 年12 月11 日《中国证券报》、 《上海证券报》 上的公司董事会第六届第二十次会议决议公告或上海交易所网站 （www.sse.com.cn）。  （四）、出席会议对象：   1、公司董事、监事及高级管理人员；  2、2009 年12 月18 日交易结束后在中国证券登记结算有限责任公司上海分 公司登记在册的本公司全体股东或其授权代表；  3、公司聘请的律师；  4、其他相关人员。  （五）、登记情况安排：  1、登记方式：符合上述条件的法人股东持股东帐户、营业执照复印件、法 人代表授权委托书（加盖公司公章）和出席人身份证；符合上述条件的个人股东 持股东帐户卡、持股凭证、身份证或其他可证明身份的有效证件办理登记手续； 委托代理人还须持授权委托书(见附件二)、本人及委托人有效身份证件和委托人 股东帐户和持股凭证，到本公司办理登记手续，异地股东可通过信件或传真方式 登记并注明联系方式。  2、登记时间：2009 年12 月22 日上午9：30—11：30，下午1：30—3：30  3、登记地点：上海市长宁区虹桥路2451 号逸和龙柏饭店2 楼会议室  （六）、其他事项：  1、本次股东大会会期半天，与会者的食宿交通费自理。  2、联系方式：  联系地址：上海市长宁区虹桥路2451 号2 楼  邮    编： 200335  联系电话： 021-62696296  传    真： 021-62699399  联 系 人： 刘 晓 光          上海海鸟企业发展股份有限公司董事会  2009 年12 月11 日        ,海鸟发展,
600634,2009-12-19,57415930,重大资产重组事项进展情况暨股票复牌公告,https://static.cninfo.com.cn/finalpage/2009-12-19/57415930.PDF,d86e8a85dd59c04b1758e15d0b774803cb2fda3a39d2effbaaa7d0d291d7d037,40647,D:\动量策略\微盘股对冲策略\research_reports\20260926_l1_repair\st_timing\initial_2010_st\near_date_pdfs\600634_57415930.pdf,证券代码：600634         证券简称：海鸟发展         编号：临2009—023    海鸟发展重大资产重组事项进展情况暨股票复牌公告 海鸟发展重大资产重组事项进展情况暨股票复牌公告 海鸟发展重大资产重组事项进展情况暨股票复牌公告 海鸟发展重大资产重组事项进展情况暨股票复牌公告  本公司董事会及全体董事保证本公告内容不存在任何虚假记载、误导性陈 述或者重大遗漏，并对其内容的真实性、准确性和完整性承担个别及连带责任。    2009 年11 月18 日上海海鸟企业发展股份有限公司（以下简称“本公司”） 发布停牌公告，中金投资（集团）有限公司（以下简称“中金集团”）拟对本公 司进行重大资产重组。  本公司大股东上海东宏实业投资有限公司于2009 年11 月18 日与中金投资 （集团）有限公司签署了关于《上海海鸟企业发展股份有限公司的股权转让协 议》，东宏实业拟将持有本公司的1886.5170 万股权全部转让给中金集团（具体 事项详见上海证券交易所网站：www.sse.com.cn 公司2009 年12 月20、24 日的 18 号公告和详式权益变动报告书）。现因司法原因致使该股权无法过户给中金集 团以及股东单位的历史债务等原因，上述《股权转让协议》终止，相关重组事项 终止。   公司股票将于2009 年12 月21 日恢复交易。根据有关规定，本公司承诺： 自公司股票复牌之日起至少三个月内不再筹划重大资产重组事项。敬请广大投资 者注意投资风险。  特此公告。        上海海鸟企业发展股份有限公司董事会  2009 年12 月19 日    ,海鸟发展,
600634,2009-12-19,57415931,关于取消公司2009年第二次临时股东大会的通知,https://static.cninfo.com.cn/finalpage/2009-12-19/57415931.PDF,12df4e6ae1b1410872a3163235bba6344369c2f4e6673944d147460392bb0861,37222,D:\动量策略\微盘股对冲策略\research_reports\20260926_l1_repair\st_timing\initial_2010_st\near_date_pdfs\600634_57415931.pdf,证券代码：600634         证券简称：海鸟发展         编号：临2009—024    海鸟发展关于取消公司 海鸟发展关于取消公司 海鸟发展关于取消公司 海鸟发展关于取消公司2009 2009 2009 2009 年第二次临时股东大会的通知 年第二次临时股东大会的通知 年第二次临时股东大会的通知 年第二次临时股东大会的通知  本公司董事会及全体董事保证本公告内容不存在任何虚假记载、误导性陈 述或者重大遗漏，并对其内容的真实性、准确性和完整性承担个别及连带责任。    公司原定于2009 年12 月26 日采取现场投票的方式召开2009 年第二次临 时股东大会（详见2009 年12 月11日《中国证券报》、《上海证券报》及上海证 券交易所网站刊登的《上海海鸟企业发展股份有限公司第六届董事会第二十次会 议决议公告暨召开2009年第二次临时股东大会通知》），审议《关于公司增补董 事候选人的议案》。  由于本公司大股东上海东宏实业投资有限公司于2009 年11 月18 日与中金 投资（集团）有限公司签署的关于《上海海鸟企业发展股份有限公司的股权转让 协议》，因司法原因致使该股权无法过户给中金集团以及股东单位的历史债务等 原因，上述《股权转让协议》终止，公司本次重大资产重组终止，公司董事会决 定取消原定于2009 年12 月26 日召开的2009 年第二次临时股东大会，因此公 司于2009 年12 月10 日召开的董事会第六届第二十次会议决议无效。      特此公告。       上海海鸟企业发展股份有限公司董事会  2009 年12 月19 日  ,海鸟发展,
600634,2009-12-24,57431713,股票交易异常波动公告,https://static.cninfo.com.cn/finalpage/2009-12-24/57431713.PDF,8c9129a6795fc3f237b7dd8384b07bcf537a386356a5ff51bd9ba858ae41a71e,44532,D:\动量策略\微盘股对冲策略\research_reports\20260926_l1_repair\st_timing\initial_2010_st\near_date_pdfs\600634_57431713.pdf,  1 证券代码：600634        证券简称：海鸟发展        编号：临2009－025    上海海鸟企业发展股份有限公司股票交易异常波动公告 上海海鸟企业发展股份有限公司股票交易异常波动公告 上海海鸟企业发展股份有限公司股票交易异常波动公告 上海海鸟企业发展股份有限公司股票交易异常波动公告    本公司董事会及全体董事保证本公告内容不存在任何虚假记载、误导性陈 述或者重大遗漏，并对其内容的真实性、准确性和完整性承担个别及连带责任。    重要提示 重要提示 重要提示 重要提示：  公司股票连续三个交易日内收盘价格跌幅偏离值累计超过20%  经公司征询控股股东上海东宏实业投资股份有限公司，公司不存在应披露而 未披露的信息。    一、股票交易异常波动的具体情况 股票交易异常波动的具体情况 股票交易异常波动的具体情况 股票交易异常波动的具体情况  截止至2009 年12 月23 日，本公司A 股股票连续三个交易日内收盘价格跌 幅偏离值累计超过20%，按照上海证券交易所的有关规定，属于股票交易异常波 动。  二、公司关注并核实的相关情况 公司关注并核实的相关情况 公司关注并核实的相关情况 公司关注并核实的相关情况  经核实，本公司目前生产经营情况一切正常，不存在应披露而未披露的重 大信息。经征询本公司控股股东上海东宏实业投资有限公司，没有任何涉及本公 司应予披露而未披露的重大信息。  三、不存在应披露而未披露的重大信息的声明 不存在应披露而未披露的重大信息的声明 不存在应披露而未披露的重大信息的声明 不存在应披露而未披露的重大信息的声明  本公司董事会确认，除已披露的信息外，本公司没有任何根据《上海证券交 易所股票上市规则》等有关规定应予以披露而未披露的事项或与该事项有关的筹    2 划、商谈、意向、协议等，董事会也未获悉本公司有根据《上海证券交易所股票 上市规则》等有关规定应予披露而未披露的、对本公司股票交易价格产生较大影 响的信息。  四、风险提示 风险提示 风险提示 风险提示  本公司指定的信息披露报刊为《中国证券报》和《上海证券报》，指定的信 息披露网站为上海证券交易所网站（www.sse.com.cn），如本公司有需要披露的 信息，将及时在指定报刊和网站上予以披露。  敬请广大投资者注意投资风险。  特此公告！                       上海海鸟企业发展股份有限公司董事会                        2009 年12 月24 日      ,海鸟发展,
600634,2010-01-13,57499164,第六届董事会第二十一次会议决议公告暨召开2010年第一次临时股东大会通知,https://static.cninfo.com.cn/finalpage/2010-01-13/57499164.PDF,1db418e3dfd9e5d948244d7ac2b3eff65b31e3fefca78baebc7fb32bdb168d3e,112694,D:\动量策略\微盘股对冲策略\research_reports\20260926_l1_repair\st_timing\initial_2010_st\near_date_pdfs\600634_57499164.pdf,证券代码：600634         证券简称：海鸟发展         编号：临2010—001  上海海鸟企业发展股份有限公司第六届董事会  第二十一次会议决议公告暨召开2010 年第一次临时股东大会通知    上海海鸟企业发展股份有限公司（以下简称“公司”）第六届董事会第二十 一次会议于2010 年1 月4 日以通讯形式通知，会议于2010 年1 月12 日以通讯 形式召开，公司共有董事5 名全部参加此次会议，公司高管和监事也参与会议。 本次会议的召开符合《公司法》和《公司章程》的有关规定，经审议，会议一致 通过了以下决议：  一、会议审议通过了关于公司增补董事候选人的议案。  鉴于董事周之鹰先生、程鏖先生已向董事会提交报告，要求辞去公司董事职 务。为确保公司董事会的正常运作，经公司控股股东上海东宏实业投资有限公司 推荐、公司董事会提名汤小萍女士、吴裕芹女士为本公司增补董事人选（汤小萍 女士、吴裕芹女士的简历见附件一）。公司对周之鹰先生、程鏖先生任公司董事 期间对公司所作出的贡献表示感谢。  二、审议《审计委员会审阅年报工作细则》  三、董事会决定于2010 年1 月29 日召开上海海鸟企业发展股份有限公司2010 年第一次临时股东大会。  具体事项如下：  （一）、会议召开时间：2010 年1 月29 日上午10：00 时  （二）、会议地点：逸和龙柏饭店2 楼会议室  （三）、会议内容：  1、审议关于公司增补董事候选人的议案。    以上议案详见公司刊登在2010 年1 月13 日《中国证券报》、《上海证券报》 上的公司董事会第六届第二十一次会议决议公告或上海交易所网站 （www.sse.com.cn）。   （四）、出席会议对象：  1、公司董事、监事及高级管理人员；  2、2010 年1 月21 日交易结束后在中国证券登记结算有限责任公司上海分 公司登记在册的本公司全体股东或其授权代表；  3、公司聘请的律师；  4、其他相关人员。  （五）、登记情况安排：  1、登记方式：符合上述条件的法人股东持股东帐户、营业执照复印件、法 人代表授权委托书（加盖公司公章）和出席人身份证；符合上述条件的个人股东 持股东帐户卡、持股凭证、身份证或其他可证明身份的有效证件办理登记手续； 委托代理人还须持授权委托书、本人及委托人有效身份证件和委托人股东帐户和 持股凭证，到本公司办理登记手续，异地股东可通过信件或传真方式登记并注明 联系方式。  2、登记时间：2010 年1 月26 日上午10：00—11：30，下午1：30—3：30  3、登记地点：上海市长宁区虹桥路2451 号逸和龙柏饭店2 楼会议室  （六）、其他事项：  1、本次股东大会会期半天，与会者的食宿交通费自理。  2、联系方式：  联系地址：上海市长宁区虹桥路2451 号2 楼  邮    编： 200335  联系电话： 021-62696296  传    真： 021-62699399  联 系 人： 刘 晓 光        上海海鸟企业发展股份有限公司董事会  2010 年1 月13 日        ,海鸟发展,
600634,2010-01-13,57499165,2009年度业绩预亏公告,https://static.cninfo.com.cn/finalpage/2010-01-13/57499165.PDF,687dda2731bdb46f9d503b609e0ce53f71098a1f5fff79bc330071753a15b03f,38764,D:\动量策略\微盘股对冲策略\research_reports\20260926_l1_repair\st_timing\initial_2010_st\near_date_pdfs\600634_57499165.pdf,"证券代码：600634         证券简称：海鸟发展         编号：临2010—002    上海海鸟企业发展股份有限公司 上海海鸟企业发展股份有限公司 上海海鸟企业发展股份有限公司 上海海鸟企业发展股份有限公司  2009 2009 2009 2009年度业绩预亏公告 年度业绩预亏公告 年度业绩预亏公告 年度业绩预亏公告    本公司董事会及全体董事保证本公告内容不存在任何虚假记载、误导性陈述 或者重大遗漏，并对其内容的真实性、准确性和完整性承担个别及连带责任。    一、预计本期业绩情况 预计本期业绩情况 预计本期业绩情况 预计本期业绩情况  1、业绩预告期间：2009 年1 月1 日至12 月31 日止  2、业绩预计情况：经公司财务部门初步测算，预计公司2009 年度归属于上市公 司股东的净利润将出现亏损，具体数据敬请关注公司2009 年年度报告。  二、上年同期业绩 上年同期业绩 上年同期业绩 上年同期业绩（作为比较数据 作为比较数据 作为比较数据 作为比较数据）  1 、公司2008 年归属于上市公司股东的净利润：631,340.30 元  2、基本每股收益：0.01 元  三、年度业绩同比变化的主要原因 年度业绩同比变化的主要原因 年度业绩同比变化的主要原因 年度业绩同比变化的主要原因  因公司无在建项目，公司主要收入为存量车位的销售，致使销售收入同比大 幅度减少。  四、其他相关说明 其他相关说明 其他相关说明 其他相关说明  本次业绩预告是根据本公司财务部门初步测算作出，未经注册会计师审阅或 审。具体数据以公司经审计的2009 年年度报告披露数据为准，提请广大投资者 注意投资风险。    特此公告。    上海海鸟企业发展股份有限公司  2010 年1 月13 日  ",海鸟发展,
600634,2010-01-13,57499166,审计委员会审阅年报工作细则（2010年1月）,https://static.cninfo.com.cn/finalpage/2010-01-13/57499166.PDF,f32070a44352f5354620ddc8ba245a209b144b25dea66007d50cbe923b2d4d9d,47451,D:\动量策略\微盘股对冲策略\research_reports\20260926_l1_repair\st_timing\initial_2010_st\near_date_pdfs\600634_57499166.pdf,  上海海鸟企业发展股份有限公司 上海海鸟企业发展股份有限公司 上海海鸟企业发展股份有限公司 上海海鸟企业发展股份有限公司  审计委员会审阅年报工作细则 审计委员会审阅年报工作细则 审计委员会审阅年报工作细则 审计委员会审阅年报工作细则    第一条 为完善公司治理，健全公司内部控制制度，加强董事会审计委员会对公 司年度财务报告编制及披露工作的监控，根据中国证券监督管理委员会、上海证 券交易所的相关规定，及公司内部管理制度的有关规定，制订本工作规程。  第二条 董事会审计委员会（以下简称“审计委员会”）委员在公司年报编制和 披露工作过程中，应当勤勉尽责，维护公司利益。  第三条 审计委员会应当与负责公司年度审计工作的会计师事务所协商确定年度 财务报告审计工作的时间安排。  第五条 年审注册会计师进场后，审计委员会应加强与年审注册会计师的沟通， 在年审注册会计师出具初步审计意见后再一次审阅公司财务会计报表，形成书面 意见。  第六条 审计委员会应对年度财务审计报告进行表决，形成决议后提交董事会审 核。审计委员会应当同时向董事会提交会计师事务所从事本年度公司审计工作的 总结报告和下年度续聘或改聘会计师事务所的决议。  第七条 在年度报告编制和审议期间，审计委员会委员负有保密义务。在年度报 告披露前，严禁内幕信息泄露、内幕交易等违法违规行为发生。  第八条 公司在年报审计期间原则上不得改聘年审会计师事务所。如确需改聘， 审计委员会应约见前任和拟改聘会计师事务所，对双方的执业质量做出合理评 价，并在对公司改聘理由的充分性做出判断的基础上表示意见。经董事会决议通 过后，召开股东大会，通知被改聘的会计师事务所参会并告知其有权在股东大会 上陈述自己的意见。公司在披露股东大会决议的同时，应充分披露被改聘会计师 事务所在股东大会上的陈述意见。  第九条 在续聘下一年度年审会计师事务所时，审计委员会应当对年审注册会计 师完成公司本年度审计工作情况及执业质量做出全面客观的评价。形成肯定意见 的，提交董事会通过并召开公司股东大会审议；形成否定性意见的，公司应当改  聘会计师事务所。  第十条 在改聘下一年度年审会计师事务所时，审计委员会应通过见面沟通的方 式对前任和拟改聘的会计师事务所进行全面了解和恰当评价，形成意见后提交董 事会决议，并召开股东大会审议。审计委员会的上述沟通情况、评估意见及建议 须形成书面记录并由相关当事人签字，在公司股东大会决议披露后三个工作日内 报告公司注册地证监局。  第十一条 本制度未尽事宜，审计委员会应当依照有关法律、行政法规、部门规 章、规范性文件和公司章程的规定执行。  第十二条 本工作规程由公司董事会制定、解释和修改，经董事会审议通过之日 起生效。            上海海鸟企业发展股份有限公司董事会  2010 年1 月    ,,
600647,2009-10-15,57145400,关于整改事项进展情况的公告,https://static.cninfo.com.cn/finalpage/2009-10-15/57145400.PDF,d032c29c0e6cd107fddd3ea1e75b3c59b3c6470952049535e1dd644cfbc00648,93132,D:\动量策略\微盘股对冲策略\research_reports\20260926_l1_repair\st_timing\initial_2010_st\near_date_pdfs\600647_57145400.pdf,"证券代码：600647    股票简称：同达创业    公告编号：临2009-021    1 上海同达创业投资股份有限公司 上海同达创业投资股份有限公司 上海同达创业投资股份有限公司 上海同达创业投资股份有限公司  关于 关于 关于 关于整改 整改 整改 整改事项进展情况的公告 事项进展情况的公告 事项进展情况的公告 事项进展情况的公告  本公司董事会及全体董事保证本公告内容不存在任何虚假记载、误导性陈 述或者重大遗漏，并对其内容的真实性、准确性和完整性承担个别及连带责任。  2009 年7 月4 日，公司在《上海证券报》和上海证券交易所网 站刊登了《整改报告》（详见本公司临时公告：临2009-018）。现将 相关事项进展情况公告如下：  一、会计核算方面  1、对外出租房产未按配比原则确认相应折旧费用  2、其他应收款坏账准备计提不足  （1）2007 年度其他应收款坏账准备计提不足  （2）2008 年半年度合并报表坏账准备计提问题  上述问题在7 月4 日刊登《整改报告》时已经解决。  二、财务及资金管理方面  1、 应收大地发行中心款项长期挂账  截至2008 年6 月30 日，公司其他应收款中有应收大地发行中 心款项1,220 万元。  情况说明：公司应收大地发行中心1,220 万元其他应收款中有 600 万元为公司代上海人民日报报栏报亭文化发展有限公司（以下简 称上海报栏公司）支付“人民日报”无形资产使用款项，由我公司先 行支付；620 万元为公司收购大地发行中心持有的上海报栏公司股权 转让款。  公司收购大地发行中心持有的上海报栏公司股权事宜已经公司 2006 年3 月10 日召开的2006 年度第一次临时董事会和2006 年6 月 30 日召开的2005 年年度股东大会审议通过，股权转让合同已于2006 年7 月1 日签署，由大地发行中心向其上级主管单位申报审批中。由 于上海报栏公司股东方人民日报社大地发行中心上级主管单位一直 未能对有关股权转让协议进行批复，致使我方预付股权收购款暂以往 来挂账。  整改措施：鉴于上海报栏公司已成立运营，经公司与大地发行中  证券代码：600647    股票简称：同达创业    公告编号：临2009-021    2 心和上海报栏公司三方协商并于2009 年3 月18 日签署协议，600 万 元“人民日报”无形资产使用款项由上海报栏公司承担，截至2009 年9 月30 日，上述款项已全部收回。  进展情况：公司现仍继续与上海报栏公司股东方人民日报社大地 发行中心接洽，督促其尽快完成股权转让相关事宜，但由于该协议需 大地发行中心上级主管部门和相关国资部门批准，存在不确定性和一 定的风险。  2、 应收泰州同达有线数字网络有限公司款项长期挂账  截至2008 年6 月30 日，公司其他应收款中有应收合资公司泰州 同达有线数字网络有限公司款项1,180 万元。  情况说明：由于泰州同达有线数字网络有限公司另一股东方泰州 市广电局（台）尚未依投资比例将协议约定的实物资产投入合资公司， 故我公司依比例将协议约定的以现金投入的投资款暂以债权挂账，待 泰州市广电局所投入设备资产界定清晰后，再共同转为投资款并办理 工商变更。  整改措施：鉴于泰州同达经营的现状，为减少投资损失与风险， 经2009 年6 月24 日召开的公司五届三次股东大会审议通过，公司将 以120 万元转让持有的泰州同达49%股权；公司正积极协调相关方力 争早日收回应收泰州同达的1180 万元款项。   进展情况：公司已聘请中介机构完成了上述股权的审计和评估工 作，有关股权转让和回收应收款项的协议已基本协商一致，公司将继 续与相关各方协商，力争年内完成股权转让，并收回应收款项。  3、广州德裕存在少数股东占款  截至2008 年6 月30 日，广州德裕其他应收款中存在原个人股东 郭伟欠款372 万元。  情况说明：广州德裕股权系该公司增资扩股时本公司认购其股权 所得，郭伟系广州德裕原个人股东，其欠款发生于我公司入股之前， 根据原相关协议约定，其继续享有一期“逸品台”工程尚未实现销售 部分的利润。  进展情况：至本公告披露日，广州德裕一期“逸品台”工程已进 ",同达创业,
600647,2009-10-30,57228831,2009年第三季度报告,https://static.cninfo.com.cn/finalpage/2009-10-30/57228831.PDF,f987ae243c8cf161f10c94b76b36ac2ad29407666904e7febfeebe4fa53d406d,290012,D:\动量策略\微盘股对冲策略\research_reports\20260926_l1_repair\st_timing\initial_2010_st\near_date_pdfs\600647_57228831.pdf,    上海同达创业投资股份有限公司                2009 年第三季度报告            二○○九年十月二十八日       目  录    §1    重要提示 ……………………………………………………………………………  1  §2    公司基本情况 ………………………………………………………………………  2  §3    重要事项 …………………………………………………………………………… 4  §4    附录 ………………………………………………………………………………… 9    ,,
600647,2009-11-25,57327696,关于信达投资有限公司减持本公司股份的公告,https://static.cninfo.com.cn/finalpage/2009-11-25/57327696.PDF,49d9c5dd445f3b0121c9aefcdcdb6125d87767948e06473996fa1fc86e5beeda,43174,D:\动量策略\微盘股对冲策略\research_reports\20260926_l1_repair\st_timing\initial_2010_st\near_date_pdfs\600647_57327696.pdf,"证券代码：600647    股票简称：同达创业    公告编号：临2009-022    1 上海同达创业投资股份有限公司 上海同达创业投资股份有限公司 上海同达创业投资股份有限公司 上海同达创业投资股份有限公司  关于信达投资有限公司减持本公司股份的公告 关于信达投资有限公司减持本公司股份的公告 关于信达投资有限公司减持本公司股份的公告 关于信达投资有限公司减持本公司股份的公告  本公司董事会及全体董事保证本公告内容不存在任何虚假记载、误导性陈 述或者重大遗漏，并对其内容的真实性、准确性和完整性承担个别及连带责任。  一、减持股份情况说明    上海同达创业投资股份有限公司（下称“同达创业”）于2009 年11 月23 日接到本公司控股股东信达投资有限公司（下称“信达投 资”）关于减持同达创业流通股份的通知。自2009 年9 月15 日至2009 年11 月23 日，信达投资通过上海证券交易所集中竞价交易系统累计 出售同达创业流通股份542,818 股，占同达创业公司总股本的1.01%。   信达投资股东本次减持前后持股情况如下：  本次减持前，信达投资持有同达创业股份23,312,039 股，占同达 创业公司总股本的43.56%。  本次减持后，信达投资持有同达创业股份22,769,221 股，占同达 创业公司总股本的42.55%。  二、其他相关说明  本次减持遵守了相关法律、法规、规章、业务规则的规定。  三、备查文件  信达投资有限公司关于减持上海同达创业投资股份有限公司股 份的《通知》。      特此公告。                               上海同达创业投资股份有限公司                                 二○○九年十一月二十五日  ",同达创业,
600647,2009-12-23,57427612,关于诉讼事项进展情况的公告,https://static.cninfo.com.cn/finalpage/2009-12-23/57427612.PDF,8aa6eae6c2d421e140836dc917143ea7eae5a377af4c628ef8cb3a1a1028e56c,68898,D:\动量策略\微盘股对冲策略\research_reports\20260926_l1_repair\st_timing\initial_2010_st\near_date_pdfs\600647_57427612.pdf,"证券代码：600647    股票简称：同达创业    公告编号：临2009-023    上海同达创业投资股份有限公司 上海同达创业投资股份有限公司 上海同达创业投资股份有限公司 上海同达创业投资股份有限公司  关于诉讼事项进展情况的公告 关于诉讼事项进展情况的公告 关于诉讼事项进展情况的公告 关于诉讼事项进展情况的公告    本公司董事会及全体董事保证本公告内容不存在任何虚假记载、误导性陈述 或者重大遗漏，并对其内容的真实性、准确性和完整性承担个别及连带责任。  香港汉盛集团有限公司（以下简称“汉盛公司”）诉本公司关于 江都亚海造船有限公司股权转让侵权纠纷一案，上海市高级人民法院 再审后，于2008 年12 月22 日下达民事判决书[（2007）沪高民四（商） 再终字第1 号]判决如下：维持上海市高级人民法院（2004）沪高民 四（商）终字第7 号民事判决：驳回上诉，维持原判。2009 年4 月 28 日，上海市第一中级人民法院下达恢复执行通知书[（2005）沪一 中执字第700 号]：恢复汉盛公司与本公司股权转让纠纷一案的执行 [详见本公司于2008 年12 月29 日和2009 年5 月4 日在《上海证券 报》和上海证券交易所网站刊登的临时公告：临2008-009、临 2009-006]。  本公司不服上海市高级人民法院再审判决，向中华人民共和国最 高人民法院申请再审，2009 年5 月4 日，本公司接到最高人民法院 受理案件通知书[（2009）民监字第92 号]：经审查，本公司的再审 申请符合受理条件，中华人民共和国最高人民法院决定立案审查[详 见本公司于2009 年5 月6 日在《上海证券报》和上海证券交易所网 站刊登的临时公告：临2009-007]。  2009 年9 月4 日，本公司接到中华人民共和国最高人民法院民 事裁定书[（2009）民监字第92 号]，认为：原再审判决认定事实清 楚，适用法律正确。本公司的再审申请不符合法律规定的再审条件。 依照《中华人民共和国民事诉讼法》第一百八十一条第一款的规定，  驳回本公司的再审申请[详见本公司于2009 年9 月8 日在《上海证券  证券代码：600647    股票简称：同达创业    公告编号：临2009-023    报》和上海证券交易所网站刊登的临时公告：临2009-020]。  为避免该案执行给公司造成更大的损失（如该案执行，公司应支 付给原告执行款的具体数额为：1.本金人民币3000 万元；2.判决确 认的利息人民币4,648,586.3 元；3.案件受理费人民币183,252 元、 诉讼保全费人民币173,762 元；4.迟延履行期间的加倍债务利息为人 民币20,185,867.68 元〈以人民币34,648,586.3 元为基数，自2005 年6 月20 日计算至2009 年11 月30 日，按中国人民银行同期贷款利 率加倍计算〉。以上四项合计人民币55,191,467.98 元），经公司与原 告方反复协商，原告方同意，如果公司能于2009 年12 月21 日前支 付人民币27,357,014 元（以下简称“和解款项”）至上海市第一中级 人民法院银行账户，则对本案的剩余债权予以免除。  公司已于2009 年12 月18 日将上述和解款项支付给了上海市第 一中级人民法院银行账户。现公司已向上海市第一中级人民法院申请 对因本案查封的本公司资产予以解封，公司将待查封资产解封后，及 时履行信息披露义务。  特此公告。                                上海同达创业投资股份有限公司                                   2009 年12 月23 日    ",同达创业,
600656,2009-12-07,57369740,2009年第三次临时股东大会法律意见书的补充意见,https://static.cninfo.com.cn/finalpage/2009-12-07/57369740.PDF,509dcffdb15f1eebac81bf52ab59a2b4b8c5e412148fcd504009e7326f2c9198,92990,D:\动量策略\微盘股对冲策略\research_reports\20260926_l1_repair\st_timing\initial_2010_st\near_date_pdfs\600656_57369740.pdf,  1 广东德海律师事务所  关于东莞市方达再生资源产业股份有限公司  2009 年第三次临时股东大会法律意见书的  补充意见    致：东莞市方达再生资源产业股份有限公司  广东德海律师事务所（以下简称“本所”）接受东莞市方达再生资源 产业股份有限公司（以下简称“ST方源”）第一大股东东莞市勋达投资管 理有限公司（以下简称“勋达公司”）的委托，指派彭正民律师（以下简 称“本所律师”）出席了ST方源于2009年12月2日在东莞市长安镇沙头静海 西路128号嘉柏酒店会议室召开的2009年第三次临时股东大会（以下简称 “本次临时股东大会”），并根据相关规定出具了《法律意见书》。  本所律师现就部分原ST方源董事对本次临时股东大会提出的相关质 疑，出具补充意见如下：  一、关于本次临时股东大会聘请一名律师的问题  《上市公司股东大会规则》第五条规定：“上市公司召开股东大会，应 当聘请律师对以下问题出具法律意见并公告：……”；《 ST 方源章程》第 四十五条规定：“本公司召开股东大会时将聘请律师对以下问题出具法律 意见并公告：……”。  上述规定只要求上市公司召开股东大会时，需聘请律师对有关问题出 具法律意见，但对聘请律师的具体名额并无限制。  经本所律师核查，近期在其他上市公司召开临时股东大会的实际操作 中，亦存在仅聘请一名律师出具《法律意见书》的情况。  本所律师亦注意到《律师事务所从事证券法律业务管理办法》第二十 四条关于律师从事证券法律业务，其所出具的法律意见应当由2 名执业律    2 师和所在律师事务所负责人签名，加盖该律师事务所印章，并签署日期的 规定。故本所律师出具本补充意见时，由本所合伙人彭正民律师及合伙人 张光兆律师共同签名。  二、关于董事、监事及高级管理人员出席本次临时股东大会的情况  出席本次临时股东大会的监事有ST 方源监事会主席徐述静。  出席本次临时股东大会的高级管理人员有ST 方源总裁罗文海。  ST 方源监事徐述静出席了本次临时股东大会，并作为监事代表参与了 监票工作，本所律师已在本次临时股东大会上核实了徐述静监事的身份。 因徐述静监事未在会议签到表上签到，本所律师在出具《法律意见书》披 露“出席会议的其他人员”时，遗漏了徐述静监事，本所律师对此深表歉 意。  三、关于肖黎作为董事候选人  1、本所律师已注意到《上市公司股东大会规则》第34 条及《ST 方源 章程》第84 条关于“股东大会审议提案时，不得对提案进行修改，……” 的规定。但提交本次临时股东大会审议的《关于改选董事的议案》内容为： “提名……肖黎担任公司董事”。本次临时股东大会审议提案时，并未对 “提名……肖黎担任公司董事”的提案进行修改。  2、本次临时股东大会在将《关于改选董事的议案》交付审议和表决之 前，已经提名肖黎作为董事候选人，并未超过改选董事的议题范围。  本所律师认为，本次临时股东大会审议提案时，并未对提案进行修改， 出席会议的股东及股东委托的代理人通过现场表决，选举肖黎担任ST 方 源董事合法有效，本所律师就此出具的《法律意见书》并未违反相关规定。  四、关于本次临时股东大会提案审议和表决程序的合法性  本次临时股东大会审议的提案《关于改选董事的议案》采用记名方式 投票表决，出席股东及股东委托的代理人以其所代表的有表决权的股份数 ,,
600656,2009-12-08,57373792,六届董事会第二十八次会议决议公告,https://static.cninfo.com.cn/finalpage/2009-12-08/57373792.PDF,d408514fcae72cf38b23422805eb157258dc919550fb4585cc30a4e247c49c5b,54223,D:\动量策略\微盘股对冲策略\research_reports\20260926_l1_repair\st_timing\initial_2010_st\near_date_pdfs\600656_57373792.pdf,证券代码 证券代码 证券代码 证券代码：600656               600656               600656               600656              证券简称 证券简称 证券简称 证券简称：ST  ST  ST  ST 方源 方源 方源 方源                                       公告编号 公告编号 公告编号 公告编号：临2009 2009 2009 2009-110 110 110 110    东莞市方达再生资源产业股份有限公司 东莞市方达再生资源产业股份有限公司 东莞市方达再生资源产业股份有限公司 东莞市方达再生资源产业股份有限公司  六届董事会第二十八次会议决议公告 六届董事会第二十八次会议决议公告 六届董事会第二十八次会议决议公告 六届董事会第二十八次会议决议公告    本公司董事会及全体董事保证本公告内容不存在任何虚假记载、误导性陈述  或者重大遗漏，并对其内容的真实性、准确性和完整性承担个别及连带责任。  经东莞市勋达投资管理有限公司要求，东莞市方达再生资源产业股份有限公 司六届董事会第二十八次会议于2009 年12 月6 日上午在广东省东莞市长安 镇长荣五金国际机械广场商贸大厦701室召开。本次会议应到董事9 人，实到6  人。出席会议的董事有：胡巍先生、李佳先生、肖黎先生、王柏林先生、刘晓锋 先生、孙坚先生等6位董事。董事方国梁先生因另有要务未能出席，委托董事李 佳先生代为行使表决权；董事蒋根福先生，独立董事李龙先生未出席也未委托表 决，视为弃权。会议有表决权总数为9票。会议的召开符合《公司法》和《公司 章程》的有关规定。会议由公司董事会成员推选胡巍先生主持，公司监事会部分 成员及高级管理人员列席会议。会议以现场投票的方式表决。  会议决议如下：  1、会议以7 票赞成，2 票弃权（李龙独立董事、蒋根福董事），0 票反对， 审议并通过《关于改选第六届董事会董事长的议案》，选举胡巍先生为第六届董 事会董事长；  2、会议以7 票赞成，2 票弃权（李龙独立董事、蒋根福董事），0 票反对， 审议并通过《关于解聘董事会秘书的议案》，对公司董事会秘书方遒先生予以解 聘，在未经公司董事会提名委员会提名董事会秘书之前，根据相关法律、规章的 规定，由公司第六届董事会董事长胡巍先生暂行代理行使公司董事会秘书的职 责；      3、会议以7 票赞成，2 票弃权（李龙独立董事、蒋根福董事），0 票反对， 审议并通过《关于变更公司办公地址的议案》，办公地址变更为：广东省东莞市 长安镇长荣五金国际机械广场商贸大厦四楼；邮政编码：523000；公司联系电话 号码变更为：0769-85425083；公司传真号码变更为：0769-85425083；   4、会议以7 票赞成，2 票弃权（李龙独立董事、蒋根福董事），0 票反对， 审议并通过《关于启用新的公司公章及董事会印章的议案》，启用新的公司公章 及董事会印章。              特此公告。      东莞市方达再生资源产业股份有限公司             董事会                            ,ST,
600656,2009-12-21,57419395,重大风险提示,https://static.cninfo.com.cn/finalpage/2009-12-21/57419395.PDF,49935319616ab9222a86947554802a9248bf77a004f682276c41a26c67973a4e,54790,D:\动量策略\微盘股对冲策略\research_reports\20260926_l1_repair\st_timing\initial_2010_st\near_date_pdfs\600656_57419395.pdf,证券代码 证券代码 证券代码 证券代码：600656  600656  600656  600656            证券简称 证券简称 证券简称 证券简称：ST  ST  ST  ST 方源 方源 方源 方源            公告编号 公告编号 公告编号 公告编号：临2009 2009 2009 2009-111 111 111 111  东莞市方达再生资源产业股份有限公司 东莞市方达再生资源产业股份有限公司 东莞市方达再生资源产业股份有限公司 东莞市方达再生资源产业股份有限公司  重大风险提示 重大风险提示 重大风险提示 重大风险提示    本公司董事会及全体董事保证本公告内容不存在任何虚假记载、误导性陈述 或者重大遗漏，并对其内容的真实性、准确性和完整性承担个别及连带责任。  公司由第一大股东东莞市勋达投资管理有限公司为召集人，于2009年12月2 日召开东莞市方达再生资源产业股份有限公司2009  2009  2009  2009 年第三次临时股东大会并审 议通过的《关于改选董事的议案》；于2009年12月6日东莞市方达再生资源产业 股份有限公司六届董事会第二十八次会议审议通过了《关于改选第六届董事会董 事长的议案》，《关于解聘董事会秘书的议案》，《关于变更公司办公地址的议 案》，《关于启用新的公司公章及董事会印章的议案》。上述事项均已例行公告。  由于公司前董事余蒂妮强行扣压公司印章和办公设备等物品，隐匿账册、档 案资料，造成公司无法运营，处于瘫痪状态。为了维护公司的合法权益和上市公 司全体股东特别是中小股东的合法权益，董事会并已于2009 年12 月14 日向东 莞市公安机关申请立案侦察。  鉴于前董事余蒂妮强行扣压公司印章和办公设备等物品，隐匿账册、档案资 料等原因，公司目前无法了解财务和资产情况的现状，对核算2009 年度业绩亏 损额和按期出具年度审计报告存在重大不确定性。同时，由于公司无法使用印章， 对公司正常运营和实施相关工作也存在重大影响，对公司2009 年股权分置改革 业绩承诺存在无法实现的重大风险。公司董事会就该事项提醒广大投资者注意投 资风险，并向上市公司全体股东特别提示。  特此公告。    东莞市方达再生资源产业股份有限公司  董事会  2009 年12 月17 日  （东莞市方达再生资源产业股份有限公司重大风险提示公告董事签字页）       方国梁：                              胡巍：      王柏林：                              肖黎：      刘晓锋：                              孙坚：      蒋根福：                              李龙：      李佳：                                             东莞市方达再生资源产业股份有限公司                                        董事会                                                 2009年12月17日    ,ST,
600656,2009-12-24,57431595,关于股民诉讼的公告,https://static.cninfo.com.cn/finalpage/2009-12-24/57431595.PDF,d6bb51ded4221d90aa1aeda554436fb9c651c9c49047bd9e082450b6bd139d01,50726,D:\动量策略\微盘股对冲策略\research_reports\20260926_l1_repair\st_timing\initial_2010_st\near_date_pdfs\600656_57431595.pdf,    证券代码 证券代码 证券代码 证券代码：600656  600656  600656  600656                证券简称 证券简称 证券简称 证券简称：ST ST ST ST方源 方源 方源 方源                公告编号 公告编号 公告编号 公告编号：临2009 2009 2009 2009-112 12 12 12  东莞市方达再生资源产业股份有限公司 东莞市方达再生资源产业股份有限公司 东莞市方达再生资源产业股份有限公司 东莞市方达再生资源产业股份有限公司  关于 关于 关于 关于股民 股民 股民 股民诉讼的公告 诉讼的公告 诉讼的公告 诉讼的公告  本公司董事会及全体董事保证本公告内容不存在任何虚假记载、 误导性陈述或者重大遗漏，并对其内容的真实性、准确性和完整性承 担个别及连带责任。  近日，本公司接到广东省珠海市香洲区人民法院「（2010）香民 二初字第117 号」案的《应诉通知书》、开庭《传票》及民事诉状。  一、 诉讼具体情况  1、 原告：邓建国、男、25岁，住所：重庆市云阳县盛堡镇火地村， 持有被告上市流通股700股。被告：东莞市方达再生资源产业股 份有限公司。  2、 诉讼请求：请求法院撤消东莞市方达再生资源产业股份有限公 司2009年第三次临时股东大会所作出的决议。  3、 原告的理由：（1）临时股东大会审议的议案与召集人提交的议 案及股东大会通知的议案不符。（2）议案免除董事和独立董事 的资格侵犯了相关人员的个人权利并超越了股东大会的职权范 围。（3）2009年第三次临时股东大会被人为操纵，严重侵犯小 股东合法权益。  二、本公司对邓建国歪曲事实、恶意诉讼的行为保留追诉的权利。  三、本公司将及时披露本诉讼进展情况。  四、截止目前本公司没有其它尚未披露的重大诉讼、仲裁事项。       五、备查文件  广东省珠海市香洲区人民法院应诉通知书「（2010）香民二初字第117  号」。  特此公告！              东莞市方达再生资源产业股份有限公司  董事会  二OO 九年十二月二十三日  ,ST,
600656,2010-01-12,57494772,六届董事会第二十九次会议决议公告,https://static.cninfo.com.cn/finalpage/2010-01-12/57494772.PDF,59f1c6877309bd011592f4b89867ec153bffe7dc2b12a486f558ac6a22323cf6,87975,D:\动量策略\微盘股对冲策略\research_reports\20260926_l1_repair\st_timing\initial_2010_st\near_date_pdfs\600656_57494772.pdf,证券代码：600656  证券简称：ST 方源 公告编号：临2010-001  东莞市方达再生资源产业股份有限公司  六届董事会第二十九次会议决议公告  本公司董事会及全体董事保证本公告内容不存在任何虚假记载、误导性陈述 或者重大遗漏，并对其内容的真实性、准确性和完整性承担个别及连带责任。  由胡巍董事长提议并召集，东莞市方达再生资源产业股份有限公司六届董事 会第二十九次会议于2010年1月11日以通讯方式召开。本次会议以电子邮件、传 真向全体董事发出会议通知；会议共发出9张表决票，收到有效表决票为7票。会 议召开符合有关法律、法规及《公司章程》的规定。  根据会议通知约定的表决票反馈时间，截止到2010年1月11日(星期一)下午 两点，董事会秘书共收到胡巍先生、方国梁先生、王柏林先生、刘晓锋先生、李 佳先生、肖黎先生、孙坚先生等7位董事的有效表决票。  经审议，会议以7票赞成、2票弃权（董事蒋根福先生，独立董事李龙先生未 表决，视为弃权）。审议并通过《关于解除未按时到岗相关人员劳动合同的议案》。  为执行公司2009 年12 月6 日召开的六届董事会第二十八次会议审议通过的 关于《关于变更公司办公地址的议案》，本公司董事会已于2009 年12 月17 日以 电话和电子邮件方式向公司全体高管发出通知，要求公司高管及全体人员最迟应 于2009 年12 月21 日前自行到新办公地址——广东省东莞市长安镇长荣五金国 际机械广场商贸大厦四楼报到上班，逾期不到者视作自动离职。  鉴于包括陈杰、方遒及伍宝清等三名高管在内的少数公司员工在收到本公司 董事会相关通知后，至今仍未到新公司办公地址报到，根据《中华人民共和国劳 动法》及本公司相关规章制度，经本公司董事会审议通过解除与上述在规定时间 内未到本公司新办公地址报到的相关人员的劳动合同。  公司将根据日常经营和管理需要，尽快聘请新的高管人员。    特此公告    东莞市方达再生资源产业股份有限公司董事会  二O 一O 年一月十一日  ,ST,
600687,2010-01-04,57463907,第六届董事会第二十六次会议决议公告,https://static.cninfo.com.cn/finalpage/2010-01-04/57463907.PDF,118621588d6f4a9c84d211acda3770a7738b9298ec213e6f6e562fc05d1c51b6,129426,D:\动量策略\微盘股对冲策略\research_reports\20260926_l1_repair\st_timing\initial_2010_st\near_date_pdfs\600687_57463907.pdf,"  1 证券代码：600687              股票简称：刚泰控股             公告编号：临2010-001    浙江刚泰控股（集团）股份有限公司  第六届董事会第二十六次会议决议公告    浙江刚泰控股（集团）股份有限公司（以下简称“公司” 或“刚泰控股”） 第 六届董事会第二十六次会议于2009 年12 月31 日上午8：30 在公司会议室召开， 会议通知于2009 年12 月15 日发出。会议由董事长徐建刚先生主持。会议应到 董事7 名，实到7 名。会议的召开符合《中华人民共和国公司法》和公司章程的 规定，会议的召开合法有效。公司监事及高级管理人员列席本次会议。  经与会董事审议，会议以书面表决方式逐项审议并通过了下列议案：    一、逐项审议通过了《关于公司向特定对象发行股份购买资产暨关联交易 的议案》  本次发行股份购买资产的交易对方为徐建刚先生，为公司的实际控制人，本 次发行股份购买资产构成关联交易。公司董事徐建刚、夏凤生、张扣宝、徐建德 为关联董事，均回避表决；出席本次会议的3 名独立董事对此议案下列表决事项 逐一进行了表决。  公司根据有关审计、评估结果，在第六届第二十次董事会审议通过《公司发 行股份购买资产暨关联交易预案》的基础上形成的本次发行股份购买资产方案如 下：    （一） 总体方案  公司拟向实际控制人徐建刚非公开发行股份购买其持有的上海腾海工贸发 展有限公司100%的权益，以改善公司资产质量、增强公司盈利能力和可持续发 展能力。  2009 年8 月上海腾海工贸发展有限公司因业务发展需要，更名为上海刚泰 实业有限公司（以下简称“刚泰实业”）。公司经营范围变更为：实业投资，仓储，    2 房屋维修，包装服务，货运代理，国际航空、海上、陆上货物运输代理，自有设 备租赁（除金融租赁），展览展示，物业管理；货物装卸、搬运；从事货物与技 术的进出口业务；建筑材料，钢材，木材，水泥，五金电器，陶瓷制品，砼制品， 销售；五金配件，土木机械设备，加工、制造；挖土方，自有房屋租赁；普通货 运。（企业经营涉及行政许可的，凭许可证件经营）  上述发行股份购买资产完成后，公司将实现公司发展战略调整和业务结构重 整，随着上海刚泰临港国际物流园项目的建设完成，逐步由原来主营业务不突出、 受区域性约束较大为特征的IT 服务、房地产和贸易的多元化发展格局，调整为 以“上海国际航运中心为依托，建立现代物流仓储服务体系为核心”的战略定位。  本项表决情况：3 票赞成，0 票反对，0 票弃权。    （二）发行股份购买资产的具体方案  1、本次发行股份购买资产涉及的标的资产（以下称“标的资产”）如下：  （1）拟购买的标的资产   本次发行股份购买资产的标的资产为徐建刚持有的刚泰实业100%的股权。  本项表决情况：3 票赞成，0 票反对，0 票弃权。    （2）标的资产的定价  标的资产的定价以具有证券从业资格的资产评估机构北京岳华德威资产评 估有限公司出具的岳华德威评报字(2009)第375 号《上海刚泰实业有限公司股权 转让项目资产评估报告》确认的评估结果为依据，以2009 年10 月31 日为评估 基准日，拟购买资产的评估值为36,367.68 万元，确定的拟购买资产定价为 36,367.68 万元。  本项表决情况：3 票赞成，0 票反对，0 票弃权。    （3）权属转移手续办理  自本次发行股份购买资产取得所有的授权与批准后，徐建刚应在十个工作日 内办理标的资产的交割手续。  相关工商行政管理部门将标的资产变更登记至公司名下，且其他相关的工商 ",刚泰控股,
600687,2010-01-04,57463908,关于召开2009年第二次临时股东大会的通知,https://static.cninfo.com.cn/finalpage/2010-01-04/57463908.PDF,672505a2ba1a53ffeb5831b70b81358b89186280aded1c6f0990642d3b156df6,122094,D:\动量策略\微盘股对冲策略\research_reports\20260926_l1_repair\st_timing\initial_2010_st\near_date_pdfs\600687_57463908.pdf,  1 证券代码：600687              股票简称：刚泰控股             公告编号：临2010-002    浙江刚泰控股（集团）股份有限公司  关于召开2009 年第二次临时股东大会的通知     本公司董事会及全体董事保证本公告内容不存在任何虚假记载、误导性陈述或者重大遗漏， 并对其内容的真实性、准确性和完整性承担个别及连带责任。      公司 2010 年第二次临时股东大会将以现场方式召开。现将本次临时股东大 会的有关事宜通知如下：   1、会议时间  现场会议召开时间：2010 年3 月30 日下午14：00  网络投票时间：2010 年3 月30 日9：30-11：30 和13：00-15：00（当天 交易时间）  2、现场会议地点：浙江省德清县武康镇英溪北路2 号公司本部会议室  3、股权登记日：2010 年3 月24 日  4、会议召集人：公司董事会   5、投票方式：本次股东大会采取现场投票与网络投票相结合的方式，公司 将通过上海证券交易所交易系统向股东提供网络形式的投票平台，流通股股东可 以在网络投票时间内通过上述交易系统行使表决权。   6、投票规则  同一表决权只能选择现场、网络表决方式中的一种，不能重复表决。 如果 同一表决权通过现场、网络重复表决，以现场表决为准。  7、出席会议对象：  （1）本公司董、监事及高级管理人员  （2）截止股权登记日15：00 交易结束后在中国证券登记结算有限责任公司 上海分公司登记在册的公司股东或其委托授权代理人。  （3）公司聘请的见证律师。      2 三、会议审议事项如下：   1、审议《关于公司符合向特定对象发行股份购买资产条件的议案》  2、审议《关于公司本次发行股份购买资产符合〈关于规范上市公司重大资 产重组若干问题的规定〉第四条规定的议案》  3、审议《关于公司向特定对象发行股份购卖资产暨关联交易的议案》  3.1 总体方案   3.2 发行股份购买资产的具体方案  3.2.1  拟购买的标的资产  3.2.2  标的资产的定价  3.2.3  权属转移手续办理  3.2.4  期间损益归属  3.2.5  发行股份的种类  3.2.6  发行股份的面值  3.2.7  发行股份定价方式和价格  3.2.8  发行对象  3.2.9  发行方式和认购方式  3.2.10  发行数量  3.2.11  股份的上市地点  3.2.12  锁定期安排  3.2.13  本次发行前公司滚存未分配利润享有的方案  3.2.14  决议的有效期  4、审议《关于<浙江刚泰控股(集团)股份有限公司向特定对象发行股份购买 资产暨关联交易报告书(草案)>的议案》   5、审议《关于与徐建刚签署附生效条件的<发行股份购买资产协议>和〈发 行股份购买资产协议之补充协议〉的议案》   6、审议《关于提请股东大会批准徐建刚免于以要约方式增持公司股份的议 案》   7、审议《关于提请股东大会授权董事会全权办理重大资产重组的议案》   上述议案2、议案3、议案4、议案5、议案6 由于涉及关联交易，公司关联 ,刚泰控股,
600687,2010-01-04,57463909,向特定对象发行股份购买资产暨关联交易报告书（草案）摘要,https://static.cninfo.com.cn/finalpage/2010-01-04/57463909.PDF,cc30ae9972816e315c1586b4cca0f97dca5a63eeeb34fa9922575b077576021c,638083,D:\动量策略\微盘股对冲策略\research_reports\20260926_l1_repair\st_timing\initial_2010_st\near_date_pdfs\600687_57463909.pdf,证券代码：600687  证券简称：刚泰控股   公告编号：临2010-003        浙江刚泰控股（集团）股份有限公司  向特定对象发行股份购买资产暨  关联交易报告书（草案）摘要                交易对方  徐建刚  住所  浙江台州市路桥区路桥街道明日花苑  通讯地址  上海市浦东陆家嘴环路958号华能联合大厦19楼                  独立财务顾问：  广州证券有限责任公司    二○○九年十二月三十一日       2 公司声明    本重大资产重组报告书摘要的目的仅为向公众提供有关本次重组的简要情 况，并不包括重大资产重组报告书全文的各部分内容。重大资产重组报告书全 文同时刊载于www.sse.com.cn网站；备查文件的查阅地址为：上海浦东陆家嘴环 路958号华能联合大厦19楼。  本公司及董事会全体成员保证本报告书内容的真实、准确、完整，并对报告 书的虚假记载、误导性陈述或重大遗漏负连带责任。  公司负责人和主管会计工作的负责人、会计机构负责人保证本报告书中财务 会计报告的真实、准确、完整。  中国证监会、其他政府机关对本次交易所作的任何决定或意见，均不表明其 对本公司股票的价值或投资者收益的实质性判断或保证。任何与之相反的声明 均属虚假不实陈述。  本次交易完成后，本公司经营与收益的变化由本公司自行负责；因本次交易 引致的投资风险，由投资者自行负责。  投资者若对本报告书存在任何疑问，应咨询自己的股票经纪人、律师、专业 会计师或其他专业顾问。                            ,刚泰控股,
600687,2010-01-04,57463910,向特定对象发行股份购买资产暨关联交易报告书（草案）,https://static.cninfo.com.cn/finalpage/2010-01-04/57463910.PDF,e44b629c888f3414c7cc71f8dfeea251226330bc4553d28007c08c55603feeac,2938683,D:\动量策略\微盘股对冲策略\research_reports\20260926_l1_repair\st_timing\initial_2010_st\near_date_pdfs\600687_57463910.pdf,证券代码：600687  证券简称：刚泰控股   上市地点：上海证券交易所        浙江刚泰控股（集团）股份有限公司  向特定对象发行股份购买资产暨  关联交易报告书  （草案）              交易对方  徐建刚  住所  浙江台州市路桥区路桥街道明日花苑  通讯地址  上海市浦东陆家嘴环路958号华能联合大厦19楼                  独立财务顾问：  广州证券有限责任公司    二○○九年十二月三十一日       1-1-2 公司声明    本公司及董事会全体成员保证本报告书内容的真实、准确、完整，并对报告 书的虚假记载、误导性陈述或重大遗漏负连带责任。  公司负责人和主管会计工作的负责人、会计机构负责人保证本报告书中财务 会计报告的真实、准确、完整。  中国证监会、其他政府机关对本次交易所作的任何决定或意见，均不表明其 对本公司股票的价值或投资者收益的实质性判断或保证。任何与之相反的声明 均属虚假不实陈述。  本次交易完成后，本公司经营与收益的变化由本公司自行负责；因本次交易 引致的投资风险，由投资者自行负责。  投资者若对本报告书存在任何疑问，应咨询自己的股票经纪人、律师、专业 会计师或其他专业顾问。                                  ,刚泰控股,
600687,2010-01-06,57472859,2009年度业绩预增公告,https://static.cninfo.com.cn/finalpage/2010-01-06/57472859.PDF,70a7c522501d6f29d696a4421a60e8dc6fbb79cc59a1ab272bcdb7955819b991,38307,D:\动量策略\微盘股对冲策略\research_reports\20260926_l1_repair\st_timing\initial_2010_st\near_date_pdfs\600687_57472859.pdf,"证券代码 证券代码 证券代码 证券代码：600687 600687 600687 600687                                                              股票简称 股票简称 股票简称 股票简称：刚泰控股 刚泰控股 刚泰控股 刚泰控股                                           编号 编号 编号 编号：临 2010  2010  2010  2010- 005  005  005  005 号   浙江刚泰控股 浙江刚泰控股 浙江刚泰控股 浙江刚泰控股（集团 集团 集团 集团）股份有限公司 股份有限公司 股份有限公司 股份有限公司  2009 2009 2009 2009 年度业绩预增公告 年度业绩预增公告 年度业绩预增公告 年度业绩预增公告  本公司董事会及全体董事保证本公告内容不存在任何虚假记载 本公司董事会及全体董事保证本公告内容不存在任何虚假记载 本公司董事会及全体董事保证本公告内容不存在任何虚假记载 本公司董事会及全体董事保证本公告内容不存在任何虚假记载、误导性陈述或者重大遗漏 误导性陈述或者重大遗漏 误导性陈述或者重大遗漏 误导性陈述或者重大遗漏， 并对其内容的真实性 并对其内容的真实性 并对其内容的真实性 并对其内容的真实性、准确性和完整性承担个别及连带责任 准确性和完整性承担个别及连带责任 准确性和完整性承担个别及连带责任 准确性和完整性承担个别及连带责任。   一、预计的本期业绩情况  1、业绩预告时间：2009 年1 月1 日至2009 年12 月31 日。  2、业绩预告情况：经公司财务部门初步测算，预计公司2009 年度实现归属  于母公司所有者的净利润将比上年同期增长50%以上。  3、本次预计的业绩未经注册会计师审计。  二、上年同期业绩  1、归属于上市公司股东的净利润：2,841,299.04 元。  2、每股收益：0.022 元。  三、业绩增长主要原因  公司年度内投资收益和营业外收入有所增长。  四、其他相关说明：  具体财务数据将在公司2009 年年度报告中予以详细披露。  特此公告    浙江刚泰控股 浙江刚泰控股 浙江刚泰控股 浙江刚泰控股（集团 集团 集团 集团）股份有限公司 股份有限公司 股份有限公司 股份有限公司  董事会 董事会 董事会 董事会  2010  2010  2010  2010 年 1   1   1   1 月 5   5   5   5 日  ",刚泰控股,
600687,2010-01-14,57503258,2010年第一次临时股东大会决议公告,https://static.cninfo.com.cn/finalpage/2010-01-14/57503258.PDF,c989bc0adfe0a361ffb76e1ecd0e0e083a10f736fd3676cdc44e4d7810b9e630,66486,D:\动量策略\微盘股对冲策略\research_reports\20260926_l1_repair\st_timing\initial_2010_st\near_date_pdfs\600687_57503258.pdf,"股票代码 股票代码 股票代码 股票代码：600687               股票简称 股票简称 股票简称 股票简称：刚泰控股 刚泰控股 刚泰控股 刚泰控股               编号 编号 编号 编号：临2010-007    浙江刚泰控股 浙江刚泰控股 浙江刚泰控股 浙江刚泰控股（集团 集团 集团 集团）股份有限公司 股份有限公司 股份有限公司 股份有限公司  二○一○年第一次临时股东大会决议公告 年第一次临时股东大会决议公告 年第一次临时股东大会决议公告 年第一次临时股东大会决议公告    本公司董事会及全体董事保证本公告内容不存在任何虚假记载 本公司董事会及全体董事保证本公告内容不存在任何虚假记载 本公司董事会及全体董事保证本公告内容不存在任何虚假记载 本公司董事会及全体董事保证本公告内容不存在任何虚假记载、误导性陈 误导性陈 误导性陈 误导性陈 述或者重大遗漏 述或者重大遗漏 述或者重大遗漏 述或者重大遗漏，并对其内容的真实性 并对其内容的真实性 并对其内容的真实性 并对其内容的真实性、准确性和完整性承担个别及连带责任 准确性和完整性承担个别及连带责任 准确性和完整性承担个别及连带责任 准确性和完整性承担个别及连带责任。  一、重要提示 重要提示 重要提示 重要提示  1、公司于2009 年12 月29 日在《上海证券报》和上海证券交易所的网站上 刊登了《浙江刚泰控股（集团）股份有限公司关于召开2010 年第一次临时股东 大会的通知》。  2、本次临时股东大会没有增加、变更提案的情况。  3、本次临时股东大会不存在议案被否决的情况。    二、会议召开和出席情况 会议召开和出席情况 会议召开和出席情况 会议召开和出席情况  浙江刚泰控股（集团）股份有限公司（以下简称“公司”）二○一○年第一 次临时股东大会于2010 年1 月13 日上午9:00 在浙江省德清县武康镇英溪北路 2 号公司会议室以现场方式召开。本次会议由公司董事会召集，公司董事长徐建 刚先生因故不能出席，由公司半数以上董事共同推举董事夏凤生女士主持并担任 会议主席。出席会议的股东（股东代表）共2 名，代表股份总数22810986 股， 占公司有表决权股份总数的17.98%。公司部分董事、监事及其他高级管理人员 出席了会议，符合有关法律、行政法规、部门规章和公司章程的有关规定。恒泰 律师事务所孙加锋、秦翠翠律师见证了本次会议。    三、提案审议情况 提案审议情况 提案审议情况 提案审议情况  与会股东及股东授权代表对各项议案进行了审议并以现场记名投票方式表 决，通过了如下议案：  （一）《关于控股子公司浙江华盛达房地产开发有限公司竞拍土地使用权的 议案》。   1、对外投资概述  （1）、对外投资的基本情况  浙江刚泰控股（集团）股份有限公司（简称刚泰控股或公司）控股89.78% 的子公司浙江华盛达房地产开发有限公司（简称华盛达房产）参与了杭州市国有 建设用地使用权公开挂牌出让活动，并以53,647 万元的价格获得杭政储出 (2009)95 号地块的土地使用权。  （2）、董事会审议情况  第六届董事会第二十四次会议通知于2009 年12 月4 日发出，会议于12 月 11 日以通讯方式召开，会议由董事长徐建刚先生主持。会议应到董事7 名，实 到7 名。会议的召开符合《公司法》和《公司章程》的规定。经与会董事充分讨 论，审议通过了《关于控股子公司浙江华盛达房地产开发有限公司竞拍土地使用 权的议案》。  （3）、投资行为生效所必需的审批程序  因本次投资额度超过了有关法律、法规及本公司章程规定的董事会审批权 限，故本次投资需提交股东大会审议批准。  2、投资主体介绍  浙江刚泰控股（集团）股份有限公司控股子公司浙江华盛达房地产开发有限 公司注册资本：16654.8 万元；注册地址：德清县武康镇英溪北路2 号；法定代 表人：袁建华；公司持股比例为89.78%；经营范围：经营房地产，经销建筑材 料、装潢材料，室内外装潢、水电安装服务。  3、投资标的的基本情况  本次华盛达房产获得的杭政储出(2009)95 号地块的土地使用权基本情况如 下：  （1）、地块位置：位于拱墅区（祥符东单元R21-05、C3/C2-01 地块），东至 杭行路，南至星桥村、杭州市公安局拱墅区分局，西至规划祥茂路，北至祥富路；  （2）、地块面积：分别为40693 平方米和13505 平方米；  （3）、土地用途：分别是住宅（设配套公建）用地和商业金融用地；  （4）、成交金额：53647 万元人民币；  （5）、地块主要规划指标要求：容积率分别为2.2 和2.7；建筑密度分别为 ",刚泰控股,
600687,2010-01-14,57503259,2010年第一次临时股东大会的法律意见书,https://static.cninfo.com.cn/finalpage/2010-01-14/57503259.PDF,a5191ebceec89b13312de383eccad917c80bd3210b3524b1b972423d05e8d481,95107,D:\动量策略\微盘股对冲策略\research_reports\20260926_l1_repair\st_timing\initial_2010_st\near_date_pdfs\600687_57503259.pdf,    上 海 市 恒 泰 律 师 事 务 所  HENGTAI LAW OFFICES HENGTAI LAW OFFICES HENGTAI LAW OFFICES HENGTAI LAW OFFICES  关于浙江刚泰控股 关于浙江刚泰控股 关于浙江刚泰控股 关于浙江刚泰控股（集团 集团 集团 集团）股份有限公司 股份有限公司 股份有限公司 股份有限公司  二O 一O 年第一 年第一 年第一 年第一次临时股东大会的法律意见 次临时股东大会的法律意见 次临时股东大会的法律意见 次临时股东大会的法律意见书                  上海市延安西路1088 号长峰中心2301 室   邮编:200052  电话:(86)021-62262625        传真:(86)021-32200273                   上海市恒泰律师事务所                                                     股东大会法律意见书    - 1 -  上 海 市 恒 泰 律 师 事 务 所  HENGTAI LAW OFFICES  关于浙江刚泰控股（集团）股份有限公司  二O 一O 年第一次临时股东大会的法律意见书    致：浙江刚泰控股（集团）股份有限公司    上海市恒泰律师事务所（以下简称“本所”）接受浙江刚泰控股（集团）股 份有限公司（以下简称“贵公司”）的委托，就贵公司召开二O 一O 年第一次临 时股东大会（以下简称“本次股东大会”）的有关事宜，根据《中华人民共和国 公司法（2005 年修订）》（以下简称《公司法》）、《中华人民共和国证券法》（以 下简称《证券法》）、中国证券监督管理委员会《上市公司股东大会规则》（以下 简称《股东大会规则》）等法律、法规、规章及《浙江刚泰控股（集团）股份有 限公司章程》（以下简称《公司章程》）的有关规定，出具本法律意见书。    为出具本法律意见书，本所律师审查了贵公司提供的有关本次股东大会的如 下文件的原件或复印件：    1．现场出席本次股东大会的有关股东、股东授权代表、董事、监事及其他 有关人员的身份证明及或授权委托书；        2．本次股东大会股权登记日的股东名册；    3．贵公司董事会向本次股东大会提出的提案；        4．本次股东大会通过的决议；及        5．贵公司的章程。    本所亦委派律师（以下简称“本所律师”）列席了贵公司本次股东大会，并 ,,
600687,2010-01-14,57503260,证券投资管理制度（2009年12月）,https://static.cninfo.com.cn/finalpage/2010-01-14/57503260.PDF,35b8b2ff8ac5a64c592ed703f0acf786b721f63342e186925b1841c90de12d6d,96108,D:\动量策略\微盘股对冲策略\research_reports\20260926_l1_repair\st_timing\initial_2010_st\near_date_pdfs\600687_57503260.pdf,浙江刚泰控股 浙江刚泰控股 浙江刚泰控股 浙江刚泰控股（集团 集团 集团 集团）股份有限公司 股份有限公司 股份有限公司 股份有限公司  证券投资管理制度 证券投资管理制度 证券投资管理制度 证券投资管理制度    第一章 第一章 第一章 第一章 总 则  第一条 为加强与规范公司证券投资业务的管理，有效控制风险，提高投资收益，维护 公司及股东利益，依据《证券法》、《上市公司信息披露管理办法》、《上海证券交易所上市规 则》、《公司章程》等法律、法规、规范性文件以及公司章程的有关规定，结合公司的实际情 况，特制定本制度。  第二条 本制度所称证券投资，是指在国家政策允许的情况下，公司及公司下属控股企 业作为独立的法人主体，在控制投资风险的前提下，以提高资金使用效率和收益最大化为目 的，在证券市场投资有价证券并承担有限责任的行为。  第三条 公司的证券投资包含以下类型：  1、股权投资：IPO(新股认购)、上市公司增发、配股及拟上市公司的股权投资，国债、 公司债券（含可转债）；  2、上市证券投资：已上市交易的证券及其衍生产品（含股票、基金、债券等）；  3、证券交易所认定的其他投资行为。  第四条 本制度适用于公司本部、所属分公司、控股子公司。未经总公司授权及法人授 权，任何单位不得从事证券投资事项。  第五条 从事证券投资必须遵循“规范运作、防范风险、量力而行、效益为本”的原则， 不得以证券投资业务冲击公司主营业务，影响主营业务的开展。  第六条 公司证券投资资金来源为公司自有盈余资金。不得动用募集资金、银行信贷资 金和各项借款，更不得进行任何形式的个人集资等不符合国家法律法规和中国证监会、证券 交易所规定的资金用于直接或间接的证券投资。  第七条 公司总经理决定单笔不超过 2000 万的对外投资；董事会决定单笔不超过5000  万的对外投资；5000 万以上的对外投资需提交股东大会审议通过。  第八条 公司开展证券投资业务的范畴限指在一级市场参与新股申购、定向增发、二级 市场配售、国债和企业债券、二级市场已上市交易的证券及其衍生品（含股票、基金、债券 等）。公司不得开展证券市场衍生金融工具投资，包括期权、股指期货、外汇期货合约、债 券期货合约、股票期货合约等。   第二章 第二章 第二章 第二章 投资管理与组织实施 投资管理与组织实施 投资管理与组织实施 投资管理与组织实施  第九条 公司投资管理部门为公司证券日常工作管理部门，负责证券投资的具体操作， 并归口管理各分子公司的证券投资活动。公司财务部门负责证券投资资金的运作和管理，公 司审计部门每季度负责对证券投资事宜进行审计和监查。  第十条 各分子公司申报证券账户，须经由公司董事长办公会议或总裁办公会议研究决 定。  第十一条 公司相关部门和人员必须认真学习国家法律、政策、法规和规范性制度关于 证券市场投资行为的各项规定，认真分析，准确运用，严禁进行违法违规的交易。  第十二条 公司在证券市场的投资方案由投资管理部门会同财务管理部门共同拟定方 案，并形成书面分析材料报公司投资委员会决策。  第十三条 各分子公司在开展证券市场投资业务之前，需提交投资方案，报公司投资管 理部门初审。必要时投资管理部门可组织相关人员（可邀请专业人员）对投资方案进行研究 讨论，并根据讨论意见修订完善后，按公司管理权限进行报批。  第十四条 公司投资管理部门负责制定、审核证券投资计划，并在获得投资委员会批准 后，负责具体购入或出售证券的事务。投资管理部门应在每次证券投资前向投资委员会书面 提交拟投资股权、证券的基本情况、投资分析报告及预计收益情况，计划，报投资委员会审 批后方可执行。  第十五条 各单位和操盘人员必须严格按经批准后投资方案进行操作。在执行过程中， 各单位根据市场的变化情况需要调整方案的，须按要求重新进行报批。  第十六条 公司投资管理部门须对已投资的有关情况进行跟踪，每月应以书面纪要形式 报告本月证券投资情况。每季度结束后10 日内，投资管理部门应编制公司证券投资季度报 告，包括但不限于证券投资进展情况、盈亏情况和风险控制情况，并抄报董事会秘书。    第三章 第三章 第三章 第三章 资金管理及账户管理 资金管理及账户管理 资金管理及账户管理 资金管理及账户管理  第十七条 各单位只能选择在中国证监会核准营业的证券公司以公司名义设立证券账户 和资金账户进行证券投资。公司应以本公司名义设立证券帐户和资金帐户进行证券投资，不 得使用他人帐户或向他人提供资金进行证券投资。  第十八条 公司的证券投资只能在以公司名义开设的资金账户和证券账户上进行，公司 开户、转户、销户时需由董事长批准。公司开户券商原则上应选择中国证券业协会审核的创 新类或规范类券商。  ,,
600766,2009-12-02,57351764,监事会决议公告,https://static.cninfo.com.cn/finalpage/2009-12-02/57351764.PDF,b810cfe610561c86330e92e3f96d1def4dfa1a54c389261b1774bd7f84532a68,28390,D:\动量策略\微盘股对冲策略\research_reports\20260926_l1_repair\st_timing\initial_2010_st\near_date_pdfs\600766_57351764.pdf,                                                                                                                                                                                                           证券简称 证券简称 证券简称 证券简称：园城股份 园城股份 园城股份 园城股份  证券代码 证券代码 证券代码 证券代码：600766 600766 600766 600766  编                   号：200 200 200 2009—020 20 20 20    烟台园城企业集团股份有限公司  监事会决议公告    本公司及董事会全体成员保证公告内容的真实 本公司及董事会全体成员保证公告内容的真实 本公司及董事会全体成员保证公告内容的真实 本公司及董事会全体成员保证公告内容的真实、准确和完整 准确和完整 准确和完整 准确和完整，对公告的虚 对公告的虚 对公告的虚 对公告的虚 假记载 假记载 假记载 假记载、误导性陈述或者重大遗漏负连带责任 误导性陈述或者重大遗漏负连带责任 误导性陈述或者重大遗漏负连带责任 误导性陈述或者重大遗漏负连带责任。    烟台园城企业集团股份有限公司（以下简称：本公司）第九届监事会第六 次会议于2009 年12 月1 日在烟台召开，应表决监事5 人，实际表决监事5 人， 会议一致审议通过了《关于选举监事会主席的议案》，选举徐成义先生为园城股 份第九届监事会主席。  特此公告。      烟台园城企业集团股份有限公司       监事会  2009 年12 月1 日  ,园城股份,
600766,2009-12-02,57351765,2009年第一次临时股东大会的法律意见书,https://static.cninfo.com.cn/finalpage/2009-12-02/57351765.PDF,c9c1f8a8fc9d6088dea048f4d7254ad422635239d6fd1f7269b4bea7c552a913,67521,D:\动量策略\微盘股对冲策略\research_reports\20260926_l1_repair\st_timing\initial_2010_st\near_date_pdfs\600766_57351765.pdf,            上海市锦天城律师事务所  关于烟台园城企业集团股份有限公司  二○○九年第一次临时股东大会的            法律意见书            上海市浦东新区花园石桥路33 号  花旗集团大厦14 楼    二○○九年十二月一日·烟台     锦天城法律意见书                                                                      园城股份    1   上海市锦天城律师事务所  关于烟台园城企业集团股份有限公司  二○○九年第一次临时股东大会的法律意见书    致：烟台园城企业集团股份有限公司    根据《中华人民共和国证券法》、《中华人民共和国公司法》和中国证监会《上 市公司股东大会规则》等法律、法规和其他有关规范性文件的规定，上海市锦天 城律师事务所（以下简称“本所”）接受烟台园城企业集团股份有限公司（以下简 称“公司”）董事会的聘请，指派宿杰律师出席公司2009 年第一次临时股东大会 （以下简称“本次股东大会”），并就本次股东大会的有关事项出具法律意见。  本所律师仅根据本法律意见书出具日以前已经发生或存在的事实和我国现行 法律、法规和规范性文件以及现行《烟台园城企业集团股份有限公司章程》发表 法律意见。  本所律师已经对与出具本法律意见书有关的所有文件资料及证言进行审查判 断，并据此出具法律意见。  本所律师同意公司将本法律意见书作为本次股东大会的法定文件，随其它文 件一并报送上海证券交易所审查并予以公告。  本所律师按照律师行业公认的业务标准、道德规范和勤勉尽职精神，就本次 股东大会的有关事宜出具如下法律意见：    一．本次股东大会的召集、召开程序  公司董事会于2009 年11 月13 日在《中国证券报》、《上海证券报》和上海 证券交易所网站上以刊登公告的方式通知公司全体股东召开本次股东大会。会议 通知包括会议基本情况（会议时间及地点、会议审议事项、会议出席对象、会议 方式、会议召集人、股权登记日）、出席会议登记办法及时间等。  本次股东大会于2009 年12 月1 日上午9：00 在烟台市芝罘区南大街261 号8 楼会议室召开。本次股东大会为现场会议，不提供网络投票。  ,,
600766,2009-12-30,57452732,第九届董事会第六次会议决议公告,https://static.cninfo.com.cn/finalpage/2009-12-30/57452732.PDF,d3da024e16df14c1275580d8155987a639af24250ac46bd5976b92d358ccee27,37371,D:\动量策略\微盘股对冲策略\research_reports\20260926_l1_repair\st_timing\initial_2010_st\near_date_pdfs\600766_57452732.pdf,                                                                                                                                                                                                           证券简称 证券简称 证券简称 证券简称：园城股份 园城股份 园城股份 园城股份  证券代码 证券代码 证券代码 证券代码：600766 600766 600766 600766  编                   号：200 200 200 2009—021 21 21 21    烟台园城企业集团股份有限公司  第九届董事会第六次会议决议公告    本公司及董事会全体成员保证公告内容不存在虚假记载、误导性陈述或 者重大遗漏，并对其内容的真实、准确和完整承担个别及连带责任。  董事朱定海先生、独立董事王涛先生因本次交易对价的房产在交付时间、 价值金额等方面存在较大的不确定性，不能保证公告内容真实、准确、完整。      烟台园城企业集团股份有限公司第九届董事会第六次会议于2009 年  12 月25 日以通讯方式召开，会议通知于2009 年12 月21 日以传真方式发出， 应表决董事8 人，实际表决董事7 人。本次会议的召开符合《公司法》和《公 司章程》的规定。会议以5 票赞成、2 票反对审议通过了《关于出售“岩丰 大厦”项目的议案》，详细内容请见本公司同日发布的公告2009-022《烟台 园城企业集团股份有限公司重大合同公告》。         烟台园城企业集团股份有限公司  董事会   2009 年12 月29 日  ,园城股份,
600766,2009-12-30,57452733,重大合同公告,https://static.cninfo.com.cn/finalpage/2009-12-30/57452733.PDF,ddd62d9881b5d93a3a65725b64ddae4a7994249f7a3e8a6f53996d133287a205,82164,D:\动量策略\微盘股对冲策略\research_reports\20260926_l1_repair\st_timing\initial_2010_st\near_date_pdfs\600766_57452733.pdf,"                                                                                                                                       证券代码 证券代码 证券代码 证券代码：600766 600766 600766 600766                                                                                                                                                                 证券简称 证券简称 证券简称 证券简称：园城股份 园城股份 园城股份 园城股份                                                                                                                                                                       公告编号 公告编号 公告编号 公告编号：2009 2009 2009 2009-022 022 022 022                        烟台园城企业集团股份 烟台园城企业集团股份 烟台园城企业集团股份 烟台园城企业集团股份有限公司 有限公司 有限公司 有限公司  重大合同公告 重大合同公告 重大合同公告 重大合同公告    本公司及董事会全体成员保证公告内容不存在任何虚假记载、误导性陈述或 者重大遗漏，并对其内容真实、准确、完整承担个别及连带责任。  董事朱定海先生、独立董事王涛先生因本次交易对价的房产在交付时间、价 值金额等方面存在较大的不确定性，不能保证公告内容真实、准确、完整。    重要内容提示 重要内容提示 重要内容提示 重要内容提示:   合同类型：房地产项目转让   合同生效条件：公司董事会审议批准   对上市公司当期业绩的影响： 对当期业绩没有影响。    特别风险提示 特别风险提示 特别风险提示 特别风险提示：  合同履行中的风险：由于房产销售存在价格波动的风险，本公司应收回款项 存在随着价格波动而变动的市场风险。    一、董事会决议情况  本公司拟与烟台惠亿投资有限公司签署《项目转让合同》，该事项已经公司 第九届董事会第六次会议审议通过。公司董事会应表决董事8 名，公司及公司董 事与烟台惠亿资投投有限公司无关联关系。在审议项目转让事宜时，公司7 名董 事参与表决，其中赞成5 票、反对2 票。  该《项目转让合同》经公司董事会审议通过后签署并生效。  二、合同标的和对方当事人情况  （一）合同标的情况  合同标的为：本公司在“岩丰大厦”开发项目中的开发及收益权。  “岩丰大厦”项目是2006 年度本公司与烟台富士特房地产开发有限公司（以  下简称：富士特公司）拟共同开发的房地产项目，当时约定本公司与富士特公司 根据资金投入情况获得利润分成，分成比例为5.5：4.5。该合作事项已经本公司 第八届董事会第一次会议审议通过，并披露在2006 年10 月14 日《中国证券报》、 《上海证券报》上。  “岩丰大厦”项目原规划方案由于土地手续的不完备及项目盈利空间有限迟 迟未能实施。现拟将规划方案变更为：总建筑面积92,104 平方米，地上建筑面积 72,592 平方米，其中：商用建筑面积12,128 平方米，住宅建筑面积58,744 平方 米，其他建筑面积1,720 平方米。该项目规划方案正在等待最终的规划审批，该 项目增加土地面积的手续，拆迁、施工等手续尚未办理。  由于目前本公司资金紧张，且项目拆迁遇阻，资金占用大，为了集中现有资 金搞好在建项目的开发建设，本公司同意将在“岩丰大厦”开发项目中的开发及 收益权转让给烟台惠亿投资有限公司。  （二）合同对方当事人情况  合同对方为烟台惠亿投资有限公司，该公司成立于2008 年10 月，注册地为 烟台，注册资本金5,500 万元：其中张晓静出资100 万元，占注册资本的1.82%； 王惠出资100 万元，占注册资本的1.82%；烟台鸿源建筑安装工程有限责任公司出 资5,300 万元，占注册资本的96.36%。法定代表人为孙承勇，公司经营范围：国 家产业政策允许范围内的投资（以上范围法律法规禁止的除外，需许可或审批经 营的，须凭许可证或审批文件经营）。  烟台惠亿投资有限公司与本公司之间无关联关系，该项目转让不构成关联交 易。  最近三个会计年度与本公司发生的业务往来：  经本公司财务部核算、并由本公司总会计师核实并确认，2009 年度，烟台惠 亿投资有限公司与本公司业务往来金额为21,450,432.50 元，占本公司该年该业 务总量的比重约为24.25%。  三、合同主要条款  3.1 本公司与惠亿投资均认可在项目现状下转让。  3.2 转让费为人民币22,383,072 元。转让费以“岩丰大厦”项目建成后的房 产进行抵顶，抵顶房产按均价7,000 元/平方米进行核算，抵顶面积为3,197.58 平方米。具体抵顶的户型与楼层由双方协商确定。  ",园城股份,
600856,2009-10-24,57196690,第六届监事会第三次会议决议公告,https://static.cninfo.com.cn/finalpage/2009-10-24/57196690.PDF,e85853b3e64ff8ba21184d4ca3df07acefc6d6fbe63f78afd3c19aec9cb375dc,29564,D:\动量策略\微盘股对冲策略\research_reports\20260926_l1_repair\st_timing\initial_2010_st\near_date_pdfs\600856_57196690.pdf,股票简称 股票简称 股票简称 股票简称：长百集团 长百集团 长百集团 长百集团  股票代码 股票代码 股票代码 股票代码：600856  编号 编号 编号 编号：临2009—019  长春百货大楼集团股份有限公司 长春百货大楼集团股份有限公司 长春百货大楼集团股份有限公司 长春百货大楼集团股份有限公司  第六届监事会第三次会议决议公告 第六届监事会第三次会议决议公告 第六届监事会第三次会议决议公告 第六届监事会第三次会议决议公告  本公司监事会及全体监事保证本公告内容不存在任何虚假记载、误导性陈述或者重大遗漏， 并对其内容的真实性、准确性和完整性承担个别及连带责任。    长春百货大楼集团股份有限公司第六届监事会第三次会议于2009 年10 月 23 日在公司本部十一楼会议室召开，应到监事5 人，实到监事5 人，符合法律、 法规、规章和《公司章程》有关规定。与会监事认真审议了本次会议的议案，经 表决，一致通过了以下决议：   一、审议通过《公司2009 年第三季度报告》。  二、审议通过《公司关于与关联人上海合家欢物业管理有限公司共同投资的 议案》。  监事会认为：  本次交易的价格公允、合理，不存在损害本公司中小股东利益的情形。       特此公告。      长春百货大楼集团股份有限公司监事会  二OO 九年十月二十三日  ,长百集团,
600856,2009-10-24,57196691,关联交易公告,https://static.cninfo.com.cn/finalpage/2009-10-24/57196691.PDF,47321bbdb8085fd58e169680b3b78395a266ec1da9fc7ee9e17f9cf223d21a8c,51061,D:\动量策略\微盘股对冲策略\research_reports\20260926_l1_repair\st_timing\initial_2010_st\near_date_pdfs\600856_57196691.pdf,"  1 股票简称 股票简称 股票简称 股票简称：长百集团 长百集团 长百集团 长百集团  股票代码 股票代码 股票代码 股票代码：600856  编号 编号 编号 编号：临2009—020  长春百货大楼集团股份有限公司 长春百货大楼集团股份有限公司 长春百货大楼集团股份有限公司 长春百货大楼集团股份有限公司                 关联交易 关联交易 关联交易 关联交易公告 公告 公告 公告  本公司董事会及全体董事保证本公告内容不存在任何虚假记载 本公司董事会及全体董事保证本公告内容不存在任何虚假记载 本公司董事会及全体董事保证本公告内容不存在任何虚假记载 本公司董事会及全体董事保证本公告内容不存在任何虚假记载、误导性陈述或者重大遗漏 误导性陈述或者重大遗漏 误导性陈述或者重大遗漏 误导性陈述或者重大遗漏， 并对其内容的真实性 并对其内容的真实性 并对其内容的真实性 并对其内容的真实性、准确性和完整性承担个别及连带责任 准确性和完整性承担个别及连带责任 准确性和完整性承担个别及连带责任 准确性和完整性承担个别及连带责任。    一、关联交易概述  1、关联交易简介  长春百货大楼集团股份有限公司与上海合家欢物业管理有限公司协商，共同出资1000 万元成立长春长百购物有限公司（初定名，以长春市工商局批准后的名称为准），其中：上 海合家欢物业管理有限公司以现金出资600 万元，占注册资本的60%；长春百货大楼集团 股份有限公司以现金出资400 万元，占注册资本的40%。   2、关联关系  由于上海合家欢物业管理有限公司为本公司第一大股东上海合涌源企业发展有限公司 和其子公司上海上海合家欢宾馆有限公司共同出资成立的公司，根据《上海证券交易所股票 上市规则》和本公司《章程》的有关规定，此次共同投资行为属于关联交易。     3、表决情况     公司董事会六届三次会议审议表决了该项关联交易，关联董事回避表决，三名独立董事 参加表决，全部同意该项交易。     截至 2008 年 12 月 31 日，股份公司净资产 14，314 万元，本次对外投资金额400 万元，占净资产的 2.8%，根据《上海证券交易所股票上市规则》和本公司《章程》的有关 规定，该投资行为经董事会审议通过之后即生效。     4、本次关联交易未构成《上市公司重大资产重组管理办法》规定的重大资产重组，不 需要经过有关部门批准。   二、关联方基本情况  1、 上海合家欢物业管理有限公司  住所：上海四平路870 号二号楼二楼  法定代表人：李美珍  公司类型：有限责任公司   注册资本：100 万元     2 经营范围：房屋租赁，物业管理，小区绿化，销售日用百货（凡涉及许可经营的凭许可 证经营）。  2008 年末净资产（未经审计）：690,424.68 元  2008 年末净利润（未经审计）：-24,335.71 元  2、关联关系说明  本公司与上海合家欢物业管理有限公司同为上海合涌源企业发展有限公司控制下的公 司。  三、关联交易标的基本情况   1、公司名称：长春长百购物有限公司（初定名，以长春市工商局批准后的名称为准）  2、法定代表人：王建国  3、公司类型：有限责任公司  4、注册资本：1,000 万元   5、经营范围： 零售、百货  四、交易目的和对上市公司的影响   为了拓展公司的发展空间，公司与上海合家欢物业管理有限公司共同出资成立长春长百 购物有限公司，该公司主要致力发展电视购物业务，这有利于培育公司新的利润增长点，有 利于公司持续健康发展。   五、独立董事独立意见情况     独立董事认为，本次关联交易定价方式客观、公允、合理，其提出程序、表决程序合法、 合规、符合公司全体股东的利益，不存在损害公司及其他非关联股东、特别是中小股东的利 益。   六、备查文件     1．董事会决议。     2．独立董事意见。         长春百货大楼集团股份有限公司董事会   二00 九年十月二十三日  ",长百集团,
600856,2009-12-03,57356246,诉讼公告,https://static.cninfo.com.cn/finalpage/2009-12-03/57356246.PDF,3b66ebc69abb0de242ac1a2014792533ca49f0634d41f69a440e7b5ae449fc43,38516,D:\动量策略\微盘股对冲策略\research_reports\20260926_l1_repair\st_timing\initial_2010_st\near_date_pdfs\600856_57356246.pdf,"  1 股票简称 股票简称 股票简称 股票简称：长百集团 长百集团 长百集团 长百集团  股票代码 股票代码 股票代码 股票代码：600856  编号 编号 编号 编号：临2009—021  长春百货大楼集团股份有限公司 长春百货大楼集团股份有限公司 长春百货大楼集团股份有限公司 长春百货大楼集团股份有限公司                     诉讼 诉讼 诉讼 诉讼公告 公告 公告 公告  本公司董事会及全体董事保证本公告内容不存在任何虚假记载 本公司董事会及全体董事保证本公告内容不存在任何虚假记载 本公司董事会及全体董事保证本公告内容不存在任何虚假记载 本公司董事会及全体董事保证本公告内容不存在任何虚假记载、误导性陈述或者重大遗漏 误导性陈述或者重大遗漏 误导性陈述或者重大遗漏 误导性陈述或者重大遗漏， 并对其内容的真实性 并对其内容的真实性 并对其内容的真实性 并对其内容的真实性、准确性和完整性承担个别及连带责任 准确性和完整性承担个别及连带责任 准确性和完整性承担个别及连带责任 准确性和完整性承担个别及连带责任。      本公司于日前收到编号为（2009）长民四初字第58 号的吉林省长春市中级 人民法院受理案件通知书,本公司起诉长春天然气有限公司(原名为长春市天然 气化学工业公司)借款合同纠纷一案已在该院受理。1999 年,为缓解被告的资金困 难,原告向被告出借资金20,000,000.00 元,双方形成欠款关系。截至目前,该笔欠款 尚未归还。为维护公司的合法权益，特提起告诉，具体诉讼请求如下：     1、判令被告给付欠款20,000,000.00 元及其相应利息；  2、诉讼费用由被告承担。  公司目前尚未能估计本次公告的诉讼对本公司的本期或期后利润的影响，公 司将根据相关诉讼进展情况，及时履行信息披露义务。      长春百货大楼集团股份有限公司董事会   二00 九年十二月三日  ",长百集团,
600856,2009-12-29,57447719,关于董事辞职的公告,https://static.cninfo.com.cn/finalpage/2009-12-29/57447719.PDF,c0a37d265ffa1842177a8535586d2df6c5bfc234ef6e315b96271ac27cfdb8c7,35718,D:\动量策略\微盘股对冲策略\research_reports\20260926_l1_repair\st_timing\initial_2010_st\near_date_pdfs\600856_57447719.pdf,股票简称 股票简称 股票简称 股票简称：长百集团 长百集团 长百集团 长百集团  股票代码 股票代码 股票代码 股票代码：600856  编号 编号 编号 编号：临2009—022  长春百货大楼集团股份有限公司 长春百货大楼集团股份有限公司 长春百货大楼集团股份有限公司 长春百货大楼集团股份有限公司                关于董事辞职的公告 关于董事辞职的公告 关于董事辞职的公告 关于董事辞职的公告  本公司董事会及全体董事保证本公告内容不存在任何虚假记载 本公司董事会及全体董事保证本公告内容不存在任何虚假记载 本公司董事会及全体董事保证本公告内容不存在任何虚假记载 本公司董事会及全体董事保证本公告内容不存在任何虚假记载、误导性陈述或者重大遗漏 误导性陈述或者重大遗漏 误导性陈述或者重大遗漏 误导性陈述或者重大遗漏， 并对其内容的真实性 并对其内容的真实性 并对其内容的真实性 并对其内容的真实性、准确性和完整性承担个别及连带责任 准确性和完整性承担个别及连带责任 准确性和完整性承担个别及连带责任 准确性和完整性承担个别及连带责任。    长春百货大楼集团股份有限公司（以下简称“公司”）董事会于近日收到公司 董事严怀忠先生递交的书面辞职报告，严怀忠先生因工作和精力原因，辞去其所 担任的本公司董事职务，公司董事会接受其辞职申请，即日起严怀忠先生不再担 任本公司董事职务。  严怀忠先生的辞职不会导致本公司董事会成员低于法定最低人数，不会对公 司董事会的运作和公司的经营产生影响。公司对严怀忠先生在任职期间勤勉尽职 的工作及对公司经营发展做出的贡献表示衷心的感谢。    特此公告。                               长春百货大楼集团股份有限公司董事会                     二00 九年十二月二十九日            ,长百集团,
600898,2009-10-31,57235776,关于兴业银行诉讼案进展情况公告,https://static.cninfo.com.cn/finalpage/2009-10-31/57235776.PDF,6a5adc929146117d1b4c2071ffd15cb214a58c798c8f90a4f62fc43cf811b690,62884,D:\动量策略\微盘股对冲策略\research_reports\20260926_l1_repair\st_timing\initial_2010_st\near_date_pdfs\600898_57235776.pdf,"股票代码：600898      股票名称：*ST 三联        公告编号：临2009-50    三联商社股份有限公司 三联商社股份有限公司 三联商社股份有限公司 三联商社股份有限公司   关于兴业银行诉讼案进展情况公告 关于兴业银行诉讼案进展情况公告 关于兴业银行诉讼案进展情况公告 关于兴业银行诉讼案进展情况公告      本公司董事会及全体董事保证本公告内容不存在任何虚假记载、误导性陈述 或者重大遗漏，并对其内容的真实性、准确性和完整性承担个别及连带责任。      兴业银行股份有限公司济南分行（下称“兴业银行济南分行”） 诉三联家电配送中心有限公司（公司原控股股东山东三联集团有限责 任公司关联方，下称“三联配送”）、公司4000 万元借款纠纷一案， 在济南市中级人民法院（下称“济南市中院”）的调解下，公司曾于 2009 年7 月与兴业银行济南分行启动和解程序，暂缓执行公司的银行 账户资金，首先启动对借款人三联配送抵押房产（济南市北园大街409 号地下2-3，地上1-6 层房产）的拍卖程序，以拍卖款先行偿还相关借 款本息，不足部分再由公司按照山东省高院的判决承担质押票据项下 款项的兑付责任。  后由于非公司原因，拍卖程序无法继续执行，2009 年8 月27 日、 28 日，公司部分结算账户及公司位于趵突泉北路12 号地上1-2 层房产， 被济南市中院查封。该案的有关内容详见公司于2009 年3 月31 日、 2009 年5 月8 日、7 月18 日、8 月29 日刊登在《中国证券报》、《上 海证券报》上的相关公告。  2009 年10 月29 日，济南市中院在公司账户中41,422,631.63 元 资金被划扣至济南市中院账户后，解除了对公司房产及银行账户的查 封。   为尽量避免该案的强制执行给公司带来重大经济损失，公司在济 南市中院的主持下，正与兴业银行济南分行就该案执行问题进行沟通， 协商执行和解方案。   据公司核查，没有发现公司与三联家电配送公司签署与该四张商 业承兑汇票相关的购货合同，也没有相应的购货发票及发货记录。三 联家电配送公司用上述票据向银行质押事项并未通知公司，公司也未 收到兴业银行发来就该票据质押所需相关证明资料的的事前查询确认 函。  鉴于涉及本案的由公司出具给三联配送的四张商业承兑汇票，在 出票和质押给银行的操作中缺乏相应的审批审核程序，若协商后无法 达成对公司控制风险有利的方案而导致公司被强制执行，造成公司利 益的实际损失，公司将采取措施对本案涉及的公司票据出具及质押情 况做深入调查，并将根据情况向有关责任单位及责任人进行刑事控告、 举报或民事追索。    公司将密切关注该案的后续进展情况，及时履行信息披露义务， 并提请广大投资者谨慎投资，注意风险。    特此公告！            三联商社股份有限公司   董 事 会                                   二零零九年十月三十日       ",,
600898,2009-11-27,57336206,关于三联集团与国美电器拍卖合同纠纷之诉讼进展公告,https://static.cninfo.com.cn/finalpage/2009-11-27/57336206.PDF,0855832f9aaad34e14416c764275e3c17a31086a1cd98479692504e039c179d1,82019,D:\动量策略\微盘股对冲策略\research_reports\20260926_l1_repair\st_timing\initial_2010_st\near_date_pdfs\600898_57336206.pdf,证券简称：*ST 三联           证券代码：600898           编号：临2009－51    三联商社股份有限公司  关于三联集团与国美电器拍卖合同纠纷  之诉讼进展公告    本公司董事会及全体董事保证本公告内容不存在任何虚假记载、误导性陈述或者重大 遗漏，并对其内容的真实性、准确性和完整性承担个别及连带责任。    山东三联集团有限责任公司（下称“三联集团”）诉国美电器有 限公司（下称“国美电器”）、山东龙脊岛建设有限公司、中信银行股 份有限公司济南分行、山东齐鲁瑞丰拍卖有限公司等关于三联商社 2700 万股股权之拍卖合同纠纷案，经山东省高级人民法院审理，于 2009 年3 月下达（2009）鲁民商初字第2-1 号民事裁定，驳回三联 集团的起诉。有关本案情况详见公司刊登于2009 年1 月14 日、3 月 28 日《中国证券报》及《上海证券报》上的有关临时公告。  三联集团不服山东省高级人民法院上述民事裁定，向中华人民共 和国最高人民法院提出上诉。公司获悉，最高人民法院已于近期受理 该上诉。  公司将密切关注该案的后续进展情况，及时履行信息披露义务， 并提请广大投资者谨慎投资，注意风险。    特此公告    三联商社股份有限公司  董 事 会  二〇〇九年十一月二十六日    ,*ST,
600898,2009-12-19,57415950,关于物权纠纷诉讼案件进展情况的公告,https://static.cninfo.com.cn/finalpage/2009-12-19/57415950.PDF,3d3bf24f52c8ee272422a149400254ca54e667fba5707bcb976e771e38609849,66459,D:\动量策略\微盘股对冲策略\research_reports\20260926_l1_repair\st_timing\initial_2010_st\near_date_pdfs\600898_57415950.pdf,  1 证券简称：*ST 三联           证券代码：600898           编号：临2009－52    三联商社股份有限公司 三联商社股份有限公司 三联商社股份有限公司 三联商社股份有限公司  关于 关于 关于 关于物权纠纷诉讼 物权纠纷诉讼 物权纠纷诉讼 物权纠纷诉讼案件进展情况 案件进展情况 案件进展情况 案件进展情况的公告 公告 公告 公告    本公司董事会及全体董事保证本公告内容不存在任何虚假记载、误导性陈述或者重大遗 漏，并对其内容的真实性、准确性和完整性承担个别及连带责任。    2009 年4 月，三联商社股份有限公司（以下简称“三联商社”）就所拥有的济 南市历下区趵突泉北路12 号“三联大厦”地下三层至地上五层部分物业面积被无 偿占有、使用事项分别对山东三联集团有限责任公司（以下简称“三联集团”）及 其关联方三联集团城建物业管理中心（下称“三联物业”）、济南金三杯酒家有 限责任公司（下称“金三杯酒家”）、山东汇泉饭店管理有限公司（下称“汇泉 饭店”）、山东三联汇泉旅游股份有限公司（以下简称“汇泉旅游”）向济南市历 下区人民法院（下称“历下法院”）提起诉讼，要求三联集团及其关联方将违法占 用、使用的物业恢复原状并返还给三联商社。  历下法院于2009 年10 月12 日对上述三起案件分别进行了开庭审理，有关该 案的具体内容详见公司于2009 年4 月14 日及2009 年9 月7 日刊登的相关公告。  2009 年12 月17 日，公司收到历下法院下发的（2009）历民初字第708-710 号三份民事判决书，现将上述民事判决书主要内容公告如下：  一、历下法院认为，《中华人民共和国物权法》第十六条规定，不动产登记簿 是物权归属和内容的根据，三联商社持有的济房权证历字第087632 号房屋所有权 证详细记载了三联商社所享有的济南市历下区趵突泉北路12 号“三联大厦”地下 三层至地上五层专有部分的所有权，其有权对自己拥有的房屋占有、使用、收益 和处分。    二、对三联商社所拥有的济南市历下区趵突泉北路12 号“三联大厦”地下三 层至地上五层部分物业面积被无偿占有、使用的物业纠纷案所涉及的三处物业权 属，历下法院做如下认定：     2 1、三联大厦地下二层北区属于三联商社的专有部分。作为所有权人，三联商 社有权要求被告三联物业将占有的地下二层房屋恢复原状并予以返还。  但考虑到第一被告三联物业负责整个“三联大厦”的物业管理，为了不影响 三联大厦物业的正常运行，在被告三联物业一时难以找到合适的物业管理用房的 情况下，可暂时不予腾退房屋。三联商社可在被告三联物业具备腾房条件时，另 行主张权利。  2、三联大厦地上一层南区、西南区，应属于三联商社的专有部分。作为所有 权人，三联商社对该区域行使占有、使用、收益和处分时，其他任何人不得干涉。  3、三联大厦地上一层北区属于三联商社的专有部分。当被告金三杯酒家无证 据证明其有正当理由占有地上一层北区部分面积时，原告三联商社有权要求其恢 复原状，并返还已占有的房屋。    三、历下法院对上述物业纠纷作出如下判决：  （一）针对三联商社所有的济南市历下区趵突泉北路12 号“三联大厦”地下 二层北区被三联物业长期占用一案，依据（2009）历民初字第708 号民事判决书， 历下法院判决如下：  1、驳回三联商社要求三联物业将占用的济南市历下区趵突泉北路12 号“三 联大厦”地下二层北区恢复原状并返还公司的诉讼请求；  2、驳回三联商社要求三联集团承担民事责任的诉讼请求。  案件受理费3000 元由三联商社负担。    （二）针对三联商社所有的济南市历下区趵突泉北路12 号“三联大厦”地上 一层南区部分面积被占一案，依据（2009）历民初字第709 号民事判决书，历下 法院判决如下：  1、汇泉饭店于判决书生效起10 日内拆除位于济南市历下区趵突泉北路12 号“三联大厦”地上一层南门上方的“汇泉饭店”、“Huiquan Hotel”的中英文标 识；逾期不拆除的，本院将委托他人拆除，费用由汇泉饭店负担；  2、驳回三联商社关于要求汇泉饭店、三联集团、三联物业及汇泉旅游将济南 西门店地上一层南区、西南区恢复原状并还返回的诉讼请求；  ,*ST,
600898,2009-12-31,57457198,关于公司中小股东代表诉讼侵权纠纷案的公告,https://static.cninfo.com.cn/finalpage/2009-12-31/57457198.PDF,ae373d630edf7c15e6a6615f196c0449645011bb2913744c6272ff68012e1f13,51610,D:\动量策略\微盘股对冲策略\research_reports\20260926_l1_repair\st_timing\initial_2010_st\near_date_pdfs\600898_57457198.pdf,  1 证券简称：*ST 三联           证券代码：600898           编号：临2009－53    三联商社股份有限公司 三联商社股份有限公司 三联商社股份有限公司 三联商社股份有限公司  关于 关于 关于 关于公司中小股东代表 公司中小股东代表 公司中小股东代表 公司中小股东代表诉讼 诉讼 诉讼 诉讼侵权纠纷 侵权纠纷 侵权纠纷 侵权纠纷案的公告 公告 公告 公告    本公司董事会及全体董事保证本公告内容不存在任何虚假记载、误导性陈述或者重大遗 漏，并对其内容的真实性、准确性和完整性承担个别及连带责任。    三联商社股份有限公司（以下简称“三联商社”或“上市公司”） 近日从北京市大成律师事务所（以下简称“大成所”）处获知，大成所 代理的三联商社中小股东诉上市公司原大股东山东三联集团有限责任 公司（下称“三联集团”）侵犯商标专用权纠纷一案已被山东省高级人 民法院（以下简称“山东高院”）受理，此案定于2010 年1 月29 日上 午9 点在山东高院第三审判庭开庭审理。现将该案诉讼请求及事由公 告如下：  一、诉讼请求 诉讼请求 诉讼请求 诉讼请求：  1、请求依法判令确认三联商社享有注册号为“779479”的“三联” 商标的独占许可使用权，以及享有三联商标的特许经营权、无形资产 使用权等附属权利。  2、请求依法判令被告三联集团停止使用以及授权其关联公司或 其他公司使用“779479”““三联”商标与第三人进行的同业竞争的侵 权行为。  3、请求依法判令被告向三联商社移交特许连锁合同及其他相关材 料，并向三联商社赔偿2007 年之后的加盟费和特许权使用费以及其他 经济损失共计5000 万元（暂计）。  4、请求依法判令被告三联集团承担本案的所有诉讼费用。  二、诉讼理由及事实 诉讼理由及事实 诉讼理由及事实 诉讼理由及事实  1、三联商社享有注册号为“779479”的“三联”商标的独占许可 使用权，以及享有三联商标的特许经营权、无形资产使用权等附属权    2 利。三联集团无权使用三联商标、字号以直营、特许或其它任何方式 从事家电零售业务，否则即侵犯三联商社的上述权利，构成与三联商 社进行同业竞争之侵权行为。  2、三联集团违反协议及承诺，使用及授权其关联公司及其他公司 使用三联商标、字号与三联商社进行同业竞争行为，侵犯了第三人享 有的“三联”商标的独占许可使用权以及三联商标的特许经营权、无 形资产使用权。       本公司将关注本案的进展情况并及时进行信息披露。截止目前， 本公司不存在尚未披露的其他诉讼、仲裁事项。    特此公告        三联商社股份有限公司董事会  二〇〇九年十二月三十日  ,*ST,
