date,held_count,calculated_return,official_return,difference,missing_stock_returns
2010-01-05,100,0.011608465784559503,0.0116084657845595,1.734723475976807e-18,0
2010-01-06,100,-0.0011300437597941404,-0.0011300437597941,-4.0332320816460765e-17,0
2010-01-07,100,-0.01811497917172431,-0.0181149791717243,-1.0408340855860843e-17,0
2010-01-08,100,0.010453666416186757,0.0104536664161867,5.724587470723463e-17,0
2010-01-11,100,0.010704880536429174,0.0107048805364291,7.28583859910259e-17,0
2010-01-12,100,0.023273135576154225,0.0232731355761542,2.42861286636753e-17,0
2010-01-13,100,-0.007854015255012024,-0.007854015255012,-2.42861286636753e-17,0
2010-01-14,100,0.026606555204814725,0.0266065552048147,2.42861286636753e-17,0
2010-01-15,100,0.007075294718317391,0.0070752947183173,9.107298248878237e-17,0
2010-01-18,100,0.01741440200277029,0.0174144020027702,9.020562075079397e-17,0
2010-01-19,100,-0.0008687426094475615,-0.0008687426094475,-6.14742631799281e-17,0
2010-01-20,100,-0.03453860392787142,-0.0345386039278714,-2.0816681711721685e-17,0
2010-01-21,100,0.012585181508484245,0.0125851815084842,4.5102810375396984e-17,0
2010-01-22,100,-0.02283294735079062,-0.0228329473507906,-2.0816681711721685e-17,0
2010-01-25,100,-0.012238954534418423,-0.0122389545344184,-2.2551405187698492e-17,0
2010-01-26,100,-0.0450793626163523,-0.0450793626163523,0.0,0
2010-01-27,100,-0.009295004454723676,-0.0092950044547236,-7.632783294297951e-17,0
2010-01-28,100,0.015157289716935998,0.0151572897169359,9.71445146547012e-17,0
2010-01-29,100,0.011395682718669918,0.0113956827186699,1.734723475976807e-17,0
2010-02-01,100,-0.013970972458605613,-0.0139709724586056,-1.3877787807814457e-17,0
2010-02-02,100,0.0008194443736588087,0.0008194443736588,8.673617379884035e-18,0
2010-02-03,100,0.019382114810418634,0.0193821148104186,3.469446951953614e-17,0
2010-02-04,100,0.011919833704989334,0.0119198337049893,3.2959746043559335e-17,0
2010-02-05,100,-0.012054641094343939,-0.0120546410943439,-3.8163916471489756e-17,0
2010-02-08,100,0.004641478376040247,0.0046414783760402,4.683753385137379e-17,0
2010-02-09,100,-0.0017032344254748833,-0.0017032344254748,-8.326672684688674e-17,0
2010-02-10,100,0.01676111601784871,0.0167611160178487,1.0408340855860843e-17,0
2010-02-11,100,-0.006136781632684657,-0.0061367816326846,-5.724587470723463e-17,0
2010-02-12,100,0.010833236207833852,0.0108332362078338,5.204170427930421e-17,0
2010-02-22,100,0.004173235558369182,0.0041732355583691,8.153200337090993e-17,0
2010-02-23,100,0.011585515037297092,0.011585515037297,9.194034422677078e-17,0
2010-02-24,100,0.024567592036796003,0.024567592036796,3.469446951953614e-18,0
2010-02-25,100,0.016144001562630836,0.0161440015626308,3.469446951953614e-17,0
2010-02-26,100,0.006937108959211516,0.0069371089592115,1.5612511283791264e-17,0
2010-03-01,100,0.020511308605312233,0.0205113086053122,3.469446951953614e-17,0
2010-03-02,100,0.0035282639667847905,0.0035282639667847,9.063930161978817e-17,0
2010-03-03,100,0.014258152258324035,0.014258152258324,3.469446951953614e-17,0
2010-03-04,100,-0.036767121025390447,-0.0367671210253904,-4.85722573273506e-17,0
2010-03-05,100,0.007857701783813306,0.0078577017838133,5.204170427930421e-18,0
2010-03-08,100,0.012283397008830157,0.0122833970088301,5.724587470723463e-17,0
2010-03-09,100,-0.000791879012476816,-0.0007918790124768,-1.6046192152785466e-17,0
2010-03-10,100,-0.00655479363801705,-0.006554793638017,-5.0306980803327406e-17,0
2010-03-11,100,0.0036593386126261185,0.0036593386126261,1.8648277366750676e-17,0
2010-03-12,100,-0.012920899251477857,-0.0129208992514778,-5.724587470723463e-17,0
2010-03-15,100,-0.009005849429971357,-0.0090058494299713,-5.724587470723463e-17,0
2010-03-16,100,0.015853295430580415,0.0158532954305804,1.3877787807814457e-17,0
2010-03-17,100,0.02297960189634163,0.0229796018963416,3.122502256758253e-17,0
2010-03-18,100,0.00650922868727742,0.0065092286872774,1.9949319973733282e-17,0
2010-03-19,100,0.008732401585112144,0.0087324015851121,4.336808689942018e-17,0
2010-03-22,100,0.011041040831833574,0.0110410408318335,7.45931094670027e-17,0
2010-03-23,100,-0.0027393277286219607,-0.0027393277286219,-6.071532165918825e-17,0
2010-03-24,100,0.005216015476110838,0.0052160154761108,3.8163916471489756e-17,0
2010-03-25,100,-0.010911696142127711,-0.0109116961421277,-1.0408340855860843e-17,0
2010-03-26,100,0.010653271340117128,0.0106532713401171,2.7755575615628914e-17,0
2010-03-29,100,0.005549283217162928,0.0055492832171629,2.7755575615628914e-17,0
2010-03-30,100,0.011568936969533627,0.0115689369695336,2.7755575615628914e-17,0
2010-03-31,100,0.006786185259332112,0.0067861852593321,1.214306433183765e-17,0
2010-04-01,100,0.012266764797480956,0.0122667647974809,5.551115123125783e-17,0
2010-04-02,100,0.0009651165455743039,0.0009651165455743,3.903127820947816e-18,0
2010-04-06,100,0.009040595674888628,0.0090405956748886,2.7755575615628914e-17,0
2010-04-07,100,0.006690991485773864,0.0066909914857738,6.418476861114186e-17,0
2010-04-08,100,-0.0006035238691415679,-0.0006035238691415,-6.787105599759258e-17,0
2010-04-09,100,0.013646884230533072,0.013646884230533,7.112366251504909e-17,0
2010-04-12,100,0.01479135589623993,0.0147913558962399,2.949029909160572e-17,0
2010-04-13,100,-0.023983391900797565,-0.0239833919007975,-6.591949208711867e-17,0
2010-04-14,100,0.012133887603791835,0.0121338876037918,3.469446951953614e-17,0
2010-04-15,100,-0.009356286446732351,-0.0093562864467323,-5.0306980803327406e-17,0
2010-04-16,100,-0.0012363743284524676,-0.0012363743284524,-6.765421556309548e-17,0
2010-04-19,100,-0.03597541649074805,-0.035975416490748,-4.85722573273506e-17,0
2010-04-20,100,0.00991026543092788,0.0099102654309278,7.979727989493313e-17,0
2010-04-21,100,0.02830260564402717,0.0283026056440271,6.938893903907228e-17,0
2010-04-22,100,0.007302775984955078,0.007302775984955,7.806255641895632e-17,0
2010-04-23,100,-0.0049138849522619025,-0.0049138849522619,-2.6020852139652106e-18,0
2010-04-26,100,0.00011453839326438176,0.0001145383932643,8.17623963325631e-17,0
2010-04-27,100,-0.025329458724413036,-0.025329458724413,-3.469446951953614e-17,0
2010-04-28,100,0.0024234553044051865,0.0024234553044051,8.673617379884035e-17,0
2010-04-29,100,-0.02962450092190216,-0.0296245009219021,-5.898059818321144e-17,0
2010-04-30,100,-0.040822869472639856,-0.0408228694726398,-5.551115123125783e-17,0
2010-05-04,100,-0.005148169916155333,-0.0051481699161553,-3.2959746043559335e-17,0
2010-05-05,100,0.02902332347572602,0.029023323475726,2.0816681711721685e-17,0
2010-05-06,100,-0.02990060032559513,-0.0299006003255951,-3.122502256758253e-17,0
2010-05-07,100,-0.01535975286813524,-0.0153597528681352,-3.9898639947466563e-17,0
2010-05-10,100,-0.01864424380729366,-0.0186442438072936,-5.898059818321144e-17,0
2010-05-11,100,-0.029201692295162073,-0.029201692295162,-7.28583859910259e-17,0
2010-05-12,100,-0.026015608885940053,-0.02601560888594,-5.204170427930421e-17,0
2010-05-13,100,0.018546441551628434,0.0185464415516284,3.469446951953614e-17,0
2010-05-14,100,0.0004885670084443239,0.0004885670084443,2.3852447794681098e-17,0
2010-05-17,100,-0.06552066413458428,-0.0655206641345842,-8.326672684688674e-17,0
2010-05-18,100,0.0035771438582196335,0.0035771438582196,3.3393426912553537e-17,0
2010-05-19,100,-0.002609499481210963,-0.0026094994812109,-6.288372600415926e-17,0
2010-05-20,100,-0.015396971706814599,-0.0153969717068145,-9.8879238130678e-17,0
2010-05-21,100,0.01466658935007807,0.014666589350078,6.938893903907228e-17,0
2010-05-24,100,0.046566394534435125,0.0465663945344351,2.7755575615628914e-17,0
2010-05-25,100,-0.002410252606444597,-0.0024102526064445,-9.71445146547012e-17,0
2010-05-26,100,0.0047653753434865175,0.0047653753434865,1.734723475976807e-17,0
2010-05-27,100,0.020658260538982152,0.0206582605389821,5.204170427930421e-17,0
2010-05-28,100,0.004308223128561305,0.0043082231285613,4.336808689942018e-18,0
2010-05-31,100,-0.02998794132900169,-0.0299879413290016,-9.020562075079397e-17,0
2010-06-01,100,-0.022150731880997677,-0.0221507318809976,-7.632783294297951e-17,0
2010-06-02,100,0.015861193146147364,0.0158611931461473,6.245004513516506e-17,0
2010-06-03,100,-0.0037612316948490675,-0.003761231694849,-6.765421556309548e-17,0
2010-06-04,100,0.005059165614458921,0.0050591656144589,2.168404344971009e-17,0
2010-06-07,100,-0.0013481873597896888,-0.0013481873597896,-8.868773770931426e-17,0
2010-06-08,100,0.015368476838773085,0.015368476838773,8.500145032286355e-17,0
2010-06-09,100,0.02260636341492729,0.0226063634149272,9.020562075079397e-17,0
2010-06-10,100,0.002636911918963104,0.0026369119189631,3.903127820947816e-18,0
2010-06-11,100,-0.0040335144976876595,-0.0040335144976876,-5.984795992119984e-17,0
2010-06-17,100,-0.002918342057911597,-0.0029183420579115,-9.71445146547012e-17,0
2010-06-18,100,-0.04410981986242236,-0.0441098198624223,-5.551115123125783e-17,0
2010-06-21,100,0.02986326179080208,0.029863261790802,7.979727989493313e-17,0
2010-06-22,100,0.012839261703895039,0.012839261703895,3.8163916471489756e-17,0
2010-06-23,100,0.0004091363774666767,0.0004091363774666,7.670730370334944e-17,0
2010-06-24,100,-0.0016511460850232018,-0.0016511460850232,-1.734723475976807e-18,0
2010-06-25,100,-0.02188483837887938,-0.0218848383788793,-7.979727989493313e-17,0
2010-06-28,100,-0.013650916557806434,-0.0136509165578064,-3.2959746043559335e-17,0
2010-06-29,100,-0.05867259432311834,-0.0586725943231183,-4.163336342344337e-17,0
2010-06-30,100,-0.02104955012069782,-0.0210495501206978,-2.0816681711721685e-17,0
2010-07-01,100,-0.00672295796204391,-0.0067229579620439,-9.540979117872439e-18,0
2010-07-02,100,0.0005369482946886017,0.0005369482946886,1.734723475976807e-18,0
2010-07-05,100,-0.0034405860036265112,-0.0034405860036265,-1.1275702593849246e-17,0
2010-07-06,100,0.027963683771469797,0.0279636837714697,9.71445146547012e-17,0
2010-07-07,100,0.013045904801835661,0.0130459048018356,6.071532165918825e-17,0
2010-07-08,100,0.002550499136166663,0.0025504991361666,6.288372600415926e-17,0
2010-07-09,100,0.02865161229708769,0.0286516122970876,9.020562075079397e-17,0
2010-07-12,100,0.01696597916298259,0.0169659791629825,8.673617379884035e-17,0
2010-07-13,100,-0.009967681569010784,-0.0099676815690107,-8.326672684688674e-17,0
2010-07-14,100,0.013951865053063122,0.0139518650530631,2.2551405187698492e-17,0
2010-07-15,100,-0.021773329169978105,-0.0217733291699781,-6.938893903907228e-18,0
2010-07-16,100,0.00794302328827477,0.0079430232882747,7.112366251504909e-17,0
2010-07-19,100,0.02183879755492887,0.0218387975549288,6.938893903907228e-17,0
2010-07-20,100,0.026930394863117327,0.0269303948631173,2.7755575615628914e-17,0
2010-07-21,100,4.351008319247951e-05,4.351008319247951e-05,0.0,0
2010-07-22,100,0.014032714304049532,0.0140327143040495,3.122502256758253e-17,0
2010-07-23,100,0.0031152670310203366,0.0031152670310203,3.642919299551295e-17,0
2010-07-26,100,0.013429986390739383,0.0134299863907393,8.326672684688674e-17,0
2010-07-27,100,-0.0016036878415195011,-0.0016036878415195,-1.0842021724855044e-18,0
2010-07-28,100,0.019874232844499025,0.019874232844499,2.42861286636753e-17,0
2010-07-29,100,0.008133879544195336,0.0081338795441953,3.642919299551295e-17,0
2010-07-30,100,-0.001806630572862843,-0.0018066305728628,-4.2934406030425976e-17,0
2010-08-02,100,0.02039390541862519,0.0203939054186251,9.020562075079397e-17,0
2010-08-03,100,-0.015361533707241425,-0.0153615337072414,-2.6020852139652106e-17,0
2010-08-04,100,0.013136400477432359,0.0131364004774323,5.898059818321144e-17,0
2010-08-05,100,0.004267330339409148,0.0042673303394091,4.7704895589362195e-17,0
2010-08-06,100,0.017511132485763574,0.0175111324857635,7.28583859910259e-17,0
2010-08-09,100,0.014296794708353811,0.0142967947083538,1.0408340855860843e-17,0
2010-08-10,100,-0.03598923862820386,-0.0359892386282038,-5.551115123125783e-17,0
2010-08-11,100,0.017334967672697973,0.0173349676726979,7.28583859910259e-17,0
2010-08-12,100,-0.008811997615604158,-0.0088119976156041,-5.898059818321144e-17,0
2010-08-13,100,0.022047047604179793,0.0220470476041797,9.367506770274758e-17,0
2010-08-16,100,0.020063886871016446,0.0200638868710164,4.5102810375396984e-17,0
2010-08-17,100,0.01158958161153599,0.0115895816115359,9.020562075079397e-17,0
2010-08-18,100,-0.00042433284899455747,-0.0004243328489945,-5.746271514173174e-17,0
2010-08-19,100,0.003955262241767815,0.0039552622417678,1.474514954580286e-17,0
2010-08-20,100,-0.01450267428738335,-0.0145026742873833,-5.0306980803327406e-17,0
2010-08-23,100,0.0180466368293566,0.0180466368293566,0.0,0
2010-08-24,100,0.00996008997825054,0.0099600899782505,3.9898639947466563e-17,0
2010-08-25,100,-0.019356032353671847,-0.0193560323536718,-4.85722573273506e-17,0
2010-08-26,100,0.007587202814163638,0.0075872028141636,3.8163916471489756e-17,0
2010-08-27,100,0.007543492673898518,0.0075434926738985,1.8214596497756474e-17,0
2010-08-30,100,0.02306730337933386,0.0230673033793338,5.898059818321144e-17,0
2010-08-31,100,0.01065286633859703,0.010652866338597,2.949029909160572e-17,0
2010-09-01,100,-0.01032035573518852,-0.0103203557351885,-1.9081958235744878e-17,0
2010-09-02,100,0.024824721212035553,0.0248247212120355,5.204170427930421e-17,0
2010-09-03,100,0.014903109817431738,0.0149031098174317,3.8163916471489756e-17,0
2010-09-06,100,-0.0036270335989797677,-0.0036270335989797,-6.765421556309548e-17,0
2010-09-07,100,0.009866722326462081,0.009866722326462,8.153200337090993e-17,0
2010-09-08,100,0.008610912605241279,0.0086109126052412,7.979727989493313e-17,0
2010-09-09,100,-0.013290448126989221,-0.0132904481269892,-2.0816681711721685e-17,0
2010-09-10,100,0.013588398313698314,0.0135883983136983,1.3877787807814457e-17,0
2010-09-13,100,0.019003754590517147,0.0190037545905171,4.5102810375396984e-17,0
2010-09-14,100,0.0009777291032965596,0.0009777291032965,5.963111948670274e-17,0
2010-09-15,100,-0.015897541174272212,-0.0158975411742722,-1.3877787807814457e-17,0
2010-09-16,100,-0.025286597478493836,-0.0252865974784938,-3.469446951953614e-17,0
2010-09-17,100,0.004171729690440163,0.0041717296904401,6.331740687315346e-17,0
2010-09-20,100,-0.008083715752306882,-0.0080837157523068,-8.153200337090993e-17,0
2010-09-21,100,-0.006278953491319797,-0.0062789534913197,-9.71445146547012e-17,0
2010-09-27,100,0.022931389647072267,0.0229313896470722,6.591949208711867e-17,0
2010-09-28,100,-0.007584377018313226,-0.0075843770183132,-2.6020852139652106e-17,0
2010-09-29,100,-0.011035405350495799,-0.0110354053504957,-9.8879238130678e-17,0
2010-09-30,100,0.012570579220459389,0.0125705792204593,8.847089727481716e-17,0
2010-10-08,100,0.023443910670282966,0.0234439106702829,6.591949208711867e-17,0
2010-10-11,100,0.008209192662923446,0.0082091926629234,4.5102810375396984e-17,0
2010-10-12,100,0.006534458108986714,0.0065344581089867,1.3877787807814457e-17,0
2010-10-13,100,0.0025567961764621527,0.0025567961764621,5.2475385148298415e-17,0
2010-10-14,100,-0.035409461182800535,-0.0354094611828005,-3.469446951953614e-17,0
2010-10-15,100,-0.009775012375654542,-0.0097750123756545,-4.163336342344337e-17,0
2010-10-18,100,-0.020307354742826505,-0.0203073547428265,-3.469446951953614e-18,0
2010-10-19,100,0.037105566590371966,0.0371055665903719,6.938893903907228e-17,0
2010-10-20,100,0.0030214040170047584,0.0030214040170047,5.854691731421724e-17,0
2010-10-21,100,0.006779000326347293,0.0067790003263472,9.367506770274758e-17,0
2010-10-22,100,0.015114540003843966,0.0151145400038439,6.591949208711867e-17,0
2010-10-25,100,0.022857762966716707,0.0228577629667167,6.938893903907228e-18,0
2010-10-26,100,0.00474014368356768,0.0047401436835676,8.066464163292153e-17,0
2010-10-27,100,-0.0025503646267508407,-0.0025503646267508,-4.0766001685454967e-17,0
2010-10-28,100,0.0035842362690145135,0.0035842362690145,1.3444106938820255e-17,0
2010-10-29,100,0.012365549752723104,0.0123655497527231,3.469446951953614e-18,0
2010-11-01,100,0.02451032318984435,0.0245103231898443,4.85722573273506e-17,0
2010-11-02,100,0.0017513205356930405,0.001751320535693,4.0549161250957866e-17,0
2010-11-03,100,-0.010553301057983388,-0.0105533010579833,-8.847089727481716e-17,0
2010-11-04,100,0.019044761634103565,0.0190447616341035,6.591949208711867e-17,0
2010-11-05,100,0.015006713766708018,0.015006713766708,1.734723475976807e-17,0
2010-11-08,100,0.0256705270217898,0.0256705270217898,0.0,0
2010-11-09,100,0.007952856615649546,0.0079528566156495,4.683753385137379e-17,0
2010-11-10,100,0.00626559375697395,0.0062655937569739,5.0306980803327406e-17,0
2010-11-11,100,-0.012465323313084444,-0.0124653233130844,-4.336808689942018e-17,0
2010-11-12,100,-0.05758045245841251,-0.0575804524584125,-6.938893903907228e-18,0
2010-11-15,100,0.034916153386002645,0.0349161533860026,4.163336342344337e-17,0
2010-11-16,100,-0.01446604798130041,-0.0144660479813004,-1.0408340855860843e-17,0
2010-11-17,100,-0.018918526380158524,-0.0189185263801585,-2.42861286636753e-17,0
2010-11-18,100,0.014593739708967999,0.0145937397089679,9.8879238130678e-17,0
2010-11-19,100,0.024492875067356774,0.0244928750673567,7.28583859910259e-17,0
2010-11-22,100,0.017413298905580903,0.0174132989055809,3.469446951953614e-18,0
2010-11-23,100,-0.005837026514363935,-0.0058370265143639,-3.469446951953614e-17,0
2010-11-24,100,0.02101479816426953,0.0210147981642695,3.122502256758253e-17,0
2010-11-25,100,0.006592773499482355,0.0065927734994823,5.551115123125783e-17,0
2010-11-26,100,0.0009497447710927631,0.0009497447710927,6.310056643865636e-17,0
2010-11-29,100,0.01032693490241215,0.0103269349024121,5.0306980803327406e-17,0
2010-11-30,100,-0.03136335884014043,-0.0313633588401404,-2.7755575615628914e-17,0
2010-12-01,100,0.0075055359561170135,0.007505535956117,1.3877787807814457e-17,0
2010-12-02,100,0.014780357524545498,0.0147803575245454,9.8879238130678e-17,0
2010-12-03,100,-0.008851902135033252,-0.0088519021350332,-5.204170427930421e-17,0
2010-12-06,100,-0.01782593130681308,-0.017825931306813,-8.326672684688674e-17,0
2010-12-07,100,0.010887109625698095,0.010887109625698,9.540979117872439e-17,0
2010-12-08,100,-0.003747598194008693,-0.0037475981940086,-9.324138683375338e-17,0
2010-12-09,100,-0.01870570903079706,-0.018705709030797,-5.898059818321144e-17,0
2010-12-10,100,0.007582529825435403,0.0075825298254354,3.469446951953614e-18,0
2010-12-13,100,0.02714434234549044,0.0271443423454904,4.163336342344337e-17,0
2010-12-14,100,0.014462053370592474,0.0144620533705924,7.45931094670027e-17,0
2010-12-15,100,0.00018795848339889676,0.0001879584833988,9.676504389433127e-17,0
2010-12-16,100,0.003633043581694719,0.0036330435816947,1.9081958235744878e-17,0
2010-12-17,100,0.004903572556704431,0.0049035725567044,3.122502256758253e-17,0
2010-12-20,100,-0.012255694356048657,-0.0122556943560486,-5.724587470723463e-17,0
2010-12-21,100,0.015781989711473474,0.0157819897114734,7.28583859910259e-17,0
2010-12-22,100,-0.007906464352916327,-0.0079064643529163,-2.6020852139652106e-17,0
2010-12-23,100,-0.017421441244361242,-0.0174214412443612,-4.163336342344337e-17,0
2010-12-24,100,-0.016802229929866734,-0.0168022299298667,-3.469446951953614e-17,0
2010-12-27,100,-0.027667846725527568,-0.0276678467255275,-6.938893903907228e-17,0
2010-12-28,100,-0.018651735336841335,-0.0186517353368413,-3.469446951953614e-17,0
2010-12-29,100,0.014616364146470932,0.0146163641464709,3.2959746043559335e-17,0
2010-12-30,100,0.003300703790484324,0.0033007037904843,2.42861286636753e-17,0
2010-12-31,100,0.01701937801105734,0.0170193780110573,4.163336342344337e-17,0
2011-01-04,100,0.015593994014915503,0.0155939940149155,3.469446951953614e-18,0
2011-01-05,100,-0.0010502230049488936,-0.0010502230049488,-9.367506770274758e-17,0
2011-01-06,100,-0.0015452011393936227,-0.0015452011393936,-2.2768245622195593e-17,0
2011-01-07,100,-0.0032087790327115662,-0.0032087790327115,-6.635317295611287e-17,0
2011-01-10,100,-0.02448372885277303,-0.024483728852773,-2.7755575615628914e-17,0
2011-01-11,100,-0.008890079689157098,-0.008890079689157,-9.8879238130678e-17,0
2011-01-12,100,0.010389725565120727,0.0103897255651207,2.7755575615628914e-17,0
2011-01-13,100,0.0005855630415070834,0.000585563041507,8.337514706413529e-17,0
2011-01-14,100,-0.01833829693818244,-0.0183382969381824,-3.8163916471489756e-17,0
2011-01-17,100,-0.03689591114251972,-0.0368959111425197,-2.0816681711721685e-17,0
2011-01-18,100,0.007104229680781837,0.0071042296807818,3.729655473350135e-17,0
2011-01-19,100,0.018145323837796073,0.018145323837796,7.28583859910259e-17,0
2011-01-20,100,-0.0320396000886406,-0.0320396000886406,0.0,0
2011-01-21,100,0.009891797539691929,0.0098917975396919,2.949029909160572e-17,0
2011-01-24,100,-0.01770040592070163,-0.0177004059207016,-2.7755575615628914e-17,0
2011-01-25,100,-0.01424082966206936,-0.0142408296620693,-5.898059818321144e-17,0
2011-01-26,100,0.014576527233075337,0.0145765272330753,3.8163916471489756e-17,0
2011-01-27,100,0.011941146622469485,0.0119411466224694,8.500145032286355e-17,0
2011-01-28,100,0.014655893793820826,0.0146558937938208,2.6020852139652106e-17,0
2011-01-31,100,0.009330596342208808,0.0093305963422088,8.673617379884035e-18,0
2011-02-01,100,-0.000445180230102884,-0.0004451802301028,-8.402566836762659e-17,0
2011-02-09,100,-0.004984306676565043,-0.004984306676565,-4.2500725161431774e-17,0
2011-02-10,100,0.02601921134566368,0.0260192113456636,7.979727989493313e-17,0
2011-02-11,100,0.010305058132997607,0.0103050581329976,6.938893903907228e-18,0
2011-02-14,100,0.014524339093068763,0.0145243390930687,6.418476861114186e-17,0
2011-02-15,100,0.003544578217662714,0.0035445782176627,1.3877787807814457e-17,0
2011-02-16,100,0.020280674682480137,0.0202806746824801,3.8163916471489756e-17,0
2011-02-17,100,0.0018323905553737085,0.0018323905553737,8.456776945386935e-18,0
2011-02-18,100,-0.007009394991295893,-0.0070093949912958,-9.280770596475918e-17,0
2011-02-21,100,0.020132210210596472,0.0201322102105964,7.28583859910259e-17,0
2011-02-22,100,-0.023637842971528003,-0.023637842971528,-3.469446951953614e-18,0
2011-02-23,100,0.012442250178729746,0.0124422501787297,4.683753385137379e-17,0
2011-02-24,100,0.007853978932063221,0.0078539789320632,2.0816681711721685e-17,0
2011-02-25,100,0.002608302546882114,0.0026083025468821,1.3877787807814457e-17,0
2011-02-28,100,0.011384114455603778,0.0113841144556037,7.806255641895632e-17,0
2011-03-01,100,0.008184319904226661,0.0081843199042266,6.071532165918825e-17,0
2011-03-02,100,0.0005429677923375798,0.0005429677923375,7.979727989493313e-17,0
2011-03-03,100,-0.012336760574298446,-0.0123367605742984,-4.683753385137379e-17,0
2011-03-04,100,0.011913067133086102,0.0119130671330861,1.734723475976807e-18,0
2011-03-07,100,0.011187720597220641,0.0111877205972206,4.163336342344337e-17,0
2011-03-08,100,0.008772633658781986,0.0087726336587819,8.500145032286355e-17,0
2011-03-09,100,-0.0020624953142034273,-0.0020624953142034,-2.7321894746634712e-17,0
2011-03-10,100,-0.002419246003263286,-0.0024192460032632,-8.586881206085195e-17,0
2011-03-11,100,0.003181303524111895,0.0031813035241118,9.497611030973019e-17,0
2011-03-14,100,0.014000771846672491,0.0140007718466724,9.194034422677078e-17,0
2011-03-15,100,-0.012137900027100756,-0.0121379000271007,-5.551115123125783e-17,0
2011-03-16,100,0.013900469483901232,0.0139004694839012,3.122502256758253e-17,0
2011-03-17,100,-0.016028500771603567,-0.0160285007716035,-6.591949208711867e-17,0
2011-03-18,100,0.008127589726970976,0.0081275897269709,7.632783294297951e-17,0
2011-03-21,100,-0.0016482717009919158,-0.0016482717009919,-1.5829351718288365e-17,0
2011-03-22,100,-0.0001327064103284792,-0.0001327064103284,-7.92009687000661e-17,0
2011-03-23,100,0.01357253061079441,0.0135725306107944,8.673617379884035e-18,0
2011-03-24,100,0.008353905959612778,0.0083539059596127,7.806255641895632e-17,0
2011-03-25,100,0.004805847741882544,0.0048058477418825,4.423544863740858e-17,0
2011-03-28,100,0.004014548895226821,0.0040145488952268,2.0816681711721685e-17,0
2011-03-29,100,-0.014664913459662159,-0.0146649134596621,-5.898059818321144e-17,0
2011-03-30,100,-0.0113546523024449,-0.0113546523024449,0.0,0
2011-03-31,100,-0.011430176044637648,-0.0114301760446376,-4.85722573273506e-17,0
2011-04-01,100,0.014364725311494766,0.0143647253114947,6.591949208711867e-17,0
2011-04-06,100,0.004320378059251351,0.0043203780592513,5.117434254131581e-17,0
2011-04-07,100,0.00840931338114551,0.0084093133811455,1.0408340855860843e-17,0
2011-04-08,100,0.005927304494336969,0.0059273044943369,6.938893903907228e-17,0
2011-04-11,100,-0.012962706949784958,-0.0129627069497849,-5.898059818321144e-17,0
2011-04-12,100,0.0018011843046538845,0.0018011843046538,8.456776945386935e-17,0
2011-04-13,100,0.010442726989715418,0.0104427269897154,1.9081958235744878e-17,0
2011-04-14,100,-0.0023106645117532522,-0.0023106645117532,-5.204170427930421e-17,0
2011-04-15,100,0.0026213211314192087,0.0026213211314192,8.673617379884035e-18,0
2011-04-18,100,0.005497633222480943,0.0054976332224809,4.336808689942018e-17,0
2011-04-19,100,-0.009728316575849884,-0.0097283165758498,-8.500145032286355e-17,0
2011-04-20,100,0.002811717672479833,0.0028117176724798,3.2959746043559335e-17,0
2011-04-21,100,0.00570530244502389,0.0057053024450238,9.020562075079397e-17,0
2011-04-22,100,-0.005565964751336378,-0.0055659647513363,-7.806255641895632e-17,0
2011-04-25,100,-0.028584434840770254,-0.0285844348407702,-5.551115123125783e-17,0
2011-04-26,100,-0.024982166380983807,-0.0249821663809838,-6.938893903907228e-18,0
2011-04-27,100,-0.011144472572047627,-0.0111444725720476,-2.7755575615628914e-17,0
2011-04-28,100,-0.029907066614957425,-0.0299070666149574,-2.42861286636753e-17,0
2011-04-29,100,0.014159020698908151,0.0141590206989081,5.204170427930421e-17,0
2011-05-03,100,0.016516478280092995,0.0165164782800929,9.367506770274758e-17,0
2011-05-04,100,-0.019310348631921076,-0.019310348631921,-7.632783294297951e-17,0
2011-05-05,100,0.006465422302700795,0.0064654223027007,9.540979117872439e-17,0
2011-05-06,100,0.0012075870772990881,0.001207587077299,8.803721640582296e-17,0
2011-05-09,100,0.004655411743307424,0.0046554117433074,2.42861286636753e-17,0
2011-05-10,100,-0.0014684762294043063,-0.0014684762294043,-6.288372600415926e-18,0
2011-05-11,100,0.006837349557537284,0.0068373495575372,8.413408858487514e-17,0
2011-05-12,100,-0.0127177976275129,-0.0127177976275129,0.0,0
2011-05-13,100,0.009038710117739362,0.0090387101177393,6.245004513516506e-17,0
2011-05-16,100,0.002718260535115862,0.0027182605351158,6.201636426617085e-17,0
2011-05-17,100,-0.002571987998353967,-0.0025719879983539,-6.722053469410127e-17,0
2011-05-18,100,-0.00013427233940138783,-0.0001342723394013,-8.782037597132586e-17,0
2011-05-19,100,-0.008760479186801666,-0.0087604791868016,-6.591949208711867e-17,0
2011-05-20,100,-0.005480427356537255,-0.0054804273565372,-5.4643789493269423e-17,0
2011-05-23,100,-0.04036880418554646,-0.0403688041855464,-6.245004513516506e-17,0
2011-05-24,100,0.011769702149666428,0.0117697021496664,2.7755575615628914e-17,0
2011-05-25,100,-0.017686846272077325,-0.0176868462720773,-2.42861286636753e-17,0
2011-05-26,100,-0.008072689403668466,-0.0080726894036684,-6.591949208711867e-17,0
2011-05-27,100,-0.0343053493842935,-0.0343053493842935,0.0,0
2011-05-30,100,-0.02094669930321432,-0.0209466993032143,-2.0816681711721685e-17,0
2011-05-31,100,0.014835953323510478,0.0148359533235104,7.806255641895632e-17,0
2011-06-01,100,0.00834205912471495,0.0083420591247149,5.0306980803327406e-17,0
2011-06-02,100,-0.016356502632369478,-0.0163565026323694,-7.979727989493313e-17,0
2011-06-03,100,0.012968445632646607,0.0129684456326466,6.938893903907228e-18,0
2011-06-07,100,0.006383436029902843,0.0063834360299028,4.336808689942018e-17,0
2011-06-08,100,0.0037911471386418995,0.0037911471386418,9.974659986866641e-17,0
2011-06-09,100,-0.017667393162400888,-0.0176673931624008,-8.673617379884035e-17,0
2011-06-10,100,-0.004823005572452244,-0.0048230055724522,-4.336808689942018e-17,0
2011-06-13,100,-0.0010631610153999116,-0.0010631610153999,-1.1492543028346347e-17,0
2011-06-14,100,0.01379107261162892,0.0137910726116289,2.0816681711721685e-17,0
2011-06-15,100,-0.01063967860956274,-0.0106396786095627,-3.9898639947466563e-17,0
2011-06-16,100,-0.024760624357386157,-0.0247606243573861,-5.898059818321144e-17,0
2011-06-17,100,-0.016560252352366345,-0.0165602523523663,-4.5102810375396984e-17,0
2011-06-20,100,-0.009839797664276556,-0.0098397976642765,-5.724587470723463e-17,0
2011-06-21,100,0.01583354198738194,0.0158335419873819,3.8163916471489756e-17,0
2011-06-22,100,-0.0038195272246899026,-0.0038195272246899,-2.6020852139652106e-18,0
2011-06-23,100,0.025157263890811826,0.0251572638908118,2.7755575615628914e-17,0
2011-06-24,100,0.023793827656329158,0.0237938276563291,5.898059818321144e-17,0
2011-06-27,100,0.01286926456130201,0.012869264561302,1.0408340855860843e-17,0
2011-06-28,100,-0.001857653394536578,-0.0018576533945365,-7.806255641895632e-17,0
2011-06-29,100,-0.007590854628291277,-0.0075908546282912,-7.719519468096792e-17,0
2011-06-30,100,0.010248987937288359,0.0102489879372883,5.898059818321144e-17,0
2011-07-01,100,0.007871187596436145,0.0078711875964361,4.5102810375396984e-17,0
2011-07-04,100,0.021077549818628263,0.0210775498186282,6.245004513516506e-17,0
2011-07-05,100,0.006210781194128237,0.0062107811941282,3.729655473350135e-17,0
2011-07-06,100,0.010259910792512109,0.0102599107925121,8.673617379884035e-18,0
2011-07-07,100,0.007775558000397808,0.0077755580003978,7.806255641895632e-18,0
2011-07-08,100,-0.003615683063314343,-0.0036156830633143,-4.2934406030425976e-17,0
2011-07-11,100,0.004865513937608553,0.0048655139376085,5.377642775528102e-17,0
2011-07-12,100,-0.022847432617413333,-0.0228474326174133,-3.469446951953614e-17,0
2011-07-13,100,0.025059044397697742,0.0250590443976977,4.163336342344337e-17,0
2011-07-14,100,0.017961043529665918,0.0179610435296659,1.734723475976807e-17,0
2011-07-15,100,0.013012476153613188,0.0130124761536131,8.847089727481716e-17,0
2011-07-18,100,-0.003840877221838751,-0.0038408772218387,-5.074066167232161e-17,0
2011-07-19,100,-0.014036307412218974,-0.0140363074122189,-7.45931094670027e-17,0
2011-07-20,100,0.0025361436726608786,0.0025361436726608,7.849623728795052e-17,0
2011-07-21,100,-0.013763536341566837,-0.0137635363415668,-3.642919299551295e-17,0
2011-07-22,100,0.008848221621612161,0.0088482216216121,6.071532165918825e-17,0
2011-07-25,100,-0.04350284773126211,-0.0435028477312621,-1.3877787807814457e-17,0
2011-07-26,100,0.005142275243246818,0.0051422752432468,1.734723475976807e-17,0
2011-07-27,100,0.022142779968657447,0.0221427799686574,4.85722573273506e-17,0
2011-07-28,100,0.000962633940216876,0.0009626339402168,7.600257229123386e-17,0
2011-07-29,100,-0.008053099493522238,-0.0080530994935222,-3.8163916471489756e-17,0
2011-08-01,100,0.015384566816559975,0.0153845668165599,7.45931094670027e-17,0
2011-08-02,100,0.0027348566613895463,0.0027348566613895,4.640385298237959e-17,0
2011-08-03,100,0.008071607016299923,0.0080716070162999,2.2551405187698492e-17,0
2011-08-04,100,-0.0029161875433237083,-0.0029161875433237,-8.239936510889834e-18,0
2011-08-05,100,-0.02518631034720771,-0.0251863103472077,-1.0408340855860843e-17,0
2011-08-08,100,-0.0587874366070369,-0.0587874366070369,0.0,0
2011-08-09,100,-0.009679977342421167,-0.0096799773424211,-6.765421556309548e-17,0
2011-08-10,100,0.017385596838555447,0.0173855968385554,4.85722573273506e-17,0
2011-08-11,100,0.027101621394470046,0.02710162139447,4.5102810375396984e-17,0
2011-08-12,100,0.01687405374406042,0.0168740537440604,2.0816681711721685e-17,0
2011-08-15,100,0.020173334697472366,0.0201733346974723,6.591949208711867e-17,0
2011-08-16,100,-0.0024402226828813055,-0.0024402226828813,-5.637851296924623e-18,0
2011-08-17,100,0.002370765112076032,0.002370765112076,3.209238430557093e-17,0
2011-08-18,100,-0.019060193598864537,-0.0190601935988645,-3.8163916471489756e-17,0
2011-08-19,100,-0.005112946371781827,-0.0051129463717818,-2.688821387764051e-17,0
2011-08-22,100,0.014301879397118173,0.0143018793971181,7.28583859910259e-17,0
2011-08-23,100,0.032890205280748666,0.0328902052807486,6.938893903907228e-17,0
2011-08-24,100,-0.0012993310174278694,-0.0012993310174278,-6.938893903907228e-17,0
2011-08-25,100,0.010786206552347773,0.0107862065523477,7.28583859910259e-17,0
2011-08-26,100,0.011354234357356734,0.0113542343573567,3.469446951953614e-17,0
2011-08-29,100,-0.0037799410672396607,-0.0037799410672396,-6.071532165918825e-17,0
2011-08-30,100,-0.01605584396024952,-0.0160558439602495,-1.734723475976807e-17,0
2011-08-31,100,0.00032246953491741004,0.0003224695349174,1.0028870095490916e-17,0
2011-09-01,100,-0.0041888685889140366,-0.004188868588914,-3.642919299551295e-17,0
2011-09-02,100,-0.00895629679766083,-0.0089562967976608,-3.122502256758253e-17,0
2011-09-05,100,-0.020576389958502497,-0.0205763899585024,-9.71445146547012e-17,0
2011-09-06,100,-0.01071247978868631,-0.0107124797886863,-8.673617379884035e-18,0
2011-09-07,100,0.026640145151954727,0.0266401451519547,2.7755575615628914e-17,0
2011-09-08,100,-0.015575396522728276,-0.0155753965227282,-7.632783294297951e-17,0
2011-09-09,100,-0.007436932414372484,-0.0074369324143724,-8.326672684688674e-17,0
2011-09-13,100,-0.015014874239472573,-0.0150148742394725,-7.28583859910259e-17,0
2011-09-14,100,0.01725148145458855,0.0172514814545885,4.85722573273506e-17,0
2011-09-15,100,0.003250218501488745,0.0032502185014887,4.5102810375396984e-17,0
2011-09-16,100,-0.00028924232479181523,-0.0002892423247918,-1.5233040523421337e-17,0
2011-09-19,100,-0.018913839417326442,-0.0189138394173264,-4.163336342344337e-17,0
2011-09-20,100,0.007301127482737219,0.0073011274827372,1.9081958235744878e-17,0
2011-09-21,100,0.027832381627512604,0.0278323816275126,3.469446951953614e-18,0
2011-09-22,100,-0.029703380731386942,-0.0297033807313869,-4.163336342344337e-17,0
2011-09-23,100,-0.008002495703228517,-0.0080024957032285,-1.734723475976807e-17,0
2011-09-26,100,-0.009662093047600732,-0.0096620930476007,-3.2959746043559335e-17,0
2011-09-27,100,0.005819648780532442,0.0058196487805324,4.163336342344337e-17,0
2011-09-28,100,-0.016085193493143586,-0.0160851934931435,-8.673617379884035e-17,0
2011-09-29,100,-0.030185215667505566,-0.0301852156675055,-6.591949208711867e-17,0
2011-09-30,100,-0.004784047136909053,-0.004784047136909,-5.2909066017292616e-17,0
2011-10-10,100,0.0014867985892627889,0.0014867985892627,8.890457814381136e-17,0
2011-10-11,100,0.0016394003889072383,0.0016394003889072,3.838075690598686e-17,0
2011-10-12,100,0.03690325536994022,0.0369032553699402,2.0816681711721685e-17,0
2011-10-13,100,0.013844565047244446,0.0138445650472444,4.5102810375396984e-17,0
2011-10-14,100,-0.001758127015987997,-0.0017581270159879,-9.69276742202041e-17,0
2011-10-17,100,0.011717477518440062,0.01171747751844,6.245004513516506e-17,0
2011-10-18,100,-0.033744464836041745,-0.0337444648360417,-4.163336342344337e-17,0
2011-10-19,100,-0.0009782814846748978,-0.0009782814846748,-9.77950359581925e-17,0
2011-10-20,100,-0.029779267376559674,-0.0297792673765596,-7.28583859910259e-17,0
2011-10-21,100,-0.022645642404500246,-0.0226456424045002,-4.5102810375396984e-17,0
2011-10-24,100,0.01507206323878876,0.0150720632387887,5.898059818321144e-17,0
2011-10-25,100,0.025952131844410392,0.0259521318444103,9.367506770274758e-17,0
2011-10-26,100,0.01263651381340221,0.0126365138134022,1.0408340855860843e-17,0
2011-10-27,100,0.000993002356782896,0.0009930023567828,9.606031248221569e-17,0
2011-10-28,100,0.022446532653332487,0.0224465326533324,8.673617379884035e-17,0
2011-10-31,100,0.009211726172479656,0.0092117261724796,5.551115123125783e-17,0
2011-11-01,100,0.004788386365835311,0.0047883863658353,1.1275702593849246e-17,0
2011-11-02,100,0.026507178349609646,0.0265071783496096,4.5102810375396984e-17,0
2011-11-03,100,0.0059222998751506705,0.0059222998751506,7.025630077706069e-17,0
2011-11-04,100,0.007666699451789562,0.0076666994517895,6.245004513516506e-17,0
2011-11-07,100,-0.0018668424198484868,-0.0018668424198484,-8.673617379884035e-17,0
2011-11-08,100,-0.01419119715432,-0.01419119715432,0.0,0
2011-11-09,100,0.022675145674070238,0.0226751456740702,3.8163916471489756e-17,0
2011-11-10,100,-0.0045722522183361935,-0.0045722522183361,-9.367506770274758e-17,0
2011-11-11,100,0.0040032698661416595,0.0040032698661416,5.984795992119984e-17,0
2011-11-14,100,0.02756285673194006,0.02756285673194,6.245004513516506e-17,0
2011-11-15,100,0.005842245860253129,0.0058422458602531,2.949029909160572e-17,0
2011-11-16,100,-0.027274284862116503,-0.0272742848621165,-3.469446951953614e-18,0
2011-11-17,100,0.006835008117658392,0.0068350081176583,9.194034422677078e-17,0
2011-11-18,100,-0.02651491478002794,-0.0265149147800279,-3.8163916471489756e-17,0
2011-11-21,100,0.000637156829535076,0.000637156829535,7.600257229123386e-17,0
2011-11-22,100,0.0019316111854332462,0.0019316111854332,4.618701254788249e-17,0
2011-11-23,100,0.002372890996981716,0.0023728909969817,1.5612511283791264e-17,0
2011-11-24,100,-0.0022909526603617824,-0.0022909526603617,-8.239936510889834e-17,0
2011-11-25,100,-0.01243866764580895,-0.0124386676458089,-5.0306980803327406e-17,0
2011-11-28,100,-0.0036692981350928675,-0.0036692981350928,-6.765421556309548e-17,0
2011-11-29,100,0.016258349660508445,0.0162583496605084,4.5102810375396984e-17,0
2011-11-30,100,-0.0506622547709392,-0.0506622547709392,0.0,0
2011-12-01,100,0.020095226087506423,0.0200952260875064,2.42861286636753e-17,0
2011-12-02,100,-0.024263022884725007,-0.024263022884725,-6.938893903907228e-18,0
2011-12-05,100,-0.03115803727609352,-0.0311580372760935,-2.0816681711721685e-17,0
2011-12-06,100,0.005806279034132127,0.0058062790341321,2.688821387764051e-17,0
2011-12-07,100,0.003753593515345075,0.003753593515345,7.502679033599691e-17,0
2011-12-08,100,0.005727692260891283,0.0057276922608912,8.326672684688674e-17,0
2011-12-09,100,-0.007850718410114485,-0.0078507184101144,-8.500145032286355e-17,0
2011-12-12,100,-0.009225151844574717,-0.0092251518445747,-1.734723475976807e-17,0
2011-12-13,100,-0.037890975494757555,-0.0378909754947575,-5.551115123125783e-17,0
2011-12-14,100,-0.015368714433083292,-0.0153687144330832,-9.194034422677078e-17,0
2011-12-15,100,-0.02231194109813199,-0.0223119410981319,-9.020562075079397e-17,0
2011-12-16,100,0.02778290073599811,0.0277829007359981,1.0408340855860843e-17,0
2011-12-19,100,0.009080041163344646,0.0090800411633446,4.5102810375396984e-17,0
2011-12-20,100,-0.0003129743585746458,-0.0003129743585746,-4.580754178751256e-17,0
2011-12-21,100,-0.024224625447903332,-0.0242246254479033,-3.122502256758253e-17,0
2011-12-22,100,-0.021542972804215976,-0.0215429728042159,-7.632783294297951e-17,0
2011-12-23,100,0.00833543585692832,0.0083354358569283,2.0816681711721685e-17,0
2011-12-26,100,-0.010514752561257673,-0.0105147525612576,-7.28583859910259e-17,0
2011-12-27,100,-0.03667820344091955,-0.0366782034409195,-4.85722573273506e-17,0
2011-12-28,100,-0.008045236238146762,-0.0080452362381467,-6.245004513516506e-17,0
2011-12-29,100,0.0009251924105186882,0.0009251924105186,8.814563662307151e-17,0
2011-12-30,100,0.018427136311271516,0.0184271363112715,1.734723475976807e-17,0
2012-01-04,100,-0.028504111932852193,-0.0285041119328521,-9.367506770274758e-17,0
2012-01-05,100,-0.0533182779351605,-0.0533182779351605,0.0,0
2012-01-06,100,0.009932476737322534,0.0099324767373225,3.2959746043559335e-17,0
2012-01-09,100,0.044685045598488,0.044685045598488,0.0,0
2012-01-10,100,0.04115712638622812,0.0411571263862281,2.0816681711721685e-17,0
2012-01-11,100,0.008148691317000478,0.0081486913170004,7.806255641895632e-17,0
2012-01-12,100,-0.0017820884376585488,-0.0017820884376585,-4.87890977618477e-17,0
2012-01-13,100,-0.047666950528059235,-0.0476669505280592,-3.469446951953614e-17,0
2012-01-16,100,-0.03352355378031996,-0.0335235537803199,-6.245004513516506e-17,0
2012-01-17,100,0.05825570499733534,0.0582557049973353,3.469446951953614e-17,0
2012-01-18,100,-0.029987794260025666,-0.0299877942600256,-6.591949208711867e-17,0
2012-01-19,100,0.015317541694954388,0.0153175416949543,8.847089727481716e-17,0
2012-01-20,100,0.012798115347413623,0.0127981153474136,2.2551405187698492e-17,0
2012-01-30,100,-0.0016280859912546851,-0.0016280859912546,-8.521829075736065e-17,0
2012-01-31,100,-0.0020912733719007583,-0.0020912733719007,-5.811323644522304e-17,0
2012-02-01,100,-2.3852683258124285e-05,-2.3852683258124285e-05,0.0,0
2012-02-02,100,0.021678680639132395,0.0216786806391323,9.367506770274758e-17,0
2012-02-03,100,0.022002057972431776,0.0220020579724317,7.632783294297951e-17,0
2012-02-06,100,0.009853455002795015,0.009853455002795,1.5612511283791264e-17,0
2012-02-07,100,-0.017072158941392215,-0.0170721589413922,-1.3877787807814457e-17,0
2012-02-08,100,0.0280611462495694,0.0280611462495694,0.0,0
2012-02-09,100,0.00904011273524881,0.0090401127352488,8.673617379884035e-18,0
2012-02-10,100,0.00788736656779731,0.0078873665677973,1.0408340855860843e-17,0
2012-02-13,100,0.012234541859127004,0.012234541859127,3.469446951953614e-18,0
2012-02-14,100,0.0016317327128350801,0.001631732712835,8.023096076392733e-17,0
2012-02-15,100,0.019124530297748858,0.0191245302977488,5.898059818321144e-17,0
2012-02-16,100,0.001077347011219263,0.0010773470112192,6.288372600415926e-17,0
2012-02-17,100,-0.006109073610664093,-0.006109073610664,-9.280770596475918e-17,0
2012-02-20,100,0.004270887970063847,0.0042708879700638,4.683753385137379e-17,0
2012-02-21,100,0.018094676907317763,0.0180946769073177,6.245004513516506e-17,0
2012-02-22,100,0.023145996634150685,0.0231459966341506,8.673617379884035e-17,0
2012-02-23,100,0.006068228107892874,0.0060682281078928,7.37257477290143e-17,0
2012-02-24,100,0.009842876137535794,0.0098428761375357,9.367506770274758e-17,0
2012-02-27,100,-0.00023534161202423798,-0.0002353416120242,-3.797418109130479e-17,0
2012-02-28,100,-0.005243447014760985,-0.0052434470147609,-8.500145032286355e-17,0
2012-02-29,100,-0.014744671930055518,-0.0147446719300555,-1.734723475976807e-17,0
2012-03-01,100,0.00650982582285201,0.006509825822852,9.540979117872439e-18,0
2012-03-02,100,0.01931530804821496,0.0193153080482149,5.898059818321144e-17,0
2012-03-05,100,0.0036823254624783097,0.0036823254624783,9.540979117872439e-18,0
2012-03-06,100,-0.005945523547282228,-0.0059455235472822,-2.7755575615628914e-17,0
2012-03-07,100,-0.0010572504168744246,-0.0010572504168744,-2.45029690981724e-17,0
2012-03-08,100,0.014546127453160276,0.0145461274531602,7.632783294297951e-17,0
2012-03-09,100,0.019530957458927096,0.019530957458927,9.71445146547012e-17,0
2012-03-12,100,0.008247833581239521,0.0082478335812395,2.0816681711721685e-17,0
2012-03-13,100,0.006911065414059019,0.006911065414059,1.9081958235744878e-17,0
2012-03-14,100,-0.04660247414520114,-0.0466024741452011,-4.163336342344337e-17,0
2012-03-15,100,-0.013455873725204301,-0.0134558737252043,-1.734723475976807e-18,0
2012-03-16,100,0.02628651767576576,0.0262865176757657,6.245004513516506e-17,0
2012-03-19,100,0.01753090164986667,0.0175309016498666,6.938893903907228e-17,0
2012-03-20,100,-0.024788592904833134,-0.0247885929048331,-3.469446951953614e-17,0
2012-03-21,100,0.002758631406925146,0.0027586314069251,4.597017211338539e-17,0
2012-03-22,100,0.002811557784053573,0.0028115577840535,7.28583859910259e-17,0
2012-03-23,100,-0.01765396364503889,-0.0176539636450388,-9.020562075079397e-17,0
2012-03-26,100,-0.003041075466541329,-0.0030410754665413,-2.905661822261152e-17,0
2012-03-27,100,9.093448776452906e-05,9.093448776452906e-05,0.0,0
2012-03-28,100,-0.054188723191707006,-0.054188723191707,-6.938893903907228e-18,0
2012-03-29,100,-0.018359018929149918,-0.0183590189291499,-1.734723475976807e-17,0
2012-03-30,100,-0.010707625736016635,-0.0107076257360166,-3.469446951953614e-17,0
2012-04-05,100,0.029221593178393238,0.0292215931783932,3.8163916471489756e-17,0
2012-04-06,100,0.007856731769143636,0.0078567317691436,3.642919299551295e-17,0
2012-04-09,100,-0.00993899521635233,-0.0099389952163523,-2.949029909160572e-17,0
2012-04-10,100,0.010665718835356408,0.0106657188353564,8.673617379884035e-18,0
2012-04-11,100,0.008804668002102424,0.0088046680021024,2.42861286636753e-17,0
2012-04-12,100,0.02525774534879127,0.0252577453487912,6.938893903907228e-17,0
2012-04-13,100,0.008959197497543987,0.0089591974975439,8.673617379884035e-17,0
2012-04-16,100,-0.0008644925359580991,-0.000864492535958,-9.90960785651751e-17,0
2012-04-17,100,-0.014686694912435527,-0.0146866949124355,-2.6020852139652106e-17,0
2012-04-18,100,0.021901498729676724,0.0219014987296767,2.42861286636753e-17,0
2012-04-19,100,0.0011888988966037351,0.0011888988966037,3.5128150388530344e-17,0
2012-04-20,100,0.00523423393974152,0.0052342339397415,1.9949319973733282e-17,0
2012-04-23,100,-0.04850935539438248,-0.0485093553943824,-8.326672684688674e-17,0
2012-04-24,100,-0.019455118458935057,-0.019455118458935,-5.551115123125783e-17,0
2012-04-25,100,0.011427406225457735,0.0114274062254577,3.469446951953614e-17,0
2012-04-26,100,-0.001744295908530139,-0.0017442959085301,-3.903127820947816e-17,0
2012-04-27,100,-0.004353566157382578,-0.0043535661573825,-7.806255641895632e-17,0
2012-05-02,100,0.007821786227926657,0.0078217862279266,5.724587470723463e-17,0
2012-05-03,100,0.0008257534931565191,0.0008257534931565,1.9081958235744878e-17,0
2012-05-04,100,0.009553801524673191,0.0095538015246731,9.020562075079397e-17,0
2012-05-07,100,0.013939016014683574,0.0139390160146835,7.45931094670027e-17,0
2012-05-08,100,0.0017813783920728765,0.0017813783920728,7.654467337747661e-17,0
2012-05-09,100,-0.022149460937194432,-0.0221494609371944,-3.122502256758253e-17,0
2012-05-10,100,0.012446754165492659,0.0124467541654926,5.898059818321144e-17,0
2012-05-11,100,-0.008761483109137354,-0.0087614831091373,-5.377642775528102e-17,0
2012-05-14,100,-0.002564365297685084,-0.002564365297685,-8.413408858487514e-17,0
2012-05-15,100,-0.004191884933355908,-0.0041918849333559,-7.806255641895632e-18,0
2012-05-16,100,-0.015446946278389231,-0.0154469462783892,-3.122502256758253e-17,0
2012-05-17,100,0.01884149852403614,0.0188414985240361,3.8163916471489756e-17,0
2012-05-18,100,-0.007207080506949352,-0.0072070805069493,-5.204170427930421e-17,0
2012-05-21,100,-0.003295466440377305,-0.0032954664403773,-4.7704895589362195e-18,0
2012-05-22,100,0.009194992214131842,0.0091949922141318,4.163336342344337e-17,0
2012-05-23,100,-0.011251042468648347,-0.0112510424686483,-4.683753385137379e-17,0
2012-05-24,100,-0.010739008815784821,-0.0107390088157848,-2.0816681711721685e-17,0
2012-05-25,100,-0.024413556817409723,-0.0244135568174097,-2.42861286636753e-17,0
2012-05-28,100,0.0004009306208214047,0.0004009306208214,4.716279450311944e-18,0
2012-05-29,100,0.015280127718268189,0.0152801277182681,8.847089727481716e-17,0
2012-05-30,100,0.0029772646981156294,0.0029772646981156,2.949029909160572e-17,0
2012-05-31,100,0.006867048344659034,0.006867048344659,3.382710778154774e-17,0
2012-06-01,100,-0.004544513033347313,-0.0045445130333473,-1.3010426069826053e-17,0
2012-06-04,100,-0.03960682928777479,-0.0396068292877747,-9.020562075079397e-17,0
2012-06-05,100,-0.0023383611870644604,-0.0023383611870644,-6.028164079019405e-17,0
2012-06-06,100,-0.00035314608711043083,-0.0003531460871104,-3.08455518072126e-17,0
2012-06-07,100,-0.004894177844504754,-0.0048941778445047,-5.377642775528102e-17,0
2012-06-08,100,-0.0020492898208889798,-0.0020492898208889,-7.979727989493313e-17,0
2012-06-11,100,0.026251962331006205,0.0262519623310062,6.938893903907228e-18,0
2012-06-12,100,-0.003980051249715234,-0.0039800512497152,-3.382710778154774e-17,0
2012-06-13,100,0.014164008429239948,0.0141640084292399,4.85722573273506e-17,0
2012-06-14,100,-0.0063706261019084755,-0.0063706261019084,-7.546047120499111e-17,0
2012-06-15,100,0.0004280438410971532,0.0004280438410971,5.323432666903827e-17,0
2012-06-18,100,0.010033679375803871,0.0100336793758038,7.112366251504909e-17,0
2012-06-19,100,-0.006687405693110149,-0.0066874056931101,-4.85722573273506e-17,0
2012-06-20,100,0.008528212204758764,0.0085282122047587,6.418476861114186e-17,0
2012-06-21,100,-0.02100760633596389,-0.0210076063359638,-9.020562075079397e-17,0
2012-06-25,100,-0.026639442723404336,-0.0266394427234043,-3.469446951953614e-17,0
2012-06-26,100,0.0029125951978577523,0.0029125951978577,5.2475385148298415e-17,0
2012-06-27,100,0.0043095124945672055,0.0043095124945672,5.204170427930421e-18,0
2012-06-28,100,-0.009439102193858994,-0.0094391021938589,-9.367506770274758e-17,0
2012-06-29,100,0.006396863004933563,0.0063968630049335,6.331740687315346e-17,0
2012-07-02,100,0.011675317128639253,0.0116753171286392,5.377642775528102e-17,0
2012-07-03,100,0.00982852552450528,0.0098285255245052,7.979727989493313e-17,0
2012-07-04,100,-0.006751418340079676,-0.0067514183400796,-7.546047120499111e-17,0
2012-07-05,100,-0.023709994103941368,-0.0237099941039413,-6.591949208711867e-17,0
2012-07-06,100,0.0121651148197752,0.0121651148197752,0.0,0
2012-07-09,100,-0.03654228657082391,-0.0365422865708239,-6.938893903907228e-18,0
2012-07-10,100,-0.017188625005673613,-0.0171886250056736,-1.3877787807814457e-17,0
2012-07-11,100,0.0032648079354723834,0.0032648079354723,8.326672684688674e-17,0
2012-07-12,100,0.00939002277141559,0.0093900227714155,9.020562075079397e-17,0
2012-07-13,100,-0.0206175943752186,-0.0206175943752186,0.0,0
2012-07-16,100,-0.06311199571714854,-0.0631119957171485,-4.163336342344337e-17,0
2012-07-17,100,0.010361347878732028,0.010361347878732,2.7755575615628914e-17,0
2012-07-18,100,0.009767550592822149,0.0097675505928221,4.85722573273506e-17,0
2012-07-19,100,0.018058528571578924,0.0180585285715789,2.42861286636753e-17,0
2012-07-20,100,-0.0010746819829639364,-0.0010746819829639,-3.642919299551295e-17,0
2012-07-23,100,-0.007980930767241162,-0.0079809307672411,-6.245004513516506e-17,0
2012-07-24,100,0.014114767434599567,0.0141147674345995,6.591949208711867e-17,0
2012-07-25,100,-0.0018654997491402015,-0.0018654997491402,-1.5178830414797062e-18,0
2012-07-26,100,-0.013218120376417232,-0.0132181203764172,-3.2959746043559335e-17,0
2012-07-27,100,-0.0001375355195528316,-0.0001375355195528,-3.1604493327952454e-17,0
2012-07-30,100,-0.02934779715519452,-0.0293477971551945,-1.734723475976807e-17,0
2012-07-31,100,-0.024120840249964064,-0.024120840249964,-6.591949208711867e-17,0
2012-08-01,100,0.013706497266772144,0.0137064972667721,4.336808689942018e-17,0
2012-08-02,100,-0.00883421440608597,-0.0088342144060859,-7.112366251504909e-17,0
2012-08-03,100,0.026048153778244973,0.0260481537782449,7.28583859910259e-17,0
2012-08-06,100,0.02579988378731942,0.0257998837873194,2.0816681711721685e-17,0
2012-08-07,100,0.01199717937047555,0.0119971793704755,5.0306980803327406e-17,0
2012-08-08,100,-0.0002416096751663177,-0.0002416096751663,-1.769960046582586e-17,0
2012-08-09,100,0.019458520924559797,0.0194585209245597,9.71445146547012e-17,0
2012-08-10,100,-0.0034555713585521742,-0.0034555713585521,-7.41594285980085e-17,0
2012-08-13,100,-0.025204936990270214,-0.0252049369902702,-1.3877787807814457e-17,0
2012-08-14,100,0.011593843247027214,0.0115938432470272,1.3877787807814457e-17,0
2012-08-15,100,-0.008804762586385125,-0.0088047625863851,-2.6020852139652106e-17,0
2012-08-16,100,-0.006009044979058591,-0.0060090449790585,-9.107298248878237e-17,0
2012-08-17,100,0.006337928245377184,0.0063379282453771,8.413408858487514e-17,0
2012-08-20,100,0.007402665947458617,0.0074026659474586,1.6479873021779667e-17,0
2012-08-21,100,0.022431784042286323,0.0224317840422863,2.42861286636753e-17,0
2012-08-22,100,-0.0048887401575463925,-0.0048887401575463,-9.280770596475918e-17,0
2012-08-23,100,0.020879150132889907,0.0208791501328899,6.938893903907228e-18,0
2012-08-24,100,-0.02231533578982816,-0.0223153357898281,-5.898059818321144e-17,0
2012-08-27,100,-0.025307196904083243,-0.0253071969040832,-4.163336342344337e-17,0
2012-08-28,100,0.015182465325087673,0.0151824653250876,7.28583859910259e-17,0
2012-08-29,100,0.00811508659872918,0.0081150865987291,7.979727989493313e-17,0
2012-08-30,100,-0.019124630873628062,-0.019124630873628,-6.245004513516506e-17,0
2012-08-31,100,0.007128232777840751,0.0071282327778407,5.117434254131581e-17,0
2012-09-03,100,0.020996514836983584,0.0209965148369835,8.326672684688674e-17,0
2012-09-04,100,0.004122188398389121,0.0041221883983891,2.0816681711721685e-17,0
2012-09-05,100,0.021793237926135037,0.021793237926135,3.8163916471489756e-17,0
2012-09-06,100,0.012399944911136803,0.0123999449111368,3.469446951953614e-18,0
2012-09-07,100,0.028295261513244498,0.0282952615132444,9.71445146547012e-17,0
2012-09-10,100,0.011317211462816201,0.0113172114628162,1.734723475976807e-18,0
2012-09-11,100,-0.004391495814917197,-0.0043914958149171,-9.627715291671279e-17,0
2012-09-12,100,0.0056208746468823624,0.0056208746468823,6.245004513516506e-17,0
2012-09-13,100,-0.016617414785774876,-0.0166174147857748,-7.632783294297951e-17,0
2012-09-14,100,0.003530668208741108,0.0035306682087411,7.806255641895632e-18,0
2012-09-17,100,-0.034168258850744745,-0.0341682588507447,-4.85722573273506e-17,0
2012-09-18,100,0.0011493846767996463,0.0011493846767996,4.640385298237959e-17,0
2012-09-19,100,0.010287272031286624,0.0102872720312866,2.42861286636753e-17,0
2012-09-20,100,-0.04072447593750047,-0.0407244759375004,-6.938893903907228e-17,0
2012-09-21,100,-0.012121167756987399,-0.0121211677569873,-9.8879238130678e-17,0
2012-09-24,100,0.0050514963543830385,0.005051496354383,3.8163916471489756e-17,0
2012-09-25,100,-0.009509663830098086,-0.009509663830098,-8.500145032286355e-17,0
2012-09-26,100,-0.030051069642966485,-0.0300510696429664,-8.673617379884035e-17,0
2012-09-27,100,0.02354251333355098,0.0235425133335509,7.979727989493313e-17,0
2012-09-28,100,0.019544807203509127,0.0195448072035091,2.7755575615628914e-17,0
2012-10-08,100,0.00380841421708761,0.0038084142170876,9.974659986866641e-18,0
2012-10-09,100,0.03162512060153552,0.0316251206015355,2.0816681711721685e-17,0
2012-10-10,100,0.017391225297121577,0.0173912252971215,7.632783294297951e-17,0
2012-10-11,100,-0.02259139566388254,-0.0225913956638825,-3.8163916471489756e-17,0
2012-10-12,100,0.0034665741010198457,0.0034665741010198,4.5536491244391186e-17,0
2012-10-15,100,-0.016120481236384317,-0.0161204812363843,-1.734723475976807e-17,0
2012-10-16,100,0.0029875311240376255,0.0029875311240376,2.5587171270657905e-17,0
2012-10-17,100,0.008077837002358992,0.0080778370023589,9.194034422677078e-17,0
2012-10-18,100,0.018810853246487628,0.0188108532464876,2.7755575615628914e-17,0
2012-10-19,100,0.0023652219614347814,0.0023652219614347,8.153200337090993e-17,0
2012-10-22,100,0.004437179933061777,0.0044371799330617,7.632783294297951e-17,0
2012-10-23,100,-0.011426386306511112,-0.0114263863065111,-1.214306433183765e-17,0
2012-10-24,100,-0.0022825718227277923,-0.0022825718227277,-9.237402509576498e-17,0
2012-10-25,100,-0.010857725006019454,-0.0108577250060194,-5.377642775528102e-17,0
2012-10-26,100,-0.026346050491079548,-0.0263460504910795,-4.85722573273506e-17,0
2012-10-29,100,-6.326245297732624e-05,-6.326245297732624e-05,0.0,0
2012-10-30,100,0.0011038036280137874,0.0011038036280137,8.738669510233166e-17,0
2012-10-31,100,0.0027421027865890566,0.002742102786589,5.681219383824043e-17,0
2012-11-01,100,0.018012322801668458,0.0180123228016684,5.898059818321144e-17,0
2012-11-02,100,0.004325379496296197,0.0043253794962961,9.627715291671279e-17,0
2012-11-05,100,0.0007615507922476516,0.0007615507922476,5.160802341031001e-17,0
2012-11-06,100,-0.005472757263998499,-0.0054727572639984,-9.8879238130678e-17,0
2012-11-07,100,0.0060641717557325635,0.0060641717557325,6.331740687315346e-17,0
2012-11-08,100,-0.029036633821621523,-0.0290366338216215,-2.42861286636753e-17,0
2012-11-09,100,0.0005578905991745164,0.0005578905991745,1.6479873021779667e-17,0
2012-11-12,100,0.014749185948036182,0.0147491859480361,8.153200337090993e-17,0
2012-11-13,100,-0.019850921986907456,-0.0198509219869074,-5.551115123125783e-17,0
2012-11-14,100,0.004494529085327945,0.0044945290853279,4.5102810375396984e-17,0
2012-11-15,100,-0.02057922863865049,-0.0205792286386504,-9.020562075079397e-17,0
2012-11-16,100,-0.0036653607629870645,-0.003665360762987,-6.461844948013606e-17,0
2012-11-19,100,0.008558434045544438,0.0085584340455444,3.8163916471489756e-17,0
2012-11-20,100,0.011260475776952503,0.0112604757769525,3.469446951953614e-18,0
2012-11-21,100,0.015578500864739418,0.0155785008647394,1.734723475976807e-17,0
2012-11-22,100,-0.0034962839968441907,-0.0034962839968441,-9.063930161978817e-17,0
2012-11-23,100,-0.00154696729706852,-0.0015469672970685,-1.9949319973733282e-17,0
2012-11-26,100,-0.016047122227388955,-0.0160471222273889,-5.551115123125783e-17,0
2012-11-27,100,-0.04954633687689475,-0.0495463368768947,-4.85722573273506e-17,0
2012-11-28,100,-0.024397568034799453,-0.0243975680347994,-5.204170427930421e-17,0
2012-11-29,100,-0.016464211387325248,-0.0164642113873252,-4.85722573273506e-17,0
2012-11-30,100,0.009830109448989701,0.0098301094489897,1.734723475976807e-18,0
2012-12-03,100,-0.032790025210368036,-0.032790025210368,-3.469446951953614e-17,0
2012-12-04,100,0.014588931605818535,0.0145889316058185,3.469446951953614e-17,0
2012-12-05,100,0.03619698148525398,0.0361969814852539,7.632783294297951e-17,0
2012-12-06,100,-0.001042606587729481,-0.0010426065877294,-8.088148206741863e-17,0
2012-12-07,100,0.02424257982126183,0.0242425798212618,3.122502256758253e-17,0
2012-12-10,100,0.023750088729127743,0.0237500887291277,4.163336342344337e-17,0
2012-12-11,100,-0.01017554561782155,-0.0101755456178215,-5.0306980803327406e-17,0
2012-12-12,100,0.00048270641346604527,0.000482706413466,4.526544070126981e-17,0
2012-12-13,100,-0.012307902259583567,-0.0123079022595835,-6.765421556309548e-17,0
2012-12-14,100,0.040527791396020516,0.0405277913960205,1.3877787807814457e-17,0
2012-12-17,100,0.00958966511466124,0.0095896651146612,3.9898639947466563e-17,0
2012-12-18,100,-0.0021860520503760774,-0.002186052050376,-7.719519468096792e-17,0
2012-12-19,100,0.004410315257176794,0.0044103152571767,9.454242944073599e-17,0
2012-12-20,100,0.008175585123393746,0.0081755851233937,4.5102810375396984e-17,0
2012-12-21,100,0.011802617530640347,0.0118026175306403,4.683753385137379e-17,0
2012-12-24,100,0.010300852710498956,0.0103008527104989,5.551115123125783e-17,0
2012-12-25,100,0.021862272129579266,0.0218622721295792,6.591949208711867e-17,0
2012-12-26,100,0.032240352616979086,0.032240352616979,8.326672684688674e-17,0
2012-12-27,100,-0.02267340130788095,-0.0226734013078809,-4.85722573273506e-17,0
2012-12-28,100,0.01241145546435963,0.0124114554643596,3.122502256758253e-17,0
2012-12-31,100,0.0008961331299671893,0.0008961331299671,8.922983879555701e-17,0
2013-01-04,100,0.0006587366208035794,0.0006587366208035,7.936359902593892e-17,0
2013-01-07,100,0.01678975459497924,0.0167897545949792,4.163336342344337e-17,0
2013-01-08,100,0.014409251755881251,0.0144092517558812,5.204170427930421e-17,0
2013-01-09,100,-0.002882889936937404,-0.0028828899369374,-3.903127820947816e-18,0
2013-01-10,100,0.00744665827519014,0.0074466582751901,3.9898639947466563e-17,0
2013-01-11,100,-0.008391325188807766,-0.0083913251888077,-6.591949208711867e-17,0
2013-01-14,100,0.03644521061278481,0.0364452106127848,6.938893903907228e-18,0
2013-01-15,100,0.01744641578990973,0.0174464157899097,3.122502256758253e-17,0
2013-01-16,100,-0.006032456138981639,-0.0060324561389816,-3.903127820947816e-17,0
2013-01-17,100,-0.008474333192225675,-0.0084743331922256,-7.45931094670027e-17,0
2013-01-18,100,0.010796719316200559,0.0107967193162005,5.898059818321144e-17,0
2013-01-21,100,0.008900595920554939,0.0089005959205549,3.8163916471489756e-17,0
2013-01-22,100,-0.024257259437090724,-0.0242572594370907,-2.42861286636753e-17,0
2013-01-23,100,-0.001068191940035268,-0.0010681919400352,-6.787105599759258e-17,0
2013-01-24,100,-0.030393164802823017,-0.030393164802823,-1.734723475976807e-17,0
2013-01-25,100,0.0006887757583944687,0.0006887757583944,6.873841773558098e-17,0
2013-01-28,100,0.026313427129891282,0.0263134271298912,8.326672684688674e-17,0
2013-01-29,100,0.008833565715137458,0.0088335657151374,5.724587470723463e-17,0
2013-01-30,100,-0.004119826203090323,-0.0041198262030903,-2.3418766925686896e-17,0
2013-01-31,100,-0.009641911827582226,-0.0096419118275822,-2.6020852139652106e-17,0
2013-02-01,100,0.009433869940334148,0.0094338699403341,4.85722573273506e-17,0
2013-02-04,100,-0.00616670177778896,-0.0061667017777889,-5.984795992119984e-17,0
2013-02-05,100,0.008439369129801177,0.0084393691298011,7.632783294297951e-17,0
2013-02-06,100,0.0073031696842555385,0.0073031696842555,3.8163916471489756e-17,0
2013-02-07,100,0.005756694776805619,0.0057566947768056,1.9081958235744878e-17,0
2013-02-08,100,0.012179932859540075,0.01217993285954,7.632783294297951e-17,0
2013-02-18,100,0.009589752990711603,0.0095897529907116,3.469446951953614e-18,0
2013-02-19,100,-0.014831223932680451,-0.0148312239326804,-5.204170427930421e-17,0
2013-02-20,100,0.018949804829674705,0.0189498048296747,3.469446951953614e-18,0
2013-02-21,100,-0.014701786523504233,-0.0147017865235042,-3.2959746043559335e-17,0
2013-02-22,100,0.003279152909609371,0.0032791529096093,7.112366251504909e-17,0
2013-02-25,100,0.012735834781072342,0.0127358347810723,4.163336342344337e-17,0
2013-02-26,100,-0.008750774911981991,-0.0087507749119819,-9.020562075079397e-17,0
2013-02-27,100,0.0012897905231088814,0.0012897905231088,8.131516293641283e-17,0
2013-02-28,100,0.01700435009202244,0.0170043500920224,3.8163916471489756e-17,0
2013-03-01,100,0.018061665546362012,0.018061665546362,1.3877787807814457e-17,0
2013-03-04,100,-0.029400312187284817,-0.0294003121872848,-1.734723475976807e-17,0
2013-03-05,100,0.02303938514929132,0.0230393851492913,2.0816681711721685e-17,0
2013-03-06,100,0.019641874881142177,0.0196418748811421,7.632783294297951e-17,0
2013-03-07,100,-0.012033186215010407,-0.0120331862150104,-6.938893903907228e-18,0
2013-03-08,100,-0.002069875725484834,-0.0020698757254848,-3.426078865054194e-17,0
2013-03-11,100,0.004108292852092565,0.0041082928520925,6.505213034913027e-17,0
2013-03-12,100,-0.03253821825675625,-0.0325382182567562,-4.85722573273506e-17,0
2013-03-13,100,-0.006728643519838682,-0.0067286435198386,-8.153200337090993e-17,0
2013-03-14,100,-0.002219808031822089,-0.002219808031822,-8.890457814381136e-17,0
2013-03-15,100,0.000996889410177242,0.0009968894101772,4.185020385794047e-17,0
2013-03-18,100,-0.018489916793254083,-0.018489916793254,-8.326672684688674e-17,0
2013-03-19,100,0.0011729236084935158,0.0011729236084935,1.5829351718288365e-17,0
2013-03-20,100,0.02392378833998424,0.0239237883399842,4.163336342344337e-17,0
2013-03-21,100,0.008862347986993376,0.0088623479869933,7.632783294297951e-17,0
2013-03-22,100,0.0038789637878934437,0.0038789637878934,4.380176776841438e-17,0
2013-03-25,100,-0.0006780193477739515,-0.0006780193477739,-5.149960319306146e-17,0
2013-03-26,100,-0.009475968492680223,-0.0094759684926802,-2.2551405187698492e-17,0
2013-03-27,100,0.0007875359264912674,0.0007875359264912,6.743737512859838e-17,0
2013-03-28,100,-0.03496625726506373,-0.0349662572650637,-2.7755575615628914e-17,0
2013-03-29,100,-0.004990754087807078,-0.004990754087807,-7.719519468096792e-17,0
2013-04-01,100,0.00440740998894406,0.004407409988944,5.984795992119984e-17,0
2013-04-02,100,-0.010943555470658181,-0.0109435554706581,-8.153200337090993e-17,0
2013-04-03,100,-0.015345650974210794,-0.0153456509742107,-9.367506770274758e-17,0
2013-04-08,100,-0.002000083603520112,-0.0020000836035201,-1.214306433183765e-17,0
2013-04-09,100,0.012805494765377299,0.0128054947653772,9.8879238130678e-17,0
2013-04-10,100,-0.003346427879733621,-0.0033464278797336,-2.0816681711721685e-17,0
2013-04-11,100,-0.001817907015692477,-0.0018179070156924,-7.697835424647081e-17,0
2013-04-12,100,-0.009560884514664978,-0.0095608845146649,-7.806255641895632e-17,0
2013-04-15,100,-0.014018500427343435,-0.0140185004273434,-3.469446951953614e-17,0
2013-04-16,100,0.014440162251366222,0.0144401622513662,2.2551405187698492e-17,0
2013-04-17,100,0.007252644244795456,0.0072526442447954,5.637851296924623e-17,0
2013-04-18,100,0.00766516195979658,0.0076651619597965,7.979727989493313e-17,0
2013-04-19,100,0.017640411514101076,0.017640411514101,7.632783294297951e-17,0
2013-04-22,100,0.007575878982101305,0.0075758789821013,5.204170427930421e-18,0
2013-04-23,100,-0.024644987828457345,-0.0246449878284573,-4.5102810375396984e-17,0
2013-04-24,100,0.02584730991191884,0.0258473099119188,4.163336342344337e-17,0
2013-04-25,100,-0.009367363549052607,-0.0093673635490526,-6.938893903907228e-18,0
2013-04-26,100,-0.01773953498337504,-0.017739534983375,-3.8163916471489756e-17,0
2013-05-02,100,0.00814511073387964,0.0081451107338796,3.9898639947466563e-17,0
2013-05-03,100,0.01967685498844402,0.019676854988444,2.0816681711721685e-17,0
2013-05-06,100,0.018987412882582374,0.0189874128825823,7.28583859910259e-17,0
2013-05-07,100,-0.003370510226665321,-0.0033705102266653,-2.0816681711721685e-17,0
2013-05-08,100,0.01708541497323522,0.0170854149732352,1.734723475976807e-17,0
2013-05-09,100,0.006041969707151603,0.0060419697071516,3.469446951953614e-18,0
2013-05-10,100,0.011576842561428309,0.0115768425614283,8.673617379884035e-18,0
2013-05-13,100,0.011351578505612005,0.011351578505612,5.204170427930421e-18,0
2013-05-14,100,-0.017589835720903082,-0.017589835720903,-8.326672684688674e-17,0
2013-05-15,100,0.021837564601906195,0.0218375646019061,9.367506770274758e-17,0
2013-05-16,100,-0.004515651674886494,-0.0045156516748864,-9.367506770274758e-17,0
2013-05-17,100,0.00013738081666477163,0.0001373808166647,7.16386585469797e-17,0
2013-05-20,100,0.01571261566529644,0.0157126156652964,3.8163916471489756e-17,0
2013-05-21,100,0.01460833976143212,0.0146083397614321,2.0816681711721685e-17,0
2013-05-22,100,-0.019271958308090507,-0.0192719583080905,-6.938893903907228e-18,0
2013-05-23,100,-0.0003109714146413467,-0.0003109714146413,-4.672911363412524e-17,0
2013-05-24,100,0.022192109983610528,0.0221921099836105,2.7755575615628914e-17,0
2013-05-27,100,0.0021221889214567036,0.0021221889214567,3.469446951953614e-18,0
2013-05-28,100,-0.012264936474482189,-0.0122649364744821,-8.847089727481716e-17,0
2013-05-29,100,0.008250138342813546,0.0082501383428135,4.5102810375396984e-17,0
2013-05-30,100,0.00733263328422885,0.0073326332842288,5.0306980803327406e-17,0
2013-05-31,100,-0.004677417407545171,-0.0046774174075451,-7.112366251504909e-17,0
2013-06-03,100,-0.009642624809229365,-0.0096426248092293,-6.418476861114186e-17,0
2013-06-04,100,-0.022603174084399172,-0.0226031740843991,-7.28583859910259e-17,0
2013-06-05,100,0.004590152596824012,0.004590152596824,1.214306433183765e-17,0
2013-06-06,100,-0.023804439573400983,-0.0238044395734009,-8.326672684688674e-17,0
2013-06-07,100,-0.00945138094406806,-0.009451380944068,-6.071532165918825e-17,0
2013-06-13,100,-0.023386729515816905,-0.0233867295158169,-3.469446951953614e-18,0
2013-06-14,100,0.023866700721213788,0.0238667007212137,8.673617379884035e-17,0
2013-06-17,100,0.003955265790526375,0.0039552657905263,7.45931094670027e-17,0
2013-06-18,100,0.002043074065060978,0.0020430740650609,7.806255641895632e-17,0
2013-06-19,100,-0.0034780327898008335,-0.0034780327898008,-3.3393426912553537e-17,0
2013-06-20,100,-0.02743218176837837,-0.0274321817683783,-7.28583859910259e-17,0
2013-06-21,100,-0.008825860527170278,-0.0088258605271702,-7.806255641895632e-17,0
2013-06-24,100,-0.05559437392337463,-0.0555943739233746,-2.7755575615628914e-17,0
2013-06-25,100,-0.005991293384645535,-0.0059912933846455,-3.469446951953614e-17,0
2013-06-26,100,0.023671878926985423,0.0236718789269854,2.42861286636753e-17,0
2013-06-27,100,-0.017499117948914737,-0.0174991179489147,-3.8163916471489756e-17,0
2013-06-28,100,-0.005290540761710493,-0.0052905407617104,-9.280770596475918e-17,0
2013-07-01,100,0.02375575095715426,0.0237557509571542,6.245004513516506e-17,0
2013-07-02,100,0.01571068394723737,0.0157106839472373,7.28583859910259e-17,0
2013-07-03,100,0.001920759100249122,0.0019207591002491,2.190088388420719e-17,0
2013-07-04,100,0.009621152584637005,0.009621152584637,5.204170427930421e-18,0
2013-07-05,100,-0.009263807868177711,-0.0092638078681777,-1.0408340855860843e-17,0
2013-07-08,100,-0.036635598201215126,-0.0366355982012151,-2.7755575615628914e-17,0
2013-07-09,100,0.008071117787228528,0.0080711177872285,2.7755575615628914e-17,0
2013-07-10,100,0.026815484483749343,0.0268154844837493,4.163336342344337e-17,0
2013-07-11,100,0.021572814742302247,0.0215728147423022,4.5102810375396984e-17,0
2013-07-12,100,0.00016668940669748111,0.0001666894066974,8.112542755622787e-17,0
2013-07-15,100,0.01897665037005686,0.0189766503700568,6.245004513516506e-17,0
2013-07-16,100,0.014676779174401116,0.0146767791744011,1.5612511283791264e-17,0
2013-07-17,100,-0.007009160074323823,-0.0070091600743238,-2.2551405187698492e-17,0
2013-07-18,100,0.009034875533037268,0.0090348755330372,6.765421556309548e-17,0
2013-07-19,100,-0.019898682336123397,-0.0198986823361233,-9.71445146547012e-17,0
2013-07-22,100,0.02418436983700061,0.0241843698370006,6.938893903907228e-18,0
2013-07-23,100,0.02052724747115108,0.020527247471151,7.979727989493313e-17,0
2013-07-24,100,0.009262528173709513,0.0092625281737095,1.214306433183765e-17,0
2013-07-25,100,-0.02588133804216082,-0.0258813380421608,-2.0816681711721685e-17,0
2013-07-26,100,0.0073748389961181895,0.0073748389961181,8.933825901280557e-17,0
2013-07-29,100,-0.009769401621493251,-0.0097694016214932,-5.204170427930421e-17,0
2013-07-30,100,0.002972768420636587,0.0029727684206365,8.716985466783456e-17,0
2013-07-31,100,0.009884741985210655,0.0098847419852106,5.551115123125783e-17,0
2013-08-01,100,0.03091365024408288,0.0309136502440828,7.979727989493313e-17,0
2013-08-02,100,0.012703118099432973,0.0127031180994329,7.28583859910259e-17,0
2013-08-05,100,0.011591596412113759,0.0115915964121137,5.898059818321144e-17,0
2013-08-06,100,0.01223858097589308,0.012238580975893,7.979727989493313e-17,0
2013-08-07,100,-0.011469974281605002,-0.011469974281605,-1.734723475976807e-18,0
2013-08-08,100,0.008934912472172629,0.0089349124721726,2.949029909160572e-17,0
2013-08-09,100,-0.0005497550744596469,-0.0005497550744596,-4.683753385137379e-17,0
2013-08-12,100,0.011800098683321401,0.0118000986833214,1.734723475976807e-18,0
2013-08-13,100,0.011322578529273174,0.0113225785292731,7.28583859910259e-17,0
2013-08-14,100,0.003296375571759316,0.0032963755717593,1.6046192152785466e-17,0
2013-08-15,100,-0.007774378480067,-0.007774378480067,0.0,0
2013-08-16,100,-0.0242216053035797,-0.0242216053035797,0.0,0
2013-08-19,100,0.021533190076242024,0.021533190076242,2.42861286636753e-17,0
2013-08-20,100,0.004516370205782334,0.0045163702057823,3.469446951953614e-17,0
2013-08-21,100,0.012564119971623718,0.0125641199716237,1.734723475976807e-17,0
2013-08-22,100,0.002714738224486737,0.0027147382244867,3.686287386450715e-17,0
2013-08-23,100,-0.004207727754117324,-0.0042077277541173,-2.3418766925686896e-17,0
2013-08-26,100,0.018656311901255083,0.018656311901255,8.326672684688674e-17,0
2013-08-27,100,0.009218870332825993,0.0092188703328259,9.367506770274758e-17,0
2013-08-28,100,-0.008033225330237051,-0.008033225330237,-5.0306980803327406e-17,0
2013-08-29,100,0.006015749576727157,0.0060157495767271,5.724587470723463e-17,0
2013-08-30,100,-0.014445496195976425,-0.0144454961959764,-2.42861286636753e-17,0
2013-09-02,100,0.011804969041891798,0.0118049690418917,9.71445146547012e-17,0
2013-09-03,100,0.012646619548959976,0.0126466195489599,7.632783294297951e-17,0
2013-09-04,100,0.0002820708413568285,0.0002820708413568,2.8514517136368767e-17,0
2013-09-05,100,0.0065203103057227575,0.0065203103057227,5.724587470723463e-17,0
2013-09-06,100,0.006781901982632316,0.0067819019826323,1.5612511283791264e-17,0
2013-09-09,100,0.00600160198044978,0.0060016019804497,7.979727989493313e-17,0
2013-09-10,100,0.0007990442357385952,0.0007990442357385,9.519295074422729e-17,0
2013-09-11,100,-0.01203413168638845,-0.0120341316863884,-5.0306980803327406e-17,0
2013-09-12,100,0.0025990236378166955,0.0025990236378166,9.540979117872439e-17,0
2013-09-13,100,0.006999949669620396,0.0069999496696203,9.540979117872439e-17,0
2013-09-16,100,0.007272611587050077,0.00727261158705,7.719519468096792e-17,0
2013-09-17,100,-0.013264267205257911,-0.0132642672052579,-1.0408340855860843e-17,0
2013-09-18,100,0.011359320167036302,0.0113593201670363,1.734723475976807e-18,0
2013-09-23,100,0.01897153668750993,0.0189715366875099,3.122502256758253e-17,0
2013-09-24,100,-0.00041696563864185407,-0.0004169656386418,-5.4047478298402396e-17,0
2013-09-25,100,-0.0026995979808879045,-0.0026995979808879,-4.336808689942018e-18,0
2013-09-26,100,-0.008241966199787443,-0.0082419661997874,-4.336808689942018e-17,0
2013-09-27,100,-0.0001661605140764366,-0.0001661605140764,-3.661892837569791e-17,0
2013-09-30,100,0.01207551012207678,0.0120755101220767,7.979727989493313e-17,0
2013-10-08,100,0.012218614010309027,0.012218614010309,2.7755575615628914e-17,0
2013-10-09,100,0.012137251100855053,0.012137251100855,5.377642775528102e-17,0
2013-10-10,100,-0.0073058072129450705,-0.007305807212945,-7.025630077706069e-17,0
2013-10-11,100,0.013476963792879269,0.0134769637928792,6.938893903907228e-17,0
2013-10-14,100,0.01043880797856113,0.0104388079785611,2.949029909160572e-17,0
2013-10-15,100,-0.004015038193779724,-0.0040150381937797,-2.42861286636753e-17,0
2013-10-16,100,-0.027081322475062786,-0.0270813224750627,-8.673617379884035e-17,0
2013-10-17,100,0.007879311576132765,0.0078793115761327,6.418476861114186e-17,0
2013-10-18,100,0.007939881173878637,0.0079398811738786,3.642919299551295e-17,0
2013-10-21,100,0.023794435586421386,0.0237944355864213,8.673617379884035e-17,0
2013-10-22,100,0.0016935754936510373,0.001693575493651,3.729655473350135e-17,0
2013-10-23,100,-0.019662461487769012,-0.019662461487769,-1.0408340855860843e-17,0
2013-10-24,100,-0.004431303864933177,-0.0044313038649331,-7.719519468096792e-17,0
2013-10-25,100,-0.014239328263847283,-0.0142393282638472,-8.326672684688674e-17,0
2013-10-28,100,-0.0008618736678892014,-0.0008618736678892,-1.4094628242311558e-18,0
2013-10-29,100,-0.032341134072531114,-0.0323411340725311,-1.3877787807814457e-17,0
2013-10-30,100,0.019555801302495943,0.0195558013024959,4.163336342344337e-17,0
2013-10-31,100,9.894155282076933e-05,9.894155282076932e-05,1.3552527156068805e-20,0
2013-11-01,100,-0.002395858989487408,-0.0023958589894874,-8.239936510889834e-18,0
2013-11-04,100,0.010412311113571646,0.0104123111135716,4.5102810375396984e-17,0
2013-11-05,100,0.01294311883710725,0.0129431188371072,5.0306980803327406e-17,0
2013-11-06,100,-0.003526553636210286,-0.0035265536362102,-8.586881206085195e-17,0
2013-11-07,100,-0.006064684150662023,-0.006064684150662,-2.2551405187698492e-17,0
2013-11-08,100,-0.006724573253869146,-0.0067245732538691,-4.597017211338539e-17,0
2013-11-11,100,0.017871087386939547,0.0178710873869395,4.85722573273506e-17,0
2013-11-12,100,0.014499046432291295,0.0144990464322912,9.540979117872439e-17,0
2013-11-13,100,-0.012949127612215424,-0.0129491276122154,-2.42861286636753e-17,0
2013-11-14,100,0.023197267847024774,0.0231972678470247,7.28583859910259e-17,0
2013-11-15,100,0.018819134853065148,0.0188191348530651,4.85722573273506e-17,0
2013-11-18,100,0.016514761778305895,0.0165147617783058,9.367506770274758e-17,0
2013-11-19,100,0.0068302490221860065,0.006830249022186,6.938893903907228e-18,0
2013-11-20,100,0.008301622961762402,0.0083016229617624,1.734723475976807e-18,0
2013-11-21,100,-0.0033148905079272385,-0.0033148905079272,-3.859759734048396e-17,0
2013-11-22,100,-0.003345764075996387,-0.0033457640759963,-8.673617379884035e-17,0
2013-11-25,100,0.006166488313046562,0.0061664883130465,6.245004513516506e-17,0
2013-11-26,100,0.016688296400184398,0.0166882964001843,9.71445146547012e-17,0
2013-11-27,100,0.01264584918858925,0.0126458491885892,5.0306980803327406e-17,0
2013-11-28,100,0.007136695598596753,0.0071366955985967,5.2909066017292616e-17,0
2013-11-29,100,0.01808691917230961,0.0180869191723096,1.0408340855860843e-17,0
2013-12-02,100,-0.06556242091135997,-0.0655624209113599,-6.938893903907228e-17,0
2013-12-03,100,0.011560010180632683,0.0115600101806326,8.326672684688674e-17,0
2013-12-04,100,0.014228053040606982,0.0142280530406069,8.153200337090993e-17,0
2013-12-05,100,0.0001989963640211645,0.0001989963640211,6.451002926288751e-17,0
2013-12-06,100,-0.0003986877250270282,-0.000398687725027,-2.8189256484623115e-17,0
2013-12-09,100,0.01426237031828944,0.0142623703182894,3.9898639947466563e-17,0
2013-12-10,100,0.0018304411245324826,0.0018304411245324,8.261620554339544e-17,0
2013-12-11,100,-0.009933682436786204,-0.0099336824367862,-3.469446951953614e-18,0
2013-12-12,100,0.008690526642129619,0.0086905266421296,1.9081958235744878e-17,0
2013-12-13,100,0.00900700721447263,0.0090070072144726,2.949029909160572e-17,0
2013-12-16,100,-0.009687697860132221,-0.0096876978601322,-2.0816681711721685e-17,0
2013-12-17,100,-0.0002825355914328831,-0.0002825355914328,-8.304988641238964e-17,0
2013-12-18,100,-0.0013480191140391184,-0.0013480191140391,-1.8431436932253575e-17,0
2013-12-19,100,-0.005638401858599085,-0.005638401858599,-8.500145032286355e-17,0
2013-12-20,100,-0.01277496783386215,-0.0127749678338621,-4.85722573273506e-17,0
2013-12-23,100,-0.007894516161927038,-0.007894516161927,-3.8163916471489756e-17,0
2013-12-24,100,0.013939604979149534,0.0139396049791495,3.2959746043559335e-17,0
2013-12-25,100,0.018596306173750868,0.0185963061737508,6.938893903907228e-17,0
2013-12-26,100,-0.014615303451856824,-0.0146153034518568,-2.42861286636753e-17,0
2013-12-27,100,0.02463326312349561,0.0246332631234956,6.938893903907228e-18,0
2013-12-30,100,0.015571339231858872,0.0155713392318588,7.28583859910259e-17,0
2013-12-31,100,0.0016653049652491049,0.0016653049652491,4.7704895589362195e-18,0
2014-01-02,100,0.01584216510198448,0.0158421651019844,8.326672684688674e-17,0
2014-01-03,100,-0.0011615107436428974,-0.0011615107436428,-9.73613550891983e-17,0
2014-01-06,100,-0.028904322511701122,-0.0289043225117011,-2.0816681711721685e-17,0
2014-01-07,100,0.009168968987025839,0.0091689689870258,3.9898639947466563e-17,0
2014-01-08,100,0.006574423147784319,0.0065744231477843,1.9081958235744878e-17,0
2014-01-09,100,-0.019977530136980674,-0.0199775301369806,-7.28583859910259e-17,0
2014-01-10,100,-0.021948559866513086,-0.021948559866513,-8.673617379884035e-17,0
2014-01-13,100,-0.0003059415520428088,-0.0003059415520428,-8.836247705756861e-18,0
2014-01-14,100,0.024539970661691682,0.0245399706616916,8.326672684688674e-17,0
2014-01-15,100,0.009373518853244922,0.0093735188532449,2.2551405187698492e-17,0
2014-01-16,100,0.0017604120068723706,0.0017604120068723,7.047314121155779e-17,0
2014-01-17,100,-0.004316692605031687,-0.0043166926050316,-8.673617379884035e-17,0
2014-01-20,100,-0.006932583536304394,-0.0069325835363043,-9.367506770274758e-17,0
2014-01-21,100,0.014052507986432086,0.014052507986432,8.500145032286355e-17,0
2014-01-22,100,0.0182947661415776,0.0182947661415776,0.0,0
2014-01-23,100,0.00643785828247925,0.0064378582824792,5.0306980803327406e-17,0
2014-01-24,100,0.011256892629112168,0.0112568926291121,6.765421556309548e-17,0
2014-01-27,100,-0.00038083040671967993,-0.0003808304067196,-7.990570011218168e-17,0
2014-01-28,100,-0.0020551582648064225,-0.0020551582648064,-2.2551405187698492e-17,0
2014-01-29,100,0.013891695151703666,0.0138916951517036,6.591949208711867e-17,0
2014-01-30,100,-0.0033940568972760086,-0.003394056897276,-8.673617379884035e-18,0
2014-02-07,100,0.015003352342843961,0.0150033523428439,6.071532165918825e-17,0
2014-02-10,100,0.023777245613824147,0.0237772456138241,4.5102810375396984e-17,0
2014-02-11,100,0.0018470349703804255,0.0018470349703804,2.5587171270657905e-17,0
2014-02-12,100,0.0190034735575983,0.0190034735575983,0.0,0
2014-02-13,100,-0.010467203223083157,-0.0104672032230831,-5.724587470723463e-17,0
2014-02-14,100,0.026130236314333515,0.0261302363143335,1.3877787807814457e-17,0
2014-02-17,100,0.0204893333504435,0.0204893333504435,0.0,0
2014-02-18,100,0.005614010517738399,0.0056140105177383,9.8879238130678e-17,0
2014-02-19,100,0.0012005927532783278,0.0012005927532783,2.7755575615628914e-17,0
2014-02-20,100,-0.015058203615972153,-0.0150582036159721,-5.204170427930421e-17,0
2014-02-21,100,-0.0038994088581914533,-0.0038994088581914,-5.334274688628682e-17,0
2014-02-24,100,0.006515515647009989,0.0065155156470099,8.933825901280557e-17,0
2014-02-25,100,-0.04022574123649085,-0.0402257412364908,-4.85722573273506e-17,0
2014-02-26,100,0.009754358253134409,0.0097543582531344,8.673617379884035e-18,0
2014-02-27,100,-0.007750164676514816,-0.0077501646765148,-1.5612511283791264e-17,0
2014-02-28,100,0.011195878054058727,0.0111958780540587,2.7755575615628914e-17,0
2014-03-03,100,0.02002328653250945,0.0200232865325094,5.204170427930421e-17,0
2014-03-04,100,0.0034537103184616546,0.0034537103184616,5.4643789493269423e-17,0
2014-03-05,100,0.0009744637155264047,0.0009744637155264,4.662069341687669e-18,0
2014-03-06,100,0.0027929990308750772,0.002792999030875,7.719519468096792e-17,0
2014-03-07,100,-0.0017487639381985598,-0.0017487639381985,-5.984795992119984e-17,0
2014-03-10,100,-0.03301261306659818,-0.0330126130665981,-8.326672684688674e-17,0
2014-03-11,100,0.0065977362301313765,0.0065977362301313,7.632783294297951e-17,0
2014-03-12,100,0.00176965370301713,0.0017696537030171,2.992397996059992e-17,0
2014-03-13,100,0.01008689475798163,0.0100868947579816,2.949029909160572e-17,0
2014-03-14,100,8.475024448061586e-05,8.475024448061586e-05,0.0,0
2014-03-17,100,0.02055019999775966,0.0205501999977596,6.245004513516506e-17,0
2014-03-18,100,0.0040762936494559854,0.0040762936494559,8.586881206085195e-17,0
2014-03-19,100,0.012663265742524717,0.0126632657425247,1.734723475976807e-17,0
2014-03-20,100,-0.02056666704736016,-0.0205666670473601,-6.245004513516506e-17,0
2014-03-21,100,0.019054124862144566,0.0190541248621445,6.591949208711867e-17,0
2014-03-24,100,0.00993088692181848,0.0099308869218184,8.153200337090993e-17,0
2014-03-25,100,0.0018040640641116723,0.0018040640641116,7.24247051220317e-17,0
2014-03-26,100,0.0050075604117425475,0.0050075604117425,4.7704895589362195e-17,0
2014-03-27,100,-0.01149611821832298,-0.0114961182183229,-8.153200337090993e-17,0
2014-03-28,100,-0.02191460516259192,-0.0219146051625919,-2.0816681711721685e-17,0
2014-03-31,100,-0.011287469559627353,-0.0112874695596273,-5.204170427930421e-17,0
2014-04-01,100,0.016169697951616924,0.0161696979516169,2.42861286636753e-17,0
2014-04-02,100,-0.0008605120637660346,-0.000860512063766,-3.458604930228759e-17,0
2014-04-03,100,0.002608024234805584,0.0026080242348055,8.370040771588094e-17,0
2014-04-04,100,0.011833639156229257,0.0118336391562292,5.724587470723463e-17,0
2014-04-08,100,0.009795007291987599,0.0097950072919875,9.8879238130678e-17,0
2014-04-09,100,0.009390730364865547,0.0093907303648655,4.683753385137379e-17,0
2014-04-10,100,0.00014344697160848186,0.0001434469716084,8.185726402265558e-17,0
2014-04-11,100,0.005741221443464557,0.0057412214434645,5.724587470723463e-17,0
2014-04-14,100,0.014201079091941224,0.0142010790919412,2.42861286636753e-17,0
2014-04-15,100,-0.0065033369704197395,-0.0065033369704197,-3.9898639947466563e-17,0
2014-04-16,100,0.004906566808227386,0.0049065668082273,8.586881206085195e-17,0
2014-04-17,100,0.0018186968330906983,0.0018186968330906,9.82287168271867e-17,0
2014-04-18,100,0.004266121128461859,0.0042661211284618,5.898059818321144e-17,0
2014-04-21,100,-0.013659117509243314,-0.0136591175092433,-1.3877787807814457e-17,0
2014-04-22,100,-0.006476732955666052,-0.006476732955666,-5.204170427930421e-17,0
2014-04-23,100,0.0013305063056764743,0.0013305063056764,7.43762690325056e-17,0
2014-04-24,100,-0.0015819485123124055,-0.0015819485123124,-5.421010862427522e-18,0
2014-04-25,100,-0.024073084179157073,-0.024073084179157,-7.28583859910259e-17,0
2014-04-28,100,-0.03540597416071982,-0.0354059741607198,-2.0816681711721685e-17,0
2014-04-29,100,0.018889964160961777,0.0188899641609617,7.632783294297951e-17,0
2014-04-30,100,0.015159503099895775,0.0151595030998957,7.45931094670027e-17,0
2014-05-05,100,0.01651560195044622,0.0165156019504462,2.0816681711721685e-17,0
2014-05-06,100,0.004929848960059558,0.0049298489600595,5.724587470723463e-17,0
2014-05-07,100,-0.01418529847394519,-0.0141852984739451,-9.020562075079397e-17,0
2014-05-08,100,0.008453720838628694,0.0084537208386286,9.367506770274758e-17,0
2014-05-09,100,0.0001546508293446669,0.0001546508293446,6.689527404235562e-17,0
2014-05-12,100,0.020505258993244777,0.0205052589932447,7.632783294297951e-17,0
2014-05-13,100,-0.006118707044593711,-0.0061187070445937,-1.0408340855860843e-17,0
2014-05-14,100,0.0005471030991022851,0.0005471030991022,8.51098705401121e-17,0
2014-05-15,100,-0.02085630368114387,-0.0208563036811438,-6.938893903907228e-17,0
2014-05-16,100,0.003977602756321573,0.0039776027563215,7.37257477290143e-17,0
2014-05-19,100,0.0022656981843926904,0.0022656981843926,9.020562075079397e-17,0
2014-05-20,100,0.005375038486825563,0.0053750384868255,6.331740687315346e-17,0
2014-05-21,100,0.009229002841136985,0.0092290028411369,8.500145032286355e-17,0
2014-05-22,100,-0.0010279284027073798,-0.0010279284027073,-7.979727989493313e-17,0
2014-05-23,100,0.003003653684956686,0.0030036536849566,8.630249292984615e-17,0
2014-05-26,100,0.010680554617436302,0.0106805546174363,1.734723475976807e-18,0
2014-05-27,100,-0.005487943332329216,-0.0054879433323292,-1.5612511283791264e-17,0
2014-05-28,100,0.0017657268095895684,0.0017657268095895,6.830473686658678e-17,0
2014-05-29,100,-0.011625720960750222,-0.0116257209607502,-2.0816681711721685e-17,0
2014-05-30,100,0.007756190435510879,0.0077561904355108,7.892991815694472e-17,0
2014-06-03,100,0.0022049913671528176,0.0022049913671528,1.7780915628762273e-17,0
2014-06-04,100,-0.008635745156062132,-0.0086357451560621,-3.2959746043559335e-17,0
2014-06-05,100,0.015381933463194821,0.0153819334631948,2.0816681711721685e-17,0
2014-06-06,100,0.0023737300006683626,0.0023737300006683,6.245004513516506e-17,0
2014-06-09,100,0.0005930189625955729,0.0005930189625955,7.28583859910259e-17,0
2014-06-10,100,0.013053997390087129,0.0130539973900871,2.949029909160572e-17,0
2014-06-11,100,-0.001898967131394158,-0.0018989671313941,-5.811323644522304e-17,0
2014-06-12,100,-0.001703607872831382,-0.0017036078728313,-8.196568423990414e-17,0
2014-06-13,100,0.012674658628906094,0.012674658628906,9.367506770274758e-17,0
2014-06-16,100,0.008289309896135723,0.0082893098961357,2.2551405187698492e-17,0
2014-06-17,100,-0.000639488904140042,-0.00063948890414,-4.206704429243757e-17,0
2014-06-18,100,-0.006662008918272558,-0.0066620089182725,-5.811323644522304e-17,0
2014-06-19,100,-0.03130051128856853,-0.0313005112885685,-3.469446951953614e-17,0
2014-06-20,100,0.014015641266636228,0.0140156412666362,2.7755575615628914e-17,0
2014-06-23,100,0.015932616852097608,0.0159326168520976,6.938893903907228e-18,0
2014-06-24,100,0.008975782583417146,0.0089757825834171,4.683753385137379e-17,0
2014-06-25,100,0.0010328702600278683,0.0010328702600278,6.830473686658678e-17,0
2014-06-26,100,0.017744726397819224,0.0177447263978192,2.42861286636753e-17,0
2014-06-27,100,0.01026412710224846,0.0102641271022484,5.898059818321144e-17,0
2014-06-30,100,0.007174272038666527,0.0071742720386665,2.688821387764051e-17,0
2014-07-01,100,0.007008254066391895,0.0070082540663918,9.454242944073599e-17,0
2014-07-02,100,0.00449249880652586,0.0044924988065258,5.984795992119984e-17,0
2014-07-03,100,0.006856183794526341,0.0068561837945263,4.0766001685454967e-17,0
2014-07-04,100,0.0015807461758936003,0.0015807461758936,2.168404344971009e-19,0
2014-07-07,100,0.005989376056413463,0.0059893760564134,6.245004513516506e-17,0
2014-07-08,100,0.010244347595459532,0.0102443475954595,3.122502256758253e-17,0
2014-07-09,100,-0.01561391972738789,-0.0156139197273878,-9.020562075079397e-17,0
2014-07-10,100,0.01096919700154349,0.0109691970015434,8.847089727481716e-17,0
2014-07-11,100,0.01020112734344943,0.0102011273434494,2.949029909160572e-17,0
2014-07-14,100,0.01424787782201953,0.0142478778220195,2.949029909160572e-17,0
2014-07-15,100,-0.0027862318753555325,-0.0027862318753555,-3.252606517456513e-17,0
2014-07-16,100,-0.008370929623204423,-0.0083709296232044,-2.2551405187698492e-17,0
2014-07-17,100,-0.00043777790597288925,-0.0004377779059728,-8.922983879555701e-17,0
2014-07-18,100,0.003663005679068729,0.0036630056790687,2.905661822261152e-17,0
2014-07-21,100,0.0006422289579259966,0.0006422289579259,9.660241356845845e-17,0
2014-07-22,100,0.005273408787731809,0.0052734087877318,8.673617379884035e-18,0
2014-07-23,100,-0.010234105597069583,-0.0102341055970695,-8.326672684688674e-17,0
2014-07-24,100,-0.004133493441815984,-0.0041334934418159,-8.413408858487514e-17,0
2014-07-25,100,0.014193766385469908,0.0141937663854699,6.938893903907228e-18,0
2014-07-28,100,0.013141470636995752,0.0131414706369957,5.204170427930421e-17,0
2014-07-29,100,0.011656036144880364,0.0116560361448803,6.418476861114186e-17,0
2014-07-30,100,0.005005484031843493,0.0050054840318434,9.367506770274758e-17,0
2014-07-31,100,0.00911876192481275,0.0091187619248127,5.0306980803327406e-17,0
2014-08-01,100,-0.0067022470180858155,-0.0067022470180858,-1.5612511283791264e-17,0
2014-08-04,100,0.014372825675789102,0.0143728256757891,1.734723475976807e-18,0
2014-08-05,100,0.008648380180631911,0.0086483801806319,1.0408340855860843e-17,0
2014-08-06,100,0.004576313281475632,0.0045763132814756,3.209238430557093e-17,0
2014-08-07,100,-0.01042710189076215,-0.0104271018907621,-4.85722573273506e-17,0
2014-08-08,100,0.011296537507923752,0.0112965375079237,5.204170427930421e-17,0
2014-08-11,100,0.014105617455495559,0.0141056174554955,5.898059818321144e-17,0
2014-08-12,100,0.006624337712574645,0.0066243377125746,4.5102810375396984e-17,0
2014-08-13,100,0.0021642478336893044,0.0021642478336893,4.336808689942018e-18,0
2014-08-14,100,-0.0019475454729791942,-0.0019475454729791,-9.410874857174178e-17,0
2014-08-15,100,0.0159333239326333,0.0159333239326333,0.0,0
2014-08-18,100,0.02119698950854038,0.0211969895085403,7.979727989493313e-17,0
2014-08-19,100,0.005892659616601484,0.0058926596166014,8.413408858487514e-17,0
2014-08-20,100,0.0007629582718325711,0.0007629582718325,7.112366251504909e-17,0
2014-08-21,100,0.0035635268496430174,0.003563526849643,1.734723475976807e-17,0
2014-08-22,100,0.01256739369010637,0.0125673936901063,6.938893903907228e-17,0
2014-08-25,100,-0.005430877835481852,-0.0054308778354818,-5.204170427930421e-17,0
2014-08-26,100,-0.021840919745078517,-0.0218409197450785,-1.734723475976807e-17,0
2014-08-27,100,0.010747810293700668,0.0107478102937006,6.765421556309548e-17,0
2014-08-28,100,-0.008142774841080393,-0.0081427748410803,-9.367506770274758e-17,0
2014-08-29,100,0.013620748824846183,0.0136207488248461,8.326672684688674e-17,0
2014-09-01,100,0.022819589871986342,0.0228195898719863,4.163336342344337e-17,0
2014-09-02,100,0.014185444342777414,0.0141854443427774,1.3877787807814457e-17,0
2014-09-03,100,0.009991923613715013,0.009991923613715,1.214306433183765e-17,0
2014-09-04,100,0.012580153722585464,0.0125801537225854,6.418476861114186e-17,0
2014-09-05,100,0.005507217681623191,0.0055072176816231,9.107298248878237e-17,0
2014-09-09,100,0.00841228255130176,0.0084122825513017,5.898059818321144e-17,0
2014-09-10,100,0.015320235261434743,0.0153202352614347,4.336808689942018e-17,0
2014-09-11,100,0.0010901368445406978,0.0010901368445406,9.77950359581925e-17,0
2014-09-12,100,0.018335118897208416,0.0183351188972084,1.734723475976807e-17,0
2014-09-15,100,0.016942388614706504,0.0169423886147065,3.469446951953614e-18,0
2014-09-16,100,-0.03369710966153866,-0.0336971096615386,-6.245004513516506e-17,0
2014-09-17,100,0.016631844802070916,0.0166318448020709,1.734723475976807e-17,0
2014-09-18,100,0.008872898403802483,0.0088728984038024,8.326672684688674e-17,0
2014-09-19,100,0.015260971604689526,0.0152609716046895,2.6020852139652106e-17,0
2014-09-22,100,-0.011613604101115,-0.011613604101115,0.0,0
2014-09-23,100,0.017158245126820897,0.0171582451268208,9.71445146547012e-17,0
2014-09-24,100,0.0170051983501123,0.0170051983501123,0.0,0
2014-09-25,100,0.0017972791080363138,0.0017972791080363,1.3877787807814457e-17,0
2014-09-26,100,0.007760615355398643,0.0077606153553986,4.336808689942018e-17,0
2014-09-29,100,0.016114522107884575,0.0161145221078845,7.632783294297951e-17,0
2014-09-30,100,0.016019840673384123,0.0160198406733841,2.42861286636753e-17,0
2014-10-08,100,0.009257223443084866,0.0092572234430848,6.591949208711867e-17,0
2014-10-09,100,-0.00018423167221041204,-0.0001842316722104,-1.2034644114589099e-17,0
2014-10-10,100,-0.0014139140579265952,-0.0014139140579265,-9.519295074422729e-17,0
2014-10-13,100,0.0027064921946764577,0.0027064921946764,5.767955557622884e-17,0
2014-10-14,100,-0.001198239100183033,-0.001198239100183,-3.2959746043559335e-17,0
2014-10-15,100,0.005706518728989582,0.0057065187289895,8.239936510889834e-17,0
2014-10-16,100,-0.00968584719984951,-0.0096858471998495,-8.673617379884035e-18,0
2014-10-17,100,-0.018060972695634933,-0.0180609726956349,-3.469446951953614e-17,0
2014-10-20,100,0.01048120448699595,0.0104812044869959,5.0306980803327406e-17,0
2014-10-21,100,-0.006054860155105991,-0.0060548601551059,-9.107298248878237e-17,0
2014-10-22,100,-0.014925310165024625,-0.0149253101650246,-2.42861286636753e-17,0
2014-10-23,100,-0.02411528373618115,-0.0241152837361811,-4.85722573273506e-17,0
2014-10-24,100,0.005496118324948713,0.0054961183249487,1.3010426069826053e-17,0
2014-10-27,100,0.00973247871660161,0.0097324787166016,1.0408340855860843e-17,0
2014-10-28,100,0.03145629027607596,0.0314562902760759,5.551115123125783e-17,0
2014-10-29,100,0.013316139585394135,0.0133161395853941,3.469446951953614e-17,0
2014-10-30,100,0.0011413943373809333,0.0011413943373809,3.3393426912553537e-17,0
2014-10-31,100,0.0019245250225216925,0.0019245250225216,9.237402509576498e-17,0
2014-11-03,100,0.0143557348487888,0.0143557348487888,0.0,0
2014-11-04,100,0.0006705139087499401,0.0006705139087499,4.0115480381963664e-17,0
2014-11-05,100,0.004488531659161094,0.004488531659161,9.454242944073599e-17,0
2014-11-06,100,0.00969055242140137,0.0096905524214013,6.938893903907228e-17,0
2014-11-07,100,-0.005372928178841406,-0.0053729281788414,-6.071532165918825e-18,0
2014-11-10,100,0.0030525355041077706,0.0030525355041077,7.068998164605489e-17,0
2014-11-11,100,-0.03213038924832046,-0.0321303892483204,-5.551115123125783e-17,0
2014-11-12,100,0.020178624465167667,0.0201786244651676,6.591949208711867e-17,0
2014-11-13,100,-0.013659850938202434,-0.0136598509382024,-3.2959746043559335e-17,0
2014-11-14,100,-0.0021585711534915274,-0.0021585711534915,-2.7321894746634712e-17,0
2014-11-17,100,0.016836902462475423,0.0168369024624754,2.42861286636753e-17,0
2014-11-18,100,0.006188855859442841,0.0061888558594428,4.0766001685454967e-17,0
2014-11-19,100,0.008253286222305128,0.0082532862223051,2.7755575615628914e-17,0
2014-11-20,100,0.0011783522678828883,0.0011783522678828,8.825405684032006e-17,0
2014-11-21,100,0.011218747383635035,0.011218747383635,3.469446951953614e-17,0
2014-11-24,100,0.009539917437436781,0.0095399174374367,8.153200337090993e-17,0
2014-11-25,100,0.014606739470085048,0.014606739470085,4.85722573273506e-17,0
2014-11-26,100,0.005727093903801138,0.0057270939038011,3.8163916471489756e-17,0
2014-11-27,100,0.009622851991134936,0.0096228519911349,3.642919299551295e-17,0
2014-11-28,100,0.0023933928893150203,0.002393392889315,2.0383000842727483e-17,0
2014-12-01,100,-0.014895087332640961,-0.0148950873326409,-6.071532165918825e-17,0
2014-12-02,100,0.011512012145331317,0.0115120121453313,1.734723475976807e-17,0
2014-12-03,100,0.0010528481314169957,0.0010528481314169,9.562663161322149e-17,0
2014-12-04,100,0.006069437698525244,0.0060694376985252,4.423544863740858e-17,0
2014-12-05,100,-0.03651014290945023,-0.0365101429094502,-3.469446951953614e-17,0
2014-12-08,100,-0.012546375938302465,-0.0125463759383024,-6.591949208711867e-17,0
2014-12-09,100,-0.04405014868489912,-0.0440501486848991,-2.0816681711721685e-17,0
2014-12-10,100,0.026910039192142257,0.0269100391921422,5.551115123125783e-17,0
2014-12-11,100,0.013227864994954786,0.0132278649949547,8.500145032286355e-17,0
2014-12-12,100,0.012164038604298164,0.0121640386042981,6.418476861114186e-17,0
2014-12-15,100,0.016213874992071053,0.016213874992071,5.204170427930421e-17,0
2014-12-16,100,-0.007187878695890148,-0.0071878786958901,-4.85722573273506e-17,0
2014-12-17,100,-0.02070226670766623,-0.0207022667076662,-3.122502256758253e-17,0
2014-12-18,100,-0.006471540330152467,-0.0064715403301524,-6.678685382510707e-17,0
2014-12-19,100,-0.016731257821769572,-0.0167312578217695,-7.28583859910259e-17,0
2014-12-22,100,-0.059893640993065184,-0.0598936409930651,-8.326672684688674e-17,0
2014-12-23,100,-0.005395361547562658,-0.0053953615475626,-5.811323644522304e-17,0
2014-12-24,100,0.025053783507278084,0.025053783507278,8.326672684688674e-17,0
2014-12-25,100,0.011639916753606917,0.0116399167536069,1.734723475976807e-17,0
2014-12-26,100,0.00042050293107835255,0.0004205029310783,5.252959525692269e-17,0
2014-12-29,100,-0.01728068062277051,-0.0172806806227705,-6.938893903907228e-18,0
2014-12-30,100,-0.01360599057254208,-0.013605990572542,-7.979727989493313e-17,0
2014-12-31,100,0.006139096661283589,0.0061390966612835,8.847089727481716e-17,0
2015-01-05,100,0.0020399398965992234,0.0020399398965992,2.3418766925686896e-17,0
2015-01-06,100,0.020239342463444217,0.0202393424634442,1.734723475976807e-17,0
2015-01-07,100,-0.0023192484408037406,-0.0023192484408037,-4.0766001685454967e-17,0
2015-01-08,100,0.0005309394719790184,0.000530939471979,1.8431436932253575e-17,0
2015-01-09,100,-0.008952484445137084,-0.008952484445137,-8.326672684688674e-17,0
2015-01-12,100,-0.017256936853834046,-0.017256936853834,-4.5102810375396984e-17,0
2015-01-13,100,0.016303145041565714,0.0163031450415657,1.3877787807814457e-17,0
2015-01-14,100,-0.0045142721962003465,-0.0045142721962003,-4.683753385137379e-17,0
2015-01-15,100,0.005773241986236724,0.0057732419862367,2.42861286636753e-17,0
2015-01-16,100,0.010110829071129661,0.0101108290711296,6.071532165918825e-17,0
2015-01-19,100,-0.015220060758481244,-0.0152200607584812,-4.336808689942018e-17,0
2015-01-20,100,0.03214889378462895,0.0321488937846289,4.85722573273506e-17,0
2015-01-21,100,0.02287231217131726,0.0228723121713172,6.245004513516506e-17,0
2015-01-22,100,0.015134855492685492,0.0151348554926854,9.194034422677078e-17,0
2015-01-23,100,-0.004397525300602643,-0.0043975253006026,-4.2500725161431774e-17,0
2015-01-26,100,0.017903146544992043,0.017903146544992,4.163336342344337e-17,0
2015-01-27,100,0.009129701325529904,0.0091297013255299,3.469446951953614e-18,0
2015-01-28,100,0.004520933565215193,0.0045209335652151,9.280770596475918e-17,0
2015-01-29,100,-0.0026376152922992636,-0.0026376152922992,-6.375108774214766e-17,0
2015-01-30,100,-0.009781155465491902,-0.0097811554654919,-1.734723475976807e-18,0
2015-02-02,100,0.0007844326367676502,0.0007844326367676,5.0198560586078855e-17,0
2015-02-03,100,0.01700236368542746,0.0170023636854274,6.245004513516506e-17,0
2015-02-04,100,0.0016690261011734508,0.0016690261011734,5.074066167232161e-17,0
2015-02-05,100,-0.0007174367960737882,-0.0007174367960737,-8.814563662307151e-17,0
2015-02-06,100,-0.012096754399436778,-0.0120967543994367,-7.806255641895632e-17,0
2015-02-09,100,-0.004783250499403429,-0.0047832504994034,-2.949029909160572e-17,0
2015-02-10,100,0.008820573795052444,0.0088205737950524,4.336808689942018e-17,0
2015-02-11,100,0.012316910535886563,0.0123169105358865,6.245004513516506e-17,0
2015-02-12,100,0.008528889583668908,0.0085288895836689,8.673617379884035e-18,0
2015-02-13,100,0.015058018733916805,0.0150580187339168,5.204170427930421e-18,0
2015-02-16,100,0.014531937138624601,0.0145319371386246,1.734723475976807e-18,0
2015-02-17,100,0.0031392787977212555,0.0031392787977212,5.551115123125783e-17,0
2015-02-25,100,0.0013609061337568706,0.0013609061337568,7.068998164605489e-17,0
2015-02-26,100,0.011098050151070243,0.0110980501510702,4.336808689942018e-17,0
2015-02-27,100,0.01232375533836719,0.0123237553383671,9.020562075079397e-17,0
2015-03-02,100,0.01950604674413084,0.0195060467441308,3.8163916471489756e-17,0
2015-03-03,100,-0.005046349102378989,-0.0050463491023789,-8.933825901280557e-17,0
2015-03-04,100,0.018097484910371473,0.0180974849103714,7.28583859910259e-17,0
2015-03-05,100,0.008636067568415364,0.0086360675684153,6.418476861114186e-17,0
2015-03-06,100,-0.004066569294122127,-0.0040665692941221,-2.688821387764051e-17,0
2015-03-09,100,0.011281218146794338,0.0112812181467943,3.8163916471489756e-17,0
2015-03-10,100,0.015357711803774743,0.0153577118037747,4.336808689942018e-17,0
2015-03-11,100,0.009324997664140548,0.0093249976641405,4.85722573273506e-17,0
2015-03-12,100,0.0001486821636059421,0.0001486821636059,4.209414934674971e-17,0
2015-03-13,100,0.01374152548419514,0.0137415254841951,3.9898639947466563e-17,0
2015-03-16,100,0.029435411001829895,0.0294354110018298,9.71445146547012e-17,0
2015-03-17,100,0.016426378511117553,0.0164263785111175,5.204170427930421e-17,0
2015-03-18,100,0.01988026022363898,0.0198802602236389,7.979727989493313e-17,0
2015-03-19,100,0.011204626584917894,0.0112046265849178,9.367506770274758e-17,0
2015-03-20,100,0.016444235174210856,0.0164442351742108,5.551115123125783e-17,0
2015-03-23,100,0.028173768689123736,0.0281737686891237,3.469446951953614e-17,0
2015-03-24,100,-0.0021668020607513994,-0.0021668020607513,-9.93129189996722e-17,0
2015-03-25,100,0.023688940404246645,0.0236889404042466,4.5102810375396984e-17,0
2015-03-26,100,0.00026876528630302986,0.000268765286303,2.986976985197565e-17,0
2015-03-27,100,0.020921816957375387,0.0209218169573753,8.673617379884035e-17,0
2015-03-30,100,0.007461388947047779,0.0074613889470477,7.892991815694472e-17,0
2015-03-31,100,0.008178733761930509,0.0081787337619305,8.673617379884035e-18,0
2015-04-01,100,0.02259103595973211,0.0225910359597321,6.938893903907228e-18,0
2015-04-02,100,0.025538871507683573,0.0255388715076835,7.28583859910259e-17,0
2015-04-03,100,0.025865705606812874,0.0258657056068128,7.28583859910259e-17,0
2015-04-07,100,0.019120126397084287,0.0191201263970842,8.673617379884035e-17,0
2015-04-08,100,-0.0035633274671519467,-0.0035633274671519,-4.683753385137379e-17,0
2015-04-09,100,0.0011943814993678715,0.0011943814993678,7.155734338404329e-17,0
2015-04-10,100,0.031001073560068527,0.0310010735600685,2.7755575615628914e-17,0
2015-04-13,100,0.023201839717180563,0.0232018397171805,6.245004513516506e-17,0
2015-04-14,100,2.0468114662333113e-05,2.046811466233312e-05,-6.776263578034403e-21,0
2015-04-15,100,-0.04034229701196142,-0.0403422970119614,-1.3877787807814457e-17,0
2015-04-16,100,0.008436256839022636,0.0084362568390226,3.642919299551295e-17,0
2015-04-17,100,0.0007212543649023917,0.0007212543649023,9.172350379227368e-17,0
2015-04-20,100,-0.02306546618636619,-0.0230654661863661,-9.020562075079397e-17,0
2015-04-21,100,0.035628359379071196,0.0356283593790711,9.71445146547012e-17,0
2015-04-22,100,0.028556887745740892,0.0285568877457408,9.367506770274758e-17,0
2015-04-23,100,0.01223238445906576,0.0122323844590657,6.071532165918825e-17,0
2015-04-24,100,0.00808520320547912,0.0080852032054791,2.0816681711721685e-17,0
2015-04-27,100,0.00757418787575087,0.0075741878757508,7.025630077706069e-17,0
2015-04-28,100,-0.029579914411510554,-0.0295799144115105,-5.204170427930421e-17,0
2015-04-29,100,0.029470523846565896,0.0294705238465658,9.71445146547012e-17,0
2015-04-30,100,0.002113933382251615,0.0021139333822516,1.5178830414797062e-17,0
2015-05-04,100,0.013665653451272066,0.013665653451272,6.591949208711867e-17,0
2015-05-05,100,-0.01687006711444011,-0.0168700671144401,-1.0408340855860843e-17,0
2015-05-06,100,-0.007705889312959748,-0.0077058893129597,-4.7704895589362195e-17,0
2015-05-07,100,-0.018044467337063243,-0.0180444673370632,-4.5102810375396984e-17,0
2015-05-08,100,0.04299652873064254,0.0429965287306425,4.163336342344337e-17,0
2015-05-11,100,0.048060159342105904,0.0480601593421059,6.938893903907228e-18,0
2015-05-12,100,0.021906048620771657,0.0219060486207716,5.551115123125783e-17,0
2015-05-13,100,0.012823401732205798,0.0128234017322057,9.71445146547012e-17,0
2015-05-14,100,0.016868552619973932,0.0168685526199739,3.122502256758253e-17,0
2015-05-15,100,0.009270604544424441,0.0092706045444244,4.163336342344337e-17,0
2015-05-18,100,0.0426110984536745,0.0426110984536745,0.0,0
2015-05-19,100,0.025098066613062183,0.0250980666130621,8.326672684688674e-17,0
2015-05-20,100,0.022714739334322154,0.0227147393343221,5.551115123125783e-17,0
2015-05-21,100,0.03529530038551057,0.0352953003855105,6.938893903907228e-17,0
2015-05-22,100,0.022500311138249632,0.0225003111382496,3.122502256758253e-17,0
2015-05-25,100,0.02042543884539841,0.0204254388453984,1.0408340855860843e-17,0
2015-05-26,100,0.04902163327511638,0.0490216332751163,8.326672684688674e-17,0
2015-05-27,100,0.02649799964455519,0.0264979996445551,9.020562075079397e-17,0
2015-05-28,100,-0.03493914001257272,-0.0349391400125727,-2.0816681711721685e-17,0
2015-05-29,100,0.022053699553894433,0.0220536995538944,3.469446951953614e-17,0
2015-06-01,100,0.05954030103162702,0.059540301031627,1.3877787807814457e-17,0
2015-06-02,100,0.057322334543439754,0.0573223345434397,5.551115123125783e-17,0
2015-06-03,100,0.023228380554857278,0.0232283805548572,7.632783294297951e-17,0
2015-06-04,100,0.0033217389181902134,0.0033217389181902,1.3444106938820255e-17,0
2015-06-05,100,0.03417928940738989,0.0341792894073898,9.020562075079397e-17,0
2015-06-08,100,0.000952297524654443,0.0009522975246544,4.3042826247674526e-17,0
2015-06-09,100,0.006278707495211133,0.0062787074952111,3.2959746043559335e-17,0
2015-06-10,100,0.032482273358585965,0.0324822733585859,6.245004513516506e-17,0
2015-06-11,100,0.03586045093044874,0.0358604509304487,4.163336342344337e-17,0
2015-06-12,100,0.03154221745958867,0.0315422174595886,6.938893903907228e-17,0
2015-06-15,100,-0.0004640131052097263,-0.0004640131052097,-2.6291902682773483e-17,0
2015-06-16,100,-0.029381124722629395,-0.0293811247226293,-9.367506770274758e-17,0
2015-06-17,100,0.027499778871985913,0.0274997788719859,1.3877787807814457e-17,0
2015-06-18,100,-0.021214845313863702,-0.0212148453138637,-3.469446951953614e-18,0
2015-06-19,100,-0.05425210567245614,-0.0542521056724561,-4.163336342344337e-17,0
2015-06-23,100,0.0074135616066959035,0.0074135616066959,3.469446951953614e-18,0
2015-06-24,100,0.028298408456515586,0.0282984084565155,8.673617379884035e-17,0
2015-06-25,100,-0.021937998490529912,-0.0219379984905299,-1.0408340855860843e-17,0
2015-06-26,100,-0.07938503457490635,-0.0793850345749063,-5.551115123125783e-17,0
2015-06-29,100,-0.06641189535960977,-0.0664118953596097,-6.938893903907228e-17,0
2015-06-30,100,0.0417689209498088,0.0417689209498088,0.0,0
2015-07-01,100,-0.06192571238458335,-0.0619257123845833,-5.551115123125783e-17,0
2015-07-02,100,-0.06583696341678878,-0.0658369634167887,-8.326672684688674e-17,0
2015-07-03,100,-0.06330488603822765,-0.0633048860382276,-4.163336342344337e-17,0
2015-07-06,100,-0.05968087928402111,-0.0596808792840211,-1.3877787807814457e-17,0
2015-07-07,100,-0.07302648394408076,-0.0730264839440807,-5.551115123125783e-17,0
2015-07-08,100,-0.041819957345594364,-0.0418199573455943,-6.245004513516506e-17,0
2015-07-09,100,0.05903157446835579,0.0590315744683557,9.020562075079397e-17,0
2015-07-10,90,0.0513913088003397,0.0513913088003397,0.0,0
2015-07-13,90,0.05980385171705135,0.0598038517170513,4.85722573273506e-17,0
2015-07-14,90,0.047670562504285155,0.0476705625042851,5.551115123125783e-17,0
2015-07-15,90,-0.04154660651092308,-0.041546606510923,-8.326672684688674e-17,0
2015-07-16,90,0.012289373637179654,0.0122893736371796,5.377642775528102e-17,0
2015-07-17,90,0.052880090289924214,0.0528800902899242,1.3877787807814457e-17,0
2015-07-20,90,0.022131942531438173,0.0221319425314381,7.28583859910259e-17,0
2015-07-21,90,0.022131729232370004,0.02213172923237,3.469446951953614e-18,0
2015-07-22,90,0.008880697851757621,0.0088806978517576,2.0816681711721685e-17,0
2015-07-23,90,0.03933687248289323,0.0393368724828932,2.7755575615628914e-17,0
2015-07-24,100,-0.010004964863845554,-0.0100049648638455,-5.377642775528102e-17,0
2015-07-27,100,-0.06326678674863585,-0.0632667867486358,-5.551115123125783e-17,0
2015-07-28,100,-0.04184135184116186,-0.0418413518411618,-6.245004513516506e-17,0
2015-07-29,100,0.0577540018445171,0.0577540018445171,0.0,0
2015-07-30,100,-0.019563508890645585,-0.0195635088906455,-8.673617379884035e-17,0
2015-07-31,100,-0.012364239154313283,-0.0123642391543132,-8.326672684688674e-17,0
2015-08-03,100,-0.049028405611055474,-0.0490284056110554,-7.632783294297951e-17,0
2015-08-04,100,0.06521435010262941,0.0652143501026294,1.3877787807814457e-17,0
2015-08-05,100,0.008131472151247494,0.0081314721512474,9.367506770274758e-17,0
2015-08-06,100,0.007118273189458957,0.0071182731894589,5.724587470723463e-17,0
2015-08-07,100,0.04172681990255063,0.0417268199025506,2.7755575615628914e-17,0
2015-08-10,100,0.05043302093456477,0.0504330209345647,6.938893903907228e-17,0
2015-08-11,100,0.013734831600527015,0.013734831600527,1.3877787807814457e-17,0
2015-08-12,100,-0.00796563206746502,-0.007965632067465,-2.0816681711721685e-17,0
2015-08-13,100,0.024523818836690924,0.0245238188366909,2.42861286636753e-17,0
2015-08-14,100,0.015913041059520187,0.0159130410595201,8.673617379884035e-17,0
2015-08-17,100,0.02601358676095288,0.0260135867609528,7.979727989493313e-17,0
2015-08-18,100,-0.07801903957144833,-0.0780190395714483,-2.7755575615628914e-17,0
2015-08-19,100,0.025234445178630452,0.0252344451786304,5.204170427930421e-17,0
2015-08-20,100,-0.023215436106524816,-0.0232154361065248,-1.734723475976807e-17,0
2015-08-21,100,-0.053898490993166404,-0.0538984909931664,-6.938893903907228e-18,0
2015-08-24,100,-0.07964611888128338,-0.0796461188812833,-8.326672684688674e-17,0
2015-08-25,100,-0.07298090424724958,-0.0729809042472495,-8.326672684688674e-17,0
2015-08-26,100,-0.02408021018856562,-0.0240802101885656,-2.0816681711721685e-17,0
2015-08-27,100,0.03768787738451025,0.0376878773845102,4.85722573273506e-17,0
2015-08-28,100,0.0648336749301478,0.0648336749301478,0.0,0
2015-08-31,100,-0.040126750050163335,-0.0401267500501633,-3.469446951953614e-17,0
2015-09-01,100,-0.06400710116217971,-0.0640071011621797,-1.3877787807814457e-17,0
2015-09-02,100,-0.03606800836235491,-0.0360680083623549,-6.938893903907228e-18,0
2015-09-07,100,0.02107630331626835,0.0210763033162683,4.85722573273506e-17,0
2015-09-08,100,0.06575391666106474,0.0657539166610647,4.163336342344337e-17,0
2015-09-09,100,0.046156808124390644,0.0461568081243906,4.163336342344337e-17,0
2015-09-10,100,-0.010208604524366584,-0.0102086045243665,-8.500145032286355e-17,0
2015-09-11,100,0.008982302786237139,0.0089823027862371,3.8163916471489756e-17,0
2015-09-14,100,-0.07346115269531764,-0.0734611526953176,-4.163336342344337e-17,0
2015-09-15,100,-0.061569535755202257,-0.0615695357552022,-5.551115123125783e-17,0
2015-09-16,100,0.07806692410231528,0.0780669241023152,8.326672684688674e-17,0
2015-09-17,100,-0.014939040927710492,-0.0149390409277104,-9.194034422677078e-17,0
2015-09-18,100,0.019879583058867924,0.0198795830588679,2.42861286636753e-17,0
2015-09-21,100,0.04512725429054407,0.045127254290544,6.938893903907228e-17,0
2015-09-22,100,0.00961389084145075,0.0096138908414507,4.85722573273506e-17,0
2015-09-23,100,-0.0037941658791981157,-0.0037941658791981,-1.5612511283791264e-17,0
2015-09-24,100,0.02205556305541953,0.0220555630554195,3.122502256758253e-17,0
2015-09-25,100,-0.04445600167403894,-0.0444560016740389,-3.469446951953614e-17,0
2015-09-28,100,0.03280803720201098,0.0328080372020109,8.326672684688674e-17,0
2015-09-29,100,-0.012614967328356647,-0.0126149673283566,-4.683753385137379e-17,0
2015-09-30,100,0.005946398091647711,0.0059463980916477,1.1275702593849246e-17,0
2015-10-08,100,0.04872914373532452,0.0487291437353245,2.0816681711721685e-17,0
2015-10-09,100,0.023765319920081084,0.023765319920081,8.326672684688674e-17,0
2015-10-12,100,0.045309674366260516,0.0453096743662605,1.3877787807814457e-17,0
2015-10-13,100,0.019654474389961988,0.0196544743899619,8.673617379884035e-17,0
2015-10-14,100,-0.011507293718429366,-0.0115072937184293,-6.591949208711867e-17,0
2015-10-15,100,0.0354714535924992,0.0354714535924992,0.0,0
2015-10-16,100,0.018426108339561886,0.0184261083395618,8.673617379884035e-17,0
2015-10-19,100,-0.0010158916303649424,-0.0010158916303649,-4.2500725161431774e-17,0
2015-10-20,100,0.024211540170948346,0.0242115401709483,4.5102810375396984e-17,0
2015-10-21,100,-0.05883133154189265,-0.0588313315418926,-4.85722573273506e-17,0
2015-10-22,100,0.04469573722386093,0.0446957372238609,2.7755575615628914e-17,0
2015-10-23,100,0.039962895521861,0.039962895521861,0.0,0
2015-10-26,100,0.014299814549220066,0.01429981454922,6.591949208711867e-17,0
2015-10-27,100,0.008948982404142014,0.008948982404142,1.3877787807814457e-17,0
2015-10-28,100,-0.020559061522916772,-0.0205590615229167,-7.28583859910259e-17,0
2015-10-29,100,0.015831473717503382,0.0158314737175033,8.326672684688674e-17,0
2015-10-30,100,0.002317503288271631,0.0023175032882716,3.0791341698588326e-17,0
2015-11-02,100,-0.012907521908988123,-0.0129075219089881,-2.2551405187698492e-17,0
2015-11-03,100,0.007773788841028716,0.0077737888410287,1.5612511283791264e-17,0
2015-11-04,100,0.05375166654885202,0.053751666548852,2.0816681711721685e-17,0
2015-11-05,100,4.217824048517782e-05,4.217824048517782e-05,0.0,0
2015-11-06,100,0.029979276296351613,0.0299792762963516,1.3877787807814457e-17,0
2015-11-09,100,0.017899989500348955,0.0178999895003489,5.551115123125783e-17,0
2015-11-10,100,0.012335363893761823,0.0123353638937618,2.42861286636753e-17,0
2015-11-11,100,0.03110215085916037,0.0311021508591603,6.938893903907228e-17,0
2015-11-12,100,0.01669242208430819,0.0166924220843081,9.020562075079397e-17,0
2015-11-13,100,-0.02156526834511761,-0.0215652683451176,-1.0408340855860843e-17,0
2015-11-16,100,0.03739824656762001,0.03739824656762,6.938893903907228e-18,0
2015-11-17,100,-0.0038837620035410626,-0.003883762003541,-6.245004513516506e-17,0
2015-11-18,100,-0.013749269647120572,-0.0137492696471205,-7.28583859910259e-17,0
2015-11-19,100,0.027551237367169613,0.0275512373671696,1.3877787807814457e-17,0
2015-11-20,100,0.018604304901808814,0.0186043049018088,1.3877787807814457e-17,0
2015-11-23,100,-0.0011751882308836403,-0.0011751882308836,-4.0332320816460765e-17,0
2015-11-24,100,0.017018495776384698,0.0170184957763846,9.71445146547012e-17,0
2015-11-25,100,0.027618626710442414,0.0276186267104424,1.3877787807814457e-17,0
2015-11-26,100,0.0034806524100174665,0.0034806524100174,6.635317295611287e-17,0
2015-11-27,100,-0.06431841695656372,-0.0643184169565637,-1.3877787807814457e-17,0
2015-11-30,100,0.008748694558455337,0.0087486945584553,3.642919299551295e-17,0
2015-12-01,100,0.014678768619885254,0.0146787686198852,5.377642775528102e-17,0
2015-12-02,100,-0.014581482482179681,-0.0145814824821796,-8.153200337090993e-17,0
2015-12-03,100,0.03438408431190916,0.0343840843119091,6.245004513516506e-17,0
2015-12-04,100,0.01054874832717708,0.010548748327177,8.153200337090993e-17,0
2015-12-07,100,0.025191363636747947,0.0251913636367479,4.85722573273506e-17,0
2015-12-08,100,-0.014272099553764793,-0.0142720995537647,-9.194034422677078e-17,0
2015-12-09,100,-0.006177771768715964,-0.0061777717687159,-6.331740687315346e-17,0
2015-12-10,100,-0.007465991239054388,-0.0074659912390543,-8.847089727481716e-17,0
2015-12-11,100,-0.0010709746856649993,-0.0010709746856649,-9.93129189996722e-17,0
2015-12-14,100,0.026429473385791304,0.0264294733857913,3.469446951953614e-18,0
2015-12-15,100,0.017407403323837903,0.0174074033238379,3.469446951953614e-18,0
2015-12-16,100,0.016592867561786667,0.0165928675617866,6.591949208711867e-17,0
2015-12-17,100,0.03304760603880145,0.0330476060388014,4.85722573273506e-17,0
2015-12-18,100,0.006330548622009754,0.0063305486220097,5.377642775528102e-17,0
2015-12-21,100,0.021015758815356052,0.021015758815356,5.204170427930421e-17,0
2015-12-22,100,0.01847789651732777,0.0184778965173277,7.28583859910259e-17,0
2015-12-23,100,-0.0026927408132393638,-0.0026927408132393,-6.375108774214766e-17,0
2015-12-24,100,0.012670233825167387,0.0126702338251673,8.673617379884035e-17,0
2015-12-25,100,0.022796732989140284,0.0227967329891402,8.326672684688674e-17,0
2015-12-28,100,-0.02133193172959758,-0.0213319317295975,-7.979727989493313e-17,0
2015-12-29,100,0.02296145701648768,0.0229614570164876,7.979727989493313e-17,0
2015-12-30,100,0.017202160356223545,0.0172021603562235,4.5102810375396984e-17,0
2015-12-31,100,-0.014102199167905394,-0.0141021991679053,-9.367506770274758e-17,0
2016-01-04,100,-0.08277549555471073,-0.0827754955547107,-2.7755575615628914e-17,0
2016-01-05,100,-0.030274021800387595,-0.0302740218003875,-9.367506770274758e-17,0
2016-01-06,100,0.030457823308816922,0.0304578233088169,2.0816681711721685e-17,0
2016-01-07,100,-0.08774488125789787,-0.0877448812578978,-6.938893903907228e-17,0
2016-01-08,100,-0.0002639334200224974,-0.0002639334200224,-9.741556519782257e-17,0
2016-01-11,100,-0.08304794501018643,-0.0830479450101864,-2.7755575615628914e-17,0
2016-01-12,100,-0.000867102702241812,-0.0008671027022418,-1.2034644114589099e-17,0
2016-01-13,100,-0.04308252368943881,-0.0430825236894388,-6.938893903907228e-18,0
2016-01-14,100,0.039338393721976644,0.0393383937219766,4.163336342344337e-17,0
2016-01-15,100,-0.041574797176070495,-0.0415747971760704,-9.71445146547012e-17,0
2016-01-18,100,0.0238194222344006,0.0238194222344006,0.0,0
2016-01-19,100,0.044925529263513474,0.0449255292635134,7.632783294297951e-17,0
2016-01-20,100,0.0019035723349720745,0.001903572334972,7.43762690325056e-17,0
2016-01-21,100,-0.04215690097975937,-0.0421569009797593,-6.938893903907228e-17,0
2016-01-22,100,0.018584185877596172,0.0185841858775961,7.28583859910259e-17,0
2016-01-25,100,0.022914494008970217,0.0229144940089702,1.734723475976807e-17,0
2016-01-26,100,-0.08192316929788862,-0.0819231692978886,-1.3877787807814457e-17,0
2016-01-27,100,-0.017335365054798477,-0.0173353650547984,-7.632783294297951e-17,0
2016-01-28,100,-0.04223296110502848,-0.0422329611050284,-7.632783294297951e-17,0
2016-01-29,100,0.04091296029928625,0.0409129602992862,4.85722573273506e-17,0
2016-02-01,100,-0.0073410458019799955,-0.0073410458019799,-9.540979117872439e-17,0
2016-02-02,100,0.039184754708304695,0.0391847547083046,9.71445146547012e-17,0
2016-02-03,100,0.006363608301745775,0.0063636083017457,7.45931094670027e-17,0
2016-02-04,100,0.027688961583076814,0.0276889615830768,1.3877787807814457e-17,0
2016-02-05,100,-0.006415659044393856,-0.0064156590443938,-5.637851296924623e-17,0
2016-02-15,100,0.0014804269615306643,0.0014804269615306,6.440160904563896e-17,0
2016-02-16,100,0.044272741920798636,0.0442727419207986,3.469446951953614e-17,0
2016-02-17,100,0.015867237073740402,0.0158672370737404,3.469446951953614e-18,0
2016-02-18,100,-0.0019856990596255585,-0.0019856990596255,-5.854691731421724e-17,0
2016-02-19,100,0.01313989906010466,0.0131398990601046,6.071532165918825e-17,0
2016-02-22,100,0.02818329306412583,0.0281832930641258,3.122502256758253e-17,0
2016-02-23,100,-0.0011057338001650863,-0.001105733800165,-8.630249292984615e-17,0
2016-02-24,100,0.012192864249901195,0.0121928642499011,9.540979117872439e-17,0
2016-02-25,100,-0.0816443957052585,-0.0816443957052585,0.0,0
2016-02-26,100,0.0022574639825252174,0.0022574639825252,1.734723475976807e-17,0
2016-02-29,100,-0.06616263875407938,-0.0661626387540793,-8.326672684688674e-17,0
2016-03-01,100,0.02022450965789406,0.020224509657894,5.898059818321144e-17,0
2016-03-02,100,0.05202056742747473,0.0520205674274747,3.469446951953614e-17,0
2016-03-03,100,0.00655274505238457,0.0065527450523845,7.025630077706069e-17,0
2016-03-04,100,-0.0354547579010788,-0.0354547579010788,0.0,0
2016-03-07,100,0.03494880277793281,0.0349488027779328,6.938893903907228e-18,0
2016-03-08,100,0.01650603608133618,0.0165060360813361,7.979727989493313e-17,0
2016-03-09,100,-0.021335415783294513,-0.0213354157832945,-1.3877787807814457e-17,0
2016-03-10,100,-0.01336003789195525,-0.0133600378919552,-4.85722573273506e-17,0
2016-03-11,100,0.004049443825228054,0.004049443825228,5.377642775528102e-17,0
2016-03-14,100,0.04153967272065509,0.041539672720655,9.020562075079397e-17,0
2016-03-15,100,-0.00242121445397521,-0.0024212144539752,-9.974659986866641e-18,0
2016-03-16,100,0.001666572638630811,0.0016665726386308,1.1058862159352145e-17,0
2016-03-17,100,0.03724019528886414,0.0372401952888641,3.469446951953614e-17,0
2016-03-18,100,0.036721022445801985,0.0367210224458019,8.326672684688674e-17,0
2016-03-21,100,0.027463950046040634,0.0274639500460406,3.469446951953614e-17,0
2016-03-22,100,0.0013887207042312688,0.0013887207042312,6.873841773558098e-17,0
2016-03-23,100,0.007777472488534129,0.0077774724885341,2.862293735361732e-17,0
2016-03-24,100,-0.01593621767464475,-0.0159362176746447,-4.85722573273506e-17,0
2016-03-25,100,0.012536555056578134,0.0125365550565781,3.469446951953614e-17,0
2016-03-28,100,-0.0034848082031642335,-0.0034848082031642,-3.3393426912553537e-17,0
2016-03-29,100,-0.024528954880021624,-0.0245289548800216,-2.42861286636753e-17,0
2016-03-30,100,0.04090041599094908,0.040900415990949,8.326672684688674e-17,0
2016-03-31,100,0.0116303706636463,0.0116303706636463,0.0,0
2016-04-01,100,0.002077831554151566,0.0020778315541515,6.591949208711867e-17,0
2016-04-05,100,0.029857414340612825,0.0298574143406128,2.42861286636753e-17,0
2016-04-06,100,0.012932684219624773,0.0129326842196247,7.28583859910259e-17,0
2016-04-07,100,-0.01112898017229758,-0.0111289801722975,-8.153200337090993e-17,0
2016-04-08,100,-0.003253655868846844,-0.0032536558688468,-4.423544863740858e-17,0
2016-04-11,100,0.02473985127937632,0.0247398512793763,2.0816681711721685e-17,0
2016-04-12,100,-0.0009134481401749362,-0.0009134481401749,-3.621235256101585e-17,0
2016-04-13,100,0.014991244282182228,0.0149912442821822,2.7755575615628914e-17,0
2016-04-14,100,0.020465864476450664,0.0204658644764506,6.245004513516506e-17,0
2016-04-15,100,0.013347684500709826,0.0133476845007098,2.6020852139652106e-17,0
2016-04-18,100,-0.007270579922507388,-0.0072705799225073,-8.847089727481716e-17,0
2016-04-19,100,0.005630716051854359,0.0056307160518543,5.898059818321144e-17,0
2016-04-20,100,-0.04392593683873839,-0.0439259368387383,-9.020562075079397e-17,0
2016-04-21,100,-0.009382951747180065,-0.00938295174718,-6.418476861114186e-17,0
2016-04-22,100,0.009757844140336756,0.0097578441403367,5.551115123125783e-17,0
2016-04-25,100,0.0010333558525919362,0.0010333558525919,3.621235256101585e-17,0
2016-04-26,100,0.016778547752636916,0.0167785477526369,1.734723475976807e-17,0
2016-04-27,100,0.0014511654149420704,0.001451165414942,7.047314121155779e-17,0
2016-04-28,100,-0.0010648605531110222,-0.001064860553111,-2.211772431870429e-17,0
2016-04-29,100,0.003681969940860451,0.0036819699408604,5.117434254131581e-17,0
2016-05-03,100,0.028853697558226594,0.0288536975582265,9.367506770274758e-17,0
2016-05-04,100,0.001141302851775089,0.001141302851775,8.890457814381136e-17,0
2016-05-05,100,0.006256787699569295,0.0062567876995692,9.454242944073599e-17,0
2016-05-06,100,-0.04633604016659399,-0.0463360401665939,-9.020562075079397e-17,0
2016-05-09,100,-0.049684257232885255,-0.0496842572328852,-5.551115123125783e-17,0
2016-05-10,100,-0.003145474142569676,-0.0031454741425696,-7.632783294297951e-17,0
2016-05-11,100,-0.009338541040182738,-0.0093385410401827,-3.8163916471489756e-17,0
2016-05-12,100,-0.007542902168171224,-0.0075429021681712,-2.42861286636753e-17,0
2016-05-13,100,-0.001413172734986068,-0.001413172734986,-6.787105599759258e-17,0
2016-05-16,100,0.028884715311683695,0.0288847153116836,9.367506770274758e-17,0
2016-05-17,100,-0.0006568511780164388,-0.0006568511780164,-3.881443777498106e-17,0
2016-05-18,100,-0.034288250861825624,-0.0342882508618256,-2.0816681711721685e-17,0
2016-05-19,100,0.010160995659132581,0.0101609956591325,8.153200337090993e-17,0
2016-05-20,100,0.014390523859183348,0.0143905238591833,4.85722573273506e-17,0
2016-05-23,100,0.020880355690657045,0.020880355690657,4.5102810375396984e-17,0
2016-05-24,100,-0.0015317349443261985,-0.0015317349443261,-9.84455572616838e-17,0
2016-05-25,100,-0.00779502420261967,-0.0077950242026196,-7.025630077706069e-17,0
2016-05-26,100,0.008461677877484608,0.0084616778774846,8.673617379884035e-18,0
2016-05-27,100,0.0009032965709224905,0.0009032965709224,9.053088140253962e-17,0
2016-05-30,100,-0.00041453213308873524,-0.0004145321330887,-3.5236570605778894e-17,0
2016-05-31,100,0.03496906845368566,0.0349690684536856,5.551115123125783e-17,0
2016-06-01,100,0.004370628644389473,0.0043706286443894,7.28583859910259e-17,0
2016-06-02,100,0.00798996313475229,0.0079899631347522,9.020562075079397e-17,0
2016-06-03,100,0.0036019074509642856,0.0036019074509642,8.543513119185775e-17,0
2016-06-06,100,0.007037438517846082,0.007037438517846,8.239936510889834e-17,0
2016-06-07,100,0.0027922650784944947,0.0027922650784944,9.454242944073599e-17,0
2016-06-08,100,0.0007069318286879911,0.0007069318286879,9.107298248878237e-17,0
2016-06-13,100,-0.05462303008782562,-0.0546230300878256,-2.0816681711721685e-17,0
2016-06-14,100,0.006132502827256427,0.0061325028272564,2.688821387764051e-17,0
2016-06-15,100,0.035715197047677665,0.0357151970476776,6.245004513516506e-17,0
2016-06-16,100,0.004479863481827126,0.0044798634818271,2.6020852139652106e-17,0
2016-06-17,100,0.016600696834132293,0.0166006968341322,9.367506770274758e-17,0
2016-06-20,100,0.0037665108044695485,0.0037665108044695,4.85722573273506e-17,0
2016-06-21,100,-0.008587213838144132,-0.0085872138381441,-3.122502256758253e-17,0
2016-06-22,100,0.0221604005720474,0.0221604005720474,0.0,0
2016-06-23,100,-0.006509898437392819,-0.0065098984373928,-1.9081958235744878e-17,0
2016-06-24,100,-0.008845996145683717,-0.0088459961456837,-1.734723475976807e-17,0
2016-06-27,100,0.021272098428652457,0.0212720984286524,5.551115123125783e-17,0
2016-06-28,100,0.013181948887372643,0.0131819488873726,4.336808689942018e-17,0
2016-06-29,100,0.002502401046389654,0.0025024010463896,5.377642775528102e-17,0
2016-06-30,100,0.002359023972582778,0.0023590239725827,7.762887554996212e-17,0
2016-07-01,100,-0.0014875096717695336,-0.0014875096717695,-3.361026734705064e-17,0
2016-07-04,100,0.01706215587415618,0.0170621558741561,7.979727989493313e-17,0
2016-07-05,100,0.007815231762503089,0.007815231762503,8.847089727481716e-17,0
2016-07-06,100,0.004012894976714301,0.0040128949767143,8.673617379884035e-19,0
2016-07-07,100,0.00035239916007025586,0.0003523991600702,5.583641188300348e-17,0
2016-07-08,100,0.003933588760090773,0.0039335887600907,7.37257477290143e-17,0
2016-07-11,100,-0.0037755690710614145,-0.0037755690710614,-1.431146867680866e-17,0
2016-07-12,100,0.009777024462044513,0.0097770244620445,1.214306433183765e-17,0
2016-07-13,100,0.007538453377319136,0.0075384533773191,3.5561831257524545e-17,0
2016-07-14,100,0.0024059019927874336,0.0024059019927874,3.382710778154774e-17,0
2016-07-15,100,-0.001536797375054727,-0.0015367973750547,-2.688821387764051e-17,0
2016-07-18,100,-0.005056625162124576,-0.0050566251621245,-7.632783294297951e-17,0
2016-07-19,100,0.008320241885415719,0.0083202418854157,1.9081958235744878e-17,0
2016-07-20,100,0.004752020825160995,0.0047520208251609,9.540979117872439e-17,0
2016-07-21,100,0.002301547700275386,0.0023015477002753,8.586881206085195e-17,0
2016-07-22,100,-0.007379982746689427,-0.0073799827466894,-2.688821387764051e-17,0
2016-07-25,100,0.005078615105343073,0.005078615105343,7.28583859910259e-17,0
2016-07-26,100,0.01200382517223077,0.0120038251722307,7.112366251504909e-17,0
2016-07-27,100,-0.041426213518465343,-0.0414262135184653,-4.163336342344337e-17,0
2016-07-28,100,0.0005244856838755474,0.0005244856838755,4.7488055154865094e-17,0
2016-07-29,100,-0.005258057250167737,-0.0052580572501677,-3.729655473350135e-17,0
2016-08-01,100,-0.01306561758405543,-0.0130656175840554,-3.122502256758253e-17,0
2016-08-02,100,0.009801962943172107,0.0098019629431721,6.938893903907228e-18,0
2016-08-03,100,0.0077660448847615094,0.0077660448847615,9.540979117872439e-18,0
2016-08-04,100,0.006985461422790094,0.00698546142279,9.367506770274758e-17,0
2016-08-05,100,-0.003416406250903782,-0.0034164062509037,-8.196568423990414e-17,0
2016-08-08,100,0.010973490369092342,0.0109734903690923,4.163336342344337e-17,0
2016-08-09,100,0.007493501438281971,0.0074935014382819,7.112366251504909e-17,0
2016-08-10,100,-0.002668648797488091,-0.002668648797488,-9.107298248878237e-17,0
2016-08-11,100,-0.01172043842051103,-0.011720438420511,-2.949029909160572e-17,0
2016-08-12,100,0.009418274415912427,0.0094182744159124,2.6020852139652106e-17,0
2016-08-15,100,0.01561408197195187,0.0156140819719518,6.938893903907228e-17,0
2016-08-16,100,0.00745261036063849,0.0074526103606384,8.933825901280557e-17,0
2016-08-17,100,0.0013167563054399423,0.0013167563054399,4.228388472693467e-17,0
2016-08-18,100,0.005048925605323801,0.0050489256053238,8.673617379884035e-19,0
2016-08-19,100,0.004044575325817307,0.0040445753258173,6.938893903907228e-18,0
2016-08-22,100,-0.003677627530574085,-0.003677627530574,-8.500145032286355e-17,0
2016-08-23,100,0.00413490289989649,0.0041349028998964,9.020562075079397e-17,0
2016-08-24,100,0.007345357601689928,0.0073453576016899,2.862293735361732e-17,0
2016-08-25,100,-0.003699168829925441,-0.0036991688299254,-4.0766001685454967e-17,0
2016-08-26,100,0.01028772909044259,0.0102877290904425,9.020562075079397e-17,0
2016-08-29,100,0.011626374655595692,0.0116263746555956,9.194034422677078e-17,0
2016-08-30,100,0.001269970410575809,0.0012699704105758,9.107298248878237e-18,0
2016-08-31,100,0.002975055427364891,0.0029750554273648,9.107298248878237e-17,0
2016-09-01,100,-0.0006962848324716253,-0.0006962848324716,-2.5261910618912253e-17,0
2016-09-02,100,0.0029277752668860034,0.002927775266886,3.469446951953614e-18,0
2016-09-05,100,0.0063614166329068154,0.0063614166329068,1.5612511283791264e-17,0
2016-09-06,100,0.012925396448990425,0.0129253964489904,2.6020852139652106e-17,0
2016-09-07,100,0.003392977197314019,0.003392977197314,1.9081958235744878e-17,0
2016-09-08,100,0.012551583738555647,0.0125515837385556,4.683753385137379e-17,0
2016-09-09,100,-0.003073047934066764,-0.0030730479340667,-6.375108774214766e-17,0
2016-09-12,100,-0.03175025942934978,-0.0317502594293497,-8.326672684688674e-17,0
2016-09-13,100,0.017343403560780412,0.0173434035607804,1.0408340855860843e-17,0
2016-09-14,100,-0.0006607236719963227,-0.0006607236719963,-2.2768245622195593e-17,0
2016-09-19,100,0.0156306401500142,0.0156306401500142,0.0,0
2016-09-20,100,0.004876978872023984,0.0048769788720239,8.413408858487514e-17,0
2016-09-21,100,0.005414378751245895,0.0054143787512458,9.540979117872439e-17,0
2016-09-22,100,0.010133931118289674,0.0101339311182896,7.45931094670027e-17,0
2016-09-23,100,0.004748854056922009,0.004748854056922,8.673617379884035e-18,0
2016-09-26,100,-0.02355874154506773,-0.0235587415450677,-3.122502256758253e-17,0
2016-09-27,100,0.006715310839080577,0.0067153108390805,7.719519468096792e-17,0
2016-09-28,100,-0.0005824716103665173,-0.0005824716103665,-1.734723475976807e-17,0
2016-09-29,100,0.009921338494550383,0.0099213384945503,8.326672684688674e-17,0
2016-09-30,100,0.005441482468072575,0.0054414824680725,7.45931094670027e-17,0
2016-10-10,100,0.01891473533282151,0.0189147353328215,6.938893903907228e-18,0
2016-10-11,100,0.013477354564213583,0.0134773545642135,8.326672684688674e-17,0
2016-10-12,100,0.005810489213422777,0.0058104892134227,7.719519468096792e-17,0
2016-10-13,100,0.005941000679571544,0.0059410006795715,4.423544863740858e-17,0
2016-10-14,100,-0.0025785150874564565,-0.0025785150874564,-5.637851296924623e-17,0
2016-10-17,100,-0.012576379908808643,-0.0125763799088086,-4.336808689942018e-17,0
2016-10-18,100,0.01529169511469827,0.0152916951146982,6.938893903907228e-17,0
2016-10-19,100,0.005020569623266303,0.0050205696232663,3.469446951953614e-18,0
2016-10-20,100,0.0028270464646782734,0.0028270464646782,7.32920668600201e-17,0
2016-10-21,100,-0.004943849245946496,-0.0049438492459464,-9.627715291671279e-17,0
2016-10-24,100,0.005104001157678071,0.005104001157678,7.025630077706069e-17,0
2016-10-25,100,0.005923072698144421,0.0059230726981444,2.168404344971009e-17,0
2016-10-26,100,-0.000556481271307504,-0.0005564812713075,-4.0115480381963664e-18,0
2016-10-27,100,0.005890252607606833,0.0058902526076068,3.2959746043559335e-17,0
2016-10-28,100,-0.012785140968081253,-0.0127851409680812,-5.204170427930421e-17,0
2016-10-31,100,-0.0009991959950728946,-0.0009991959950728,-9.454242944073599e-17,0
2016-11-01,100,0.01798301668950111,0.0179830166895011,1.0408340855860843e-17,0
2016-11-02,100,0.0012016426410474323,0.0012016426410474,3.230922474006803e-17,0
2016-11-03,100,0.011062525225071363,0.0110625252250713,6.245004513516506e-17,0
2016-11-04,100,0.0036336751868524986,0.0036336751868524,9.84455572616838e-17,0
2016-11-07,100,0.006512744784586949,0.0065127447845869,4.9439619065339e-17,0
2016-11-08,100,0.00927389671105978,0.0092738967110597,8.153200337090993e-17,0
2016-11-09,100,-0.005446997953770511,-0.0054469979537705,-1.0408340855860843e-17,0
2016-11-10,100,0.02153928825634437,0.0215392882563443,6.938893903907228e-17,0
2016-11-11,100,0.011756515995710108,0.0117565159957101,8.673617379884035e-18,0
2016-11-14,100,0.004029542943643021,0.004029542943643,2.0816681711721685e-17,0
2016-11-15,100,0.007809905872965917,0.0078099058729659,1.734723475976807e-17,0
2016-11-16,100,0.0020567746705533706,0.0020567746705533,7.068998164605489e-17,0
2016-11-17,100,-0.0019639445660518382,-0.0019639445660518,-3.8163916471489756e-17,0
2016-11-18,100,-0.0022741155488638022,-0.0022741155488638,-2.168404344971009e-18,0
2016-11-21,100,0.003627199034746437,0.0036271990347464,3.686287386450715e-17,0
2016-11-22,100,0.011447989866461696,0.0114479898664616,9.540979117872439e-17,0
2016-11-23,100,-0.0058196690258702334,-0.0058196690258702,-3.382710778154774e-17,0
2016-11-24,100,-0.005315603109975956,-0.0053156031099759,-5.551115123125783e-17,0
2016-11-25,97,0.000985532780615735,0.0009855327806157,3.491130995403324e-17,0
2016-11-28,97,0.000451921335847857,0.0004519213358478,5.697482416411326e-17,0
2016-11-29,97,-0.017744215304245695,-0.0177442153042456,-9.367506770274758e-17,0
2016-11-30,97,-0.004139410658121537,-0.0041394106581215,-3.729655473350135e-17,0
2016-12-01,97,0.011497694434801335,0.0114976944348013,3.469446951953614e-17,0
2016-12-02,97,-0.018222826883067016,-0.018222826883067,-1.734723475976807e-17,0
2016-12-05,97,-0.004039094711554386,-0.0040390947115543,-8.586881206085195e-17,0
2016-12-06,97,0.006754522522991525,0.0067545225229915,2.5153490401663703e-17,0
2016-12-07,97,0.016604250010107652,0.0166042500101076,5.204170427930421e-17,0
2016-12-08,97,-0.0032152707417521264,-0.0032152707417521,-2.6454533008646308e-17,0
2016-12-09,100,0.006590141693108149,0.0065901416931081,4.85722573273506e-17,0
2016-12-12,100,-0.055143153061556684,-0.0551431530615566,-8.326672684688674e-17,0
2016-12-13,100,0.008090326274699121,0.0080903262746991,2.0816681711721685e-17,0
2016-12-14,100,0.0036457325818898567,0.0036457325818898,5.681219383824043e-17,0
2016-12-15,100,0.018830447158271188,0.0188304471582711,8.673617379884035e-17,0
2016-12-16,100,0.024834908021843214,0.0248349080218432,1.3877787807814457e-17,0
2016-12-19,100,0.010993885238089444,0.0109938852380894,4.336808689942018e-17,0
2016-12-20,100,0.006966123307106483,0.0069661233071064,8.326672684688674e-17,0
2016-12-21,100,0.011629735249756681,0.0116297352497566,8.153200337090993e-17,0
2016-12-22,100,0.0007678625751199796,0.0007678625751199,7.968885967768458e-17,0
2016-12-23,97,-0.006890024135188531,-0.0068900241351885,-3.122502256758253e-17,0
2016-12-26,97,0.01182913006501785,0.0118291300650178,5.0306980803327406e-17,0
2016-12-27,97,0.019037805397993515,0.0190378053979935,1.3877787807814457e-17,0
2016-12-28,97,0.002004896969000717,0.0020048969690007,1.691355389077387e-17,0
2016-12-29,97,0.002226151545480513,0.0022261515454805,1.3010426069826053e-17,0
2016-12-30,97,0.00356049701636281,0.0035604970163628,9.974659986866641e-18,0
2017-01-03,97,0.016926752933314082,0.016926752933314,8.326672684688674e-17,0
2017-01-04,97,0.013082650944368036,0.013082650944368,3.642919299551295e-17,0
2017-01-05,97,0.0058961358292052325,0.0058961358292052,3.209238430557093e-17,0
2017-01-06,92,-0.003982907529309826,-0.0039829075293098,-2.6020852139652106e-17,0
2017-01-09,92,0.006111038692527434,0.0061110386925274,3.382710778154774e-17,0
2017-01-10,92,0.000757854285594782,0.0007578542855947,8.196568423990414e-17,0
2017-01-11,92,-0.01305044622320405,-0.013050446223204,-4.85722573273506e-17,0
2017-01-12,92,-0.0061023077775841815,-0.0061023077775841,-8.153200337090993e-17,0
2017-01-13,92,-0.021051101421826264,-0.0210511014218262,-6.245004513516506e-17,0
2017-01-16,92,-0.05780347852355263,-0.0578034785235526,-2.7755575615628914e-17,0
2017-01-17,92,0.012856793737302528,0.0128567937373025,2.7755575615628914e-17,0
2017-01-18,92,-0.007198281336842567,-0.0071982813368425,-6.678685382510707e-17,0
2017-01-19,92,-0.002966848050661975,-0.0029668480506619,-7.502679033599691e-17,0
2017-01-20,91,0.02703022688763435,0.0270302268876343,4.85722573273506e-17,0
2017-01-23,91,0.01774510535585444,0.0177451053558544,4.163336342344337e-17,0
2017-01-24,91,-0.0017837550576430587,-0.001783755057643,-5.876375774871434e-17,0
2017-01-25,91,0.008616674189953856,0.0086166741899538,5.551115123125783e-17,0
2017-01-26,91,0.009647151248513291,0.0096471512485132,9.194034422677078e-17,0
2017-02-03,91,-0.0017526657551383323,-0.0017526657551383,-3.230922474006803e-17,0
2017-02-06,88,0.02420714218900265,0.0242071421890026,5.204170427930421e-17,0
2017-02-07,88,0.004734569895482891,0.0047345698954828,9.107298248878237e-17,0
2017-02-08,88,0.013001616584727453,0.0130016165847274,5.204170427930421e-17,0
2017-02-09,88,0.011447265723969828,0.0114472657239698,2.7755575615628914e-17,0
2017-02-10,88,-0.0032834995942410835,-0.003283499594241,-8.326672684688674e-17,0
2017-02-13,88,0.008776199959601145,0.0087761999596011,4.5102810375396984e-17,0
2017-02-14,88,-0.00044577329130612853,-0.0004457732913061,-2.8514517136368767e-17,0
2017-02-15,88,-0.0075815096026284326,-0.0075815096026284,-3.2959746043559335e-17,0
2017-02-16,88,0.003972093606624114,0.0039720936066241,1.3877787807814457e-17,0
2017-02-17,86,-0.011808503291836744,-0.0118085032918367,-4.336808689942018e-17,0
2017-02-20,86,0.0008870164365400278,0.00088701643654,2.7755575615628914e-17,0
2017-02-21,86,0.012219639909175052,0.012219639909175,5.204170427930421e-17,0
2017-02-22,86,0.0032704147123893317,0.0032704147123893,3.165870343657673e-17,0
2017-02-23,86,0.0026472914191187514,0.0026472914191187,5.117434254131581e-17,0
2017-02-24,86,0.011076173819928732,0.0110761738199287,3.2959746043559335e-17,0
2017-02-27,86,-0.004701757350073583,-0.0047017573500735,-8.326672684688674e-17,0
2017-02-28,86,0.0026402087728461415,0.0026402087728461,4.163336342344337e-17,0
2017-03-01,86,0.0010504229006712616,0.0010504229006712,6.158268339717665e-17,0
2017-03-02,86,-0.006083422241302807,-0.0060834222413028,-7.806255641895632e-18,0
2017-03-03,100,0.0014566084993840056,0.001456608499384,5.637851296924623e-18,0
2017-03-06,100,0.01558353332445227,0.0155835333244522,7.112366251504909e-17,0
2017-03-07,100,0.004541590613674018,0.004541590613674,1.734723475976807e-17,0
2017-03-08,100,-0.002792434158025879,-0.0027924341580258,-7.936359902593892e-17,0
2017-03-09,100,-0.004062522281670536,-0.0040625222816705,-3.5561831257524545e-17,0
2017-03-10,100,-0.0038745050570545446,-0.0038745050570545,-4.466912950640278e-17,0
2017-03-13,100,0.0032176575930113827,0.0032176575930113,8.283304597789254e-17,0
2017-03-14,100,-0.0007393995176998713,-0.0007393995176998,-7.134050294954619e-17,0
2017-03-15,100,0.0003392993261131061,0.0003392993261131,6.071532165918825e-18,0
2017-03-16,100,0.012398449289167217,0.0123984492891672,1.734723475976807e-17,0
2017-03-17,96,-0.0004632649967797481,-0.0004632649967797,-4.8138576458356397e-17,0
2017-03-20,96,0.0059515637733074875,0.0059515637733074,8.760353553682876e-17,0
2017-03-21,96,0.0014311013094056209,0.0014311013094056,2.0816681711721685e-17,0
2017-03-22,96,-0.009194436707778947,-0.0091944367077789,-4.683753385137379e-17,0
2017-03-23,96,-0.0007615659232010399,-0.000761565923201,-3.9898639947466563e-17,0
2017-03-24,96,-0.0014373757938100282,-0.00143737579381,-2.8189256484623115e-17,0
2017-03-27,96,-0.006683998465229177,-0.0066839984652291,-7.719519468096792e-17,0
2017-03-28,96,0.0022208412446745075,0.0022208412446745,7.37257477290143e-18,0
2017-03-29,96,-0.016654406106927682,-0.0166544061069276,-8.326672684688674e-17,0
2017-03-30,96,-0.03296507442808983,-0.0329650744280898,-3.469446951953614e-17,0
2017-03-31,99,0.0017832476826795214,0.0017832476826795,2.1467203015212988e-17,0
2017-04-05,99,0.026422058573405623,0.0264220585734056,2.42861286636753e-17,0
2017-04-06,99,0.005348070416403426,0.0053480704164034,2.6020852139652106e-17,0
2017-04-07,99,0.0007042109033351505,0.0007042109033351,5.0523821237824507e-17,0
2017-04-10,99,-0.01488989463630084,-0.0148898946363008,-3.9898639947466563e-17,0
2017-04-11,99,0.009573322125203686,0.0095733221252036,8.673617379884035e-17,0
2017-04-12,99,-0.01417762341748604,-0.014177623417486,-4.163336342344337e-17,0
2017-04-13,99,0.0048371221482403776,0.0048371221482403,7.719519468096792e-17,0
2017-04-14,97,-0.01418339908110373,-0.0141833990811037,-3.122502256758253e-17,0
2017-04-17,97,-0.02812046013373585,-0.0281204601337358,-4.85722573273506e-17,0
2017-04-18,97,-0.014839114507017965,-0.0148391145070179,-6.418476861114186e-17,0
2017-04-19,97,-0.009012463137014398,-0.0090124631370143,-9.8879238130678e-17,0
2017-04-20,97,-0.007724933715577253,-0.0077249337155772,-5.2909066017292616e-17,0
2017-04-21,97,5.738366620018685e-05,5.738366620018685e-05,0.0,0
2017-04-24,97,-0.037379487105967064,-0.037379487105967,-6.245004513516506e-17,0
2017-04-25,97,0.007787358922622833,0.0077873589226228,3.2959746043559335e-17,0
2017-04-26,97,0.008356321673658811,0.0083563216736588,1.0408340855860843e-17,0
2017-04-27,97,0.017674882284703052,0.017674882284703,5.204170427930421e-17,0
2017-04-28,97,0.012757857985580613,0.0127578579855806,1.214306433183765e-17,0
2017-05-02,97,0.0042087448641980425,0.004208744864198,4.2500725161431774e-17,0
2017-05-03,97,0.003523723154534636,0.0035237231545346,3.599551212651875e-17,0
2017-05-04,97,-0.001458899808768948,-0.0014588998087689,-4.7921736023859296e-17,0
2017-05-05,97,-0.018818248248980367,-0.0188182482489803,-6.591949208711867e-17,0
2017-05-08,97,-0.022697440461375843,-0.0226974404613758,-4.163336342344337e-17,0
2017-05-09,97,0.012857157847513779,0.0128571578475137,7.806255641895632e-17,0
2017-05-10,97,-0.01567359089366951,-0.0156735908936695,-1.0408340855860843e-17,0
2017-05-11,97,-0.009852918445999007,-0.009852918445999,-6.938893903907228e-18,0
2017-05-12,100,-0.0025569576548301353,-0.0025569576548301,-3.5128150388530344e-17,0
2017-05-15,100,0.004858590317682536,0.0048585903176825,3.5561831257524545e-17,0
2017-05-16,100,0.03183240760921643,0.0318324076092164,2.7755575615628914e-17,0
2017-05-17,100,0.009462429391317136,0.0094624293913171,3.642919299551295e-17,0
2017-05-18,100,-0.0009935061437365389,-0.0009935061437365,-3.881443777498106e-17,0
2017-05-19,100,-0.0029941876233085963,-0.0029941876233085,-9.627715291671279e-17,0
2017-05-22,100,-0.0323279384582106,-0.0323279384582106,0.0,0
2017-05-23,100,-0.035940226712473745,-0.0359402267124737,-4.85722573273506e-17,0
2017-05-24,100,0.007206137887143643,0.0072061378871436,4.2500725161431774e-17,0
2017-05-25,100,0.00604761463967321,0.0060476146396732,1.0408340855860843e-17,0
2017-05-26,100,0.005683572223797995,0.0056835722237979,9.540979117872439e-17,0
2017-05-31,100,0.0008721904983316298,0.0008721904983316,2.981555974335137e-17,0
2017-06-01,100,-0.044141363822078984,-0.0441413638220789,-8.326672684688674e-17,0
2017-06-02,100,0.021844752637346268,0.0218447526373462,6.938893903907228e-17,0
2017-06-05,100,0.014893026885615395,0.0148930268856153,9.540979117872439e-17,0
2017-06-06,100,0.00838107388997417,0.0083810738899741,6.938893903907228e-17,0
2017-06-07,100,0.02917015924646857,0.0291701592464685,6.938893903907228e-17,0
2017-06-08,100,-0.0029935885280476327,-0.0029935885280476,-3.252606517456513e-17,0
2017-06-09,100,0.003750372307426939,0.0037503723074269,3.903127820947816e-17,0
2017-06-12,100,-0.02702667108248906,-0.027026671082489,-5.898059818321144e-17,0
2017-06-13,100,0.028535233500358297,0.0285352335003582,9.71445146547012e-17,0
2017-06-14,100,0.007044648454464325,0.0070446484544643,2.5153490401663703e-17,0
2017-06-15,100,0.013051857453779863,0.0130518574537798,6.245004513516506e-17,0
2017-06-16,100,-0.0016390470114941303,-0.0016390470114941,-3.0357660829594124e-17,0
2017-06-19,100,0.008249352980461316,0.0082493529804613,1.5612511283791264e-17,0
2017-06-20,100,0.001779262647443739,0.0017792626474437,3.903127820947816e-17,0
2017-06-21,100,0.006564577030595966,0.0065645770305959,6.591949208711867e-17,0
2017-06-22,100,-0.024462775922948606,-0.0244627759229486,-6.938893903907228e-18,0
2017-06-23,98,0.004162649061841608,0.0041626490618416,8.673617379884035e-18,0
2017-06-26,98,0.012518326832348124,0.0125183268323481,2.42861286636753e-17,0
2017-06-27,98,0.0026682852547838497,0.0026682852547838,4.9873299934333204e-17,0
2017-06-28,98,-0.008597904940984362,-0.0085979049409843,-6.071532165918825e-17,0
2017-06-29,98,0.006422304368363774,0.0064223043683637,7.37257477290143e-17,0
2017-06-30,98,0.011372013952292969,0.0113720139522929,6.938893903907228e-17,0
2017-07-03,98,0.009582547545936165,0.0095825475459361,6.418476861114186e-17,0
2017-07-04,98,-0.004544319985029109,-0.0045443199850291,-9.540979117872439e-18,0
2017-07-05,98,0.011809617051866865,0.0118096170518668,6.418476861114186e-17,0
2017-07-06,98,0.007549416281222515,0.0075494162812225,1.474514954580286e-17,0
2017-07-07,100,0.011654770378823922,0.0116547703788239,2.2551405187698492e-17,0
2017-07-10,100,-0.021507145212632476,-0.0215071452126324,-7.632783294297951e-17,0
2017-07-11,100,-0.015007079450847036,-0.015007079450847,-3.642919299551295e-17,0
2017-07-12,100,-7.025939108356804e-05,-7.025939108356804e-05,0.0,0
2017-07-13,100,-0.0071295104167661836,-0.0071295104167661,-8.326672684688674e-17,0
2017-07-14,100,-0.008673150803470671,-0.0086731508034706,-7.112366251504909e-17,0
2017-07-17,100,-0.07584173488889091,-0.0758417348888909,-1.3877787807814457e-17,0
2017-07-18,100,0.005574910026533202,0.0055749100265332,1.734723475976807e-18,0
2017-07-19,100,0.005134425397321704,0.0051344253973217,4.336808689942018e-18,0
2017-07-20,100,0.004427075238100962,0.0044270752381009,6.158268339717665e-17,0
2017-07-21,100,-0.003505807842082225,-0.0035058078420822,-2.47198095326695e-17,0
2017-07-24,100,0.008293878389654315,0.0082938783896543,1.5612511283791264e-17,0
2017-07-25,100,0.0006165752427121252,0.0006165752427121,2.5153490401663703e-17,0
2017-07-26,100,-0.0034419689519269393,-0.0034419689519269,-3.946495907847236e-17,0
2017-07-27,100,0.03333591938334096,0.0333359193833409,6.245004513516506e-17,0
2017-07-28,100,-0.013337690249287064,-0.013337690249287,-6.418476861114186e-17,0
2017-07-31,100,0.00035228788234977995,0.0003522878823497,7.995991022080595e-17,0
2017-08-01,100,0.0010737416485446737,0.0010737416485446,7.37257477290143e-17,0
2017-08-02,100,-0.016583174402321856,-0.0165831744023218,-5.551115123125783e-17,0
2017-08-03,100,0.012287585763772708,0.0122875857637727,8.673617379884035e-18,0
2017-08-04,100,-0.00926318292306904,-0.009263182923069,-3.9898639947466563e-17,0
2017-08-07,100,0.004343811501981032,0.004343811501981,3.209238430557093e-17,0
2017-08-08,100,0.003459301583198231,0.0034593015831982,3.122502256758253e-17,0
2017-08-09,100,-0.0017502031648330219,-0.001750203164833,-2.190088388420719e-17,0
2017-08-10,100,-0.013089911536618103,-0.0130899115366181,-3.469446951953614e-18,0
2017-08-11,100,-0.01276795949902407,-0.012767959499024,-6.938893903907228e-17,0
2017-08-14,100,0.020647301343133292,0.0206473013431332,9.367506770274758e-17,0
2017-08-15,100,0.012707373955120806,0.0127073739551208,6.938893903907228e-18,0
2017-08-16,100,0.019201790344004755,0.0192017903440047,5.551115123125783e-17,0
2017-08-17,100,0.005214670511910273,0.0052146705119102,7.28583859910259e-17,0
2017-08-18,100,-0.006888975063262153,-0.0068889750632621,-5.2909066017292616e-17,0
2017-08-21,100,0.02579319405793408,0.025793194057934,7.979727989493313e-17,0
2017-08-22,100,-0.006204727200679122,-0.0062047272006791,-2.168404344971009e-17,0
2017-08-23,100,0.01469518114376693,0.0146951811437669,3.122502256758253e-17,0
2017-08-24,100,-0.0068895406330086555,-0.0068895406330086,-5.551115123125783e-17,0
2017-08-25,100,0.029475303705800256,0.0294753037058002,5.551115123125783e-17,0
2017-08-28,100,0.03648207723183693,0.0364820772318369,3.469446951953614e-17,0
2017-08-29,100,0.0036473119593317116,0.0036473119593317,1.1709383462843448e-17,0
2017-08-30,100,-0.0054293153340767945,-0.0054293153340767,-9.454242944073599e-17,0
2017-08-31,100,0.030932021650615517,0.0309320216506155,1.734723475976807e-17,0
2017-09-01,100,0.007187984038608356,0.0071879840386083,5.551115123125783e-17,0
2017-09-04,100,0.003440705454088703,0.0034407054540887,3.0357660829594124e-18,0
2017-09-05,100,0.004107435621376244,0.0041074356213762,4.423544863740858e-17,0
2017-09-06,100,0.0027171178225532324,0.0027171178225532,3.252606517456513e-17,0
2017-09-07,100,-0.001114429258332601,-0.0011144292583326,-1.0842021724855044e-18,0
2017-09-08,100,0.0011261695900750069,0.001126169590075,6.938893903907228e-18,0
2017-09-11,100,0.0125645326907218,0.0125645326907218,0.0,0
2017-09-12,100,-0.013755526970709133,-0.0137555269707091,-3.2959746043559335e-17,0
2017-09-13,100,0.011153234700483756,0.0111532347004837,5.551115123125783e-17,0
2017-09-14,100,-0.0031056204326795054,-0.0031056204326795,-5.204170427930421e-18,0
2017-09-15,100,-0.007389568389322812,-0.0073895683893228,-1.214306433183765e-17,0
2017-09-18,100,0.006016367724357139,0.0060163677243571,3.903127820947816e-17,0
2017-09-19,100,0.0031665021245393652,0.0031665021245393,6.505213034913027e-17,0
2017-09-20,100,0.013440251825900586,0.0134402518259005,8.673617379884035e-17,0
2017-09-21,100,-0.004311091369658442,-0.0043110913696584,-4.2500725161431774e-17,0
2017-09-22,100,0.010411959663742882,0.0104119596637428,8.153200337090993e-17,0
2017-09-25,100,-0.014665224847168121,-0.0146652248471681,-2.0816681711721685e-17,0
2017-09-26,100,-0.0198622633670249,-0.0198622633670249,0.0,0
2017-09-27,100,0.016470862337522638,0.0164708623375226,3.8163916471489756e-17,0
2017-09-28,100,-0.0037945896549688796,-0.0037945896549688,-7.979727989493313e-17,0
2017-09-29,100,0.013700411378877935,0.0137004113788779,3.469446951953614e-17,0
2017-10-09,100,0.013480762891552771,0.0134807628915527,7.112366251504909e-17,0
2017-10-10,100,0.018412888466840936,0.0184128884668409,3.469446951953614e-17,0
2017-10-11,100,-0.0045374212200245045,-0.0045374212200245,-4.336808689942018e-18,0
2017-10-12,100,-0.0015314212138937532,-0.0015314212138937,-5.312590645178972e-17,0
2017-10-13,100,0.0165944937528779,0.0165944937528779,0.0,0
2017-10-16,100,-0.03137760694800806,-0.031377606948008,-6.245004513516506e-17,0
2017-10-17,100,0.008127739953187989,0.0081277399531879,8.847089727481716e-17,0
2017-10-18,100,-0.012876607487705733,-0.0128766074877057,-3.2959746043559335e-17,0
2017-10-19,100,-0.011978882222265867,-0.0119788822222658,-6.765421556309548e-17,0
2017-10-20,100,0.01522273694757212,0.0152227369475721,2.0816681711721685e-17,0
2017-10-23,100,0.0096899835081878,0.0096899835081878,0.0,0
2017-10-24,100,-0.009164506589461198,-0.0091645065894611,-9.71445146547012e-17,0
2017-10-25,100,0.017831361620274905,0.0178313616202749,3.469446951953614e-18,0
2017-10-26,100,0.006981851343849452,0.0069818513438494,5.204170427930421e-17,0
2017-10-27,98,-0.003738622962088232,-0.0037386229620882,-3.209238430557093e-17,0
2017-10-30,98,-0.038136982147064104,-0.0381369821470641,-6.938893903907228e-18,0
2017-10-31,98,0.015140935655711625,0.0151409356557116,2.42861286636753e-17,0
2017-11-01,98,0.003437420175006016,0.003437420175006,1.5612511283791264e-17,0
2017-11-02,98,-0.01404627159491366,-0.0140462715949136,-6.071532165918825e-17,0
2017-11-03,98,-0.002893262441590463,-0.0028932624415904,-6.331740687315346e-17,0
2017-11-06,98,0.016353481907687137,0.0163534819076871,3.8163916471489756e-17,0
2017-11-07,98,0.006732361432529339,0.0067323614325293,3.903127820947816e-17,0
2017-11-08,98,0.007665729675595365,0.0076657296755953,6.505213034913027e-17,0
2017-11-09,98,0.010666231260750768,0.0106662312607507,6.765421556309548e-17,0
2017-11-10,100,0.0036011469194930056,0.003601146919493,5.637851296924623e-18,0
2017-11-13,100,-0.0017194799764588108,-0.0017194799764588,-1.0842021724855044e-17,0
2017-11-14,100,-0.007457677745115157,-0.0074576777451151,-5.724587470723463e-17,0
2017-11-15,100,-0.0028818972027511215,-0.0028818972027511,-2.1250362580715887e-17,0
2017-11-16,100,-0.01036658960773432,-0.0103665896077343,-2.0816681711721685e-17,0
2017-11-17,100,-0.052917979475593666,-0.0529179794755936,-6.245004513516506e-17,0
2017-11-20,100,-0.0028273497200051755,-0.0028273497200051,-7.546047120499111e-17,0
2017-11-21,100,-0.006582745378755737,-0.0065827453787557,-3.729655473350135e-17,0
2017-11-22,100,-0.0012551145335030144,-0.001255114533503,-1.452830911130576e-17,0
2017-11-23,100,-0.017326354880056308,-0.0173263548800563,-6.938893903907228e-18,0
2017-11-24,100,0.001768011363862675,0.0017680113638626,7.48099499014998e-17,0
2017-11-27,100,-0.008032583067036273,-0.0080325830670362,-7.28583859910259e-17,0
2017-11-28,100,0.01682406931690352,0.0168240693169035,2.0816681711721685e-17,0
2017-11-29,100,-0.0030986156001687236,-0.0030986156001687,-2.3418766925686896e-17,0
2017-11-30,100,0.0018080901629477341,0.0018080901629477,3.404394821604484e-17,0
2017-12-01,100,0.012594823930563328,0.0125948239305633,2.7755575615628914e-17,0
2017-12-04,100,-0.030873864628201315,-0.0308738646282013,-1.3877787807814457e-17,0
2017-12-05,100,-0.03726128645617632,-0.0372612864561763,-1.3877787807814457e-17,0
2017-12-06,100,0.01467741945093801,0.014677419450938,1.0408340855860843e-17,0
2017-12-07,100,0.0007658161558902332,0.0007658161558902,3.3285006695304986e-17,0
2017-12-08,100,0.017174819772735776,0.0171748197727357,7.632783294297951e-17,0
2017-12-11,100,0.006318470446351385,0.0063184704463513,8.500145032286355e-17,0
2017-12-12,100,-0.017946607686619393,-0.0179466076866193,-9.367506770274758e-17,0
2017-12-13,100,0.010756626027236017,0.010756626027236,1.734723475976807e-17,0
2017-12-14,100,0.0035469269215575193,0.0035469269215575,1.9081958235744878e-17,0
2017-12-15,100,0.0012538720608908593,0.0012538720608908,5.919743861770854e-17,0
2017-12-18,100,-0.010711183915168721,-0.0107111839151687,-2.0816681711721685e-17,0
2017-12-19,100,0.008896988174737051,0.008896988174737,5.0306980803327406e-17,0
2017-12-20,100,-0.013408117474884297,-0.0134081174748842,-9.71445146547012e-17,0
2017-12-21,100,-0.004611775658362703,-0.0046117756583627,-3.469446951953614e-18,0
2017-12-22,100,-0.0006221474886589618,-0.0006221474886589,-6.179952383167375e-17,0
2017-12-25,100,-0.01757489825974349,-0.0175748982597434,-9.020562075079397e-17,0
2017-12-26,100,0.021452741705444797,0.0214527417054447,9.71445146547012e-17,0
2017-12-27,100,0.001221733772661474,0.0012217337726614,7.41594285980085e-17,0
2017-12-28,100,0.005229657110221139,0.0052296571102211,3.903127820947816e-17,0
2017-12-29,100,0.011247615378124909,0.0112476153781249,8.673617379884035e-18,0
2018-01-02,100,0.004904342898909087,0.004904342898909,8.673617379884035e-17,0
2018-01-03,100,0.0067403464102588065,0.0067403464102588,6.071532165918825e-18,0
2018-01-04,100,0.0006562967281363375,0.0006562967281363,3.7513395167998453e-17,0
2018-01-05,100,0.002418531927833699,0.0024185319278336,9.8879238130678e-17,0
2018-01-08,100,-0.0006594031393192435,-0.0006594031393192,-4.347650711666873e-17,0
2018-01-09,100,0.0005453377611491328,0.0005453377611491,3.2742905609062234e-17,0
2018-01-10,100,-0.014753728777343713,-0.0147537287773437,-1.214306433183765e-17,0
2018-01-11,100,0.011467520892472742,0.0114675208924727,4.163336342344337e-17,0
2018-01-12,100,-0.002775863502992393,-0.0027758635029923,-9.280770596475918e-17,0
2018-01-15,100,-0.030477363904327284,-0.0304773639043272,-8.326672684688674e-17,0
2018-01-16,100,0.013024865121732128,0.0130248651217321,2.7755575615628914e-17,0
2018-01-17,100,0.006844678467411663,0.0068446784674116,6.331740687315346e-17,0
2018-01-18,100,0.0059945142712596565,0.0059945142712596,5.637851296924623e-17,0
2018-01-19,100,-0.0029628605215157675,-0.0029628605215157,-6.765421556309548e-17,0
2018-01-22,100,0.0032185659690878044,0.0032185659690878,4.336808689942018e-18,0
2018-01-23,100,0.006777700490672813,0.0067777004906728,1.3010426069826053e-17,0
2018-01-24,100,0.007893009008367972,0.0078930090083679,7.28583859910259e-17,0
2018-01-25,100,-0.0037419169766213754,-0.0037419169766213,-7.546047120499111e-17,0
2018-01-26,100,-0.003365875932213842,-0.0033658759322138,-4.206704429243757e-17,0
2018-01-29,100,-0.01323618263898124,-0.0132361826389812,-3.9898639947466563e-17,0
2018-01-30,100,0.00031606124103967235,0.0003160612410396,7.237049501340742e-17,0
2018-01-31,100,-0.035848662780874674,-0.0358486627808746,-7.632783294297951e-17,0
2018-02-01,100,-0.050065726300052876,-0.0500657263000528,-7.632783294297951e-17,0
2018-02-02,100,-0.01887866665978382,-0.0188786666597838,-2.0816681711721685e-17,0
2018-02-05,100,-0.010117777762521318,-0.0101177777625213,-1.9081958235744878e-17,0
2018-02-06,100,-0.07300100465437,-0.07300100465437,0.0,0
2018-02-07,100,0.01430297926494858,0.0143029792649485,8.153200337090993e-17,0
2018-02-08,100,0.020852268668357144,0.0208522686683571,4.5102810375396984e-17,0
2018-02-09,100,-0.028996116669791024,-0.028996116669791,-2.42861286636753e-17,0
2018-02-12,100,0.028904854788207403,0.0289048547882074,3.469446951953614e-18,0
2018-02-13,100,-0.007308089806564798,-0.0073080898065647,-9.80118763926896e-17,0
2018-02-14,100,-0.0042997218809671545,-0.0042997218809671,-5.4643789493269423e-17,0
2018-02-22,100,0.01587798786370963,0.0158779878637096,3.122502256758253e-17,0
2018-02-23,100,0.008156475008091664,0.0081564750080916,6.418476861114186e-17,0
2018-02-26,100,0.02750026807044088,0.0275002680704408,7.979727989493313e-17,0
2018-02-27,100,0.008012444103669258,0.0080124441036692,5.724587470723463e-17,0
2018-02-28,100,-0.0034710782873565247,-0.0034710782873565,-2.47198095326695e-17,0
2018-03-01,100,0.01841274491479041,0.0184127449147904,6.938893903907228e-18,0
2018-03-02,100,-0.005477753963729907,-0.0054777539637299,-6.938893903907228e-18,0
2018-03-05,100,0.010160565403552937,0.0101605654035529,3.8163916471489756e-17,0
2018-03-06,100,0.011191917484769023,0.011191917484769,2.2551405187698492e-17,0
2018-03-07,100,-0.0028148585826635406,-0.0028148585826635,-4.0766001685454967e-17,0
2018-03-08,100,0.019047094279443292,0.0190470942794432,9.367506770274758e-17,0
2018-03-09,100,0.021868044561146036,0.021868044561146,3.469446951953614e-17,0
2018-03-12,100,0.016108014042697648,0.0161080140426976,4.85722573273506e-17,0
2018-03-13,100,-0.004845982262193655,-0.0048459822621936,-5.551115123125783e-17,0
2018-03-14,100,-0.011018776341609124,-0.0110187763416091,-2.42861286636753e-17,0
2018-03-15,100,-0.020719790161758605,-0.0207197901617586,-3.469446951953614e-18,0
2018-03-16,100,0.003914988409554951,0.0039149884095549,5.117434254131581e-17,0
2018-03-19,100,0.012633593609048309,0.0126335936090483,8.673617379884035e-18,0
2018-03-20,100,0.015112553685039222,0.0151125536850392,2.2551405187698492e-17,0
2018-03-21,100,0.009899971808808987,0.0098999718088089,8.673617379884035e-17,0
2018-03-22,100,0.011847512374166369,0.0118475123741663,6.938893903907228e-17,0
2018-03-23,100,-0.06146836243987929,-0.0614683624398792,-9.020562075079397e-17,0
2018-03-26,100,0.012886989727627425,0.0128869897276274,2.42861286636753e-17,0
2018-03-27,100,0.03526058423854819,0.0352605842385481,9.020562075079397e-17,0
2018-03-28,100,0.009244848181799856,0.0092448481817998,5.551115123125783e-17,0
2018-03-29,100,0.017013830168211872,0.0170138301682118,7.28583859910259e-17,0
2018-03-30,100,0.020374108698010186,0.0203741086980101,8.673617379884035e-17,0
2018-04-02,100,0.005418632492035464,0.0054186324920354,6.418476861114186e-17,0
2018-04-03,100,-0.0017343555661046416,-0.0017343555661046,-4.163336342344337e-17,0
2018-04-04,100,-1.4522645483425744e-05,-1.4522645483425744e-05,0.0,0
2018-04-09,100,0.0028644879666375645,0.0028644879666375,6.461844948013606e-17,0
2018-04-10,100,-0.002861090478688626,-0.0028610904786886,-2.5587171270657905e-17,0
2018-04-11,100,0.016965278019349207,0.0169652780193492,6.938893903907228e-18,0
2018-04-12,100,-0.0010879229291035609,-0.0010879229291035,-6.093216209368535e-17,0
2018-04-13,100,-0.008122751437668371,-0.0081227514376683,-7.112366251504909e-17,0
2018-04-16,100,-0.018916631133306164,-0.0189166311333061,-6.591949208711867e-17,0
2018-04-17,100,-0.030656498947614,-0.030656498947614,0.0,0
2018-04-18,100,0.014229495248092576,0.0142294952480925,7.632783294297951e-17,0
2018-04-19,100,0.0015267743062338068,0.0015267743062338,6.7220534694101275e-18,0
2018-04-20,100,-0.028965871693353438,-0.0289658716933534,-3.8163916471489756e-17,0
2018-04-23,100,-0.0048692029374157045,-0.0048692029374157,-4.336808689942018e-18,0
2018-04-24,100,0.029690304858704906,0.0296903048587049,6.938893903907228e-18,0
2018-04-25,100,0.014407763769263497,0.0144077637692634,9.71445146547012e-17,0
2018-04-26,100,-0.019648095566948336,-0.0196480955669483,-3.469446951953614e-17,0
2018-04-27,100,0.002155696758462775,0.0021556967584627,7.502679033599691e-17,0
2018-05-02,100,-0.013883818699007502,-0.0138838186990075,-1.734723475976807e-18,0
2018-05-03,100,0.01669823944023157,0.0166982394402315,6.938893903907228e-17,0
2018-05-04,100,0.008545820572556075,0.008545820572556,7.45931094670027e-17,0
2018-05-07,100,0.02000460720151133,0.0200046072015113,2.7755575615628914e-17,0
2018-05-08,100,0.010963211121233942,0.0109632111212339,4.163336342344337e-17,0
2018-05-09,100,0.00978525998282408,0.009785259982824,7.979727989493313e-17,0
2018-05-10,100,0.013264997216891809,0.0132649972168918,8.673617379884035e-18,0
2018-05-11,100,-0.018794885568098895,-0.0187948855680988,-9.367506770274758e-17,0
2018-05-14,100,-0.008681291849898026,-0.008681291849898,-2.6020852139652106e-17,0
2018-05-15,100,0.01823079830023185,0.0182307983002318,4.85722573273506e-17,0
2018-05-16,100,-0.005208081959525233,-0.0052080819595252,-3.382710778154774e-17,0
2018-05-17,100,-0.0002961660043545422,-0.0002961660043545,-4.22296746183104e-17,0
2018-05-18,100,0.004978969688402151,0.0049789696884021,5.117434254131581e-17,0
2018-05-21,100,0.014031061447222638,0.0140310614472226,3.8163916471489756e-17,0
2018-05-22,100,0.00762433261240753,0.0076243326124075,3.0357660829594124e-17,0
2018-05-23,100,-0.00849052916012366,-0.0084905291601236,-5.898059818321144e-17,0
2018-05-24,100,0.0026683125238596774,0.0026683125238596,7.719519468096792e-17,0
2018-05-25,100,-0.00431374939717712,-0.0043137493971771,-1.9949319973733282e-17,0
2018-05-28,100,-0.015224131185994702,-0.0152241311859947,-1.734723475976807e-18,0
2018-05-29,100,-0.0010008579767581305,-0.0010008579767581,-3.0574501264091225e-17,0
2018-05-30,100,-0.05000145558221532,-0.0500014555822153,-2.0816681711721685e-17,0
2018-05-31,100,0.015965458640233708,0.0159654586402337,6.938893903907228e-18,0
2018-06-01,100,-0.00835542994269472,-0.0083554299426947,-2.0816681711721685e-17,0
2018-06-04,100,-0.007332084617818772,-0.0073320846178187,-7.19910242530375e-17,0
2018-06-05,100,0.011149761805443043,0.011149761805443,4.336808689942018e-17,0
2018-06-06,100,0.00479911153137676,0.0047991115313767,6.071532165918825e-17,0
2018-06-07,100,-0.018043313796728067,-0.018043313796728,-6.591949208711867e-17,0
2018-06-08,100,-0.014655920402116083,-0.014655920402116,-8.326672684688674e-17,0
2018-06-11,100,-0.004086971912764533,-0.0040869719127645,-3.2959746043559335e-17,0
2018-06-12,100,0.007399216399068895,0.0073992163990688,9.540979117872439e-17,0
2018-06-13,100,-0.019063195855823892,-0.0190631958558238,-9.367506770274758e-17,0
2018-06-14,100,0.0015451998546494284,0.0015451998546494,2.8406096919120216e-17,0
2018-06-15,100,-0.029742307501442786,-0.0297423075014427,-8.673617379884035e-17,0
2018-06-18,100,0.0,0.0,0.0,0
2018-06-19,100,-0.07795465896686939,-0.0779546589668693,-8.326672684688674e-17,0
2018-06-20,100,0.009362162020608269,0.0093621620206082,6.938893903907228e-17,0
2018-06-21,100,-0.036609540898078385,-0.0366095408980783,-8.326672684688674e-17,0
2018-06-22,100,0.017146825037119423,0.0171468250371194,2.42861286636753e-17,0
2018-06-25,100,0.004649134914053246,0.0046491349140532,4.597017211338539e-17,0
2018-06-26,100,0.015821390306924477,0.0158213903069244,7.632783294297951e-17,0
2018-06-27,100,-0.00014200760077814344,-0.0001420076007781,-4.344940206235659e-17,0
2018-06-28,100,0.001565855457576768,0.0015658554575767,6.808789643208968e-17,0
2018-06-29,100,0.027505929383495376,0.0275059293834953,7.632783294297951e-17,0
2018-07-02,100,-0.011239753138851066,-0.011239753138851,-6.591949208711867e-17,0
2018-07-03,100,0.016241871115118968,0.0162418711151189,6.938893903907228e-17,0
2018-07-04,100,-0.022523324765875312,-0.0225233247658753,-1.0408340855860843e-17,0
2018-07-05,100,-0.027790085833449014,-0.027790085833449,-1.3877787807814457e-17,0
2018-07-06,100,0.01116378761827285,0.0111637876182728,4.85722573273506e-17,0
2018-07-09,100,0.01764243696675327,0.0176424369667532,6.938893903907228e-17,0
2018-07-10,100,0.006624157083992701,0.0066241570839927,8.673617379884035e-19,0
2018-07-11,100,-0.026585420774966874,-0.0265854207749668,-7.28583859910259e-17,0
2018-07-12,100,0.02843509769857078,0.0284350976985707,7.979727989493313e-17,0
2018-07-13,100,0.009514775804518923,0.0095147758045189,2.2551405187698492e-17,0
2018-07-16,100,0.003884459592017837,0.0038844595920178,3.686287386450715e-17,0
2018-07-17,100,0.007288229611842643,0.0072882296118426,4.2500725161431774e-17,0
2018-07-18,100,-0.003845065134532978,-0.0038450651345329,-7.806255641895632e-17,0
2018-07-19,100,-0.01432432929310807,-0.014324329293108,-6.938893903907228e-17,0
2018-07-20,100,0.013586301760673675,0.0135863017606736,7.45931094670027e-17,0
2018-07-23,100,0.011054226847505977,0.0110542268475059,7.632783294297951e-17,0
2018-07-24,100,0.018327782010942494,0.0183277820109424,9.367506770274758e-17,0
2018-07-25,100,0.0017195761507227036,0.0017195761507227,3.686287386450715e-18,0
2018-07-26,100,0.005383067832525196,0.0053830678325251,9.627715291671279e-17,0
2018-07-27,100,-0.0014725928573476453,-0.0014725928573476,-4.5319650809894085e-17,0
2018-07-30,100,-0.014627483143729369,-0.0146274831437293,-6.938893903907228e-17,0
2018-07-31,100,0.011496888106255257,0.0114968881062552,5.724587470723463e-17,0
2018-08-01,100,-0.015434813916329636,-0.0154348139163296,-3.642919299551295e-17,0
2018-08-02,100,-0.027193828362932663,-0.0271938283629326,-6.245004513516506e-17,0
2018-08-03,100,-0.007238595679223348,-0.0072385956792233,-4.85722573273506e-17,0
2018-08-06,100,-0.01941771806972191,-0.0194177180697219,-1.0408340855860843e-17,0
2018-08-07,100,0.026025620588368673,0.0260256205883686,7.28583859910259e-17,0
2018-08-08,100,-0.012203576560652867,-0.0122035765606528,-6.765421556309548e-17,0
2018-08-09,100,0.024260711798848974,0.0242607117988489,7.28583859910259e-17,0
2018-08-10,100,0.005062211755684377,0.0050622117556843,7.632783294297951e-17,0
2018-08-13,100,0.0025861340708037126,0.0025861340708037,1.2576745200831851e-17,0
2018-08-14,100,0.00448134026983708,0.004481340269837,7.979727989493313e-17,0
2018-08-15,100,-0.015747312404192144,-0.0157473124041921,-4.5102810375396984e-17,0
2018-08-16,100,-0.010306240282957534,-0.0103062402829575,-3.2959746043559335e-17,0
2018-08-17,100,-0.01869030184927062,-0.0186903018492706,-1.734723475976807e-17,0
2018-08-20,100,0.0015168936340995498,0.0015168936340995,4.9873299934333204e-17,0
2018-08-21,100,0.008700879574543283,0.0087008795745432,8.326672684688674e-17,0
2018-08-22,100,-0.0163170630390264,-0.0163170630390264,0.0,0
2018-08-23,100,0.009137804807799193,0.0091378048077991,9.367506770274758e-17,0
2018-08-24,100,-0.00392110126441635,-0.0039211012644163,-4.9439619065339e-17,0
2018-08-27,100,0.017291911515535725,0.0172919115155357,2.42861286636753e-17,0
2018-08-28,100,0.004359695864533235,0.0043596958645332,3.5561831257524545e-17,0
2018-08-29,100,-0.004200960735751268,-0.0042009607357512,-6.852157730108388e-17,0
2018-08-30,100,-0.02046188757643371,-0.0204618875764337,-1.0408340855860843e-17,0
2018-08-31,100,-0.007465243262073943,-0.0074652432620739,-4.336808689942018e-17,0
2018-09-03,100,-0.0052567919836984,-0.0052567919836984,0.0,0
2018-09-04,100,0.013899053056882478,0.0138990530568824,7.806255641895632e-17,0
2018-09-05,100,-0.009800982417559506,-0.0098009824175595,-5.204170427930421e-18,0
2018-09-06,100,-0.002230498129916676,-0.0022304981299166,-7.589415207398531e-17,0
2018-09-07,100,0.005199973068339422,0.0051999730683394,2.168404344971009e-17,0
2018-09-10,100,-0.01952693460537355,-0.0195269346053735,-4.85722573273506e-17,0
2018-09-11,100,0.008960339128046635,0.0089603391280466,3.469446951953614e-17,0
2018-09-12,100,0.0026221906089444356,0.0026221906089444,3.5561831257524545e-17,0
2018-09-13,100,0.007364848455158641,0.0073648484551586,4.0766001685454967e-17,0
2018-09-14,100,-0.00801374000904353,-0.0080137400090435,-2.949029909160572e-17,0
2018-09-17,100,-0.013277092260435035,-0.013277092260435,-3.469446951953614e-17,0
2018-09-18,100,0.017213431185495363,0.0172134311854953,6.245004513516506e-17,0
2018-09-19,100,0.011770108682462659,0.0117701086824626,5.898059818321144e-17,0
2018-09-20,100,0.0032604889655649507,0.0032604889655649,5.074066167232161e-17,0
2018-09-21,100,0.008943171510111075,0.008943171510111,7.45931094670027e-17,0
2018-09-25,100,-0.003976181613780343,-0.0039761816137803,-4.336808689942018e-17,0
2018-09-26,100,0.005775074335142797,0.0057750743351427,9.71445146547012e-17,0
2018-09-27,100,-0.021471430178593546,-0.0214714301785935,-4.5102810375396984e-17,0
2018-09-28,100,0.010024086107317108,0.0100240861073171,8.673617379884035e-18,0
2018-10-08,100,-0.03902674826172138,-0.0390267482617213,-8.326672684688674e-17,0
2018-10-09,100,0.006129401693672151,0.0061294016936721,5.0306980803327406e-17,0
2018-10-10,100,0.011865306297470507,0.0118653062974705,6.938893903907228e-18,0
2018-10-11,100,-0.08536474815775373,-0.0853647481577537,-2.7755575615628914e-17,0
2018-10-12,100,-0.007796512331013432,-0.0077965123310134,-3.209238430557093e-17,0
2018-10-15,100,-0.0061707111378703884,-0.0061707111378703,-8.847089727481716e-17,0
2018-10-16,100,-0.020422162174595762,-0.0204221621745957,-6.245004513516506e-17,0
2018-10-17,100,0.015759761699245513,0.0157597616992455,1.3877787807814457e-17,0
2018-10-18,100,-0.029610241176168034,-0.029610241176168,-3.469446951953614e-17,0
2018-10-19,100,0.02012346097620372,0.0201234609762037,2.0816681711721685e-17,0
2018-10-22,100,0.058387048361717334,0.0583870483617173,3.469446951953614e-17,0
2018-10-23,100,0.008304860754976256,0.0083048607549762,5.551115123125783e-17,0
2018-10-24,100,0.0078062844475342555,0.0078062844475342,5.551115123125783e-17,0
2018-10-25,100,-0.009880244464075885,-0.0098802444640758,-8.500145032286355e-17,0
2018-10-26,100,0.008030836533135206,0.0080308365331352,5.204170427930421e-18,0
2018-10-29,100,-0.007620263134927271,-0.0076202631349272,-7.112366251504909e-17,0
2018-10-30,100,0.019910092291212635,0.0199100922912126,3.469446951953614e-17,0
2018-10-31,100,0.019969758529885057,0.019969758529885,5.551115123125783e-17,0
2018-11-01,100,0.002099448735627264,0.0020994487356272,6.375108774214766e-17,0
2018-11-02,100,0.026157139577187447,0.0261571395771874,4.5102810375396984e-17,0
2018-11-05,100,0.019902937182041114,0.0199029371820411,1.3877787807814457e-17,0
2018-11-06,100,-0.0069506048346572,-0.0069506048346572,0.0,0
2018-11-07,100,0.0022220951322116755,0.0022220951322116,7.546047120499111e-17,0
2018-11-08,100,0.015642767575877722,0.0156427675758777,2.0816681711721685e-17,0
2018-11-09,100,0.00277802805245184,0.0027780280524518,3.9898639947466563e-17,0
2018-11-12,100,0.03905970832960782,0.0390597083296078,2.0816681711721685e-17,0
2018-11-13,100,0.022688804004492052,0.022688804004492,5.204170427930421e-17,0
2018-11-14,100,0.0015505307442381245,0.0015505307442381,2.45029690981724e-17,0
2018-11-15,100,0.027026861722739312,0.0270268617227393,1.0408340855860843e-17,0
2018-11-16,100,0.010513227852836222,0.0105132278528362,2.2551405187698492e-17,0
2018-11-19,100,0.0038340885820884207,0.0038340885820884,2.0816681711721685e-17,0
2018-11-20,100,-0.030691152934603783,-0.0306911529346037,-8.326672684688674e-17,0
2018-11-21,100,0.015627995968676894,0.0156279959686768,9.367506770274758e-17,0
2018-11-22,100,0.0018363084999187774,0.0018363084999187,7.741203511546502e-17,0
2018-11-23,100,-0.05816347727615135,-0.0581634772761513,-4.85722573273506e-17,0
2018-11-26,100,0.002932391948043117,0.0029323919480431,1.691355389077387e-17,0
2018-11-27,100,0.014156394061559328,0.0141563940615593,2.7755575615628914e-17,0
2018-11-28,100,0.011833214556724224,0.0118332145567242,2.42861286636753e-17,0
2018-11-29,100,-0.030358339460488767,-0.0303583394604887,-6.591949208711867e-17,0
2018-11-30,100,0.006834291485400941,0.0068342914854009,4.0766001685454967e-17,0
2018-12-03,100,0.03095026365783369,0.0309502636578336,9.020562075079397e-17,0
2018-12-04,100,0.009911271996242355,0.0099112719962423,5.551115123125783e-17,0
2018-12-05,100,-0.009096928219644551,-0.0090969282196445,-5.204170427930421e-17,0
2018-12-06,100,-0.017900980650179334,-0.0179009806501793,-3.469446951953614e-17,0
2018-12-07,100,0.005767489642512983,0.0057674896425129,8.239936510889834e-17,0
2018-12-10,100,-0.016983775369493852,-0.0169837753694938,-5.204170427930421e-17,0
2018-12-11,100,0.012219140989436168,0.0122191409894361,6.765421556309548e-17,0
2018-12-12,100,0.005508302326004038,0.005508302326004,3.729655473350135e-17,0
2018-12-13,100,0.008307946727632498,0.0083079467276324,9.71445146547012e-17,0
2018-12-14,100,-0.03476253101381457,-0.0347625310138145,-6.938893903907228e-17,0
2018-12-17,100,0.0035622260843876973,0.0035622260843876,9.71445146547012e-17,0
2018-12-18,100,-0.006998499549078001,-0.006998499549078,-8.673617379884035e-19,0
2018-12-19,100,-0.012179102999677376,-0.0121791029996773,-7.632783294297951e-17,0
2018-12-20,100,0.010143941554208528,0.0101439415542085,2.7755575615628914e-17,0
2018-12-21,100,-0.0028039950127667344,-0.0028039950127667,-3.426078865054194e-17,0
2018-12-24,100,0.016092655437889635,0.0160926554378896,3.469446951953614e-17,0
2018-12-25,100,-0.0101351638046054,-0.0101351638046054,0.0,0
2018-12-26,100,0.0055513290999981,0.0055513290999981,0.0,0
2018-12-27,100,-0.018105695501503163,-0.0181056955015031,-6.245004513516506e-17,0
2018-12-28,100,-0.003948113025675115,-0.0039481130256751,-1.5612511283791264e-17,0
2019-01-02,100,0.0049674852277876,0.0049674852277876,0.0,0
2019-01-03,100,-0.0038123979671882335,-0.0038123979671882,-3.3393426912553537e-17,0
2019-01-04,100,0.023843998709495082,0.023843998709495,8.326672684688674e-17,0
2019-01-07,100,0.020698275712350805,0.0206982757123508,6.938893903907228e-18,0
2019-01-08,100,-0.00044808560503774574,-0.0004480856050377,-4.575333167888829e-17,0
2019-01-09,100,0.0012052984765283914,0.0012052984765283,9.150666335777657e-17,0
2019-01-10,100,0.0006508044238107547,0.0006508044238107,5.4643789493269423e-17,0
2019-01-11,100,0.009016860974578657,0.0090168609745786,5.724587470723463e-17,0
2019-01-14,100,-0.01077282409915266,-0.0107728240991526,-6.071532165918825e-17,0
2019-01-15,100,0.015259605579958101,0.0152596055799581,1.734723475976807e-18,0
2019-01-16,100,0.00012136621837135265,0.0001213662183713,5.265156800132731e-17,0
2019-01-17,100,-0.013214162430989551,-0.0132141624309895,-5.0306980803327406e-17,0
2019-01-18,100,0.004447050953210615,0.0044470509532106,1.474514954580286e-17,0
2019-01-21,100,0.0048336689991532586,0.0048336689991532,5.898059818321144e-17,0
2019-01-22,100,-0.007115063035141665,-0.0071150630351416,-6.505213034913027e-17,0
2019-01-23,100,0.0015776075593790884,0.001577607559379,8.847089727481716e-17,0
2019-01-24,100,0.006695427717587371,0.0066954277175873,7.112366251504909e-17,0
2019-01-25,100,-0.01562523598071078,-0.0156252359807107,-7.979727989493313e-17,0
2019-01-28,100,-0.014510328294672461,-0.0145103282946724,-6.071532165918825e-17,0
2019-01-29,100,-0.03082686995824078,-0.0308268699582407,-8.326672684688674e-17,0
2019-01-30,100,-0.016449498805938732,-0.0164494988059387,-3.122502256758253e-17,0
2019-01-31,100,-0.02708562074857084,-0.0270856207485708,-3.8163916471489756e-17,0
2019-02-01,100,0.0322963046051245,0.0322963046051245,0.0,0
2019-02-11,100,0.02677234929314068,0.0267723492931406,7.979727989493313e-17,0
2019-02-12,100,0.01698841016513193,0.0169884101651319,3.122502256758253e-17,0
2019-02-13,100,0.016730628167393576,0.0167306281673935,7.632783294297951e-17,0
2019-02-14,100,0.004771482516343748,0.0047714825163437,4.7704895589362195e-17,0
2019-02-15,100,0.004661661736981479,0.0046616617369814,7.979727989493313e-17,0
2019-02-18,100,0.03274247395809879,0.0327424739580987,9.020562075079397e-17,0
2019-02-19,100,0.003543504276922285,0.0035435042769222,8.500145032286355e-17,0
2019-02-20,100,0.008284855669284075,0.008284855669284,7.45931094670027e-17,0
2019-02-21,100,-0.005177160078893905,-0.0051771600788939,-5.204170427930421e-18,0
2019-02-22,100,0.015655487790874213,0.0156554877908742,1.3877787807814457e-17,0
2019-02-25,100,0.04133444978076156,0.0413344497807615,6.245004513516506e-17,0
2019-02-26,100,-0.004015634438108027,-0.004015634438108,-2.688821387764051e-17,0
2019-02-27,100,-0.004093421852747125,-0.0040934218527471,-2.5153490401663703e-17,0
2019-02-28,100,0.01196414407261744,0.0119641440726174,3.9898639947466563e-17,0
2019-03-01,100,0.0023726554436751656,0.0023726554436751,6.548581121812447e-17,0
2019-03-04,100,0.014432023137206554,0.0144320231372065,5.377642775528102e-17,0
2019-03-05,100,0.022001121415323538,0.0220011214153235,3.8163916471489756e-17,0
2019-03-06,100,0.020146315265378155,0.0201463152653781,5.551115123125783e-17,0
2019-03-07,100,0.022591718389833034,0.022591718389833,3.469446951953614e-17,0
2019-03-08,100,-0.04793126127186879,-0.0479312612718687,-9.020562075079397e-17,0
2019-03-11,100,0.052911717549974036,0.052911717549974,3.469446951953614e-17,0
2019-03-12,100,0.014992693407100204,0.0149926934071002,3.469446951953614e-18,0
2019-03-13,100,-0.017255104000683794,-0.0172551040006837,-9.367506770274758e-17,0
2019-03-14,100,-0.03286298912004193,-0.0328629891200419,-2.7755575615628914e-17,0
2019-03-15,100,0.021600080363143103,0.0216000803631431,3.469446951953614e-18,0
2019-03-18,100,0.02433160546738814,0.0243316054673881,4.163336342344337e-17,0
2019-03-19,100,0.007739679947116908,0.0077396799471169,7.806255641895632e-18,0
2019-03-20,100,0.004873190137057027,0.004873190137057,2.688821387764051e-17,0
2019-03-21,100,0.011033108628023045,0.011033108628023,4.5102810375396984e-17,0
2019-03-22,100,0.004909911959885226,0.0049099119598852,2.6020852139652106e-17,0
2019-03-25,100,-0.0031455237867676887,-0.0031455237867676,-8.847089727481716e-17,0
2019-03-26,100,-0.025241250704674402,-0.0252412507046744,-3.469446951953614e-18,0
2019-03-27,100,0.015586485390484,0.015586485390484,0.0,0
2019-03-28,100,-0.009026366106196039,-0.009026366106196,-3.8163916471489756e-17,0
2019-03-29,100,0.024746905792152298,0.0247469057921522,9.71445146547012e-17,0
2019-04-01,100,0.03537039699034221,0.0353703969903422,6.938893903907228e-18,0
2019-04-02,100,0.0065125269872296325,0.0065125269872296,3.209238430557093e-17,0
2019-04-03,100,0.015434491528768437,0.0154344915287684,3.642919299551295e-17,0
2019-04-04,100,0.002364177020368975,0.0023641770203689,7.502679033599691e-17,0
2019-04-08,100,0.004453330423378456,0.0044533304233784,5.551115123125783e-17,0
2019-04-09,100,0.008779246754656071,0.008779246754656,7.112366251504909e-17,0
2019-04-10,100,-0.0041358182454516645,-0.0041358182454516,-6.418476861114186e-17,0
2019-04-11,100,-0.01097643968046162,-0.0109764396804616,-2.0816681711721685e-17,0
2019-04-12,100,0.0052717283923367384,0.0052717283923367,3.8163916471489756e-17,0
2019-04-15,100,-0.011200753749948684,-0.0112007537499486,-8.326672684688674e-17,0
2019-04-16,100,0.013023888276034568,0.0130238882760345,6.765421556309548e-17,0
2019-04-17,100,0.011731276700096036,0.011731276700096,3.469446951953614e-17,0
2019-04-18,100,-0.006069273577637269,-0.0060692735776372,-6.852157730108388e-17,0
2019-04-19,100,0.013611796416526037,0.013611796416526,3.642919299551295e-17,0
2019-04-22,100,-0.0066803500172834766,-0.0066803500172834,-7.632783294297951e-17,0
2019-04-23,100,-0.022689576928955787,-0.0226895769289557,-8.673617379884035e-17,0
2019-04-24,100,0.01432134499554377,0.0143213449955437,7.112366251504909e-17,0
2019-04-25,100,-0.0421028470045683,-0.0421028470045683,0.0,0
2019-04-26,100,-0.011207133532564613,-0.0112071335325646,-1.3877787807814457e-17,0
2019-04-29,100,-0.044033919117727006,-0.044033919117727,-6.938893903907228e-18,0
2019-04-30,100,0.01804222277217755,0.0180422227721775,5.204170427930421e-17,0
2019-05-06,100,-0.0700761214616538,-0.0700761214616538,0.0,0
2019-05-07,100,0.02882186088326717,0.0288218608832671,6.938893903907228e-17,0
2019-05-08,100,0.008086535319456382,0.0080865353194563,8.153200337090993e-17,0
2019-05-09,100,0.0006846411652966922,0.0006846411652966,9.215718466126788e-17,0
2019-05-10,100,0.03234008224051434,0.0323400822405143,3.469446951953614e-17,0
2019-05-13,100,0.0008189566969589035,0.0008189566969589,3.469446951953614e-18,0
2019-05-14,100,-0.005747562729512881,-0.0057475627295128,-8.066464163292153e-17,0
2019-05-15,100,0.023104931415951765,0.0231049314159517,6.591949208711867e-17,0
2019-05-16,100,0.009871368917503792,0.0098713689175037,9.194034422677078e-17,0
2019-05-17,100,-0.0382266604513445,-0.0382266604513445,0.0,0
2019-05-20,100,0.004972113857473834,0.0049721138574738,3.469446951953614e-17,0
2019-05-21,100,0.015014592395144173,0.0150145923951441,7.28583859910259e-17,0
2019-05-22,100,0.0014307184773517756,0.0014307184773517,7.567731163948821e-17,0
2019-05-23,100,-0.02863307099696681,-0.0286330709969668,-1.0408340855860843e-17,0
2019-05-24,100,-0.0002557682712538334,-0.0002557682712538,-3.3393426912553537e-17,0
2019-05-27,100,0.029544237740649803,0.0295442377406498,3.469446951953614e-18,0
2019-05-28,100,0.002887827937938798,0.0028878279379387,9.80118763926896e-17,0
2019-05-29,100,0.008678190223218541,0.0086781902232185,4.163336342344337e-17,0
2019-05-30,100,-0.004507645427656622,-0.0045076454276566,-2.2551405187698492e-17,0
2019-05-31,100,0.005340075486785939,0.0053400754867859,3.903127820947816e-17,0
2019-06-03,100,-0.015844371871605895,-0.0158443718716058,-9.367506770274758e-17,0
2019-06-04,100,-0.013893295294874592,-0.0138932952948745,-9.194034422677078e-17,0
2019-06-05,100,0.00808275719128547,0.0080827571912854,6.938893903907228e-17,0
2019-06-06,100,-0.027186762172566815,-0.0271867621725668,-1.3877787807814457e-17,0
2019-06-10,100,0.011044683078369222,0.0110446830783692,2.2551405187698492e-17,0
2019-06-11,100,0.03308324146261246,0.0330832414626124,6.245004513516506e-17,0
2019-06-12,100,-0.0027476657184543583,-0.0027476657184543,-5.854691731421724e-17,0
2019-06-13,100,0.008564660769900742,0.0085646607699007,4.163336342344337e-17,0
2019-06-14,100,-0.030320890237865602,-0.0303208902378656,-3.469446951953614e-18,0
2019-06-17,100,0.010565163513127838,0.0105651635131278,3.8163916471489756e-17,0
2019-06-18,100,-0.006749574759826916,-0.0067495747598269,-1.6479873021779667e-17,0
2019-06-19,100,0.010199982691045783,0.0101999826910457,8.326672684688674e-17,0
2019-06-20,100,0.010821762087017047,0.010821762087017,4.683753385137379e-17,0
2019-06-21,100,0.045072950172212536,0.0450729501722125,3.469446951953614e-17,0
2019-06-24,100,-0.003453806838864962,-0.0034538068388649,-6.201636426617085e-17,0
2019-06-25,100,-0.005374841520881768,-0.0053748415208817,-6.852157730108388e-17,0
2019-06-26,100,0.0063395610959212124,0.0063395610959212,1.214306433183765e-17,0
2019-06-27,100,0.004066313879968217,0.0040663138799682,1.6479873021779667e-17,0
2019-06-28,100,-0.018006208839104886,-0.0180062088391048,-8.673617379884035e-17,0
2019-07-01,100,0.02400912846192542,0.0240091284619254,2.0816681711721685e-17,0
2019-07-02,100,-0.0031235632346471665,-0.0031235632346471,-6.635317295611287e-17,0
2019-07-03,100,-0.014453430413322881,-0.0144534304133228,-8.153200337090993e-17,0
2019-07-04,100,-0.0019306977140818049,-0.0019306977140818,-4.7704895589362195e-18,0
2019-07-05,100,0.004671868204269947,0.0046718682042699,4.7704895589362195e-17,0
2019-07-08,100,-0.027838280569792703,-0.0278382805697927,-3.469446951953614e-18,0
2019-07-09,100,0.011511520677904412,0.0115115206779044,1.214306433183765e-17,0
2019-07-10,100,-0.0025918845693651527,-0.0025918845693651,-5.2909066017292616e-17,0
2019-07-11,100,0.008085229212902112,0.0080852292129021,1.214306433183765e-17,0
2019-07-12,100,0.0013700688689347517,0.0013700688689347,5.182486384480711e-17,0
2019-07-15,100,0.010843912293013092,0.010843912293013,9.194034422677078e-17,0
2019-07-16,100,0.008251105730473695,0.0082511057304736,9.540979117872439e-17,0
2019-07-17,100,0.0037874496912444033,0.0037874496912444,3.469446951953614e-18,0
2019-07-18,100,-0.017169734945921073,-0.017169734945921,-7.28583859910259e-17,0
2019-07-19,100,0.005852398750079619,0.0058523987500796,1.9081958235744878e-17,0
2019-07-22,100,-0.0336700318876933,-0.0336700318876933,0.0,0
2019-07-23,100,0.023253147421732928,0.0232531474217329,2.7755575615628914e-17,0
2019-07-24,100,0.01399863785031624,0.0139986378503162,3.9898639947466563e-17,0
2019-07-25,100,-0.0001389952622043089,-0.0001389952622043,-8.890457814381136e-18,0
2019-07-26,100,0.0011176407973900215,0.00111764079739,2.1467203015212988e-17,0
2019-07-29,100,-0.0024468640058770454,-0.002446864005877,-4.5536491244391186e-17,0
2019-07-30,100,0.0064346200692775015,0.0064346200692775,1.734723475976807e-18,0
2019-07-31,100,-0.00880549796212145,-0.0088054979621214,-4.85722573273506e-17,0
2019-08-01,100,0.00037425757958346127,0.0003742575795834,6.1257422745431e-17,0
2019-08-02,100,-0.018727942461583384,-0.0187279424615833,-8.326672684688674e-17,0
2019-08-05,100,-0.005999884030581425,-0.0059998840305814,-2.5153490401663703e-17,0
2019-08-06,100,-0.036746784631262436,-0.0367467846312624,-3.469446951953614e-17,0
2019-08-07,100,-0.005091004220296582,-0.0050910042202965,-8.153200337090993e-17,0
2019-08-08,100,0.004636296126091697,0.0046362961260916,9.71445146547012e-17,0
2019-08-09,100,-0.0129315267112508,-0.0129315267112508,0.0,0
2019-08-12,100,0.015405343403688439,0.0154053434036884,3.8163916471489756e-17,0
2019-08-13,100,-0.007860824632502433,-0.0078608246325024,-3.2959746043559335e-17,0
2019-08-14,100,0.008008773149981963,0.0080087731499819,6.245004513516506e-17,0
2019-08-15,100,0.0003145137026123657,0.0003145137026123,6.570265165262157e-17,0
2019-08-16,100,0.0050641323818401375,0.0050641323818401,3.729655473350135e-17,0
2019-08-19,100,0.027659553241916532,0.0276595532419165,3.122502256758253e-17,0
2019-08-20,100,0.002987542292286952,0.0029875422922869,5.204170427930421e-17,0
2019-08-21,100,0.0010257577100938652,0.0010257577100938,6.526897078362737e-17,0
2019-08-22,100,0.005353364595445572,0.0053533645954455,7.19910242530375e-17,0
2019-08-23,100,-0.0052463725131884145,-0.0052463725131884,-1.474514954580286e-17,0
2019-08-26,100,-0.008439668558847382,-0.0084396685588473,-8.326672684688674e-17,0
2019-08-27,100,0.019768821519513292,0.0197688215195132,9.367506770274758e-17,0
2019-08-28,100,0.0006806093659887957,0.0006806093659887,9.573505183047004e-17,0
2019-08-29,100,-0.0015136743711681522,-0.0015136743711681,-5.2258544713801314e-17,0
2019-08-30,100,-0.020672223245221187,-0.0206722232452211,-8.673617379884035e-17,0
2019-09-02,100,0.02543635169227777,0.0254363516922777,6.938893903907228e-17,0
2019-09-03,100,0.00904366600184979,0.0090436660018497,9.020562075079397e-17,0
2019-09-04,100,0.007267629009038592,0.0072676290090385,9.194034422677078e-17,0
2019-09-05,100,0.007396498817237887,0.0073964988172378,8.760353553682876e-17,0
2019-09-06,100,0.0018954731825358985,0.0018954731825358,9.84455572616838e-17,0
2019-09-09,100,0.017920172120555574,0.0179201721205555,7.28583859910259e-17,0
2019-09-10,100,0.0017730081374075092,0.0017730081374075,9.107298248878237e-18,0
2019-09-11,100,-0.0033676937665879703,-0.0033676937665879,-7.025630077706069e-17,0
2019-09-12,100,0.008986520662122433,0.0089865206621224,3.2959746043559335e-17,0
2019-09-16,100,0.003536247544553747,0.0035362475445537,4.683753385137379e-17,0
2019-09-17,100,-0.021842684992573348,-0.0218426849925733,-4.85722573273506e-17,0
2019-09-18,100,0.005836158478362602,0.0058361584783626,2.6020852139652106e-18,0
2019-09-19,100,0.011926203553458976,0.0119262035534589,7.632783294297951e-17,0
2019-09-20,100,0.0014437514459671342,0.0014437514459671,3.426078865054194e-17,0
2019-09-23,100,-0.0058765432409726625,-0.0058765432409726,-6.245004513516506e-17,0
2019-09-24,100,0.0065499850083561365,0.0065499850083561,3.642919299551295e-17,0
2019-09-25,100,-0.023255257915184745,-0.0232552579151847,-4.5102810375396984e-17,0
2019-09-26,100,-0.03115545073481306,-0.031155450734813,-5.898059818321144e-17,0
2019-09-27,100,0.015219075206810744,0.0152190752068107,4.336808689942018e-17,0
2019-09-30,100,-0.0065734166210801,-0.0065734166210801,0.0,0
2019-10-08,100,0.007219723963349975,0.0072197239633499,7.546047120499111e-17,0
2019-10-09,100,0.013668102448401394,0.0136681024484013,9.367506770274758e-17,0
2019-10-10,100,0.012768775463009321,0.0127687754630093,2.0816681711721685e-17,0
2019-10-11,100,0.0020899528652998755,0.0020899528652998,7.546047120499111e-17,0
2019-10-14,100,0.01499966446855444,0.0149996644685544,3.9898639947466563e-17,0
2019-10-15,100,-0.0056704317282738545,-0.0056704317282738,-5.4643789493269423e-17,0
2019-10-16,100,-0.010953765996995723,-0.0109537659969957,-2.2551405187698492e-17,0
2019-10-17,100,-0.00545126707722105,-0.005451267077221,-5.0306980803327406e-17,0
2019-10-18,100,-0.012417050258330436,-0.0124170502583304,-3.642919299551295e-17,0
2019-10-21,100,0.010484965995386359,0.0104849659953863,5.898059818321144e-17,0
2019-10-22,100,0.012227249256579968,0.0122272492565799,6.765421556309548e-17,0
2019-10-23,100,0.0022455843206275507,0.0022455843206275,5.074066167232161e-17,0
2019-10-24,100,0.003062832938342126,0.0030628329383421,2.6020852139652106e-17,0
2019-10-25,100,0.004872697713218029,0.004872697713218,2.949029909160572e-17,0
2019-10-28,100,0.012456740218136555,0.0124567402181365,5.551115123125783e-17,0
2019-10-29,100,-0.018940091244002633,-0.0189400912440026,-3.469446951953614e-17,0
2019-10-30,100,-0.013101538327759031,-0.013101538327759,-3.122502256758253e-17,0
2019-10-31,100,-0.013771667138976035,-0.013771667138976,-3.469446951953614e-17,0
2019-11-01,100,0.012886548651992324,0.0128865486519923,2.42861286636753e-17,0
2019-11-04,100,-0.005945924916621356,-0.0059459249166213,-5.637851296924623e-17,0
2019-11-05,100,-0.005657285978674004,-0.005657285978674,-4.336808689942018e-18,0
2019-11-06,100,-0.015536629717659532,-0.0155366297176595,-3.2959746043559335e-17,0
2019-11-07,100,0.005459706931841216,0.0054597069318412,1.6479873021779667e-17,0
2019-11-08,100,-0.002525715979486843,-0.0025257159794868,-4.336808689942018e-17,0
2019-11-11,100,-0.03005081514224493,-0.0300508151422449,-2.7755575615628914e-17,0
2019-11-12,100,0.005206646020874461,0.0052066460208744,6.071532165918825e-17,0
2019-11-13,100,-0.0018039059052619522,-0.0018039059052619,-5.2258544713801314e-17,0
2019-11-14,100,0.004082312118485446,0.0040823121184854,4.597017211338539e-17,0
2019-11-15,100,-0.01586857142706929,-0.0158685714270692,-9.020562075079397e-17,0
2019-11-18,100,0.0073086318527521635,0.0073086318527521,6.331740687315346e-17,0
2019-11-19,100,0.01768308719343062,0.0176830871934306,1.734723475976807e-17,0
2019-11-20,100,-0.00735028356019038,-0.0073502835601903,-7.979727989493313e-17,0
2019-11-21,100,0.0007265875921960374,0.000726587592196,3.74049749507499e-17,0
2019-11-22,100,-0.007325789233139312,-0.0073257892331393,-1.214306433183765e-17,0
2019-11-25,100,0.0007986470706704984,0.0007986470706704,9.84455572616838e-17,0
2019-11-26,100,0.004178276026705976,0.0041782760267059,7.546047120499111e-17,0
2019-11-27,100,-0.0019309887165089522,-0.0019309887165089,-5.2258544713801314e-17,0
2019-11-28,100,-0.0010243560246530792,-0.001024356024653,-7.914675859144182e-17,0
2019-11-29,100,0.0020160788745657533,0.0020160788745657,5.334274688628682e-17,0
2019-12-02,100,0.002461596952170747,0.0024615969521707,4.7271214720367993e-17,0
2019-12-03,100,0.010613288055150868,0.0106132880551508,6.765421556309548e-17,0
2019-12-04,100,0.004089182015758193,0.0040891820157581,9.280770596475918e-17,0
2019-12-05,100,0.007054794414706328,0.0070547944147063,2.7755575615628914e-17,0
2019-12-06,100,0.0063332005780542275,0.0063332005780542,2.7755575615628914e-17,0
2019-12-09,100,-0.000526016119966185,-0.0005260161199661,-8.500145032286355e-17,0
2019-12-10,100,0.004065336827579558,0.0040653368275795,5.811323644522304e-17,0
2019-12-11,100,-0.0033643170213217975,-0.0033643170213217,-9.75781955236954e-17,0
2019-12-12,100,-0.005325674655735428,-0.0053256746557354,-2.7755575615628914e-17,0
2019-12-13,100,0.010227135020594545,0.0102271350205945,4.5102810375396984e-17,0
2019-12-16,100,0.014765504622331671,0.0147655046223316,7.112366251504909e-17,0
2019-12-17,100,0.011348419217185551,0.0113484192171855,5.0306980803327406e-17,0
2019-12-18,100,0.0050289790538150725,0.005028979053815,7.28583859910259e-17,0
2019-12-19,100,0.012935232010638415,0.0129352320106384,1.5612511283791264e-17,0
2019-12-20,100,-0.003002695114168867,-0.0030026951141688,-6.722053469410127e-17,0
2019-12-23,100,-0.018769229725465575,-0.0187692297254655,-7.632783294297951e-17,0
2019-12-24,100,0.021760246703493698,0.0217602467034936,9.71445146547012e-17,0
2019-12-25,100,0.0022532910668033156,0.0022532910668033,1.5612511283791264e-17,0
2019-12-26,100,0.013621478181721054,0.013621478181721,5.377642775528102e-17,0
2019-12-27,100,-0.005263986550599663,-0.0052639865505996,-6.331740687315346e-17,0
2019-12-30,100,0.004224172122573967,0.0042241721225739,6.678685382510707e-17,0
2019-12-31,100,0.004210099964326705,0.0042100999643267,5.204170427930421e-18,0
2020-01-02,100,0.01832630581916797,0.0183263058191679,6.938893903907228e-17,0
2020-01-03,100,0.005406827022154054,0.005406827022154,5.377642775528102e-17,0
2020-01-06,100,0.004356501189225672,0.0043565011892256,7.19910242530375e-17,0
2020-01-07,100,0.011344978203112114,0.0113449782031121,1.3877787807814457e-17,0
2020-01-08,100,-0.01400023383124664,-0.0140002338312466,-3.9898639947466563e-17,0
2020-01-09,100,0.016943109187611185,0.0169431091876111,8.326672684688674e-17,0
2020-01-10,100,-0.0021257881165927793,-0.0021257881165927,-7.936359902593892e-17,0
2020-01-13,100,0.00961581089871421,0.0096158108987142,1.0408340855860843e-17,0
2020-01-14,100,0.0029142177740075683,0.0029142177740075,6.808789643208968e-17,0
2020-01-15,100,-0.014642923644638255,-0.0146429236446382,-5.377642775528102e-17,0
2020-01-16,100,-0.009112292073800394,-0.0091122920738003,-9.367506770274758e-17,0
2020-01-17,100,-0.007361190624249562,-0.0073611906242495,-6.158268339717665e-17,0
2020-01-20,100,0.005830887918973254,0.0058308879189732,5.377642775528102e-17,0
2020-01-21,100,-0.010632708539007931,-0.0106327085390079,-3.122502256758253e-17,0
2020-01-22,100,-0.0003500952824131354,-0.0003500952824131,-3.539920093165172e-17,0
2020-01-23,100,-0.0380205155109039,-0.0380205155109039,0.0,0
2020-02-03,100,-0.09622734019331391,-0.0962273401933139,-1.3877787807814457e-17,0
2020-02-04,100,-0.025775305178736874,-0.0257753051787368,-7.28583859910259e-17,0
2020-02-05,100,0.026654547736149007,0.026654547736149,6.938893903907228e-18,0
2020-02-06,100,0.020681234752560437,0.0206812347525604,3.8163916471489756e-17,0
2020-02-07,100,0.013949464975315138,0.0139494649753151,3.8163916471489756e-17,0
2020-02-10,100,0.02093095510651147,0.0209309551065114,6.938893903907228e-17,0
2020-02-11,100,-0.008097386085085275,-0.0080973860850852,-7.45931094670027e-17,0
2020-02-12,100,0.015855281871094192,0.0158552818710941,9.367506770274758e-17,0
2020-02-13,100,-0.014001287149521419,-0.0140012871495214,-1.9081958235744878e-17,0
2020-02-14,100,6.915133098700732e-05,6.915133098700732e-05,0.0,0
2020-02-17,100,0.037713867826969644,0.0377138678269696,4.163336342344337e-17,0
2020-02-18,100,0.019619483752187812,0.0196194837521878,1.0408340855860843e-17,0
2020-02-19,100,-0.001305655893061889,-0.0013056558930618,-8.890457814381136e-17,0
2020-02-20,100,0.020024989306262665,0.0200249893062626,6.591949208711867e-17,0
2020-02-21,100,0.007608101319842297,0.0076081013198422,9.627715291671279e-17,0
2020-02-24,100,0.007332425428222599,0.0073324254282225,9.8879238130678e-17,0
2020-02-25,100,-0.012640386009255305,-0.0126403860092553,-5.204170427930421e-18,0
2020-02-26,100,-0.005742546100881065,-0.005742546100881,-6.505213034913027e-17,0
2020-02-27,100,0.0029790091296118693,0.0029790091296118,6.938893903907228e-17,0
2020-02-28,100,-0.056772822741428426,-0.0567728227414284,-2.7755575615628914e-17,0
2020-03-02,100,0.04272332204634111,0.0427233220463411,1.3877787807814457e-17,0
2020-03-03,100,0.009654440302044534,0.0096544403020445,3.2959746043559335e-17,0
2020-03-04,100,0.017401233616266328,0.0174012336162663,2.7755575615628914e-17,0
2020-03-05,100,0.02559529853852487,0.0255952985385248,6.938893903907228e-17,0
2020-03-06,100,0.006465455528981717,0.0064654555289817,1.734723475976807e-17,0
2020-03-09,100,-0.025262743084273467,-0.0252627430842734,-6.591949208711867e-17,0
2020-03-10,100,0.02105089124787187,0.0210508912478718,6.938893903907228e-17,0
2020-03-11,100,0.004916613100121393,0.0049166131001213,9.280770596475918e-17,0
2020-03-12,100,-0.013726190106720288,-0.0137261901067202,-8.847089727481716e-17,0
2020-03-13,100,-0.00811063060845503,-0.008110630608455,-2.949029909160572e-17,0
2020-03-16,100,-0.0271430794417173,-0.0271430794417173,0.0,0
2020-03-17,100,0.00164706095891465,0.0016470609589146,5.0090140368830305e-17,0
2020-03-18,100,-0.012639974050690662,-0.0126399740506906,-6.245004513516506e-17,0
2020-03-19,100,0.014974547514815771,0.0149745475148157,7.112366251504909e-17,0
2020-03-20,100,0.02063478173680254,0.0206347817368025,4.163336342344337e-17,0
2020-03-23,100,-0.03064586312285524,-0.0306458631228552,-3.8163916471489756e-17,0
2020-03-24,100,0.022073214169350798,0.0220732141693507,9.71445146547012e-17,0
2020-03-25,100,0.015597991270255747,0.0155979912702557,4.683753385137379e-17,0
2020-03-26,100,-0.014788436015221132,-0.0147884360152211,-3.122502256758253e-17,0
2020-03-27,100,0.004087336463908357,0.0040873364639083,5.637851296924623e-17,0
2020-03-30,100,-0.020640099340992323,-0.0206400993409923,-2.42861286636753e-17,0
2020-03-31,100,0.003318428836585896,0.0033184288365858,9.584347204771859e-17,0
2020-04-01,100,-0.006877045809218527,-0.0068770458092185,-2.688821387764051e-17,0
2020-04-02,100,0.012936350090082848,0.0129363500900828,4.85722573273506e-17,0
2020-04-03,100,-0.002094340899384228,-0.0020943408993842,-2.8189256484623115e-17,0
2020-04-07,100,0.02924684972016682,0.0292468497201668,2.0816681711721685e-17,0
2020-04-08,100,0.010275183531284381,0.0102751835312843,8.153200337090993e-17,0
2020-04-09,100,0.005894051349291739,0.0058940513492917,3.903127820947816e-17,0
2020-04-10,100,-0.022858381530692105,-0.0228583815306921,-6.938893903907228e-18,0
2020-04-13,100,-0.008054938401353674,-0.0080549384013536,-7.28583859910259e-17,0
2020-04-14,100,0.017981528829733907,0.0179815288297339,6.938893903907228e-18,0
2020-04-15,100,-0.011013525752324803,-0.0110135257523248,-3.469446951953614e-18,0
2020-04-16,100,0.0014686594220610716,0.001468659422061,7.155734338404329e-17,0
2020-04-17,100,-0.003748297787690872,-0.0037482977876908,-7.19910242530375e-17,0
2020-04-20,100,0.008680132890928444,0.0086801328909284,4.336808689942018e-17,0
2020-04-21,100,-0.004909694925203667,-0.0049096949252036,-6.678685382510707e-17,0
2020-04-22,100,0.010786041475247494,0.0107860414752474,9.367506770274758e-17,0
2020-04-23,100,-0.0036246803903027345,-0.0036246803903027,-3.469446951953614e-17,0
2020-04-24,100,-0.018734875601702467,-0.0187348756017024,-6.591949208711867e-17,0
2020-04-27,100,-0.01022439222982395,-0.0102243922298239,-5.0306980803327406e-17,0
2020-04-28,100,-0.027797863341059836,-0.0277978633410598,-3.469446951953614e-17,0
2020-04-29,100,-0.004671142940828642,-0.0046711429408286,-4.2500725161431774e-17,0
2020-04-30,100,0.019000235402028415,0.0190002354020284,1.3877787807814457e-17,0
2020-05-06,100,0.019006164612414115,0.0190061646124141,1.3877787807814457e-17,0
2020-05-07,100,-0.005363673530007762,-0.0053636735300077,-6.158268339717665e-17,0
2020-05-08,100,0.010790071664431723,0.0107900716644317,2.2551405187698492e-17,0
2020-05-11,100,-0.0004985048749555265,-0.0004985048749555,-2.656295322589486e-17,0
2020-05-12,100,-0.0027307167316695424,-0.0027307167316695,-4.2500725161431774e-17,0
2020-05-13,100,0.006103886831680222,0.0061038868316802,2.2551405187698492e-17,0
2020-05-14,100,-0.005039742494660282,-0.0050397424946602,-8.239936510889834e-17,0
2020-05-15,100,0.0006619729780792105,0.0006619729780792,1.0516761073109393e-17,0
2020-05-18,100,0.003986712662013498,0.0039867126620134,9.80118763926896e-17,0
2020-05-19,100,0.009600215955104675,0.0096002159551046,7.45931094670027e-17,0
2020-05-20,100,-0.0001745784338162637,-0.0001745784338162,-6.369687763352339e-17,0
2020-05-21,100,-0.0018550134665758467,-0.0018550134665758,-4.662069341687669e-17,0
2020-05-22,100,-0.0036236383937038874,-0.0036236383937038,-8.760353553682876e-17,0
2020-05-25,100,0.0066173273896706405,0.0066173273896706,4.0766001685454967e-17,0
2020-05-26,100,0.015866040942154398,0.0158660409421543,9.71445146547012e-17,0
2020-05-27,100,0.01000445205791152,0.0100044520579115,1.9081958235744878e-17,0
2020-05-28,100,-0.0026370094409271906,-0.0026370094409271,-9.063930161978817e-17,0
2020-05-29,100,0.007829961301874001,0.007829961301874,1.734723475976807e-18,0
2020-06-01,100,0.021592166563547822,0.0215921665635478,2.0816681711721685e-17,0
2020-06-02,100,0.009504849719446826,0.0095048497194468,2.6020852139652106e-17,0
2020-06-03,100,-0.0002177878469598915,-0.0002177878469598,-9.150666335777657e-17,0
2020-06-04,100,0.0049786430077682475,0.0049786430077682,4.7704895589362195e-17,0
2020-06-05,100,-0.005963001912950494,-0.0059630019129504,-9.367506770274758e-17,0
2020-06-08,100,-0.009151385568723726,-0.0091513855687237,-2.6020852139652106e-17,0
2020-06-09,100,0.0038086131979122584,0.0038086131979122,5.854691731421724e-17,0
2020-06-10,100,-0.009020442496775628,-0.0090204424967756,-2.7755575615628914e-17,0
2020-06-11,100,-0.0016010364799640964,-0.001601036479964,-9.627715291671279e-17,0
2020-06-12,100,-0.0042748636972624755,-0.0042748636972624,-7.546047120499111e-17,0
2020-06-15,100,0.004332245627357881,0.0043322456273578,8.153200337090993e-17,0
2020-06-16,100,0.01289644807155211,0.0128964480715521,8.673617379884035e-18,0
2020-06-17,100,0.0016748594302739184,0.0016748594302739,1.8431436932253575e-17,0
2020-06-18,100,-0.0012278042425940372,-0.001227804242594,-3.707971429900425e-17,0
2020-06-19,100,0.0030421574131193484,0.0030421574131193,4.85722573273506e-17,0
2020-06-22,100,0.0012925472055357412,0.0012925472055357,4.119968255444917e-17,0
2020-06-23,100,-0.0002962034987200324,-0.00029620349872,-3.236343484869231e-17,0
2020-06-24,100,-0.005758366027986338,-0.0057583660279863,-3.8163916471489756e-17,0
2020-06-29,100,-0.003783946750247721,-0.0037839467502477,-2.0816681711721685e-17,0
2020-06-30,100,0.012651506275578862,0.0126515062755788,6.245004513516506e-17,0
2020-07-01,100,-0.0015875452646240994,-0.001587545264624,-9.952975943416931e-17,0
2020-07-02,100,0.010841634119646145,0.0108416341196461,4.5102810375396984e-17,0
2020-07-03,100,0.012611677777029914,0.0126116777770299,1.3877787807814457e-17,0
2020-07-06,100,0.03522977463921677,0.0352297746392167,6.938893903907228e-17,0
2020-07-07,100,0.006371662295091628,0.0063716622950916,2.862293735361732e-17,0
2020-07-08,100,0.016711084211630332,0.0167110842116303,3.122502256758253e-17,0
2020-07-09,100,0.023052327800699837,0.0230523278006998,3.8163916471489756e-17,0
2020-07-10,100,-0.009649774601553335,-0.0096497746015533,-3.469446951953614e-17,0
2020-07-13,100,0.03552502912707036,0.0355250291270703,6.245004513516506e-17,0
2020-07-14,100,-0.0005092081340454357,-0.0005092081340454,-3.5670251474773096e-17,0
2020-07-15,100,-0.020204331367737905,-0.0202043313677379,-3.469446951953614e-18,0
2020-07-16,100,-0.03821556107638907,-0.038215561076389,-6.938893903907228e-17,0
2020-07-17,100,0.008448513553096906,0.0084485135530969,6.938893903907228e-18,0
2020-07-20,100,0.03884227681427801,0.038842276814278,6.938893903907228e-18,0
2020-07-21,100,-0.0006836730333694263,-0.0006836730333694,-2.6346112791397758e-17,0
2020-07-22,100,-0.0027653583406602377,-0.0027653583406602,-3.7730235602495554e-17,0
2020-07-23,100,-0.004530282488245597,-0.0045302824882455,-9.71445146547012e-17,0
2020-07-24,100,-0.028816176840937333,-0.0288161768409373,-3.122502256758253e-17,0
2020-07-27,100,0.0033684008160407143,0.0033684008160407,1.431146867680866e-17,0
2020-07-28,100,0.01727315904486242,0.0172731590448624,1.734723475976807e-17,0
2020-07-29,100,0.015268228148697015,0.015268228148697,1.5612511283791264e-17,0
2020-07-30,100,0.0015481561410121414,0.0015481561410121,4.141652298894627e-17,0
2020-07-31,100,0.011170987159258634,0.0111709871592586,3.469446951953614e-17,0
2020-08-03,100,0.02742088999623026,0.0274208899962302,5.898059818321144e-17,0
2020-08-04,100,-0.0004809058963698798,-0.0004809058963698,-7.979727989493313e-17,0
2020-08-05,100,0.015331504517718862,0.0153315045177188,6.245004513516506e-17,0
2020-08-06,100,0.0025748490342601795,0.0025748490342601,7.936359902593892e-17,0
2020-08-07,100,-0.017269160360924435,-0.0172691603609244,-3.469446951953614e-17,0
2020-08-10,100,0.014756824612658507,0.0147568246126585,6.938893903907228e-18,0
2020-08-11,100,-0.018920975600551077,-0.018920975600551,-7.632783294297951e-17,0
2020-08-12,100,-0.0033777451833686624,-0.0033777451833686,-6.245004513516506e-17,0
2020-08-13,100,0.0095340476920781,0.0095340476920781,0.0,0
2020-08-14,100,0.008610757420660732,0.0086107574206607,3.122502256758253e-17,0
2020-08-17,100,0.01761315884888872,0.0176131588488887,2.0816681711721685e-17,0
2020-08-18,100,0.007341370909035366,0.0073413709090353,6.591949208711867e-17,0
2020-08-19,100,-0.010091458808393705,-0.0100914588083937,-5.204170427930421e-18,0
2020-08-20,100,-0.004201546847422569,-0.0042015468474225,-6.938893903907228e-17,0
2020-08-21,100,0.00775281435733532,0.0077528143573353,2.0816681711721685e-17,0
2020-08-24,100,0.008513581153729535,0.0085135811537295,3.469446951953614e-17,0
2020-08-25,100,0.015990186645310985,0.0159901866453109,8.673617379884035e-17,0
2020-08-26,100,-0.016626925474235242,-0.0166269254742352,-4.163336342344337e-17,0
2020-08-27,100,0.026312309320981848,0.0263123093209818,4.85722573273506e-17,0
2020-08-28,100,0.004414326398524693,0.0044143263985246,9.280770596475918e-17,0
2020-08-31,100,-0.004234111167830134,-0.0042341111678301,-3.382710778154774e-17,0
2020-09-01,100,0.007711610888736279,0.0077116108887362,7.892991815694472e-17,0
2020-09-02,100,0.011288000204800183,0.0112880002048001,8.326672684688674e-17,0
2020-09-03,100,-0.010843680834079543,-0.0108436808340795,-4.336808689942018e-17,0
2020-09-04,100,0.011632310767876403,0.0116323107678764,3.469446951953614e-18,0
2020-09-07,100,0.0010996889908319362,0.0010996889908319,3.621235256101585e-17,0
2020-09-08,100,0.023756989212309218,0.0237569892123092,1.734723475976807e-17,0
2020-09-09,100,-0.008853395332041209,-0.0088533953320412,-8.673617379884035e-18,0
2020-09-10,100,-0.0697391053449726,-0.0697391053449726,0.0,0
2020-09-11,100,0.018494433503040756,0.0184944335030407,5.551115123125783e-17,0
2020-09-14,100,0.029605898591137946,0.0296058985911379,4.5102810375396984e-17,0
2020-09-15,100,-0.0015489439488157396,-0.0015489439488157,-3.968179951296946e-17,0
2020-09-16,100,-0.007763490316237036,-0.007763490316237,-3.642919299551295e-17,0
2020-09-17,100,0.010672992714896287,0.0106729927148962,8.673617379884035e-17,0
2020-09-18,100,0.013003083509294347,0.0130030835092943,4.683753385137379e-17,0
2020-09-21,100,-0.005615159165898125,-0.0056151591658981,-2.5153490401663703e-17,0
2020-09-22,100,-0.016855246505549325,-0.0168552465055493,-2.42861286636753e-17,0
2020-09-23,100,0.007850709573828713,0.0078507095738287,1.214306433183765e-17,0
2020-09-24,100,-0.03471831750354217,-0.0347183175035421,-6.938893903907228e-17,0
2020-09-25,100,-0.004949073238211961,-0.0049490732382119,-6.071532165918825e-17,0
2020-09-28,100,-0.02248900595567565,-0.0224890059556756,-4.85722573273506e-17,0
2020-09-29,100,0.0071826233409682996,0.0071826233409682,9.974659986866641e-17,0
2020-09-30,100,-0.0048943628836915325,-0.0048943628836915,-3.209238430557093e-17,0
2020-10-09,100,0.030220749902055557,0.0302207499020555,5.551115123125783e-17,0
2020-10-12,100,0.0281219319131359,0.0281219319131359,0.0,0
2020-10-13,100,0.0011990825708446228,0.0011990825708446,2.2768245622195593e-17,0
2020-10-14,100,-0.008153219644280648,-0.0081532196442806,-4.683753385137379e-17,0
2020-10-15,100,0.010440278411797805,0.0104402784117978,5.204170427930421e-18,0
2020-10-16,100,0.009403937564712264,0.0094039375647122,6.418476861114186e-17,0
2020-10-19,100,-0.00551163667738025,-0.0055116366773802,-5.0306980803327406e-17,0
2020-10-20,100,0.012669484196481774,0.0126694841964817,7.28583859910259e-17,0
2020-10-21,100,-0.006268978091893137,-0.0062689780918931,-3.729655473350135e-17,0
2020-10-22,100,0.0020764234442645444,0.0020764234442645,4.423544863740858e-17,0
2020-10-23,100,-0.008920567655251451,-0.0089205676552514,-5.0306980803327406e-17,0
2020-10-26,100,-0.0006301476109697624,-0.0006301476109697,-6.23416249179165e-17,0
2020-10-27,100,-0.004104190126779686,-0.0041041901267796,-8.673617379884035e-17,0
2020-10-28,100,-0.0002917283651095648,-0.0002917283651095,-6.483528991463317e-17,0
2020-10-29,100,-0.0001093401365529223,-0.0001093401365529,-2.2293907171733185e-17,0
2020-10-30,100,-0.029694627754064916,-0.0296946277540649,-1.734723475976807e-17,0
2020-11-02,100,0.0027815903433981246,0.0027815903433981,2.47198095326695e-17,0
2020-11-03,100,0.022129403223301834,0.0221294032233018,3.469446951953614e-17,0
2020-11-04,100,-0.005580950944957323,-0.0055809509449573,-2.2551405187698492e-17,0
2020-11-05,100,0.015012006997232043,0.015012006997232,4.336808689942018e-17,0
2020-11-06,100,-0.010631349410337007,-0.010631349410337,-6.938893903907228e-18,0
2020-11-09,100,0.01791322901237683,0.0179132290123768,3.122502256758253e-17,0
2020-11-10,100,-0.0067974335911827775,-0.0067974335911827,-7.719519468096792e-17,0
2020-11-11,100,-0.0015117551103906869,-0.0015117551103906,-8.695301423333746e-17,0
2020-11-12,100,0.006406366397317988,0.0064063663973179,8.760353553682876e-17,0
2020-11-13,100,-0.0017158757372886556,-0.0017158757372886,-5.572799166575493e-17,0
2020-11-16,100,0.013362635352642576,0.0133626353526425,7.632783294297951e-17,0
2020-11-17,100,-0.003527946336072323,-0.0035279463360723,-2.2985086056692694e-17,0
2020-11-18,100,0.00831135656878532,0.0083113565687853,1.9081958235744878e-17,0
2020-11-19,100,0.00020487733022231725,0.0002048773302223,1.723881454251952e-17,0
2020-11-20,100,0.00029078067477979365,0.0002907806747797,9.367506770274758e-17,0
2020-11-23,100,0.0037073025084109323,0.0037073025084109,3.209238430557093e-17,0
2020-11-24,100,4.9970375089115615e-05,4.9970375089115615e-05,0.0,0
2020-11-25,100,-0.011790152605801909,-0.0117901526058019,-8.673617379884035e-18,0
2020-11-26,100,-0.0009660056781372517,-0.0009660056781372,-5.171644362755856e-17,0
2020-11-27,100,-0.00028861724174680136,-0.0002886172417468,-1.3552527156068805e-18,0
2020-11-30,100,-0.0005610586774746362,-0.0005610586774746,-3.621235256101585e-17,0
2020-12-01,100,0.01060739580766492,0.0106073958076649,1.9081958235744878e-17,0
2020-12-02,100,0.001446218768374533,0.0014462187683745,3.2959746043559335e-17,0
2020-12-03,100,-0.0004164425184614129,-0.0004164425184614,-1.2902005852577503e-17,0
2020-12-04,100,0.004408733384704166,0.0044087333847041,6.591949208711867e-17,0
2020-12-07,100,-0.004699183963548232,-0.0046991839635482,-3.209238430557093e-17,0
2020-12-08,100,-0.0022575468928358643,-0.0022575468928358,-6.418476861114186e-17,0
2020-12-09,100,-0.01933353673200884,-0.0193335367320088,-4.163336342344337e-17,0
2020-12-10,100,0.0005687670535986388,0.0005687670535986,3.881443777498106e-17,0
2020-12-11,100,-0.020729483151080867,-0.0207294831510808,-6.591949208711867e-17,0
2020-12-14,100,0.006601088639936502,0.0066010886399365,1.734723475976807e-18,0
2020-12-15,100,-0.010950683681036,-0.010950683681036,0.0,0
2020-12-16,100,-0.018394581595346893,-0.0183945815953468,-9.367506770274758e-17,0
2020-12-17,100,0.007933037250944668,0.0079330372509446,6.765421556309548e-17,0
2020-12-18,100,-0.009238031022087808,-0.0092380310220878,-8.673617379884035e-18,0
2020-12-21,100,0.004416059104106992,0.0044160591041069,9.194034422677078e-17,0
2020-12-22,100,-0.025959497818457924,-0.0259594978184579,-2.42861286636753e-17,0
2020-12-23,100,-0.0008496119479526842,-0.0008496119479526,-8.42425088021237e-17,0
2020-12-24,100,-0.028038027985069207,-0.0280380279850692,-6.938893903907228e-18,0
2020-12-25,100,0.017011479097923506,0.0170114790979235,6.938893903907228e-18,0
2020-12-28,100,-0.018801198063098462,-0.0188011980630984,-6.245004513516506e-17,0
2020-12-29,100,0.0036865490040848036,0.0036865490040848,3.469446951953614e-18,0
2020-12-30,100,0.0019590473680389606,0.0019590473680389,6.071532165918825e-17,0
2020-12-31,100,0.014113462380587671,0.0141134623805876,7.112366251504909e-17,0
2021-01-04,100,0.00948118742828718,0.0094811874282871,7.979727989493313e-17,0
2021-01-05,100,-0.013347711125953924,-0.0133477111259539,-2.42861286636753e-17,0
2021-01-06,100,-0.02307759938173553,-0.0230775993817355,-2.7755575615628914e-17,0
2021-01-07,100,-0.04056951010683811,-0.0405695101068381,-1.3877787807814457e-17,0
2021-01-08,100,0.0004508092579432976,0.0004508092579432,9.763240563231967e-17,0
2021-01-11,100,-0.03730683130495803,-0.037306831304958,-2.7755575615628914e-17,0
2021-01-12,100,0.0030844694380193784,0.0030844694380193,7.849623728795052e-17,0
2021-01-13,100,-0.024494907818504406,-0.0244949078185044,-6.938893903907228e-18,0
2021-01-14,100,0.011578966316571071,0.011578966316571,7.112366251504909e-17,0
2021-01-15,100,0.03118537211211626,0.0311853721121162,5.898059818321144e-17,0
2021-01-18,100,0.019574271534223264,0.0195742715342232,6.245004513516506e-17,0
2021-01-19,100,0.01590255058364494,0.0159025505836449,3.8163916471489756e-17,0
2021-01-20,100,0.001274624064158043,0.001274624064158,4.3151246464923076e-17,0
2021-01-21,100,0.006828060085274962,0.0068280600852749,6.158268339717665e-17,0
2021-01-22,100,-0.013479799724189924,-0.0134797997241899,-2.42861286636753e-17,0
2021-01-25,100,-0.029215889004535988,-0.0292158890045359,-8.673617379884035e-17,0
2021-01-26,100,-0.005811954249796632,-0.0058119542497966,-3.209238430557093e-17,0
2021-01-27,100,-9.442339495974728e-05,-9.442339495974728e-05,0.0,0
2021-01-28,100,0.0038861114189561096,0.0038861114189561,9.540979117872439e-18,0
2021-01-29,100,-0.02251423986082364,-0.0225142398608236,-4.163336342344337e-17,0
2021-02-01,100,-0.007499487349529055,-0.007499487349529,-5.4643789493269423e-17,0
2021-02-02,100,-0.003910892371598865,-0.0039108923715988,-6.505213034913027e-17,0
2021-02-03,100,-0.018762169937899593,-0.0187621699378995,-9.367506770274758e-17,0
2021-02-04,100,-0.022991696778034997,-0.0229916967780349,-9.71445146547012e-17,0
2021-02-05,100,-0.0044498988671652275,-0.0044498988671652,-2.7755575615628914e-17,0
2021-02-08,100,-0.006485437053976466,-0.0064854370539764,-6.591949208711867e-17,0
2021-02-09,100,0.012999085168387192,0.0129990851683871,9.194034422677078e-17,0
2021-02-10,100,0.007436579055380912,0.0074365790553809,1.214306433183765e-17,0
2021-02-18,100,0.03924875293195533,0.0392487529319553,2.7755575615628914e-17,0
2021-02-19,100,0.03867378930248869,0.0386737893024886,9.020562075079397e-17,0
2021-02-22,100,0.022574838823844333,0.0225748388238443,3.122502256758253e-17,0
2021-02-23,100,-0.007025022162355501,-0.0070250221623555,-8.673617379884035e-19,0
2021-02-24,100,0.00912812052192476,0.0091281205219247,6.071532165918825e-17,0
2021-02-25,100,-0.008230138387602101,-0.0082301383876021,-1.734723475976807e-18,0
2021-02-26,100,0.017378253107925304,0.0173782531079253,3.469446951953614e-18,0
2021-03-01,100,0.026318444819882655,0.0263184448198826,5.551115123125783e-17,0
2021-03-02,100,-0.009320699085241742,-0.0093206990852417,-4.163336342344337e-17,0
2021-03-03,100,0.009579174430063495,0.0095791744300634,9.540979117872439e-17,0
2021-03-04,100,0.003081478464886085,0.003081478464886,8.500145032286355e-17,0
2021-03-05,100,0.017564421356835412,0.0175644213568354,1.0408340855860843e-17,0
2021-03-08,100,-0.004165191304066372,-0.0041651913040663,-7.19910242530375e-17,0
2021-03-09,100,-0.017234438914694023,-0.017234438914694,-2.42861286636753e-17,0
2021-03-10,100,-0.02446031030560717,-0.0244603103056071,-6.938893903907228e-17,0
2021-03-11,100,0.019569445542733058,0.019569445542733,5.898059818321144e-17,0
2021-03-12,100,0.0005566989861685301,0.0005566989861685,3.003240017784847e-17,0
2021-03-15,100,0.0045911258737776324,0.0045911258737776,3.209238430557093e-17,0
2021-03-16,100,0.02551778209252526,0.0255177820925252,6.245004513516506e-17,0
2021-03-17,100,0.007819161926208771,0.0078191619262087,7.112366251504909e-17,0
2021-03-18,100,-0.0004414690745288585,-0.0004414690745288,-5.849270720559296e-17,0
2021-03-19,100,0.004012036046066266,0.0040120360460662,6.591949208711867e-17,0
2021-03-22,100,0.01052636425518889,0.0105263642551888,9.020562075079397e-17,0
2021-03-23,100,-0.011165693108499943,-0.0111656931084999,-4.336808689942018e-17,0
2021-03-24,100,-3.736695288216962e-05,-3.736695288216962e-05,0.0,0
2021-03-25,100,0.0010919888608863914,0.0010919888608863,9.128982292327947e-17,0
2021-03-26,100,0.015585852090555146,0.0155858520905551,4.5102810375396984e-17,0
2021-03-29,100,-0.000686359682718024,-0.000686359682718,-2.4069288229178198e-17,0
2021-03-30,100,-0.01538947230211992,-0.0153894723021199,-2.0816681711721685e-17,0
2021-03-31,100,0.010195408803830866,0.0101954088038308,6.591949208711867e-17,0
2021-04-01,100,-0.003812574418287953,-0.0038125744182879,-5.2909066017292616e-17,0
2021-04-02,100,0.004872755152517996,0.0048727551525179,9.627715291671279e-17,0
2021-04-06,100,0.01652959825356017,0.0165295982535601,6.938893903907228e-17,0
2021-04-07,100,0.013650040869092961,0.0136500408690929,6.071532165918825e-17,0
2021-04-08,100,-0.01905654313899582,-0.0190565431389958,-2.0816681711721685e-17,0
2021-04-09,100,0.005747979719461921,0.0057479797194619,2.0816681711721685e-17,0
2021-04-12,100,-0.009911423431264346,-0.0099114234312643,-4.683753385137379e-17,0
2021-04-13,100,-0.006969375670140356,-0.0069693756701403,-5.637851296924623e-17,0
2021-04-14,100,0.018260298567738097,0.018260298567738,9.71445146547012e-17,0
2021-04-15,100,0.005791376550924575,0.0057913765509245,7.546047120499111e-17,0
2021-04-16,100,0.026373262233413453,0.0263732622334134,5.204170427930421e-17,0
2021-04-19,100,0.005242572368686102,0.0052425723686861,1.734723475976807e-18,0
2021-04-20,100,-0.006081007722617187,-0.0060810077226171,-8.673617379884035e-17,0
2021-04-21,100,-0.00558641790280797,-0.0055864179028079,-6.938893903907228e-17,0
2021-04-22,100,0.005041268806886433,0.0050412688068864,3.2959746043559335e-17,0
2021-04-23,100,-0.017231059818581022,-0.017231059818581,-2.0816681711721685e-17,0
2021-04-26,100,-0.010053608860662963,-0.0100536088606629,-6.245004513516506e-17,0
2021-04-27,100,-0.007586226261229312,-0.0075862262612293,-1.214306433183765e-17,0
2021-04-28,100,0.0008800177882986282,0.0008800177882986,2.8189256484623115e-17,0
2021-04-29,100,0.003558048010585454,0.0035580480105854,5.377642775528102e-17,0
2021-04-30,100,-0.014821592816117467,-0.0148215928161174,-6.591949208711867e-17,0
2021-05-06,100,0.006991578765965464,0.0069915787659654,6.418476861114186e-17,0
2021-05-07,100,-0.0027433436676272327,-0.0027433436676272,-3.252606517456513e-17,0
2021-05-10,100,0.0027786518386791357,0.0027786518386791,3.5561831257524545e-17,0
2021-05-11,100,0.008894837295484829,0.0088948372954848,2.7755575615628914e-17,0
2021-05-12,100,0.012002368871890757,0.0120023688718907,5.724587470723463e-17,0
2021-05-13,100,0.0012371307670854814,0.0012371307670854,8.131516293641283e-17,0
2021-05-14,100,0.011818130043547719,0.0118181300435477,1.9081958235744878e-17,0
2021-05-17,100,-0.02351234709350165,-0.0235123470935016,-4.85722573273506e-17,0
2021-05-18,100,0.006673885723625258,0.0066738857236252,5.811323644522304e-17,0
2021-05-19,100,0.005372169262891704,0.0053721692628917,3.469446951953614e-18,0
2021-05-20,100,-0.0019937425486237638,-0.0019937425486237,-6.375108774214766e-17,0
2021-05-21,100,0.014397487237094544,0.0143974872370945,4.336808689942018e-17,0
2021-05-24,100,0.010527129884891991,0.0105271298848919,9.020562075079397e-17,0
2021-05-25,100,0.0044461439652178445,0.0044461439652178,4.423544863740858e-17,0
2021-05-26,100,0.007866135446266125,0.0078661354462661,2.42861286636753e-17,0
2021-05-27,100,0.004257798082656822,0.0042577980826568,2.168404344971009e-17,0
2021-05-28,100,-0.003202141823205541,-0.0032021418232055,-4.119968255444917e-17,0
2021-05-31,100,0.008017679793846225,0.0080176797938462,2.42861286636753e-17,0
2021-06-01,100,0.009629822063688667,0.0096298220636886,6.765421556309548e-17,0
2021-06-02,100,0.004964576827857044,0.004964576827857,4.423544863740858e-17,0
2021-06-03,100,-0.0005609039801645066,-0.0005609039801645,-6.613633252161577e-18,0
2021-06-04,100,-0.0036700174068657675,-0.0036700174068657,-6.765421556309548e-17,0
2021-06-07,100,0.011507383181457309,0.0115073831814573,8.673617379884035e-18,0
2021-06-08,100,0.012187089417636063,0.012187089417636,6.245004513516506e-17,0
2021-06-09,100,0.008580782190996969,0.0085807821909969,6.938893903907228e-17,0
2021-06-10,100,0.003959436657012417,0.0039594366570124,1.6479873021779667e-17,0
2021-06-11,100,0.0018918152672948508,0.0018918152672948,5.074066167232161e-17,0
2021-06-15,100,-0.007061000178085022,-0.007061000178085,-2.168404344971009e-17,0
2021-06-16,100,-0.003915737353148734,-0.0039157373531487,-3.382710778154774e-17,0
2021-06-17,100,-0.0022220205843334305,-0.0022220205843334,-3.0357660829594124e-17,0
2021-06-18,100,0.010967115902836949,0.0109671159028369,4.85722573273506e-17,0
2021-06-21,100,0.010459681372645392,0.0104596813726453,9.194034422677078e-17,0
2021-06-22,100,0.009023340323103314,0.0090233403231033,1.3877787807814457e-17,0
2021-06-23,100,-0.0032197735127712747,-0.0032197735127712,-7.45931094670027e-17,0
2021-06-24,100,-0.004024130775001416,-0.0040241307750014,-1.6479873021779667e-17,0
2021-06-25,100,-0.007660218266559655,-0.0076602182665596,-5.551115123125783e-17,0
2021-06-28,100,0.0058573339292859496,0.0058573339292859,4.9439619065339e-17,0
2021-06-29,100,-0.010139132502644555,-0.0101391325026445,-5.551115123125783e-17,0
2021-06-30,100,0.007493808281591976,0.0074938082815919,7.546047120499111e-17,0
2021-07-01,100,-0.014842192107243659,-0.0148421921072436,-5.898059818321144e-17,0
2021-07-02,100,0.005108710382610391,0.0051087103826103,9.107298248878237e-17,0
2021-07-05,100,0.02377759175706448,0.0237775917570644,7.979727989493313e-17,0
2021-07-06,100,0.0037588618127581165,0.0037588618127581,1.6479873021779667e-17,0
2021-07-07,100,0.005431633098795871,0.0054316330987958,7.112366251504909e-17,0
2021-07-08,100,-0.008703442020695595,-0.0087034420206955,-9.540979117872439e-17,0
2021-07-09,100,0.008285371081943054,0.008285371081943,5.377642775528102e-17,0
2021-07-12,100,0.01107414463927761,0.0110741446392776,8.673617379884035e-18,0
2021-07-13,100,0.006308753333990919,0.0063087533339909,1.9081958235744878e-17,0
2021-07-14,100,-0.009887893905023924,-0.0098878939050239,-2.42861286636753e-17,0
2021-07-15,100,-0.02185165688222519,-0.0218516568822251,-9.020562075079397e-17,0
2021-07-16,100,-0.003938350957102503,-0.0039383509571025,-3.469446951953614e-18,0
2021-07-19,100,-0.004467867324790402,-0.0044678673247904,-2.6020852139652106e-18,0
2021-07-20,100,0.0002498903533784569,0.0002498903533784,5.686640394686471e-17,0
2021-07-21,100,0.01745491529230376,0.0174549152923037,5.898059818321144e-17,0
2021-07-22,100,0.0017465806893130864,0.001746580689313,8.630249292984615e-17,0
2021-07-23,100,-0.015207920811028754,-0.0152079208110287,-5.377642775528102e-17,0
2021-07-26,100,-0.013262672382468565,-0.0132626723824685,-6.591949208711867e-17,0
2021-07-27,100,-0.014619154904757223,-0.0146191549047572,-2.2551405187698492e-17,0
2021-07-28,100,-0.028697965035048966,-0.0286979650350489,-6.591949208711867e-17,0
2021-07-29,100,0.021429912327825235,0.0214299123278252,3.469446951953614e-17,0
2021-07-30,100,0.016055170095537405,0.0160551700955374,3.469446951953614e-18,0
2021-08-02,100,0.01777661798628928,0.0177766179862892,7.979727989493313e-17,0
2021-08-03,100,0.00856703737980563,0.0085670373798056,2.949029909160572e-17,0
2021-08-04,100,0.00670330583698936,0.0067033058369893,6.071532165918825e-17,0
2021-08-05,100,-0.004699643360431317,-0.0046996433604313,-1.6479873021779667e-17,0
2021-08-06,100,-0.0037368597333945954,-0.0037368597333945,-9.540979117872439e-17,0
2021-08-09,100,0.01894741838287164,0.0189474183828716,4.163336342344337e-17,0
2021-08-10,100,0.015369451180367068,0.015369451180367,6.765421556309548e-17,0
2021-08-11,100,0.005281716830337513,0.0052817168303375,1.3010426069826053e-17,0
2021-08-12,100,-0.0003835589585159938,-0.0003835589585159,-9.378348791999613e-17,0
2021-08-13,100,-0.00030359121472105065,-0.000303591214721,-5.063224145507306e-17,0
2021-08-16,100,0.0035243031057528673,0.0035243031057528,6.722053469410127e-17,0
2021-08-17,100,-0.020397535157394966,-0.0203975351573949,-6.591949208711867e-17,0
2021-08-18,100,0.015201903163748157,0.0152019031637481,5.724587470723463e-17,0
2021-08-19,100,-0.004216091108103223,-0.0042160911081032,-2.3418766925686896e-17,0
2021-08-20,100,-0.003994016527701173,-0.0039940165277011,-7.28583859910259e-17,0
2021-08-23,100,0.02820481803635972,0.0282048180363597,2.0816681711721685e-17,0
2021-08-24,100,0.0069425905374904395,0.0069425905374904,3.9898639947466563e-17,0
2021-08-25,100,0.010975066224608905,0.0109750662246089,5.204170427930421e-18,0
2021-08-26,100,0.003263462869858681,0.0032634628698586,8.109832250191573e-17,0
2021-08-27,100,-0.006704918886630599,-0.0067049188866305,-9.8879238130678e-17,0
2021-08-30,100,-0.0028363780100251835,-0.0028363780100251,-8.326672684688674e-17,0
2021-08-31,100,0.003380190995662268,0.0033801909956622,6.765421556309548e-17,0
2021-09-01,100,0.0006401698958947655,0.0006401698958947,6.548581121812447e-17,0
2021-09-02,100,0.0035749566119773323,0.0035749566119773,3.252606517456513e-17,0
2021-09-03,100,0.010194082090203211,0.0101940820902032,1.214306433183765e-17,0
2021-09-06,100,0.012591511516747821,0.0125915115167478,2.0816681711721685e-17,0
2021-09-07,100,0.004415416601394576,0.0044154166013945,7.546047120499111e-17,0
2021-09-08,100,0.014998709548898613,0.0149987095488986,1.3877787807814457e-17,0
2021-09-09,100,0.0006684774797947279,0.0006684774797947,2.7972416050126014e-17,0
2021-09-10,100,-0.010911590017230537,-0.0109115900172305,-3.642919299551295e-17,0
2021-09-13,100,0.006325143584629726,0.0063251435846297,2.6020852139652106e-17,0
2021-09-14,100,-0.010575790983877686,-0.0105757909838776,-8.500145032286355e-17,0
2021-09-15,100,0.013341627880785594,0.0133416278807855,9.367506770274758e-17,0
2021-09-16,100,-0.0024129879214721084,-0.0024129879214721,-8.239936510889834e-18,0
2021-09-17,100,-0.009257208893659996,-0.0092572088936599,-9.540979117872439e-17,0
2021-09-22,100,-0.0031519301609322504,-0.0031519301609322,-5.0306980803327406e-17,0
2021-09-23,100,0.013691182048898527,0.0136911820488985,2.7755575615628914e-17,0
2021-09-24,100,-0.025366083830462842,-0.0253660838304628,-4.163336342344337e-17,0
2021-09-27,100,-0.038395346188130765,-0.0383953461881307,-6.245004513516506e-17,0
2021-09-28,100,0.006787499253380663,0.0067874992533806,6.245004513516506e-17,0
2021-09-29,100,-0.022563213954025576,-0.0225632139540255,-7.632783294297951e-17,0
2021-09-30,100,0.027101075735773722,0.0271010757357737,2.0816681711721685e-17,0
2021-10-08,100,0.03612971830286273,0.0361297183028627,3.469446951953614e-17,0
2021-10-11,100,-0.002521524487949087,-0.002521524487949,-8.716985466783456e-17,0
2021-10-12,100,-0.01152744780031394,-0.0115274478003139,-3.9898639947466563e-17,0
2021-10-13,100,0.0020743505404836548,0.0020743505404836,5.4643789493269423e-17,0
2021-10-14,100,0.003019475427936118,0.0030194754279361,1.8214596497756474e-17,0
2021-10-15,100,-0.01007385783107515,-0.0100738578310751,-5.0306980803327406e-17,0
2021-10-18,100,0.009721343619357363,0.0097213436193573,6.245004513516506e-17,0
2021-10-19,100,-0.0024226702012248246,-0.0024226702012248,-2.47198095326695e-17,0
2021-10-20,100,-0.008462335091120543,-0.0084623350911205,-4.336808689942018e-17,0
2021-10-21,100,-0.014903199879733977,-0.0149031998797339,-7.806255641895632e-17,0
2021-10-22,100,-0.01280569726490818,-0.0128056972649081,-7.979727989493313e-17,0
2021-10-25,100,-0.002115698128947594,-0.0021156981289475,-9.410874857174178e-17,0
2021-10-26,100,-0.010520941053357198,-0.0105209410533571,-9.71445146547012e-17,0
2021-10-27,100,-0.024463085251701756,-0.0244630852517017,-5.551115123125783e-17,0
2021-10-28,100,-0.013487589528579015,-0.013487589528579,-1.5612511283791264e-17,0
2021-10-29,100,0.027644468295320763,0.0276444682953207,6.245004513516506e-17,0
2021-11-01,100,0.012433166659476524,0.0124331666594765,2.42861286636753e-17,0
2021-11-02,100,-0.017938665870197462,-0.0179386658701974,-6.245004513516506e-17,0
2021-11-03,100,0.011285053322318843,0.0112850533223188,4.336808689942018e-17,0
2021-11-04,100,0.009239211694976192,0.0092392116949761,9.194034422677078e-17,0
2021-11-05,100,0.002367303803741252,0.0023673038037412,5.160802341031001e-17,0
2021-11-08,100,0.012414976580837284,0.0124149765808372,8.326672684688674e-17,0
2021-11-09,100,0.009691311644757918,0.0096913116447579,1.9081958235744878e-17,0
2021-11-10,100,0.007961744129423838,0.0079617441294238,3.8163916471489756e-17,0
2021-11-11,100,0.010797061080790126,0.0107970610807901,2.6020852139652106e-17,0
2021-11-12,100,0.012823650284396016,0.012823650284396,1.5612511283791264e-17,0
2021-11-15,100,0.022997741110451955,0.0229977411104519,5.551115123125783e-17,0
2021-11-16,100,-0.008745348918181515,-0.0087453489181815,-1.5612511283791264e-17,0
2021-11-17,100,0.01657778455965021,0.0165777845596502,1.0408340855860843e-17,0
2021-11-18,100,-0.012795771929558806,-0.0127957719295588,-5.204170427930421e-18,0
2021-11-19,100,0.012499529526039603,0.0124995295260396,3.469446951953614e-18,0
2021-11-22,100,-0.0018853637701238225,-0.0018853637701238,-2.2551405187698492e-17,0
2021-11-23,100,0.005027135021753873,0.0050271350217538,7.37257477290143e-17,0
2021-11-24,100,0.004314223564523421,0.0043142235645234,2.0816681711721685e-17,0
2021-11-25,100,0.0064240928976467115,0.0064240928976467,1.1275702593849246e-17,0
2021-11-26,100,-0.004414785732759195,-0.0044147857327591,-9.540979117872439e-17,0
2021-11-29,100,-0.007876495202084048,-0.007876495202084,-4.85722573273506e-17,0
2021-11-30,100,0.019361955192635324,0.0193619551926353,2.42861286636753e-17,0
2021-12-01,100,0.025265967375323783,0.0252659673753237,8.326672684688674e-17,0
2021-12-02,100,-0.009913828400757522,-0.0099138284007575,-2.2551405187698492e-17,0
2021-12-03,100,0.0016447440135654145,0.0016447440135654,1.452830911130576e-17,0
2021-12-06,100,-0.021754972586677485,-0.0217549725866774,-8.673617379884035e-17,0
2021-12-07,100,0.00033253217386064015,0.0003325321738606,4.016969049058794e-17,0
2021-12-08,100,0.007566710175793623,0.0075667101757936,2.2551405187698492e-17,0
2021-12-09,100,0.005395710051823543,0.0053957100518235,4.2500725161431774e-17,0
2021-12-10,100,0.016074983871771812,0.0160749838717718,1.0408340855860843e-17,0
2021-12-13,100,0.0010622470240475657,0.0010622470240475,6.570265165262157e-17,0
2021-12-14,100,0.01322457662247305,0.013224576622473,5.0306980803327406e-17,0
2021-12-15,100,0.010132677296054195,0.0101326772960541,9.540979117872439e-17,0
2021-12-16,100,0.01144013870757038,0.0114401387075703,7.979727989493313e-17,0
2021-12-17,100,0.00010193788305053464,0.0001019378830505,3.4640259410911867e-17,0
2021-12-20,100,0.0037412033399910594,0.003741203339991,5.941427905220564e-17,0
2021-12-21,100,0.02733150827661278,0.0273315082766127,7.979727989493313e-17,0
2021-12-22,100,-0.0014672585144835236,-0.0014672585144835,-2.3635607360183997e-17,0
2021-12-23,100,-0.019912008183003094,-0.019912008183003,-9.367506770274758e-17,0
2021-12-24,100,-0.02052277058002196,-0.0205227705800219,-5.898059818321144e-17,0
2021-12-27,100,0.019667964998093753,0.0196679649980937,5.204170427930421e-17,0
2021-12-28,100,0.008594397722883356,0.0085943977228833,5.551115123125783e-17,0
2021-12-29,100,0.005787541177804949,0.0057875411778049,4.85722573273506e-17,0
2021-12-30,100,0.010564836142978611,0.0105648361429786,1.0408340855860843e-17,0
2021-12-31,100,0.002960874287164378,0.0029608742871643,7.762887554996212e-17,0
2022-01-04,100,0.02921374824117448,0.0292137482411744,7.979727989493313e-17,0
2022-01-05,100,-0.005777331197355033,-0.005777331197355,-3.2959746043559335e-17,0
2022-01-06,100,0.014710568222449056,0.014710568222449,5.551115123125783e-17,0
2022-01-07,100,-0.022813042447350523,-0.0228130424473505,-2.42861286636753e-17,0
2022-01-10,100,0.015094656281422796,0.0150946562814227,9.540979117872439e-17,0
2022-01-11,100,0.007410739294827187,0.0074107392948271,8.760353553682876e-17,0
2022-01-12,100,0.025547043159956956,0.0255470431599569,5.551115123125783e-17,0
2022-01-13,100,0.0008801351864008933,0.0008801351864008,9.334980705100193e-17,0
2022-01-14,100,-0.01688745678777799,-0.0168874567877779,-9.020562075079397e-17,0
2022-01-17,100,0.02297034290848281,0.0229703429084828,1.0408340855860843e-17,0
2022-01-18,100,-0.030265398805314557,-0.0302653988053145,-5.551115123125783e-17,0
2022-01-19,100,0.02220975166401666,0.0222097516640166,6.245004513516506e-17,0
2022-01-20,100,-0.03752506121050731,-0.0375250612105073,-1.3877787807814457e-17,0
2022-01-21,100,0.007457127051792781,0.0074571270517927,8.066464163292153e-17,0
2022-01-24,100,-0.019205236122507276,-0.0192052361225072,-7.632783294297951e-17,0
2022-01-25,100,-0.04564719435219161,-0.0456471943521916,-1.3877787807814457e-17,0
2022-01-26,100,0.01539239812648161,0.0153923981264816,1.0408340855860843e-17,0
2022-01-27,100,-0.039321128962146575,-0.0393211289621465,-7.632783294297951e-17,0
2022-01-28,100,0.034131648483254576,0.0341316484832545,7.632783294297951e-17,0
2022-02-07,100,0.01356435017768072,0.0135643501776807,2.0816681711721685e-17,0
2022-02-08,100,0.02582586635668395,0.0258258663566839,4.85722573273506e-17,0
2022-02-09,100,0.007828673407520135,0.0078286734075201,3.469446951953614e-17,0
2022-02-10,100,-0.0031490080475707395,-0.0031490080475707,-3.946495907847236e-17,0
2022-02-11,100,-0.02463803960306226,-0.0246380396030622,-5.898059818321144e-17,0
2022-02-14,100,0.01875120849502637,0.0187512084950263,6.938893903907228e-17,0
2022-02-15,100,-0.00023019342292863177,-0.0002301934229286,-3.176712365382528e-17,0
2022-02-16,100,0.028489187266502708,0.0284891872665027,6.938893903907228e-18,0
2022-02-17,100,-0.0009603363034394518,-0.0009603363034394,-5.182486384480711e-17,0
2022-02-18,100,0.0073574451338115875,0.0073574451338115,8.760353553682876e-17,0
2022-02-21,100,0.019416692012778694,0.0194166920127786,9.367506770274758e-17,0
2022-02-22,100,-0.008688249988070619,-0.0086882499880706,-1.9081958235744878e-17,0
2022-02-23,100,0.010017601856982925,0.0100176018569829,2.42861286636753e-17,0
2022-02-24,100,-0.018584532805543327,-0.0185845328055433,-2.7755575615628914e-17,0
2022-02-25,100,0.017387766174102422,0.0173877661741024,2.0816681711721685e-17,0
2022-02-28,100,-0.004509783148713552,-0.0045097831487135,-5.204170427930421e-17,0
2022-03-01,100,0.01938737806840027,0.0193873780684002,6.938893903907228e-17,0
2022-03-02,100,0.017939883776726503,0.0179398837767265,3.469446951953614e-18,0
2022-03-03,100,0.0041103223050522174,0.0041103223050522,1.734723475976807e-17,0
2022-03-04,100,-0.013200295809189378,-0.0132002958091893,-7.806255641895632e-17,0
2022-03-07,100,-0.0026902612869525557,-0.0026902612869525,-5.551115123125783e-17,0
2022-03-08,100,-0.03002864744249307,-0.030028647442493,-6.938893903907228e-17,0
2022-03-09,100,-0.015494262527830548,-0.0154942625278305,-4.85722573273506e-17,0
2022-03-10,100,0.022886473272119092,0.022886473272119,9.367506770274758e-17,0
2022-03-11,100,0.007916444300229785,0.0079164443002297,8.500145032286355e-17,0
2022-03-14,100,-0.02827106439030688,-0.0282710643903068,-7.979727989493313e-17,0
2022-03-15,100,-0.046749743772121606,-0.0467497437721216,-6.938893903907228e-18,0
2022-03-16,100,0.04069034750591118,0.0406903475059111,8.326672684688674e-17,0
2022-03-17,100,0.008157247005029714,0.0081572470050297,1.3877787807814457e-17,0
2022-03-18,100,0.02435037850193151,0.0243503785019315,1.0408340855860843e-17,0
2022-03-21,100,0.01961909644232306,0.019619096442323,5.898059818321144e-17,0
2022-03-22,100,0.0020675136906053424,0.0020675136906053,4.2500725161431774e-17,0
2022-03-23,100,-0.00203039914043336,-0.0020303991404333,-5.984795992119984e-17,0
2022-03-24,100,-0.017390166809411932,-0.0173901668094119,-3.122502256758253e-17,0
2022-03-25,100,0.0110676780742689,0.0110676780742689,0.0,0
2022-03-28,100,-0.0034831399489521154,-0.0034831399489521,-1.5178830414797062e-17,0
2022-03-29,100,-0.017501395722651275,-0.0175013957226512,-7.632783294297951e-17,0
2022-03-30,100,0.004458960368309137,0.0044589603683091,3.729655473350135e-17,0
2022-03-31,100,0.009666589726946201,0.0096665897269462,1.734723475976807e-18,0
2022-04-01,100,-0.011834257713295413,-0.0118342577132954,-1.3877787807814457e-17,0
2022-04-06,100,0.02483081206396258,0.0248308120639625,7.979727989493313e-17,0
2022-04-07,100,-0.025040147554836172,-0.0250401475548361,-7.28583859910259e-17,0
2022-04-08,100,-0.011721818602134157,-0.0117218186021341,-5.724587470723463e-17,0
2022-04-11,100,-0.018608001365846817,-0.0186080013658468,-1.734723475976807e-17,0
2022-04-12,100,0.026574348640750985,0.0265743486407509,8.326672684688674e-17,0
2022-04-13,100,-0.01365864977896183,-0.0136586497789618,-2.949029909160572e-17,0
2022-04-14,100,0.0036168669275398256,0.0036168669275398,2.5587171270657905e-17,0
2022-04-15,100,-0.03216972721979396,-0.0321697272197939,-6.245004513516506e-17,0
2022-04-18,100,0.011663350008214453,0.0116633500082144,5.204170427930421e-17,0
2022-04-19,100,0.0065069807423807705,0.0065069807423807,7.025630077706069e-17,0
2022-04-20,100,0.002769787296984738,0.0027697872969847,3.8163916471489756e-17,0
2022-04-21,100,-0.03279804600743194,-0.0327980460074319,-4.163336342344337e-17,0
2022-04-22,100,-0.0008000898476136875,-0.0008000898476136,-8.749511531958021e-17,0
2022-04-25,100,-0.0822154563869752,-0.0822154563869752,0.0,0
2022-04-26,100,-0.04202993663383104,-0.042029936633831,-4.163336342344337e-17,0
2022-04-27,100,0.015658137372668,0.015658137372668,0.0,0
2022-04-28,100,-0.023110548976685855,-0.0231105489766858,-5.551115123125783e-17,0
2022-04-29,100,0.04980654301365749,0.0498065430136574,8.326672684688674e-17,0
2022-05-05,100,0.013910633956358822,0.0139106339563588,2.2551405187698492e-17,0
2022-05-06,100,-0.00722446510933564,-0.0072244651093356,-3.9898639947466563e-17,0
2022-05-09,100,0.021840731027695685,0.0218407310276956,8.326672684688674e-17,0
2022-05-10,100,0.016823495962355817,0.0168234959623558,1.734723475976807e-17,0
2022-05-11,100,-0.0007307081240730851,-0.000730708124073,-8.51098705401121e-17,0
2022-05-12,100,0.014182996568121796,0.0141829965681217,9.540979117872439e-17,0
2022-05-13,100,0.007280374398408426,0.0072803743984084,2.6020852139652106e-17,0
2022-05-16,100,0.00486763907995785,0.0048676390799578,5.0306980803327406e-17,0
2022-05-17,100,-0.0037573730442347665,-0.0037573730442347,-6.635317295611287e-17,0
2022-05-18,100,0.01766441419114989,0.0176644141911498,9.020562075079397e-17,0
2022-05-19,100,0.012796910642585448,0.0127969106425854,4.85722573273506e-17,0
2022-05-20,100,0.0056619023645965326,0.0056619023645965,3.2959746043559335e-17,0
2022-05-23,100,0.015311954249581648,0.0153119542495816,4.85722573273506e-17,0
2022-05-24,100,-0.04196717212829318,-0.0419671721282931,-7.632783294297951e-17,0
2022-05-25,100,0.022261090573450843,0.0222610905734508,4.163336342344337e-17,0
2022-05-26,100,0.0020909769537316735,0.0020909769537316,7.37257477290143e-17,0
2022-05-27,100,-0.0035777360739377684,-0.0035777360739377,-6.852157730108388e-17,0
2022-05-30,100,0.003686390238921462,0.0036863902389214,6.201636426617085e-17,0
2022-05-31,100,0.007753897077051759,0.0077538970770517,5.898059818321144e-17,0
2022-06-01,100,0.014854393006239747,0.0148543930062397,4.683753385137379e-17,0
2022-06-02,100,0.02213878096938595,0.0221387809693859,4.85722573273506e-17,0
2022-06-06,100,0.017675524095070463,0.0176755240950704,6.245004513516506e-17,0
2022-06-07,100,-0.013925885079327216,-0.0139258850793272,-1.5612511283791264e-17,0
2022-06-08,100,-0.009333650604581984,-0.0093336506045819,-8.326672684688674e-17,0
2022-06-09,100,-0.01763236700847661,-0.0176323670084766,-1.0408340855860843e-17,0
2022-06-10,100,0.008112356033063843,0.0081123560330638,4.336808689942018e-17,0
2022-06-13,100,-0.0004243213042211902,-0.0004243213042211,-9.020562075079397e-17,0
2022-06-14,100,-0.004298350685092288,-0.0042983506850922,-8.760353553682876e-17,0
2022-06-15,100,-0.0005358182198508598,-0.0005358182198508,-5.984795992119984e-17,0
2022-06-16,100,0.010910292969012782,0.0109102929690127,8.153200337090993e-17,0
2022-06-17,100,-0.006086532781295729,-0.0060865327812957,-2.862293735361732e-17,0
2022-06-20,100,0.013817881544493477,0.0138178815444934,7.632783294297951e-17,0
2022-06-21,100,0.0062514395134242885,0.0062514395134242,8.847089727481716e-17,0
2022-06-22,100,-0.015517778937454561,-0.0155177789374545,-6.071532165918825e-17,0
2022-06-23,100,0.018369448795157693,0.0183694487951576,9.367506770274758e-17,0
2022-06-24,100,0.006280386072659932,0.0062803860726599,3.209238430557093e-17,0
2022-06-27,100,0.0038913611488923406,0.0038913611488923,4.0766001685454967e-17,0
2022-06-28,100,0.022491405227011384,0.0224914052270113,8.326672684688674e-17,0
2022-06-29,100,-0.022970204484647407,-0.0229702044846474,-6.938893903907228e-18,0
2022-06-30,100,0.0015451617383256911,0.0015451617383256,9.107298248878237e-17,0
2022-07-01,100,-2.878446108873778e-06,-2.878446108873778e-06,0.0,0
2022-07-04,100,-4.043035186902522e-06,-4.043035186902522e-06,0.0,0
2022-07-05,100,-0.011409714028017,-0.011409714028017,0.0,0
2022-07-06,100,0.0004707223994044485,0.0004707223994044,4.8518047218726323e-17,0
2022-07-07,100,0.004720738366547451,0.0047207383665474,5.117434254131581e-17,0
2022-07-08,100,0.014665979213536516,0.0146659792135365,1.5612511283791264e-17,0
2022-07-11,100,-0.0035927021572004923,-0.0035927021572004,-9.237402509576498e-17,0
2022-07-12,100,-0.017727607418951664,-0.0177276074189516,-6.591949208711867e-17,0
2022-07-13,100,0.022047486859139834,0.0220474868591398,3.469446951953614e-17,0
2022-07-14,100,0.006980581159926938,0.0069805811599269,3.729655473350135e-17,0
2022-07-15,100,-0.026893981179506254,-0.0268939811795062,-5.551115123125783e-17,0
2022-07-18,100,0.03864668321455,0.03864668321455,0.0,0
2022-07-19,100,0.01523645755482164,0.0152364575548216,3.9898639947466563e-17,0
2022-07-20,100,0.004859536695819388,0.0048595366958193,8.760353553682876e-17,0
2022-07-21,100,-0.0012603837871722977,-0.0012603837871722,-9.77950359581925e-17,0
2022-07-22,100,0.012105951503829761,0.0121059515038297,6.071532165918825e-17,0
2022-07-25,100,0.001332439070011756,0.0013324390700117,5.616167253474913e-17,0
2022-07-26,100,0.0072667418562559925,0.0072667418562559,9.280770596475918e-17,0
2022-07-27,100,0.007613628612403513,0.0076136286124035,1.3010426069826053e-17,0
2022-07-28,100,0.008643330359571894,0.0086433303595718,9.367506770274758e-17,0
2022-07-29,100,0.002500555766527063,0.002500555766527,6.288372600415926e-17,0
2022-08-01,100,0.006672247562805588,0.0066722475628055,8.760353553682876e-17,0
2022-08-02,100,-0.04383515799221477,-0.0438351579922147,-6.938893903907228e-17,0
2022-08-03,100,0.0065540978910397195,0.0065540978910397,1.9081958235744878e-17,0
2022-08-04,100,0.020502984787487435,0.0205029847874874,3.469446951953614e-17,0
2022-08-05,100,0.0065656710626654504,0.0065656710626654,5.0306980803327406e-17,0
2022-08-08,100,0.015911966817643522,0.0159119668176435,2.0816681711721685e-17,0
2022-08-09,100,0.01622110764649776,0.0162211076464977,5.898059818321144e-17,0
2022-08-10,100,0.011463216122127773,0.0114632161221277,7.28583859910259e-17,0
2022-08-11,100,0.008231792622227585,0.0082317926222275,8.500145032286355e-17,0
2022-08-12,100,0.0020170535654826893,0.0020170535654826,8.933825901280557e-17,0
2022-08-15,100,0.00034691926833701814,0.000346919268337,1.81603863891322e-17,0
2022-08-16,100,0.010607676933749248,0.0106076769337492,4.85722573273506e-17,0
2022-08-17,100,-0.002417539617395865,-0.0024175396173958,-6.505213034913027e-17,0
2022-08-18,100,0.004200857008401229,0.0042008570084012,2.862293735361732e-17,0
2022-08-19,100,-0.014262900863595876,-0.0142629008635958,-7.632783294297951e-17,0
2022-08-22,100,0.005365006623540004,0.00536500662354,3.469446951953614e-18,0
2022-08-23,100,0.0074139002918393,0.0074139002918393,0.0,0
2022-08-24,100,-0.02245292043119461,-0.0224529204311946,-1.0408340855860843e-17,0
2022-08-25,100,-0.0021824317184605357,-0.0021824317184605,-3.5561831257524545e-17,0
2022-08-26,100,-0.010089142855206835,-0.0100891428552068,-3.469446951953614e-17,0
2022-08-29,100,0.015440790237950934,0.0154407902379509,3.469446951953614e-17,0
2022-08-30,100,0.009090642806295702,0.0090906428062957,1.734723475976807e-18,0
2022-08-31,100,-0.024555966240315055,-0.024555966240315,-5.551115123125783e-17,0
2022-09-01,100,0.005123023701979067,0.005123023701979,6.678685382510707e-17,0
2022-09-02,100,0.02236156635351662,0.0223615663535166,2.0816681711721685e-17,0
2022-09-05,100,0.006734411740178141,0.0067344117401781,4.0766001685454967e-17,0
2022-09-06,100,0.000981753246521353,0.0009817532465213,5.2909066017292616e-17,0
2022-09-07,100,-0.0010474228046364064,-0.0010474228046364,-6.5052130349130266e-18,0
2022-09-08,100,-0.011022145439824603,-0.0110221454398246,-3.469446951953614e-18,0
2022-09-09,100,-0.006705384612483234,-0.0067053846124832,-3.469446951953614e-17,0
2022-09-13,100,0.00914645635128457,0.0091464563512845,6.938893903907228e-17,0
2022-09-14,100,-0.002952614718806663,-0.0029526147188066,-6.331740687315346e-17,0
2022-09-15,100,-0.022868957957365037,-0.022868957957365,-3.8163916471489756e-17,0
2022-09-16,100,-0.03270195273797212,-0.0327019527379721,-2.0816681711721685e-17,0
2022-09-19,100,-0.020829351442455055,-0.020829351442455,-5.551115123125783e-17,0
2022-09-20,100,0.02051283349626881,0.0205128334962688,6.938893903907228e-18,0
2022-09-21,100,0.015013939414305533,0.0150139394143055,3.2959746043559335e-17,0
2022-09-22,100,-0.0025372335213849173,-0.0025372335213849,-1.734723475976807e-17,0
2022-09-23,100,-0.023146676970126,-0.023146676970126,0.0,0
2022-09-26,100,-0.02678737464556553,-0.0267873746455655,-3.122502256758253e-17,0
2022-09-27,100,0.03272353237998159,0.0327235323799815,9.020562075079397e-17,0
2022-09-28,100,-0.01583365085505263,-0.0158336508550526,-3.122502256758253e-17,0
2022-09-29,100,-0.009399269615212412,-0.0093992696152124,-1.214306433183765e-17,0
2022-09-30,100,-0.01183317801797129,-0.0118331780179712,-8.847089727481716e-17,0
2022-10-10,100,-0.01661571100990595,-0.0166157110099059,-4.85722573273506e-17,0
2022-10-11,100,0.0028979303945676884,0.0028979303945676,8.847089727481716e-17,0
2022-10-12,100,0.02932076576802186,0.0293207657680218,5.898059818321144e-17,0
2022-10-13,100,0.019500339583150488,0.0195003395831504,8.673617379884035e-17,0
2022-10-14,100,0.01724403867549393,0.0172440386754939,3.122502256758253e-17,0
2022-10-17,100,0.02951778253576506,0.029517782535765,5.898059818321144e-17,0
2022-10-18,100,0.0014683214029491032,0.0014683214029491,3.2526065174565133e-18,0
2022-10-19,100,-0.00467404758415268,-0.0046740475841526,-7.979727989493313e-17,0
2022-10-20,100,-0.0008104223383818643,-0.0008104223383818,-6.429318882839041e-17,0
2022-10-21,100,0.006276535172907143,0.0062765351729071,4.336808689942018e-17,0
2022-10-24,100,-0.01724326886633714,-0.0172432688663371,-4.163336342344337e-17,0
2022-10-25,100,-0.011759763355143055,-0.011759763355143,-5.551115123125783e-17,0
2022-10-26,100,0.02798485954724372,0.0279848595472437,2.0816681711721685e-17,0
2022-10-27,100,0.0067414434261017986,0.0067414434261017,9.8879238130678e-17,0
2022-10-28,100,-0.04173848626041737,-0.0417384862604173,-7.632783294297951e-17,0
2022-10-31,100,0.019875795168042377,0.0198757951680423,7.632783294297951e-17,0
2022-11-01,100,0.025384366095627327,0.0253843660956273,2.7755575615628914e-17,0
2022-11-02,100,0.011749946987326199,0.0117499469873261,9.8879238130678e-17,0
2022-11-03,100,0.0049707153634980196,0.004970715363498,1.9949319973733282e-17,0
2022-11-04,100,0.012039515271537486,0.0120395152715374,8.500145032286355e-17,0
2022-11-07,100,0.014899983998786077,0.014899983998786,7.632783294297951e-17,0
2022-11-08,100,0.004866351623418534,0.0048663516234185,3.469446951953614e-17,0
2022-11-09,100,-0.0012179870934262516,-0.0012179870934262,-5.160802341031001e-17,0
2022-11-10,100,-0.002018251502610561,-0.0020182515026105,-6.071532165918825e-17,0
2022-11-11,100,0.003619170470288385,0.0036191704702883,8.500145032286355e-17,0
2022-11-14,100,0.001738175208741325,0.0017381752087413,2.4936649967166602e-17,0
2022-11-15,100,0.01190777430757785,0.0119077743075778,5.0306980803327406e-17,0
2022-11-16,100,0.00867881527139666,0.0086788152713966,5.898059818321144e-17,0
2022-11-17,100,0.012333895497400658,0.0123338954974006,5.724587470723463e-17,0
2022-11-18,100,0.0010677113199642706,0.0010677113199642,7.068998164605489e-17,0
2022-11-21,100,0.0023967919811740414,0.002396791981174,4.163336342344337e-17,0
2022-11-22,100,-0.009257020455527416,-0.0092570204555274,-1.5612511283791264e-17,0
2022-11-23,100,-0.014354143881451363,-0.0143541438814513,-6.245004513516506e-17,0
2022-11-24,100,0.010322605611815066,0.010322605611815,6.591949208711867e-17,0
2022-11-25,100,-0.00947435424339971,-0.0094743542433997,-8.673617379884035e-18,0
2022-11-28,100,-0.0033299357326461642,-0.0033299357326461,-6.418476861114186e-17,0
2022-11-29,100,0.016061897270492953,0.0160618972704929,5.204170427930421e-17,0
2022-11-30,100,-0.0023252285158064244,-0.0023252285158064,-2.42861286636753e-17,0
2022-12-01,100,0.007823295420463578,0.0078232954204635,7.806255641895632e-17,0
2022-12-02,100,0.020431287541456112,0.0204312875414561,1.0408340855860843e-17,0
2022-12-05,100,0.005899165506258345,0.0058991655062583,4.5102810375396984e-17,0
2022-12-06,100,-0.010241607926604087,-0.010241607926604,-8.673617379884035e-17,0
2022-12-07,100,0.0008055351046114445,0.0008055351046114,4.456070928915423e-17,0
2022-12-08,100,-0.005885355304906467,-0.0058853553049064,-6.765421556309548e-17,0
2022-12-09,100,-0.001994111106509987,-0.0019941111065099,-8.673617379884035e-17,0
2022-12-12,100,-0.0029385476860978132,-0.0029385476860978,-1.3444106938820255e-17,0
2022-12-13,100,0.0016490257746389814,0.0016490257746389,8.131516293641283e-17,0
2022-12-14,100,-0.0016338642717296315,-0.0016338642717296,-3.144186300207963e-17,0
2022-12-15,100,0.008325313408014701,0.0083253134080147,1.734723475976807e-18,0
2022-12-16,100,-0.019032087677232124,-0.0190320876772321,-2.42861286636753e-17,0
2022-12-19,100,-0.02963259450191342,-0.0296325945019134,-1.734723475976807e-17,0
2022-12-20,100,0.0030670808453056777,0.0030670808453056,7.762887554996212e-17,0
2022-12-21,100,-0.007725961351375957,-0.0077259613513759,-5.724587470723463e-17,0
2022-12-22,100,-0.017517712662509212,-0.0175177126625092,-1.0408340855860843e-17,0
2022-12-23,100,0.004353014797803935,0.0043530147978039,3.5561831257524545e-17,0
2022-12-26,100,0.013839276443717765,0.0138392764437177,6.418476861114186e-17,0
2022-12-27,100,0.0013473147373969797,0.0013473147373969,7.979727989493313e-17,0
2022-12-28,100,-0.01754610888946378,-0.0175461088894637,-8.326672684688674e-17,0
2022-12-29,100,-0.006553225409031581,-0.0065532254090315,-8.153200337090993e-17,0
2022-12-30,100,0.008312048426959389,0.0083120484269593,8.847089727481716e-17,0
2023-01-03,100,0.03304144557608672,0.0330414455760867,2.0816681711721685e-17,0
2023-01-04,100,0.014950110215373666,0.0149501102153736,6.591949208711867e-17,0
2023-01-05,100,0.0009687878508891134,0.0009687878508891,1.3444106938820255e-17,0
2023-01-06,100,-0.005582010347971384,-0.0055820103479713,-8.326672684688674e-17,0
2023-01-09,100,0.006422633931284008,0.006422633931284,7.806255641895632e-18,0
2023-01-10,100,-0.0014550424675852291,-0.0014550424675852,-2.905661822261152e-17,0
2023-01-11,100,-0.01741639076890219,-0.0174163907689021,-9.020562075079397e-17,0
2023-01-12,100,0.002215320567967455,0.0022153205679674,5.5077470362263625e-17,0
2023-01-13,100,-0.00020926413242531528,-0.0002092641324253,-1.5287250632045613e-17,0
2023-01-16,100,0.018220276323569526,0.0182202763235695,2.42861286636753e-17,0
2023-01-17,100,-0.0018779795039610891,-0.001877979503961,-8.912141857830846e-17,0
2023-01-18,100,0.015828219456518147,0.0158282194565181,4.85722573273506e-17,0
2023-01-19,100,0.008689273990639795,0.0086892739906397,9.540979117872439e-17,0
2023-01-20,100,0.008548949953726665,0.0085489499537266,6.591949208711867e-17,0
2023-01-30,100,0.020175240320597324,0.0201752403205973,2.42861286636753e-17,0
2023-01-31,100,0.0074718428991461935,0.0074718428991461,9.367506770274758e-17,0
2023-02-01,100,0.020738335958660384,0.0207383359586603,8.326672684688674e-17,0
2023-02-02,100,0.004267991979316646,0.0042679919793166,4.597017211338539e-17,0
2023-02-03,100,0.003412746423229731,0.0034127464232297,3.122502256758253e-17,0
2023-02-06,100,0.009999028318914843,0.0099990283189148,4.336808689942018e-17,0
2023-02-07,100,0.009192649765015637,0.0091926497650156,3.642919299551295e-17,0
2023-02-08,100,-0.004555411050593435,-0.0045554110505934,-3.5561831257524545e-17,0
2023-02-09,100,0.010647156839977238,0.0106471568399772,3.8163916471489756e-17,0
2023-02-10,100,0.005674224778737946,0.0056742247787379,4.597017211338539e-17,0
2023-02-13,100,0.007646882072940051,0.00764688207294,5.117434254131581e-17,0
2023-02-14,100,0.0037984614084068413,0.0037984614084068,4.119968255444917e-17,0
2023-02-15,100,0.007843746269549649,0.0078437462695496,4.85722573273506e-17,0
2023-02-16,100,-0.027634330287188886,-0.0276343302871888,-8.673617379884035e-17,0
2023-02-17,100,0.0031677922980430794,0.003167792298043,7.936359902593892e-17,0
2023-02-20,100,0.0022299601752290266,0.002229960175229,2.6454533008646308e-17,0
2023-02-21,100,0.001316343351026209,0.0013163433510262,8.890457814381136e-18,0
2023-02-22,100,0.003425602545263253,0.0034256025452632,5.334274688628682e-17,0
2023-02-23,100,0.0020403177977211173,0.0020403177977211,1.734723475976807e-17,0
2023-02-24,100,0.002821233145926857,0.0028212331459268,5.681219383824043e-17,0
2023-02-27,100,-0.011138267335864127,-0.0111382673358641,-2.6020852139652106e-17,0
2023-02-28,100,0.013273004094210623,0.0132730040942106,2.2551405187698492e-17,0
2023-03-01,100,0.015909175172568936,0.0159091751725689,3.469446951953614e-17,0
2023-03-02,100,0.0034929454518154122,0.0034929454518154,1.214306433183765e-17,0
2023-03-03,100,-0.002972890368698312,-0.0029728903686983,-1.214306433183765e-17,0
2023-03-06,100,-0.002693488391782346,-0.0026934883917823,-4.597017211338539e-17,0
2023-03-07,100,-0.016283776898419658,-0.0162837768984196,-5.898059818321144e-17,0
2023-03-08,100,0.019624088776465473,0.0196240887764654,7.28583859910259e-17,0
2023-03-09,100,0.016941299660282298,0.0169412996602822,9.71445146547012e-17,0
2023-03-10,100,-0.010264653494627659,-0.0102646534946276,-5.898059818321144e-17,0
2023-03-13,100,-0.0026465243386247783,-0.0026465243386247,-7.849623728795052e-17,0
2023-03-14,100,-0.01605331905523836,-0.0160533190552383,-5.898059818321144e-17,0
2023-03-15,100,0.014239323137432713,0.0142393231374327,1.214306433183765e-17,0
2023-03-16,100,-0.012241698444899805,-0.0122416984448998,-5.204170427930421e-18,0
2023-03-17,100,0.003578685019248874,0.0035786850192488,7.41594285980085e-17,0
2023-03-20,100,-0.005203675633449855,-0.0052036756334498,-5.4643789493269423e-17,0
2023-03-21,100,0.023788777953212815,0.0237887779532128,1.3877787807814457e-17,0
2023-03-22,100,0.010218906963189816,0.0102189069631898,1.5612511283791264e-17,0
2023-03-23,100,-0.004134496282947668,-0.0041344962829476,-6.852157730108388e-17,0
2023-03-24,100,0.0030287941051013213,0.0030287941051013,2.1250362580715887e-17,0
2023-03-27,100,-0.004241415394888013,-0.004241415394888,-1.3010426069826053e-17,0
2023-03-28,100,-0.008106614896412637,-0.0081066148964126,-3.642919299551295e-17,0
2023-03-29,100,-0.013481571051244163,-0.0134815710512441,-6.245004513516506e-17,0
2023-03-30,100,-0.01349414429762951,-0.0134941442976295,-8.673617379884035e-18,0
2023-03-31,100,0.00811086960957979,0.0081108696095797,8.847089727481716e-17,0
2023-04-03,100,0.007333150917635334,0.0073331509176353,3.382710778154774e-17,0
2023-04-04,100,-0.01680796269524099,-0.0168079626952409,-9.020562075079397e-17,0
2023-04-06,100,-0.010548261946402458,-0.0105482619464024,-5.724587470723463e-17,0
2023-04-07,100,0.008036097935128574,0.0080360979351285,7.45931094670027e-17,0
2023-04-10,100,-0.019656667804793516,-0.0196566678047935,-1.734723475976807e-17,0
2023-04-11,100,-0.004451914672454359,-0.0044519146724543,-5.898059818321144e-17,0
2023-04-12,100,0.013460256949989894,0.0134602569499898,9.367506770274758e-17,0
2023-04-13,100,0.00019046151125468925,0.0001904615112546,8.925694384986915e-17,0
2023-04-14,100,0.0008141679181100403,0.00081416791811,4.0332320816460765e-17,0
2023-04-17,100,-0.0005680928907513661,-0.0005680928907513,-6.602791230436722e-17,0
2023-04-18,100,-0.01075834110464462,-0.0107583411046446,-2.0816681711721685e-17,0
2023-04-19,100,-0.00656489275779228,-0.0065648927577922,-7.979727989493313e-17,0
2023-04-20,100,-0.012652129790958479,-0.0126521297909584,-7.979727989493313e-17,0
2023-04-21,100,-0.027937405018760953,-0.0279374050187609,-5.204170427930421e-17,0
2023-04-24,100,0.00022302231608645862,0.0002230223160864,5.862823247715365e-17,0
2023-04-25,100,-0.02064641420907819,-0.0206464142090781,-9.020562075079397e-17,0
2023-04-26,100,0.019839544760354953,0.0198395447603549,5.204170427930421e-17,0
2023-04-27,100,0.012507502662469578,0.0125075026624695,7.806255641895632e-17,0
2023-04-28,100,0.028813424772326533,0.0288134247723265,3.469446951953614e-17,0
2023-05-04,100,0.019923554637686126,0.0199235546376861,2.42861286636753e-17,0
2023-05-05,100,-0.004744233269547178,-0.0047442332695471,-7.719519468096792e-17,0
2023-05-08,100,0.0011952017865025633,0.0011952017865025,6.331740687315346e-17,0
2023-05-09,100,-0.019098494496657976,-0.0190984944966579,-7.632783294297951e-17,0
2023-05-10,100,0.009534673647854293,0.0095346736478542,9.367506770274758e-17,0
2023-05-11,100,0.01578885846652476,0.0157888584665247,5.898059818321144e-17,0
2023-05-12,100,-0.0062605189221731665,-0.0062605189221731,-6.678685382510707e-17,0
2023-05-15,100,0.007988452309920135,0.0079884523099201,3.469446951953614e-17,0
2023-05-16,100,-0.00471737106095565,-0.0047173710609556,-5.0306980803327406e-17,0
2023-05-17,100,0.022654189299712916,0.0226541892997129,1.734723475976807e-17,0
2023-05-18,100,0.00979231631237834,0.0097923163123783,4.163336342344337e-17,0
2023-05-19,100,4.5227820284575724e-05,4.522782028457573e-05,-6.776263578034403e-21,0
2023-05-22,100,0.009156658126298643,0.0091566581262986,4.336808689942018e-17,0
2023-05-23,100,-0.000542037119612937,-0.0005420371196129,-3.69712940817557e-17,0
2023-05-24,100,0.007587481024843254,0.0075874810248432,5.4643789493269423e-17,0
2023-05-25,100,0.004985538421216121,0.0049855384212161,2.168404344971009e-17,0
2023-05-26,100,-0.004977718613987464,-0.0049777186139874,-6.418476861114186e-17,0
2023-05-29,100,-0.008432697953634403,-0.0084326979536344,-3.469446951953614e-18,0
2023-05-30,100,0.0010235745559373454,0.0010235745559373,4.5319650809894085e-17,0
2023-05-31,100,-0.006300997148503964,-0.0063009971485039,-6.418476861114186e-17,0
2023-06-01,100,0.0032038518071884747,0.0032038518071884,7.45931094670027e-17,0
2023-06-02,100,0.010467870206988743,0.0104678702069887,4.336808689942018e-17,0
2023-06-05,100,0.010074596262292332,0.0100745962622923,3.122502256758253e-17,0
2023-06-06,100,-0.02088950003824968,-0.0208895000382496,-7.979727989493313e-17,0
2023-06-07,100,0.00969466220845645,0.0096946622084564,5.0306980803327406e-17,0
2023-06-08,100,-0.003708058762596456,-0.0037080587625964,-5.594483210025203e-17,0
2023-06-09,100,-0.013224180300444557,-0.0132241803004445,-5.724587470723463e-17,0
2023-06-12,100,0.013890482178971717,0.0138904821789717,1.734723475976807e-17,0
2023-06-13,100,0.007450913495709095,0.007450913495709,9.540979117872439e-17,0
2023-06-14,100,-0.006822627245243826,-0.0068226272452438,-2.6020852139652106e-17,0
2023-06-15,100,-0.009878622796349492,-0.0098786227963494,-9.194034422677078e-17,0
2023-06-16,100,0.0022587013994355754,0.0022587013994355,7.546047120499111e-17,0
2023-06-19,100,-0.005560614186924343,-0.0055606141869243,-4.336808689942018e-17,0
2023-06-20,100,-0.010980788943042618,-0.0109807889430426,-1.734723475976807e-17,0
2023-06-21,100,-0.010110031626495037,-0.010110031626495,-3.642919299551295e-17,0
2023-06-26,100,-0.011772902922743675,-0.0117729029227436,-7.45931094670027e-17,0
2023-06-27,100,0.03303372490462835,0.0330337249046283,4.85722573273506e-17,0
2023-06-28,100,0.004101757699297997,0.0041017576992979,9.71445146547012e-17,0
2023-06-29,100,0.01909157299518765,0.0190915729951876,4.85722573273506e-17,0
2023-06-30,100,0.020173878252765974,0.0201738782527659,7.28583859910259e-17,0
2023-07-03,100,0.006888904645494206,0.0068889046454942,6.071532165918825e-18,0
2023-07-04,100,0.005993064288161526,0.0059930642881615,2.6020852139652106e-17,0
2023-07-05,100,-0.0021369027659397643,-0.0021369027659397,-6.418476861114186e-17,0
2023-07-06,100,0.002233807484892253,0.0022338074848922,5.2909066017292616e-17,0
2023-07-07,100,-0.0021491024601196186,-0.0021491024601196,-1.8648277366750676e-17,0
2023-07-10,100,0.0007166651838162918,0.0007166651838162,9.183192400952223e-17,0
2023-07-11,100,0.00803261103926924,0.0080326110392692,3.9898639947466563e-17,0
2023-07-12,100,-0.009914742300263901,-0.0099147423002639,-1.734723475976807e-18,0
2023-07-13,100,0.0055474314914938806,0.0055474314914938,8.066464163292153e-17,0
2023-07-14,100,0.002174848044542956,0.0021748480445429,5.637851296924623e-17,0
2023-07-17,100,0.00725649956431147,0.0072564995643114,7.025630077706069e-17,0
2023-07-18,100,0.005189782907339248,0.0051897829073392,4.85722573273506e-17,0
2023-07-19,100,0.0025331657721791557,0.0025331657721791,5.551115123125783e-17,0
2023-07-20,100,-0.009674191239718292,-0.0096741912397182,-9.194034422677078e-17,0
2023-07-21,100,-0.002038856623041463,-0.0020388566230414,-6.288372600415926e-17,0
2023-07-24,100,0.007354357677524236,0.0073543576775242,3.642919299551295e-17,0
2023-07-25,100,0.020759667951848623,0.0207596679518486,2.42861286636753e-17,0
2023-07-26,100,0.009306804998410152,0.0093068049984101,5.204170427930421e-17,0
2023-07-27,100,-3.23757754683951e-05,-3.23757754683951e-05,0.0,0
2023-07-28,100,0.006212163995602216,0.0062121639956022,1.5612511283791264e-17,0
2023-07-31,100,0.007041104460984175,0.0070411044609841,7.45931094670027e-17,0
2023-08-01,100,-0.003816133227732689,-0.0038161332277326,-8.890457814381136e-17,0
2023-08-02,100,0.003733923822165156,0.0037339238221651,5.594483210025203e-17,0
2023-08-03,100,-0.008077970963984427,-0.0080779709639844,-2.7755575615628914e-17,0
2023-08-04,100,-0.009656818651442684,-0.0096568186514426,-8.326672684688674e-17,0
2023-08-07,100,-0.005130448301572701,-0.0051304483015727,-8.673617379884035e-19,0
2023-08-08,100,0.00488183701017266,0.0048818370101726,5.984795992119984e-17,0
2023-08-09,100,-0.012824966726665315,-0.0128249667266653,-1.5612511283791264e-17,0
2023-08-10,100,0.011477768439139922,0.0114777684391399,2.0816681711721685e-17,0
2023-08-11,100,-0.013392650040844016,-0.013392650040844,-1.5612511283791264e-17,0
2023-08-14,100,0.0036062927380411114,0.0036062927380411,1.1275702593849246e-17,0
2023-08-15,100,0.0003869573333750298,0.000386957333375,2.9761349634727097e-17,0
2023-08-16,100,-0.004266777858927651,-0.0042667778589276,-5.0306980803327406e-17,0
2023-08-17,100,0.021982716012632134,0.0219827160126321,3.469446951953614e-17,0
2023-08-18,100,0.0028529049394786965,0.0028529049394786,9.6710833785707e-17,0
2023-08-21,100,0.0034513252080236954,0.0034513252080236,9.540979117872439e-17,0
2023-08-22,100,-0.012413335716262469,-0.0124133357162624,-6.938893903907228e-17,0
2023-08-23,100,-0.006922025781494641,-0.0069220257814946,-4.0766001685454967e-17,0
2023-08-24,100,-0.01071915776780888,-0.0107191577678088,-8.153200337090993e-17,0
2023-08-25,100,-0.01436371144084831,-0.0143637114408483,-1.0408340855860843e-17,0
2023-08-28,100,0.01411847716046758,0.0141184771604675,7.979727989493313e-17,0
2023-08-29,100,0.050658520432007685,0.0506585204320076,8.326672684688674e-17,0
2023-08-30,100,0.011314779013612027,0.011314779013612,2.7755575615628914e-17,0
2023-08-31,100,-0.0021889038218975932,-0.0021889038218975,-9.324138683375338e-17,0
2023-09-01,100,-0.0019147274090029077,-0.0019147274090029,-7.589415207398531e-18,0
2023-09-04,100,0.018543729839381587,0.0185437298393815,8.673617379884035e-17,0
2023-09-05,100,-0.0027821836884256057,-0.0027821836884256,-5.637851296924623e-18,0
2023-09-06,100,0.006716228522200286,0.0067162285222002,8.586881206085195e-17,0
2023-09-07,100,-0.015111395977924333,-0.0151113959779243,-3.2959746043559335e-17,0
2023-09-08,100,-0.0009503244111320019,-0.000950324411132,-1.951563910473908e-18,0
2023-09-11,100,0.006676334882364426,0.0066763348823644,2.6020852139652106e-17,0
2023-09-12,100,-0.007905169537377096,-0.007905169537377,-9.540979117872439e-17,0
2023-09-13,100,-0.008280163664533071,-0.008280163664533,-7.112366251504909e-17,0
2023-09-14,100,-0.010524733054425086,-0.010524733054425,-8.500145032286355e-17,0
2023-09-15,100,-0.0008555402779823262,-0.0008555402779823,-2.6237692574149207e-17,0
2023-09-18,100,0.02155299430928863,0.0215529943092886,2.7755575615628914e-17,0
2023-09-19,100,-0.014012517896066301,-0.0140125178960663,-1.734723475976807e-18,0
2023-09-20,100,-0.0053372260425953635,-0.0053372260425953,-6.331740687315346e-17,0
2023-09-21,100,-0.004379113972380903,-0.0043791139723809,-2.6020852139652106e-18,0
2023-09-22,100,0.022414394799057203,0.0224143947990572,3.469446951953614e-18,0
2023-09-25,100,-0.0035195110688608466,-0.0035195110688608,-4.640385298237959e-17,0
2023-09-26,100,-0.001591873617712787,-0.0015918736177127,-8.695301423333746e-17,0
2023-09-27,100,0.006977807713180979,0.0069778077131809,7.892991815694472e-17,0
2023-09-28,100,0.014179189348756043,0.014179189348756,4.336808689942018e-17,0
2023-10-09,100,-0.010665465150609644,-0.0106654651506096,-4.336808689942018e-17,0
2023-10-10,100,-0.0021919613836251985,-0.0021919613836251,-9.84455572616838e-17,0
2023-10-11,100,-0.003673016731725849,-0.0036730167317258,-4.90059381963448e-17,0
2023-10-12,100,-0.002000305517503117,-0.0020003055175031,-1.734723475976807e-17,0
2023-10-13,100,-0.017147139492554676,-0.0171471394925546,-7.632783294297951e-17,0
2023-10-16,100,0.00428455044126689,0.0042845504412668,9.020562075079397e-17,0
2023-10-17,100,0.0018273412077814389,0.0018273412077814,3.881443777498106e-17,0
2023-10-18,100,-0.01871770460863033,-0.0187177046086303,-2.7755575615628914e-17,0
2023-10-19,100,-0.003507291298025136,-0.0035072912980251,-3.599551212651875e-17,0
2023-10-20,100,-0.004369263210807062,-0.004369263210807,-6.158268339717665e-17,0
2023-10-23,100,-0.027983465135918973,-0.0279834651359189,-7.28583859910259e-17,0
2023-10-24,100,0.04559677827514649,0.0455967782751464,9.020562075079397e-17,0
2023-10-25,100,0.024649617202050625,0.0246496172020506,2.42861286636753e-17,0
2023-10-26,100,-0.0037064170900896697,-0.0037064170900896,-6.982261990806649e-17,0
2023-10-27,100,0.010623349528599373,0.0106233495285993,7.28583859910259e-17,0
2023-10-30,100,0.010978117494948677,0.0109781174949486,7.632783294297951e-17,0
2023-10-31,100,-0.00020312166581098578,-0.0002031216658109,-8.578749689791554e-17,0
2023-11-01,100,0.011383777616736224,0.0113837776167362,2.42861286636753e-17,0
2023-11-02,100,-0.0035585002672541733,-0.0035585002672541,-7.32920668600201e-17,0
2023-11-03,100,0.00862903288468231,0.0086290328846823,1.0408340855860843e-17,0
2023-11-06,100,0.014363544767266607,0.0143635447672666,6.938893903907228e-18,0
2023-11-07,100,0.004955239021247814,0.0049552390212478,1.3877787807814457e-17,0
2023-11-08,100,0.0019546518933278557,0.0019546518933278,5.551115123125783e-17,0
2023-11-09,100,-0.005366077993409829,-0.0053660779934098,-2.862293735361732e-17,0
2023-11-10,100,0.002851661786367229,0.0028516617863672,2.862293735361732e-17,0
2023-11-13,100,0.015405017299552029,0.015405017299552,2.949029909160572e-17,0
2023-11-14,100,-0.005042244515961609,-0.0050422445159616,-8.673617379884035e-18,0
2023-11-15,100,0.004252936312753514,0.0042529363127535,1.3877787807814457e-17,0
2023-11-16,100,-0.003641406098762362,-0.0036414060987623,-6.201636426617085e-17,0
2023-11-17,100,0.008374961248650998,0.0083749612486509,9.71445146547012e-17,0
2023-11-20,100,0.01355110400069369,0.0135511040006936,9.020562075079397e-17,0
2023-11-21,100,-0.004279714389351861,-0.0042797143893518,-6.071532165918825e-17,0
2023-11-22,100,-0.004853275277555615,-0.0048532752775556,-1.5612511283791264e-17,0
2023-11-23,100,0.007089505082203653,0.0070895050822036,5.2909066017292616e-17,0
2023-11-24,100,-0.011996980539209147,-0.0119969805392091,-4.683753385137379e-17,0
2023-11-27,100,-0.0005805861149661528,-0.0005805861149661,-5.2800645800044066e-17,0
2023-11-28,100,0.01539433368687384,0.0153943336868738,3.9898639947466563e-17,0
2023-11-29,100,-0.00303480222104919,-0.0030348022210491,-8.977193988179977e-17,0
2023-11-30,100,-0.005112219629365477,-0.0051122196293654,-7.632783294297951e-17,0
2023-12-01,100,0.0034091386665813907,0.0034091386665813,9.063930161978817e-17,0
2023-12-04,100,0.009565689583453229,0.0095656895834532,2.949029909160572e-17,0
2023-12-05,100,-0.01112870114704461,-0.0111287011470446,-1.0408340855860843e-17,0
2023-12-06,100,0.01240952812893424,0.0124095281289342,3.9898639947466563e-17,0
2023-12-07,100,-0.006139740517303463,-0.0061397405173034,-6.331740687315346e-17,0
2023-12-08,100,-0.029930284814439254,-0.0299302848144392,-5.204170427930421e-17,0
2023-12-11,100,0.00855558202738094,0.0085555820273809,3.9898639947466563e-17,0
2023-12-12,100,0.011677458894772745,0.0116774588947727,4.5102810375396984e-17,0
2023-12-13,100,0.003026665016438669,0.0030266650164386,6.895525817007808e-17,0
2023-12-14,100,0.005243151790750017,0.00524315179075,1.734723475976807e-17,0
2023-12-15,100,0.003682833061021844,0.0036828330610218,4.423544863740858e-17,0
2023-12-18,100,-0.012379715862226326,-0.0123797158622263,-2.6020852139652106e-17,0
2023-12-19,100,0.007402774858753826,0.0074027748587538,2.6020852139652106e-17,0
2023-12-20,100,0.002498073941708875,0.0024980739417088,7.502679033599691e-17,0
2023-12-21,100,0.005104994924078917,0.0051049949240789,1.734723475976807e-17,0
2023-12-22,100,-0.022710330117011904,-0.0227103301170119,-3.469446951953614e-18,0
2023-12-25,100,-0.010808299295077735,-0.0108082992950777,-3.469446951953614e-17,0
2023-12-26,100,-0.012794190451637237,-0.0127941904516372,-3.642919299551295e-17,0
2023-12-27,100,0.010198621483003966,0.0101986214830039,6.591949208711867e-17,0
2023-12-28,100,0.019354562804317896,0.0193545628043178,9.71445146547012e-17,0
2023-12-29,100,0.02374322756507064,0.0237432275650706,3.8163916471489756e-17,0
2024-01-02,100,0.02199414326058231,0.0219941432605823,1.0408340855860843e-17,0
2024-01-03,100,-0.005566876820198877,-0.0055668768201988,-7.719519468096792e-17,0
2024-01-04,100,0.0052195913478327105,0.0052195913478327,1.0408340855860843e-17,0
2024-01-05,100,-0.01626176997591837,-0.0162617699759183,-6.938893903907228e-17,0
2024-01-08,100,-0.016508937344961092,-0.016508937344961,-9.367506770274758e-17,0
2024-01-09,100,0.012854553278570952,0.0128545532785709,5.204170427930421e-17,0
2024-01-10,100,-0.01121978712037559,-0.0112197871203755,-9.020562075079397e-17,0
2024-01-11,100,0.010684976337203295,0.0106849763372032,9.540979117872439e-17,0
2024-01-12,100,-0.007875482120490713,-0.0078754821204907,-1.214306433183765e-17,0
2024-01-15,100,-0.0036218551841393277,-0.0036218551841393,-2.7755575615628914e-17,0
2024-01-16,100,-0.006519426400902916,-0.0065194264009029,-1.5612511283791264e-17,0
2024-01-17,100,-0.020907006050345817,-0.0209070060503458,-1.734723475976807e-17,0
2024-01-18,100,-0.022482243951031614,-0.0224822439510316,-1.3877787807814457e-17,0
2024-01-19,100,-0.014349111548467342,-0.0143491115484673,-4.163336342344337e-17,0
2024-01-22,100,-0.06948333306805621,-0.0694833330680562,-1.3877787807814457e-17,0
2024-01-23,100,-0.02285212546414203,-0.022852125464142,-3.122502256758253e-17,0
2024-01-24,100,0.021368653044375546,0.0213686530443755,4.5102810375396984e-17,0
2024-01-25,100,0.0576519790272742,0.0576519790272742,0.0,0
2024-01-26,100,0.006418719865264166,0.0064187198652641,6.591949208711867e-17,0
2024-01-29,100,-0.0471201996577304,-0.0471201996577304,0.0,0
2024-01-30,100,-0.04261025393158796,-0.0426102539315879,-6.245004513516506e-17,0
2024-01-31,100,-0.06878033884022008,-0.06878033884022,-8.326672684688674e-17,0
2024-02-01,100,-0.028911938702722823,-0.0289119387027228,-2.0816681711721685e-17,0
2024-02-02,100,-0.06051180941460492,-0.0605118094146049,-2.0816681711721685e-17,0
2024-02-05,100,-0.14771968154251364,-0.1477196815425136,-2.7755575615628914e-17,0
2024-02-06,100,-0.040245010900004784,-0.0402450109000047,-8.326672684688674e-17,0
2024-02-07,100,-0.09657634515190437,-0.0965763451519043,-6.938893903907228e-17,0
2024-02-08,100,0.11770703560581385,0.1177070356058138,4.163336342344337e-17,0
2024-02-19,100,0.07232442603802537,0.0723244260380253,6.938893903907228e-17,0
2024-02-20,100,0.02523393930366197,0.0252339393036619,6.938893903907228e-17,0
2024-02-21,100,0.05179959989757444,0.0517995998975744,4.163336342344337e-17,0
2024-02-22,100,0.04854585191643457,0.0485458519164345,6.938893903907228e-17,0
2024-02-23,100,0.05118100814393649,0.0511810081439364,9.020562075079397e-17,0
2024-02-26,100,0.034357618409710924,0.0343576184097109,2.7755575615628914e-17,0
2024-02-27,100,0.03133849783802353,0.0313384978380235,3.469446951953614e-17,0
2024-02-28,100,-0.11533922395601728,-0.1153392239560172,-8.326672684688674e-17,0
2024-02-29,100,0.04433331277932312,0.0443333127793231,2.0816681711721685e-17,0
2024-03-01,100,0.015195821173345024,0.015195821173345,2.42861286636753e-17,0
2024-03-04,100,-0.006952224747991046,-0.006952224747991,-4.597017211338539e-17,0
2024-03-05,100,-0.03774604417076183,-0.0377460441707618,-2.7755575615628914e-17,0
2024-03-06,100,0.03290296980303174,0.0329029698030317,4.163336342344337e-17,0
2024-03-07,100,0.006505031222323871,0.0065050312223238,7.112366251504909e-17,0
2024-03-08,100,0.007642421828588863,0.0076424218285888,6.331740687315346e-17,0
2024-03-11,100,0.022100637304648757,0.0221006373046487,5.551115123125783e-17,0
2024-03-12,100,0.027770668627056783,0.0277706686270567,8.326672684688674e-17,0
2024-03-13,100,0.0028143060723913437,0.0028143060723913,4.380176776841438e-17,0
2024-03-14,100,-0.006158137924937268,-0.0061581379249372,-6.852157730108388e-17,0
2024-03-15,100,0.02779218697543034,0.0277921869754303,4.163336342344337e-17,0
2024-03-18,100,0.03786240733494964,0.0378624073349496,4.163336342344337e-17,0
2024-03-19,100,-0.00441730276799223,-0.0044173027679922,-3.0357660829594124e-17,0
2024-03-20,100,0.021425480816548746,0.0214254808165487,4.5102810375396984e-17,0
2024-03-21,100,0.003212673777045063,0.003212673777045,6.288372600415926e-17,0
2024-03-22,100,-0.019756885965392566,-0.0197568859653925,-6.591949208711867e-17,0
2024-03-25,100,-0.029219164554961603,-0.0292191645549616,-3.469446951953614e-18,0
2024-03-26,100,0.001968081219023462,0.0019680812190234,6.201636426617085e-17,0
2024-03-27,100,-0.03142919146611974,-0.0314291914661197,-4.163336342344337e-17,0
2024-03-28,100,0.03079926642697412,0.0307992664269741,2.0816681711721685e-17,0
2024-03-29,100,0.018744454620436675,0.0187444546204366,7.632783294297951e-17,0
2024-04-01,100,0.028373374858991607,0.0283733748589916,6.938893903907228e-18,0
2024-04-02,100,0.011349877713296468,0.0113498777132964,6.765421556309548e-17,0
2024-04-03,100,-0.008126890143639948,-0.0081268901436399,-4.85722573273506e-17,0
2024-04-08,100,-0.05368214028271695,-0.0536821402827169,-4.85722573273506e-17,0
2024-04-09,100,0.018975340436017788,0.0189753404360177,8.673617379884035e-17,0
2024-04-10,100,-0.03357555443983278,-0.0335755544398327,-8.326672684688674e-17,0
2024-04-11,100,0.0028435151113716363,0.0028435151113716,3.642919299551295e-17,0
2024-04-12,100,-0.00764064057190671,-0.0076406405719067,-1.0408340855860843e-17,0
2024-04-15,100,-0.09602411012643192,-0.0960241101264319,-1.3877787807814457e-17,0
2024-04-16,100,-0.11127456544746168,-0.1112745654474616,-8.326672684688674e-17,0
2024-04-17,100,0.10640706216043441,0.1064070621604344,1.3877787807814457e-17,0
2024-04-18,100,-0.013041514799988467,-0.0130415147999884,-6.591949208711867e-17,0
2024-04-19,100,-0.01515875281822742,-0.0151587528182274,-1.9081958235744878e-17,0
2024-04-22,100,-0.017046405627429487,-0.0170464056274294,-8.673617379884035e-17,0
2024-04-23,100,0.044897816140908445,0.0448978161409084,4.163336342344337e-17,0
2024-04-24,100,0.039259204066202355,0.0392592040662023,5.551115123125783e-17,0
2024-04-25,100,0.010543550455846389,0.0105435504558463,8.847089727481716e-17,0
2024-04-26,100,-0.002395571436492354,-0.0023955714364923,-5.377642775528102e-17,0
2024-04-29,100,0.05233487455118536,0.0523348745511853,5.551115123125783e-17,0
2024-04-30,100,-0.009057272158781594,-0.0090572721587815,-9.367506770274758e-17,0
2024-05-06,100,0.030563864938282316,0.0305638649382823,1.734723475976807e-17,0
2024-05-07,100,0.014325900349163631,0.0143259003491636,3.122502256758253e-17,0
2024-05-08,100,-0.019088093835372594,-0.0190880938353725,-9.367506770274758e-17,0
2024-05-09,100,0.01800525209708904,0.018005252097089,4.163336342344337e-17,0
2024-05-10,100,-0.023524786751725726,-0.0235247867517257,-2.42861286636753e-17,0
2024-05-13,100,-0.03422317432102144,-0.0342231743210214,-4.163336342344337e-17,0
2024-05-14,100,0.020485868313156574,0.0204858683131565,7.28583859910259e-17,0
2024-05-15,100,0.0045626132325235855,0.0045626132325235,8.586881206085195e-17,0
2024-05-16,100,0.023400376370257044,0.023400376370257,4.5102810375396984e-17,0
2024-05-17,100,0.019003841183373917,0.0190038411833739,1.734723475976807e-17,0
2024-05-20,100,-0.0031745552020242883,-0.0031745552020242,-8.847089727481716e-17,0
2024-05-21,100,-0.018777138936558302,-0.0187771389365583,-3.469446951953614e-18,0
2024-05-22,100,0.004557280185244526,0.0045572801852445,2.6020852139652106e-17,0
2024-05-23,100,-0.029532522346716168,-0.0295325223467161,-6.938893903907228e-17,0
2024-05-24,100,-0.007811818590587297,-0.0078118185905872,-9.71445146547012e-17,0
2024-05-27,100,0.0018011620181808507,0.0018011620181808,5.074066167232161e-17,0
2024-05-28,100,-0.01475299714897567,-0.0147529971489756,-7.112366251504909e-17,0
2024-05-29,100,0.013070138804239888,0.0130701388042398,8.847089727481716e-17,0
2024-05-30,100,-0.017431106012265482,-0.0174311060122654,-8.326672684688674e-17,0
2024-05-31,100,0.008849088016508492,0.0088490880165084,9.194034422677078e-17,0
2024-06-03,100,-0.04121596042713003,-0.04121596042713,-2.7755575615628914e-17,0
2024-06-04,100,-0.033639065067630446,-0.0336390650676304,-4.85722573273506e-17,0
2024-06-05,100,-0.02359548552611914,-0.0235954855261191,-4.163336342344337e-17,0
2024-06-06,100,-0.07015927532578843,-0.0701592753257884,-2.7755575615628914e-17,0
2024-06-07,100,0.05895226181230066,0.0589522618123006,6.245004513516506e-17,0
2024-06-11,100,-0.004024200597347417,-0.0040242005973474,-1.6479873021779667e-17,0
2024-06-12,100,0.03554075935584134,0.0355407593558413,4.163336342344337e-17,0
2024-06-13,100,0.0033857753800754686,0.0033857753800754,6.852157730108388e-17,0
2024-06-14,100,-0.005783716793139262,-0.0057837167931392,-6.245004513516506e-17,0
2024-06-17,100,-0.021763689176290325,-0.0217636891762903,-2.42861286636753e-17,0
2024-06-18,100,0.027556155722736664,0.0275561557227366,6.591949208711867e-17,0
2024-06-19,100,0.003911703714147254,0.0039117037141472,5.4643789493269423e-17,0
2024-06-20,100,-0.012133852648595136,-0.0121338526485951,-3.642919299551295e-17,0
2024-06-21,100,-0.008852237784721164,-0.0088522377847211,-6.418476861114186e-17,0
2024-06-24,100,-0.04555479247461788,-0.0455547924746178,-8.326672684688674e-17,0
2024-06-25,100,0.012077936837865755,0.0120779368378657,5.551115123125783e-17,0
2024-06-26,100,0.04341315846270716,0.0434131584627071,5.551115123125783e-17,0
2024-06-27,100,-0.009726904558284179,-0.0097269045582841,-7.979727989493313e-17,0
2024-06-28,100,0.00033354375134973856,0.0003335437513497,3.854338723185968e-17,0
2024-07-01,100,-0.001238669073454649,-0.0012386690734546,-4.90059381963448e-17,0
2024-07-02,100,0.018990789846878173,0.0189907898468781,7.28583859910259e-17,0
2024-07-03,100,-0.0024757943445939358,-0.0024757943445939,-3.5561831257524545e-17,0
2024-07-04,100,-0.04175750514046807,-0.041757505140468,-6.938893903907228e-17,0
2024-07-05,100,0.023730025843390436,0.0237300258433904,3.469446951953614e-17,0
2024-07-08,100,-0.03448940024775954,-0.0344894002477595,-4.163336342344337e-17,0
2024-07-09,100,0.00960350846216842,0.0096035084621684,2.0816681711721685e-17,0
2024-07-10,100,-0.02124226357989139,-0.0212422635798913,-9.020562075079397e-17,0
2024-07-11,100,0.04358701059217115,0.0435870105921711,4.85722573273506e-17,0
2024-07-12,100,-0.0019641288740494334,-0.0019641288740494,-3.3393426912553537e-17,0
2024-07-15,100,-0.026110226267846603,-0.0261102262678466,-3.469446951953614e-18,0
2024-07-16,100,-0.0009161361032826377,-0.0009161361032826,-3.7621815385247004e-17,0
2024-07-17,100,-0.010465474175326998,-0.0104654741753269,-9.8879238130678e-17,0
2024-07-18,100,-0.005895596932624384,-0.0058955969326243,-8.413408858487514e-17,0
2024-07-19,100,0.00985175156133965,0.0098517515613396,5.0306980803327406e-17,0
2024-07-22,100,0.01762344215483598,0.0176234421548359,7.979727989493313e-17,0
2024-07-23,100,-0.00705003294462088,-0.0070500329446208,-7.979727989493313e-17,0
2024-07-24,100,-0.019516846510355915,-0.0195168465103559,-1.3877787807814457e-17,0
2024-07-25,100,0.011026675454120347,0.0110266754541203,4.683753385137379e-17,0
2024-07-26,100,0.01703937942147777,0.0170393794214777,6.938893903907228e-17,0
2024-07-29,100,0.008537165592779897,0.0085371655927798,9.71445146547012e-17,0
2024-07-30,100,0.014960836375004697,0.0149608363750046,9.71445146547012e-17,0
2024-07-31,100,0.029031403952385747,0.0290314039523857,4.85722573273506e-17,0
2024-08-01,100,0.010029569712521795,0.0100295697125217,9.540979117872439e-17,0
2024-08-02,100,-0.013354365756879842,-0.0133543657568798,-4.163336342344337e-17,0
2024-08-05,100,-0.017949489473240033,-0.01794948947324,-3.469446951953614e-17,0
2024-08-06,100,0.03135780882031312,0.0313578088203131,1.3877787807814457e-17,0
2024-08-07,100,-0.002411862708082113,-0.0024118627080821,-1.3010426069826053e-17,0
2024-08-08,100,0.0028264857809475485,0.0028264857809475,4.85722573273506e-17,0
2024-08-09,100,-0.005362846078579515,-0.0053628460785795,-1.5612511283791264e-17,0
2024-08-12,100,-0.0018863925318813057,-0.0018863925318813,-5.637851296924623e-18,0
2024-08-13,100,0.01610383389414893,0.0161038338941489,3.122502256758253e-17,0
2024-08-14,100,0.0031867760219369103,0.0031867760219369,1.0408340855860843e-17,0
2024-08-15,100,0.0051701696348166225,0.0051701696348166,2.2551405187698492e-17,0
2024-08-16,100,-0.010996091154465155,-0.0109960911544651,-5.551115123125783e-17,0
2024-08-19,100,-0.0013847484210268491,-0.0013847484210268,-4.92227786308419e-17,0
2024-08-20,100,-0.02201212864456497,-0.0220121286445649,-6.938893903907228e-17,0
2024-08-21,100,-0.00463057388037693,-0.0046305738803769,-3.0357660829594124e-17,0
2024-08-22,100,-0.016567017624756358,-0.0165670176247563,-5.898059818321144e-17,0
2024-08-23,100,-0.019432025583123392,-0.0194320255831233,-9.020562075079397e-17,0
2024-08-26,100,0.0272783760037469,0.0272783760037469,0.0,0
2024-08-27,100,-0.011653505090335635,-0.0116535050903356,-3.469446951953614e-17,0
2024-08-28,100,0.014809110816120857,0.0148091108161208,5.724587470723463e-17,0
2024-08-29,100,0.012116034251325817,0.0121160342513258,1.734723475976807e-17,0
2024-08-30,100,0.021688562444151013,0.021688562444151,1.3877787807814457e-17,0
2024-09-02,100,-0.014250648026466393,-0.0142506480264663,-9.194034422677078e-17,0
2024-09-03,100,0.003266245468398391,0.0032662454683983,9.107298248878237e-17,0
2024-09-04,100,-0.018324846249245227,-0.0183248462492452,-2.7755575615628914e-17,0
2024-09-05,100,0.016680336820003142,0.0166803368200031,4.163336342344337e-17,0
2024-09-06,100,-0.020131381416179192,-0.0201313814161791,-9.367506770274758e-17,0
2024-09-09,100,0.00915601233144702,0.009156012331447,2.0816681711721685e-17,0
2024-09-10,100,0.015528262711602864,0.0155282627116028,6.418476861114186e-17,0
2024-09-11,100,-0.008468794255674959,-0.0084687942556749,-5.898059818321144e-17,0
2024-09-12,100,-0.001744234693098694,-0.0017442346930986,-9.389190813724468e-17,0
2024-09-13,100,-0.010944446889460698,-0.0109444468894606,-9.71445146547012e-17,0
2024-09-18,100,-0.019073781764746882,-0.0190737817647468,-8.326672684688674e-17,0
2024-09-19,100,0.03627285354624757,0.0362728535462475,6.938893903907228e-17,0
2024-09-20,100,-0.007706118761991574,-0.0077061187619915,-7.37257477290143e-17,0
2024-09-23,100,0.005814759286417705,0.0058147592864177,4.336808689942018e-18,0
2024-09-24,100,0.033835714274537396,0.0338357142745373,9.71445146547012e-17,0
2024-09-25,100,0.01488147682517321,0.0148814768251732,1.0408340855860843e-17,0
2024-09-26,100,0.03005729004253487,0.0300572900425348,6.938893903907228e-17,0
2024-09-27,100,0.04727858146281947,0.0472785814628194,6.938893903907228e-17,0
2024-09-30,100,0.12291516768060476,0.1229151676806047,5.551115123125783e-17,0
2024-10-08,100,0.10043355247177739,0.1004335524717773,9.71445146547012e-17,0
2024-10-09,98,-0.10165698255095812,-0.1016569825509581,-1.3877787807814457e-17,0
2024-10-10,98,0.013681532038881507,0.0136815320388815,6.938893903907228e-18,0
2024-10-11,98,-0.03689454336713782,-0.0368945433671378,-2.0816681711721685e-17,0
2024-10-14,98,0.03998932111457938,0.0399893211145793,8.326672684688674e-17,0
2024-10-15,98,-0.0102378438063562,-0.0102378438063562,0.0,0
2024-10-16,98,0.011241504699682098,0.011241504699682,9.8879238130678e-17,0
2024-10-17,98,-0.008458332498561085,-0.008458332498561,-8.500145032286355e-17,0
2024-10-18,100,0.025613276586959506,0.0256132765869595,6.938893903907228e-18,0
2024-10-21,100,0.018936507751878356,0.0189365077518783,5.551115123125783e-17,0
2024-10-22,100,0.015281024794985063,0.015281024794985,6.245004513516506e-17,0
2024-10-23,100,0.004163633307486805,0.0041636333074868,5.204170427930421e-18,0
2024-10-24,100,0.0028928363296797334,0.0028928363296797,3.3393426912553537e-17,0
2024-10-25,100,0.032952981106748894,0.0329529811067488,9.71445146547012e-17,0
2024-10-28,100,0.043218707242264516,0.0432187072422645,1.3877787807814457e-17,0
2024-10-29,100,-0.026625154846221032,-0.026625154846221,-3.122502256758253e-17,0
2024-10-30,100,-0.005785305674791239,-0.0057853056747912,-3.903127820947816e-17,0
2024-10-31,100,0.03030960267771757,0.0303096026777175,6.938893903907228e-17,0
2024-11-01,100,-0.04107864210175915,-0.0410786421017591,-4.85722573273506e-17,0
2024-11-04,100,0.020608066987951323,0.0206080669879513,2.42861286636753e-17,0
2024-11-05,100,0.02520543806764832,0.0252054380676483,2.0816681711721685e-17,0
2024-11-06,100,0.01290203788624891,0.0129020378862489,8.673617379884035e-18,0
2024-11-07,100,0.029106695517500922,0.0291066955175009,2.0816681711721685e-17,0
2024-11-08,100,0.0016651390490306762,0.0016651390490306,7.611099250848241e-17,0
2024-11-11,100,0.03225770193011928,0.0322577019301192,8.326672684688674e-17,0
2024-11-12,100,-0.00193452071903913,-0.0019345207190391,-2.992397996059992e-17,0
2024-11-13,100,0.008129750838212895,0.0081297508382128,9.540979117872439e-17,0
2024-11-14,100,-0.02595019820071138,-0.0259501982007113,-7.979727989493313e-17,0
2024-11-15,100,-0.01571124220304031,-0.0157112422030403,-1.0408340855860843e-17,0
2024-11-18,100,-0.03138409903436635,-0.0313840990343663,-4.85722573273506e-17,0
2024-11-19,100,0.020340195457323393,0.0203401954573233,9.367506770274758e-17,0
2024-11-20,100,0.03062768130735594,0.0306276813073559,3.8163916471489756e-17,0
2024-11-21,100,0.0069639798940665625,0.0069639798940665,6.245004513516506e-17,0
2024-11-22,100,-0.0417392225959859,-0.0417392225959859,0.0,0
2024-11-25,100,0.03324426398459031,0.0332442639845903,6.938893903907228e-18,0
2024-11-26,100,-0.004082963754703095,-0.004082963754703,-9.540979117872439e-17,0
2024-11-27,100,0.011313233275344566,0.0113132332753445,6.591949208711867e-17,0
2024-11-28,100,0.012302367657423237,0.0123023676574232,3.642919299551295e-17,0
2024-11-29,100,0.012456248491893975,0.0124562484918939,7.45931094670027e-17,0
2024-12-02,100,0.022985092652987885,0.0229850926529878,8.326672684688674e-17,0
2024-12-03,100,0.004076929167212437,0.0040769291672124,3.642919299551295e-17,0
2024-12-04,100,-0.013872323240963224,-0.0138723232409632,-2.42861286636753e-17,0
2024-12-05,100,0.018657330239818165,0.0186573302398181,6.591949208711867e-17,0
2024-12-06,100,0.009887462332016731,0.0098874623320167,3.122502256758253e-17,0
2024-12-09,100,0.0069180314405841315,0.0069180314405841,3.122502256758253e-17,0
2024-12-10,100,0.004080926959061237,0.0040809269590612,3.729655473350135e-17,0
2024-12-11,100,0.012263105561240033,0.01226310556124,3.2959746043559335e-17,0
2024-12-12,100,0.023438209852998507,0.0234382098529985,6.938893903907228e-18,0
2024-12-13,100,-0.016886086361416346,-0.0168860863614163,-4.5102810375396984e-17,0
2024-12-16,100,0.005728081864511575,0.0057280818645115,7.45931094670027e-17,0
2024-12-17,100,-0.06357121305608635,-0.0635712130560863,-4.163336342344337e-17,0
2024-12-18,100,-0.0037764805296110937,-0.003776480529611,-9.367506770274758e-17,0
2024-12-19,100,-0.007032935857286321,-0.0070329358572863,-2.0816681711721685e-17,0
2024-12-20,100,0.02575999211797692,0.0257599921179769,1.734723475976807e-17,0
2024-12-23,100,-0.07432103556682723,-0.0743210355668272,-2.7755575615628914e-17,0
2024-12-24,100,-0.004426885061644567,-0.0044268850616445,-6.765421556309548e-17,0
2024-12-25,100,-0.031756399425502145,-0.0317563994255021,-4.163336342344337e-17,0
2024-12-26,100,0.020744050932607075,0.020744050932607,7.632783294297951e-17,0
2024-12-27,100,0.01590733299627489,0.0159073329962748,9.020562075079397e-17,0
2024-12-30,100,-0.020852373198799543,-0.0208523731987995,-4.163336342344337e-17,0
2024-12-31,100,-0.01941422542403346,-0.0194142254240334,-6.245004513516506e-17,0
2025-01-02,100,-0.004549060772034913,-0.0045490607720349,-1.3010426069826053e-17,0
2025-01-03,100,-0.05107628678584053,-0.0510762867858405,-2.7755575615628914e-17,0
2025-01-06,100,-0.009728516158791866,-0.0097285161587918,-6.591949208711867e-17,0
2025-01-07,100,0.03913637624031861,0.0391363762403186,1.3877787807814457e-17,0
2025-01-08,100,-0.0030054351910239986,-0.0030054351910239,-9.84455572616838e-17,0
2025-01-09,100,0.003574647773086904,0.0035746477730869,4.336808689942018e-18,0
2025-01-10,100,-0.03587698936791078,-0.0358769893679107,-8.326672684688674e-17,0
2025-01-13,100,0.007674710776909212,0.0076747107769092,1.214306433183765e-17,0
2025-01-14,100,0.061356252323274546,0.0613562523232745,4.85722573273506e-17,0
2025-01-15,100,0.0005490350057643545,0.0005490350057643,5.453536927602087e-17,0
2025-01-16,100,0.005780013453550948,0.0057800134535509,4.85722573273506e-17,0
2025-01-17,100,-0.0061150240939199345,-0.0061150240939199,-3.469446951953614e-17,0
2025-01-20,100,0.02189382060196448,0.0218938206019644,7.979727989493313e-17,0
2025-01-21,100,-0.013653190655729362,-0.0136531906557293,-6.245004513516506e-17,0
2025-01-22,100,-0.009525908197280542,-0.0095259081972805,-4.163336342344337e-17,0
2025-01-23,100,0.006184634140669721,0.0061846341406697,2.0816681711721685e-17,0
2025-01-24,100,0.016922118795148818,0.0169221187951488,1.734723475976807e-17,0
2025-01-27,100,0.004095715930103731,0.0040957159301037,3.0357660829594124e-17,0
2025-02-05,100,0.028770101593560513,0.0287701015935605,1.3877787807814457e-17,0
2025-02-06,100,0.013965788418796903,0.0139657884187969,3.469446951953614e-18,0
2025-02-07,100,0.007152620758615994,0.0071526207586159,9.367506770274758e-17,0
2025-02-10,100,0.0265023111736381,0.0265023111736381,0.0,0
2025-02-11,100,0.002211135142814714,0.0022111351428147,1.3877787807814457e-17,0
2025-02-12,100,0.005937660907837643,0.0059376609078376,4.2500725161431774e-17,0
2025-02-13,100,-0.01706960103571333,-0.0170696010357133,-2.7755575615628914e-17,0
2025-02-14,100,0.006448833944128984,0.0064488339441289,8.413408858487514e-17,0
2025-02-17,100,0.026477747206632117,0.0264777472066321,1.734723475976807e-17,0
2025-02-18,100,-0.02894363938350698,-0.0289436393835069,-7.979727989493313e-17,0
2025-02-19,100,0.024294648960180895,0.0242946489601808,9.367506770274758e-17,0
2025-02-20,100,0.008639574683666053,0.008639574683666,5.377642775528102e-17,0
2025-02-21,100,-0.0031672132142092826,-0.0031672132142092,-8.239936510889834e-17,0
2025-02-24,100,0.011069602008736284,0.0110696020087362,8.326672684688674e-17,0
2025-02-25,100,-0.002590140255984211,-0.0025901402559842,-1.1275702593849246e-17,0
2025-02-26,100,0.013057722201647637,0.0130577222016476,3.642919299551295e-17,0
2025-02-27,100,-0.002568023751249208,-0.0025680237512492,-7.806255641895632e-18,0
2025-02-28,100,-0.027683790042047556,-0.0276837900420475,-5.551115123125783e-17,0
2025-03-03,100,0.006923885639308098,0.006923885639308,9.80118763926896e-17,0
2025-03-04,100,0.01985521665107396,0.0198552166510739,5.898059818321144e-17,0
2025-03-05,100,-0.005660543894661163,-0.0056605438946611,-6.331740687315346e-17,0
2025-03-06,100,0.021603605117748493,0.0216036051177484,9.367506770274758e-17,0
2025-03-07,100,-0.008938061726803285,-0.0089380617268032,-8.500145032286355e-17,0
2025-03-10,100,0.013990264889919083,0.013990264889919,8.326672684688674e-17,0
2025-03-11,100,0.006909981404088292,0.0069099814040882,9.194034422677078e-17,0
2025-03-12,100,0.007489690949113992,0.0074896909491139,9.194034422677078e-17,0
2025-03-13,100,-0.008963776344835606,-0.0089637763448356,-5.204170427930421e-18,0
2025-03-14,100,0.018670926947708506,0.0186709269477085,6.938893903907228e-18,0
2025-03-17,100,0.00632699115990242,0.0063269911599024,1.9949319973733282e-17,0
2025-03-18,100,0.009248664183651483,0.0092486641836514,8.326672684688674e-17,0
2025-03-19,100,-0.010155019827905312,-0.0101550198279053,-1.214306433183765e-17,0
2025-03-20,100,0.0021727503045290584,0.002172750304529,5.854691731421724e-17,0
2025-03-21,100,-0.015681499664119115,-0.0156814996641191,-1.3877787807814457e-17,0
2025-03-24,100,-0.04716252829449088,-0.0471625282944908,-7.632783294297951e-17,0
2025-03-25,100,-0.0030388827154616536,-0.0030388827154616,-5.377642775528102e-17,0
2025-03-26,100,0.029404727235287854,0.0294047272352878,5.204170427930421e-17,0
2025-03-27,100,-0.012583362822970158,-0.0125833628229701,-5.724587470723463e-17,0
2025-03-28,100,-0.02088078098900289,-0.0208807809890028,-9.020562075079397e-17,0
2025-03-31,100,-0.008545609454792567,-0.0085456094547925,-6.765421556309548e-17,0
2025-04-01,100,0.026462913113451024,0.026462913113451,2.42861286636753e-17,0
2025-04-02,100,0.0027438761497719424,0.0027438761497719,4.2500725161431774e-17,0
2025-04-03,100,-0.0008440085473761128,-0.0008440085473761,-1.2793585635328952e-17,0
2025-04-07,100,-0.13651497138911664,-0.1365149713891166,-2.7755575615628914e-17,0
2025-04-08,100,0.01552490148204505,0.015524901482045,5.0306980803327406e-17,0
2025-04-09,100,0.040429378551282494,0.0404293785512824,9.71445146547012e-17,0
2025-04-10,100,0.04028154154349789,0.0402815415434978,9.020562075079397e-17,0
2025-04-11,100,0.002251240892204466,0.0022512408922044,6.591949208711867e-17,0
2025-04-14,100,0.021723172419830128,0.0217231724198301,2.7755575615628914e-17,0
2025-04-15,100,0.007361643248980369,0.0073616432489803,6.852157730108388e-17,0
2025-04-16,100,-0.014310276271063094,-0.014310276271063,-9.367506770274758e-17,0
2025-04-17,100,0.014667685751093111,0.0146676857510931,1.0408340855860843e-17,0
2025-04-18,100,-0.0004098762456927296,-0.0004098762456927,-2.959871930885427e-17,0
2025-04-21,100,0.011691677175750752,0.0116916771757507,5.204170427930421e-17,0
2025-04-22,100,0.00626717980462934,0.0062671798046293,3.9898639947466563e-17,0
2025-04-23,100,0.012095440178084137,0.0120954401780841,3.642919299551295e-17,0
2025-04-24,100,-0.006384023942095759,-0.0063840239420957,-5.898059818321144e-17,0
2025-04-25,100,0.0007561647889040701,0.000756164788904,7.014788055981214e-17,0
2025-04-28,100,-0.00719532054579418,-0.0071953205457941,-7.979727989493313e-17,0
2025-04-29,100,0.02840067593391103,0.028400675933911,2.7755575615628914e-17,0
2025-04-30,100,0.020618756065857023,0.020618756065857,2.42861286636753e-17,0
2025-05-06,100,0.04044342238133994,0.0404434223813399,4.163336342344337e-17,0
2025-05-07,100,0.01087911318460286,0.0108791131846028,6.071532165918825e-17,0
2025-05-08,100,0.018156215828311603,0.0181562158283116,3.469446951953614e-18,0
2025-05-09,100,-0.007930971776104525,-0.0079309717761045,-2.42861286636753e-17,0
2025-05-12,100,0.0072109133965987705,0.0072109133965987,7.025630077706069e-17,0
2025-05-13,100,-0.00489533911260168,-0.0048953391126016,-7.979727989493313e-17,0
2025-05-14,100,-0.005206347729243872,-0.0052063477292438,-7.19910242530375e-17,0
2025-05-15,100,0.009572665515530564,0.0095726655155305,6.418476861114186e-17,0
2025-05-16,100,0.006691778806472265,0.0066917788064722,6.505213034913027e-17,0
2025-05-19,100,0.01593389263756899,0.0159338926375689,9.020562075079397e-17,0
2025-05-20,100,0.02163177160930603,0.021631771609306,3.122502256758253e-17,0
2025-05-21,100,-0.011457303564555132,-0.0114573035645551,-3.122502256758253e-17,0
2025-05-22,100,-0.01390841368634177,-0.0139084136863417,-6.938893903907228e-17,0
2025-05-23,100,-0.010795362443382932,-0.0107953624433829,-3.2959746043559335e-17,0
2025-05-26,100,0.010810074524687992,0.0108100745246879,9.194034422677078e-17,0
2025-05-27,100,0.006954561588765864,0.0069545615887658,6.418476861114186e-17,0
2025-05-28,100,-0.004341284789045453,-0.0043412847890454,-5.2909066017292616e-17,0
2025-05-29,100,0.019440511250533758,0.0194405112505337,5.898059818321144e-17,0
2025-05-30,100,-0.009387763817100391,-0.0093877638171003,-9.194034422677078e-17,0
2025-06-03,100,0.01186813116972488,0.0118681311697248,7.979727989493313e-17,0
2025-06-04,100,0.011318791690712326,0.0113187916907123,2.6020852139652106e-17,0
2025-06-05,100,0.0015283927863800372,0.00152839278638,3.729655473350135e-17,0
2025-06-06,100,0.012629280930228446,0.0126292809302284,4.683753385137379e-17,0
2025-06-09,100,0.013855022814464536,0.0138550228144645,3.642919299551295e-17,0
2025-06-10,100,-0.011269654300474462,-0.0112696543004744,-6.245004513516506e-17,0
2025-06-11,100,0.005347515217479153,0.0053475152174791,5.377642775528102e-17,0
2025-06-12,100,0.001197919619185318,0.0011979196191853,1.7997756063259374e-17,0
2025-06-13,100,-0.019351064089559392,-0.0193510640895593,-9.367506770274758e-17,0
2025-06-16,100,0.015769334517659633,0.0157693345176596,3.469446951953614e-17,0
2025-06-17,100,-0.0019346833863120728,-0.001934683386312,-7.28583859910259e-17,0
2025-06-18,100,-0.0034692758184191362,-0.0034692758184191,-3.642919299551295e-17,0
2025-06-19,100,-0.027558452640679625,-0.0275584526406796,-2.42861286636753e-17,0
2025-06-20,100,-0.005914584457149502,-0.0059145844571495,-1.734723475976807e-18,0
2025-06-23,100,0.02943020019853594,0.0294302001985359,4.163336342344337e-17,0
2025-06-24,100,0.02972001735933032,0.0297200173593303,2.0816681711721685e-17,0
2025-06-25,100,0.003007552660356689,0.0030075526603566,8.933825901280557e-17,0
2025-06-26,100,0.008736285999781677,0.0087362859997816,7.806255641895632e-17,0
2025-06-27,100,0.012054424147915086,0.012054424147915,8.500145032286355e-17,0
2025-06-30,100,0.017246201155027195,0.0172462011550271,9.367506770274758e-17,0
2025-07-01,100,0.006944622716519612,0.0069446227165196,1.214306433183765e-17,0
2025-07-02,100,0.0031196327118898103,0.0031196327118898,1.0408340855860843e-17,0
2025-07-03,100,0.0037155331212517695,0.0037155331212517,6.938893903907228e-17,0
2025-07-04,100,-0.013741546165704846,-0.0137415461657048,-4.683753385137379e-17,0
2025-07-07,100,0.01488378899940564,0.0148837889994056,3.9898639947466563e-17,0
2025-07-08,100,0.0047148204079066214,0.0047148204079066,2.168404344971009e-17,0
2025-07-09,100,0.0007599046287617172,0.0007599046287617,1.723881454251952e-17,0
2025-07-10,100,0.0006938551642607293,0.0006938551642607,2.927345865710862e-17,0
2025-07-11,100,-0.0020001501354710194,-0.002000150135471,-1.951563910473908e-17,0
2025-07-14,100,0.01324516408800752,0.0132451640880075,1.9081958235744878e-17,0
2025-07-15,100,-0.014833947819763509,-0.0148339478197635,-8.673617379884035e-18,0
2025-07-16,100,0.011425875345940181,0.0114258753459401,8.153200337090993e-17,0
2025-07-17,100,0.005321324219893556,0.0053213242198935,5.637851296924623e-17,0
2025-07-18,100,0.009310839676959993,0.0093108396769599,9.367506770274758e-17,0
2025-07-21,100,0.022988445054295162,0.0229884450542951,6.245004513516506e-17,0
2025-07-22,100,0.002509235311011535,0.0025092353110115,3.5128150388530344e-17,0
2025-07-23,100,0.005591252661364298,0.0055912526613642,9.80118763926896e-17,0
2025-07-24,100,0.01846420672779679,0.0184642067277967,9.020562075079397e-17,0
2025-07-25,100,0.00878612748997467,0.0087861274899746,6.938893903907228e-17,0
2025-07-28,100,0.009853773208667734,0.0098537732086677,3.469446951953614e-17,0
2025-07-29,100,-0.0040621149870888554,-0.0040621149870888,-5.551115123125783e-17,0
2025-07-30,100,-0.003042369781557226,-0.0030423697815572,-2.6020852139652106e-17,0
2025-07-31,100,-0.016412943602244497,-0.0164129436022444,-9.71445146547012e-17,0
2025-08-01,100,0.021027755384472557,0.0210277553844725,5.551115123125783e-17,0
2025-08-04,100,0.014082029131066386,0.0140820291310663,8.673617379884035e-17,0
2025-08-05,100,0.014212997790351022,0.014212997790351,2.2551405187698492e-17,0
2025-08-06,100,0.0059491865097204425,0.0059491865097204,4.2500725161431774e-17,0
2025-08-07,100,0.0014256532650880783,0.001425653265088,7.827939685345342e-17,0
2025-08-08,100,0.009596155187922667,0.0095961551879226,6.765421556309548e-17,0
2025-08-11,100,0.01513832346209054,0.0151383234620905,3.9898639947466563e-17,0
2025-08-12,100,-0.0038675055234440904,-0.003867505523444,-9.020562075079397e-17,0
2025-08-13,100,-0.007856755350165502,-0.0078567553501655,-1.734723475976807e-18,0
2025-08-14,100,-0.031064183739157016,-0.031064183739157,-1.3877787807814457e-17,0
2025-08-15,100,0.0061762728963512805,0.0061762728963512,8.066464163292153e-17,0
2025-08-18,100,0.009061916400224529,0.0090619164002245,2.7755575615628914e-17,0
2025-08-19,100,0.019808514528301298,0.0198085145283012,9.71445146547012e-17,0
2025-08-20,100,0.005727166510749547,0.0057271665107495,4.7704895589362195e-17,0
2025-08-21,100,0.012731468887294388,0.0127314688872943,8.847089727481716e-17,0
2025-08-22,100,-0.006788379236577337,-0.0067883792365773,-3.729655473350135e-17,0
2025-08-25,100,-0.0013229309840455672,-0.0013229309840455,-6.722053469410127e-17,0
2025-08-26,100,0.015571278464551395,0.0155712784645513,9.540979117872439e-17,0
2025-08-27,100,-0.044709656338663244,-0.0447096563386632,-4.163336342344337e-17,0
2025-08-28,100,-0.0066328773719727865,-0.0066328773719727,-8.673617379884035e-17,0
2025-08-29,100,-0.01329237808097969,-0.0132923780809796,-9.020562075079397e-17,0
2025-09-01,100,0.018671630103675233,0.0186716301036752,3.469446951953614e-17,0
2025-09-02,100,-0.006593819268503514,-0.0065938192685035,-1.3877787807814457e-17,0
2025-09-03,100,-0.027654731999577332,-0.0276547319995773,-3.122502256758253e-17,0
2025-09-04,100,0.012674489106941678,0.0126744891069416,7.806255641895632e-17,0
2025-09-05,100,0.017358146397918363,0.0173581463979183,6.245004513516506e-17,0
2025-09-08,100,0.022661650584482912,0.0226616505844829,1.0408340855860843e-17,0
2025-09-09,100,-0.006929991436438706,-0.0069299914364387,-6.071532165918825e-18,0
2025-09-10,100,0.006227060326008216,0.0062270603260082,1.5612511283791264e-17,0
2025-09-11,100,0.003794831568921746,0.0037948315689217,4.597017211338539e-17,0
2025-09-12,100,-0.009505613380354543,-0.0095056133803545,-4.336808689942018e-17,0
2025-09-15,100,0.0013994699747448213,0.0013994699747448,2.1250362580715887e-17,0
2025-09-16,100,0.014202935757249633,0.0142029357572496,3.2959746043559335e-17,0
2025-09-17,100,-0.0032364646164574663,-0.0032364646164574,-6.635317295611287e-17,0
2025-09-18,100,-0.020305172281177626,-0.0203051722811776,-2.7755575615628914e-17,0
2025-09-19,100,-0.011111679973352925,-0.0111116799733529,-2.6020852139652106e-17,0
2025-09-22,100,-0.00761042821122517,-0.0076104282112251,-7.025630077706069e-17,0
2025-09-23,100,-0.013245025001638995,-0.0132450250016389,-9.540979117872439e-17,0
2025-09-24,100,0.029011196881372027,0.029011196881372,2.7755575615628914e-17,0
2025-09-25,100,-0.005725609639967751,-0.0057256096399677,-5.117434254131581e-17,0
2025-09-26,100,0.0020346414612436347,0.0020346414612436,3.469446951953614e-17,0
2025-09-29,100,0.01998890903771654,0.0199889090377165,4.163336342344337e-17,0
2025-09-30,100,0.00772577940819401,0.007725779408194,1.0408340855860843e-17,0
2025-10-09,100,-0.006144672807658833,-0.0061446728076588,-3.2959746043559335e-17,0
2025-10-10,100,0.009768102104429613,0.0097681021044296,1.3877787807814457e-17,0
2025-10-13,100,0.002119456118193025,0.002119456118193,2.47198095326695e-17,0
2025-10-14,100,-0.0026586935824290748,-0.002658693582429,-7.45931094670027e-17,0
2025-10-15,100,0.005653797687649619,0.0056537976876496,1.9081958235744878e-17,0
2025-10-16,100,-0.011929021597802989,-0.0119290215978029,-8.847089727481716e-17,0
2025-10-17,100,-0.007903702709941427,-0.0079037027099414,-2.7755575615628914e-17,0
2025-10-20,100,0.0244474207674858,0.0244474207674858,0.0,0
2025-10-21,100,0.02645504312297044,0.0264550431229704,4.163336342344337e-17,0
2025-10-22,100,0.010974663513996475,0.0109746635139964,7.45931094670027e-17,0
2025-10-23,100,0.005500009239440782,0.0055000092394407,8.153200337090993e-17,0
2025-10-24,100,0.010484828205696987,0.0104848282056969,8.673617379884035e-17,0
2025-10-27,100,0.002267812768631272,0.0022678127686312,7.19910242530375e-17,0
2025-10-28,100,0.007909218183748866,0.0079092181837488,6.591949208711867e-17,0
2025-10-29,100,-0.016065568892356306,-0.0160655688923563,-6.938893903907228e-18,0
2025-10-30,100,-0.00940925034329468,-0.0094092503432946,-7.979727989493313e-17,0
2025-10-31,100,0.017024053943776943,0.0170240539437769,4.163336342344337e-17,0
2025-11-03,100,0.01684769101471256,0.0168476910147125,5.898059818321144e-17,0
2025-11-04,100,0.007020565660850358,0.0070205656608503,5.811323644522304e-17,0
2025-11-05,100,0.013033246192604259,0.0130332461926042,5.898059818321144e-17,0
2025-11-06,100,0.0013353596593426132,0.0013353596593426,1.3227266504323154e-17,0
2025-11-07,100,0.0038294161062668664,0.0038294161062668,6.635317295611287e-17,0
2025-11-10,100,0.01007675790376171,0.0100767579037617,1.0408340855860843e-17,0
2025-11-11,100,0.008599026755246956,0.0085990267552469,5.551115123125783e-17,0
2025-11-12,100,-0.004268153445860767,-0.0042681534458607,-6.678685382510707e-17,0
2025-11-13,100,0.007112403206410917,0.0071124032064109,1.6479873021779667e-17,0
2025-11-14,100,0.011901086662088436,0.0119010866620884,3.642919299551295e-17,0
2025-11-17,100,0.005357973292514267,0.0053579732925142,6.765421556309548e-17,0
2025-11-18,100,-0.0069049125439755174,-0.0069049125439755,-1.734723475976807e-17,0
2025-11-19,100,-0.030991591101675084,-0.030991591101675,-8.326672684688674e-17,0
2025-11-20,100,-0.009171555202924694,-0.0091715552029246,-9.367506770274758e-17,0
2025-11-21,100,-0.05460412138169752,-0.0546041213816975,-2.0816681711721685e-17,0
2025-11-24,100,0.02048011669817672,0.0204801166981767,2.0816681711721685e-17,0
2025-11-25,100,0.02001999543289431,0.0200199954328943,1.0408340855860843e-17,0
2025-11-26,100,-0.013696270013189652,-0.0136962700131896,-5.204170427930421e-17,0
2025-11-27,100,0.015088054442875785,0.0150880544428757,8.500145032286355e-17,0
2025-11-28,100,0.018602891784554577,0.0186028917845545,7.632783294297951e-17,0
2025-12-01,100,-0.0023769508706567187,-0.0023769508706567,-1.8648277366750676e-17,0
2025-12-02,100,-0.0027601608775163554,-0.0027601608775163,-5.551115123125783e-17,0
2025-12-03,100,-0.008893710256687788,-0.0088937102566877,-8.847089727481716e-17,0
2025-12-04,100,-0.016930726882121595,-0.0169307268821215,-9.367506770274758e-17,0
2025-12-05,100,0.01659398693983734,0.0165939869398373,4.163336342344337e-17,0
2025-12-08,100,0.013758453716841866,0.0137584537168418,6.591949208711867e-17,0
2025-12-09,100,-0.010840831161797291,-0.0108408311617972,-9.194034422677078e-17,0
2025-12-10,100,-0.013977892315687907,-0.0139778923156879,-6.938893903907228e-18,0
2025-12-11,100,-0.02941124844007319,-0.0294112484400731,-9.020562075079397e-17,0
2025-12-12,100,-0.01577279708787553,-0.0157727970878755,-3.122502256758253e-17,0
2025-12-15,100,0.006166434439686388,0.0061664344396863,8.847089727481716e-17,0
2025-12-16,100,-0.01790531849473525,-0.0179053184947352,-4.85722573273506e-17,0
2025-12-17,100,0.0033218903822915414,0.0033218903822915,4.119968255444917e-17,0
2025-12-18,100,0.024687005694429446,0.0246870056944294,4.5102810375396984e-17,0
2025-12-19,100,0.02788260106115609,0.027882601061156,9.020562075079397e-17,0
2025-12-22,100,-0.0034176690421846324,-0.0034176690421846,-3.252606517456513e-17,0
2025-12-23,100,-0.008515771093433015,-0.008515771093433,-1.5612511283791264e-17,0
2025-12-24,100,0.008882308687492934,0.0088823086874929,3.469446951953614e-17,0
2025-12-25,100,0.00974221769536947,0.0097422176953694,6.938893903907228e-17,0
2025-12-26,100,-0.008069708759744334,-0.0080697087597443,-3.2959746043559335e-17,0
2025-12-29,100,0.007525637816038932,0.0075256378160389,3.209238430557093e-17,0
2025-12-30,100,-0.008936502729145653,-0.0089365027291456,-5.204170427930421e-17,0
2025-12-31,100,0.00272509101957779,0.0027250910195777,9.020562075079397e-17,0
2026-01-05,100,0.01738506025752735,0.0173850602575273,5.204170427930421e-17,0
2026-01-06,100,-0.0006287373838197208,-0.0006287373838197,-2.0816681711721685e-17,0
2026-01-07,100,-0.005084544744133108,-0.0050845447441331,-8.673617379884035e-18,0
2026-01-08,100,0.025495922593423516,0.0254959225934235,1.734723475976807e-17,0
2026-01-09,100,0.013527250798971586,0.0135272507989715,8.673617379884035e-17,0
2026-01-12,100,0.019642392656139485,0.0196423926561394,8.326672684688674e-17,0
2026-01-13,100,0.002013421775070491,0.0020134217750704,9.107298248878237e-17,0
2026-01-14,100,0.0005883724324767025,0.0005883724324767,2.4936649967166602e-18,0
2026-01-15,100,-0.0007621812602362632,-0.0007621812602362,-6.320898665590491e-17,0
2026-01-16,100,0.0006616113500880349,0.000661611350088,3.491130995403324e-17,0
2026-01-19,100,0.0229928551175962,0.0229928551175962,0.0,0
2026-01-20,100,0.004648878244008659,0.0046488782440086,5.898059818321144e-17,0
2026-01-21,100,0.014687959394566918,0.0146879593945669,1.734723475976807e-17,0
2026-01-22,100,0.012646840454194612,0.0126468404541946,1.214306433183765e-17,0
2026-01-23,100,0.004666075806521668,0.0046660758065216,6.765421556309548e-17,0
2026-01-26,100,-0.009966527497917734,-0.0099665274979177,-3.469446951953614e-17,0
2026-01-27,100,-0.002985819429450829,-0.0029858194294508,-2.905661822261152e-17,0
2026-01-28,100,-0.010743090600879586,-0.0107430906008795,-8.673617379884035e-17,0
2026-01-29,100,-0.004915873383948887,-0.0049158733839488,-8.673617379884035e-17,0
2026-01-30,100,0.018481476439485747,0.0184814764394857,4.5102810375396984e-17,0
2026-02-02,100,-0.006902019876658268,-0.0069020198766582,-6.852157730108388e-17,0
2026-02-03,100,0.017475667443509372,0.0174756674435093,7.28583859910259e-17,0
2026-02-04,100,0.010777354778293037,0.010777354778293,3.642919299551295e-17,0
2026-02-05,100,0.0038527338142179566,0.0038527338142179,5.681219383824043e-17,0
2026-02-06,100,0.0060187211782107095,0.0060187211782107,9.540979117872439e-18,0
2026-02-09,100,0.0161328963638974,0.0161328963638974,0.0,0
2026-02-10,100,0.0021440143688635383,0.0021440143688635,3.8163916471489756e-17,0
2026-02-11,100,-0.0008434314026573386,-0.0008434314026573,-3.859759734048396e-17,0
2026-02-12,100,-0.011789282374972104,-0.0117892823749721,-3.469446951953614e-18,0
2026-02-13,100,0.0015569117491477413,0.0015569117491477,4.119968255444917e-17,0
2026-02-24,100,0.022412713508076096,0.022412713508076,9.71445146547012e-17,0
2026-02-25,100,0.0023073541598015255,0.0023073541598015,2.5587171270657905e-17,0
2026-02-26,100,-0.005365836195183062,-0.005365836195183,-6.245004513516506e-17,0
2026-02-27,100,0.004057756635321915,0.0040577566353219,1.474514954580286e-17,0
2026-03-02,100,-0.03619471286158629,-0.0361947128615862,-9.020562075079397e-17,0
2026-03-03,100,-0.029122027094585112,-0.0291220270945851,-1.3877787807814457e-17,0
2026-03-04,100,-0.007646213173086943,-0.0076462131730869,-4.336808689942018e-17,0
2026-03-05,100,0.01582231438394509,0.015822314383945,9.020562075079397e-17,0
2026-03-06,100,0.03872646514497766,0.0387264651449776,6.245004513516506e-17,0
2026-03-09,100,-0.008875565324052467,-0.0088755653240524,-6.765421556309548e-17,0
2026-03-10,100,0.03327806285544805,0.033278062855448,4.85722573273506e-17,0
2026-03-11,100,-0.006775251979027865,-0.0067752519790278,-6.505213034913027e-17,0
2026-03-12,100,-0.014120468564107208,-0.0141204685641072,-6.938893903907228e-18,0
2026-03-13,100,0.00026932254387041497,0.0002693225438704,1.496198998029996e-17,0
2026-03-16,100,-0.0034870442233321942,-0.0034870442233321,-9.410874857174178e-17,0
2026-03-17,100,-0.024802444753661633,-0.0248024447536616,-3.469446951953614e-17,0
2026-03-18,100,0.021213299143510243,0.0212132991435102,4.163336342344337e-17,0
2026-03-19,100,-0.029701635627262923,-0.0297016356272629,-2.42861286636753e-17,0
2026-03-20,100,-0.042440550241791455,-0.0424405502417914,-5.551115123125783e-17,0
2026-03-23,100,-0.06311222368264818,-0.0631122236826481,-8.326672684688674e-17,0
2026-03-24,100,0.06558155025231381,0.0655815502523138,1.3877787807814457e-17,0
2026-03-25,100,0.02830855147729254,0.0283085514772925,4.163336342344337e-17,0
2026-03-26,100,-0.017365640614205025,-0.017365640614205,-2.42861286636753e-17,0
2026-03-27,100,0.018781892245930003,0.01878189224593,3.469446951953614e-18,0
2026-03-30,100,0.011473280683647436,0.0114732806836474,3.642919299551295e-17,0
2026-03-31,100,-0.015526506463467045,-0.015526506463467,-4.5102810375396984e-17,0
2026-04-01,100,0.006723925423031625,0.0067239254230316,2.5153490401663703e-17,0
2026-04-02,100,-0.027829844052918978,-0.0278298440529189,-7.632783294297951e-17,0
2026-04-03,100,-0.04014222231976376,-0.0401422223197637,-6.245004513516506e-17,0
2026-04-07,100,0.03344442231913643,0.0334444223191364,2.7755575615628914e-17,0
2026-04-08,100,0.04518905773320582,0.0451890577332058,2.0816681711721685e-17,0
2026-04-09,100,-0.027334733081013293,-0.0273347330810132,-9.367506770274758e-17,0
2026-04-10,100,0.011784298711623281,0.0117842987116232,8.153200337090993e-17,0
2026-04-13,100,-0.0016180904129722096,-0.0016180904129722,-9.540979117872439e-18,0
2026-04-14,100,-0.0003264641578326832,-0.0003264641578326,-8.321251673826247e-17,0
2026-04-15,100,-0.008347893343024023,-0.008347893343024,-2.2551405187698492e-17,0
2026-04-16,100,0.028464568102061962,0.0284645681020619,6.245004513516506e-17,0
2026-04-17,100,-0.009662906524729828,-0.0096629065247298,-2.7755575615628914e-17,0
2026-04-20,100,0.011660309182802182,0.0116603091828021,8.153200337090993e-17,0
2026-04-21,100,0.0019925949744577886,0.0019925949744577,8.847089727481716e-17,0
2026-04-22,100,-0.007181241949462776,-0.0071812419494627,-7.632783294297951e-17,0
2026-04-23,100,-0.008287667745616378,-0.0082876677456163,-7.806255641895632e-17,0
2026-04-24,100,0.013257813315078928,0.0132578133150789,2.7755575615628914e-17,0
2026-04-27,100,0.0257610678223233,0.0257610678223233,0.0,0
2026-04-28,100,0.0042786368872763155,0.0042786368872763,1.5612511283791264e-17,0
2026-04-29,100,0.024230433015302005,0.024230433015302,6.938893903907228e-18,0
2026-04-30,100,0.021075766453925376,0.0210757664539253,7.632783294297951e-17,0
2026-05-06,100,0.0067577532612412665,0.0067577532612412,6.678685382510707e-17,0
2026-05-07,100,0.0038916039790663493,0.0038916039790663,4.9439619065339e-17,0
2026-05-08,100,0.009657829404293798,0.0096578294042937,9.71445146547012e-17,0
2026-05-11,100,0.007368211643710958,0.0073682116437109,5.811323644522304e-17,0
2026-05-12,100,-0.017189927674195884,-0.0171899276741958,-8.326672684688674e-17,0
2026-05-13,100,-0.00041080215836350573,-0.0004108021583635,-5.7462715141731735e-18,0
2026-05-14,100,-0.0045634227795047656,-0.0045634227795047,-6.591949208711867e-17,0
2026-05-15,100,-0.014957365523219437,-0.0149573655232194,-3.642919299551295e-17,0
2026-05-18,100,0.013082225293256486,0.0130822252932564,8.673617379884035e-17,0
2026-05-19,100,0.0001480713496637087,0.0001480713496637,8.700722434196173e-18,0
2026-05-20,100,-0.010964975516353453,-0.0109649755163534,-5.377642775528102e-17,0
2026-05-21,100,-0.03653702330272303,-0.036537023302723,-2.7755575615628914e-17,0
2026-05-22,100,0.0225198183443526,0.0225198183443526,0.0,0
2026-05-25,100,-0.017976728284921504,-0.0179767282849215,-3.469446951953614e-18,0
2026-05-26,100,-0.02246294830049319,-0.0224629483004931,-9.020562075079397e-17,0
2026-05-27,100,-0.026759635305061397,-0.0267596353050613,-9.71445146547012e-17,0
2026-05-28,100,0.0065524069841986846,0.0065524069841986,8.413408858487514e-17,0
2026-05-29,100,-0.030539293214641758,-0.0305392932146417,-5.898059818321144e-17,0
2026-06-01,100,0.03517945346087708,0.035179453460877,7.632783294297951e-17,0
2026-06-02,100,-0.027882822583773396,-0.0278828225837733,-9.71445146547012e-17,0
2026-06-03,100,-0.016623940699573053,-0.016623940699573,-5.204170427930421e-17,0
2026-06-04,100,-0.02102028349336155,-0.0210202834933615,-4.85722573273506e-17,0
2026-06-05,100,0.017257073937724556,0.0172570739377245,5.551115123125783e-17,0
2026-06-08,100,-0.028648495094482987,-0.0286484950944829,-8.673617379884035e-17,0
2026-06-09,100,0.003866550531156124,0.0038665505311561,2.42861286636753e-17,0
2026-06-10,100,-0.011275827721751546,-0.0112758277217515,-4.683753385137379e-17,0
2026-06-11,100,-0.015373522069458608,-0.0153735220694586,-8.673617379884035e-18,0
2026-06-12,100,0.009378168538695867,0.0093781685386958,6.591949208711867e-17,0
2026-06-15,100,-0.009530673412745426,-0.0095306734127454,-2.6020852139652106e-17,0
2026-06-16,100,0.008536363990417638,0.0085363639904176,3.8163916471489756e-17,0
2026-06-17,100,-0.02200773631534428,-0.0220077363153442,-7.979727989493313e-17,0
2026-06-18,100,-0.003958720559848286,-0.0039587205598482,-8.673617379884035e-17,0
2026-06-22,100,0.010480160188558664,0.0104801601885586,6.418476861114186e-17,0
2026-06-23,100,0.020592173630045823,0.0205921736300458,2.42861286636753e-17,0
2026-06-24,100,-0.03816917628959157,-0.0381691762895915,-6.938893903907228e-17,0
2026-06-25,100,-0.028523859039231613,-0.0285238590392316,-1.3877787807814457e-17,0
2026-06-26,100,-0.020891397937290626,-0.0208913979372906,-2.7755575615628914e-17,0
2026-06-29,100,0.004634905729411073,0.004634905729411,7.28583859910259e-17,0
2026-06-30,100,9.412727947652133e-05,9.412727947652131e-05,1.3552527156068805e-20,0
2026-07-01,100,0.03262675217766814,0.0326267521776681,4.163336342344337e-17,0
2026-07-02,100,0.0020608926590305067,0.0020608926590305,6.938893903907228e-18,0
2026-07-03,100,0.023587442989706907,0.0235874429897069,6.938893903907228e-18,0
2026-07-06,100,-0.009276564217324656,-0.0092765642173246,-5.551115123125783e-17,0
2026-07-07,100,-0.037925516046238145,-0.0379255160462381,-4.163336342344337e-17,0
2026-07-08,100,-0.007829166056527549,-0.0078291660565275,-4.85722573273506e-17,0
2026-07-09,100,-0.004566911717163908,-0.0045669117171639,-7.806255641895632e-18,0
2026-07-10,100,0.025783707629536096,0.025783707629536,9.71445146547012e-17,0
2026-07-13,100,-0.037028820296168705,-0.0370288202961687,-6.938893903907228e-18,0
2026-07-14,100,0.02748326923177096,0.0274832692317709,6.245004513516506e-17,0
2026-07-15,100,0.011532437621000534,0.0115324376210005,3.2959746043559335e-17,0
2026-07-16,100,0.01093823583153934,0.0109382358315393,3.9898639947466563e-17,0
2026-07-17,100,-0.04565193060932104,-0.045651930609321,-4.163336342344337e-17,0
2026-07-20,100,-0.039380292948685384,-0.0393802929486853,-8.326672684688674e-17,0
2026-07-21,100,-0.014699357966923208,-0.0146993579669232,-8.673617379884035e-18,0
2026-07-22,100,-0.01985857713567587,-0.0198585771356758,-6.938893903907228e-17,0
2026-07-23,100,0.034887563946303074,0.034887563946303,7.632783294297951e-17,0
2026-07-24,99,-0.020118689764678174,-0.0201186897646781,-7.28583859910259e-17,0
2026-07-27,99,0.0368138648558171,0.0368138648558171,0.0,0
2026-07-28,99,0.005700457475724342,0.0057004574757243,4.163336342344337e-17,0
2026-07-29,99,0.026354268305261417,0.0263542683052614,1.734723475976807e-17,0
2026-07-30,99,-0.0063887468444075056,-0.0063887468444075,-5.204170427930421e-18,0
2026-07-31,99,0.03276993364353071,0.0327699336435307,6.938893903907228e-18,0
2026-08-03,99,0.03725053149500386,0.0372505314950038,6.245004513516506e-17,0
2026-08-04,99,0.016438570929124048,0.016438570929124,4.85722573273506e-17,0
2026-08-05,99,-0.0013278158306199992,-0.0013278158306199,-9.90960785651751e-17,0
2026-08-06,99,0.010191400989021798,0.0101914009890217,9.8879238130678e-17,0
2026-08-07,100,0.003017145406151437,0.0030171454061514,3.686287386450715e-17,0
2026-08-10,100,0.03171338373436555,0.0317133837343655,5.551115123125783e-17,0
2026-08-11,100,-0.002755702335824972,-0.0027557023358249,-7.19910242530375e-17,0
2026-08-12,100,0.00790587038150362,0.0079058703815036,1.9081958235744878e-17,0
2026-08-13,100,-0.014582197210572665,-0.0145821972105726,-6.591949208711867e-17,0
2026-08-14,100,0.0011319838044643326,0.0011319838044643,3.2742905609062234e-17,0
2026-08-17,100,0.021446744415774967,0.0214467444157749,6.591949208711867e-17,0
2026-08-18,100,-0.001309720418052369,-0.0013097204180523,-6.917209860457518e-17,0
2026-08-19,100,-0.03104993698642895,-0.0310499369864289,-4.85722573273506e-17,0
2026-08-20,100,0.02549872847698569,0.0254987284769856,9.020562075079397e-17,0
2026-08-21,100,0.004361867158013419,0.0043618671580134,1.9081958235744878e-17,0
2026-08-24,100,-0.012346344571612634,-0.0123463445716126,-3.469446951953614e-17,0
2026-08-25,100,0.024426064125052847,0.0244260641250528,4.85722573273506e-17,0
2026-08-26,100,0.0009315248967683476,0.0009315248967683,4.7596475372113645e-17,0
2026-08-27,100,-0.004526537135888815,-0.0045265371358888,-1.474514954580286e-17,0
2026-08-28,100,0.01027717854343762,0.0102771785434376,1.9081958235744878e-17,0
2026-08-31,100,0.019969710504644377,0.0199697105046443,7.632783294297951e-17,0
2026-09-01,100,0.007721000042026543,0.0077210000420265,4.336808689942018e-17,0
2026-09-02,100,-0.004303728626183301,-0.0043037286261833,-8.673617379884035e-19,0
2026-09-03,100,-0.016491059894000612,-0.0164910598940006,-1.0408340855860843e-17,0
2026-09-04,100,0.003041648742291724,0.0030416487422917,2.3852447794681098e-17,0
2026-09-07,100,0.005470403907139971,0.0054704039071399,7.112366251504909e-17,0
2026-09-08,100,0.008161546889459659,0.0081615468894596,5.898059818321144e-17,0
2026-09-09,100,-0.006998017963185166,-0.0069980179631851,-6.591949208711867e-17,0
2026-09-10,100,-0.018707661793517804,-0.0187076617935178,-3.469446951953614e-18,0
2026-09-11,100,-0.0325249688495127,-0.0325249688495127,0.0,0
2026-09-14,100,0.015614246997161161,0.0156142469971611,6.071532165918825e-17,0
2026-09-15,100,-0.03628880466397174,-0.0362888046639717,-4.163336342344337e-17,0
2026-09-16,100,0.01930640589154665,0.0193064058915466,5.204170427930421e-17,0
2026-09-17,100,0.011268001855662221,0.0112680018556622,2.0816681711721685e-17,0
2026-09-18,100,0.00627509331072346,0.0062750933107234,5.984795992119984e-17,0
2026-09-21,100,0.028317705955850637,0.0283177059558506,3.8163916471489756e-17,0
2026-09-22,100,0.014301289416835344,0.0143012894168353,4.336808689942018e-17,0
2026-09-23,100,0.004414966194953712,0.0044149661949537,1.214306433183765e-17,0
2026-09-24,100,-0.0013714652102500525,-0.00137146521025,-5.2475385148298415e-17,0
