date,column,change_type,previous,candidate
2010-05-05,return_net,value_changed,0.0,-0.0030000000000000027
2010-05-06,return_net,value_changed,0.0,-0.007668221855931412
2010-05-07,return_net,value_changed,0.0,-0.0011992804590668094
2010-05-10,return_net,value_changed,0.0,-0.003347169568739261
2010-05-11,return_net,value_changed,0.0,-0.005606187456455469
2010-05-12,return_net,value_changed,0.0,-0.005902804115657467
2010-05-13,return_net,value_changed,0.0,-0.006578944195685277
2010-06-17,return_net,value_changed,0.0,-0.0030000000000000027
2010-06-18,return_net,value_changed,0.0,-0.013609296070008714
2010-06-21,return_net,value_changed,-0.003,0.0094287234361774
2010-08-12,return_net,value_changed,0.0,-0.0030000000000000027
2010-08-13,return_net,value_changed,-0.003,0.006882510776228923
2010-11-10,return_net,value_changed,0.0,-0.0030000000000000027
2010-11-11,return_net,value_changed,0.0,-0.005578184285687682
2010-11-12,return_net,value_changed,-0.003,-0.006884891364369872
2010-12-20,return_net,value_changed,0.0,-0.0030000000000000027
2010-12-21,return_net,value_changed,-0.003,0.008094742144167055
2011-03-02,return_net,value_changed,0.0,-0.0030000000000000027
2011-03-03,return_net,value_changed,-0.003,0.0014831457601081066
2011-07-08,return_net,value_changed,0.0,-0.0030000000000000027
2011-07-11,return_net,value_changed,0.0,-0.003315582284638907
2011-07-12,return_net,value_changed,0.0,-0.010549037990080667
2011-07-13,return_net,value_changed,0.0,0.008539194873355527
2011-07-14,return_net,value_changed,0.0,0.008479050360502782
2011-07-15,return_net,value_changed,-0.003,0.006312578346523878
2011-12-09,return_net,value_changed,0.0,-0.0030000000000000027
2011-12-12,return_net,value_changed,-0.003,0.0009932028886676658
2012-01-30,return_net,value_changed,0.0,-0.0030000000000000027
2012-01-31,return_net,value_changed,0.0,-0.0027471433948971224
2012-02-01,return_net,value_changed,-0.003,0.004136912871475662
2012-05-18,return_net,value_changed,0.0,-0.0030000000000000027
2012-05-21,return_net,value_changed,0.0,-0.0017803208037039386
2012-05-22,return_net,value_changed,0.0,-0.001571683482513131
2012-05-23,return_net,value_changed,0.0,-0.009808878083806705
2012-05-24,return_net,value_changed,0.0,-0.0081841334321755
2012-06-12,return_net,value_changed,0.0,-0.0030000000000000027
2012-06-13,return_net,value_changed,0.0,3.111508388875528e-05
2012-06-14,return_net,value_changed,0.0,-0.0014536725690280639
2012-06-15,return_net,value_changed,0.0,-0.0012054371878128523
2012-06-18,return_net,value_changed,0.0,0.0013416278030677908
2012-06-19,return_net,value_changed,0.0,-0.0017748881401898897
2012-06-20,return_net,value_changed,-0.003,0.011486510937230188
2012-08-17,return_net,value_changed,0.0,-0.0030000000000000027
2012-08-20,return_net,value_changed,-0.003,0.0021608338273637617
2012-11-06,return_net,value_changed,0.0,-0.0030000000000000027
2012-11-07,return_net,value_changed,-0.003,0.005743699811447511
2012-12-18,return_net,value_changed,0.0,-0.0030000000000000027
2012-12-19,return_net,value_changed,0.0,0.000918110118392157
2012-12-20,return_net,value_changed,-0.003,0.0054588511518833815
2013-02-25,return_net,value_changed,0.0,-0.0030000000000000027
2013-02-26,return_net,value_changed,-0.003,0.0010639262834566399
2013-06-24,return_net,value_changed,0.0,-0.0030000000000000027
2013-06-25,return_net,value_changed,0.0,-0.005747487295457709
2013-06-26,return_net,value_changed,0.0,-0.0007575244578753582
2013-10-18,return_net,value_changed,0.0,-0.0030000000000000027
2013-10-21,return_net,value_changed,0.0,0.0017926295165180406
2013-10-22,return_net,value_changed,-0.003,0.010417664364281931
2014-01-20,return_net,value_changed,0.0,-0.0030000000000000027
2014-01-21,return_net,value_changed,0.0,0.0008080460263408806
2014-01-22,return_net,value_changed,0.0,0.0007224164189421067
2014-01-23,return_net,value_changed,0.0,-0.004347692937086589
2014-02-13,return_net,value_changed,0.0,-0.0030000000000000027
2014-02-14,return_net,value_changed,-0.003,0.00974719964119286
2014-06-09,return_net,value_changed,0.0,-0.0030000000000000027
2014-06-10,return_net,value_changed,-0.003,0.002672731071634127
2014-10-31,return_net,value_changed,0.0,-0.0030000000000000027
2014-11-03,return_net,value_changed,-0.003,0.005198248470928757
2015-03-06,return_net,value_changed,0.0,-0.0030000000000000027
2015-03-09,return_net,value_changed,0.0,-0.0011162751786727432
2015-03-10,return_net,value_changed,-0.003,0.002861025198032996
2015-07-09,return_net,value_changed,0.0,-0.0030000000000000027
2015-07-10,return_net,value_changed,-0.003,0.02514539422746931
2016-01-21,return_net,value_changed,0.0,-0.0030000000000000027
2016-01-22,return_net,value_changed,-0.003,0.005459202601852953
2016-06-17,return_net,value_changed,0.0,-0.0030000000000000027
2016-06-20,return_net,value_changed,-0.003,-0.0006015964768814053
2017-01-20,return_net,value_changed,0.0,-0.0030000000000000027
2017-01-23,return_net,value_changed,-0.003,0.009845530868242802
2017-04-27,return_net,value_changed,0.0,-0.0030000000000000027
2017-04-28,return_net,value_changed,-0.003,0.008119204994480933
2017-06-06,return_net,value_changed,0.0,-0.0030000000000000027
2017-06-07,return_net,value_changed,-0.003,0.012596739026522696
2017-08-17,return_net,value_changed,0.0,-0.0030000000000000027
2017-08-18,return_net,value_changed,0.0,-0.00353544743924461
2017-08-21,return_net,value_changed,-0.003,0.01991686164498696
2017-12-27,return_net,value_changed,0.0,-0.0030000000000000027
2017-12-28,return_net,value_changed,-0.003,0.003587883456112717
2018-01-16,return_net,value_changed,0.0,-0.0030000000000000027
2018-01-17,return_net,value_changed,-0.003,0.008339105126264457
2018-03-07,return_net,value_changed,0.0,-0.0030000000000000027
2018-03-08,return_net,value_changed,-0.003,0.014205362809148303
2018-04-26,return_net,value_changed,0.0,-0.0030000000000000027
2018-04-27,return_net,value_changed,0.0,0.0012462696320656441
2018-05-02,return_net,value_changed,0.0,-0.010565373995232497
2018-05-03,return_net,value_changed,0.0,0.00936858037691346
2018-05-04,return_net,value_changed,-0.003,0.009919636245856234
2018-06-28,return_net,value_changed,0.0,-0.0030000000000000027
2018-06-29,return_net,value_changed,-0.003,0.0033716322903041274
2018-09-06,return_net,value_changed,0.0,-0.0030000000000000027
2018-09-07,return_net,value_changed,-0.003,0.0034268798842578274
2019-03-19,return_net,value_changed,0.0,-0.0030000000000000027
2019-03-20,return_net,value_changed,-0.003,0.006752374035837061
2019-07-09,return_net,value_changed,0.0,-0.0030000000000000027
2019-07-10,return_net,value_changed,-0.003,0.003639438140830231
2019-09-19,return_net,value_changed,0.0,-0.0030000000000000027
2019-09-20,return_net,value_changed,-0.003,0.0005635181622607455
2019-11-26,return_net,value_changed,0.0,-0.0030000000000000027
2019-11-27,return_net,value_changed,-0.003,-0.0019080186208293437
2019-12-20,return_net,value_changed,0.0,-0.0030000000000000027
2019-12-23,return_net,value_changed,-0.003,-0.001291276929941576
2020-03-05,return_net,value_changed,0.0,-0.0030000000000000027
2020-03-06,return_net,value_changed,-0.003,0.008643506679820279
2020-05-21,return_net,value_changed,0.0,-0.0030000000000000027
2020-05-22,return_net,value_changed,-0.003,0.010807431578667037
2020-07-17,return_net,value_changed,0.0,-0.0030000000000000027
2020-07-20,return_net,value_changed,-0.003,0.011299038585728338
2020-10-16,return_net,value_changed,0.0,-0.0030000000000000027
2020-10-19,return_net,value_changed,-0.003,-0.0001880933501138271
2021-01-29,return_net,value_changed,0.0,-0.0030000000000000027
2021-02-01,return_net,value_changed,0.0,-0.013029995778937375
2021-02-02,return_net,value_changed,0.0,-0.01614407333305834
2021-02-19,return_net,value_changed,0.0,-0.0030000000000000027
2021-02-22,return_net,value_changed,-0.003,0.021486754137931108
2021-05-12,return_net,value_changed,0.0,-0.0030000000000000027
2021-05-13,return_net,value_changed,-0.003,0.006645429766826805
2021-05-24,return_net,value_changed,0.0,-0.0030000000000000027
2021-05-25,return_net,value_changed,0.0,-0.005319908902234105
2021-05-26,return_net,value_changed,0.0,0.004114494216526543
2021-05-27,return_net,value_changed,0.0,-0.003242068729488068
2021-05-28,return_net,value_changed,0.0,-0.002165492133792246
2021-05-31,return_net,value_changed,0.0,-0.009544274620276516
2021-06-02,return_net,value_changed,0.0,-0.0030000000000000027
2021-06-03,return_net,value_changed,0.0,-0.0008228756305986851
2021-06-04,return_net,value_changed,0.0,-0.007668343867799798
2021-06-07,return_net,value_changed,0.0,0.0023016016965917707
2021-06-08,return_net,value_changed,-0.003,0.01800842856087015
2021-07-06,return_net,value_changed,0.0,-0.0030000000000000027
2021-07-07,return_net,value_changed,-0.003,-0.007486292008596851
2021-08-10,return_net,value_changed,0.0,-0.0030000000000000027
2021-08-11,return_net,value_changed,0.0,-0.0009316193287712826
2021-08-12,return_net,value_changed,0.0,-0.006648330919865386
2021-08-13,return_net,value_changed,0.0,0.001087221854244813
2021-08-16,return_net,value_changed,-0.003,0.011008016518089025
2021-09-29,return_net,value_changed,0.0,-0.0030000000000000027
2021-09-30,return_net,value_changed,0.0,0.003938465105118194
2021-10-08,return_net,value_changed,-0.003,0.0328381508953588
2021-11-08,return_net,value_changed,0.0,-0.0030000000000000027
2021-11-09,return_net,value_changed,0.0,-0.002301491501178088
2021-11-10,return_net,value_changed,-0.003,0.0073744241755207
2021-12-01,return_net,value_changed,0.0,-0.0030000000000000027
2021-12-02,return_net,value_changed,-0.003,-0.001875902176755262
2022-02-22,return_net,value_changed,0.0,-0.0030000000000000027
2022-02-23,return_net,value_changed,0.0,-0.009033153111942416
2022-02-24,return_net,value_changed,0.0,-0.0014968452927023312
2022-02-25,return_net,value_changed,0.0,0.008709744562927835
2022-02-28,return_net,value_changed,-0.003,-0.011038325873748756
2022-05-19,return_net,value_changed,0.0,-0.0030000000000000027
2022-05-20,return_net,value_changed,0.0,-0.00535446535225359
2022-05-23,return_net,value_changed,0.0,0.004850095334991256
2022-05-24,return_net,value_changed,0.0,-0.009186759010551548
2022-05-25,return_net,value_changed,-0.003,0.00799461087389619
2022-06-02,return_net,value_changed,0.0,-0.0030000000000000027
2022-06-06,return_net,value_changed,0.0,-0.0026857561299201693
2022-06-07,return_net,value_changed,0.0,-0.01625997224342257
2022-07-11,return_net,value_changed,0.0,-0.0030000000000000027
2022-07-12,return_net,value_changed,-0.003,-0.004729879255415126
2023-01-04,return_net,value_changed,0.0,-0.0030000000000000027
2023-01-05,return_net,value_changed,0.0,-0.007268371593956879
2023-01-06,return_net,value_changed,0.0,-0.007653797404267748
2023-01-09,return_net,value_changed,0.0,0.0018222332125501506
2023-01-10,return_net,value_changed,0.0,-0.005233019727819643
2023-01-19,return_net,value_changed,0.0,-0.0030000000000000027
2023-01-20,return_net,value_changed,0.0,0.0010268323038480354
2023-01-30,return_net,value_changed,-0.003,0.013558505504265739
2023-06-28,return_net,value_changed,0.0,-0.0030000000000000027
2023-06-29,return_net,value_changed,-0.003,0.012867187618341935
2023-08-11,return_net,value_changed,0.0,-0.0030000000000000027
2023-08-14,return_net,value_changed,-0.003,0.0017898007479102418
2023-09-18,return_net,value_changed,0.0,-0.0030000000000000027
2023-09-19,return_net,value_changed,0.0,-0.007958988745669582
2023-09-20,return_net,value_changed,0.0,0.0006002932427697782
2023-09-21,return_net,value_changed,-0.003,0.00048007785160675276
2023-10-20,return_net,value_changed,0.0,-0.0030000000000000027
2023-10-23,return_net,value_changed,0.0,-0.00927650407480518
2023-10-24,return_net,value_changed,-0.003,0.03413756902032272
2023-12-13,return_net,value_changed,0.0,-0.0030000000000000027
2023-12-14,return_net,value_changed,-0.003,0.007833082542020975
2024-03-19,return_net,value_changed,0.0,-0.0030000000000000027
2024-03-20,return_net,value_changed,-0.003,0.013813898572831551
2024-07-23,return_net,value_changed,0.0,-0.0030000000000000027
2024-07-24,return_net,value_changed,-0.003,-0.008861735806301452
2024-08-27,return_net,value_changed,0.0,-0.0030000000000000027
2024-08-28,return_net,value_changed,-0.003,0.012619195127102634
2024-10-10,return_net,value_changed,0.0,-0.0030000000000000027
2024-10-11,return_net,value_changed,-0.003,-0.003494965895623481
2025-02-28,return_net,value_changed,0.0,-0.0030000000000000027
2025-03-03,return_net,value_changed,-0.003,0.006269240368337536
2025-06-23,return_net,value_changed,0.0,-0.0030000000000000027
2025-06-24,return_net,value_changed,-0.003,0.014153161799643543
2025-10-10,return_net,value_changed,0.0,-0.0030000000000000027
2025-10-13,return_net,value_changed,-0.003,0.0033724570128252918
2025-12-02,return_net,value_changed,0.0,-0.0030000000000000027
2025-12-03,return_net,value_changed,0.0,-0.002033105594967388
2025-12-04,return_net,value_changed,0.0,-0.020162130321340288
2026-01-19,return_net,value_changed,0.0,-0.0030000000000000027
2026-01-20,return_net,value_changed,-0.003,0.012432445658549396
2026-03-09,return_net,value_changed,0.0,-0.0030000000000000027
2026-03-10,return_net,value_changed,-0.003,0.018779327129658352
2010-05-06,holding,value_changed,cash,long_microcap_short_zz1000
2010-05-07,holding,value_changed,cash,long_microcap_short_zz1000
2010-05-10,holding,value_changed,cash,long_microcap_short_zz1000
2010-05-11,holding,value_changed,cash,long_microcap_short_zz1000
2010-05-12,holding,value_changed,cash,long_microcap_short_zz1000
2010-05-13,holding,value_changed,cash,long_microcap_short_zz1000
2010-06-18,holding,value_changed,cash,long_microcap_short_zz1000
2010-06-21,holding,value_changed,cash,long_microcap_short_zz1000
2010-08-13,holding,value_changed,cash,long_microcap_short_zz1000
2010-11-11,holding,value_changed,cash,long_microcap_short_zz1000
2010-11-12,holding,value_changed,cash,long_microcap_short_zz1000
2010-12-21,holding,value_changed,cash,long_microcap_short_zz1000
2011-03-03,holding,value_changed,cash,long_microcap_short_zz1000
2011-07-11,holding,value_changed,cash,long_microcap_short_zz1000
2011-07-12,holding,value_changed,cash,long_microcap_short_zz1000
2011-07-13,holding,value_changed,cash,long_microcap_short_zz1000
2011-07-14,holding,value_changed,cash,long_microcap_short_zz1000
2011-07-15,holding,value_changed,cash,long_microcap_short_zz1000
2011-12-12,holding,value_changed,cash,long_microcap_short_zz1000
2012-01-31,holding,value_changed,cash,long_microcap_short_zz1000
2012-02-01,holding,value_changed,cash,long_microcap_short_zz1000
2012-05-21,holding,value_changed,cash,long_microcap_short_zz1000
2012-05-22,holding,value_changed,cash,long_microcap_short_zz1000
2012-05-23,holding,value_changed,cash,long_microcap_short_zz1000
2012-05-24,holding,value_changed,cash,long_microcap_short_zz1000
2012-06-13,holding,value_changed,cash,long_microcap_short_zz1000
2012-06-14,holding,value_changed,cash,long_microcap_short_zz1000
2012-06-15,holding,value_changed,cash,long_microcap_short_zz1000
2012-06-18,holding,value_changed,cash,long_microcap_short_zz1000
2012-06-19,holding,value_changed,cash,long_microcap_short_zz1000
2012-06-20,holding,value_changed,cash,long_microcap_short_zz1000
2012-08-20,holding,value_changed,cash,long_microcap_short_zz1000
2012-11-07,holding,value_changed,cash,long_microcap_short_zz1000
2012-12-19,holding,value_changed,cash,long_microcap_short_zz1000
2012-12-20,holding,value_changed,cash,long_microcap_short_zz1000
2013-02-26,holding,value_changed,cash,long_microcap_short_zz1000
2013-06-25,holding,value_changed,cash,long_microcap_short_zz1000
2013-06-26,holding,value_changed,cash,long_microcap_short_zz1000
2013-10-21,holding,value_changed,cash,long_microcap_short_zz1000
2013-10-22,holding,value_changed,cash,long_microcap_short_zz1000
2014-01-21,holding,value_changed,cash,long_microcap_short_zz1000
2014-01-22,holding,value_changed,cash,long_microcap_short_zz1000
2014-01-23,holding,value_changed,cash,long_microcap_short_zz1000
2014-02-14,holding,value_changed,cash,long_microcap_short_zz1000
2014-06-10,holding,value_changed,cash,long_microcap_short_zz1000
2014-11-03,holding,value_changed,cash,long_microcap_short_zz1000
2015-03-09,holding,value_changed,cash,long_microcap_short_zz1000
2015-03-10,holding,value_changed,cash,long_microcap_short_zz1000
2015-07-10,holding,value_changed,cash,long_microcap_short_zz1000
2016-01-22,holding,value_changed,cash,long_microcap_short_zz1000
2016-06-20,holding,value_changed,cash,long_microcap_short_zz1000
2017-01-23,holding,value_changed,cash,long_microcap_short_zz1000
2017-04-28,holding,value_changed,cash,long_microcap_short_zz1000
2017-06-07,holding,value_changed,cash,long_microcap_short_zz1000
2017-08-18,holding,value_changed,cash,long_microcap_short_zz1000
2017-08-21,holding,value_changed,cash,long_microcap_short_zz1000
2017-12-28,holding,value_changed,cash,long_microcap_short_zz1000
2018-01-17,holding,value_changed,cash,long_microcap_short_zz1000
2018-03-08,holding,value_changed,cash,long_microcap_short_zz1000
2018-04-27,holding,value_changed,cash,long_microcap_short_zz1000
2018-05-02,holding,value_changed,cash,long_microcap_short_zz1000
2018-05-03,holding,value_changed,cash,long_microcap_short_zz1000
2018-05-04,holding,value_changed,cash,long_microcap_short_zz1000
2018-06-29,holding,value_changed,cash,long_microcap_short_zz1000
2018-09-07,holding,value_changed,cash,long_microcap_short_zz1000
2019-03-20,holding,value_changed,cash,long_microcap_short_zz1000
2019-07-10,holding,value_changed,cash,long_microcap_short_zz1000
2019-09-20,holding,value_changed,cash,long_microcap_short_zz1000
2019-11-27,holding,value_changed,cash,long_microcap_short_zz1000
2019-12-23,holding,value_changed,cash,long_microcap_short_zz1000
2020-03-06,holding,value_changed,cash,long_microcap_short_zz1000
2020-05-22,holding,value_changed,cash,long_microcap_short_zz1000
2020-07-20,holding,value_changed,cash,long_microcap_short_zz1000
2020-10-19,holding,value_changed,cash,long_microcap_short_zz1000
2021-02-01,holding,value_changed,cash,long_microcap_short_zz1000
2021-02-02,holding,value_changed,cash,long_microcap_short_zz1000
2021-02-22,holding,value_changed,cash,long_microcap_short_zz1000
2021-05-13,holding,value_changed,cash,long_microcap_short_zz1000
2021-05-25,holding,value_changed,cash,long_microcap_short_zz1000
2021-05-26,holding,value_changed,cash,long_microcap_short_zz1000
2021-05-27,holding,value_changed,cash,long_microcap_short_zz1000
2021-05-28,holding,value_changed,cash,long_microcap_short_zz1000
2021-05-31,holding,value_changed,cash,long_microcap_short_zz1000
2021-06-03,holding,value_changed,cash,long_microcap_short_zz1000
2021-06-04,holding,value_changed,cash,long_microcap_short_zz1000
2021-06-07,holding,value_changed,cash,long_microcap_short_zz1000
2021-06-08,holding,value_changed,cash,long_microcap_short_zz1000
2021-07-07,holding,value_changed,cash,long_microcap_short_zz1000
2021-08-11,holding,value_changed,cash,long_microcap_short_zz1000
2021-08-12,holding,value_changed,cash,long_microcap_short_zz1000
2021-08-13,holding,value_changed,cash,long_microcap_short_zz1000
2021-08-16,holding,value_changed,cash,long_microcap_short_zz1000
2021-09-30,holding,value_changed,cash,long_microcap_short_zz1000
2021-10-08,holding,value_changed,cash,long_microcap_short_zz1000
2021-11-09,holding,value_changed,cash,long_microcap_short_zz1000
2021-11-10,holding,value_changed,cash,long_microcap_short_zz1000
2021-12-02,holding,value_changed,cash,long_microcap_short_zz1000
2022-02-23,holding,value_changed,cash,long_microcap_short_zz1000
2022-02-24,holding,value_changed,cash,long_microcap_short_zz1000
2022-02-25,holding,value_changed,cash,long_microcap_short_zz1000
2022-02-28,holding,value_changed,cash,long_microcap_short_zz1000
2022-05-20,holding,value_changed,cash,long_microcap_short_zz1000
2022-05-23,holding,value_changed,cash,long_microcap_short_zz1000
2022-05-24,holding,value_changed,cash,long_microcap_short_zz1000
2022-05-25,holding,value_changed,cash,long_microcap_short_zz1000
2022-06-06,holding,value_changed,cash,long_microcap_short_zz1000
2022-06-07,holding,value_changed,cash,long_microcap_short_zz1000
2022-07-12,holding,value_changed,cash,long_microcap_short_zz1000
2023-01-05,holding,value_changed,cash,long_microcap_short_zz1000
2023-01-06,holding,value_changed,cash,long_microcap_short_zz1000
2023-01-09,holding,value_changed,cash,long_microcap_short_zz1000
2023-01-10,holding,value_changed,cash,long_microcap_short_zz1000
2023-01-20,holding,value_changed,cash,long_microcap_short_zz1000
2023-01-30,holding,value_changed,cash,long_microcap_short_zz1000
2023-06-29,holding,value_changed,cash,long_microcap_short_zz1000
2023-08-14,holding,value_changed,cash,long_microcap_short_zz1000
2023-09-19,holding,value_changed,cash,long_microcap_short_zz1000
2023-09-20,holding,value_changed,cash,long_microcap_short_zz1000
2023-09-21,holding,value_changed,cash,long_microcap_short_zz1000
2023-10-23,holding,value_changed,cash,long_microcap_short_zz1000
2023-10-24,holding,value_changed,cash,long_microcap_short_zz1000
2023-12-14,holding,value_changed,cash,long_microcap_short_zz1000
2024-03-20,holding,value_changed,cash,long_microcap_short_zz1000
2024-07-24,holding,value_changed,cash,long_microcap_short_zz1000
2024-08-28,holding,value_changed,cash,long_microcap_short_zz1000
2024-10-11,holding,value_changed,cash,long_microcap_short_zz1000
2025-03-03,holding,value_changed,cash,long_microcap_short_zz1000
2025-06-24,holding,value_changed,cash,long_microcap_short_zz1000
2025-10-13,holding,value_changed,cash,long_microcap_short_zz1000
2025-12-03,holding,value_changed,cash,long_microcap_short_zz1000
2025-12-04,holding,value_changed,cash,long_microcap_short_zz1000
2026-01-20,holding,value_changed,cash,long_microcap_short_zz1000
2026-03-10,holding,value_changed,cash,long_microcap_short_zz1000
2010-05-05,next_holding,value_changed,cash,long_microcap_short_zz1000
2010-05-06,next_holding,value_changed,cash,long_microcap_short_zz1000
2010-05-07,next_holding,value_changed,cash,long_microcap_short_zz1000
2010-05-10,next_holding,value_changed,cash,long_microcap_short_zz1000
2010-05-11,next_holding,value_changed,cash,long_microcap_short_zz1000
2010-05-12,next_holding,value_changed,cash,long_microcap_short_zz1000
2010-06-17,next_holding,value_changed,cash,long_microcap_short_zz1000
2010-06-18,next_holding,value_changed,cash,long_microcap_short_zz1000
2010-08-12,next_holding,value_changed,cash,long_microcap_short_zz1000
2010-11-10,next_holding,value_changed,cash,long_microcap_short_zz1000
2010-11-11,next_holding,value_changed,cash,long_microcap_short_zz1000
2010-12-20,next_holding,value_changed,cash,long_microcap_short_zz1000
2011-03-02,next_holding,value_changed,cash,long_microcap_short_zz1000
2011-07-08,next_holding,value_changed,cash,long_microcap_short_zz1000
2011-07-11,next_holding,value_changed,cash,long_microcap_short_zz1000
2011-07-12,next_holding,value_changed,cash,long_microcap_short_zz1000
2011-07-13,next_holding,value_changed,cash,long_microcap_short_zz1000
2011-07-14,next_holding,value_changed,cash,long_microcap_short_zz1000
2011-12-09,next_holding,value_changed,cash,long_microcap_short_zz1000
2012-01-30,next_holding,value_changed,cash,long_microcap_short_zz1000
2012-01-31,next_holding,value_changed,cash,long_microcap_short_zz1000
2012-05-18,next_holding,value_changed,cash,long_microcap_short_zz1000
2012-05-21,next_holding,value_changed,cash,long_microcap_short_zz1000
2012-05-22,next_holding,value_changed,cash,long_microcap_short_zz1000
2012-05-23,next_holding,value_changed,cash,long_microcap_short_zz1000
2012-06-12,next_holding,value_changed,cash,long_microcap_short_zz1000
2012-06-13,next_holding,value_changed,cash,long_microcap_short_zz1000
2012-06-14,next_holding,value_changed,cash,long_microcap_short_zz1000
2012-06-15,next_holding,value_changed,cash,long_microcap_short_zz1000
2012-06-18,next_holding,value_changed,cash,long_microcap_short_zz1000
2012-06-19,next_holding,value_changed,cash,long_microcap_short_zz1000
2012-08-17,next_holding,value_changed,cash,long_microcap_short_zz1000
2012-11-06,next_holding,value_changed,cash,long_microcap_short_zz1000
2012-12-18,next_holding,value_changed,cash,long_microcap_short_zz1000
2012-12-19,next_holding,value_changed,cash,long_microcap_short_zz1000
2013-02-25,next_holding,value_changed,cash,long_microcap_short_zz1000
2013-06-24,next_holding,value_changed,cash,long_microcap_short_zz1000
2013-06-25,next_holding,value_changed,cash,long_microcap_short_zz1000
2013-10-18,next_holding,value_changed,cash,long_microcap_short_zz1000
2013-10-21,next_holding,value_changed,cash,long_microcap_short_zz1000
2014-01-20,next_holding,value_changed,cash,long_microcap_short_zz1000
2014-01-21,next_holding,value_changed,cash,long_microcap_short_zz1000
2014-01-22,next_holding,value_changed,cash,long_microcap_short_zz1000
2014-02-13,next_holding,value_changed,cash,long_microcap_short_zz1000
2014-06-09,next_holding,value_changed,cash,long_microcap_short_zz1000
2014-10-31,next_holding,value_changed,cash,long_microcap_short_zz1000
2015-03-06,next_holding,value_changed,cash,long_microcap_short_zz1000
2015-03-09,next_holding,value_changed,cash,long_microcap_short_zz1000
2015-07-09,next_holding,value_changed,cash,long_microcap_short_zz1000
2016-01-21,next_holding,value_changed,cash,long_microcap_short_zz1000
2016-06-17,next_holding,value_changed,cash,long_microcap_short_zz1000
2017-01-20,next_holding,value_changed,cash,long_microcap_short_zz1000
2017-04-27,next_holding,value_changed,cash,long_microcap_short_zz1000
2017-06-06,next_holding,value_changed,cash,long_microcap_short_zz1000
2017-08-17,next_holding,value_changed,cash,long_microcap_short_zz1000
2017-08-18,next_holding,value_changed,cash,long_microcap_short_zz1000
2017-12-27,next_holding,value_changed,cash,long_microcap_short_zz1000
2018-01-16,next_holding,value_changed,cash,long_microcap_short_zz1000
2018-03-07,next_holding,value_changed,cash,long_microcap_short_zz1000
2018-04-26,next_holding,value_changed,cash,long_microcap_short_zz1000
2018-04-27,next_holding,value_changed,cash,long_microcap_short_zz1000
2018-05-02,next_holding,value_changed,cash,long_microcap_short_zz1000
2018-05-03,next_holding,value_changed,cash,long_microcap_short_zz1000
2018-06-28,next_holding,value_changed,cash,long_microcap_short_zz1000
2018-09-06,next_holding,value_changed,cash,long_microcap_short_zz1000
2019-03-19,next_holding,value_changed,cash,long_microcap_short_zz1000
2019-07-09,next_holding,value_changed,cash,long_microcap_short_zz1000
2019-09-19,next_holding,value_changed,cash,long_microcap_short_zz1000
2019-11-26,next_holding,value_changed,cash,long_microcap_short_zz1000
2019-12-20,next_holding,value_changed,cash,long_microcap_short_zz1000
2020-03-05,next_holding,value_changed,cash,long_microcap_short_zz1000
2020-05-21,next_holding,value_changed,cash,long_microcap_short_zz1000
2020-07-17,next_holding,value_changed,cash,long_microcap_short_zz1000
2020-10-16,next_holding,value_changed,cash,long_microcap_short_zz1000
2021-01-29,next_holding,value_changed,cash,long_microcap_short_zz1000
2021-02-01,next_holding,value_changed,cash,long_microcap_short_zz1000
2021-02-19,next_holding,value_changed,cash,long_microcap_short_zz1000
2021-05-12,next_holding,value_changed,cash,long_microcap_short_zz1000
2021-05-24,next_holding,value_changed,cash,long_microcap_short_zz1000
2021-05-25,next_holding,value_changed,cash,long_microcap_short_zz1000
2021-05-26,next_holding,value_changed,cash,long_microcap_short_zz1000
2021-05-27,next_holding,value_changed,cash,long_microcap_short_zz1000
2021-05-28,next_holding,value_changed,cash,long_microcap_short_zz1000
2021-06-02,next_holding,value_changed,cash,long_microcap_short_zz1000
2021-06-03,next_holding,value_changed,cash,long_microcap_short_zz1000
2021-06-04,next_holding,value_changed,cash,long_microcap_short_zz1000
2021-06-07,next_holding,value_changed,cash,long_microcap_short_zz1000
2021-07-06,next_holding,value_changed,cash,long_microcap_short_zz1000
2021-08-10,next_holding,value_changed,cash,long_microcap_short_zz1000
2021-08-11,next_holding,value_changed,cash,long_microcap_short_zz1000
2021-08-12,next_holding,value_changed,cash,long_microcap_short_zz1000
2021-08-13,next_holding,value_changed,cash,long_microcap_short_zz1000
2021-09-29,next_holding,value_changed,cash,long_microcap_short_zz1000
2021-09-30,next_holding,value_changed,cash,long_microcap_short_zz1000
2021-11-08,next_holding,value_changed,cash,long_microcap_short_zz1000
2021-11-09,next_holding,value_changed,cash,long_microcap_short_zz1000
2021-12-01,next_holding,value_changed,cash,long_microcap_short_zz1000
2022-02-22,next_holding,value_changed,cash,long_microcap_short_zz1000
2022-02-23,next_holding,value_changed,cash,long_microcap_short_zz1000
2022-02-24,next_holding,value_changed,cash,long_microcap_short_zz1000
2022-02-25,next_holding,value_changed,cash,long_microcap_short_zz1000
2022-05-19,next_holding,value_changed,cash,long_microcap_short_zz1000
2022-05-20,next_holding,value_changed,cash,long_microcap_short_zz1000
2022-05-23,next_holding,value_changed,cash,long_microcap_short_zz1000
2022-05-24,next_holding,value_changed,cash,long_microcap_short_zz1000
2022-06-02,next_holding,value_changed,cash,long_microcap_short_zz1000
2022-06-06,next_holding,value_changed,cash,long_microcap_short_zz1000
2022-07-11,next_holding,value_changed,cash,long_microcap_short_zz1000
2023-01-04,next_holding,value_changed,cash,long_microcap_short_zz1000
2023-01-05,next_holding,value_changed,cash,long_microcap_short_zz1000
2023-01-06,next_holding,value_changed,cash,long_microcap_short_zz1000
2023-01-09,next_holding,value_changed,cash,long_microcap_short_zz1000
2023-01-19,next_holding,value_changed,cash,long_microcap_short_zz1000
2023-01-20,next_holding,value_changed,cash,long_microcap_short_zz1000
2023-06-28,next_holding,value_changed,cash,long_microcap_short_zz1000
2023-08-11,next_holding,value_changed,cash,long_microcap_short_zz1000
2023-09-18,next_holding,value_changed,cash,long_microcap_short_zz1000
2023-09-19,next_holding,value_changed,cash,long_microcap_short_zz1000
2023-09-20,next_holding,value_changed,cash,long_microcap_short_zz1000
2023-10-20,next_holding,value_changed,cash,long_microcap_short_zz1000
2023-10-23,next_holding,value_changed,cash,long_microcap_short_zz1000
2023-12-13,next_holding,value_changed,cash,long_microcap_short_zz1000
2024-03-19,next_holding,value_changed,cash,long_microcap_short_zz1000
2024-07-23,next_holding,value_changed,cash,long_microcap_short_zz1000
2024-08-27,next_holding,value_changed,cash,long_microcap_short_zz1000
2024-10-10,next_holding,value_changed,cash,long_microcap_short_zz1000
2025-02-28,next_holding,value_changed,cash,long_microcap_short_zz1000
2025-06-23,next_holding,value_changed,cash,long_microcap_short_zz1000
2025-10-10,next_holding,value_changed,cash,long_microcap_short_zz1000
2025-12-02,next_holding,value_changed,cash,long_microcap_short_zz1000
2025-12-03,next_holding,value_changed,cash,long_microcap_short_zz1000
2026-01-19,next_holding,value_changed,cash,long_microcap_short_zz1000
2026-03-09,next_holding,value_changed,cash,long_microcap_short_zz1000
2010-05-06,base_holding,value_changed,cash,long_microcap_short_zz1000
2010-05-07,base_holding,value_changed,cash,long_microcap_short_zz1000
2010-05-10,base_holding,value_changed,cash,long_microcap_short_zz1000
2010-05-11,base_holding,value_changed,cash,long_microcap_short_zz1000
2010-05-12,base_holding,value_changed,cash,long_microcap_short_zz1000
2010-05-13,base_holding,value_changed,cash,long_microcap_short_zz1000
2010-06-18,base_holding,value_changed,cash,long_microcap_short_zz1000
2010-06-21,base_holding,value_changed,cash,long_microcap_short_zz1000
2010-08-13,base_holding,value_changed,cash,long_microcap_short_zz1000
2010-11-11,base_holding,value_changed,cash,long_microcap_short_zz1000
2010-11-12,base_holding,value_changed,cash,long_microcap_short_zz1000
2010-12-21,base_holding,value_changed,cash,long_microcap_short_zz1000
2011-03-03,base_holding,value_changed,cash,long_microcap_short_zz1000
2011-07-11,base_holding,value_changed,cash,long_microcap_short_zz1000
2011-07-12,base_holding,value_changed,cash,long_microcap_short_zz1000
2011-07-13,base_holding,value_changed,cash,long_microcap_short_zz1000
2011-07-14,base_holding,value_changed,cash,long_microcap_short_zz1000
2011-07-15,base_holding,value_changed,cash,long_microcap_short_zz1000
2011-12-12,base_holding,value_changed,cash,long_microcap_short_zz1000
2012-01-31,base_holding,value_changed,cash,long_microcap_short_zz1000
2012-02-01,base_holding,value_changed,cash,long_microcap_short_zz1000
2012-05-21,base_holding,value_changed,cash,long_microcap_short_zz1000
2012-05-22,base_holding,value_changed,cash,long_microcap_short_zz1000
2012-05-23,base_holding,value_changed,cash,long_microcap_short_zz1000
2012-05-24,base_holding,value_changed,cash,long_microcap_short_zz1000
2012-06-13,base_holding,value_changed,cash,long_microcap_short_zz1000
2012-06-14,base_holding,value_changed,cash,long_microcap_short_zz1000
2012-06-15,base_holding,value_changed,cash,long_microcap_short_zz1000
2012-06-18,base_holding,value_changed,cash,long_microcap_short_zz1000
2012-06-19,base_holding,value_changed,cash,long_microcap_short_zz1000
2012-06-20,base_holding,value_changed,cash,long_microcap_short_zz1000
2012-08-20,base_holding,value_changed,cash,long_microcap_short_zz1000
2012-11-07,base_holding,value_changed,cash,long_microcap_short_zz1000
2012-12-19,base_holding,value_changed,cash,long_microcap_short_zz1000
2012-12-20,base_holding,value_changed,cash,long_microcap_short_zz1000
2013-02-26,base_holding,value_changed,cash,long_microcap_short_zz1000
2013-06-25,base_holding,value_changed,cash,long_microcap_short_zz1000
2013-06-26,base_holding,value_changed,cash,long_microcap_short_zz1000
2013-10-21,base_holding,value_changed,cash,long_microcap_short_zz1000
2013-10-22,base_holding,value_changed,cash,long_microcap_short_zz1000
2014-01-21,base_holding,value_changed,cash,long_microcap_short_zz1000
2014-01-22,base_holding,value_changed,cash,long_microcap_short_zz1000
2014-01-23,base_holding,value_changed,cash,long_microcap_short_zz1000
2014-02-14,base_holding,value_changed,cash,long_microcap_short_zz1000
2014-06-10,base_holding,value_changed,cash,long_microcap_short_zz1000
2014-11-03,base_holding,value_changed,cash,long_microcap_short_zz1000
2015-03-09,base_holding,value_changed,cash,long_microcap_short_zz1000
2015-03-10,base_holding,value_changed,cash,long_microcap_short_zz1000
2015-07-10,base_holding,value_changed,cash,long_microcap_short_zz1000
2016-01-22,base_holding,value_changed,cash,long_microcap_short_zz1000
2016-06-20,base_holding,value_changed,cash,long_microcap_short_zz1000
2017-01-23,base_holding,value_changed,cash,long_microcap_short_zz1000
2017-04-28,base_holding,value_changed,cash,long_microcap_short_zz1000
2017-06-07,base_holding,value_changed,cash,long_microcap_short_zz1000
2017-08-18,base_holding,value_changed,cash,long_microcap_short_zz1000
2017-08-21,base_holding,value_changed,cash,long_microcap_short_zz1000
2017-12-28,base_holding,value_changed,cash,long_microcap_short_zz1000
2018-01-17,base_holding,value_changed,cash,long_microcap_short_zz1000
2018-03-08,base_holding,value_changed,cash,long_microcap_short_zz1000
2018-04-27,base_holding,value_changed,cash,long_microcap_short_zz1000
2018-05-02,base_holding,value_changed,cash,long_microcap_short_zz1000
2018-05-03,base_holding,value_changed,cash,long_microcap_short_zz1000
2018-05-04,base_holding,value_changed,cash,long_microcap_short_zz1000
2018-06-29,base_holding,value_changed,cash,long_microcap_short_zz1000
2018-09-07,base_holding,value_changed,cash,long_microcap_short_zz1000
2019-03-20,base_holding,value_changed,cash,long_microcap_short_zz1000
2019-07-10,base_holding,value_changed,cash,long_microcap_short_zz1000
2019-09-20,base_holding,value_changed,cash,long_microcap_short_zz1000
2019-11-27,base_holding,value_changed,cash,long_microcap_short_zz1000
2019-12-23,base_holding,value_changed,cash,long_microcap_short_zz1000
2020-03-06,base_holding,value_changed,cash,long_microcap_short_zz1000
2020-05-22,base_holding,value_changed,cash,long_microcap_short_zz1000
2020-07-20,base_holding,value_changed,cash,long_microcap_short_zz1000
2020-10-19,base_holding,value_changed,cash,long_microcap_short_zz1000
2021-02-01,base_holding,value_changed,cash,long_microcap_short_zz1000
2021-02-02,base_holding,value_changed,cash,long_microcap_short_zz1000
2021-02-22,base_holding,value_changed,cash,long_microcap_short_zz1000
2021-05-13,base_holding,value_changed,cash,long_microcap_short_zz1000
2021-05-25,base_holding,value_changed,cash,long_microcap_short_zz1000
2021-05-26,base_holding,value_changed,cash,long_microcap_short_zz1000
2021-05-27,base_holding,value_changed,cash,long_microcap_short_zz1000
2021-05-28,base_holding,value_changed,cash,long_microcap_short_zz1000
2021-05-31,base_holding,value_changed,cash,long_microcap_short_zz1000
2021-06-03,base_holding,value_changed,cash,long_microcap_short_zz1000
2021-06-04,base_holding,value_changed,cash,long_microcap_short_zz1000
2021-06-07,base_holding,value_changed,cash,long_microcap_short_zz1000
2021-06-08,base_holding,value_changed,cash,long_microcap_short_zz1000
2021-07-07,base_holding,value_changed,cash,long_microcap_short_zz1000
2021-08-11,base_holding,value_changed,cash,long_microcap_short_zz1000
2021-08-12,base_holding,value_changed,cash,long_microcap_short_zz1000
2021-08-13,base_holding,value_changed,cash,long_microcap_short_zz1000
2021-08-16,base_holding,value_changed,cash,long_microcap_short_zz1000
2021-09-30,base_holding,value_changed,cash,long_microcap_short_zz1000
2021-10-08,base_holding,value_changed,cash,long_microcap_short_zz1000
2021-11-09,base_holding,value_changed,cash,long_microcap_short_zz1000
2021-11-10,base_holding,value_changed,cash,long_microcap_short_zz1000
2021-12-02,base_holding,value_changed,cash,long_microcap_short_zz1000
2022-05-20,base_holding,value_changed,cash,long_microcap_short_zz1000
2022-05-23,base_holding,value_changed,cash,long_microcap_short_zz1000
2022-05-24,base_holding,value_changed,cash,long_microcap_short_zz1000
2022-05-25,base_holding,value_changed,cash,long_microcap_short_zz1000
2022-06-06,base_holding,value_changed,cash,long_microcap_short_zz1000
2022-06-07,base_holding,value_changed,cash,long_microcap_short_zz1000
2022-07-12,base_holding,value_changed,cash,long_microcap_short_zz1000
2023-01-05,base_holding,value_changed,cash,long_microcap_short_zz1000
2023-01-06,base_holding,value_changed,cash,long_microcap_short_zz1000
2023-01-09,base_holding,value_changed,cash,long_microcap_short_zz1000
2023-01-10,base_holding,value_changed,cash,long_microcap_short_zz1000
2023-01-20,base_holding,value_changed,cash,long_microcap_short_zz1000
2023-01-30,base_holding,value_changed,cash,long_microcap_short_zz1000
2023-06-29,base_holding,value_changed,cash,long_microcap_short_zz1000
2023-08-14,base_holding,value_changed,cash,long_microcap_short_zz1000
2023-09-19,base_holding,value_changed,cash,long_microcap_short_zz1000
2023-09-20,base_holding,value_changed,cash,long_microcap_short_zz1000
2023-09-21,base_holding,value_changed,cash,long_microcap_short_zz1000
2023-10-23,base_holding,value_changed,cash,long_microcap_short_zz1000
2023-10-24,base_holding,value_changed,cash,long_microcap_short_zz1000
2023-12-14,base_holding,value_changed,cash,long_microcap_short_zz1000
2024-02-27,base_holding,value_changed,cash,long_microcap_short_zz1000
2024-02-28,base_holding,value_changed,cash,long_microcap_short_zz1000
2024-02-29,base_holding,value_changed,cash,long_microcap_short_zz1000
2024-03-01,base_holding,value_changed,cash,long_microcap_short_zz1000
2024-03-04,base_holding,value_changed,cash,long_microcap_short_zz1000
2024-03-05,base_holding,value_changed,cash,long_microcap_short_zz1000
2024-03-08,base_holding,value_changed,cash,long_microcap_short_zz1000
2024-03-11,base_holding,value_changed,cash,long_microcap_short_zz1000
2024-03-12,base_holding,value_changed,cash,long_microcap_short_zz1000
2024-04-30,base_holding,value_changed,cash,long_microcap_short_zz1000
2024-05-06,base_holding,value_changed,cash,long_microcap_short_zz1000
2024-06-21,base_holding,value_changed,cash,long_microcap_short_zz1000
2024-07-24,base_holding,value_changed,cash,long_microcap_short_zz1000
2024-08-28,base_holding,value_changed,cash,long_microcap_short_zz1000
2024-10-11,base_holding,value_changed,cash,long_microcap_short_zz1000
2025-01-15,base_holding,value_changed,cash,long_microcap_short_zz1000
2025-03-03,base_holding,value_changed,cash,long_microcap_short_zz1000
2025-06-24,base_holding,value_changed,cash,long_microcap_short_zz1000
2025-09-09,base_holding,value_changed,cash,long_microcap_short_zz1000
2025-09-10,base_holding,value_changed,cash,long_microcap_short_zz1000
2025-10-13,base_holding,value_changed,cash,long_microcap_short_zz1000
2025-12-03,base_holding,value_changed,cash,long_microcap_short_zz1000
2025-12-04,base_holding,value_changed,cash,long_microcap_short_zz1000
2026-01-20,base_holding,value_changed,cash,long_microcap_short_zz1000
2026-03-10,base_holding,value_changed,cash,long_microcap_short_zz1000
2026-03-26,base_holding,value_changed,cash,long_microcap_short_zz1000
2026-03-27,base_holding,value_changed,cash,long_microcap_short_zz1000
2026-07-07,base_holding,value_changed,cash,long_microcap_short_zz1000
2026-07-08,base_holding,value_changed,cash,long_microcap_short_zz1000
2026-07-09,base_holding,value_changed,cash,long_microcap_short_zz1000
2026-07-10,base_holding,value_changed,cash,long_microcap_short_zz1000
2010-05-05,base_next_holding,value_changed,cash,long_microcap_short_zz1000
2010-05-06,base_next_holding,value_changed,cash,long_microcap_short_zz1000
2010-05-07,base_next_holding,value_changed,cash,long_microcap_short_zz1000
2010-05-10,base_next_holding,value_changed,cash,long_microcap_short_zz1000
2010-05-11,base_next_holding,value_changed,cash,long_microcap_short_zz1000
2010-05-12,base_next_holding,value_changed,cash,long_microcap_short_zz1000
2010-06-17,base_next_holding,value_changed,cash,long_microcap_short_zz1000
2010-06-18,base_next_holding,value_changed,cash,long_microcap_short_zz1000
2010-08-12,base_next_holding,value_changed,cash,long_microcap_short_zz1000
2010-11-10,base_next_holding,value_changed,cash,long_microcap_short_zz1000
2010-11-11,base_next_holding,value_changed,cash,long_microcap_short_zz1000
2010-12-20,base_next_holding,value_changed,cash,long_microcap_short_zz1000
2011-03-02,base_next_holding,value_changed,cash,long_microcap_short_zz1000
2011-07-08,base_next_holding,value_changed,cash,long_microcap_short_zz1000
2011-07-11,base_next_holding,value_changed,cash,long_microcap_short_zz1000
2011-07-12,base_next_holding,value_changed,cash,long_microcap_short_zz1000
2011-07-13,base_next_holding,value_changed,cash,long_microcap_short_zz1000
2011-07-14,base_next_holding,value_changed,cash,long_microcap_short_zz1000
2011-12-09,base_next_holding,value_changed,cash,long_microcap_short_zz1000
2012-01-30,base_next_holding,value_changed,cash,long_microcap_short_zz1000
2012-01-31,base_next_holding,value_changed,cash,long_microcap_short_zz1000
2012-05-18,base_next_holding,value_changed,cash,long_microcap_short_zz1000
2012-05-21,base_next_holding,value_changed,cash,long_microcap_short_zz1000
2012-05-22,base_next_holding,value_changed,cash,long_microcap_short_zz1000
2012-05-23,base_next_holding,value_changed,cash,long_microcap_short_zz1000
2012-06-12,base_next_holding,value_changed,cash,long_microcap_short_zz1000
2012-06-13,base_next_holding,value_changed,cash,long_microcap_short_zz1000
2012-06-14,base_next_holding,value_changed,cash,long_microcap_short_zz1000
2012-06-15,base_next_holding,value_changed,cash,long_microcap_short_zz1000
2012-06-18,base_next_holding,value_changed,cash,long_microcap_short_zz1000
2012-06-19,base_next_holding,value_changed,cash,long_microcap_short_zz1000
2012-08-17,base_next_holding,value_changed,cash,long_microcap_short_zz1000
2012-11-06,base_next_holding,value_changed,cash,long_microcap_short_zz1000
2012-12-18,base_next_holding,value_changed,cash,long_microcap_short_zz1000
2012-12-19,base_next_holding,value_changed,cash,long_microcap_short_zz1000
2013-02-25,base_next_holding,value_changed,cash,long_microcap_short_zz1000
2013-06-24,base_next_holding,value_changed,cash,long_microcap_short_zz1000
2013-06-25,base_next_holding,value_changed,cash,long_microcap_short_zz1000
2013-10-18,base_next_holding,value_changed,cash,long_microcap_short_zz1000
2013-10-21,base_next_holding,value_changed,cash,long_microcap_short_zz1000
2014-01-20,base_next_holding,value_changed,cash,long_microcap_short_zz1000
2014-01-21,base_next_holding,value_changed,cash,long_microcap_short_zz1000
2014-01-22,base_next_holding,value_changed,cash,long_microcap_short_zz1000
2014-02-13,base_next_holding,value_changed,cash,long_microcap_short_zz1000
2014-06-09,base_next_holding,value_changed,cash,long_microcap_short_zz1000
2014-10-31,base_next_holding,value_changed,cash,long_microcap_short_zz1000
2015-03-06,base_next_holding,value_changed,cash,long_microcap_short_zz1000
2015-03-09,base_next_holding,value_changed,cash,long_microcap_short_zz1000
2015-07-09,base_next_holding,value_changed,cash,long_microcap_short_zz1000
2016-01-21,base_next_holding,value_changed,cash,long_microcap_short_zz1000
2016-06-17,base_next_holding,value_changed,cash,long_microcap_short_zz1000
2017-01-20,base_next_holding,value_changed,cash,long_microcap_short_zz1000
2017-04-27,base_next_holding,value_changed,cash,long_microcap_short_zz1000
2017-06-06,base_next_holding,value_changed,cash,long_microcap_short_zz1000
2017-08-17,base_next_holding,value_changed,cash,long_microcap_short_zz1000
2017-08-18,base_next_holding,value_changed,cash,long_microcap_short_zz1000
2017-12-27,base_next_holding,value_changed,cash,long_microcap_short_zz1000
2018-01-16,base_next_holding,value_changed,cash,long_microcap_short_zz1000
2018-03-07,base_next_holding,value_changed,cash,long_microcap_short_zz1000
2018-04-26,base_next_holding,value_changed,cash,long_microcap_short_zz1000
2018-04-27,base_next_holding,value_changed,cash,long_microcap_short_zz1000
2018-05-02,base_next_holding,value_changed,cash,long_microcap_short_zz1000
2018-05-03,base_next_holding,value_changed,cash,long_microcap_short_zz1000
2018-06-28,base_next_holding,value_changed,cash,long_microcap_short_zz1000
2018-09-06,base_next_holding,value_changed,cash,long_microcap_short_zz1000
2019-03-19,base_next_holding,value_changed,cash,long_microcap_short_zz1000
2019-07-09,base_next_holding,value_changed,cash,long_microcap_short_zz1000
2019-09-19,base_next_holding,value_changed,cash,long_microcap_short_zz1000
2019-11-26,base_next_holding,value_changed,cash,long_microcap_short_zz1000
2019-12-20,base_next_holding,value_changed,cash,long_microcap_short_zz1000
2020-03-05,base_next_holding,value_changed,cash,long_microcap_short_zz1000
2020-05-21,base_next_holding,value_changed,cash,long_microcap_short_zz1000
2020-07-17,base_next_holding,value_changed,cash,long_microcap_short_zz1000
2020-10-16,base_next_holding,value_changed,cash,long_microcap_short_zz1000
2021-01-29,base_next_holding,value_changed,cash,long_microcap_short_zz1000
2021-02-01,base_next_holding,value_changed,cash,long_microcap_short_zz1000
2021-02-19,base_next_holding,value_changed,cash,long_microcap_short_zz1000
2021-05-12,base_next_holding,value_changed,cash,long_microcap_short_zz1000
2021-05-24,base_next_holding,value_changed,cash,long_microcap_short_zz1000
2021-05-25,base_next_holding,value_changed,cash,long_microcap_short_zz1000
2021-05-26,base_next_holding,value_changed,cash,long_microcap_short_zz1000
2021-05-27,base_next_holding,value_changed,cash,long_microcap_short_zz1000
2021-05-28,base_next_holding,value_changed,cash,long_microcap_short_zz1000
2021-06-02,base_next_holding,value_changed,cash,long_microcap_short_zz1000
2021-06-03,base_next_holding,value_changed,cash,long_microcap_short_zz1000
2021-06-04,base_next_holding,value_changed,cash,long_microcap_short_zz1000
2021-06-07,base_next_holding,value_changed,cash,long_microcap_short_zz1000
2021-07-06,base_next_holding,value_changed,cash,long_microcap_short_zz1000
2021-08-10,base_next_holding,value_changed,cash,long_microcap_short_zz1000
2021-08-11,base_next_holding,value_changed,cash,long_microcap_short_zz1000
2021-08-12,base_next_holding,value_changed,cash,long_microcap_short_zz1000
2021-08-13,base_next_holding,value_changed,cash,long_microcap_short_zz1000
2021-09-29,base_next_holding,value_changed,cash,long_microcap_short_zz1000
2021-09-30,base_next_holding,value_changed,cash,long_microcap_short_zz1000
2021-11-08,base_next_holding,value_changed,cash,long_microcap_short_zz1000
2021-11-09,base_next_holding,value_changed,cash,long_microcap_short_zz1000
2021-12-01,base_next_holding,value_changed,cash,long_microcap_short_zz1000
2022-05-19,base_next_holding,value_changed,cash,long_microcap_short_zz1000
2022-05-20,base_next_holding,value_changed,cash,long_microcap_short_zz1000
2022-05-23,base_next_holding,value_changed,cash,long_microcap_short_zz1000
2022-05-24,base_next_holding,value_changed,cash,long_microcap_short_zz1000
2022-06-02,base_next_holding,value_changed,cash,long_microcap_short_zz1000
2022-06-06,base_next_holding,value_changed,cash,long_microcap_short_zz1000
2022-07-11,base_next_holding,value_changed,cash,long_microcap_short_zz1000
2023-01-04,base_next_holding,value_changed,cash,long_microcap_short_zz1000
2023-01-05,base_next_holding,value_changed,cash,long_microcap_short_zz1000
2023-01-06,base_next_holding,value_changed,cash,long_microcap_short_zz1000
2023-01-09,base_next_holding,value_changed,cash,long_microcap_short_zz1000
2023-01-19,base_next_holding,value_changed,cash,long_microcap_short_zz1000
2023-01-20,base_next_holding,value_changed,cash,long_microcap_short_zz1000
2023-06-28,base_next_holding,value_changed,cash,long_microcap_short_zz1000
2023-08-11,base_next_holding,value_changed,cash,long_microcap_short_zz1000
2023-09-18,base_next_holding,value_changed,cash,long_microcap_short_zz1000
2023-09-19,base_next_holding,value_changed,cash,long_microcap_short_zz1000
2023-09-20,base_next_holding,value_changed,cash,long_microcap_short_zz1000
2023-10-20,base_next_holding,value_changed,cash,long_microcap_short_zz1000
2023-10-23,base_next_holding,value_changed,cash,long_microcap_short_zz1000
2023-12-13,base_next_holding,value_changed,cash,long_microcap_short_zz1000
2024-02-26,base_next_holding,value_changed,cash,long_microcap_short_zz1000
2024-02-27,base_next_holding,value_changed,cash,long_microcap_short_zz1000
2024-02-28,base_next_holding,value_changed,cash,long_microcap_short_zz1000
2024-02-29,base_next_holding,value_changed,cash,long_microcap_short_zz1000
2024-03-01,base_next_holding,value_changed,cash,long_microcap_short_zz1000
2024-03-04,base_next_holding,value_changed,cash,long_microcap_short_zz1000
2024-03-07,base_next_holding,value_changed,cash,long_microcap_short_zz1000
2024-03-08,base_next_holding,value_changed,cash,long_microcap_short_zz1000
2024-03-11,base_next_holding,value_changed,cash,long_microcap_short_zz1000
2024-04-29,base_next_holding,value_changed,cash,long_microcap_short_zz1000
2024-04-30,base_next_holding,value_changed,cash,long_microcap_short_zz1000
2024-06-20,base_next_holding,value_changed,cash,long_microcap_short_zz1000
2024-07-23,base_next_holding,value_changed,cash,long_microcap_short_zz1000
2024-08-27,base_next_holding,value_changed,cash,long_microcap_short_zz1000
2024-10-10,base_next_holding,value_changed,cash,long_microcap_short_zz1000
2025-01-14,base_next_holding,value_changed,cash,long_microcap_short_zz1000
2025-02-28,base_next_holding,value_changed,cash,long_microcap_short_zz1000
2025-06-23,base_next_holding,value_changed,cash,long_microcap_short_zz1000
2025-09-08,base_next_holding,value_changed,cash,long_microcap_short_zz1000
2025-09-09,base_next_holding,value_changed,cash,long_microcap_short_zz1000
2025-10-10,base_next_holding,value_changed,cash,long_microcap_short_zz1000
2025-12-02,base_next_holding,value_changed,cash,long_microcap_short_zz1000
2025-12-03,base_next_holding,value_changed,cash,long_microcap_short_zz1000
2026-01-19,base_next_holding,value_changed,cash,long_microcap_short_zz1000
2026-03-09,base_next_holding,value_changed,cash,long_microcap_short_zz1000
2026-03-25,base_next_holding,value_changed,cash,long_microcap_short_zz1000
2026-03-26,base_next_holding,value_changed,cash,long_microcap_short_zz1000
2026-07-06,base_next_holding,value_changed,cash,long_microcap_short_zz1000
2026-07-07,base_next_holding,value_changed,cash,long_microcap_short_zz1000
2026-07-08,base_next_holding,value_changed,cash,long_microcap_short_zz1000
2026-07-09,base_next_holding,value_changed,cash,long_microcap_short_zz1000
2010-05-06,base_pre_cost_return,value_changed,0.0,-0.006953228180221218
2010-05-07,base_pre_cost_return,value_changed,0.0,-0.0011992804590667688
2010-05-10,base_pre_cost_return,value_changed,0.0,-0.0033471695687392862
2010-05-11,base_pre_cost_return,value_changed,0.0,-0.005606187456455427
2010-05-12,base_pre_cost_return,value_changed,0.0,-0.005902804115657425
2010-05-13,base_pre_cost_return,value_changed,0.0,-0.003589713335692384
2010-06-18,base_pre_cost_return,value_changed,0.0,-0.013609296070008672
2010-06-21,base_pre_cost_return,value_changed,0.0,0.009428723436177372
2010-08-13,base_pre_cost_return,value_changed,0.0,0.006882510776228851
2010-11-11,base_pre_cost_return,value_changed,0.0,-0.005578184285687641
2010-11-12,base_pre_cost_return,value_changed,0.0,-0.0068848913643698535
2010-12-21,base_pre_cost_return,value_changed,0.0,0.008094742144167028
2011-03-03,base_pre_cost_return,value_changed,0.0,0.0014831457601080136
2011-07-11,base_pre_cost_return,value_changed,0.0,-0.003315582284638934
2011-07-12,base_pre_cost_return,value_changed,0.0,-0.01054903799008065
2011-07-13,base_pre_cost_return,value_changed,0.0,0.008539194873355544
2011-07-14,base_pre_cost_return,value_changed,0.0,0.009023923279073526
2011-07-15,base_pre_cost_return,value_changed,0.0,0.006312578346523807
2011-12-12,base_pre_cost_return,value_changed,0.0,0.000993202888667774
2012-01-31,base_pre_cost_return,value_changed,0.0,-0.0027471433948971042
2012-02-01,base_pre_cost_return,value_changed,0.0,0.004136912871475613
2012-05-21,base_pre_cost_return,value_changed,0.0,-0.0017803208037039649
2012-05-22,base_pre_cost_return,value_changed,0.0,-0.0015716834825131355
2012-05-23,base_pre_cost_return,value_changed,0.0,-0.009808878083806665
2012-05-24,base_pre_cost_return,value_changed,0.0,-0.005199732630065705
2012-06-13,base_pre_cost_return,value_changed,0.0,3.111508388886175e-05
2012-06-14,base_pre_cost_return,value_changed,0.0,-0.001094066432944011
2012-06-15,base_pre_cost_return,value_changed,0.0,-0.0012054371878128121
2012-06-18,base_pre_cost_return,value_changed,0.0,0.0013416278030678973
2012-06-19,base_pre_cost_return,value_changed,0.0,-0.0017748881401898492
2012-06-20,base_pre_cost_return,value_changed,0.0,0.011486510937230205
2012-08-20,base_pre_cost_return,value_changed,0.0,0.002160833827363824
2012-11-07,base_pre_cost_return,value_changed,0.0,0.0057436998114475295
2012-12-19,base_pre_cost_return,value_changed,0.0,0.0009181101183922634
2012-12-20,base_pre_cost_return,value_changed,0.0,0.005458851151883488
2013-02-26,base_pre_cost_return,value_changed,0.0,0.001063926283456592
2013-06-25,base_pre_cost_return,value_changed,0.0,-0.005747487295457691
2013-06-26,base_pre_cost_return,value_changed,0.0,0.002249223211759883
2013-10-21,base_pre_cost_return,value_changed,0.0,0.0017926295165179684
2013-10-22,base_pre_cost_return,value_changed,0.0,0.010417664364281994
2014-01-21,base_pre_cost_return,value_changed,0.0,0.0008080460263409871
2014-01-22,base_pre_cost_return,value_changed,0.0,0.0007224164189420796
2014-01-23,base_pre_cost_return,value_changed,0.0,-0.0013517481816314894
2014-02-14,base_pre_cost_return,value_changed,0.0,0.009747199641192878
2014-06-10,base_pre_cost_return,value_changed,0.0,0.002672731071634055
2014-11-03,base_pre_cost_return,value_changed,0.0,0.005198248470928775
2015-03-09,base_pre_cost_return,value_changed,0.0,-0.0011162751786727477
2015-03-10,base_pre_cost_return,value_changed,0.0,0.0028610251980330575
2015-07-10,base_pre_cost_return,value_changed,0.0,0.025145394227469326
2016-01-22,base_pre_cost_return,value_changed,0.0,0.005459202601852881
2016-06-20,base_pre_cost_return,value_changed,0.0,-0.0006015964768814098
2017-01-23,base_pre_cost_return,value_changed,0.0,0.009845530868242774
2017-04-28,base_pre_cost_return,value_changed,0.0,0.008119204994480905
2017-06-07,base_pre_cost_return,value_changed,0.0,0.012596739026522759
2017-08-18,base_pre_cost_return,value_changed,0.0,-0.003535447439244636
2017-08-21,base_pre_cost_return,value_changed,0.0,0.019916861644986933
2017-12-28,base_pre_cost_return,value_changed,0.0,0.0035878834561127353
2018-01-17,base_pre_cost_return,value_changed,0.0,0.008339105126264562
2018-03-08,base_pre_cost_return,value_changed,0.0,0.014205362809148275
2018-04-27,base_pre_cost_return,value_changed,0.0,0.0012462696320656177
2018-05-02,base_pre_cost_return,value_changed,0.0,-0.010565373995232457
2018-05-03,base_pre_cost_return,value_changed,0.0,0.009368580376913387
2018-05-04,base_pre_cost_return,value_changed,0.0,0.009919636245856206
2018-06-29,base_pre_cost_return,value_changed,0.0,0.0033716322903041456
2018-09-07,base_pre_cost_return,value_changed,0.0,0.0034268798842578014
2019-03-20,base_pre_cost_return,value_changed,0.0,0.006752374035837124
2019-07-10,base_pre_cost_return,value_changed,0.0,0.003639438140830205
2019-09-20,base_pre_cost_return,value_changed,0.0,0.0005635181622608078
2019-11-27,base_pre_cost_return,value_changed,0.0,-0.0019080186208293923
2019-12-23,base_pre_cost_return,value_changed,0.0,-0.001291276929941624
2020-03-06,base_pre_cost_return,value_changed,0.0,0.008643506679820251
2020-05-22,base_pre_cost_return,value_changed,0.0,0.010807431578667011
2020-07-20,base_pre_cost_return,value_changed,0.0,0.011299038585728397
2020-10-19,base_pre_cost_return,value_changed,0.0,-0.00018809335011387503
2021-02-01,base_pre_cost_return,value_changed,0.0,-0.013029995778937403
2021-02-02,base_pre_cost_return,value_changed,0.0,-0.013183624205675298
2021-02-22,base_pre_cost_return,value_changed,0.0,0.02148675413793117
2021-05-13,base_pre_cost_return,value_changed,0.0,0.006645429766826779
2021-05-25,base_pre_cost_return,value_changed,0.0,-0.0053199089022341545
2021-05-26,base_pre_cost_return,value_changed,0.0,0.00411449421652665
2021-05-27,base_pre_cost_return,value_changed,0.0,-0.003242068729488095
2021-05-28,base_pre_cost_return,value_changed,0.0,-0.002165492133792228
2021-05-31,base_pre_cost_return,value_changed,0.0,-0.006563966519836067
2021-06-03,base_pre_cost_return,value_changed,0.0,-0.0001629831995103179
2021-06-04,base_pre_cost_return,value_changed,0.0,-0.007668343867799825
2021-06-07,base_pre_cost_return,value_changed,0.0,0.0023016016965918774
2021-06-08,base_pre_cost_return,value_changed,0.0,0.01800842856087021
2021-07-07,base_pre_cost_return,value_changed,0.0,-0.0074862920085969
2021-08-11,base_pre_cost_return,value_changed,0.0,-0.0009316193287713314
2021-08-12,base_pre_cost_return,value_changed,0.0,-0.006051962097123691
2021-08-13,base_pre_cost_return,value_changed,0.0,0.00108722185424492
2021-08-16,base_pre_cost_return,value_changed,0.0,0.011008016518088954
2021-09-30,base_pre_cost_return,value_changed,0.0,0.003938465105118299
2021-10-08,base_pre_cost_return,value_changed,0.0,0.03370646432539217
2021-11-09,base_pre_cost_return,value_changed,0.0,-0.0023014915011780697
2021-11-10,base_pre_cost_return,value_changed,0.0,0.007374424175520718
2021-12-02,base_pre_cost_return,value_changed,0.0,-0.001456513912598605
2022-02-23,base_pre_cost_return,value_changed,0.0,-0.009033153111942423
2022-02-24,base_pre_cost_return,value_changed,0.0,-0.0010772977577606674
2022-02-25,base_pre_cost_return,value_changed,0.0,0.008709744562927764
2022-02-28,base_pre_cost_return,value_changed,0.0,-0.011038325873748738
2022-05-20,base_pre_cost_return,value_changed,0.0,-0.0053544653522535944
2022-05-23,base_pre_cost_return,value_changed,0.0,0.004850095334991362
2022-05-24,base_pre_cost_return,value_changed,0.0,-0.009186759010551573
2022-05-25,base_pre_cost_return,value_changed,0.0,0.007994610873896118
2022-06-06,base_pre_cost_return,value_changed,0.0,-0.0026857561299201754
2022-06-07,base_pre_cost_return,value_changed,0.0,-0.013299871858999572
2022-07-12,base_pre_cost_return,value_changed,0.0,-0.004729879255415151
2023-01-05,base_pre_cost_return,value_changed,0.0,-0.007268371593956839
2023-01-06,base_pre_cost_return,value_changed,0.0,-0.007653797404267774
2023-01-09,base_pre_cost_return,value_changed,0.0,0.0018222332125501686
2023-01-10,base_pre_cost_return,value_changed,0.0,-0.0022397389446535947
2023-01-20,base_pre_cost_return,value_changed,0.0,0.0010268323038480976
2023-01-30,base_pre_cost_return,value_changed,0.0,0.014045247222932895
2023-06-29,base_pre_cost_return,value_changed,0.0,0.013475272782011122
2023-08-14,base_pre_cost_return,value_changed,0.0,0.0017898007479101709
2023-09-19,base_pre_cost_return,value_changed,0.0,-0.007958988745669564
2023-09-20,base_pre_cost_return,value_changed,0.0,0.000600293242769752
2023-09-21,base_pre_cost_return,value_changed,0.0,0.0010807262873793369
2023-10-23,base_pre_cost_return,value_changed,0.0,-0.009276504074805163
2023-10-24,base_pre_cost_return,value_changed,0.0,0.03413756902032283
2023-12-14,base_pre_cost_return,value_changed,0.0,0.008680374056228164
2024-03-20,base_pre_cost_return,value_changed,0.0,0.013813898572831568
2024-07-24,base_pre_cost_return,value_changed,0.0,-0.0088617358063015
2024-08-28,base_pre_cost_return,value_changed,0.0,0.01261919512710274
2024-10-11,base_pre_cost_return,value_changed,0.0,-0.003494965895623525
2025-03-03,base_pre_cost_return,value_changed,0.0,0.006269240368337466
2025-06-24,base_pre_cost_return,value_changed,0.0,0.014153161799643516
2025-10-13,base_pre_cost_return,value_changed,0.0,0.0033724570128253984
2025-12-03,base_pre_cost_return,value_changed,0.0,-0.002033105594967414
2025-12-04,base_pre_cost_return,value_changed,0.0,-0.01721377163624909
2026-01-20,base_pre_cost_return,value_changed,0.0,0.012432445658549502
2026-03-10,base_pre_cost_return,value_changed,0.0,0.01877932712965846
2010-05-06,actual_execution_scale,value_changed,0.0,1.0
2010-05-07,actual_execution_scale,value_changed,0.0,1.0
2010-05-10,actual_execution_scale,value_changed,0.0,1.0
2010-05-11,actual_execution_scale,value_changed,0.0,1.0
2010-05-12,actual_execution_scale,value_changed,0.0,1.0
2010-05-13,actual_execution_scale,value_changed,0.0,1.0
2010-06-18,actual_execution_scale,value_changed,0.0,1.0
2010-06-21,actual_execution_scale,value_changed,0.0,1.0
2010-08-13,actual_execution_scale,value_changed,0.0,1.0
2010-11-11,actual_execution_scale,value_changed,0.0,1.0
2010-11-12,actual_execution_scale,value_changed,0.0,1.0
2010-12-21,actual_execution_scale,value_changed,0.0,1.0
2011-03-03,actual_execution_scale,value_changed,0.0,1.0
2011-07-11,actual_execution_scale,value_changed,0.0,1.0
2011-07-12,actual_execution_scale,value_changed,0.0,1.0
2011-07-13,actual_execution_scale,value_changed,0.0,1.0
2011-07-14,actual_execution_scale,value_changed,0.0,1.0
2011-07-15,actual_execution_scale,value_changed,0.0,1.0
2011-12-12,actual_execution_scale,value_changed,0.0,1.0
2012-01-31,actual_execution_scale,value_changed,0.0,1.0
2012-02-01,actual_execution_scale,value_changed,0.0,1.0
2012-05-21,actual_execution_scale,value_changed,0.0,1.0
2012-05-22,actual_execution_scale,value_changed,0.0,1.0
2012-05-23,actual_execution_scale,value_changed,0.0,1.0
2012-05-24,actual_execution_scale,value_changed,0.0,1.0
2012-06-13,actual_execution_scale,value_changed,0.0,1.0
2012-06-14,actual_execution_scale,value_changed,0.0,1.0
2012-06-15,actual_execution_scale,value_changed,0.0,1.0
2012-06-18,actual_execution_scale,value_changed,0.0,1.0
2012-06-19,actual_execution_scale,value_changed,0.0,1.0
2012-06-20,actual_execution_scale,value_changed,0.0,1.0
2012-08-20,actual_execution_scale,value_changed,0.0,1.0
2012-11-07,actual_execution_scale,value_changed,0.0,1.0
2012-12-19,actual_execution_scale,value_changed,0.0,1.0
2012-12-20,actual_execution_scale,value_changed,0.0,1.0
2013-02-26,actual_execution_scale,value_changed,0.0,1.0
2013-06-25,actual_execution_scale,value_changed,0.0,1.0
2013-06-26,actual_execution_scale,value_changed,0.0,1.0
2013-10-21,actual_execution_scale,value_changed,0.0,1.0
2013-10-22,actual_execution_scale,value_changed,0.0,1.0
2014-01-21,actual_execution_scale,value_changed,0.0,1.0
2014-01-22,actual_execution_scale,value_changed,0.0,1.0
2014-01-23,actual_execution_scale,value_changed,0.0,1.0
2014-02-14,actual_execution_scale,value_changed,0.0,1.0
2014-06-10,actual_execution_scale,value_changed,0.0,1.0
2014-11-03,actual_execution_scale,value_changed,0.0,1.0
2015-03-09,actual_execution_scale,value_changed,0.0,1.0
2015-03-10,actual_execution_scale,value_changed,0.0,1.0
2015-07-10,actual_execution_scale,value_changed,0.0,1.0
2016-01-22,actual_execution_scale,value_changed,0.0,1.0
2016-06-20,actual_execution_scale,value_changed,0.0,1.0
2017-01-23,actual_execution_scale,value_changed,0.0,1.0
2017-04-28,actual_execution_scale,value_changed,0.0,1.0
2017-06-07,actual_execution_scale,value_changed,0.0,1.0
2017-08-18,actual_execution_scale,value_changed,0.0,1.0
2017-08-21,actual_execution_scale,value_changed,0.0,1.0
2017-12-28,actual_execution_scale,value_changed,0.0,1.0
2018-01-17,actual_execution_scale,value_changed,0.0,1.0
2018-03-08,actual_execution_scale,value_changed,0.0,1.0
2018-04-27,actual_execution_scale,value_changed,0.0,1.0
2018-05-02,actual_execution_scale,value_changed,0.0,1.0
2018-05-03,actual_execution_scale,value_changed,0.0,1.0
2018-05-04,actual_execution_scale,value_changed,0.0,1.0
2018-06-29,actual_execution_scale,value_changed,0.0,1.0
2018-09-07,actual_execution_scale,value_changed,0.0,1.0
2019-03-20,actual_execution_scale,value_changed,0.0,1.0
2019-07-10,actual_execution_scale,value_changed,0.0,1.0
2019-09-20,actual_execution_scale,value_changed,0.0,1.0
2019-11-27,actual_execution_scale,value_changed,0.0,1.0
2019-12-23,actual_execution_scale,value_changed,0.0,1.0
2020-03-06,actual_execution_scale,value_changed,0.0,1.0
2020-05-22,actual_execution_scale,value_changed,0.0,1.0
2020-07-20,actual_execution_scale,value_changed,0.0,1.0
2020-10-19,actual_execution_scale,value_changed,0.0,1.0
2021-02-01,actual_execution_scale,value_changed,0.0,1.0
2021-02-02,actual_execution_scale,value_changed,0.0,1.0
2021-02-22,actual_execution_scale,value_changed,0.0,1.0
2021-05-13,actual_execution_scale,value_changed,0.0,1.0
2021-05-25,actual_execution_scale,value_changed,0.0,1.0
2021-05-26,actual_execution_scale,value_changed,0.0,1.0
2021-05-27,actual_execution_scale,value_changed,0.0,1.0
2021-05-28,actual_execution_scale,value_changed,0.0,1.0
2021-05-31,actual_execution_scale,value_changed,0.0,1.0
2021-06-03,actual_execution_scale,value_changed,0.0,1.0
2021-06-04,actual_execution_scale,value_changed,0.0,1.0
2021-06-07,actual_execution_scale,value_changed,0.0,1.0
2021-06-08,actual_execution_scale,value_changed,0.0,1.0
2021-07-07,actual_execution_scale,value_changed,0.0,1.0
2021-08-11,actual_execution_scale,value_changed,0.0,1.0
2021-08-12,actual_execution_scale,value_changed,0.0,1.0
2021-08-13,actual_execution_scale,value_changed,0.0,1.0
2021-08-16,actual_execution_scale,value_changed,0.0,1.0
2021-09-30,actual_execution_scale,value_changed,0.0,1.0
2021-10-08,actual_execution_scale,value_changed,0.0,1.0
2021-11-09,actual_execution_scale,value_changed,0.0,1.0
2021-11-10,actual_execution_scale,value_changed,0.0,1.0
2021-12-02,actual_execution_scale,value_changed,0.0,1.0
2022-02-23,actual_execution_scale,value_changed,0.0,1.0
2022-02-24,actual_execution_scale,value_changed,0.0,1.0
2022-02-25,actual_execution_scale,value_changed,0.0,1.0
2022-02-28,actual_execution_scale,value_changed,0.0,1.0
2022-05-20,actual_execution_scale,value_changed,0.0,1.0
2022-05-23,actual_execution_scale,value_changed,0.0,1.0
2022-05-24,actual_execution_scale,value_changed,0.0,1.0
2022-05-25,actual_execution_scale,value_changed,0.0,1.0
2022-06-06,actual_execution_scale,value_changed,0.0,1.0
2022-06-07,actual_execution_scale,value_changed,0.0,1.0
2022-07-12,actual_execution_scale,value_changed,0.0,1.0
2023-01-05,actual_execution_scale,value_changed,0.0,1.0
2023-01-06,actual_execution_scale,value_changed,0.0,1.0
2023-01-09,actual_execution_scale,value_changed,0.0,1.0
2023-01-10,actual_execution_scale,value_changed,0.0,1.0
2023-01-20,actual_execution_scale,value_changed,0.0,1.0
2023-01-30,actual_execution_scale,value_changed,0.0,1.0
2023-06-29,actual_execution_scale,value_changed,0.0,1.0
2023-08-14,actual_execution_scale,value_changed,0.0,1.0
2023-09-19,actual_execution_scale,value_changed,0.0,1.0
2023-09-20,actual_execution_scale,value_changed,0.0,1.0
2023-09-21,actual_execution_scale,value_changed,0.0,1.0
2023-10-23,actual_execution_scale,value_changed,0.0,1.0
2023-10-24,actual_execution_scale,value_changed,0.0,1.0
2023-12-14,actual_execution_scale,value_changed,0.0,1.0
2024-03-20,actual_execution_scale,value_changed,0.0,1.0
2024-07-24,actual_execution_scale,value_changed,0.0,1.0
2024-08-28,actual_execution_scale,value_changed,0.0,1.0
2024-10-11,actual_execution_scale,value_changed,0.0,1.0
2025-03-03,actual_execution_scale,value_changed,0.0,1.0
2025-06-24,actual_execution_scale,value_changed,0.0,1.0
2025-10-13,actual_execution_scale,value_changed,0.0,1.0
2025-12-03,actual_execution_scale,value_changed,0.0,1.0
2025-12-04,actual_execution_scale,value_changed,0.0,1.0
2026-01-20,actual_execution_scale,value_changed,0.0,1.0
2026-03-10,actual_execution_scale,value_changed,0.0,1.0
2010-05-06,current_execution_scale,value_changed,0.0,1.0
2010-05-07,current_execution_scale,value_changed,0.0,1.0
2010-05-10,current_execution_scale,value_changed,0.0,1.0
2010-05-11,current_execution_scale,value_changed,0.0,1.0
2010-05-12,current_execution_scale,value_changed,0.0,1.0
2010-05-13,current_execution_scale,value_changed,0.0,1.0
2010-06-18,current_execution_scale,value_changed,0.0,1.0
2010-06-21,current_execution_scale,value_changed,0.0,1.0
2010-08-13,current_execution_scale,value_changed,0.0,1.0
2010-11-11,current_execution_scale,value_changed,0.0,1.0
2010-11-12,current_execution_scale,value_changed,0.0,1.0
2010-12-21,current_execution_scale,value_changed,0.0,1.0
2011-03-03,current_execution_scale,value_changed,0.0,1.0
2011-07-11,current_execution_scale,value_changed,0.0,1.0
2011-07-12,current_execution_scale,value_changed,0.0,1.0
2011-07-13,current_execution_scale,value_changed,0.0,1.0
2011-07-14,current_execution_scale,value_changed,0.0,1.0
2011-07-15,current_execution_scale,value_changed,0.0,1.0
2011-12-12,current_execution_scale,value_changed,0.0,1.0
2012-01-31,current_execution_scale,value_changed,0.0,1.0
2012-02-01,current_execution_scale,value_changed,0.0,1.0
2012-05-21,current_execution_scale,value_changed,0.0,1.0
2012-05-22,current_execution_scale,value_changed,0.0,1.0
2012-05-23,current_execution_scale,value_changed,0.0,1.0
2012-05-24,current_execution_scale,value_changed,0.0,1.0
2012-06-13,current_execution_scale,value_changed,0.0,1.0
2012-06-14,current_execution_scale,value_changed,0.0,1.0
2012-06-15,current_execution_scale,value_changed,0.0,1.0
2012-06-18,current_execution_scale,value_changed,0.0,1.0
2012-06-19,current_execution_scale,value_changed,0.0,1.0
2012-06-20,current_execution_scale,value_changed,0.0,1.0
2012-08-20,current_execution_scale,value_changed,0.0,1.0
2012-11-07,current_execution_scale,value_changed,0.0,1.0
2012-12-19,current_execution_scale,value_changed,0.0,1.0
2012-12-20,current_execution_scale,value_changed,0.0,1.0
2013-02-26,current_execution_scale,value_changed,0.0,1.0
2013-06-25,current_execution_scale,value_changed,0.0,1.0
2013-06-26,current_execution_scale,value_changed,0.0,1.0
2013-10-21,current_execution_scale,value_changed,0.0,1.0
2013-10-22,current_execution_scale,value_changed,0.0,1.0
2014-01-21,current_execution_scale,value_changed,0.0,1.0
2014-01-22,current_execution_scale,value_changed,0.0,1.0
2014-01-23,current_execution_scale,value_changed,0.0,1.0
2014-02-14,current_execution_scale,value_changed,0.0,1.0
2014-06-10,current_execution_scale,value_changed,0.0,1.0
2014-11-03,current_execution_scale,value_changed,0.0,1.0
2015-03-09,current_execution_scale,value_changed,0.0,1.0
2015-03-10,current_execution_scale,value_changed,0.0,1.0
2015-07-10,current_execution_scale,value_changed,0.0,1.0
2016-01-22,current_execution_scale,value_changed,0.0,1.0
2016-06-20,current_execution_scale,value_changed,0.0,1.0
2017-01-23,current_execution_scale,value_changed,0.0,1.0
2017-04-28,current_execution_scale,value_changed,0.0,1.0
2017-06-07,current_execution_scale,value_changed,0.0,1.0
2017-08-18,current_execution_scale,value_changed,0.0,1.0
2017-08-21,current_execution_scale,value_changed,0.0,1.0
2017-12-28,current_execution_scale,value_changed,0.0,1.0
2018-01-17,current_execution_scale,value_changed,0.0,1.0
2018-03-08,current_execution_scale,value_changed,0.0,1.0
2018-04-27,current_execution_scale,value_changed,0.0,1.0
2018-05-02,current_execution_scale,value_changed,0.0,1.0
2018-05-03,current_execution_scale,value_changed,0.0,1.0
2018-05-04,current_execution_scale,value_changed,0.0,1.0
2018-06-29,current_execution_scale,value_changed,0.0,1.0
2018-09-07,current_execution_scale,value_changed,0.0,1.0
2019-03-20,current_execution_scale,value_changed,0.0,1.0
2019-07-10,current_execution_scale,value_changed,0.0,1.0
2019-09-20,current_execution_scale,value_changed,0.0,1.0
2019-11-27,current_execution_scale,value_changed,0.0,1.0
2019-12-23,current_execution_scale,value_changed,0.0,1.0
2020-03-06,current_execution_scale,value_changed,0.0,1.0
2020-05-22,current_execution_scale,value_changed,0.0,1.0
2020-07-20,current_execution_scale,value_changed,0.0,1.0
2020-10-19,current_execution_scale,value_changed,0.0,1.0
2021-02-01,current_execution_scale,value_changed,0.0,1.0
2021-02-02,current_execution_scale,value_changed,0.0,1.0
2021-02-22,current_execution_scale,value_changed,0.0,1.0
2021-05-13,current_execution_scale,value_changed,0.0,1.0
2021-05-25,current_execution_scale,value_changed,0.0,1.0
2021-05-26,current_execution_scale,value_changed,0.0,1.0
2021-05-27,current_execution_scale,value_changed,0.0,1.0
2021-05-28,current_execution_scale,value_changed,0.0,1.0
2021-05-31,current_execution_scale,value_changed,0.0,1.0
2021-06-03,current_execution_scale,value_changed,0.0,1.0
2021-06-04,current_execution_scale,value_changed,0.0,1.0
2021-06-07,current_execution_scale,value_changed,0.0,1.0
2021-06-08,current_execution_scale,value_changed,0.0,1.0
2021-07-07,current_execution_scale,value_changed,0.0,1.0
2021-08-11,current_execution_scale,value_changed,0.0,1.0
2021-08-12,current_execution_scale,value_changed,0.0,1.0
2021-08-13,current_execution_scale,value_changed,0.0,1.0
2021-08-16,current_execution_scale,value_changed,0.0,1.0
2021-09-30,current_execution_scale,value_changed,0.0,1.0
2021-10-08,current_execution_scale,value_changed,0.0,1.0
2021-11-09,current_execution_scale,value_changed,0.0,1.0
2021-11-10,current_execution_scale,value_changed,0.0,1.0
2021-12-02,current_execution_scale,value_changed,0.0,1.0
2022-02-23,current_execution_scale,value_changed,0.0,1.0
2022-02-24,current_execution_scale,value_changed,0.0,1.0
2022-02-25,current_execution_scale,value_changed,0.0,1.0
2022-02-28,current_execution_scale,value_changed,0.0,1.0
2022-05-20,current_execution_scale,value_changed,0.0,1.0
2022-05-23,current_execution_scale,value_changed,0.0,1.0
2022-05-24,current_execution_scale,value_changed,0.0,1.0
2022-05-25,current_execution_scale,value_changed,0.0,1.0
2022-06-06,current_execution_scale,value_changed,0.0,1.0
2022-06-07,current_execution_scale,value_changed,0.0,1.0
2022-07-12,current_execution_scale,value_changed,0.0,1.0
2023-01-05,current_execution_scale,value_changed,0.0,1.0
2023-01-06,current_execution_scale,value_changed,0.0,1.0
2023-01-09,current_execution_scale,value_changed,0.0,1.0
2023-01-10,current_execution_scale,value_changed,0.0,1.0
2023-01-20,current_execution_scale,value_changed,0.0,1.0
2023-01-30,current_execution_scale,value_changed,0.0,1.0
2023-06-29,current_execution_scale,value_changed,0.0,1.0
2023-08-14,current_execution_scale,value_changed,0.0,1.0
2023-09-19,current_execution_scale,value_changed,0.0,1.0
2023-09-20,current_execution_scale,value_changed,0.0,1.0
2023-09-21,current_execution_scale,value_changed,0.0,1.0
2023-10-23,current_execution_scale,value_changed,0.0,1.0
2023-10-24,current_execution_scale,value_changed,0.0,1.0
2023-12-14,current_execution_scale,value_changed,0.0,1.0
2024-03-20,current_execution_scale,value_changed,0.0,1.0
2024-07-24,current_execution_scale,value_changed,0.0,1.0
2024-08-28,current_execution_scale,value_changed,0.0,1.0
2024-10-11,current_execution_scale,value_changed,0.0,1.0
2025-03-03,current_execution_scale,value_changed,0.0,1.0
2025-06-24,current_execution_scale,value_changed,0.0,1.0
2025-10-13,current_execution_scale,value_changed,0.0,1.0
2025-12-03,current_execution_scale,value_changed,0.0,1.0
2025-12-04,current_execution_scale,value_changed,0.0,1.0
2026-01-20,current_execution_scale,value_changed,0.0,1.0
2026-03-10,current_execution_scale,value_changed,0.0,1.0
2010-05-05,next_session_actionable_scale,value_changed,0.0,1.0
2010-05-06,next_session_actionable_scale,value_changed,0.0,1.0
2010-05-07,next_session_actionable_scale,value_changed,0.0,1.0
2010-05-10,next_session_actionable_scale,value_changed,0.0,1.0
2010-05-11,next_session_actionable_scale,value_changed,0.0,1.0
2010-05-12,next_session_actionable_scale,value_changed,0.0,1.0
2010-06-17,next_session_actionable_scale,value_changed,0.0,1.0
2010-06-18,next_session_actionable_scale,value_changed,0.0,1.0
2010-08-12,next_session_actionable_scale,value_changed,0.0,1.0
2010-11-10,next_session_actionable_scale,value_changed,0.0,1.0
2010-11-11,next_session_actionable_scale,value_changed,0.0,1.0
2010-12-20,next_session_actionable_scale,value_changed,0.0,1.0
2011-03-02,next_session_actionable_scale,value_changed,0.0,1.0
2011-07-08,next_session_actionable_scale,value_changed,0.0,1.0
2011-07-11,next_session_actionable_scale,value_changed,0.0,1.0
2011-07-12,next_session_actionable_scale,value_changed,0.0,1.0
2011-07-13,next_session_actionable_scale,value_changed,0.0,1.0
2011-07-14,next_session_actionable_scale,value_changed,0.0,1.0
2011-12-09,next_session_actionable_scale,value_changed,0.0,1.0
2012-01-30,next_session_actionable_scale,value_changed,0.0,1.0
2012-01-31,next_session_actionable_scale,value_changed,0.0,1.0
2012-05-18,next_session_actionable_scale,value_changed,0.0,1.0
2012-05-21,next_session_actionable_scale,value_changed,0.0,1.0
2012-05-22,next_session_actionable_scale,value_changed,0.0,1.0
2012-05-23,next_session_actionable_scale,value_changed,0.0,1.0
2012-06-12,next_session_actionable_scale,value_changed,0.0,1.0
2012-06-13,next_session_actionable_scale,value_changed,0.0,1.0
2012-06-14,next_session_actionable_scale,value_changed,0.0,1.0
2012-06-15,next_session_actionable_scale,value_changed,0.0,1.0
2012-06-18,next_session_actionable_scale,value_changed,0.0,1.0
2012-06-19,next_session_actionable_scale,value_changed,0.0,1.0
2012-08-17,next_session_actionable_scale,value_changed,0.0,1.0
2012-11-06,next_session_actionable_scale,value_changed,0.0,1.0
2012-12-18,next_session_actionable_scale,value_changed,0.0,1.0
2012-12-19,next_session_actionable_scale,value_changed,0.0,1.0
2013-02-25,next_session_actionable_scale,value_changed,0.0,1.0
2013-06-24,next_session_actionable_scale,value_changed,0.0,1.0
2013-06-25,next_session_actionable_scale,value_changed,0.0,1.0
2013-10-18,next_session_actionable_scale,value_changed,0.0,1.0
2013-10-21,next_session_actionable_scale,value_changed,0.0,1.0
2014-01-20,next_session_actionable_scale,value_changed,0.0,1.0
2014-01-21,next_session_actionable_scale,value_changed,0.0,1.0
2014-01-22,next_session_actionable_scale,value_changed,0.0,1.0
2014-02-13,next_session_actionable_scale,value_changed,0.0,1.0
2014-06-09,next_session_actionable_scale,value_changed,0.0,1.0
2014-10-31,next_session_actionable_scale,value_changed,0.0,1.0
2015-03-06,next_session_actionable_scale,value_changed,0.0,1.0
2015-03-09,next_session_actionable_scale,value_changed,0.0,1.0
2015-07-09,next_session_actionable_scale,value_changed,0.0,1.0
2016-01-21,next_session_actionable_scale,value_changed,0.0,1.0
2016-06-17,next_session_actionable_scale,value_changed,0.0,1.0
2017-01-20,next_session_actionable_scale,value_changed,0.0,1.0
2017-04-27,next_session_actionable_scale,value_changed,0.0,1.0
2017-06-06,next_session_actionable_scale,value_changed,0.0,1.0
2017-08-17,next_session_actionable_scale,value_changed,0.0,1.0
2017-08-18,next_session_actionable_scale,value_changed,0.0,1.0
2017-12-27,next_session_actionable_scale,value_changed,0.0,1.0
2018-01-16,next_session_actionable_scale,value_changed,0.0,1.0
2018-03-07,next_session_actionable_scale,value_changed,0.0,1.0
2018-04-26,next_session_actionable_scale,value_changed,0.0,1.0
2018-04-27,next_session_actionable_scale,value_changed,0.0,1.0
2018-05-02,next_session_actionable_scale,value_changed,0.0,1.0
2018-05-03,next_session_actionable_scale,value_changed,0.0,1.0
2018-06-28,next_session_actionable_scale,value_changed,0.0,1.0
2018-09-06,next_session_actionable_scale,value_changed,0.0,1.0
2019-03-19,next_session_actionable_scale,value_changed,0.0,1.0
2019-07-09,next_session_actionable_scale,value_changed,0.0,1.0
2019-09-19,next_session_actionable_scale,value_changed,0.0,1.0
2019-11-26,next_session_actionable_scale,value_changed,0.0,1.0
2019-12-20,next_session_actionable_scale,value_changed,0.0,1.0
2020-03-05,next_session_actionable_scale,value_changed,0.0,1.0
2020-05-21,next_session_actionable_scale,value_changed,0.0,1.0
2020-07-17,next_session_actionable_scale,value_changed,0.0,1.0
2020-10-16,next_session_actionable_scale,value_changed,0.0,1.0
2021-01-29,next_session_actionable_scale,value_changed,0.0,1.0
2021-02-01,next_session_actionable_scale,value_changed,0.0,1.0
2021-02-19,next_session_actionable_scale,value_changed,0.0,1.0
2021-05-12,next_session_actionable_scale,value_changed,0.0,1.0
2021-05-24,next_session_actionable_scale,value_changed,0.0,1.0
2021-05-25,next_session_actionable_scale,value_changed,0.0,1.0
2021-05-26,next_session_actionable_scale,value_changed,0.0,1.0
2021-05-27,next_session_actionable_scale,value_changed,0.0,1.0
2021-05-28,next_session_actionable_scale,value_changed,0.0,1.0
2021-06-02,next_session_actionable_scale,value_changed,0.0,1.0
2021-06-03,next_session_actionable_scale,value_changed,0.0,1.0
2021-06-04,next_session_actionable_scale,value_changed,0.0,1.0
2021-06-07,next_session_actionable_scale,value_changed,0.0,1.0
2021-07-06,next_session_actionable_scale,value_changed,0.0,1.0
2021-08-10,next_session_actionable_scale,value_changed,0.0,1.0
2021-08-11,next_session_actionable_scale,value_changed,0.0,1.0
2021-08-12,next_session_actionable_scale,value_changed,0.0,1.0
2021-08-13,next_session_actionable_scale,value_changed,0.0,1.0
2021-09-29,next_session_actionable_scale,value_changed,0.0,1.0
2021-09-30,next_session_actionable_scale,value_changed,0.0,1.0
2021-11-08,next_session_actionable_scale,value_changed,0.0,1.0
2021-11-09,next_session_actionable_scale,value_changed,0.0,1.0
2021-12-01,next_session_actionable_scale,value_changed,0.0,1.0
2022-02-22,next_session_actionable_scale,value_changed,0.0,1.0
2022-02-23,next_session_actionable_scale,value_changed,0.0,1.0
2022-02-24,next_session_actionable_scale,value_changed,0.0,1.0
2022-02-25,next_session_actionable_scale,value_changed,0.0,1.0
2022-05-19,next_session_actionable_scale,value_changed,0.0,1.0
2022-05-20,next_session_actionable_scale,value_changed,0.0,1.0
2022-05-23,next_session_actionable_scale,value_changed,0.0,1.0
2022-05-24,next_session_actionable_scale,value_changed,0.0,1.0
2022-06-02,next_session_actionable_scale,value_changed,0.0,1.0
2022-06-06,next_session_actionable_scale,value_changed,0.0,1.0
2022-07-11,next_session_actionable_scale,value_changed,0.0,1.0
2023-01-04,next_session_actionable_scale,value_changed,0.0,1.0
2023-01-05,next_session_actionable_scale,value_changed,0.0,1.0
2023-01-06,next_session_actionable_scale,value_changed,0.0,1.0
2023-01-09,next_session_actionable_scale,value_changed,0.0,1.0
2023-01-19,next_session_actionable_scale,value_changed,0.0,1.0
2023-01-20,next_session_actionable_scale,value_changed,0.0,1.0
2023-06-28,next_session_actionable_scale,value_changed,0.0,1.0
2023-08-11,next_session_actionable_scale,value_changed,0.0,1.0
2023-09-18,next_session_actionable_scale,value_changed,0.0,1.0
2023-09-19,next_session_actionable_scale,value_changed,0.0,1.0
2023-09-20,next_session_actionable_scale,value_changed,0.0,1.0
2023-10-20,next_session_actionable_scale,value_changed,0.0,1.0
2023-10-23,next_session_actionable_scale,value_changed,0.0,1.0
2023-12-13,next_session_actionable_scale,value_changed,0.0,1.0
2024-03-19,next_session_actionable_scale,value_changed,0.0,1.0
2024-07-23,next_session_actionable_scale,value_changed,0.0,1.0
2024-08-27,next_session_actionable_scale,value_changed,0.0,1.0
2024-10-10,next_session_actionable_scale,value_changed,0.0,1.0
2025-02-28,next_session_actionable_scale,value_changed,0.0,1.0
2025-06-23,next_session_actionable_scale,value_changed,0.0,1.0
2025-10-10,next_session_actionable_scale,value_changed,0.0,1.0
2025-12-02,next_session_actionable_scale,value_changed,0.0,1.0
2025-12-03,next_session_actionable_scale,value_changed,0.0,1.0
2026-01-19,next_session_actionable_scale,value_changed,0.0,1.0
2026-03-09,next_session_actionable_scale,value_changed,0.0,1.0
2010-05-06,base_trade_cost_scaled,value_changed,0.0,0.0007199999999999
2011-07-14,base_trade_cost_scaled,value_changed,0.0,0.00054
2012-06-14,base_trade_cost_scaled,value_changed,0.0,0.0003599999999999
2021-06-03,base_trade_cost_scaled,value_changed,0.0,0.00066
2021-08-12,base_trade_cost_scaled,value_changed,0.0,0.0006
2021-10-08,base_trade_cost_scaled,value_changed,0.0,0.00084
2021-12-02,base_trade_cost_scaled,value_changed,0.0,0.00042
2022-02-24,base_trade_cost_scaled,value_changed,0.0,0.00042
2023-01-30,base_trade_cost_scaled,value_changed,0.0,0.00048
2023-06-29,base_trade_cost_scaled,value_changed,0.0,0.0006
2023-09-21,base_trade_cost_scaled,value_changed,0.0,0.0006
2023-12-14,base_trade_cost_scaled,value_changed,0.0,0.00084
2010-05-05,entry_exit_cost,value_changed,0.0,0.003
2010-05-13,entry_exit_cost,value_changed,0.0,0.003
2010-06-17,entry_exit_cost,value_changed,0.0,0.003
2010-06-21,entry_exit_cost,value_changed,0.003,0.0
2010-08-12,entry_exit_cost,value_changed,0.0,0.003
2010-08-13,entry_exit_cost,value_changed,0.003,0.0
2010-11-10,entry_exit_cost,value_changed,0.0,0.003
2010-11-12,entry_exit_cost,value_changed,0.003,0.0
2010-12-20,entry_exit_cost,value_changed,0.0,0.003
2010-12-21,entry_exit_cost,value_changed,0.003,0.0
2011-03-02,entry_exit_cost,value_changed,0.0,0.003
2011-03-03,entry_exit_cost,value_changed,0.003,0.0
2011-07-08,entry_exit_cost,value_changed,0.0,0.003
2011-07-15,entry_exit_cost,value_changed,0.003,0.0
2011-12-09,entry_exit_cost,value_changed,0.0,0.003
2011-12-12,entry_exit_cost,value_changed,0.003,0.0
2012-01-30,entry_exit_cost,value_changed,0.0,0.003
2012-02-01,entry_exit_cost,value_changed,0.003,0.0
2012-05-18,entry_exit_cost,value_changed,0.0,0.003
2012-05-24,entry_exit_cost,value_changed,0.0,0.003
2012-06-12,entry_exit_cost,value_changed,0.0,0.003
2012-06-20,entry_exit_cost,value_changed,0.003,0.0
2012-08-17,entry_exit_cost,value_changed,0.0,0.003
2012-08-20,entry_exit_cost,value_changed,0.003,0.0
2012-11-06,entry_exit_cost,value_changed,0.0,0.003
2012-11-07,entry_exit_cost,value_changed,0.003,0.0
2012-12-18,entry_exit_cost,value_changed,0.0,0.003
2012-12-20,entry_exit_cost,value_changed,0.003,0.0
2013-02-25,entry_exit_cost,value_changed,0.0,0.003
2013-02-26,entry_exit_cost,value_changed,0.003,0.0
2013-06-24,entry_exit_cost,value_changed,0.0,0.003
2013-06-26,entry_exit_cost,value_changed,0.0,0.003
2013-10-18,entry_exit_cost,value_changed,0.0,0.003
2013-10-22,entry_exit_cost,value_changed,0.003,0.0
2014-01-20,entry_exit_cost,value_changed,0.0,0.003
2014-01-23,entry_exit_cost,value_changed,0.0,0.003
2014-02-13,entry_exit_cost,value_changed,0.0,0.003
2014-02-14,entry_exit_cost,value_changed,0.003,0.0
2014-06-09,entry_exit_cost,value_changed,0.0,0.003
2014-06-10,entry_exit_cost,value_changed,0.003,0.0
2014-10-31,entry_exit_cost,value_changed,0.0,0.003
2014-11-03,entry_exit_cost,value_changed,0.003,0.0
2015-03-06,entry_exit_cost,value_changed,0.0,0.003
2015-03-10,entry_exit_cost,value_changed,0.003,0.0
2015-07-09,entry_exit_cost,value_changed,0.0,0.003
2015-07-10,entry_exit_cost,value_changed,0.003,0.0
2016-01-21,entry_exit_cost,value_changed,0.0,0.003
2016-01-22,entry_exit_cost,value_changed,0.003,0.0
2016-06-17,entry_exit_cost,value_changed,0.0,0.003
2016-06-20,entry_exit_cost,value_changed,0.003,0.0
2017-01-20,entry_exit_cost,value_changed,0.0,0.003
2017-01-23,entry_exit_cost,value_changed,0.003,0.0
2017-04-27,entry_exit_cost,value_changed,0.0,0.003
2017-04-28,entry_exit_cost,value_changed,0.003,0.0
2017-06-06,entry_exit_cost,value_changed,0.0,0.003
2017-06-07,entry_exit_cost,value_changed,0.003,0.0
2017-08-17,entry_exit_cost,value_changed,0.0,0.003
2017-08-21,entry_exit_cost,value_changed,0.003,0.0
2017-12-27,entry_exit_cost,value_changed,0.0,0.003
2017-12-28,entry_exit_cost,value_changed,0.003,0.0
2018-01-16,entry_exit_cost,value_changed,0.0,0.003
2018-01-17,entry_exit_cost,value_changed,0.003,0.0
2018-03-07,entry_exit_cost,value_changed,0.0,0.003
2018-03-08,entry_exit_cost,value_changed,0.003,0.0
2018-04-26,entry_exit_cost,value_changed,0.0,0.003
2018-05-04,entry_exit_cost,value_changed,0.003,0.0
2018-06-28,entry_exit_cost,value_changed,0.0,0.003
2018-06-29,entry_exit_cost,value_changed,0.003,0.0
2018-09-06,entry_exit_cost,value_changed,0.0,0.003
2018-09-07,entry_exit_cost,value_changed,0.003,0.0
2019-03-19,entry_exit_cost,value_changed,0.0,0.003
2019-03-20,entry_exit_cost,value_changed,0.003,0.0
2019-07-09,entry_exit_cost,value_changed,0.0,0.003
2019-07-10,entry_exit_cost,value_changed,0.003,0.0
2019-09-19,entry_exit_cost,value_changed,0.0,0.003
2019-09-20,entry_exit_cost,value_changed,0.003,0.0
2019-11-26,entry_exit_cost,value_changed,0.0,0.003
2019-11-27,entry_exit_cost,value_changed,0.003,0.0
2019-12-20,entry_exit_cost,value_changed,0.0,0.003
2019-12-23,entry_exit_cost,value_changed,0.003,0.0
2020-03-05,entry_exit_cost,value_changed,0.0,0.003
2020-03-06,entry_exit_cost,value_changed,0.003,0.0
2020-05-21,entry_exit_cost,value_changed,0.0,0.003
2020-05-22,entry_exit_cost,value_changed,0.003,0.0
2020-07-17,entry_exit_cost,value_changed,0.0,0.003
2020-07-20,entry_exit_cost,value_changed,0.003,0.0
2020-10-16,entry_exit_cost,value_changed,0.0,0.003
2020-10-19,entry_exit_cost,value_changed,0.003,0.0
2021-01-29,entry_exit_cost,value_changed,0.0,0.003
2021-02-02,entry_exit_cost,value_changed,0.0,0.003
2021-02-19,entry_exit_cost,value_changed,0.0,0.003
2021-02-22,entry_exit_cost,value_changed,0.003,0.0
2021-05-12,entry_exit_cost,value_changed,0.0,0.003
2021-05-13,entry_exit_cost,value_changed,0.003,0.0
2021-05-24,entry_exit_cost,value_changed,0.0,0.003
2021-05-31,entry_exit_cost,value_changed,0.0,0.003
2021-06-02,entry_exit_cost,value_changed,0.0,0.003
2021-06-08,entry_exit_cost,value_changed,0.003,0.0
2021-07-06,entry_exit_cost,value_changed,0.0,0.003
2021-07-07,entry_exit_cost,value_changed,0.003,0.0
2021-08-10,entry_exit_cost,value_changed,0.0,0.003
2021-08-16,entry_exit_cost,value_changed,0.003,0.0
2021-09-29,entry_exit_cost,value_changed,0.0,0.003
2021-10-08,entry_exit_cost,value_changed,0.003,0.0
2021-11-08,entry_exit_cost,value_changed,0.0,0.003
2021-11-10,entry_exit_cost,value_changed,0.003,0.0
2021-12-01,entry_exit_cost,value_changed,0.0,0.003
2021-12-02,entry_exit_cost,value_changed,0.003,0.0
2022-02-22,entry_exit_cost,value_changed,0.0,0.003
2022-02-28,entry_exit_cost,value_changed,0.003,0.0
2022-05-19,entry_exit_cost,value_changed,0.0,0.003
2022-05-25,entry_exit_cost,value_changed,0.003,0.0
2022-06-02,entry_exit_cost,value_changed,0.0,0.003
2022-06-07,entry_exit_cost,value_changed,0.0,0.003
2022-07-11,entry_exit_cost,value_changed,0.0,0.003
2022-07-12,entry_exit_cost,value_changed,0.003,0.0
2023-01-04,entry_exit_cost,value_changed,0.0,0.003
2023-01-10,entry_exit_cost,value_changed,0.0,0.003
2023-01-19,entry_exit_cost,value_changed,0.0,0.003
2023-01-30,entry_exit_cost,value_changed,0.003,0.0
2023-06-28,entry_exit_cost,value_changed,0.0,0.003
2023-06-29,entry_exit_cost,value_changed,0.003,0.0
2023-08-11,entry_exit_cost,value_changed,0.0,0.003
2023-08-14,entry_exit_cost,value_changed,0.003,0.0
2023-09-18,entry_exit_cost,value_changed,0.0,0.003
2023-09-21,entry_exit_cost,value_changed,0.003,0.0
2023-10-20,entry_exit_cost,value_changed,0.0,0.003
2023-10-24,entry_exit_cost,value_changed,0.003,0.0
2023-12-13,entry_exit_cost,value_changed,0.0,0.003
2023-12-14,entry_exit_cost,value_changed,0.003,0.0
2024-03-19,entry_exit_cost,value_changed,0.0,0.003
2024-03-20,entry_exit_cost,value_changed,0.003,0.0
2024-07-23,entry_exit_cost,value_changed,0.0,0.003
2024-07-24,entry_exit_cost,value_changed,0.003,0.0
2024-08-27,entry_exit_cost,value_changed,0.0,0.003
2024-08-28,entry_exit_cost,value_changed,0.003,0.0
2024-10-10,entry_exit_cost,value_changed,0.0,0.003
2024-10-11,entry_exit_cost,value_changed,0.003,0.0
2025-02-28,entry_exit_cost,value_changed,0.0,0.003
2025-03-03,entry_exit_cost,value_changed,0.003,0.0
2025-06-23,entry_exit_cost,value_changed,0.0,0.003
2025-06-24,entry_exit_cost,value_changed,0.003,0.0
2025-10-10,entry_exit_cost,value_changed,0.0,0.003
2025-10-13,entry_exit_cost,value_changed,0.003,0.0
2025-12-02,entry_exit_cost,value_changed,0.0,0.003
2025-12-04,entry_exit_cost,value_changed,0.0,0.003
2026-01-19,entry_exit_cost,value_changed,0.0,0.003
2026-01-20,entry_exit_cost,value_changed,0.003,0.0
2026-03-09,entry_exit_cost,value_changed,0.0,0.003
2026-03-10,entry_exit_cost,value_changed,0.003,0.0
2010-05-06,rebalance_cost,value_changed,0.0,0.0007199999999999
2011-07-14,rebalance_cost,value_changed,0.0,0.00054
2012-06-14,rebalance_cost,value_changed,0.0,0.0003599999999999
2021-06-03,rebalance_cost,value_changed,0.0,0.00066
2021-08-12,rebalance_cost,value_changed,0.0,0.0006
2021-10-08,rebalance_cost,value_changed,0.0,0.00084
2021-12-02,rebalance_cost,value_changed,0.0,0.00042
2022-02-24,rebalance_cost,value_changed,0.0,0.00042
2023-01-30,rebalance_cost,value_changed,0.0,0.00048
2023-06-29,rebalance_cost,value_changed,0.0,0.0006
2023-09-21,rebalance_cost,value_changed,0.0,0.0006
2023-12-14,rebalance_cost,value_changed,0.0,0.00084
2010-05-05,total_cost,value_changed,0.0,0.003
2010-05-06,total_cost,value_changed,0.0,0.0007199999999999
2010-05-13,total_cost,value_changed,0.0,0.003
2010-06-17,total_cost,value_changed,0.0,0.003
2010-06-21,total_cost,value_changed,0.003,0.0
2010-08-12,total_cost,value_changed,0.0,0.003
2010-08-13,total_cost,value_changed,0.003,0.0
2010-11-10,total_cost,value_changed,0.0,0.003
2010-11-12,total_cost,value_changed,0.003,0.0
2010-12-20,total_cost,value_changed,0.0,0.003
2010-12-21,total_cost,value_changed,0.003,0.0
2011-03-02,total_cost,value_changed,0.0,0.003
2011-03-03,total_cost,value_changed,0.003,0.0
2011-07-08,total_cost,value_changed,0.0,0.003
2011-07-14,total_cost,value_changed,0.0,0.00054
2011-07-15,total_cost,value_changed,0.003,0.0
2011-12-09,total_cost,value_changed,0.0,0.003
2011-12-12,total_cost,value_changed,0.003,0.0
2012-01-30,total_cost,value_changed,0.0,0.003
2012-02-01,total_cost,value_changed,0.003,0.0
2012-05-18,total_cost,value_changed,0.0,0.003
2012-05-24,total_cost,value_changed,0.0,0.003
2012-06-12,total_cost,value_changed,0.0,0.003
2012-06-14,total_cost,value_changed,0.0,0.0003599999999999
2012-06-20,total_cost,value_changed,0.003,0.0
2012-08-17,total_cost,value_changed,0.0,0.003
2012-08-20,total_cost,value_changed,0.003,0.0
2012-11-06,total_cost,value_changed,0.0,0.003
2012-11-07,total_cost,value_changed,0.003,0.0
2012-12-18,total_cost,value_changed,0.0,0.003
2012-12-20,total_cost,value_changed,0.003,0.0
2013-02-25,total_cost,value_changed,0.0,0.003
2013-02-26,total_cost,value_changed,0.003,0.0
2013-06-24,total_cost,value_changed,0.0,0.003
2013-06-26,total_cost,value_changed,0.0,0.003
2013-10-18,total_cost,value_changed,0.0,0.003
2013-10-22,total_cost,value_changed,0.003,0.0
2014-01-20,total_cost,value_changed,0.0,0.003
2014-01-23,total_cost,value_changed,0.0,0.003
2014-02-13,total_cost,value_changed,0.0,0.003
2014-02-14,total_cost,value_changed,0.003,0.0
2014-06-09,total_cost,value_changed,0.0,0.003
2014-06-10,total_cost,value_changed,0.003,0.0
2014-10-31,total_cost,value_changed,0.0,0.003
2014-11-03,total_cost,value_changed,0.003,0.0
2015-03-06,total_cost,value_changed,0.0,0.003
2015-03-10,total_cost,value_changed,0.003,0.0
2015-07-09,total_cost,value_changed,0.0,0.003
2015-07-10,total_cost,value_changed,0.003,0.0
2016-01-21,total_cost,value_changed,0.0,0.003
2016-01-22,total_cost,value_changed,0.003,0.0
2016-06-17,total_cost,value_changed,0.0,0.003
2016-06-20,total_cost,value_changed,0.003,0.0
2017-01-20,total_cost,value_changed,0.0,0.003
2017-01-23,total_cost,value_changed,0.003,0.0
2017-04-27,total_cost,value_changed,0.0,0.003
2017-04-28,total_cost,value_changed,0.003,0.0
2017-06-06,total_cost,value_changed,0.0,0.003
2017-06-07,total_cost,value_changed,0.003,0.0
2017-08-17,total_cost,value_changed,0.0,0.003
2017-08-21,total_cost,value_changed,0.003,0.0
2017-12-27,total_cost,value_changed,0.0,0.003
2017-12-28,total_cost,value_changed,0.003,0.0
2018-01-16,total_cost,value_changed,0.0,0.003
2018-01-17,total_cost,value_changed,0.003,0.0
2018-03-07,total_cost,value_changed,0.0,0.003
2018-03-08,total_cost,value_changed,0.003,0.0
2018-04-26,total_cost,value_changed,0.0,0.003
2018-05-04,total_cost,value_changed,0.003,0.0
2018-06-28,total_cost,value_changed,0.0,0.003
2018-06-29,total_cost,value_changed,0.003,0.0
2018-09-06,total_cost,value_changed,0.0,0.003
2018-09-07,total_cost,value_changed,0.003,0.0
2019-03-19,total_cost,value_changed,0.0,0.003
2019-03-20,total_cost,value_changed,0.003,0.0
2019-07-09,total_cost,value_changed,0.0,0.003
2019-07-10,total_cost,value_changed,0.003,0.0
2019-09-19,total_cost,value_changed,0.0,0.003
2019-09-20,total_cost,value_changed,0.003,0.0
2019-11-26,total_cost,value_changed,0.0,0.003
2019-11-27,total_cost,value_changed,0.003,0.0
2019-12-20,total_cost,value_changed,0.0,0.003
2019-12-23,total_cost,value_changed,0.003,0.0
2020-03-05,total_cost,value_changed,0.0,0.003
2020-03-06,total_cost,value_changed,0.003,0.0
2020-05-21,total_cost,value_changed,0.0,0.003
2020-05-22,total_cost,value_changed,0.003,0.0
2020-07-17,total_cost,value_changed,0.0,0.003
2020-07-20,total_cost,value_changed,0.003,0.0
2020-10-16,total_cost,value_changed,0.0,0.003
2020-10-19,total_cost,value_changed,0.003,0.0
2021-01-29,total_cost,value_changed,0.0,0.003
2021-02-02,total_cost,value_changed,0.0,0.003
2021-02-19,total_cost,value_changed,0.0,0.003
2021-02-22,total_cost,value_changed,0.003,0.0
2021-05-12,total_cost,value_changed,0.0,0.003
2021-05-13,total_cost,value_changed,0.003,0.0
2021-05-24,total_cost,value_changed,0.0,0.003
2021-05-31,total_cost,value_changed,0.0,0.003
2021-06-02,total_cost,value_changed,0.0,0.003
2021-06-03,total_cost,value_changed,0.0,0.00066
2021-06-08,total_cost,value_changed,0.003,0.0
2021-07-06,total_cost,value_changed,0.0,0.003
2021-07-07,total_cost,value_changed,0.003,0.0
2021-08-10,total_cost,value_changed,0.0,0.003
2021-08-12,total_cost,value_changed,0.0,0.0006
2021-08-16,total_cost,value_changed,0.003,0.0
2021-09-29,total_cost,value_changed,0.0,0.003
2021-10-08,total_cost,value_changed,0.003,0.00084
2021-11-08,total_cost,value_changed,0.0,0.003
2021-11-10,total_cost,value_changed,0.003,0.0
2021-12-01,total_cost,value_changed,0.0,0.003
2021-12-02,total_cost,value_changed,0.003,0.00042
2022-02-22,total_cost,value_changed,0.0,0.003
2022-02-24,total_cost,value_changed,0.0,0.00042
2022-02-28,total_cost,value_changed,0.003,0.0
2022-05-19,total_cost,value_changed,0.0,0.003
2022-05-25,total_cost,value_changed,0.003,0.0
2022-06-02,total_cost,value_changed,0.0,0.003
2022-06-07,total_cost,value_changed,0.0,0.003
2022-07-11,total_cost,value_changed,0.0,0.003
2022-07-12,total_cost,value_changed,0.003,0.0
2023-01-04,total_cost,value_changed,0.0,0.003
2023-01-10,total_cost,value_changed,0.0,0.003
2023-01-19,total_cost,value_changed,0.0,0.003
2023-01-30,total_cost,value_changed,0.003,0.00048
2023-06-28,total_cost,value_changed,0.0,0.003
2023-06-29,total_cost,value_changed,0.003,0.0006
2023-08-11,total_cost,value_changed,0.0,0.003
2023-08-14,total_cost,value_changed,0.003,0.0
2023-09-18,total_cost,value_changed,0.0,0.003
2023-09-21,total_cost,value_changed,0.003,0.0006
2023-10-20,total_cost,value_changed,0.0,0.003
2023-10-24,total_cost,value_changed,0.003,0.0
2023-12-13,total_cost,value_changed,0.0,0.003
2023-12-14,total_cost,value_changed,0.003,0.00084
2024-03-19,total_cost,value_changed,0.0,0.003
2024-03-20,total_cost,value_changed,0.003,0.0
2024-07-23,total_cost,value_changed,0.0,0.003
2024-07-24,total_cost,value_changed,0.003,0.0
2024-08-27,total_cost,value_changed,0.0,0.003
2024-08-28,total_cost,value_changed,0.003,0.0
2024-10-10,total_cost,value_changed,0.0,0.003
2024-10-11,total_cost,value_changed,0.003,0.0
2025-02-28,total_cost,value_changed,0.0,0.003
2025-03-03,total_cost,value_changed,0.003,0.0
2025-06-23,total_cost,value_changed,0.0,0.003
2025-06-24,total_cost,value_changed,0.003,0.0
2025-10-10,total_cost,value_changed,0.0,0.003
2025-10-13,total_cost,value_changed,0.003,0.0
2025-12-02,total_cost,value_changed,0.0,0.003
2025-12-04,total_cost,value_changed,0.0,0.003
2026-01-19,total_cost,value_changed,0.0,0.003
2026-01-20,total_cost,value_changed,0.003,0.0
2026-03-09,total_cost,value_changed,0.0,0.003
2026-03-10,total_cost,value_changed,0.003,0.0
2022-02-23,overheat_risk_off,value_changed,True,False
2022-02-24,overheat_risk_off,value_changed,True,False
2022-02-25,overheat_risk_off,value_changed,True,False
2022-02-28,overheat_risk_off,value_changed,True,False
2024-02-27,overheat_risk_off,value_changed,False,True
2024-02-28,overheat_risk_off,value_changed,False,True
2024-02-29,overheat_risk_off,value_changed,False,True
2024-03-01,overheat_risk_off,value_changed,False,True
2024-03-04,overheat_risk_off,value_changed,False,True
2024-03-05,overheat_risk_off,value_changed,False,True
2024-03-06,overheat_risk_off,value_changed,False,True
2024-03-07,overheat_risk_off,value_changed,False,True
2024-03-08,overheat_risk_off,value_changed,False,True
2024-03-11,overheat_risk_off,value_changed,False,True
2024-03-12,overheat_risk_off,value_changed,False,True
2024-03-20,overheat_risk_off,value_changed,True,False
2024-04-30,overheat_risk_off,value_changed,False,True
2024-05-06,overheat_risk_off,value_changed,False,True
2024-06-21,overheat_risk_off,value_changed,False,True
2025-09-09,overheat_risk_off,value_changed,False,True
2025-09-10,overheat_risk_off,value_changed,False,True
2026-03-26,overheat_risk_off,value_changed,False,True
2026-03-27,overheat_risk_off,value_changed,False,True
2026-07-07,overheat_risk_off,value_changed,False,True
2026-07-08,overheat_risk_off,value_changed,False,True
2026-07-09,overheat_risk_off,value_changed,False,True
2026-07-10,overheat_risk_off,value_changed,False,True
2022-02-22,overheat_reentry_triggered,value_changed,False,True
2022-02-28,overheat_reentry_triggered,value_changed,True,False
2024-03-19,overheat_reentry_triggered,value_changed,False,True
2024-03-20,overheat_reentry_triggered,value_changed,True,False
2024-02-26,overheat_block_entry_triggered,value_changed,False,True
2024-03-12,overheat_block_entry_triggered,value_changed,True,False
2024-04-29,overheat_block_entry_triggered,value_changed,False,True
2024-05-06,overheat_block_entry_triggered,value_changed,True,False
2024-06-20,overheat_block_entry_triggered,value_changed,False,True
2024-06-21,overheat_block_entry_triggered,value_changed,True,False
2025-09-08,overheat_block_entry_triggered,value_changed,False,True
2025-09-10,overheat_block_entry_triggered,value_changed,True,False
2026-03-25,overheat_block_entry_triggered,value_changed,False,True
2026-03-27,overheat_block_entry_triggered,value_changed,True,False
2026-07-06,overheat_block_entry_triggered,value_changed,False,True
2026-07-10,overheat_block_entry_triggered,value_changed,True,False
