date,code,close,volume,tradestatus,isST
2003-01-02,sh.600603,5.8600,1134664,1,1
2003-01-03,sh.600603,5.9200,938280,1,1
2003-01-06,sh.600603,6.0200,743698,1,1
2003-01-07,sh.600603,5.9200,809220,1,1
2003-01-08,sh.600603,6.0700,953546,1,1
2003-01-09,sh.600603,6.2100,2309418,1,1
2003-01-10,sh.600603,6.1100,1730171,1,1
2003-01-13,sh.600603,6.2100,977187,1,1
2003-01-14,sh.600603,6.4200,3650877,1,1
2003-01-15,sh.600603,6.3700,3745853,1,1
2003-01-16,sh.600603,6.6300,4467363,1,1
2003-01-17,sh.600603,6.6900,6815710,1,1
2003-01-20,sh.600603,6.6800,2874761,1,1
2003-01-21,sh.600603,6.7000,3491030,1,1
2003-01-22,sh.600603,6.8000,4470826,1,1
2003-01-23,sh.600603,6.6500,5255503,1,1
2003-01-24,sh.600603,6.4900,2996074,1,1
2003-01-27,sh.600603,6.6600,1798628,1,1
2003-01-28,sh.600603,6.7000,1683391,1,1
2003-01-29,sh.600603,6.6100,1826500,1,1
2003-02-10,sh.600603,6.7100,1456812,1,1
2003-02-11,sh.600603,6.8300,1918430,1,1
2003-02-12,sh.600603,6.9700,3373687,1,1
2003-02-13,sh.600603,6.9000,2827477,1,1
2003-02-14,sh.600603,6.9900,2487980,1,1
2003-02-17,sh.600603,6.9000,2469198,1,1
2003-02-18,sh.600603,6.8300,1548716,1,1
2003-02-19,sh.600603,6.9000,1213380,1,1
2003-02-20,sh.600603,6.9200,1986405,1,1
2003-02-21,sh.600603,6.6400,2527091,1,1
2003-02-24,sh.600603,6.6400,1106450,1,1
2003-02-25,sh.600603,6.8800,1537957,1,1
2003-02-26,sh.600603,6.9000,1281686,1,1
2003-02-27,sh.600603,7.0300,3394489,1,1
2003-02-28,sh.600603,7.1600,13743225,1,1
2003-03-03,sh.600603,7.1200,2713996,1,1
2003-03-04,sh.600603,7.1600,1943525,1,1
2003-03-05,sh.600603,7.1200,1789471,1,1
2003-03-06,sh.600603,6.9600,1940686,1,1
2003-03-07,sh.600603,6.9500,1282300,1,1
2003-03-10,sh.600603,6.6900,2076583,1,1
2003-03-11,sh.600603,6.7200,892359,1,1
2003-03-12,sh.600603,6.7900,772958,1,1
2003-03-13,sh.600603,6.7000,832188,1,1
2003-03-14,sh.600603,6.6800,667049,1,1
2003-03-17,sh.600603,6.5700,1308156,1,1
2003-03-18,sh.600603,6.5400,911299,1,1
2003-03-19,sh.600603,6.5300,925082,1,1
2003-03-20,sh.600603,6.4300,899173,1,1
2003-03-21,sh.600603,6.4900,552769,1,1
2003-03-24,sh.600603,6.5300,371600,1,1
2003-03-25,sh.600603,6.3800,595050,1,1
2003-03-26,sh.600603,6.2200,1437671,1,1
2003-03-27,sh.600603,6.3700,1308958,1,1
2003-03-28,sh.600603,6.2800,1380510,1,1
2003-03-31,sh.600603,6.3200,1130046,1,1
2003-04-01,sh.600603,6.4400,1453220,1,1
2003-04-02,sh.600603,6.3600,999974,1,1
2003-04-03,sh.600603,6.3900,1234135,1,1
2003-04-04,sh.600603,6.3400,696275,1,1
2003-04-07,sh.600603,6.2000,1319019,1,1
2003-04-08,sh.600603,6.0100,3140681,1,1
2003-04-09,sh.600603,6.0000,3168344,1,1
2003-04-10,sh.600603,6.0500,2968970,1,1
2003-04-11,sh.600603,5.9800,2222059,1,1
2003-04-14,sh.600603,6.2700,3785822,1,1
2003-04-15,sh.600603,6.2100,2527757,1,1
2003-04-16,sh.600603,6.3400,3210561,1,1
2003-04-17,sh.600603,6.2100,1685531,1,1
2003-04-18,sh.600603,6.1400,1608903,1,1
2003-04-21,sh.600603,6.0000,1318774,1,1
2003-04-22,sh.600603,6.0000,0,0,1
2003-04-23,sh.600603,5.8500,1787229,1,1
2003-04-24,sh.600603,5.7500,1912922,1,1
2003-04-25,sh.600603,5.6100,1816500,1,1
2003-04-28,sh.600603,5.4300,4253976,1,1
2003-04-29,sh.600603,5.4200,2641254,1,1
2003-04-30,sh.600603,5.1500,4601077,1,1
2003-05-12,sh.600603,4.8900,3130751,1,1
2003-05-13,sh.600603,4.6500,3985377,1,1
2003-05-14,sh.600603,4.8300,2964599,1,1
2003-05-15,sh.600603,4.9400,2906796,1,1
2003-05-16,sh.600603,4.8800,2062245,1,1
2003-05-19,sh.600603,4.9800,2094539,1,1
2003-05-20,sh.600603,5.0500,2048417,1,1
2003-05-21,sh.600603,5.1000,1893853,1,1
2003-05-22,sh.600603,5.0500,1643862,1,1
2003-05-23,sh.600603,5.0300,2803742,1,1
2003-05-26,sh.600603,5.0700,1945564,1,1
2003-05-27,sh.600603,5.2400,3858897,1,1
2003-05-28,sh.600603,5.4500,8763802,1,1
2003-05-29,sh.600603,5.7200,12310761,1,1
2003-05-30,sh.600603,5.9100,8448160,1,1
2003-06-02,sh.600603,6.2100,6651617,1,1
2003-06-03,sh.600603,6.5200,11474432,1,1
2003-06-04,sh.600603,6.8500,8198860,1,1
2003-06-05,sh.600603,6.9500,21012000,1,1
2003-06-06,sh.600603,7.2400,11334255,1,1
2003-06-09,sh.600603,7.1400,6169080,1,1
2003-06-10,sh.600603,6.7800,6219768,1,1
2003-06-11,sh.600603,6.8500,5093793,1,1
2003-06-12,sh.600603,6.7500,2712192,1,1
2003-06-13,sh.600603,7.0900,3468419,1,1
2003-06-16,sh.600603,7.4400,12149438,1,1
2003-06-17,sh.600603,7.2300,7573452,1,1
2003-06-18,sh.600603,7.4300,8474247,1,1
2003-06-19,sh.600603,7.2300,5511399,1,1
2003-06-20,sh.600603,7.1000,2994746,1,1
2003-06-23,sh.600603,6.7500,5013790,1,1
2003-06-24,sh.600603,6.9000,5636505,1,1
2003-06-25,sh.600603,6.7800,5681328,1,1
2003-06-26,sh.600603,6.8200,8433089,1,1
2003-06-27,sh.600603,6.7000,3948637,1,1
2003-06-30,sh.600603,6.4200,3022966,1,1
2003-07-01,sh.600603,6.2300,2257716,1,1
2003-07-02,sh.600603,6.2700,1837685,1,1
2003-07-03,sh.600603,6.2900,2137564,1,1
2003-07-04,sh.600603,6.1600,2118755,1,1
2003-07-07,sh.600603,6.0800,3878221,1,1
2003-07-08,sh.600603,6.1200,1978705,1,1
2003-07-09,sh.600603,6.3700,3127522,1,1
2003-07-10,sh.600603,6.4200,3149996,1,1
2003-07-11,sh.600603,6.2900,1614988,1,1
2003-07-14,sh.600603,6.3600,1326270,1,1
2003-07-15,sh.600603,6.2700,1149961,1,1
2003-07-16,sh.600603,6.2200,957544,1,1
2003-07-17,sh.600603,6.1400,1788664,1,1
2003-07-18,sh.600603,5.8700,1980510,1,1
2003-07-21,sh.600603,5.7000,1766327,1,1
2003-07-22,sh.600603,5.8300,1773100,1,1
2003-07-23,sh.600603,5.8300,933411,1,1
2003-07-24,sh.600603,5.8900,1142394,1,1
2003-07-25,sh.600603,5.8900,900760,1,1
2003-07-28,sh.600603,5.9500,1169897,1,1
2003-07-29,sh.600603,5.9500,0,0,1
2003-07-30,sh.600603,6.1600,4053724,1,1
2003-07-31,sh.600603,6.1700,2962989,1,1
2003-08-01,sh.600603,6.1800,1370632,1,1
2003-08-04,sh.600603,6.1700,1212418,1,1
2003-08-05,sh.600603,6.1900,1855965,1,1
2003-08-06,sh.600603,6.2100,2118902,1,1
2003-08-07,sh.600603,6.1600,1952079,1,1
2003-08-08,sh.600603,6.1400,1093477,1,1
2003-08-11,sh.600603,6.1800,536377,1,1
2003-08-12,sh.600603,6.1800,554640,1,1
2003-08-13,sh.600603,6.1000,807050,1,1
2003-08-14,sh.600603,5.9900,711001,1,1
2003-08-15,sh.600603,5.8300,1657699,1,1
2003-08-18,sh.600603,5.8400,2506868,1,1
2003-08-19,sh.600603,5.8600,811821,1,1
2003-08-20,sh.600603,5.8400,512219,1,1
2003-08-21,sh.600603,5.7800,792504,1,1
2003-08-22,sh.600603,5.9400,2080154,1,1
2003-08-25,sh.600603,6.0800,2609193,1,1
2003-08-26,sh.600603,6.1400,2571225,1,1
2003-08-27,sh.600603,6.0300,890351,1,1
2003-08-28,sh.600603,6.0300,857630,1,1
2003-08-29,sh.600603,6.0500,1987695,1,1
2003-09-01,sh.600603,6.2100,3110749,1,1
2003-09-02,sh.600603,6.2600,953556,1,1
2003-09-03,sh.600603,6.2200,1082673,1,1
2003-09-04,sh.600603,6.2000,937978,1,1
2003-09-05,sh.600603,6.2100,867831,1,1
2003-09-08,sh.600603,6.2700,1470007,1,1
2003-09-09,sh.600603,6.2300,1122059,1,1
2003-09-10,sh.600603,6.1700,1135575,1,1
2003-09-11,sh.600603,6.1700,925620,1,1
2003-09-12,sh.600603,5.9800,752900,1,1
2003-09-15,sh.600603,5.7800,1240473,1,1
2003-09-16,sh.600603,5.8300,671771,1,1
2003-09-17,sh.600603,5.8000,573190,1,1
2003-09-18,sh.600603,5.8400,567780,1,1
2003-09-19,sh.600603,5.8400,439101,1,1
2003-09-22,sh.600603,5.9500,357145,1,1
2003-09-23,sh.600603,5.9200,253251,1,1
2003-09-24,sh.600603,6.0000,2810227,1,1
2003-09-25,sh.600603,5.9400,1566424,1,1
2003-09-26,sh.600603,5.7900,391500,1,1
2003-09-29,sh.600603,5.5300,790705,1,1
2003-09-30,sh.600603,5.6500,414769,1,1
2003-10-08,sh.600603,5.6200,153671,1,1
2003-10-09,sh.600603,5.5400,339400,1,1
2003-10-10,sh.600603,5.7500,1004560,1,1
2003-10-13,sh.600603,5.5500,883118,1,1
2003-10-14,sh.600603,5.5400,523708,1,1
2003-10-15,sh.600603,5.6000,438592,1,1
2003-10-16,sh.600603,5.3200,831001,1,1
2003-10-17,sh.600603,5.3400,764215,1,1
2003-10-20,sh.600603,5.1300,745460,1,1
2003-10-21,sh.600603,5.2400,662095,1,1
2003-10-22,sh.600603,5.2500,412594,1,1
2003-10-23,sh.600603,5.1000,556297,1,1
2003-10-24,sh.600603,4.9200,1060103,1,1
2003-10-27,sh.600603,4.9700,719209,1,1
2003-10-28,sh.600603,4.7600,716402,1,1
2003-10-29,sh.600603,4.5200,878800,1,1
2003-10-30,sh.600603,4.7500,1113042,1,1
2003-10-31,sh.600603,4.9900,730637,1,1
2003-11-03,sh.600603,5.2400,1408406,1,1
2003-11-04,sh.600603,5.5000,1658244,1,1
2003-11-05,sh.600603,5.7800,1098570,1,1
2003-11-06,sh.600603,5.7200,6216398,1,1
2003-11-07,sh.600603,5.4800,3534811,1,1
2003-11-10,sh.600603,5.7500,2474463,1,1
2003-11-11,sh.600603,5.5900,3831323,1,1
2003-11-12,sh.600603,5.5200,1647526,1,1
2003-11-13,sh.600603,5.3800,1194768,1,1
2003-11-14,sh.600603,5.3100,1001832,1,1
2003-11-17,sh.600603,5.2900,809980,1,1
2003-11-18,sh.600603,5.5500,1277134,1,1
2003-11-19,sh.600603,5.6000,2246265,1,1
2003-11-20,sh.600603,5.6000,1772372,1,1
2003-11-21,sh.600603,5.6000,1638400,1,1
2003-11-24,sh.600603,5.6000,1671424,1,1
2003-11-25,sh.600603,5.8800,4133504,1,1
2003-11-26,sh.600603,5.8100,2709987,1,1
2003-11-27,sh.600603,5.5200,2615626,1,1
2003-11-28,sh.600603,5.3100,2080579,1,1
2003-12-01,sh.600603,5.3500,1407160,1,1
2003-12-02,sh.600603,5.4600,1276561,1,1
2003-12-03,sh.600603,5.2300,2216126,1,1
2003-12-04,sh.600603,5.2500,1771830,1,1
2003-12-05,sh.600603,5.1800,1192736,1,1
2003-12-08,sh.600603,5.1900,842167,1,1
2003-12-09,sh.600603,5.0600,1382278,1,1
2003-12-10,sh.600603,5.0800,1163372,1,1
2003-12-11,sh.600603,5.1600,1036359,1,1
2003-12-12,sh.600603,5.2800,1868925,1,1
2003-12-15,sh.600603,5.2500,690010,1,1
2003-12-16,sh.600603,5.1400,1090589,1,1
2003-12-17,sh.600603,5.0800,610306,1,1
2003-12-18,sh.600603,4.8300,1732400,1,1
2003-12-19,sh.600603,5.0700,3407286,1,1
2003-12-22,sh.600603,5.2100,7697977,1,1
2003-12-23,sh.600603,5.1400,1410983,1,1
2003-12-24,sh.600603,5.0100,1617599,1,1
2003-12-25,sh.600603,4.7900,3395173,1,1
2003-12-26,sh.600603,4.7600,2090162,1,1
2003-12-29,sh.600603,4.6800,1539237,1,1
2003-12-30,sh.600603,4.6500,2050080,1,1
2003-12-31,sh.600603,4.5900,2101627,1,1
2004-01-02,sh.600603,4.8200,970810,1,1
2004-01-05,sh.600603,5.0600,613822,1,1
2004-01-06,sh.600603,5.0900,4972799,1,1
2004-01-07,sh.600603,5.1200,2106150,1,1
2004-01-08,sh.600603,5.0400,3092412,1,1
2004-01-09,sh.600603,5.0700,2099620,1,1
2004-01-12,sh.600603,5.1700,2305287,1,1
2004-01-13,sh.600603,5.2300,2829755,1,1
2004-01-14,sh.600603,5.1400,3547246,1,1
2004-01-15,sh.600603,5.1400,1737406,1,1
2004-01-16,sh.600603,5.0800,2710185,1,1
2004-01-29,sh.600603,5.2200,1552890,1,1
2004-01-30,sh.600603,5.1600,1171744,1,1
2004-02-02,sh.600603,5.3200,3033282,1,1
2004-02-03,sh.600603,5.4000,2712761,1,1
2004-02-04,sh.600603,5.4600,2948240,1,1
2004-02-05,sh.600603,5.6100,2594457,1,1
2004-02-06,sh.600603,5.4400,3352303,1,1
2004-02-09,sh.600603,5.5000,2021442,1,1
2004-02-10,sh.600603,5.6500,4270125,1,1
2004-02-11,sh.600603,5.8500,4224342,1,1
2004-02-12,sh.600603,6.1100,10608937,1,1
2004-02-13,sh.600603,6.0600,10086312,1,1
2004-02-16,sh.600603,6.3500,7528134,1,1
2004-02-17,sh.600603,6.2600,4301851,1,1
2004-02-18,sh.600603,6.3500,8456675,1,1
2004-02-19,sh.600603,6.4400,7476269,1,1
2004-02-20,sh.600603,6.5700,8296709,1,1
2004-02-23,sh.600603,6.4300,9025956,1,1
2004-02-24,sh.600603,6.1600,5967389,1,1
2004-02-25,sh.600603,6.0100,2945509,1,1
2004-02-26,sh.600603,6.1600,3726259,1,1
2004-02-27,sh.600603,6.1000,1633636,1,1
2004-03-01,sh.600603,6.0200,3076886,1,1
2004-03-02,sh.600603,6.0800,3107637,1,1
2004-03-03,sh.600603,6.0000,3092302,1,1
2004-03-04,sh.600603,5.9900,2320236,1,1
2004-03-05,sh.600603,5.8600,2080944,1,1
2004-03-08,sh.600603,5.5800,2294003,1,1
2004-03-09,sh.600603,5.6500,1172591,1,1
2004-03-10,sh.600603,5.7700,1603010,1,1
2004-03-11,sh.600603,5.8000,1262273,1,1
2004-03-12,sh.600603,5.8900,2073739,1,1
2004-03-15,sh.600603,5.8900,2211827,1,1
2004-03-16,sh.600603,5.9200,1026356,1,1
2004-03-17,sh.600603,5.9100,1437169,1,1
2004-03-18,sh.600603,5.7400,1347630,1,1
2004-03-19,sh.600603,5.7500,789817,1,1
2004-03-22,sh.600603,5.8400,783939,1,1
2004-03-23,sh.600603,5.8600,937810,1,1
2004-03-24,sh.600603,5.9200,1483600,1,1
2004-03-25,sh.600603,5.8900,825809,1,1
2004-03-26,sh.600603,5.8500,778635,1,1
2004-03-29,sh.600603,5.7000,878801,1,1
2004-03-30,sh.600603,5.7300,902588,1,1
2004-03-31,sh.600603,5.8700,1455359,1,1
2004-04-01,sh.600603,5.8300,966899,1,1
2004-04-02,sh.600603,5.8100,1093048,1,1
2004-04-05,sh.600603,5.9200,2189196,1,1
2004-04-06,sh.600603,5.9600,1484171,1,1
2004-04-07,sh.600603,6.0900,3879295,1,1
2004-04-08,sh.600603,6.0500,1578130,1,1
2004-04-09,sh.600603,5.9300,3077130,1,1
2004-04-12,sh.600603,5.8200,1857183,1,1
2004-04-13,sh.600603,5.8000,2587826,1,1
2004-04-14,sh.600603,5.8400,1555932,1,1
2004-04-15,sh.600603,5.6600,1020125,1,1
2004-04-16,sh.600603,5.8000,2049124,1,1
2004-04-19,sh.600603,5.7400,1716976,1,1
2004-04-20,sh.600603,5.6300,923257,1,1
2004-04-21,sh.600603,5.4900,2142692,1,1
2004-04-22,sh.600603,5.2200,2332600,1,1
2004-04-23,sh.600603,4.9600,4558640,1,1
2004-04-26,sh.600603,4.9900,3637448,1,1
2004-04-27,sh.600603,5.0600,1933945,1,1
2004-04-28,sh.600603,5.2900,4254340,1,1
2004-04-29,sh.600603,5.2900,2046910,1,1
2004-04-30,sh.600603,5.2900,0,0,1
2004-05-10,sh.600603,5.2100,1685701,1,1
2004-05-11,sh.600603,5.0000,985965,1,1
2004-05-12,sh.600603,5.1100,561937,1,1
2004-05-13,sh.600603,5.2500,1202040,1,1
2004-05-14,sh.600603,5.0500,801000,1,1
2004-05-17,sh.600603,5.1300,943400,1,1
2004-05-18,sh.600603,5.1400,308511,1,1
2004-05-19,sh.600603,5.1300,434865,1,1
2004-05-20,sh.600603,5.0200,571258,1,1
2004-05-21,sh.600603,5.0600,298287,1,1
2004-05-24,sh.600603,4.9600,871567,1,1
2004-05-25,sh.600603,4.7200,640011,1,1
2004-05-26,sh.600603,4.8000,405068,1,1
2004-05-27,sh.600603,4.8900,1086975,1,1
2004-05-28,sh.600603,4.8600,312222,1,1
2004-05-31,sh.600603,4.9400,612177,1,1
2004-06-01,sh.600603,5.0000,992358,1,1
2004-06-02,sh.600603,4.9700,1438125,1,1
2004-06-03,sh.600603,4.8800,848890,1,1
2004-06-04,sh.600603,4.8800,518180,1,1
2004-06-07,sh.600603,4.8000,394150,1,1
2004-06-08,sh.600603,4.7100,432325,1,1
2004-06-09,sh.600603,4.5500,534099,1,1
2004-06-10,sh.600603,4.3600,1651109,1,1
2004-06-11,sh.600603,4.5000,1697066,1,1
2004-06-14,sh.600603,4.6500,3435393,1,1
2004-06-15,sh.600603,4.5600,1326566,1,1
2004-06-16,sh.600603,4.6500,1816750,1,1
2004-06-17,sh.600603,4.5300,1067580,1,1
2004-06-18,sh.600603,4.5300,0,0,1
2004-06-21,sh.600603,4.5000,747590,1,1
2004-06-22,sh.600603,4.5200,1455651,1,1
2004-06-23,sh.600603,4.4100,1572400,1,1
2004-06-24,sh.600603,4.3600,1034836,1,1
2004-06-25,sh.600603,4.2100,1307487,1,1
2004-06-28,sh.600603,4.0200,811280,1,1
2004-06-29,sh.600603,4.0200,1204296,1,1
2004-06-30,sh.600603,3.9900,1217136,1,1
2004-07-01,sh.600603,4.1200,1040956,1,1
2004-07-02,sh.600603,4.1300,567087,1,1
2004-07-05,sh.600603,4.1100,519826,1,1
2004-07-06,sh.600603,4.1700,911821,1,1
2004-07-07,sh.600603,4.0900,604727,1,1
2004-07-08,sh.600603,4.0900,687074,1,1
2004-07-09,sh.600603,4.0100,577568,1,1
2004-07-12,sh.600603,3.9100,644332,1,1
2004-07-13,sh.600603,4.1100,3470621,1,1
2004-07-14,sh.600603,4.1900,2473714,1,1
2004-07-15,sh.600603,4.1500,789557,1,1
2004-07-16,sh.600603,4.2100,2149512,1,1
2004-07-19,sh.600603,4.2900,2518890,1,1
2004-07-20,sh.600603,4.2000,960113,1,1
2004-07-21,sh.600603,4.2200,1318851,1,1
2004-07-22,sh.600603,4.1500,1345529,1,1
2004-07-23,sh.600603,4.0800,472916,1,1
2004-07-26,sh.600603,4.0800,803700,1,1
2004-07-27,sh.600603,3.9700,593001,1,1
2004-07-28,sh.600603,4.0500,1118169,1,1
2004-07-29,sh.600603,4.0700,490866,1,1
2004-07-30,sh.600603,3.9900,623900,1,1
2004-08-02,sh.600603,4.0000,314137,1,1
2004-08-03,sh.600603,3.9800,609792,1,1
2004-08-04,sh.600603,4.0700,1133237,1,1
2004-08-05,sh.600603,4.0600,1203220,1,1
2004-08-06,sh.600603,4.0400,403566,1,1
2004-08-09,sh.600603,4.0100,514228,1,1
2004-08-10,sh.600603,3.9800,234348,1,1
2004-08-11,sh.600603,3.8300,781306,1,1
2004-08-12,sh.600603,3.7000,2713997,1,1
2004-08-13,sh.600603,3.6000,546600,1,1
2004-08-16,sh.600603,3.7100,1828085,1,1
2004-08-17,sh.600603,3.7100,1297849,1,1
2004-08-18,sh.600603,3.6400,2099065,1,1
2004-08-19,sh.600603,3.4600,1415200,1,1
2004-08-20,sh.600603,3.2900,2124701,1,1
2004-08-23,sh.600603,3.2800,774914,1,1
2004-08-24,sh.600603,3.3400,1180740,1,1
2004-08-25,sh.600603,3.3800,2170254,1,1
2004-08-26,sh.600603,3.2800,669240,1,1
2004-08-27,sh.600603,3.2500,551853,1,1
2004-08-30,sh.600603,3.2500,463826,1,1
2004-08-31,sh.600603,3.3500,1183583,1,1
2004-09-01,sh.600603,3.2700,347080,1,1
2004-09-02,sh.600603,3.2800,628610,1,1
2004-09-03,sh.600603,3.3300,907290,1,1
2004-09-06,sh.600603,3.3400,802734,1,1
2004-09-07,sh.600603,3.3400,423924,1,1
2004-09-08,sh.600603,3.3200,393268,1,1
2004-09-09,sh.600603,3.2200,772572,1,1
2004-09-10,sh.600603,3.0700,2247726,1,1
2004-09-13,sh.600603,2.9800,1050991,1,1
2004-09-14,sh.600603,3.0400,2710599,1,1
2004-09-15,sh.600603,3.1900,2977998,1,1
2004-09-16,sh.600603,3.2700,1920090,1,1
2004-09-17,sh.600603,3.4300,3062305,1,1
2004-09-20,sh.600603,3.5900,3492797,1,1
2004-09-21,sh.600603,3.4700,2561998,1,1
2004-09-22,sh.600603,3.3400,3170387,1,1
2004-09-23,sh.600603,3.4700,2409307,1,1
2004-09-24,sh.600603,3.3700,4084717,1,1
2004-09-27,sh.600603,3.2000,1990042,1,1
2004-09-28,sh.600603,3.2900,2097924,1,1
2004-09-29,sh.600603,3.1800,982998,1,1
2004-09-30,sh.600603,3.1500,735910,1,1
2004-10-08,sh.600603,3.2100,505689,1,1
2004-10-11,sh.600603,3.1900,1180621,1,1
2004-10-12,sh.600603,3.1100,1092700,1,1
2004-10-13,sh.600603,3.0900,702631,1,1
2004-10-14,sh.600603,2.9400,1554700,1,1
2004-10-15,sh.600603,3.0800,3698434,1,1
2004-10-18,sh.600603,3.0300,1816048,1,1
2004-10-19,sh.600603,3.0600,2536709,1,1
2004-10-20,sh.600603,2.9600,1521782,1,1
2004-10-21,sh.600603,2.8100,1743080,1,1
2004-10-22,sh.600603,2.6700,2365679,1,1
2004-10-25,sh.600603,2.7600,2561572,1,1
2004-10-26,sh.600603,2.6900,1954945,1,1
2004-10-27,sh.600603,2.7700,2864780,1,1
2004-10-28,sh.600603,2.8300,2950415,1,1
2004-10-29,sh.600603,2.6900,1374781,1,1
2004-11-01,sh.600603,2.5900,2073203,1,1
2004-11-02,sh.600603,2.6400,2176783,1,1
2004-11-03,sh.600603,2.6700,2566597,1,1
2004-11-04,sh.600603,2.5700,1023725,1,1
2004-11-05,sh.600603,2.4600,1821406,1,1
2004-11-08,sh.600603,2.5000,1890185,1,1
2004-11-09,sh.600603,2.4800,642170,1,1
2004-11-10,sh.600603,2.5900,2271711,1,1
2004-11-11,sh.600603,2.6000,2855052,1,1
2004-11-12,sh.600603,2.6300,2655913,1,1
2004-11-15,sh.600603,2.6800,2549001,1,1
2004-11-16,sh.600603,2.7900,2034404,1,1
2004-11-17,sh.600603,2.8700,6142054,1,1
2004-11-18,sh.600603,2.8300,2895009,1,1
2004-11-19,sh.600603,2.9100,3531340,1,1
2004-11-22,sh.600603,2.9500,3252670,1,1
2004-11-23,sh.600603,2.9500,2439577,1,1
2004-11-24,sh.600603,2.8200,4227483,1,1
2004-11-25,sh.600603,2.8100,2138274,1,1
2004-11-26,sh.600603,2.8600,1352457,1,1
2004-11-29,sh.600603,3.0000,5502573,1,1
2004-11-30,sh.600603,3.0600,7224825,1,1
2004-12-01,sh.600603,3.1600,3982446,1,1
2004-12-02,sh.600603,3.1300,4446393,1,1
2004-12-03,sh.600603,3.2500,5317194,1,1
2004-12-06,sh.600603,3.4100,4605224,1,1
2004-12-07,sh.600603,3.5400,8569167,1,1
2004-12-08,sh.600603,3.4800,4418208,1,1
2004-12-09,sh.600603,3.3100,4995743,1,1
2004-12-10,sh.600603,3.2500,4154784,1,1
2004-12-13,sh.600603,3.0900,2757002,1,1
2004-12-14,sh.600603,3.2300,4060565,1,1
2004-12-15,sh.600603,3.2000,1700516,1,1
2004-12-16,sh.600603,3.1600,2132968,1,1
2004-12-17,sh.600603,3.0200,2047703,1,1
2004-12-20,sh.600603,2.8900,1936759,1,1
2004-12-21,sh.600603,2.9100,622215,1,1
2004-12-22,sh.600603,2.9900,1556864,1,1
2004-12-23,sh.600603,3.1200,2638522,1,1
2004-12-24,sh.600603,3.0700,1252233,1,1
2004-12-27,sh.600603,3.1200,1317499,1,1
2004-12-28,sh.600603,3.0600,1561700,1,1
2004-12-29,sh.600603,2.9100,2276700,1,1
2004-12-30,sh.600603,2.8000,2269424,1,1
2004-12-31,sh.600603,2.8100,471996,1,1
2005-01-04,sh.600603,2.8700,1213814,1,1
2005-01-05,sh.600603,3.0100,2460222,1,1
2005-01-06,sh.600603,3.0900,3105240,1,1
2005-01-07,sh.600603,3.0600,1085798,1,1
2005-01-10,sh.600603,3.0300,912252,1,1
2005-01-11,sh.600603,3.0900,1012500,1,1
2005-01-12,sh.600603,3.0900,1556598,1,1
2005-01-13,sh.600603,3.0400,739293,1,1
2005-01-14,sh.600603,2.9100,1857000,1,1
2005-01-17,sh.600603,2.8500,1492071,1,1
2005-01-18,sh.600603,2.9500,865024,1,1
2005-01-19,sh.600603,2.9000,848311,1,1
2005-01-20,sh.600603,2.8800,751074,1,1
2005-01-21,sh.600603,2.9700,1197300,1,1
2005-01-24,sh.600603,3.0600,1581874,1,1
2005-01-25,sh.600603,3.0400,816982,1,1
2005-01-26,sh.600603,2.9900,682340,1,1
2005-01-27,sh.600603,3.0700,2831805,1,1
2005-01-28,sh.600603,2.9300,1185564,1,1
2005-01-31,sh.600603,2.8600,668826,1,1
2005-02-01,sh.600603,2.7200,1363649,1,1
2005-02-02,sh.600603,2.8600,1456511,1,1
2005-02-03,sh.600603,2.9100,1555533,1,1
2005-02-04,sh.600603,2.9100,3144123,1,1
2005-02-16,sh.600603,2.9500,887428,1,1
2005-02-17,sh.600603,3.0300,3279035,1,1
2005-02-18,sh.600603,3.1800,6956458,1,1
2005-02-21,sh.600603,3.2000,3024854,1,1
2005-02-22,sh.600603,3.2000,2672958,1,1
2005-02-23,sh.600603,3.1900,2860173,1,1
2005-02-24,sh.600603,3.1700,1909354,1,1
2005-02-25,sh.600603,3.2700,3206106,1,1
2005-02-28,sh.600603,3.1600,1829652,1,1
2005-03-01,sh.600603,3.1200,1767676,1,1
2005-03-02,sh.600603,3.1100,894837,1,1
2005-03-03,sh.600603,3.1300,791695,1,1
2005-03-04,sh.600603,3.0800,1140232,1,1
2005-03-07,sh.600603,3.1000,679452,1,1
2005-03-08,sh.600603,3.1500,1456974,1,1
2005-03-09,sh.600603,3.0900,1728871,1,1
2005-03-10,sh.600603,2.9400,2573200,1,1
2005-03-11,sh.600603,2.9700,1812939,1,1
2005-03-14,sh.600603,2.8800,1614192,1,1
2005-03-15,sh.600603,2.9000,839500,1,1
2005-03-16,sh.600603,2.9000,534471,1,1
2005-03-17,sh.600603,2.7700,1641496,1,1
2005-03-18,sh.600603,2.7600,604128,1,1
2005-03-21,sh.600603,2.6400,1699271,1,1
2005-03-22,sh.600603,2.5300,1691939,1,1
2005-03-23,sh.600603,2.6100,1730815,1,1
2005-03-24,sh.600603,2.7100,1923603,1,1
2005-03-25,sh.600603,2.7300,1367427,1,1
2005-03-28,sh.600603,2.6800,743704,1,1
2005-03-29,sh.600603,2.6800,376205,1,1
2005-03-30,sh.600603,2.5500,2126532,1,1
2005-03-31,sh.600603,2.5100,707523,1,1
2005-04-01,sh.600603,2.5800,1124889,1,1
2005-04-04,sh.600603,2.5000,666974,1,1
2005-04-05,sh.600603,2.4300,1696679,1,1
2005-04-06,sh.600603,2.4400,962536,1,1
2005-04-07,sh.600603,2.4800,1312470,1,1
2005-04-08,sh.600603,2.6000,2399097,1,1
2005-04-11,sh.600603,2.5900,1665904,1,1
2005-04-12,sh.600603,2.4800,664600,1,1
2005-04-13,sh.600603,2.5200,1043882,1,1
2005-04-14,sh.600603,2.5000,926029,1,1
2005-04-15,sh.600603,2.4200,658740,1,1
2005-04-18,sh.600603,2.3100,1176500,1,1
2005-04-19,sh.600603,2.2900,642524,1,1
2005-04-20,sh.600603,2.3500,803546,1,1
2005-04-21,sh.600603,2.2300,719100,1,1
2005-04-22,sh.600603,2.1400,1430220,1,1
2005-04-25,sh.600603,2.2500,1925746,1,1
2005-04-26,sh.600603,2.3200,1144498,1,1
2005-04-27,sh.600603,2.3000,1100700,1,1
2005-04-28,sh.600603,2.3100,840275,1,1
2005-04-29,sh.600603,2.2900,961601,1,1
2005-05-09,sh.600603,2.2200,942289,1,1
2005-05-10,sh.600603,2.2800,834823,1,1
2005-05-11,sh.600603,2.2200,608620,1,1
2005-05-12,sh.600603,2.1800,458700,1,1
2005-05-13,sh.600603,2.1700,614789,1,1
2005-05-16,sh.600603,2.1600,766796,1,1
2005-05-17,sh.600603,2.1900,574040,1,1
2005-05-18,sh.600603,2.2200,707351,1,1
2005-05-19,sh.600603,2.2200,541541,1,1
2005-05-20,sh.600603,2.2400,1008200,1,1
2005-05-23,sh.600603,2.1300,961015,1,1
2005-05-24,sh.600603,2.1300,979583,1,1
2005-05-25,sh.600603,2.1100,753989,1,1
2005-05-26,sh.600603,2.0700,523601,1,1
2005-05-27,sh.600603,2.0900,1686048,1,1
2005-05-30,sh.600603,2.1100,735842,1,1
2005-05-31,sh.600603,2.1000,459587,1,1
2005-06-01,sh.600603,2.0600,543790,1,1
2005-06-02,sh.600603,2.0500,438827,1,1
2005-06-03,sh.600603,2.0000,934754,1,1
2005-06-06,sh.600603,1.9700,1313878,1,1
2005-06-07,sh.600603,2.0700,2088689,1,1
2005-06-08,sh.600603,2.1700,3088094,1,1
2005-06-09,sh.600603,2.2800,3161996,1,1
2005-06-10,sh.600603,2.2400,1142558,1,1
2005-06-13,sh.600603,2.2600,593627,1,1
2005-06-14,sh.600603,2.1900,636800,1,1
2005-06-15,sh.600603,2.1000,799620,1,1
2005-06-16,sh.600603,2.1000,477397,1,1
2005-06-17,sh.600603,2.0900,279594,1,1
2005-06-20,sh.600603,2.1200,636591,1,1
2005-06-21,sh.600603,2.0900,350542,1,1
2005-06-22,sh.600603,2.1200,517465,1,1
2005-06-23,sh.600603,2.0600,702802,1,1
2005-06-24,sh.600603,2.0700,292546,1,1
2005-06-27,sh.600603,2.1000,793849,1,1
2005-06-28,sh.600603,2.1000,0,0,1
2005-06-29,sh.600603,2.0000,982415,1,1
2005-06-30,sh.600603,1.9400,795002,1,1
2005-07-01,sh.600603,1.8700,651000,1,1
2005-07-04,sh.600603,1.7900,725793,1,1
2005-07-05,sh.600603,1.8100,445714,1,1
2005-07-06,sh.600603,1.7600,323300,1,1
2005-07-07,sh.600603,1.7400,424397,1,1
2005-07-08,sh.600603,1.6500,663392,1,1
2005-07-11,sh.600603,1.5900,1246216,1,1
2005-07-12,sh.600603,1.6700,2123436,1,1
2005-07-13,sh.600603,1.6800,1187882,1,1
2005-07-14,sh.600603,1.6800,429553,1,1
2005-07-15,sh.600603,1.6200,498500,1,1
2005-07-18,sh.600603,1.7000,814508,1,1
2005-07-19,sh.600603,1.7700,1369530,1,1
2005-07-20,sh.600603,1.8100,2552502,1,1
2005-07-21,sh.600603,1.7900,801330,1,1
2005-07-22,sh.600603,1.8400,1273661,1,1
2005-07-25,sh.600603,1.8800,1473376,1,1
2005-07-26,sh.600603,1.8800,1217756,1,1
2005-07-27,sh.600603,1.8800,1250408,1,1
2005-07-28,sh.600603,1.8200,1241881,1,1
2005-07-29,sh.600603,1.8100,564044,1,1
2005-08-01,sh.600603,1.8200,765829,1,1
2005-08-02,sh.600603,1.8500,761339,1,1
2005-08-03,sh.600603,1.9100,1885946,1,1
2005-08-04,sh.600603,1.9900,2005818,1,1
2005-08-05,sh.600603,1.9800,1879609,1,1
2005-08-08,sh.600603,1.9800,1034058,1,1
2005-08-09,sh.600603,2.0200,1203000,1,1
2005-08-10,sh.600603,2.0400,1530437,1,1
2005-08-11,sh.600603,2.0500,1594479,1,1
2005-08-12,sh.600603,2.0600,3459606,1,1
2005-08-15,sh.600603,2.0600,1426489,1,1
2005-08-16,sh.600603,2.1600,3516632,1,1
2005-08-17,sh.600603,2.1500,1975139,1,1
2005-08-18,sh.600603,2.0400,2316342,1,1
2005-08-19,sh.600603,2.0000,2486447,1,1
2005-08-22,sh.600603,2.1000,1202953,1,1
2005-08-23,sh.600603,2.2100,1234747,1,1
2005-08-24,sh.600603,2.2900,5375097,1,1
2005-08-25,sh.600603,2.3900,4221972,1,1
2005-08-26,sh.600603,2.3600,3447275,1,1
2005-08-29,sh.600603,2.2600,3684153,1,1
2005-08-30,sh.600603,2.1500,2294730,1,1
2005-08-31,sh.600603,2.1300,1718493,1,1
2005-09-01,sh.600603,2.1600,1660624,1,1
2005-09-02,sh.600603,2.1800,1470020,1,1
2005-09-05,sh.600603,2.2900,2786790,1,1
2005-09-06,sh.600603,2.2100,3213261,1,1
2005-09-07,sh.600603,2.3200,2047452,1,1
2005-09-08,sh.600603,2.2900,1710167,1,1
2005-09-09,sh.600603,2.2800,800000,1,1
2005-09-12,sh.600603,2.3400,1803527,1,1
2005-09-13,sh.600603,2.3200,2217081,1,1
2005-09-14,sh.600603,2.3200,2019348,1,1
2005-09-15,sh.600603,2.3400,1320175,1,1
2005-09-16,sh.600603,2.3700,3203056,1,1
2005-09-19,sh.600603,2.4200,1891137,1,1
2005-09-20,sh.600603,2.4200,3009160,1,1
2005-09-21,sh.600603,2.5400,2803703,1,1
2005-09-22,sh.600603,2.5800,10633303,1,1
2005-09-23,sh.600603,2.4500,476700,1,1
2005-09-26,sh.600603,2.3300,2010500,1,1
2005-09-27,sh.600603,2.2100,4161305,1,1
2005-09-28,sh.600603,2.1600,2891493,1,1
2005-09-29,sh.600603,2.2000,1486164,1,1
2005-09-30,sh.600603,2.1800,836199,1,1
2005-10-10,sh.600603,2.0700,1130693,1,1
2005-10-11,sh.600603,2.1300,1090659,1,1
2005-10-12,sh.600603,2.1600,876819,1,1
2005-10-13,sh.600603,2.1100,747830,1,1
2005-10-14,sh.600603,2.0900,497180,1,1
2005-10-17,sh.600603,2.0900,343789,1,1
2005-10-18,sh.600603,2.1700,947450,1,1
2005-10-19,sh.600603,2.1400,561517,1,1
2005-10-20,sh.600603,2.0500,924311,1,1
2005-10-21,sh.600603,2.1200,1098587,1,1
2005-10-24,sh.600603,2.1300,800475,1,1
2005-10-25,sh.600603,2.1400,748097,1,1
2005-10-26,sh.600603,2.0300,1151824,1,1
2005-10-27,sh.600603,1.9600,1949300,1,1
2005-10-28,sh.600603,1.9400,1159899,1,1
2005-10-31,sh.600603,1.9700,839656,1,1
2005-11-01,sh.600603,1.9400,549002,1,1
2005-11-02,sh.600603,2.0000,773386,1,1
2005-11-03,sh.600603,1.9900,670835,1,1
2005-11-04,sh.600603,1.9900,503442,1,1
2005-11-07,sh.600603,1.9900,617122,1,1
2005-11-08,sh.600603,2.0600,1155157,1,1
2005-11-09,sh.600603,2.0500,1040696,1,1
2005-11-10,sh.600603,1.9500,842857,1,1
2005-11-11,sh.600603,2.0000,1284758,1,1
2005-11-14,sh.600603,2.0300,1407102,1,1
2005-11-15,sh.600603,1.9800,685000,1,1
2005-11-16,sh.600603,2.0000,801706,1,1
2005-11-17,sh.600603,1.9800,620140,1,1
2005-11-18,sh.600603,2.0200,1146317,1,1
2005-11-21,sh.600603,2.0400,1293110,1,1
2005-11-22,sh.600603,1.9900,906140,1,1
2005-11-23,sh.600603,2.0200,709796,1,1
2005-11-24,sh.600603,2.0100,501380,1,1
2005-11-25,sh.600603,2.0300,1170004,1,1
2005-11-28,sh.600603,2.0400,758732,1,1
2005-11-29,sh.600603,1.9800,735700,1,1
2005-11-30,sh.600603,1.9700,750811,1,1
2005-12-01,sh.600603,1.9700,455332,1,1
2005-12-02,sh.600603,1.9400,789522,1,1
2005-12-05,sh.600603,1.9200,686410,1,1
2005-12-06,sh.600603,1.9000,229976,1,1
2005-12-07,sh.600603,1.9200,282400,1,1
2005-12-08,sh.600603,1.9200,218035,1,1
2005-12-09,sh.600603,1.9600,417699,1,1
2005-12-12,sh.600603,1.9600,277507,1,1
2005-12-13,sh.600603,1.9500,421839,1,1
2005-12-14,sh.600603,1.9700,463399,1,1
2005-12-15,sh.600603,1.9800,762140,1,1
2005-12-16,sh.600603,1.9900,360700,1,1
2005-12-19,sh.600603,1.9900,500139,1,1
2005-12-20,sh.600603,1.9900,368574,1,1
2005-12-21,sh.600603,1.9700,407080,1,1
2005-12-22,sh.600603,2.0200,1376677,1,1
2005-12-23,sh.600603,2.0500,903941,1,1
2005-12-26,sh.600603,2.0600,626726,1,1
2005-12-27,sh.600603,2.1000,1393521,1,1
2005-12-28,sh.600603,2.1200,1527188,1,1
2005-12-29,sh.600603,2.1200,776127,1,1
2005-12-30,sh.600603,2.0400,1107442,1,1
2006-01-04,sh.600603,2.0700,609200,1,1
2006-01-05,sh.600603,2.1000,832810,1,1
2006-01-06,sh.600603,2.1200,999177,1,1
2006-01-09,sh.600603,2.1600,1095586,1,1
2006-01-10,sh.600603,2.1800,1128471,1,1
2006-01-11,sh.600603,2.1700,901600,1,1
2006-01-12,sh.600603,2.1900,941122,1,1
2006-01-13,sh.600603,2.2400,1860874,1,1
2006-01-16,sh.600603,2.1900,905900,1,1
2006-01-17,sh.600603,2.2200,765044,1,1
2006-01-18,sh.600603,2.2600,876199,1,1
2006-01-19,sh.600603,2.2500,1049860,1,1
2006-01-20,sh.600603,2.2400,823504,1,1
2006-01-23,sh.600603,2.2200,1139498,1,1
2006-01-24,sh.600603,2.1400,665900,1,1
2006-01-25,sh.600603,2.1500,689919,1,1
2006-02-06,sh.600603,2.2100,597736,1,1
2006-02-07,sh.600603,2.2400,972306,1,1
2006-02-08,sh.600603,2.2700,1057451,1,1
2006-02-09,sh.600603,2.3100,2099304,1,1
2006-02-10,sh.600603,2.3200,872098,1,1
2006-02-13,sh.600603,2.3000,602414,1,1
2006-02-14,sh.600603,2.2700,482134,1,1
2006-02-15,sh.600603,2.2800,660104,1,1
2006-02-16,sh.600603,2.2000,1005300,1,1
2006-02-17,sh.600603,2.1600,819093,1,1
2006-02-20,sh.600603,2.2400,1321097,1,1
2006-02-21,sh.600603,2.2600,572883,1,1
2006-02-22,sh.600603,2.2600,763974,1,1
2006-02-23,sh.600603,2.2900,1655049,1,1
2006-02-24,sh.600603,2.2900,689662,1,1
2006-02-27,sh.600603,2.2700,752662,1,1
2006-02-28,sh.600603,2.2800,579439,1,1
2006-03-01,sh.600603,2.2800,648991,1,1
2006-03-02,sh.600603,2.2100,827905,1,1
2006-03-03,sh.600603,2.2400,621521,1,1
2006-03-06,sh.600603,2.2300,595232,1,1
2006-03-07,sh.600603,2.2100,712881,1,1
2006-03-08,sh.600603,2.1700,386383,1,1
2006-03-09,sh.600603,2.1600,376915,1,1
2006-03-10,sh.600603,2.1600,276064,1,1
2006-03-13,sh.600603,2.1500,547783,1,1
2006-03-14,sh.600603,2.1400,229689,1,1
2006-03-15,sh.600603,2.1500,407863,1,1
2006-03-16,sh.600603,2.1300,908980,1,1
2006-03-17,sh.600603,2.0700,1398003,1,1
2006-03-20,sh.600603,2.1400,1795588,1,1
2006-03-21,sh.600603,2.1300,916699,1,1
2006-03-22,sh.600603,2.1500,1168380,1,1
2006-03-23,sh.600603,2.1500,822148,1,1
2006-03-24,sh.600603,2.1200,750817,1,1
2006-03-27,sh.600603,2.1100,906659,1,1
2006-03-28,sh.600603,2.1400,1384589,1,1
2006-03-29,sh.600603,2.1800,1709834,1,1
2006-03-30,sh.600603,2.1400,792873,1,1
2006-03-31,sh.600603,2.1200,813746,1,1
2006-04-03,sh.600603,2.1200,1201608,1,1
2006-04-04,sh.600603,2.1100,957762,1,1
2006-04-05,sh.600603,2.1300,1176910,1,1
2006-04-06,sh.600603,2.1900,2880494,1,1
2006-04-07,sh.600603,2.1500,1796966,1,1
2006-04-10,sh.600603,2.2500,2721643,1,1
2006-04-11,sh.600603,2.2800,2053529,1,1
2006-04-12,sh.600603,2.2600,1412369,1,1
2006-04-13,sh.600603,2.1900,1511907,1,1
2006-04-14,sh.600603,2.2300,1028913,1,1
2006-04-17,sh.600603,2.1600,2100299,1,1
2006-04-18,sh.600603,2.2200,2212788,1,1
2006-04-19,sh.600603,2.1300,2714168,1,1
2006-04-20,sh.600603,2.0200,3158255,1,1
2006-04-21,sh.600603,1.9800,2916382,1,1
2006-04-24,sh.600603,1.8900,1748100,1,1
2006-04-25,sh.600603,1.9400,1933371,1,1
2006-04-26,sh.600603,1.9500,1688535,1,1
2006-04-27,sh.600603,1.9200,680450,1,1
2006-04-28,sh.600603,1.9800,1889229,1,1
2006-05-08,sh.600603,2.0500,1653545,1,1
2006-05-09,sh.600603,2.0700,1652199,1,1
2006-05-10,sh.600603,2.0500,2610269,1,1
2006-05-11,sh.600603,2.0500,2966452,1,1
2006-05-12,sh.600603,2.0500,2325163,1,1
2006-05-15,sh.600603,2.1300,3655577,1,1
2006-05-16,sh.600603,2.1600,2652154,1,1
2006-05-17,sh.600603,2.1300,1971153,1,1
2006-05-18,sh.600603,2.1300,1973486,1,1
2006-05-19,sh.600603,2.1500,2000053,1,1
2006-05-22,sh.600603,2.2500,4087134,1,1
2006-05-23,sh.600603,2.1800,2886039,1,1
2006-05-24,sh.600603,2.1400,2115399,1,1
2006-05-25,sh.600603,2.2500,3747477,1,1
2006-05-26,sh.600603,2.3600,3001247,1,1
2006-05-29,sh.600603,2.4700,6157979,1,1
2006-05-30,sh.600603,2.4300,2533363,1,1
2006-05-31,sh.600603,2.3800,2120868,1,1
2006-06-01,sh.600603,2.5000,1020673,1,1
2006-06-02,sh.600603,2.6300,4270418,1,1
2006-06-05,sh.600603,2.6500,3482536,1,1
2006-06-06,sh.600603,2.7800,2988950,1,1
2006-06-07,sh.600603,2.6400,3489613,1,1
2006-06-08,sh.600603,2.5100,1257400,1,1
2006-06-09,sh.600603,2.3800,3549570,1,1
2006-06-12,sh.600603,2.3700,1240209,1,1
2006-06-13,sh.600603,2.3600,1329020,1,1
2006-06-14,sh.600603,2.4800,1657310,1,1
2006-06-15,sh.600603,2.5300,2587581,1,1
2006-06-16,sh.600603,2.6000,2711103,1,1
2006-06-19,sh.600603,2.6000,1998115,1,1
2006-06-20,sh.600603,2.5900,1175835,1,1
2006-06-21,sh.600603,2.5100,1913603,1,1
2006-06-22,sh.600603,2.4200,3232270,1,1
2006-06-23,sh.600603,2.4100,834720,1,1
2006-06-26,sh.600603,2.4400,1214552,1,1
2006-06-27,sh.600603,2.4400,1156861,1,1
2006-06-28,sh.600603,2.4500,941084,1,1
2006-06-29,sh.600603,2.4900,1848419,1,1
2006-06-30,sh.600603,2.4900,0,0,1
2006-07-03,sh.600603,2.4900,0,0,1
2006-07-04,sh.600603,2.4300,1885416,1,1
2006-07-05,sh.600603,2.3600,1753327,1,1
2006-07-06,sh.600603,2.4400,2716164,1,1
2006-07-07,sh.600603,2.3700,1339071,1,1
2006-07-10,sh.600603,2.3800,1682569,1,1
2006-07-11,sh.600603,2.4000,2799653,1,1
2006-07-12,sh.600603,2.3500,2252872,1,1
2006-07-13,sh.600603,2.2300,2909099,1,1
2006-07-14,sh.600603,2.1600,2364087,1,1
2006-07-17,sh.600603,2.2100,2018806,1,1
2006-07-18,sh.600603,2.1900,1791934,1,1
2006-07-19,sh.600603,2.1600,1777144,1,1
2006-07-20,sh.600603,2.2000,1802217,1,1
2006-07-21,sh.600603,2.2300,1928594,1,1
2006-07-24,sh.600603,2.1900,1804887,1,1
2006-07-25,sh.600603,2.3000,3560566,1,1
2006-07-26,sh.600603,2.4200,7480890,1,1
2006-07-27,sh.600603,2.5400,15303726,1,1
2006-07-28,sh.600603,2.5200,6918219,1,1
2006-07-31,sh.600603,2.3900,3447420,1,1
2006-08-01,sh.600603,2.3000,3292208,1,1
2006-08-02,sh.600603,2.3200,2326047,1,1
2006-08-03,sh.600603,2.3000,1388058,1,1
2006-08-04,sh.600603,2.1900,2921276,1,1
2006-08-07,sh.600603,2.0800,2381428,1,1
2006-08-08,sh.600603,2.1300,1570269,1,1
2006-08-09,sh.600603,2.2400,2021577,1,1
2006-08-10,sh.600603,2.2900,2597649,1,1
2006-08-11,sh.600603,2.2400,1431630,1,1
2006-08-14,sh.600603,2.1700,1440493,1,1
2006-08-15,sh.600603,2.2800,3117376,1,1
2006-08-16,sh.600603,2.2900,2667710,1,1
2006-08-17,sh.600603,2.2700,1558017,1,1
2006-08-18,sh.600603,2.2700,1513364,1,1
2006-08-21,sh.600603,2.2400,1692204,1,1
2006-08-22,sh.600603,2.3100,2648027,1,1
2006-08-23,sh.600603,2.2800,1737940,1,1
2006-08-24,sh.600603,2.3000,2162559,1,1
2006-08-25,sh.600603,2.3700,5378538,1,1
2006-08-28,sh.600603,2.4200,3846535,1,1
2006-08-29,sh.600603,2.4700,8728185,1,1
2006-08-30,sh.600603,2.4400,4509067,1,1
2006-08-31,sh.600603,2.4700,2968675,1,1
2006-09-01,sh.600603,2.3700,4122550,1,1
2006-09-04,sh.600603,2.4500,3460552,1,1
2006-09-05,sh.600603,2.4300,2414784,1,1
2006-09-06,sh.600603,2.4200,2083220,1,1
2006-09-07,sh.600603,2.3800,1890830,1,1
2006-09-08,sh.600603,2.3900,1654481,1,1
2006-09-11,sh.600603,2.4400,2370025,1,1
2006-09-12,sh.600603,2.5600,5590923,1,1
2006-09-13,sh.600603,2.5400,12145882,1,1
2006-09-14,sh.600603,2.5600,4634427,1,1
2006-09-15,sh.600603,2.5400,3231677,1,1
2006-09-18,sh.600603,2.6300,4978271,1,1
2006-09-19,sh.600603,2.7100,6595912,1,1
2006-09-20,sh.600603,2.6900,4379547,1,1
2006-09-21,sh.600603,2.7000,3126031,1,1
2006-09-22,sh.600603,2.5700,5133686,1,1
2006-09-25,sh.600603,2.5800,3424960,1,1
2006-09-26,sh.600603,2.5900,2385003,1,1
2006-09-27,sh.600603,2.6300,2705970,1,1
2006-09-28,sh.600603,2.6200,1894440,1,1
2006-09-29,sh.600603,2.6600,2489070,1,1
2006-10-09,sh.600603,2.6900,2639612,1,1
2006-10-10,sh.600603,2.6100,3357139,1,1
2006-10-11,sh.600603,2.6300,2679109,1,1
2006-10-12,sh.600603,2.5600,2240700,1,1
2006-10-13,sh.600603,2.6900,6942510,1,1
2006-10-16,sh.600603,2.7200,5250587,1,1
2006-10-17,sh.600603,2.7100,4840027,1,1
2006-10-18,sh.600603,2.7200,2385020,1,1
2006-10-19,sh.600603,2.7100,3050362,1,1
2006-10-20,sh.600603,2.6600,2515517,1,1
2006-10-23,sh.600603,2.5300,4150115,1,1
2006-10-24,sh.600603,2.5800,2289661,1,1
2006-10-25,sh.600603,2.5500,2339463,1,1
2006-10-26,sh.600603,2.5600,1925249,1,1
2006-10-27,sh.600603,2.4600,2305020,1,1
2006-10-30,sh.600603,2.4500,1656573,1,1
2006-10-31,sh.600603,2.5200,1311278,1,1
2006-11-01,sh.600603,2.5200,955353,1,1
2006-11-02,sh.600603,2.4800,1822961,1,1
2006-11-03,sh.600603,2.4900,1028960,1,1
2006-11-06,sh.600603,2.4200,1744840,1,1
2006-11-07,sh.600603,2.3500,1968805,1,1
2006-11-08,sh.600603,2.4700,2284892,1,1
2006-11-09,sh.600603,2.4500,1122802,1,1
2006-11-10,sh.600603,2.4100,1616918,1,1
2006-11-13,sh.600603,2.3200,1557796,1,1
2006-11-14,sh.600603,2.3400,885620,1,1
2006-11-15,sh.600603,2.3700,860738,1,1
2006-11-16,sh.600603,2.3300,1462440,1,1
2006-11-17,sh.600603,2.4000,1723489,1,1
2006-11-20,sh.600603,2.4400,1995538,1,1
2006-11-21,sh.600603,2.3700,1779838,1,1
2006-11-22,sh.600603,2.3600,1577803,1,1
2006-11-23,sh.600603,2.4100,2166314,1,1
2006-11-24,sh.600603,2.4700,3893294,1,1
2006-11-27,sh.600603,2.4700,2015833,1,1
2006-11-28,sh.600603,2.5400,4874174,1,1
2006-11-29,sh.600603,2.5400,2871802,1,1
2006-11-30,sh.600603,2.5600,3813194,1,1
2006-12-01,sh.600603,2.5100,3359664,1,1
2006-12-04,sh.600603,2.5100,2944900,1,1
2006-12-05,sh.600603,2.5500,4672103,1,1
2006-12-06,sh.600603,2.5000,3365084,1,1
2006-12-07,sh.600603,2.4500,3075291,1,1
2006-12-08,sh.600603,2.3400,3782635,1,1
2006-12-11,sh.600603,2.3700,2038268,1,1
2006-12-12,sh.600603,2.4000,2312992,1,1
2006-12-13,sh.600603,2.3700,2260734,1,1
2006-12-14,sh.600603,2.3700,2156274,1,1
2006-12-15,sh.600603,2.3800,2255700,1,1
2006-12-18,sh.600603,2.3700,2575687,1,1
2006-12-19,sh.600603,2.3800,3317130,1,1
2006-12-20,sh.600603,2.4700,5560876,1,1
2006-12-21,sh.600603,2.4800,4618264,1,1
2006-12-22,sh.600603,2.4300,2987944,1,1
2006-12-25,sh.600603,2.4400,3031782,1,1
2006-12-26,sh.600603,2.3900,2657262,1,1
2006-12-27,sh.600603,2.3900,3015825,1,1
2006-12-28,sh.600603,2.2700,4856010,1,1
2006-12-29,sh.600603,2.2900,3690726,1,1
2007-01-04,sh.600603,2.3200,4906486,1,1
2007-01-05,sh.600603,2.3500,2998263,1,1
2007-01-08,sh.600603,2.4000,4177280,1,1
2007-01-09,sh.600603,2.5100,6072396,1,1
2007-01-10,sh.600603,2.5000,4174074,1,1
2007-01-11,sh.600603,2.5500,7670797,1,1
2007-01-12,sh.600603,2.4700,6070899,1,1
2007-01-15,sh.600603,2.5400,4131969,1,1
2007-01-16,sh.600603,2.5300,5168212,1,1
2007-01-17,sh.600603,2.5000,5596157,1,1
2007-01-18,sh.600603,2.5300,5295711,1,1
2007-01-19,sh.600603,2.6400,11780202,1,1
2007-01-22,sh.600603,2.7700,12652104,1,1
2007-01-23,sh.600603,2.9100,12096845,1,1
2007-01-24,sh.600603,2.9200,11566106,1,1
2007-01-25,sh.600603,2.7800,9150383,1,1
2007-01-26,sh.600603,2.7700,6293614,1,1
2007-01-29,sh.600603,2.8400,7334235,1,1
2007-01-30,sh.600603,2.9800,9224227,1,1
2007-01-31,sh.600603,2.9500,16433184,1,1
2007-02-01,sh.600603,2.8700,7412625,1,1
2007-02-02,sh.600603,2.7300,6597989,1,1
2007-02-05,sh.600603,2.7700,3830904,1,1
2007-02-06,sh.600603,2.9100,4655426,1,1
2007-02-07,sh.600603,2.9800,7372248,1,1
2007-02-08,sh.600603,3.0500,6550230,1,1
2007-02-09,sh.600603,3.1000,6193605,1,1
2007-02-12,sh.600603,3.2600,4362780,1,1
2007-02-13,sh.600603,3.4200,2273775,1,1
2007-02-14,sh.600603,3.5900,1410831,1,1
2007-02-15,sh.600603,3.7700,532562,1,1
2007-02-16,sh.600603,3.9600,603271,1,1
2007-02-26,sh.600603,4.0900,18776025,1,1
2007-02-27,sh.600603,3.8900,13630306,1,1
2007-02-28,sh.600603,4.0800,8521596,1,1
2007-03-01,sh.600603,4.0500,7781612,1,1
2007-03-02,sh.600603,4.0700,4975815,1,1
2007-03-05,sh.600603,4.0100,7610164,1,1
2007-03-06,sh.600603,3.9300,4116486,1,1
2007-03-07,sh.600603,3.9500,5773970,1,1
2007-03-08,sh.600603,4.1500,4539812,1,1
2007-03-09,sh.600603,4.3600,6667216,1,1
2007-03-12,sh.600603,4.5800,1764250,1,1
2007-03-13,sh.600603,4.8100,379895,1,1
2007-03-14,sh.600603,5.0500,21848364,1,1
2007-03-15,sh.600603,5.3000,9041579,1,1
2007-03-16,sh.600603,5.0400,14854506,1,1
2007-03-19,sh.600603,5.0000,8237613,1,1
2007-03-20,sh.600603,5.1300,5820525,1,1
2007-03-21,sh.600603,5.2700,6709885,1,1
2007-03-22,sh.600603,5.4500,9928060,1,1
2007-03-23,sh.600603,5.7200,11415352,1,1
2007-03-26,sh.600603,5.7100,13156298,1,1
2007-03-27,sh.600603,5.8200,11060254,1,1
2007-03-28,sh.600603,5.8200,0,0,1
2007-03-29,sh.600603,5.5300,5784158,1,1
2007-03-30,sh.600603,5.2600,9497577,1,1
2007-04-02,sh.600603,5.3500,4358947,1,1
2007-04-03,sh.600603,5.3400,4045111,1,1
2007-04-04,sh.600603,5.5000,6231867,1,1
2007-04-05,sh.600603,5.5500,4581856,1,1
2007-04-06,sh.600603,5.5100,4758752,1,1
2007-04-09,sh.600603,5.6800,8019409,1,1
2007-04-10,sh.600603,5.6100,6621123,1,1
2007-04-11,sh.600603,5.5300,5175515,1,1
2007-04-12,sh.600603,5.6300,6817815,1,1
2007-04-13,sh.600603,5.9100,10492294,1,1
2007-04-16,sh.600603,6.2100,5392828,1,1
2007-04-17,sh.600603,6.5200,6473688,1,1
2007-04-18,sh.600603,6.8500,1165093,1,1
2007-04-19,sh.600603,6.7600,19250479,1,1
2007-04-20,sh.600603,7.1000,9731069,1,1
2007-04-23,sh.600603,7.1500,10524365,1,1
2007-04-24,sh.600603,6.9100,9878739,1,1
2007-04-25,sh.600603,6.6900,8296326,1,1
2007-04-26,sh.600603,7.0200,6750968,1,1
2007-04-27,sh.600603,7.0700,9214319,1,1
2007-04-30,sh.600603,6.9400,8999117,1,1
2007-05-08,sh.600603,7.2900,12512436,1,1
2007-05-09,sh.600603,7.6500,13845807,1,1
2007-05-10,sh.600603,8.0300,6985142,1,1
2007-05-11,sh.600603,8.4300,7010437,1,1
2007-05-14,sh.600603,8.8500,3053558,1,1
2007-05-15,sh.600603,9.2900,2363281,1,1
2007-05-16,sh.600603,9.3000,20562895,1,1
2007-05-17,sh.600603,9.6600,21344569,1,1
2007-05-18,sh.600603,9.6700,12333609,1,1
2007-05-21,sh.600603,10.1500,12936921,1,1
2007-05-22,sh.600603,10.6600,3667402,1,1
2007-05-23,sh.600603,11.1900,15387818,1,1
2007-05-24,sh.600603,10.9200,17798018,1,1
2007-05-25,sh.600603,11.0900,15143554,1,1
2007-05-28,sh.600603,10.8600,13643801,1,1
2007-05-29,sh.600603,10.5400,15195125,1,1
2007-05-30,sh.600603,10.0100,6925764,1,1
2007-05-31,sh.600603,9.5100,1369300,1,1
2007-06-01,sh.600603,9.0300,685200,1,1
2007-06-04,sh.600603,8.5800,277200,1,1
2007-06-05,sh.600603,8.1500,312800,1,1
2007-06-06,sh.600603,7.7400,20426759,1,1
2007-06-07,sh.600603,7.4500,20246217,1,1
2007-06-08,sh.600603,7.8200,15467683,1,1
2007-06-11,sh.600603,7.4500,14384136,1,1
2007-06-12,sh.600603,7.0800,11831125,1,1
2007-06-13,sh.600603,7.4300,12412705,1,1
2007-06-14,sh.600603,7.4200,10428107,1,1
2007-06-15,sh.600603,7.1400,8213467,1,1
2007-06-18,sh.600603,7.5000,9318104,1,1
2007-06-19,sh.600603,7.8800,13966270,1,1
2007-06-20,sh.600603,7.4900,10675822,1,1
2007-06-21,sh.600603,7.3300,6209140,1,1
2007-06-22,sh.600603,7.7000,12428206,1,1
2007-06-25,sh.600603,7.6900,13783016,1,1
2007-06-26,sh.600603,7.4000,6277587,1,1
2007-06-27,sh.600603,7.4000,0,0,1
2007-06-28,sh.600603,7.0300,6966600,1,1
2007-06-29,sh.600603,6.6800,490800,1,1
2007-07-02,sh.600603,6.3500,1209800,1,1
2007-07-03,sh.600603,6.5100,9474911,1,1
2007-07-04,sh.600603,6.1800,4876766,1,1
2007-07-05,sh.600603,5.8700,7248439,1,1
2007-07-06,sh.600603,5.8700,6785478,1,1
2007-07-09,sh.600603,6.1600,3804021,1,1
2007-07-10,sh.600603,6.4700,3357394,1,1
2007-07-11,sh.600603,6.7900,1001658,1,1
2007-07-12,sh.600603,6.9200,10588444,1,1
2007-07-13,sh.600603,6.5700,9501692,1,1
2007-07-16,sh.600603,6.2400,2141200,1,1
2007-07-17,sh.600603,6.2300,3526371,1,1
2007-07-18,sh.600603,6.2100,2060061,1,1
2007-07-19,sh.600603,6.3600,2303385,1,1
2007-07-20,sh.600603,6.6800,6078627,1,1
2007-07-23,sh.600603,6.9400,6080201,1,1
2007-07-24,sh.600603,6.7000,5942726,1,1
2007-07-25,sh.600603,6.8400,3988487,1,1
2007-07-26,sh.600603,6.9400,5412366,1,1
2007-07-27,sh.600603,7.1300,5941166,1,1
2007-07-30,sh.600603,7.4900,2816209,1,1
2007-07-31,sh.600603,7.4600,10807685,1,1
2007-08-01,sh.600603,7.2200,8176332,1,1
2007-08-02,sh.600603,7.5800,10213764,1,1
2007-08-03,sh.600603,7.6200,8006835,1,1
2007-08-06,sh.600603,7.5900,6196397,1,1
2007-08-07,sh.600603,7.9700,10437391,1,1
2007-08-08,sh.600603,8.0800,11853973,1,1
2007-08-09,sh.600603,8.0800,5252424,1,1
2007-08-10,sh.600603,7.6900,6640160,1,1
2007-08-13,sh.600603,8.0700,9531534,1,1
2007-08-14,sh.600603,8.4700,10106572,1,1
2007-08-15,sh.600603,8.5300,11515571,1,1
2007-08-16,sh.600603,8.2700,6291423,1,1
2007-08-17,sh.600603,7.8600,11995566,1,1
2007-08-20,sh.600603,7.7800,9536100,1,1
2007-08-21,sh.600603,7.9300,5973419,1,1
2007-08-22,sh.600603,7.9400,6711365,1,1
2007-08-23,sh.600603,8.2400,8803889,1,1
2007-08-24,sh.600603,8.0700,7913645,1,1
2007-08-27,sh.600603,7.7100,7699654,1,1
2007-08-28,sh.600603,7.4200,5422566,1,1
2007-08-29,sh.600603,7.7900,9269795,1,1
2007-08-30,sh.600603,8.0300,9394011,1,1
2007-08-31,sh.600603,7.9700,6003337,1,1
2007-09-03,sh.600603,8.1200,9780054,1,1
2007-09-04,sh.600603,8.2600,10661587,1,1
2007-09-05,sh.600603,8.2000,6278168,1,1
2007-09-06,sh.600603,8.6100,17655395,1,1
2007-09-07,sh.600603,8.1800,9802857,1,1
2007-09-10,sh.600603,8.0100,7033333,1,1
2007-09-11,sh.600603,7.6100,7765203,1,1
2007-09-12,sh.600603,7.3800,4728502,1,1
2007-09-13,sh.600603,7.6100,2908100,1,1
2007-09-14,sh.600603,7.6500,3201824,1,1
2007-09-17,sh.600603,7.8800,4955419,1,1
2007-09-18,sh.600603,7.6000,5856919,1,1
2007-09-19,sh.600603,7.4900,4764693,1,1
2007-09-20,sh.600603,7.6700,4217461,1,1
2007-09-21,sh.600603,7.6500,4451839,1,1
2007-09-24,sh.600603,7.7700,4792651,1,1
2007-09-25,sh.600603,7.5500,3442932,1,1
2007-09-26,sh.600603,7.9300,8265533,1,1
2007-09-27,sh.600603,8.2100,11775787,1,1
2007-09-28,sh.600603,8.2900,8612583,1,1
2007-10-08,sh.600603,8.7000,5528246,1,1
2007-10-09,sh.600603,9.1400,5808540,1,1
2007-10-10,sh.600603,9.6000,4083590,1,1
2007-10-11,sh.600603,9.1200,13397769,1,1
2007-10-12,sh.600603,8.9000,13122579,1,1
2007-10-15,sh.600603,8.9400,8637126,1,1
2007-10-16,sh.600603,8.7400,6006272,1,1
2007-10-17,sh.600603,8.9300,4803610,1,1
2007-10-18,sh.600603,9.0200,7285679,1,1
2007-10-19,sh.600603,9.4700,10282510,1,1
2007-10-22,sh.600603,9.9400,6914549,1,1
2007-10-23,sh.600603,9.4400,16930155,1,1
2007-10-24,sh.600603,8.9900,8756521,1,1
2007-10-25,sh.600603,8.5400,3982536,1,1
2007-10-26,sh.600603,8.1100,6921757,1,1
2007-10-29,sh.600603,8.2900,4827997,1,1
2007-10-30,sh.600603,8.2500,2752964,1,1
2007-10-31,sh.600603,8.6600,5107419,1,1
2007-11-01,sh.600603,8.3100,3132344,1,1
2007-11-02,sh.600603,8.0400,2914574,1,1
2007-11-05,sh.600603,7.9800,2010245,1,1
2007-11-06,sh.600603,8.1800,1940939,1,1
2007-11-07,sh.600603,8.1100,1643449,1,1
2007-11-08,sh.600603,7.8300,2279886,1,1
2007-11-09,sh.600603,7.6100,2632285,1,1
2007-11-12,sh.600603,7.2300,4580814,1,1
2007-11-13,sh.600603,7.3800,3105084,1,1
2007-11-14,sh.600603,7.6400,1797121,1,1
2007-11-15,sh.600603,7.6700,2063824,1,1
2007-11-16,sh.600603,7.5700,1160967,1,1
2007-11-19,sh.600603,7.7200,1616247,1,1
2007-11-20,sh.600603,7.8100,1958339,1,1
2007-11-21,sh.600603,7.7100,1645355,1,1
2007-11-22,sh.600603,7.4900,2205540,1,1
2007-11-23,sh.600603,7.7000,1064762,1,1
2007-11-26,sh.600603,7.4900,1377640,1,1
2007-11-27,sh.600603,7.3400,1194371,1,1
2007-11-28,sh.600603,7.5000,1768183,1,1
2007-11-29,sh.600603,7.6000,1157997,1,1
2007-11-30,sh.600603,7.5000,2219065,1,1
2007-12-03,sh.600603,7.8800,4199633,1,1
2007-12-04,sh.600603,7.8000,1939944,1,1
2007-12-05,sh.600603,7.8600,1756747,1,1
2007-12-06,sh.600603,7.8100,1179900,1,1
2007-12-07,sh.600603,8.2000,3059135,1,1
2007-12-10,sh.600603,8.6100,5502633,1,1
2007-12-11,sh.600603,8.4800,2555794,1,1
2007-12-12,sh.600603,8.5100,1883999,1,1
2007-12-13,sh.600603,8.2300,3149277,1,1
2007-12-14,sh.600603,8.2300,2392246,1,1
2007-12-17,sh.600603,8.0200,2683938,1,1
2007-12-18,sh.600603,8.1300,1387874,1,1
2007-12-19,sh.600603,8.2100,2186848,1,1
2007-12-20,sh.600603,8.2600,3558605,1,1
2007-12-21,sh.600603,8.4200,3493599,1,1
2007-12-24,sh.600603,8.4800,3567062,1,1
2007-12-25,sh.600603,8.4400,3482488,1,1
2007-12-26,sh.600603,8.5900,4226589,1,1
2007-12-27,sh.600603,8.7000,5596393,1,1
2007-12-28,sh.600603,8.5400,5050827,1,1
2008-01-02,sh.600603,8.9700,8076861,1,1
2008-01-03,sh.600603,9.4200,7637461,1,1
2008-01-04,sh.600603,9.3100,8746730,1,1
2008-01-07,sh.600603,9.5400,7143784,1,1
2008-01-08,sh.600603,9.1200,7769588,1,1
2008-01-09,sh.600603,9.5800,4676700,1,1
2008-01-10,sh.600603,10.0600,14316757,1,1
2008-01-11,sh.600603,10.5500,12849648,1,1
2008-01-14,sh.600603,11.0800,9981127,1,1
2008-01-15,sh.600603,11.6300,13950878,1,1
2008-01-16,sh.600603,11.1500,20285287,1,1
2008-01-17,sh.600603,10.7900,12390878,1,1
2008-01-18,sh.600603,10.5100,7604716,1,1
2008-01-21,sh.600603,10.5800,7206482,1,1
2008-01-22,sh.600603,10.0500,4366786,1,1
2008-01-23,sh.600603,9.9500,8686563,1,1
2008-01-24,sh.600603,10.2100,7074781,1,1
2008-01-25,sh.600603,9.9500,4996903,1,1
2008-01-28,sh.600603,9.4500,2540251,1,1
2008-01-29,sh.600603,9.3900,5213645,1,1
2008-01-30,sh.600603,9.1200,3222959,1,1
2008-01-31,sh.600603,9.1000,2480341,1,1
2008-02-01,sh.600603,8.6500,4135296,1,1
2008-02-04,sh.600603,9.0800,3232704,1,1
2008-02-05,sh.600603,9.3300,2842105,1,1
2008-02-13,sh.600603,9.1400,1547745,1,1
2008-02-14,sh.600603,9.6000,3596335,1,1
2008-02-15,sh.600603,9.3700,3516881,1,1
2008-02-18,sh.600603,9.5200,3389391,1,1
2008-02-19,sh.600603,9.5500,3350751,1,1
2008-02-20,sh.600603,9.3500,3090544,1,1
2008-02-21,sh.600603,9.2500,2870580,1,1
2008-02-22,sh.600603,9.0500,2646651,1,1
2008-02-25,sh.600603,8.7900,2609914,1,1
2008-02-26,sh.600603,9.0000,1980185,1,1
2008-02-27,sh.600603,9.4500,3337040,1,1
2008-02-28,sh.600603,9.3700,2126659,1,1
2008-02-29,sh.600603,9.5800,2874860,1,1
2008-03-03,sh.600603,9.7800,3739361,1,1
2008-03-04,sh.600603,9.6000,3330195,1,1
2008-03-05,sh.600603,9.4400,2966130,1,1
2008-03-06,sh.600603,9.7000,3155692,1,1
2008-03-07,sh.600603,10.1900,9821141,1,1
2008-03-10,sh.600603,9.7600,9778184,1,1
2008-03-11,sh.600603,9.9200,3870813,1,1
2008-03-12,sh.600603,10.4000,10443620,1,1
2008-03-13,sh.600603,10.1000,8369380,1,1
2008-03-14,sh.600603,9.6300,3963782,1,1
2008-03-17,sh.600603,9.1500,4690825,1,1
2008-03-18,sh.600603,8.6900,4241549,1,1
2008-03-19,sh.600603,8.4800,3906743,1,1
2008-03-20,sh.600603,8.6100,3873302,1,1
2008-03-21,sh.600603,8.6800,1889116,1,1
2008-03-24,sh.600603,8.8300,2570473,1,1
2008-03-25,sh.600603,9.2300,5494676,1,1
2008-03-26,sh.600603,9.0700,2317371,1,1
2008-03-27,sh.600603,8.6200,2378989,1,1
2008-03-28,sh.600603,8.7700,2174612,1,1
2008-03-31,sh.600603,8.3300,2263226,1,1
2008-04-01,sh.600603,7.9100,1593250,1,1
2008-04-02,sh.600603,7.5100,2755191,1,1
2008-04-03,sh.600603,7.1500,3276124,1,1
2008-04-07,sh.600603,7.5100,2192481,1,1
2008-04-08,sh.600603,7.6600,1984145,1,1
2008-04-09,sh.600603,7.2800,2388812,1,1
2008-04-10,sh.600603,7.2300,1669843,1,1
2008-04-11,sh.600603,7.4200,1643346,1,1
2008-04-14,sh.600603,7.0500,2260945,1,1
2008-04-15,sh.600603,6.9500,1903681,1,1
2008-04-16,sh.600603,6.6700,959711,1,1
2008-04-17,sh.600603,6.3400,1810555,1,1
2008-04-18,sh.600603,6.0200,2417710,1,1
2008-04-21,sh.600603,5.7200,3546116,1,1
2008-04-22,sh.600603,5.5100,2964603,1,1
2008-04-23,sh.600603,5.7900,2269764,1,1
2008-04-24,sh.600603,6.0800,3575106,1,1
2008-04-25,sh.600603,6.3800,4200937,1,1
2008-04-28,sh.600603,6.3900,2214049,1,1
2008-04-29,sh.600603,6.5600,3189540,1,1
2008-04-30,sh.600603,6.6800,3408185,1,1
2008-05-05,sh.600603,6.7000,3798679,1,1
2008-05-06,sh.600603,6.5700,2286551,1,1
2008-05-07,sh.600603,6.2500,2604086,1,1
2008-05-08,sh.600603,6.2200,3473026,1,1
2008-05-09,sh.600603,6.3700,3642278,1,1
2008-05-12,sh.600603,6.3300,1995331,1,1
2008-05-13,sh.600603,6.2500,2283843,1,1
2008-05-14,sh.600603,6.4400,2109270,1,1
2008-05-15,sh.600603,6.7600,5683937,1,1
2008-05-16,sh.600603,6.5900,3010816,1,1
2008-05-19,sh.600603,6.7800,4017250,1,1
2008-05-20,sh.600603,6.4800,4416997,1,1
2008-05-21,sh.600603,6.8000,4335667,1,1
2008-05-22,sh.600603,7.1400,6981262,1,1
2008-05-23,sh.600603,7.1500,4764204,1,1
2008-05-26,sh.600603,6.9800,3531545,1,1
2008-05-27,sh.600603,6.8800,1741479,1,1
2008-05-28,sh.600603,7.2100,1964444,1,1
2008-05-29,sh.600603,7.4800,4729124,1,1
2008-05-30,sh.600603,7.8500,6252473,1,1
2008-06-02,sh.600603,8.1600,6037387,1,1
2008-06-03,sh.600603,8.1600,0,0,1
2008-06-04,sh.600603,8.1600,0,0,1
2008-06-05,sh.600603,8.1600,0,0,1
2008-06-06,sh.600603,8.1600,0,0,1
2008-06-10,sh.600603,8.1600,0,0,1
2008-06-11,sh.600603,8.1600,0,0,1
2008-06-12,sh.600603,8.1600,0,0,1
2008-06-13,sh.600603,8.1600,0,0,1
2008-06-16,sh.600603,8.1600,0,0,1
2008-06-17,sh.600603,8.1600,0,0,1
2008-06-18,sh.600603,8.1600,0,0,1
2008-06-19,sh.600603,8.1600,0,0,1
2008-06-20,sh.600603,8.1600,0,0,1
2008-06-23,sh.600603,8.1600,0,0,1
2008-06-24,sh.600603,8.1600,0,0,1
2008-06-25,sh.600603,8.1600,0,0,1
2008-06-26,sh.600603,8.1600,0,0,1
2008-06-27,sh.600603,7.7500,31900,1,1
2008-06-30,sh.600603,7.3600,5200,1,1
2008-07-01,sh.600603,6.9900,6900,1,1
2008-07-02,sh.600603,6.6400,26000,1,1
2008-07-03,sh.600603,6.3100,71700,1,1
2008-07-04,sh.600603,5.9900,166800,1,1
2008-07-07,sh.600603,6.0300,15813328,1,1
2008-07-08,sh.600603,5.8800,9695354,1,1
2008-07-09,sh.600603,6.0400,8216680,1,1
2008-07-10,sh.600603,5.9700,6637318,1,1
2008-07-11,sh.600603,5.8300,4320197,1,1
2008-07-14,sh.600603,5.7200,4764121,1,1
2008-07-15,sh.600603,5.7200,4445154,1,1
2008-07-16,sh.600603,5.4300,3476703,1,1
2008-07-17,sh.600603,5.1600,4805636,1,1
2008-07-18,sh.600603,5.0400,5762275,1,1
2008-07-21,sh.600603,5.2000,3388842,1,1
2008-07-22,sh.600603,5.2000,2726773,1,1
2008-07-23,sh.600603,5.0700,2887574,1,1
2008-07-24,sh.600603,5.3200,6195176,1,1
2008-07-25,sh.600603,5.2500,3423569,1,1
2008-07-28,sh.600603,5.3400,2997286,1,1
2008-07-29,sh.600603,5.1600,2099271,1,1
2008-07-30,sh.600603,5.2000,1974550,1,1
2008-07-31,sh.600603,4.9800,2305329,1,1
2008-08-01,sh.600603,4.9700,3021700,1,1
2008-08-04,sh.600603,4.8900,1070075,1,1
2008-08-05,sh.600603,4.6500,1901145,1,1
2008-08-06,sh.600603,4.4400,1805319,1,1
2008-08-07,sh.600603,4.6000,1877232,1,1
2008-08-08,sh.600603,4.3700,1990377,1,1
2008-08-11,sh.600603,4.1600,3146178,1,1
2008-08-12,sh.600603,3.9500,1714527,1,1
2008-08-13,sh.600603,3.8600,1446138,1,1
2008-08-14,sh.600603,4.0500,1336542,1,1
2008-08-15,sh.600603,4.0600,1747987,1,1
2008-08-18,sh.600603,3.8600,1598653,1,1
2008-08-19,sh.600603,3.9200,810574,1,1
2008-08-20,sh.600603,4.1200,1690557,1,1
2008-08-21,sh.600603,4.0400,1377232,1,1
2008-08-22,sh.600603,4.0800,983262,1,1
2008-08-25,sh.600603,4.2800,1181126,1,1
2008-08-26,sh.600603,4.0700,2097281,1,1
2008-08-27,sh.600603,3.9900,737748,1,1
2008-08-28,sh.600603,4.1600,1172772,1,1
2008-08-29,sh.600603,4.2600,2602109,1,1
2008-09-01,sh.600603,4.3000,1711108,1,1
2008-09-02,sh.600603,4.3100,1131059,1,1
2008-09-03,sh.600603,4.1700,1007498,1,1
2008-09-04,sh.600603,4.2800,731859,1,1
2008-09-05,sh.600603,4.1800,630011,1,1
2008-09-08,sh.600603,3.9700,950400,1,1
2008-09-09,sh.600603,3.8500,1484328,1,1
2008-09-10,sh.600603,3.9000,533374,1,1
2008-09-11,sh.600603,3.7200,2378528,1,1
2008-09-12,sh.600603,3.5500,2474002,1,1
2008-09-16,sh.600603,3.3700,1710182,1,1
2008-09-17,sh.600603,3.2100,912298,1,1
2008-09-18,sh.600603,3.0500,1899004,1,1
2008-09-19,sh.600603,3.2000,465307,1,1
2008-09-22,sh.600603,3.3600,2319961,1,1
2008-09-23,sh.600603,3.1900,1313477,1,1
2008-09-24,sh.600603,3.2800,1649682,1,1
2008-09-25,sh.600603,3.4000,1424875,1,1
2008-09-26,sh.600603,3.4500,1026532,1,1
2008-10-06,sh.600603,3.3100,511398,1,1
2008-10-07,sh.600603,3.2100,529268,1,1
2008-10-08,sh.600603,3.1500,461720,1,1
2008-10-09,sh.600603,3.1400,417020,1,1
2008-10-10,sh.600603,2.9800,620100,1,1
2008-10-13,sh.600603,2.9600,957400,1,1
2008-10-14,sh.600603,2.8800,697742,1,1
2008-10-15,sh.600603,2.7900,455600,1,1
2008-10-16,sh.600603,2.6500,890500,1,1
2008-10-17,sh.600603,2.6200,437359,1,1
2008-10-20,sh.600603,2.7200,1118551,1,1
2008-10-21,sh.600603,2.7000,499901,1,1
2008-10-22,sh.600603,2.6300,499001,1,1
2008-10-23,sh.600603,2.6900,467657,1,1
2008-10-24,sh.600603,2.6500,309515,1,1
2008-10-27,sh.600603,2.5800,1573435,1,1
2008-10-28,sh.600603,2.7100,1362754,1,1
2008-10-29,sh.600603,2.5700,2458164,1,1
2008-10-30,sh.600603,2.5700,820900,1,1
2008-10-31,sh.600603,2.5600,434800,1,1
2008-11-03,sh.600603,2.5600,438686,1,1
2008-11-04,sh.600603,2.5000,758033,1,1
2008-11-05,sh.600603,2.6200,1526308,1,1
2008-11-06,sh.600603,2.6000,518628,1,1
2008-11-07,sh.600603,2.5800,814600,1,1
2008-11-10,sh.600603,2.7100,1242737,1,1
2008-11-11,sh.600603,2.7600,1457126,1,1
2008-11-12,sh.600603,2.7800,779655,1,1
2008-11-13,sh.600603,2.8800,1603720,1,1
2008-11-14,sh.600603,2.9600,1629374,1,1
2008-11-17,sh.600603,3.1100,2999565,1,1
2008-11-18,sh.600603,2.9500,3685001,1,1
2008-11-19,sh.600603,3.1000,1290427,1,1
2008-11-20,sh.600603,3.0700,1746260,1,1
2008-11-21,sh.600603,3.1100,1723148,1,1
2008-11-24,sh.600603,3.0700,1014625,1,1
2008-11-25,sh.600603,3.0100,1403583,1,1
2008-11-26,sh.600603,3.1000,1228038,1,1
2008-11-27,sh.600603,3.2500,3451575,1,1
2008-11-28,sh.600603,3.2100,1883786,1,1
2008-12-01,sh.600603,3.3700,1915657,1,1
2008-12-02,sh.600603,3.3800,1508743,1,1
2008-12-03,sh.600603,3.4500,1440649,1,1
2008-12-04,sh.600603,3.3900,1542325,1,1
2008-12-05,sh.600603,3.5000,1001956,1,1
2008-12-08,sh.600603,3.6000,1427022,1,1
2008-12-09,sh.600603,3.4500,1575594,1,1
2008-12-10,sh.600603,3.5100,1605699,1,1
2008-12-11,sh.600603,3.5500,2175940,1,1
2008-12-12,sh.600603,3.3800,2134048,1,1
2008-12-15,sh.600603,3.3600,943698,1,1
2008-12-16,sh.600603,3.2900,2654900,1,1
2008-12-17,sh.600603,3.4500,3181958,1,1
2008-12-18,sh.600603,3.6200,3359104,1,1
2008-12-19,sh.600603,3.7200,5473372,1,1
2008-12-22,sh.600603,3.9100,4358599,1,1
2008-12-23,sh.600603,3.8000,4321961,1,1
2008-12-24,sh.600603,3.6100,3570599,1,1
2008-12-25,sh.600603,3.7900,2177188,1,1
2008-12-26,sh.600603,3.9800,1025214,1,1
2008-12-29,sh.600603,4.0100,6608555,1,1
2008-12-30,sh.600603,4.1100,2465768,1,1
2008-12-31,sh.600603,4.2700,4529066,1,1
2009-01-05,sh.600603,4.4800,7848980,1,1
2009-01-06,sh.600603,4.4900,6733600,1,1
2009-01-07,sh.600603,4.5000,3539497,1,1
2009-01-08,sh.600603,4.5500,3718840,1,1
2009-01-09,sh.600603,4.4900,2259537,1,1
2009-01-12,sh.600603,4.4300,2918003,1,1
2009-01-13,sh.600603,4.5900,3153805,1,1
2009-01-14,sh.600603,4.6100,1129380,1,1
2009-01-15,sh.600603,4.8400,3173893,1,1
2009-01-16,sh.600603,5.0800,2248715,1,1
2009-01-19,sh.600603,5.3300,3535237,1,1
2009-01-20,sh.600603,5.4400,2573157,1,1
2009-01-21,sh.600603,5.4700,3383597,1,1
2009-01-22,sh.600603,5.3800,1783384,1,1
2009-01-23,sh.600603,5.5600,1421620,1,1
2009-02-02,sh.600603,5.5500,1555037,1,1
2009-02-03,sh.600603,5.5000,2025202,1,1
2009-02-04,sh.600603,5.7800,2956015,1,1
2009-02-05,sh.600603,5.8200,2627061,1,1
2009-02-06,sh.600603,5.9100,2660103,1,1
2009-02-09,sh.600603,5.9100,2735401,1,1
2009-02-10,sh.600603,5.8700,2503361,1,1
2009-02-11,sh.600603,5.7400,3381716,1,1
2009-02-12,sh.600603,5.5400,5683202,1,1
2009-02-13,sh.600603,5.7300,3898924,1,1
2009-02-16,sh.600603,5.7300,4281044,1,1
2009-02-17,sh.600603,5.7200,3352634,1,1
2009-02-18,sh.600603,5.4300,3102649,1,1
2009-02-19,sh.600603,5.1700,5267539,1,1
2009-02-20,sh.600603,5.2500,3552346,1,1
2009-02-23,sh.600603,5.3300,4989769,1,1
2009-02-24,sh.600603,5.0600,3984100,1,1
2009-02-25,sh.600603,4.8100,5150837,1,1
2009-02-26,sh.600603,4.5700,3975663,1,1
2009-02-27,sh.600603,4.3400,2007999,1,1
2009-03-02,sh.600603,4.4900,2174442,1,1
2009-03-03,sh.600603,4.4300,1915690,1,1
2009-03-04,sh.600603,4.6500,2262581,1,1
2009-03-05,sh.600603,4.8800,5349864,1,1
2009-03-06,sh.600603,5.0200,4242640,1,1
2009-03-09,sh.600603,4.9400,2916647,1,1
2009-03-10,sh.600603,5.0400,1853408,1,1
2009-03-11,sh.600603,5.0600,2432139,1,1
2009-03-12,sh.600603,5.0300,1582752,1,1
2009-03-13,sh.600603,5.2800,6373451,1,1
2009-03-16,sh.600603,5.2800,2344139,1,1
2009-03-17,sh.600603,5.3500,2672526,1,1
2009-03-18,sh.600603,5.2800,2970014,1,1
2009-03-19,sh.600603,5.3400,3989264,1,1
2009-03-20,sh.600603,5.5500,4217919,1,1
2009-03-23,sh.600603,5.5600,2757214,1,1
2009-03-24,sh.600603,5.4900,2826974,1,1
2009-03-25,sh.600603,5.4400,2322179,1,1
2009-03-26,sh.600603,5.6400,3411470,1,1
2009-03-27,sh.600603,5.5700,1863298,1,1
2009-03-30,sh.600603,5.8500,5247276,1,1
2009-03-31,sh.600603,5.9000,3379009,1,1
2009-04-01,sh.600603,5.8300,2732615,1,1
2009-04-02,sh.600603,5.7200,2543638,1,1
2009-04-03,sh.600603,5.8100,2936082,1,1
2009-04-07,sh.600603,5.8300,2062804,1,1
2009-04-08,sh.600603,6.0100,9033980,1,1
2009-04-09,sh.600603,6.3100,4323735,1,1
2009-04-10,sh.600603,6.6300,1646068,1,1
2009-04-13,sh.600603,6.9600,756300,1,1
2009-04-14,sh.600603,7.3100,454224,1,1
2009-04-15,sh.600603,7.6800,274130,1,1
2009-04-16,sh.600603,8.0600,820896,1,1
2009-04-17,sh.600603,8.1200,23315307,1,1
2009-04-20,sh.600603,7.7100,2092700,1,1
2009-04-21,sh.600603,7.8500,21255543,1,1
2009-04-22,sh.600603,7.4600,10412530,1,1
2009-04-23,sh.600603,7.0900,7805826,1,1
2009-04-24,sh.600603,7.0800,5793588,1,1
2009-04-27,sh.600603,7.0800,0,0,1
2009-04-28,sh.600603,6.7300,5783291,1,1
2009-04-29,sh.600603,6.5000,12407404,1,1
2009-04-30,sh.600603,6.8300,8294200,1,1
2009-05-04,sh.600603,6.9700,9158638,1,1
2009-05-05,sh.600603,6.9000,9022136,1,1
2009-05-06,sh.600603,7.2500,11866705,1,1
2009-05-07,sh.600603,7.3600,12933657,1,1
2009-05-08,sh.600603,7.3600,0,0,1
2009-05-11,sh.600603,7.0800,7981212,1,1
2009-05-12,sh.600603,7.1200,5086675,1,1
2009-05-13,sh.600603,7.0100,4824070,1,1
2009-05-14,sh.600603,6.8100,3934530,1,1
2009-05-15,sh.600603,6.8500,3446618,1,1
2009-05-18,sh.600603,6.8900,3751491,1,1
2009-05-19,sh.600603,6.9400,3813532,1,1
2009-05-20,sh.600603,6.7500,3641587,1,1
2009-05-21,sh.600603,6.9800,6246096,1,1
2009-05-22,sh.600603,6.9900,3004364,1,1
2009-05-25,sh.600603,7.3100,8607187,1,1
2009-05-26,sh.600603,7.6800,7491408,1,1
2009-05-27,sh.600603,7.6800,0,0,1
2009-06-01,sh.600603,7.6800,0,0,1
2009-06-02,sh.600603,7.6800,0,0,1
2009-06-03,sh.600603,7.6800,0,0,1
2009-06-04,sh.600603,7.6800,0,0,1
2009-06-05,sh.600603,7.6800,0,0,1
2009-06-08,sh.600603,7.6800,0,0,1
2009-06-09,sh.600603,7.6800,0,0,1
2009-06-10,sh.600603,7.6800,0,0,1
2009-06-11,sh.600603,7.6800,0,0,1
2009-06-12,sh.600603,7.6800,0,0,1
2009-06-15,sh.600603,7.6800,0,0,1
2009-06-16,sh.600603,7.6800,0,0,1
2009-06-17,sh.600603,7.6800,0,0,1
2009-06-18,sh.600603,7.6800,0,0,1
2009-06-19,sh.600603,7.6800,0,0,1
2009-06-22,sh.600603,7.6800,0,0,1
2009-06-23,sh.600603,7.6800,0,0,1
2009-06-24,sh.600603,7.6800,0,0,1
2009-06-25,sh.600603,7.6800,0,0,1
2009-06-26,sh.600603,8.0600,174538,1,1
2009-06-29,sh.600603,8.4600,208384,1,1
2009-06-30,sh.600603,8.0400,18196905,1,1
2009-07-01,sh.600603,7.8000,10394477,1,1
2009-07-02,sh.600603,7.7600,6383583,1,1
2009-07-03,sh.600603,7.9000,5823091,1,1
2009-07-06,sh.600603,7.7600,5157366,1,1
2009-07-07,sh.600603,7.7000,4617490,1,1
2009-07-08,sh.600603,7.7700,3818699,1,1
2009-07-09,sh.600603,7.8200,4919731,1,1
2009-07-10,sh.600603,7.9700,7909961,1,1
2009-07-13,sh.600603,8.1800,9981662,1,1
2009-07-14,sh.600603,8.2000,5387781,1,1
2009-07-15,sh.600603,8.0900,6780340,1,1
2009-07-16,sh.600603,7.9000,5814249,1,1
2009-07-17,sh.600603,7.9300,3676138,1,1
2009-07-20,sh.600603,7.9400,4408531,1,1
2009-07-21,sh.600603,8.0200,8645677,1,1
2009-07-22,sh.600603,8.0800,5255880,1,1
2009-07-23,sh.600603,8.2800,9161339,1,1
2009-07-24,sh.600603,7.9400,8721195,1,1
2009-07-27,sh.600603,8.0700,5513661,1,1
2009-07-28,sh.600603,8.0900,5696690,1,1
2009-07-29,sh.600603,7.6900,5919814,1,1
2009-07-30,sh.600603,7.4200,6088708,1,1
2009-07-31,sh.600603,7.6100,3403491,1,1
2009-08-03,sh.600603,7.6500,3696190,1,1
2009-08-04,sh.600603,7.5500,3776171,1,1
2009-08-05,sh.600603,7.5900,3215506,1,1
2009-08-06,sh.600603,7.5500,5173796,1,1
2009-08-07,sh.600603,7.2500,4596302,1,1
2009-08-10,sh.600603,7.0900,3921505,1,1
2009-08-11,sh.600603,7.2200,2373957,1,1
2009-08-12,sh.600603,6.8600,3087227,1,1
2009-08-13,sh.600603,6.8700,2273202,1,1
2009-08-14,sh.600603,6.5300,3461750,1,1
2009-08-17,sh.600603,6.2000,2277284,1,1
2009-08-18,sh.600603,6.0200,3796673,1,1
2009-08-19,sh.600603,6.2000,7588203,1,1
2009-08-20,sh.600603,6.2800,4659964,1,1
2009-08-21,sh.600603,6.3000,2810388,1,1
2009-08-24,sh.600603,6.3500,3764304,1,1
2009-08-25,sh.600603,6.1600,2997308,1,1
2009-08-26,sh.600603,6.4700,1606524,1,1
2009-08-27,sh.600603,6.7900,7265012,1,1
2009-08-28,sh.600603,7.0200,7924733,1,1
2009-08-31,sh.600603,6.6700,3568447,1,1
2009-09-01,sh.600603,6.3400,3512915,1,1
2009-09-02,sh.600603,6.3200,1912300,1,1
2009-09-03,sh.600603,6.5500,2660194,1,1
2009-09-04,sh.600603,6.6200,2540559,1,1
2009-09-07,sh.600603,6.6600,2996946,1,1
2009-09-08,sh.600603,6.7200,2740397,1,1
2009-09-09,sh.600603,6.6300,2783670,1,1
2009-09-10,sh.600603,6.6300,2116399,1,1
2009-09-11,sh.600603,6.7100,2823657,1,1
2009-09-14,sh.600603,6.8400,2431973,1,1
2009-09-15,sh.600603,6.9300,3570845,1,1
2009-09-16,sh.600603,6.9200,2664811,1,1
2009-09-17,sh.600603,7.0000,3881518,1,1
2009-09-18,sh.600603,6.6900,3593805,1,1
2009-09-21,sh.600603,6.8500,2963108,1,1
2009-09-22,sh.600603,6.6600,2168851,1,1
2009-09-23,sh.600603,6.4600,1599709,1,1
2009-09-24,sh.600603,6.5100,2369659,1,1
2009-09-25,sh.600603,6.8400,4797065,1,1
2009-09-28,sh.600603,6.5100,4187829,1,1
2009-09-29,sh.600603,6.2800,1832431,1,1
2009-09-30,sh.600603,6.3900,1190893,1,1
2009-10-09,sh.600603,6.6400,1508638,1,1
2009-10-12,sh.600603,6.7900,2704559,1,1
2009-10-13,sh.600603,7.0500,5574066,1,1
2009-10-14,sh.600603,6.9500,4653042,1,1
2009-10-15,sh.600603,6.9300,2159694,1,1
2009-10-16,sh.600603,7.2300,5336615,1,1
2009-10-19,sh.600603,7.3200,4512457,1,1
2009-10-20,sh.600603,7.2800,3240183,1,1
2009-10-21,sh.600603,7.2500,3027214,1,1
2009-10-22,sh.600603,7.4900,4633925,1,1
2009-10-23,sh.600603,7.4400,4677313,1,1
2009-10-26,sh.600603,7.2400,4260840,1,1
2009-10-27,sh.600603,7.1300,2655859,1,1
2009-10-28,sh.600603,7.2100,1593802,1,1
2009-10-29,sh.600603,6.9500,2910702,1,1
2009-10-30,sh.600603,6.9800,2291502,1,1
2009-11-02,sh.600603,7.3300,3919269,1,1
2009-11-03,sh.600603,7.4200,3250240,1,1
2009-11-04,sh.600603,7.4800,3969930,1,1
2009-11-05,sh.600603,7.5000,2866979,1,1
2009-11-06,sh.600603,7.6000,4893279,1,1
2009-11-09,sh.600603,7.8300,4150124,1,1
2009-11-10,sh.600603,7.7500,3323273,1,1
2009-11-11,sh.600603,7.8200,3654365,1,1
2009-11-12,sh.600603,8.0500,4176827,1,1
2009-11-13,sh.600603,8.1300,4095957,1,1
2009-11-16,sh.600603,8.1900,4846408,1,1
2009-11-17,sh.600603,8.0800,2778915,1,1
2009-11-18,sh.600603,7.9800,3625927,1,1
2009-11-19,sh.600603,8.3800,7748931,1,1
2009-11-20,sh.600603,8.5500,6431278,1,1
2009-11-23,sh.600603,8.9800,7599086,1,1
2009-11-24,sh.600603,8.6900,10229830,1,1
2009-11-25,sh.600603,9.1200,6774234,1,1
2009-11-26,sh.600603,9.1400,9115041,1,1
2009-11-27,sh.600603,8.6800,6425811,1,1
2009-11-30,sh.600603,8.7800,4464807,1,1
2009-12-01,sh.600603,9.2200,5676382,1,1
2009-12-02,sh.600603,9.3100,7638663,1,1
2009-12-03,sh.600603,9.1100,4903469,1,1
2009-12-04,sh.600603,9.3000,7750611,1,1
2009-12-07,sh.600603,9.3300,4847619,1,1
2009-12-08,sh.600603,9.8000,10507563,1,1
2009-12-09,sh.600603,9.6700,8244986,1,1
2009-12-10,sh.600603,9.9200,5511784,1,1
2009-12-11,sh.600603,10.2300,7860552,1,1
2009-12-14,sh.600603,9.7200,11955733,1,1
2009-12-15,sh.600603,9.2300,9673825,1,1
2009-12-16,sh.600603,9.0400,5651147,1,1
2009-12-17,sh.600603,9.4400,6032624,1,1
2009-12-18,sh.600603,9.1300,3422153,1,1
2009-12-21,sh.600603,9.2300,2470336,1,1
2009-12-22,sh.600603,9.0600,3152024,1,1
2009-12-23,sh.600603,8.9300,3228248,1,1
2009-12-24,sh.600603,8.9200,9779168,1,1
2009-12-25,sh.600603,9.1600,7652533,1,1
2009-12-28,sh.600603,9.1600,0,0,1
2009-12-29,sh.600603,8.9600,6827892,1,1
2009-12-30,sh.600603,8.7400,4806169,1,1
2009-12-31,sh.600603,8.6100,5421737,1,1
2010-01-04,sh.600603,8.6200,5506727,1,1
2010-01-05,sh.600603,8.5800,3645850,1,1
2010-01-06,sh.600603,8.7100,5481770,1,1
2010-01-07,sh.600603,8.4900,3345101,1,1
2010-01-08,sh.600603,8.6700,2025818,1,1
2010-01-11,sh.600603,8.5600,2702094,1,1
2010-01-12,sh.600603,8.6200,3889771,1,1
2010-01-13,sh.600603,8.1900,6048268,1,1
2010-01-14,sh.600603,8.1800,3587281,1,1
2010-01-15,sh.600603,8.2900,3509545,1,1
2010-01-18,sh.600603,8.3700,2399135,1,1
2010-01-19,sh.600603,8.2900,2324030,1,1
2010-01-20,sh.600603,7.9100,4040821,1,1
2010-01-21,sh.600603,7.9800,2687718,1,1
2010-01-22,sh.600603,7.8200,2588520,1,1
2010-01-25,sh.600603,7.5900,1740579,1,1
2010-01-26,sh.600603,7.2800,2583261,1,1
2010-01-27,sh.600603,7.2700,1825863,1,1
2010-01-28,sh.600603,7.3100,1152594,1,1
2010-01-29,sh.600603,7.2900,1710473,1,1
2010-02-01,sh.600603,7.2700,2024843,1,1
2010-02-02,sh.600603,7.6200,5753253,1,1
2010-02-03,sh.600603,7.8000,4047092,1,1
2010-02-04,sh.600603,7.7800,2987888,1,1
2010-02-05,sh.600603,7.7100,2519151,1,1
2010-02-08,sh.600603,7.6800,1292668,1,1
2010-02-09,sh.600603,7.5400,796340,1,1
2010-02-10,sh.600603,7.6500,1089571,1,1
2010-02-11,sh.600603,7.6900,955618,1,1
2010-02-12,sh.600603,7.6600,930100,1,1
2010-02-22,sh.600603,7.6500,1120145,1,1
2010-02-23,sh.600603,7.5100,1062230,1,1
2010-02-24,sh.600603,7.7400,2336386,1,1
2010-02-25,sh.600603,7.8300,2971803,1,1
2010-02-26,sh.600603,7.8600,2042764,1,1
2010-03-01,sh.600603,8.0100,3331753,1,1
2010-03-02,sh.600603,8.0400,2090820,1,1
2010-03-03,sh.600603,8.0900,3037229,1,1
2010-03-04,sh.600603,7.8500,2959334,1,1
2010-03-05,sh.600603,7.8800,1582514,1,1
2010-03-08,sh.600603,7.9800,1946428,1,1
2010-03-09,sh.600603,8.0100,2705525,1,1
2010-03-10,sh.600603,7.8500,1665853,1,1
2010-03-11,sh.600603,8.0000,1887562,1,1
2010-03-12,sh.600603,8.0400,2743817,1,1
2010-03-15,sh.600603,7.8800,1264327,1,1
2010-03-16,sh.600603,7.8500,1749568,1,1
2010-03-17,sh.600603,8.0500,2835734,1,1
2010-03-18,sh.600603,8.1500,3817044,1,1
2010-03-19,sh.600603,8.1700,2876530,1,1
2010-03-22,sh.600603,8.2400,2623684,1,1
2010-03-23,sh.600603,8.1000,2156700,1,1
2010-03-24,sh.600603,8.1100,2197404,1,1
2010-03-25,sh.600603,8.0500,2096146,1,1
2010-03-26,sh.600603,8.0500,0,0,1
2010-03-29,sh.600603,8.2300,2841383,1,1
2010-03-30,sh.600603,8.1900,2161343,1,1
2010-03-31,sh.600603,8.1500,2124577,1,1
2010-04-01,sh.600603,8.1400,4458212,1,1
2010-04-02,sh.600603,8.2700,5198397,1,1
2010-04-06,sh.600603,8.3900,5474586,1,1
2010-04-07,sh.600603,8.3500,3753077,1,1
2010-04-08,sh.600603,8.3300,2351397,1,1
2010-04-09,sh.600603,8.4000,3942061,1,1
2010-04-12,sh.600603,8.1300,5417688,1,1
2010-04-13,sh.600603,7.9400,3788006,1,1
2010-04-14,sh.600603,7.9500,2263685,1,1
2010-04-15,sh.600603,7.7500,3507299,1,1
2010-04-16,sh.600603,7.7700,2450329,1,1
2010-04-19,sh.600603,7.3800,3350800,1,1
2010-04-20,sh.600603,7.1200,2661009,1,1
2010-04-21,sh.600603,7.2000,1925589,1,1
2010-04-22,sh.600603,7.1100,1424935,1,1
2010-04-23,sh.600603,7.2800,2098662,1,1
2010-04-26,sh.600603,7.1300,1478101,1,1
2010-04-27,sh.600603,6.8200,2911705,1,1
2010-04-28,sh.600603,6.6900,1362848,1,1
2010-04-29,sh.600603,6.6200,1274747,1,1
2010-04-30,sh.600603,6.4500,1842408,1,1
2010-05-04,sh.600603,6.1400,2009009,1,1
2010-05-05,sh.600603,6.2600,2007311,1,1
2010-05-06,sh.600603,6.1000,1560779,1,1
2010-05-07,sh.600603,6.0300,1511517,1,1
2010-05-10,sh.600603,6.0900,1155009,1,1
2010-05-11,sh.600603,5.9600,1263074,1,1
2010-05-12,sh.600603,5.9800,1194727,1,1
2010-05-13,sh.600603,6.1000,1848936,1,1
2010-05-14,sh.600603,6.1500,1858668,1,1
2010-05-17,sh.600603,5.8700,1648110,1,1
2010-05-18,sh.600603,5.8800,1686494,1,1
2010-05-19,sh.600603,5.9200,1037007,1,1
2010-05-20,sh.600603,5.7500,801611,1,1
2010-05-21,sh.600603,5.8600,1198425,1,1
2010-05-24,sh.600603,6.1000,2060925,1,1
2010-05-25,sh.600603,5.9800,1326058,1,1
2010-05-26,sh.600603,6.0200,925052,1,1
2010-05-27,sh.600603,6.0500,1820319,1,1
2010-05-28,sh.600603,6.0000,1326403,1,1
2010-05-31,sh.600603,5.8800,958274,1,1
2010-06-01,sh.600603,5.6900,1381357,1,1
2010-06-02,sh.600603,5.7800,768635,1,1
2010-06-03,sh.600603,5.6300,1125648,1,1
2010-06-04,sh.600603,5.7000,679272,1,1
2010-06-07,sh.600603,5.4200,2646768,1,1
2010-06-08,sh.600603,5.3800,1347515,1,1
2010-06-09,sh.600603,5.5700,1750390,1,1
2010-06-10,sh.600603,5.4900,1344144,1,1
2010-06-11,sh.600603,5.5100,890183,1,1
2010-06-17,sh.600603,5.6100,2182616,1,1
2010-06-18,sh.600603,5.3500,1130829,1,1
2010-06-21,sh.600603,5.5100,1030901,1,1
2010-06-22,sh.600603,5.5800,1345624,1,1
2010-06-23,sh.600603,5.5200,768917,1,1
2010-06-24,sh.600603,5.6300,1327410,1,1
2010-06-25,sh.600603,5.4500,1113410,1,1
2010-06-28,sh.600603,5.7200,1040780,1,1
2010-06-29,sh.600603,6.0100,11924536,1,1
2010-06-30,sh.600603,6.0500,10960838,1,1
2010-07-01,sh.600603,5.9100,3728922,1,1
2010-07-02,sh.600603,6.2000,5297931,1,1
2010-07-05,sh.600603,6.0900,3540113,1,1
2010-07-06,sh.600603,6.1000,4132306,1,1
2010-07-07,sh.600603,5.9800,3125406,1,1
2010-07-08,sh.600603,5.8200,3385030,1,1
2010-07-09,sh.600603,6.1100,3197967,1,1
2010-07-12,sh.600603,6.1100,0,0,1
2010-07-13,sh.600603,6.4200,10662765,1,1
2010-07-14,sh.600603,6.3600,8359825,1,1
2010-07-15,sh.600603,6.3100,4934867,1,1
2010-07-16,sh.600603,6.1300,4520239,1,1
2010-07-19,sh.600603,6.4400,5498270,1,1
2010-07-20,sh.600603,6.5500,6072609,1,1
2010-07-21,sh.600603,6.4100,3799988,1,1
2010-07-22,sh.600603,6.5600,4619527,1,1
2010-07-23,sh.600603,6.5500,3464116,1,1
2010-07-26,sh.600603,6.5700,2620338,1,1
2010-07-27,sh.600603,6.4800,2743906,1,1
2010-07-28,sh.600603,6.5000,5164123,1,1
2010-07-29,sh.600603,6.5700,6406447,1,1
2010-07-30,sh.600603,6.6700,8553173,1,1
2010-08-02,sh.600603,6.7500,5407195,1,1
2010-08-03,sh.600603,6.6000,3476833,1,1
2010-08-04,sh.600603,6.9300,9833923,1,1
2010-08-05,sh.600603,6.8600,7775490,1,1
2010-08-06,sh.600603,6.8900,5837479,1,1
2010-08-09,sh.600603,6.8800,3941998,1,1
2010-08-10,sh.600603,6.5400,5748008,1,1
2010-08-11,sh.600603,6.4700,3396663,1,1
2010-08-12,sh.600603,6.5000,3684067,1,1
2010-08-13,sh.600603,6.5700,3652045,1,1
2010-08-16,sh.600603,6.6500,3742779,1,1
2010-08-17,sh.600603,6.7100,3566768,1,1
2010-08-18,sh.600603,6.6800,3483003,1,1
2010-08-19,sh.600603,6.6900,3014105,1,1
2010-08-20,sh.600603,6.4600,3435935,1,1
2010-08-23,sh.600603,6.7700,5482332,1,1
2010-08-24,sh.600603,6.7500,3611005,1,1
2010-08-25,sh.600603,6.7000,5141810,1,1
2010-08-26,sh.600603,6.8800,4319859,1,1
2010-08-27,sh.600603,6.8800,2596454,1,1
2010-08-30,sh.600603,6.9100,3665505,1,1
2010-08-31,sh.600603,6.8100,3275508,1,1
2010-09-01,sh.600603,6.6200,3358648,1,1
2010-09-02,sh.600603,6.7000,2330417,1,1
2010-09-03,sh.600603,6.6900,2790179,1,1
2010-09-06,sh.600603,6.8100,3906299,1,1
2010-09-07,sh.600603,6.8200,3306127,1,1
2010-09-08,sh.600603,6.8500,2326119,1,1
2010-09-09,sh.600603,6.9400,5966380,1,1
2010-09-10,sh.600603,6.8600,4010855,1,1
2010-09-13,sh.600603,6.8900,3394997,1,1
2010-09-14,sh.600603,6.9200,3180095,1,1
2010-09-15,sh.600603,7.1500,9228436,1,1
2010-09-16,sh.600603,6.8200,5588006,1,1
2010-09-17,sh.600603,6.7600,2381485,1,1
2010-09-20,sh.600603,6.7600,1768599,1,1
2010-09-21,sh.600603,6.9900,3568649,1,1
2010-09-27,sh.600603,7.0900,3094737,1,1
2010-09-28,sh.600603,7.2100,4644814,1,1
2010-09-29,sh.600603,7.4100,6247397,1,1
2010-09-30,sh.600603,7.4100,4043078,1,1
2010-10-08,sh.600603,7.4300,4352840,1,1
2010-10-11,sh.600603,7.3600,5088333,1,1
2010-10-12,sh.600603,7.5200,4655852,1,1
2010-10-13,sh.600603,7.4900,3669609,1,1
2010-10-14,sh.600603,7.1800,4715867,1,1
2010-10-15,sh.600603,7.1600,3539796,1,1
2010-10-18,sh.600603,6.9000,5129013,1,1
2010-10-19,sh.600603,7.0000,1897929,1,1
2010-10-20,sh.600603,7.0000,2414300,1,1
2010-10-21,sh.600603,7.0000,1883856,1,1
2010-10-22,sh.600603,6.9700,2152195,1,1
2010-10-25,sh.600603,7.1100,3071573,1,1
2010-10-26,sh.600603,7.1700,2372711,1,1
2010-10-27,sh.600603,7.2100,2963546,1,1
2010-10-28,sh.600603,7.0700,2590781,1,1
2010-10-29,sh.600603,7.3600,4773991,1,1
2010-11-01,sh.600603,7.7000,8643587,1,1
2010-11-02,sh.600603,7.6100,5824140,1,1
2010-11-03,sh.600603,7.7300,6705325,1,1
2010-11-04,sh.600603,8.1200,9936182,1,1
2010-11-05,sh.600603,8.5300,6872873,1,1
2010-11-08,sh.600603,8.4000,21663794,1,1
2010-11-09,sh.600603,8.8000,11182293,1,1
2010-11-10,sh.600603,8.9700,10316225,1,1
2010-11-11,sh.600603,8.5700,9442123,1,1
2010-11-12,sh.600603,8.1400,6231783,1,1
2010-11-15,sh.600603,7.9500,5993459,1,1
2010-11-16,sh.600603,7.5500,5982875,1,1
2010-11-17,sh.600603,7.3300,2926312,1,1
2010-11-18,sh.600603,7.4700,4024264,1,1
2010-11-19,sh.600603,7.4900,3206548,1,1
2010-11-22,sh.600603,7.5800,3912512,1,1
2010-11-23,sh.600603,7.3200,3216805,1,1
2010-11-24,sh.600603,7.4700,2555108,1,1
2010-11-25,sh.600603,7.5700,3521246,1,1
2010-11-26,sh.600603,7.6600,4199726,1,1
2010-11-29,sh.600603,7.7100,3362284,1,1
2010-11-30,sh.600603,7.3200,4070015,1,1
2010-12-01,sh.600603,7.3100,1532795,1,1
2010-12-02,sh.600603,7.3900,2125584,1,1
2010-12-03,sh.600603,7.2600,2421820,1,1
2010-12-06,sh.600603,6.9900,2917530,1,1
2010-12-07,sh.600603,7.1100,1580334,1,1
2010-12-08,sh.600603,7.0000,1210092,1,1
2010-12-09,sh.600603,6.8800,1325002,1,1
2010-12-10,sh.600603,7.0100,1839893,1,1
2010-12-13,sh.600603,7.1300,1773353,1,1
2010-12-14,sh.600603,7.1100,1916331,1,1
2010-12-15,sh.600603,7.2100,2348977,1,1
2010-12-16,sh.600603,7.1600,1488925,1,1
2010-12-17,sh.600603,7.1600,1101966,1,1
2010-12-20,sh.600603,7.0200,1864129,1,1
2010-12-21,sh.600603,7.2500,2576125,1,1
2010-12-22,sh.600603,7.2700,2396258,1,1
2010-12-23,sh.600603,7.2300,2582569,1,1
2010-12-24,sh.600603,7.1900,3067768,1,1
2010-12-27,sh.600603,6.9500,2668654,1,1
2010-12-28,sh.600603,6.6100,2963862,1,1
2010-12-29,sh.600603,6.6800,1057907,1,1
2010-12-30,sh.600603,6.7300,684103,1,1
2010-12-31,sh.600603,6.7900,1370666,1,1
2011-01-04,sh.600603,6.8600,1484194,1,1
2011-01-05,sh.600603,6.9400,1564912,1,1
2011-01-06,sh.600603,6.9500,1360304,1,1
2011-01-07,sh.600603,7.1400,2356790,1,1
2011-01-10,sh.600603,7.1400,0,0,1
2011-01-11,sh.600603,6.9300,1494226,1,1
2011-01-12,sh.600603,7.2800,3574561,1,1
2011-01-13,sh.600603,7.1600,3323483,1,1
2011-01-14,sh.600603,7.2400,2210266,1,1
2011-01-17,sh.600603,6.8800,1901964,1,1
2011-01-18,sh.600603,6.8500,916274,1,1
2011-01-19,sh.600603,6.9400,1001881,1,1
2011-01-20,sh.600603,7.2000,6848282,1,1
2011-01-21,sh.600603,7.1600,3967542,1,1
2011-01-24,sh.600603,6.8800,2737273,1,1
2011-01-25,sh.600603,7.2200,3363305,1,1
2011-01-26,sh.600603,7.2500,5284350,1,1
2011-01-27,sh.600603,7.1900,3154790,1,1
2011-01-28,sh.600603,7.2500,2058608,1,1
2011-01-31,sh.600603,7.4900,3813794,1,1
2011-02-01,sh.600603,7.4100,1779122,1,1
2011-02-09,sh.600603,7.5200,2764435,1,1
2011-02-10,sh.600603,7.5600,2374072,1,1
2011-02-11,sh.600603,7.4800,2739621,1,1
2011-02-14,sh.600603,7.5000,2481501,1,1
2011-02-15,sh.600603,7.5500,2535240,1,1
2011-02-16,sh.600603,7.8700,6940276,1,1
2011-02-17,sh.600603,7.8200,3087805,1,1
2011-02-18,sh.600603,8.0500,3323293,1,1
2011-02-21,sh.600603,8.1000,2741146,1,1
2011-02-22,sh.600603,7.8000,4505886,1,1
2011-02-23,sh.600603,7.8700,3107750,1,1
2011-02-24,sh.600603,7.9600,1886717,1,1
2011-02-25,sh.600603,7.8500,2994723,1,1
2011-02-28,sh.600603,8.0600,3510012,1,1
2011-03-01,sh.600603,8.1300,2489512,1,1
2011-03-02,sh.600603,7.9600,2881246,1,1
2011-03-03,sh.600603,7.8000,3047209,1,1
2011-03-04,sh.600603,7.9800,1972818,1,1
2011-03-07,sh.600603,8.0300,3245450,1,1
2011-03-08,sh.600603,8.0600,2118570,1,1
2011-03-09,sh.600603,7.9500,1909962,1,1
2011-03-10,sh.600603,7.9800,1692335,1,1
2011-03-11,sh.600603,8.1000,3329893,1,1
2011-03-14,sh.600603,8.4600,8178969,1,1
2011-03-15,sh.600603,8.4800,6306241,1,1
2011-03-16,sh.600603,8.5100,4105519,1,1
2011-03-17,sh.600603,8.4500,3339643,1,1
2011-03-18,sh.600603,8.5000,2507868,1,1
2011-03-21,sh.600603,8.7000,5060750,1,1
2011-03-22,sh.600603,8.4500,2997106,1,1
2011-03-23,sh.600603,8.5200,2706904,1,1
2011-03-24,sh.600603,8.6500,3027870,1,1
2011-03-25,sh.600603,8.8100,3581557,1,1
2011-03-28,sh.600603,8.7800,3430393,1,1
2011-03-29,sh.600603,8.9500,7188265,1,1
2011-03-30,sh.600603,9.0100,3805073,1,1
2011-03-31,sh.600603,8.6800,4986833,1,1
2011-04-01,sh.600603,8.8900,3548138,1,1
2011-04-06,sh.600603,9.3200,11534454,1,1
2011-04-07,sh.600603,9.3500,6501558,1,1
2011-04-08,sh.600603,9.8200,9317016,1,1
2011-04-11,sh.600603,10.1100,11014682,1,1
2011-04-12,sh.600603,10.6200,9616008,1,1
2011-04-13,sh.600603,10.6200,0,0,1
2011-04-14,sh.600603,10.6200,0,0,1
2011-04-15,sh.600603,10.6200,0,0,1
2011-04-18,sh.600603,10.6200,0,0,1
2011-04-19,sh.600603,10.6200,0,0,1
2011-04-20,sh.600603,10.0900,399200,1,1
2011-04-21,sh.600603,9.5900,316000,1,1
2011-04-22,sh.600603,9.1100,364600,1,1
2011-04-25,sh.600603,8.6500,12792500,1,1
2011-04-26,sh.600603,8.2200,13037765,1,1
2011-04-27,sh.600603,8.1500,6113480,1,1
2011-04-28,sh.600603,8.3900,10996353,1,1
2011-04-29,sh.600603,8.2600,6657974,1,1
2011-05-03,sh.600603,8.3800,3806121,1,1
2011-05-04,sh.600603,8.2000,3621161,1,1
2011-05-05,sh.600603,8.2100,2215660,1,1
2011-05-06,sh.600603,8.4300,4566352,1,1
2011-05-09,sh.600603,8.4800,2979809,1,1
2011-05-10,sh.600603,8.4900,2560133,1,1
2011-05-11,sh.600603,8.3800,2544536,1,1
2011-05-12,sh.600603,8.5800,6860053,1,1
2011-05-13,sh.600603,9.0100,12281597,1,1
2011-05-16,sh.600603,8.8600,6606438,1,1
2011-05-17,sh.600603,9.0500,6216815,1,1
2011-05-18,sh.600603,8.9900,3355875,1,1
2011-05-19,sh.600603,8.5400,8667221,1,1
2011-05-20,sh.600603,8.4100,7188762,1,1
2011-05-23,sh.600603,8.2800,4986096,1,1
2011-05-24,sh.600603,8.3900,3043945,1,1
2011-05-25,sh.600603,8.1400,4849643,1,1
2011-05-26,sh.600603,8.2000,2335231,1,1
2011-05-27,sh.600603,8.2000,2074635,1,1
2011-05-30,sh.600603,7.7900,3792915,1,1
2011-05-31,sh.600603,7.8000,4932434,1,1
2011-06-01,sh.600603,7.7500,1626550,1,1
2011-06-02,sh.600603,7.7100,2277046,1,1
2011-06-03,sh.600603,7.9500,2839966,1,1
2011-06-07,sh.600603,8.1000,2379862,1,1
2011-06-08,sh.600603,8.1600,2391846,1,1
2011-06-09,sh.600603,7.9900,1695536,1,1
2011-06-10,sh.600603,8.0700,1543446,1,1
2011-06-13,sh.600603,8.2000,2002474,1,1
2011-06-14,sh.600603,8.1800,1977312,1,1
2011-06-15,sh.600603,8.2300,1677024,1,1
2011-06-16,sh.600603,8.0900,1616160,1,1
2011-06-17,sh.600603,8.0300,975572,1,1
2011-06-20,sh.600603,8.0000,1111824,1,1
2011-06-21,sh.600603,8.1300,1733149,1,1
2011-06-22,sh.600603,8.1500,1330037,1,1
2011-06-23,sh.600603,8.2300,1635074,1,1
2011-06-24,sh.600603,8.4100,3543009,1,1
2011-06-27,sh.600603,8.3400,3724808,1,1
2011-06-28,sh.600603,8.3400,2205928,1,1
2011-06-29,sh.600603,8.2400,2292513,1,1
2011-06-30,sh.600603,8.2800,1660075,1,1
2011-07-01,sh.600603,8.5000,2774364,1,1
2011-07-04,sh.600603,8.8600,5022433,1,1
2011-07-05,sh.600603,9.0000,4242809,1,1
2011-07-06,sh.600603,9.0100,2037500,1,1
2011-07-07,sh.600603,9.4100,7074518,1,1
2011-07-08,sh.600603,9.3900,3655802,1,1
2011-07-11,sh.600603,9.3500,2021994,1,1
2011-07-12,sh.600603,8.9700,4880499,1,1
2011-07-13,sh.600603,9.1700,2630936,1,1
2011-07-14,sh.600603,9.4000,2603125,1,1
2011-07-15,sh.600603,9.7800,4087655,1,1
2011-07-18,sh.600603,9.7100,2886377,1,1
2011-07-19,sh.600603,9.8600,3391079,1,1
2011-07-20,sh.600603,10.0500,3042930,1,1
2011-07-21,sh.600603,9.7200,3632434,1,1
2011-07-22,sh.600603,9.9600,2893965,1,1
2011-07-25,sh.600603,9.4600,4506628,1,1
2011-07-26,sh.600603,9.6100,3248135,1,1
2011-07-27,sh.600603,9.5700,2076399,1,1
2011-07-28,sh.600603,9.8200,2538125,1,1
2011-07-29,sh.600603,9.7600,2509731,1,1
2011-08-01,sh.600603,9.7000,2024947,1,1
2011-08-02,sh.600603,9.4800,2332733,1,1
2011-08-03,sh.600603,9.5400,1563451,1,1
2011-08-04,sh.600603,9.5000,1461207,1,1
2011-08-05,sh.600603,9.1500,2534373,1,1
2011-08-08,sh.600603,8.7800,4702007,1,1
2011-08-09,sh.600603,8.9500,3867796,1,1
2011-08-10,sh.600603,8.9300,2702709,1,1
2011-08-11,sh.600603,9.0200,2417242,1,1
2011-08-12,sh.600603,9.0700,1823553,1,1
2011-08-15,sh.600603,9.2900,2065174,1,1
2011-08-16,sh.600603,9.1500,1790818,1,1
2011-08-17,sh.600603,9.2300,1677012,1,1
2011-08-18,sh.600603,9.0100,1700691,1,1
2011-08-19,sh.600603,9.1200,2150912,1,1
2011-08-22,sh.600603,9.1900,2490890,1,1
2011-08-23,sh.600603,9.2600,1376309,1,1
2011-08-24,sh.600603,9.2700,1705626,1,1
2011-08-25,sh.600603,9.3000,3094268,1,1
2011-08-26,sh.600603,9.6600,4131708,1,1
2011-08-29,sh.600603,9.7000,3238066,1,1
2011-08-30,sh.600603,9.6700,2623010,1,1
2011-08-31,sh.600603,9.9800,5832063,1,1
2011-09-01,sh.600603,9.9100,8598334,1,1
2011-09-02,sh.600603,9.5900,4550764,1,1
2011-09-05,sh.600603,9.5900,2516869,1,1
2011-09-06,sh.600603,9.8100,3684801,1,1
2011-09-07,sh.600603,9.8100,2496009,1,1
2011-09-08,sh.600603,9.8200,2626321,1,1
2011-09-09,sh.600603,9.4600,4699983,1,1
2011-09-13,sh.600603,9.1400,3326897,1,1
2011-09-14,sh.600603,9.2200,2071812,1,1
2011-09-15,sh.600603,9.1900,1860033,1,1
2011-09-16,sh.600603,9.1700,1870069,1,1
2011-09-19,sh.600603,9.0600,1813903,1,1
2011-09-20,sh.600603,9.2600,3430206,1,1
2011-09-21,sh.600603,9.4100,2031123,1,1
2011-09-22,sh.600603,9.1900,1830124,1,1
2011-09-23,sh.600603,9.3400,2965488,1,1
2011-09-26,sh.600603,9.1800,1421976,1,1
2011-09-27,sh.600603,9.1800,1169192,1,1
2011-09-28,sh.600603,9.0600,1275986,1,1
2011-09-29,sh.600603,8.6100,4014479,1,1
2011-09-30,sh.600603,8.6300,2620342,1,1
2011-10-10,sh.600603,8.7700,1779636,1,1
2011-10-11,sh.600603,8.8600,1645152,1,1
2011-10-12,sh.600603,9.0300,1241650,1,1
2011-10-13,sh.600603,9.0800,1140441,1,1
2011-10-14,sh.600603,9.5300,4711614,1,1
2011-10-17,sh.600603,9.4600,2146559,1,1
2011-10-18,sh.600603,9.2700,2010474,1,1
2011-10-19,sh.600603,9.3100,920599,1,1
2011-10-20,sh.600603,9.0400,2072965,1,1
2011-10-21,sh.600603,9.0900,1403538,1,1
2011-10-24,sh.600603,9.1600,1365751,1,1
2011-10-25,sh.600603,9.2900,1601436,1,1
2011-10-26,sh.600603,9.3300,1664538,1,1
2011-10-27,sh.600603,9.3300,0,0,1
2011-10-28,sh.600603,9.3300,0,0,1
2011-10-31,sh.600603,9.3300,0,0,1
2011-11-01,sh.600603,9.3300,0,0,1
2011-11-02,sh.600603,9.3300,0,0,1
2011-11-03,sh.600603,9.3300,0,0,1
2011-11-04,sh.600603,9.3300,0,0,1
2011-11-07,sh.600603,9.3300,0,0,1
2011-11-08,sh.600603,9.3300,0,0,1
2011-11-09,sh.600603,9.3300,0,0,1
2011-11-10,sh.600603,9.3300,0,0,1
2011-11-11,sh.600603,9.3300,0,0,1
2011-11-14,sh.600603,9.3300,0,0,1
2011-11-15,sh.600603,9.3300,0,0,1
2011-11-16,sh.600603,9.3300,0,0,1
2011-11-17,sh.600603,9.3300,0,0,1
2011-11-18,sh.600603,9.3300,0,0,1
2011-11-21,sh.600603,9.3300,0,0,1
2011-11-22,sh.600603,9.3300,0,0,1
2011-11-23,sh.600603,9.3300,0,0,1
2011-11-24,sh.600603,9.3300,0,0,1
2011-11-25,sh.600603,9.3300,0,0,1
2011-11-28,sh.600603,9.3300,0,0,1
2011-11-29,sh.600603,9.3300,0,0,1
2011-11-30,sh.600603,9.3300,0,0,1
2011-12-01,sh.600603,9.3300,0,0,1
2011-12-02,sh.600603,9.3300,0,0,1
2011-12-05,sh.600603,9.3300,0,0,1
2011-12-06,sh.600603,9.3300,0,0,1
2011-12-07,sh.600603,9.3300,0,0,1
2011-12-08,sh.600603,9.3300,0,0,1
2011-12-09,sh.600603,9.3300,0,0,1
2011-12-12,sh.600603,9.3300,0,0,1
2011-12-13,sh.600603,9.3300,0,0,1
2011-12-14,sh.600603,9.3300,0,0,1
2011-12-15,sh.600603,9.3300,0,0,1
2011-12-16,sh.600603,9.3300,0,0,1
2011-12-19,sh.600603,9.3300,0,0,1
2011-12-20,sh.600603,9.3300,0,0,1
2011-12-21,sh.600603,9.3300,0,0,1
2011-12-22,sh.600603,9.3300,0,0,1
2011-12-23,sh.600603,9.3300,0,0,1
2011-12-26,sh.600603,9.3300,0,0,1
2011-12-27,sh.600603,9.3300,0,0,1
2011-12-28,sh.600603,9.3300,0,0,1
2011-12-29,sh.600603,9.3300,0,0,1
2011-12-30,sh.600603,9.3300,0,0,1
2012-01-04,sh.600603,9.3300,0,0,1
2012-01-05,sh.600603,9.3300,0,0,1
2012-01-06,sh.600603,9.3300,0,0,1
2012-01-09,sh.600603,9.3300,0,0,1
2012-01-10,sh.600603,9.3300,0,0,1
2012-01-11,sh.600603,9.3300,0,0,1
2012-01-12,sh.600603,9.3300,0,0,1
2012-01-13,sh.600603,9.3300,0,0,1
2012-01-16,sh.600603,9.3300,0,0,1
2012-01-17,sh.600603,9.3300,0,0,1
2012-01-18,sh.600603,9.3300,0,0,1
2012-01-19,sh.600603,9.3300,0,0,1
2012-01-20,sh.600603,9.3300,0,0,1
2012-01-30,sh.600603,9.3300,0,0,1
2012-01-31,sh.600603,9.3300,0,0,1
2012-02-01,sh.600603,9.3300,0,0,1
2012-02-02,sh.600603,9.3300,0,0,1
2012-02-03,sh.600603,9.3300,0,0,1
2012-02-06,sh.600603,9.3300,0,0,1
2012-02-07,sh.600603,9.3300,0,0,1
2012-02-08,sh.600603,9.3300,0,0,1
2012-02-09,sh.600603,9.3300,0,0,1
2012-02-10,sh.600603,9.3300,0,0,1
2012-02-13,sh.600603,9.3300,0,0,1
2012-02-14,sh.600603,9.3300,0,0,1
2012-02-15,sh.600603,9.3300,0,0,1
2012-02-16,sh.600603,9.3300,0,0,1
2012-02-17,sh.600603,9.3300,0,0,1
2012-02-20,sh.600603,9.3300,0,0,1
2012-02-21,sh.600603,9.3300,0,0,1
2012-02-22,sh.600603,9.3300,0,0,1
2012-02-23,sh.600603,9.3300,0,0,1
2012-02-24,sh.600603,9.3300,0,0,1
2012-02-27,sh.600603,9.3300,0,0,1
2012-02-28,sh.600603,9.3300,0,0,1
2012-02-29,sh.600603,9.3300,0,0,1
2012-03-01,sh.600603,9.3300,0,0,1
2012-03-02,sh.600603,9.3300,0,0,1
2012-03-05,sh.600603,9.3300,0,0,1
2012-03-06,sh.600603,9.3300,0,0,1
2012-03-07,sh.600603,9.3300,0,0,1
2012-03-08,sh.600603,9.3300,0,0,1
2012-03-09,sh.600603,9.3300,0,0,1
2012-03-12,sh.600603,9.3300,0,0,1
2012-03-13,sh.600603,9.3300,0,0,1
2012-03-14,sh.600603,9.3300,0,0,1
2012-03-15,sh.600603,9.3300,0,0,1
2012-03-16,sh.600603,9.3300,0,0,1
2012-03-19,sh.600603,9.3300,0,0,1
2012-03-20,sh.600603,9.3300,0,0,1
2012-03-21,sh.600603,9.3300,0,0,1
2012-03-22,sh.600603,9.3300,0,0,1
2012-03-23,sh.600603,9.3300,0,0,1
2012-03-26,sh.600603,9.3300,0,0,1
2012-03-27,sh.600603,9.3300,0,0,1
2012-03-28,sh.600603,9.3300,0,0,1
2012-03-29,sh.600603,9.3300,0,0,1
2012-03-30,sh.600603,9.3300,0,0,1
2012-04-05,sh.600603,9.3300,0,0,1
2012-04-06,sh.600603,9.3300,0,0,1
2012-04-09,sh.600603,9.3300,0,0,1
2012-04-10,sh.600603,9.3300,0,0,1
2012-04-11,sh.600603,9.3300,0,0,1
2012-04-12,sh.600603,9.3300,0,0,1
2012-04-13,sh.600603,9.3300,0,0,1
2012-04-16,sh.600603,9.3300,0,0,1
2012-04-17,sh.600603,9.3300,0,0,1
2012-04-18,sh.600603,9.3300,0,0,1
2012-04-19,sh.600603,9.3300,0,0,1
2012-04-20,sh.600603,9.3300,0,0,1
2012-04-23,sh.600603,9.3300,0,0,1
2012-04-24,sh.600603,9.3300,0,0,1
2012-04-25,sh.600603,9.3300,0,0,1
2012-04-26,sh.600603,9.3300,0,0,1
2012-04-27,sh.600603,9.3300,0,0,1
2012-05-02,sh.600603,9.3300,0,0,1
2012-05-03,sh.600603,9.3300,0,0,1
2012-05-04,sh.600603,9.3300,0,0,1
2012-05-07,sh.600603,9.3300,0,0,1
2012-05-08,sh.600603,9.3300,0,0,1
2012-05-09,sh.600603,9.3300,0,0,1
2012-05-10,sh.600603,9.3300,0,0,1
2012-05-11,sh.600603,9.3300,0,0,1
2012-05-14,sh.600603,9.3300,0,0,1
2012-05-15,sh.600603,9.3300,0,0,1
2012-05-16,sh.600603,9.3300,0,0,1
2012-05-17,sh.600603,9.3300,0,0,1
2012-05-18,sh.600603,9.3300,0,0,1
2012-05-21,sh.600603,9.3300,0,0,1
2012-05-22,sh.600603,9.3300,0,0,1
2012-05-23,sh.600603,9.3300,0,0,1
2012-05-24,sh.600603,9.3300,0,0,1
2012-05-25,sh.600603,9.3300,0,0,1
2012-05-28,sh.600603,8.8600,11000,1,1
2012-05-29,sh.600603,8.4200,206300,1,1
2012-05-30,sh.600603,8.0000,243600,1,1
2012-05-31,sh.600603,7.6000,454100,1,1
2012-06-01,sh.600603,7.2200,605200,1,1
2012-06-04,sh.600603,6.8600,401800,1,1
2012-06-05,sh.600603,6.5200,904200,1,1
2012-06-06,sh.600603,6.1900,1114900,1,1
2012-06-07,sh.600603,5.8800,995400,1,1
2012-06-08,sh.600603,5.6900,34301676,1,1
2012-06-11,sh.600603,5.4900,22403764,1,1
2012-06-12,sh.600603,5.7600,23625765,1,1
2012-06-13,sh.600603,6.0500,10779416,1,1
2012-06-14,sh.600603,5.9300,29567041,1,1
2012-06-15,sh.600603,6.2300,21111457,1,1
2012-06-18,sh.600603,6.2300,0,0,1
2012-06-19,sh.600603,6.2300,0,0,1
2012-06-20,sh.600603,6.2300,0,0,1
2012-06-21,sh.600603,6.2300,0,0,1
2012-06-25,sh.600603,6.2300,0,0,1
2012-06-26,sh.600603,5.9500,19584093,1,1
2012-06-27,sh.600603,5.6500,11591253,1,1
2012-06-28,sh.600603,5.9300,14720816,1,1
2012-06-29,sh.600603,5.8700,10250951,1,1
2012-07-02,sh.600603,5.6900,8541454,1,1
2012-07-03,sh.600603,5.7500,7682955,1,1
2012-07-04,sh.600603,5.5700,6507653,1,1
2012-07-05,sh.600603,5.2900,8004993,1,1
2012-07-06,sh.600603,5.2500,7514463,1,1
2012-07-09,sh.600603,5.3100,8014859,1,1
2012-07-10,sh.600603,5.3800,5008925,1,1
2012-07-11,sh.600603,5.1800,5389776,1,1
2012-07-12,sh.600603,5.2900,5555959,1,1
2012-07-13,sh.600603,5.2500,4063466,1,1
2012-07-16,sh.600603,5.5000,10885285,1,1
2012-07-17,sh.600603,5.4200,6625890,1,1
2012-07-18,sh.600603,5.6200,9061602,1,1
2012-07-19,sh.600603,5.5600,6712292,1,1
2012-07-20,sh.600603,5.4500,4773193,1,1
2012-07-23,sh.600603,5.2300,4919370,1,1
2012-07-24,sh.600603,5.2100,2692685,1,1
2012-07-25,sh.600603,5.2200,2447910,1,1
2012-07-26,sh.600603,5.1300,2764659,1,1
2012-07-27,sh.600603,5.0700,3333488,1,1
2012-07-30,sh.600603,4.8200,667200,1,1
2012-07-31,sh.600603,4.5800,185200,1,1
2012-08-01,sh.600603,4.3500,8136341,1,1
2012-08-02,sh.600603,4.1300,9285665,1,1
2012-08-03,sh.600603,4.0100,15032168,1,1
2012-08-06,sh.600603,4.0700,9630520,1,1
2012-08-07,sh.600603,4.2700,11486014,1,1
2012-08-08,sh.600603,4.1000,10261412,1,1
2012-08-09,sh.600603,4.1700,6794375,1,1
2012-08-10,sh.600603,4.1200,5160229,1,1
2012-08-13,sh.600603,3.9100,6619406,1,1
2012-08-14,sh.600603,3.8400,6062746,1,1
2012-08-15,sh.600603,3.8100,3448937,1,1
2012-08-16,sh.600603,3.9200,6346582,1,1
2012-08-17,sh.600603,4.0300,6582200,1,1
2012-08-20,sh.600603,4.0100,4364669,1,1
2012-08-21,sh.600603,4.1100,6501624,1,1
2012-08-22,sh.600603,4.3100,13016882,1,1
2012-08-23,sh.600603,4.4700,11180797,1,1
2012-08-24,sh.600603,4.2500,8560611,1,1
2012-08-27,sh.600603,4.0900,7908699,1,1
2012-08-28,sh.600603,4.1400,4009977,1,1
2012-08-29,sh.600603,4.0300,4038382,1,1
2012-08-30,sh.600603,4.0400,4359643,1,1
2012-08-31,sh.600603,4.1700,5730982,1,1
2012-09-03,sh.600603,4.1800,4205082,1,1
2012-09-04,sh.600603,4.2900,5278183,1,1
2012-09-05,sh.600603,4.2900,3668379,1,1
2012-09-06,sh.600603,4.2800,2829700,1,1
2012-09-07,sh.600603,4.3700,6298841,1,1
2012-09-10,sh.600603,4.4000,5156245,1,1
2012-09-11,sh.600603,4.6200,8942009,1,1
2012-09-12,sh.600603,4.6100,9972522,1,1
2012-09-13,sh.600603,4.4800,5864715,1,1
2012-09-14,sh.600603,4.5300,4176632,1,1
2012-09-17,sh.600603,4.4500,5332058,1,1
2012-09-18,sh.600603,4.3300,4194978,1,1
2012-09-19,sh.600603,4.3300,3146637,1,1
2012-09-20,sh.600603,4.2400,4164162,1,1
2012-09-21,sh.600603,4.0300,5425020,1,1
2012-09-24,sh.600603,4.0400,3651454,1,1
2012-09-25,sh.600603,3.9900,2472880,1,1
2012-09-26,sh.600603,3.8800,2598568,1,1
2012-09-27,sh.600603,3.9900,3546928,1,1
2012-09-28,sh.600603,4.0500,2959522,1,1
2012-10-08,sh.600603,4.2000,3733379,1,1
2012-10-09,sh.600603,4.2500,3650638,1,1
2012-10-10,sh.600603,4.3400,4342884,1,1
2012-10-11,sh.600603,4.4500,8436699,1,1
2012-10-12,sh.600603,4.4000,8303046,1,1
2012-10-15,sh.600603,4.6200,15402459,1,1
2012-10-16,sh.600603,4.5700,8778823,1,1
2012-10-17,sh.600603,4.5800,4345341,1,1
2012-10-18,sh.600603,4.5700,4947706,1,1
2012-10-19,sh.600603,4.6600,5274158,1,1
2012-10-22,sh.600603,4.6900,4992384,1,1
2012-10-23,sh.600603,4.5700,4698822,1,1
2012-10-24,sh.600603,4.8000,12135404,1,1
2012-10-25,sh.600603,4.5700,9323387,1,1
2012-10-26,sh.600603,4.5300,6422402,1,1
2012-10-29,sh.600603,4.4100,4643022,1,1
2012-10-30,sh.600603,4.3700,2729554,1,1
2012-10-31,sh.600603,4.4900,4877005,1,1
2012-11-01,sh.600603,4.6300,4648265,1,1
2012-11-02,sh.600603,4.7400,6165056,1,1
2012-11-05,sh.600603,4.8100,5469050,1,1
2012-11-06,sh.600603,4.7400,5071332,1,1
2012-11-07,sh.600603,4.7200,3479706,1,1
2012-11-08,sh.600603,4.5500,3352495,1,1
2012-11-09,sh.600603,4.7800,9086950,1,1
2012-11-12,sh.600603,4.8100,7245151,1,1
2012-11-13,sh.600603,4.5700,5537864,1,1
2012-11-14,sh.600603,4.5100,5341595,1,1
2012-11-15,sh.600603,4.3500,2828215,1,1
2012-11-16,sh.600603,4.4000,2398057,1,1
2012-11-19,sh.600603,4.4800,2309400,1,1
2012-11-20,sh.600603,4.4600,3430545,1,1
2012-11-21,sh.600603,4.5000,2287699,1,1
2012-11-22,sh.600603,4.4700,1767305,1,1
2012-11-23,sh.600603,4.4500,1733628,1,1
2012-11-26,sh.600603,4.4400,1262384,1,1
2012-11-27,sh.600603,4.2200,3261799,1,1
2012-11-28,sh.600603,4.0100,2834700,1,1
2012-11-29,sh.600603,3.9100,3154281,1,1
2012-11-30,sh.600603,3.9600,2873228,1,1
2012-12-03,sh.600603,3.7600,6409189,1,1
2012-12-04,sh.600603,3.7000,5149570,1,1
2012-12-05,sh.600603,3.8300,5275573,1,1
2012-12-06,sh.600603,3.8600,2642697,1,1
2012-12-07,sh.600603,3.9300,3972891,1,1
2012-12-10,sh.600603,4.0100,3265050,1,1
2012-12-11,sh.600603,3.9900,3157712,1,1
2012-12-12,sh.600603,3.9600,2701191,1,1
2012-12-13,sh.600603,3.9400,1994065,1,1
2012-12-14,sh.600603,4.1000,5233708,1,1
2012-12-17,sh.600603,4.0500,6287511,1,1
2012-12-18,sh.600603,4.0000,6162121,1,1
2012-12-19,sh.600603,4.0600,5622659,1,1
2012-12-20,sh.600603,4.1000,6433456,1,1
2012-12-21,sh.600603,4.0600,4162252,1,1
2012-12-24,sh.600603,4.0500,3520698,1,1
2012-12-25,sh.600603,4.0800,4852437,1,1
2012-12-26,sh.600603,4.1800,5259590,1,1
2012-12-27,sh.600603,4.2800,7132104,1,1
2012-12-28,sh.600603,4.4900,9086452,1,1
2012-12-31,sh.600603,4.4200,10444506,1,1
2013-01-04,sh.600603,4.2000,1598700,1,1
2013-01-07,sh.600603,4.2500,4016969,1,1
2013-01-08,sh.600603,4.3500,3674140,1,1
2013-01-09,sh.600603,4.3400,3849895,1,1
2013-01-10,sh.600603,4.3200,2340927,1,1
2013-01-11,sh.600603,4.3300,4102949,1,1
2013-01-14,sh.600603,4.4300,4192002,1,1
2013-01-15,sh.600603,4.4900,3746190,1,1
2013-01-16,sh.600603,4.5600,4397621,1,1
2013-01-17,sh.600603,4.5400,3495183,1,1
2013-01-18,sh.600603,4.5600,3923968,1,1
2013-01-21,sh.600603,4.7900,7287694,1,1
2013-01-22,sh.600603,4.8900,11729706,1,1
2013-01-23,sh.600603,4.7900,6328158,1,1
2013-01-24,sh.600603,4.7300,4972234,1,1
2013-01-25,sh.600603,4.9700,8219309,1,1
2013-01-28,sh.600603,5.1200,7521463,1,1
2013-01-29,sh.600603,5.1000,5370121,1,1
2013-01-30,sh.600603,5.2600,6219125,1,1
2013-01-31,sh.600603,5.1400,5253943,1,1
2013-02-01,sh.600603,5.1400,4146697,1,1
2013-02-04,sh.600603,4.8800,6718132,1,1
2013-02-05,sh.600603,4.9600,2914969,1,1
2013-02-06,sh.600603,5.0800,3581835,1,1
2013-02-07,sh.600603,5.2200,4651972,1,1
2013-02-08,sh.600603,5.1400,4052427,1,1
2013-02-18,sh.600603,5.3200,4861354,1,1
2013-02-19,sh.600603,5.2300,4343403,1,1
2013-02-20,sh.600603,5.3000,2829242,1,1
2013-02-21,sh.600603,5.0700,4467678,1,1
2013-02-22,sh.600603,5.1100,1992016,1,1
2013-02-25,sh.600603,5.1600,1767642,1,1
2013-02-26,sh.600603,5.0800,2655270,1,1
2013-02-27,sh.600603,5.0500,3519085,1,1
2013-02-28,sh.600603,5.0800,3638796,1,1
2013-03-01,sh.600603,5.2200,4463724,1,1
2013-03-04,sh.600603,5.0100,5089110,1,1
2013-03-05,sh.600603,5.1200,2686222,1,1
2013-03-06,sh.600603,5.1900,3573054,1,1
2013-03-07,sh.600603,5.0900,3552681,1,1
2013-03-08,sh.600603,5.1600,5120003,1,1
2013-03-11,sh.600603,5.2000,3083083,1,1
2013-03-12,sh.600603,5.4400,10949503,1,1
2013-03-13,sh.600603,5.5000,6522607,1,1
2013-03-14,sh.600603,5.4400,4110254,1,1
2013-03-15,sh.600603,5.6900,5961069,1,1
2013-03-18,sh.600603,5.7100,5481740,1,1
2013-03-19,sh.600603,5.5900,4094335,1,1
2013-03-20,sh.600603,5.4900,7770428,1,1
2013-03-21,sh.600603,5.5400,4436894,1,1
2013-03-22,sh.600603,5.4300,4171957,1,1
2013-03-25,sh.600603,5.4700,4391512,1,1
2013-03-26,sh.600603,5.6300,4372303,1,1
2013-03-27,sh.600603,5.5900,3354282,1,1
2013-03-28,sh.600603,5.5600,4387129,1,1
2013-03-29,sh.600603,5.8400,6741299,1,1
2013-04-01,sh.600603,5.8400,4902981,1,1
2013-04-02,sh.600603,6.0800,7355279,1,1
2013-04-03,sh.600603,5.7800,7387990,1,1
2013-04-08,sh.600603,5.6300,5149785,1,1
2013-04-09,sh.600603,5.7900,2272259,1,1
2013-04-10,sh.600603,5.9300,3587230,1,1
2013-04-11,sh.600603,5.8700,2025369,1,1
2013-04-12,sh.600603,5.8900,1727960,1,1
2013-04-15,sh.600603,5.6000,4130066,1,1
2013-04-16,sh.600603,5.5600,2856947,1,1
2013-04-17,sh.600603,5.5500,1586297,1,1
2013-04-18,sh.600603,5.6200,1779189,1,1
2013-04-19,sh.600603,5.6400,2030880,1,1
2013-04-22,sh.600603,5.6000,3181602,1,1
2013-04-23,sh.600603,5.4300,2395169,1,1
2013-04-24,sh.600603,5.4800,2619148,1,1
2013-04-25,sh.600603,5.2100,5114984,1,1
2013-04-26,sh.600603,5.0800,2281599,1,1
2013-05-02,sh.600603,5.0500,2024146,1,1
2013-05-03,sh.600603,5.1300,1918793,1,1
2013-05-06,sh.600603,5.2600,1669601,1,1
2013-05-07,sh.600603,5.2600,1788470,1,1
2013-05-08,sh.600603,5.2300,1748673,1,1
2013-05-09,sh.600603,5.3700,2940864,1,1
2013-05-10,sh.600603,5.3800,1468336,1,1
2013-05-13,sh.600603,5.3500,1781990,1,1
2013-05-14,sh.600603,5.3000,1434016,1,1
2013-05-15,sh.600603,5.3900,1754751,1,1
2013-05-16,sh.600603,5.4500,1564824,1,1
2013-05-17,sh.600603,5.4500,1809539,1,1
2013-05-20,sh.600603,5.5200,1991519,1,1
2013-05-21,sh.600603,5.5700,1665445,1,1
2013-05-22,sh.600603,5.5700,1685252,1,1
2013-05-23,sh.600603,5.4600,1968986,1,1
2013-05-24,sh.600603,5.5000,1050891,1,1
2013-05-27,sh.600603,5.7000,3893145,1,1
2013-05-28,sh.600603,5.5800,5175485,1,1
2013-05-29,sh.600603,5.5900,3144956,1,1
2013-05-30,sh.600603,5.6100,2585645,1,1
2013-05-31,sh.600603,5.6200,2460189,1,1
2013-06-03,sh.600603,5.7400,4017366,1,1
2013-06-04,sh.600603,5.5200,2993945,1,1
2013-06-05,sh.600603,5.6100,2525760,1,1
2013-06-06,sh.600603,5.5900,1927407,1,1
2013-06-07,sh.600603,5.4900,1922851,1,1
2013-06-13,sh.600603,5.2200,1795850,1,1
2013-06-14,sh.600603,5.4300,3248096,1,1
2013-06-17,sh.600603,5.4500,1516769,1,1
2013-06-18,sh.600603,5.5600,1455660,1,1
2013-06-19,sh.600603,5.4600,1895074,1,1
2013-06-20,sh.600603,5.4500,2330321,1,1
2013-06-21,sh.600603,5.3900,1718374,1,1
2013-06-24,sh.600603,5.1200,2775240,1,1
2013-06-25,sh.600603,4.8700,3622303,1,1
2013-06-26,sh.600603,4.9300,1574576,1,1
2013-06-27,sh.600603,4.6800,2760559,1,1
2013-06-28,sh.600603,4.8900,4336330,1,1
2013-07-01,sh.600603,4.8500,1567454,1,1
2013-07-02,sh.600603,4.9000,1227201,1,1
2013-07-03,sh.600603,4.9100,1204352,1,1
2013-07-04,sh.600603,4.9200,2712490,1,1
2013-07-05,sh.600603,4.9300,1888900,1,1
2013-07-08,sh.600603,4.7200,1355554,1,1
2013-07-09,sh.600603,4.7800,800273,1,1
2013-07-10,sh.600603,4.8900,914623,1,1
2013-07-11,sh.600603,4.9400,2021776,1,1
2013-07-12,sh.600603,4.8800,1294700,1,1
2013-07-15,sh.600603,4.8900,1125059,1,1
2013-07-16,sh.600603,4.9600,1962085,1,1
2013-07-17,sh.600603,4.9100,1582840,1,1
2013-07-18,sh.600603,4.9000,1721380,1,1
2013-07-19,sh.600603,4.8700,1767737,1,1
2013-07-22,sh.600603,4.7700,2721594,1,1
2013-07-23,sh.600603,4.8600,2175309,1,1
2013-07-24,sh.600603,4.8100,1757259,1,1
2013-07-25,sh.600603,4.6900,2463882,1,1
2013-07-26,sh.600603,4.7900,2119819,1,1
2013-07-29,sh.600603,4.8600,2756768,1,1
2013-07-30,sh.600603,4.9300,1452550,1,1
2013-07-31,sh.600603,5.0600,3139013,1,1
2013-08-01,sh.600603,5.0400,2352313,1,1
2013-08-02,sh.600603,5.2900,4680755,1,1
2013-08-05,sh.600603,5.3000,2555142,1,1
2013-08-06,sh.600603,5.3100,1894184,1,1
2013-08-07,sh.600603,5.2800,935707,1,1
2013-08-08,sh.600603,5.2900,1138050,1,1
2013-08-09,sh.600603,5.3000,1402855,1,1
2013-08-12,sh.600603,5.3300,1947374,1,1
2013-08-13,sh.600603,5.4300,1556451,1,1
2013-08-14,sh.600603,5.3800,1788232,1,1
2013-08-15,sh.600603,5.4800,1821538,1,1
2013-08-16,sh.600603,5.4200,1686049,1,1
2013-08-19,sh.600603,5.4200,2017026,1,1
2013-08-20,sh.600603,5.3900,2446056,1,1
2013-08-21,sh.600603,5.5500,2728065,1,1
2013-08-22,sh.600603,5.6200,3916129,1,1
2013-08-23,sh.600603,5.6000,2937627,1,1
2013-08-26,sh.600603,5.7000,1847321,1,1
2013-08-27,sh.600603,5.7300,1607937,1,1
2013-08-28,sh.600603,5.6000,2605187,1,1
2013-08-29,sh.600603,5.5500,1571132,1,1
2013-08-30,sh.600603,5.4700,2288723,1,1
2013-09-02,sh.600603,5.4700,1194015,1,1
2013-09-03,sh.600603,5.6100,1442212,1,1
2013-09-04,sh.600603,5.5600,1134559,1,1
2013-09-05,sh.600603,5.5600,1266632,1,1
2013-09-06,sh.600603,5.5600,1654514,1,1
2013-09-09,sh.600603,5.5800,1602486,1,1
2013-09-10,sh.600603,5.5400,3428061,1,1
2013-09-11,sh.600603,5.3200,5033561,1,1
2013-09-12,sh.600603,5.3800,2825858,1,1
2013-09-13,sh.600603,5.4100,1663501,1,1
2013-09-16,sh.600603,5.5100,1893596,1,1
2013-09-17,sh.600603,5.4100,1913652,1,1
2013-09-18,sh.600603,5.5200,1899653,1,1
2013-09-23,sh.600603,5.5300,1277646,1,1
2013-09-24,sh.600603,5.5000,2085684,1,1
2013-09-25,sh.600603,5.4200,1721384,1,1
2013-09-26,sh.600603,5.3600,1188130,1,1
2013-09-27,sh.600603,5.3400,1204221,1,1
2013-09-30,sh.600603,5.4200,1189298,1,1
2013-10-08,sh.600603,5.4600,1962464,1,1
2013-10-09,sh.600603,5.4700,1708179,1,1
2013-10-10,sh.600603,5.6800,3643728,1,1
2013-10-11,sh.600603,5.7100,3450440,1,1
2013-10-14,sh.600603,5.6300,2427250,1,1
2013-10-15,sh.600603,5.6200,1828582,1,1
2013-10-16,sh.600603,5.5900,1871371,1,1
2013-10-17,sh.600603,5.5200,2161992,1,1
2013-10-18,sh.600603,5.6200,2294080,1,1
2013-10-21,sh.600603,5.6200,1930324,1,1
2013-10-22,sh.600603,5.5500,1728674,1,1
2013-10-23,sh.600603,5.4000,2120720,1,1
2013-10-24,sh.600603,5.3400,1536990,1,1
2013-10-25,sh.600603,5.3800,1221717,1,1
2013-10-28,sh.600603,5.3800,1092005,1,1
2013-10-29,sh.600603,5.1900,2239060,1,1
2013-10-30,sh.600603,5.2800,1333052,1,1
2013-10-31,sh.600603,5.3000,1184913,1,1
2013-11-01,sh.600603,5.3400,709986,1,1
2013-11-04,sh.600603,5.3500,1075558,1,1
2013-11-05,sh.600603,5.3800,987912,1,1
2013-11-06,sh.600603,5.4000,1916360,1,1
2013-11-07,sh.600603,5.3500,1237297,1,1
2013-11-08,sh.600603,5.2600,1314281,1,1
2013-11-11,sh.600603,5.2600,0,0,1
2013-11-12,sh.600603,5.2600,0,0,1
2013-11-13,sh.600603,5.2600,0,0,1
2013-11-14,sh.600603,5.2600,0,0,1
2013-11-15,sh.600603,5.2600,0,0,1
2013-11-18,sh.600603,5.2600,0,0,1
2013-11-19,sh.600603,5.2600,0,0,1
2013-11-20,sh.600603,5.2600,0,0,1
2013-11-21,sh.600603,5.2600,0,0,1
2013-11-22,sh.600603,5.2600,0,0,1
2013-11-25,sh.600603,5.2600,0,0,1
2013-11-26,sh.600603,5.2600,0,0,1
2013-11-27,sh.600603,5.2600,0,0,1
2013-11-28,sh.600603,5.2600,0,0,1
2013-11-29,sh.600603,5.2600,0,0,1
2013-12-02,sh.600603,5.2600,0,0,1
2013-12-03,sh.600603,5.2600,0,0,1
2013-12-04,sh.600603,5.2600,0,0,1
2013-12-05,sh.600603,5.2600,0,0,1
2013-12-06,sh.600603,5.2600,0,0,1
2013-12-09,sh.600603,5.2600,0,0,1
2013-12-10,sh.600603,5.2600,0,0,1
2013-12-11,sh.600603,5.2600,0,0,1
2013-12-12,sh.600603,5.2600,0,0,1
2013-12-13,sh.600603,5.2600,0,0,1
2013-12-16,sh.600603,5.2600,0,0,1
2013-12-17,sh.600603,5.2600,0,0,1
2013-12-18,sh.600603,5.2600,0,0,1
2013-12-19,sh.600603,5.2600,0,0,1
2013-12-20,sh.600603,5.2600,0,0,1
2013-12-23,sh.600603,5.2600,0,0,1
2013-12-24,sh.600603,5.2600,0,0,1
2013-12-25,sh.600603,5.2600,0,0,1
2013-12-26,sh.600603,5.2600,0,0,1
2013-12-27,sh.600603,5.2600,0,0,1
2013-12-30,sh.600603,5.2600,0,0,1
2013-12-31,sh.600603,5.2600,0,0,1
2014-01-02,sh.600603,5.2600,0,0,1
2014-01-03,sh.600603,5.2600,0,0,1
2014-01-06,sh.600603,5.2600,0,0,1
2014-01-07,sh.600603,5.2600,0,0,1
2014-01-08,sh.600603,5.2600,0,0,1
2014-01-09,sh.600603,5.2600,0,0,1
2014-01-10,sh.600603,5.2600,0,0,1
2014-01-13,sh.600603,5.2600,0,0,1
2014-01-14,sh.600603,5.2600,0,0,1
2014-01-15,sh.600603,5.2600,0,0,1
2014-01-16,sh.600603,5.0000,7815300,1,1
2014-01-17,sh.600603,5.0200,5210754,1,1
2014-01-20,sh.600603,5.0400,2694480,1,1
2014-01-21,sh.600603,5.0400,2019319,1,1
2014-01-22,sh.600603,5.0800,4176022,1,1
2014-01-23,sh.600603,5.1300,3265877,1,1
2014-01-24,sh.600603,5.1000,2603982,1,1
2014-01-27,sh.600603,5.0300,2363198,1,1
2014-01-28,sh.600603,5.0900,2225495,1,1
2014-01-29,sh.600603,5.1400,2085983,1,1
2014-01-30,sh.600603,5.1700,2827990,1,1
2014-02-07,sh.600603,5.2700,2536557,1,1
2014-02-10,sh.600603,5.4800,3230496,1,1
2014-02-11,sh.600603,5.6300,5085600,1,1
2014-02-12,sh.600603,5.6200,2583823,1,1
2014-02-13,sh.600603,5.5800,1894600,1,1
2014-02-14,sh.600603,5.7000,2013473,1,1
2014-02-17,sh.600603,5.8700,2820034,1,1
2014-02-18,sh.600603,5.9800,3963759,1,1
2014-02-19,sh.600603,5.9700,2914726,1,1
2014-02-20,sh.600603,5.9300,4278126,1,1
2014-02-21,sh.600603,5.9200,3194817,1,1
2014-02-24,sh.600603,5.7600,5542497,1,1
2014-02-25,sh.600603,5.5900,4048217,1,1
2014-02-26,sh.600603,5.6900,2893943,1,1
2014-02-27,sh.600603,5.6700,3402262,1,1
2014-02-28,sh.600603,5.6700,0,0,1
2014-03-03,sh.600603,5.6700,0,0,1
2014-03-04,sh.600603,5.6700,0,0,1
2014-03-05,sh.600603,5.6700,0,0,1
2014-03-06,sh.600603,5.6700,0,0,1
2014-03-07,sh.600603,5.6700,0,0,1
2014-03-10,sh.600603,6.2400,10458267,1,0
2014-03-11,sh.600603,6.8600,43826160,1,0
2014-03-12,sh.600603,7.5500,43109886,1,0
2014-03-13,sh.600603,7.3200,38173491,1,0
2014-03-14,sh.600603,7.4500,33759933,1,0
2014-03-17,sh.600603,7.5900,26384293,1,0
2014-03-18,sh.600603,7.3500,20432695,1,0
2014-03-19,sh.600603,7.5500,25065750,1,0
2014-03-20,sh.600603,7.5100,31486934,1,0
2014-03-21,sh.600603,7.3600,18006744,1,0
2014-03-24,sh.600603,7.4400,18474139,1,0
2014-03-25,sh.600603,7.0200,16902206,1,0
2014-03-26,sh.600603,7.1500,12045016,1,0
2014-03-27,sh.600603,7.0500,8879069,1,0
2014-03-28,sh.600603,6.5300,11992361,1,0
2014-03-31,sh.600603,6.6400,5828100,1,0
2014-04-01,sh.600603,6.7600,4567211,1,0
2014-04-02,sh.600603,6.6700,4911558,1,0
2014-04-03,sh.600603,6.6000,5829779,1,0
2014-04-04,sh.600603,6.6500,4766185,1,0
2014-04-08,sh.600603,6.7200,5219904,1,0
2014-04-09,sh.600603,6.9000,8606489,1,0
2014-04-10,sh.600603,6.9200,7548944,1,0
2014-04-11,sh.600603,6.8400,5624537,1,0
2014-04-14,sh.600603,6.7700,4095777,1,0
2014-04-15,sh.600603,6.9200,6078195,1,0
2014-04-16,sh.600603,6.9900,4969074,1,0
2014-04-17,sh.600603,6.8400,3827150,1,0
2014-04-18,sh.600603,6.7700,2388381,1,0
2014-04-21,sh.600603,6.5900,3805204,1,0
2014-04-22,sh.600603,6.6200,2469392,1,0
2014-04-23,sh.600603,6.5400,1721872,1,0
2014-04-24,sh.600603,6.8500,9686945,1,0
2014-04-25,sh.600603,6.6600,5410518,1,0
2014-04-28,sh.600603,6.0300,5519794,1,0
2014-04-29,sh.600603,6.1500,3172906,1,0
2014-04-30,sh.600603,6.2400,3910394,1,0
2014-05-05,sh.600603,6.3300,3330027,1,0
2014-05-06,sh.600603,6.2400,2126150,1,0
2014-05-07,sh.600603,6.1900,2033447,1,0
2014-05-08,sh.600603,6.2000,1844511,1,0
2014-05-09,sh.600603,6.1800,1861210,1,0
2014-05-12,sh.600603,6.3800,4611156,1,0
2014-05-13,sh.600603,6.2500,4385647,1,0
2014-05-14,sh.600603,6.2700,2718612,1,0
2014-05-15,sh.600603,6.1500,2490352,1,0
2014-05-16,sh.600603,6.1900,1872920,1,0
2014-05-19,sh.600603,6.1700,1466971,1,0
2014-05-20,sh.600603,6.2200,1941568,1,0
2014-05-21,sh.600603,6.2600,1749969,1,0
2014-05-22,sh.600603,6.3000,2927016,1,0
2014-05-23,sh.600603,6.3100,1702600,1,0
2014-05-26,sh.600603,6.4000,3155018,1,0
2014-05-27,sh.600603,6.5700,3342189,1,0
2014-05-28,sh.600603,6.5700,3157473,1,0
2014-05-29,sh.600603,6.4000,2614242,1,0
2014-05-30,sh.600603,6.4400,1309385,1,0
2014-06-03,sh.600603,6.6300,3814970,1,0
2014-06-04,sh.600603,6.7000,4440058,1,0
2014-06-05,sh.600603,6.9500,5229293,1,0
2014-06-06,sh.600603,6.9200,3773223,1,0
2014-06-09,sh.600603,7.0900,5563753,1,0
2014-06-10,sh.600603,7.1700,5450741,1,0
2014-06-11,sh.600603,7.1300,4041207,1,0
2014-06-12,sh.600603,7.1300,0,0,0
2014-06-13,sh.600603,7.1300,0,0,0
2014-06-16,sh.600603,7.1300,0,0,0
2014-06-17,sh.600603,7.1300,0,0,0
2014-06-18,sh.600603,7.1300,0,0,0
2014-06-19,sh.600603,7.1300,0,0,0
2014-06-20,sh.600603,7.1300,0,0,0
2014-06-23,sh.600603,7.1300,0,0,0
2014-06-24,sh.600603,7.1300,0,0,0
2014-06-25,sh.600603,7.1300,0,0,0
2014-06-26,sh.600603,7.1300,0,0,0
2014-06-27,sh.600603,7.1300,0,0,0
2014-06-30,sh.600603,7.1300,0,0,0
2014-07-01,sh.600603,7.1300,0,0,0
2014-07-02,sh.600603,7.1300,0,0,0
2014-07-03,sh.600603,7.1300,0,0,0
2014-07-04,sh.600603,7.1300,0,0,0
2014-07-07,sh.600603,7.1300,0,0,0
2014-07-08,sh.600603,7.1300,0,0,0
2014-07-09,sh.600603,7.1300,0,0,0
2014-07-10,sh.600603,7.1300,0,0,0
2014-07-11,sh.600603,7.1300,0,0,0
2014-07-14,sh.600603,7.1300,0,0,0
2014-07-15,sh.600603,7.1300,0,0,0
2014-07-16,sh.600603,7.1300,0,0,0
2014-07-17,sh.600603,7.1300,0,0,0
2014-07-18,sh.600603,7.1300,0,0,0
2014-07-21,sh.600603,7.1300,0,0,0
2014-07-22,sh.600603,7.1300,0,0,0
2014-07-23,sh.600603,7.1300,0,0,0
2014-07-24,sh.600603,7.1300,0,0,0
2014-07-25,sh.600603,7.1300,0,0,0
2014-07-28,sh.600603,7.1300,0,0,0
2014-07-29,sh.600603,7.1300,0,0,0
2014-07-30,sh.600603,7.1300,0,0,0
2014-07-31,sh.600603,7.8400,726129,1,0
2014-08-01,sh.600603,8.6200,334517,1,0
2014-08-04,sh.600603,8.8500,35796335,1,0
2014-08-05,sh.600603,8.5800,21422044,1,0
2014-08-06,sh.600603,8.4500,10846942,1,0
2014-08-07,sh.600603,8.1700,10809005,1,0
2014-08-08,sh.600603,8.1900,7034826,1,0
2014-08-11,sh.600603,8.2700,7056303,1,0
2014-08-12,sh.600603,8.1600,6438049,1,0
2014-08-13,sh.600603,8.0600,8985614,1,0
2014-08-14,sh.600603,8.2200,9579836,1,0
2014-08-15,sh.600603,8.2400,5093342,1,0
2014-08-18,sh.600603,8.3400,7166020,1,0
2014-08-19,sh.600603,8.6000,12515051,1,0
2014-08-20,sh.600603,8.3700,9216494,1,0
2014-08-21,sh.600603,8.4200,4593902,1,0
2014-08-22,sh.600603,8.3900,4489431,1,0
2014-08-25,sh.600603,8.4300,5864776,1,0
2014-08-26,sh.600603,8.2100,5512106,1,0
2014-08-27,sh.600603,8.1900,3783075,1,0
2014-08-28,sh.600603,8.2800,5677428,1,0
2014-08-29,sh.600603,8.4200,3623464,1,0
2014-09-01,sh.600603,8.4800,4089787,1,0
2014-09-02,sh.600603,8.6900,9625718,1,0
2014-09-03,sh.600603,8.7400,7594741,1,0
2014-09-04,sh.600603,8.7300,6879699,1,0
2014-09-05,sh.600603,8.9200,8178677,1,0
2014-09-09,sh.600603,8.9000,7187768,1,0
2014-09-10,sh.600603,9.0200,6185256,1,0
2014-09-11,sh.600603,9.1500,7650930,1,0
2014-09-12,sh.600603,9.2200,4554902,1,0
2014-09-15,sh.600603,9.5400,6488600,1,0
2014-09-16,sh.600603,8.9600,9723167,1,0
2014-09-17,sh.600603,9.1000,6159230,1,0
2014-09-18,sh.600603,8.9800,4710691,1,0
2014-09-19,sh.600603,9.1800,4999989,1,0
2014-09-22,sh.600603,8.8800,4609298,1,0
2014-09-23,sh.600603,9.1300,6406395,1,0
2014-09-24,sh.600603,9.2500,5669498,1,0
2014-09-25,sh.600603,9.4000,8545845,1,0
2014-09-26,sh.600603,9.5500,4657254,1,0
2014-09-29,sh.600603,10.0000,9339410,1,0
2014-09-30,sh.600603,10.2700,8198345,1,0
2014-10-08,sh.600603,10.8300,9347608,1,0
2014-10-09,sh.600603,10.9200,6500580,1,0
2014-10-10,sh.600603,10.7100,4902254,1,0
2014-10-13,sh.600603,10.6700,6294085,1,0
2014-10-14,sh.600603,10.4300,3326362,1,0
2014-10-15,sh.600603,10.6900,5573714,1,0
2014-10-16,sh.600603,10.5200,3829531,1,0
2014-10-17,sh.600603,10.0500,6035634,1,0
2014-10-20,sh.600603,10.1300,3166624,1,0
2014-10-21,sh.600603,10.0000,2423721,1,0
2014-10-22,sh.600603,9.7300,3127571,1,0
2014-10-23,sh.600603,9.3700,4493663,1,0
2014-10-24,sh.600603,9.4200,2799344,1,0
2014-10-27,sh.600603,9.5600,1897245,1,0
2014-10-28,sh.600603,10.0000,3132564,1,0
2014-10-29,sh.600603,10.1400,3550598,1,0
2014-10-30,sh.600603,10.0200,3171371,1,0
2014-10-31,sh.600603,9.8700,4876343,1,0
2014-11-03,sh.600603,10.1000,5067751,1,0
2014-11-04,sh.600603,9.8900,2195945,1,0
2014-11-05,sh.600603,9.8300,2510020,1,0
2014-11-06,sh.600603,9.7700,2341609,1,0
2014-11-07,sh.600603,9.7600,3331183,1,0
2014-11-10,sh.600603,9.8000,2208380,1,0
2014-11-11,sh.600603,9.3100,4351785,1,0
2014-11-12,sh.600603,9.5000,1842687,1,0
2014-11-13,sh.600603,9.1400,3334075,1,0
2014-11-14,sh.600603,9.0800,2408180,1,0
2014-11-17,sh.600603,9.2400,2177344,1,0
2014-11-18,sh.600603,9.4500,2572195,1,0
2014-11-19,sh.600603,9.3200,2656757,1,0
2014-11-20,sh.600603,9.3000,2780699,1,0
2014-11-21,sh.600603,9.4100,2016740,1,0
2014-11-24,sh.600603,9.3900,5392458,1,0
2014-11-25,sh.600603,9.5000,3611297,1,0
2014-11-26,sh.600603,9.7500,4842388,1,0
2014-11-27,sh.600603,9.7900,4928711,1,0
2014-11-28,sh.600603,9.6300,4836613,1,0
2014-12-01,sh.600603,9.2600,5438040,1,0
2014-12-02,sh.600603,9.4000,3523990,1,0
2014-12-03,sh.600603,9.4500,4174310,1,0
2014-12-04,sh.600603,9.4700,4938164,1,0
2014-12-05,sh.600603,8.9900,5841158,1,0
2014-12-08,sh.600603,8.7400,5525364,1,0
2014-12-09,sh.600603,8.1800,6525034,1,0
2014-12-10,sh.600603,8.6600,4947810,1,0
2014-12-11,sh.600603,8.7400,3224875,1,0
2014-12-12,sh.600603,9.0200,4431820,1,0
2014-12-15,sh.600603,9.0500,2944407,1,0
2014-12-16,sh.600603,8.9000,2956243,1,0
2014-12-17,sh.600603,8.6700,2298328,1,0
2014-12-18,sh.600603,8.5300,2190032,1,0
2014-12-19,sh.600603,8.2200,3841281,1,0
2014-12-22,sh.600603,7.7400,4422135,1,0
2014-12-23,sh.600603,7.8500,2053687,1,0
2014-12-24,sh.600603,8.2200,2548671,1,0
2014-12-25,sh.600603,8.3900,3730050,1,0
2014-12-26,sh.600603,8.2700,2389913,1,0
2014-12-29,sh.600603,8.9000,7236163,1,0
2014-12-30,sh.600603,8.4600,3227114,1,0
2014-12-31,sh.600603,8.5600,1522191,1,0
2015-01-05,sh.600603,8.6400,3373544,1,0
2015-01-06,sh.600603,8.6700,2904789,1,0
2015-01-07,sh.600603,8.6200,1787467,1,0
2015-01-08,sh.600603,8.5300,1274637,1,0
2015-01-09,sh.600603,8.3700,2868623,1,0
2015-01-12,sh.600603,8.1200,1951880,1,0
2015-01-13,sh.600603,8.2200,1673225,1,0
2015-01-14,sh.600603,8.2800,1989853,1,0
2015-01-15,sh.600603,8.2600,954350,1,0
2015-01-16,sh.600603,8.1500,2321685,1,0
2015-01-19,sh.600603,8.1500,0,0,0
2015-01-20,sh.600603,8.1500,0,0,0
2015-01-21,sh.600603,8.1500,0,0,0
2015-01-22,sh.600603,8.1500,0,0,0
2015-01-23,sh.600603,8.1500,0,0,0
2015-01-26,sh.600603,8.9700,3056592,1,0
2015-01-27,sh.600603,9.2100,19460750,1,0
2015-01-28,sh.600603,8.8700,8111805,1,0
2015-01-29,sh.600603,8.7400,4911877,1,0
2015-01-30,sh.600603,8.5800,4622045,1,0
2015-02-02,sh.600603,8.5000,3613231,1,0
2015-02-03,sh.600603,8.6200,3850087,1,0
2015-02-04,sh.600603,8.5500,3240880,1,0
2015-02-05,sh.600603,8.5500,3680660,1,0
2015-02-06,sh.600603,8.5800,3450222,1,0
2015-02-09,sh.600603,8.4100,2448621,1,0
2015-02-10,sh.600603,8.1900,2995949,1,0
2015-02-11,sh.600603,8.2700,3022722,1,0
2015-02-12,sh.600603,8.2600,2490343,1,0
2015-02-13,sh.600603,8.4100,3082415,1,0
2015-02-16,sh.600603,8.6400,4176565,1,0
2015-02-17,sh.600603,8.6400,2274542,1,0
2015-02-25,sh.600603,8.7800,3989393,1,0
2015-02-26,sh.600603,8.9000,4428637,1,0
2015-02-27,sh.600603,8.8900,2845523,1,0
2015-03-02,sh.600603,9.0600,5270251,1,0
2015-03-03,sh.600603,9.1100,9040919,1,0
2015-03-04,sh.600603,9.1500,4740523,1,0
2015-03-05,sh.600603,9.1200,5193545,1,0
2015-03-06,sh.600603,9.3800,11734434,1,0
2015-03-09,sh.600603,9.5000,8993959,1,0
2015-03-10,sh.600603,9.7800,7671338,1,0
2015-03-11,sh.600603,10.1700,8861309,1,0
2015-03-12,sh.600603,10.2200,8692236,1,0
2015-03-13,sh.600603,10.3200,5536947,1,0
2015-03-16,sh.600603,10.8400,12437863,1,0
2015-03-17,sh.600603,11.0300,8936317,1,0
2015-03-18,sh.600603,11.7700,11588322,1,0
2015-03-19,sh.600603,11.8700,10811584,1,0
2015-03-20,sh.600603,12.1900,12131831,1,0
2015-03-23,sh.600603,12.0600,10384292,1,0
2015-03-24,sh.600603,11.9500,11139858,1,0
2015-03-25,sh.600603,13.0600,15371617,1,0
2015-03-26,sh.600603,12.8400,16238860,1,0
2015-03-27,sh.600603,13.6300,14841536,1,0
2015-03-30,sh.600603,13.5600,6738691,1,0
2015-03-31,sh.600603,13.5800,7640084,1,0
2015-04-01,sh.600603,13.7800,7518303,1,0
2015-04-02,sh.600603,14.2200,8713198,1,0
2015-04-03,sh.600603,15.4400,13402707,1,0
2015-04-07,sh.600603,15.5200,8434129,1,0
2015-04-08,sh.600603,14.7500,13525541,1,0
2015-04-09,sh.600603,14.9400,10033561,1,0
2015-04-10,sh.600603,14.8100,6549096,1,0
2015-04-13,sh.600603,15.6400,11681883,1,0
2015-04-14,sh.600603,16.2900,13898947,1,0
2015-04-15,sh.600603,15.1300,7013103,1,0
2015-04-16,sh.600603,14.8800,7358874,1,0
2015-04-17,sh.600603,14.5800,8986410,1,0
2015-04-20,sh.600603,13.5500,10657069,1,0
2015-04-21,sh.600603,14.2200,7859996,1,0
2015-04-22,sh.600603,14.5700,6829610,1,0
2015-04-23,sh.600603,14.7300,10061841,1,0
2015-04-24,sh.600603,14.7500,9211997,1,0
2015-04-27,sh.600603,14.2400,12282213,1,0
2015-04-28,sh.600603,13.3900,9051176,1,0
2015-04-29,sh.600603,13.8300,5049602,1,0
2015-04-30,sh.600603,13.6500,5266090,1,0
2015-05-04,sh.600603,13.9400,4945813,1,0
2015-05-05,sh.600603,13.3100,4815833,1,0
2015-05-06,sh.600603,13.3900,4234664,1,0
2015-05-07,sh.600603,12.6000,3222025,1,0
2015-05-08,sh.600603,13.5700,7134293,1,0
2015-05-11,sh.600603,14.5000,10901079,1,0
2015-05-12,sh.600603,14.5000,9450143,1,0
2015-05-13,sh.600603,15.0100,16416191,1,0
2015-05-14,sh.600603,15.1700,9095497,1,0
2015-05-15,sh.600603,15.4000,12217834,1,0
2015-05-18,sh.600603,16.1100,11439373,1,0
2015-05-19,sh.600603,16.1600,6775587,1,0
2015-05-20,sh.600603,16.2900,9057902,1,0
2015-05-21,sh.600603,16.7800,9782573,1,0
2015-05-22,sh.600603,16.4400,11475941,1,0
2015-05-25,sh.600603,17.1400,13540659,1,0
2015-05-26,sh.600603,18.8500,17492092,1,0
2015-05-27,sh.600603,18.8600,14446726,1,0
2015-05-28,sh.600603,18.1700,15238783,1,0
2015-05-29,sh.600603,18.3100,13224387,1,0
2015-06-01,sh.600603,20.1200,18123578,1,0
2015-06-02,sh.600603,22.1300,20256358,1,0
2015-06-03,sh.600603,23.2300,20979292,1,0
2015-06-04,sh.600603,24.7700,18539592,1,0
2015-06-05,sh.600603,24.5000,16326874,1,0
2015-06-08,sh.600603,22.0600,20174722,1,0
2015-06-09,sh.600603,21.8100,13398918,1,0
2015-06-10,sh.600603,23.9900,20995992,1,0
2015-06-11,sh.600603,23.7900,16491281,1,0
2015-06-12,sh.600603,24.6700,14759017,1,0
2015-06-15,sh.600603,25.0600,13278254,1,0
2015-06-16,sh.600603,22.6100,11245975,1,0
2015-06-17,sh.600603,23.6400,10596848,1,0
2015-06-18,sh.600603,22.8900,6055875,1,0
2015-06-19,sh.600603,20.6000,6166125,1,0
2015-06-23,sh.600603,19.8200,7988591,1,0
2015-06-24,sh.600603,20.3900,6309069,1,0
2015-06-25,sh.600603,20.1600,13907121,1,0
2015-06-26,sh.600603,18.1400,6787717,1,0
2015-06-29,sh.600603,16.3300,9673061,1,0
2015-06-30,sh.600603,16.8900,12396272,1,0
2015-07-01,sh.600603,15.2000,8531437,1,0
2015-07-02,sh.600603,13.6800,8705608,1,0
2015-07-03,sh.600603,12.3100,8753414,1,0
2015-07-06,sh.600603,11.0800,7887956,1,0
2015-07-07,sh.600603,9.9700,812700,1,0
2015-07-08,sh.600603,8.9700,289000,1,0
2015-07-09,sh.600603,8.9700,0,0,0
2015-07-10,sh.600603,8.9700,0,0,0
2015-07-13,sh.600603,9.8700,302892,1,0
2015-07-14,sh.600603,10.8600,466605,1,0
2015-07-15,sh.600603,11.6200,37428848,1,0
2015-07-16,sh.600603,12.0200,22030753,1,0
2015-07-17,sh.600603,13.0300,14845283,1,0
2015-07-20,sh.600603,13.0900,16776175,1,0
2015-07-21,sh.600603,13.3500,10889716,1,0
2015-07-22,sh.600603,14.2500,16283846,1,0
2015-07-23,sh.600603,14.7400,16901116,1,0
2015-07-24,sh.600603,14.6800,14890010,1,0
2015-07-27,sh.600603,13.2100,13738696,1,0
2015-07-28,sh.600603,12.0300,18079920,1,0
2015-07-29,sh.600603,12.7000,12402157,1,0
2015-07-30,sh.600603,12.2200,10633958,1,0
2015-07-31,sh.600603,11.6400,7091970,1,0
2015-08-03,sh.600603,10.4800,9692515,1,0
2015-08-04,sh.600603,11.4600,10084999,1,0
2015-08-05,sh.600603,11.2600,8495265,1,0
2015-08-06,sh.600603,11.4500,6371197,1,0
2015-08-07,sh.600603,12.6000,19487639,1,0
2015-08-10,sh.600603,13.8600,17674812,1,0
2015-08-11,sh.600603,14.3000,23356325,1,0
2015-08-12,sh.600603,13.9200,11205432,1,0
2015-08-13,sh.600603,14.4900,13844796,1,0
2015-08-14,sh.600603,14.8000,15597665,1,0
2015-08-17,sh.600603,15.5300,16905548,1,0
2015-08-18,sh.600603,13.9800,16161812,1,0
2015-08-19,sh.600603,14.2800,16591366,1,0
2015-08-20,sh.600603,14.3500,11166566,1,0
2015-08-21,sh.600603,13.8500,12383912,1,0
2015-08-24,sh.600603,13.8500,0,0,0
2015-08-25,sh.600603,13.8500,0,0,0
2015-08-26,sh.600603,13.8500,0,0,0
2015-08-27,sh.600603,13.8500,0,0,0
2015-08-28,sh.600603,13.8500,0,0,0
2015-08-31,sh.600603,13.8500,0,0,0
2015-09-01,sh.600603,13.8500,0,0,0
2015-09-02,sh.600603,13.8500,0,0,0
2015-09-07,sh.600603,13.8500,0,0,0
2015-09-08,sh.600603,13.8500,0,0,0
2015-09-09,sh.600603,12.4700,2097700,1,0
2015-09-10,sh.600603,12.3200,24560763,1,0
2015-09-11,sh.600603,12.3200,0,0,0
2015-09-14,sh.600603,12.3200,0,0,0
2015-09-15,sh.600603,12.3200,0,0,0
2015-09-16,sh.600603,12.3200,0,0,0
2015-09-17,sh.600603,12.3200,0,0,0
2015-09-18,sh.600603,12.3200,0,0,0
2015-09-21,sh.600603,12.3200,0,0,0
2015-09-22,sh.600603,12.3200,0,0,0
2015-09-23,sh.600603,12.3200,0,0,0
2015-09-24,sh.600603,12.3200,0,0,0
2015-09-25,sh.600603,12.3200,0,0,0
2015-09-28,sh.600603,12.3200,0,0,0
2015-09-29,sh.600603,12.3200,0,0,0
2015-09-30,sh.600603,12.3200,0,0,0
2015-10-08,sh.600603,12.3200,0,0,0
2015-10-09,sh.600603,12.3200,0,0,0
2015-10-12,sh.600603,12.3200,0,0,0
2015-10-13,sh.600603,12.3200,0,0,0
2015-10-14,sh.600603,12.3200,0,0,0
2015-10-15,sh.600603,12.3200,0,0,0
2015-10-16,sh.600603,12.3200,0,0,0
2015-10-19,sh.600603,12.3200,0,0,0
2015-10-20,sh.600603,12.3200,0,0,0
2015-10-21,sh.600603,12.3200,0,0,0
2015-10-22,sh.600603,12.3200,0,0,0
2015-10-23,sh.600603,12.3200,0,0,0
2015-10-26,sh.600603,12.3200,0,0,0
2015-10-27,sh.600603,12.3200,0,0,0
2015-10-28,sh.600603,12.3200,0,0,0
2015-10-29,sh.600603,12.3200,0,0,0
2015-10-30,sh.600603,12.3200,0,0,0
2015-11-02,sh.600603,12.3200,0,0,0
2015-11-03,sh.600603,12.3200,0,0,0
2015-11-04,sh.600603,12.3200,0,0,0
2015-11-05,sh.600603,12.3200,0,0,0
2015-11-06,sh.600603,12.3200,0,0,0
2015-11-09,sh.600603,12.3200,0,0,0
2015-11-10,sh.600603,12.3200,0,0,0
2015-11-11,sh.600603,12.3200,0,0,0
2015-11-12,sh.600603,12.3200,0,0,0
2015-11-13,sh.600603,12.3200,0,0,0
2015-11-16,sh.600603,12.3200,0,0,0
2015-11-17,sh.600603,12.3200,0,0,0
2015-11-18,sh.600603,12.3200,0,0,0
2015-11-19,sh.600603,12.3200,0,0,0
2015-11-20,sh.600603,12.3200,0,0,0
2015-11-23,sh.600603,12.3200,0,0,0
2015-11-24,sh.600603,12.3200,0,0,0
2015-11-25,sh.600603,12.3200,0,0,0
2015-11-26,sh.600603,12.3200,0,0,0
2015-11-27,sh.600603,12.3200,0,0,0
2015-11-30,sh.600603,12.3200,0,0,0
2015-12-01,sh.600603,12.3200,0,0,0
2015-12-02,sh.600603,12.3200,0,0,0
2015-12-03,sh.600603,12.3200,0,0,0
2015-12-04,sh.600603,12.3200,0,0,0
2015-12-07,sh.600603,12.3200,0,0,0
2015-12-08,sh.600603,12.3200,0,0,0
2015-12-09,sh.600603,12.3200,0,0,0
2015-12-10,sh.600603,12.3200,0,0,0
2015-12-11,sh.600603,12.3200,0,0,0
2015-12-14,sh.600603,12.3200,0,0,0
2015-12-15,sh.600603,12.3200,0,0,0
2015-12-16,sh.600603,12.3200,0,0,0
2015-12-17,sh.600603,12.3200,0,0,0
2015-12-18,sh.600603,12.3200,0,0,0
2015-12-21,sh.600603,12.3200,0,0,0
2015-12-22,sh.600603,12.3200,0,0,0
2015-12-23,sh.600603,12.3200,0,0,0
2015-12-24,sh.600603,12.3200,0,0,0
2015-12-25,sh.600603,12.3200,0,0,0
2015-12-28,sh.600603,12.3200,0,0,0
2015-12-29,sh.600603,12.3200,0,0,0
2015-12-30,sh.600603,12.3200,0,0,0
2015-12-31,sh.600603,12.3200,0,0,0
2016-01-04,sh.600603,12.3200,0,0,0
2016-01-05,sh.600603,12.3200,0,0,0
2016-01-06,sh.600603,12.3200,0,0,0
2016-01-07,sh.600603,12.3200,0,0,0
2016-01-08,sh.600603,12.3200,0,0,0
2016-01-11,sh.600603,12.3200,0,0,0
2016-01-12,sh.600603,12.3200,0,0,0
2016-01-13,sh.600603,12.3200,0,0,0
2016-01-14,sh.600603,13.5500,812893,1,0
2016-01-15,sh.600603,14.9100,630837,1,0
2016-01-18,sh.600603,15.3500,43350807,1,0
2016-01-19,sh.600603,16.8900,37751291,1,0
2016-01-20,sh.600603,18.0600,47857050,1,0
2016-01-21,sh.600603,16.2500,33617160,1,0
2016-01-22,sh.600603,15.9900,24841312,1,0
2016-01-25,sh.600603,16.6200,23996521,1,0
2016-01-26,sh.600603,14.9600,18915286,1,0
2016-01-27,sh.600603,13.4600,18795891,1,0
2016-01-28,sh.600603,12.1300,18993623,1,0
2016-01-29,sh.600603,13.3400,24763409,1,0
2016-02-01,sh.600603,13.1200,26696095,1,0
2016-02-02,sh.600603,14.3800,24166968,1,0
2016-02-03,sh.600603,13.8500,18143952,1,0
2016-02-04,sh.600603,14.5300,20310297,1,0
2016-02-05,sh.600603,14.5300,0,0,0
2016-02-15,sh.600603,13.8000,79800,1,1
2016-02-16,sh.600603,13.3500,21028848,1,1
2016-02-17,sh.600603,12.8100,16116392,1,1
2016-02-18,sh.600603,12.9000,14312362,1,1
2016-02-19,sh.600603,12.6300,10424863,1,1
2016-02-22,sh.600603,12.6300,0,0,1
2016-02-23,sh.600603,12.6300,0,0,1
2016-02-24,sh.600603,12.6300,0,0,1
2016-02-25,sh.600603,12.6300,0,0,1
2016-02-26,sh.600603,12.6300,0,0,1
2016-02-29,sh.600603,12.6300,0,0,1
2016-03-01,sh.600603,12.6300,0,0,1
2016-03-02,sh.600603,12.6300,0,0,1
2016-03-03,sh.600603,12.6300,0,0,1
2016-03-04,sh.600603,12.6300,0,0,1
2016-03-07,sh.600603,12.0000,15329454,1,1
2016-03-08,sh.600603,11.9200,9378193,1,1
2016-03-09,sh.600603,11.8200,4676793,1,1
2016-03-10,sh.600603,11.2700,7914181,1,1
2016-03-11,sh.600603,11.3600,5055286,1,1
2016-03-14,sh.600603,11.9300,6216327,1,1
2016-03-15,sh.600603,11.9600,4880969,1,1
2016-03-16,sh.600603,11.7900,7454654,1,1
2016-03-17,sh.600603,12.0100,4767091,1,1
2016-03-18,sh.600603,12.3100,6561459,1,1
2016-03-21,sh.600603,12.5300,6925830,1,1
2016-03-22,sh.600603,12.3100,6380577,1,1
2016-03-23,sh.600603,12.6300,4508513,1,1
2016-03-24,sh.600603,12.4900,5289472,1,1
2016-03-25,sh.600603,12.6200,4127451,1,1
2016-03-28,sh.600603,12.8500,5793398,1,1
2016-03-29,sh.600603,12.2100,4986148,1,1
2016-03-30,sh.600603,12.4000,3945383,1,1
2016-03-31,sh.600603,12.4100,3156063,1,1
