window,baseline_final_nav,history_meta_final_nav,delta_pct
full_history,173.84378601883643,84.93057340796541,-0.5114546492978301
recent_3y,2.24630423061188,2.0452630982021236,-0.08949862163371969
