window,baseline_final_nav,with_security_master_final_nav,delta_pct
full_history,93.22730930986245,83.18757003271385,-0.10769096900329078
recent_3y,2.0452630982021294,2.007180847528378,-0.0186197319588014
