{
  "strategy": "top100_mom8_hedge_zz1000_with_microcap_cost",
  "microcap_cost_model": {
    "entry_buy_one_side": 0.003,
    "exit_sell_one_side": 0.003,
    "monthly_rebalance_one_side": 0.003,
    "rebalance_cost_formula": "2 * 0.003 * replaced_fraction",
    "note": "Only microcap stock basket cost is added. Futures leg keeps existing daily drag 3/10000 and no extra trading fee is added."
  },
  "monthly_turnover": {
    "avg_exit_count": 17.448453608247423,
    "avg_entry_count": 17.448453608247423,
    "avg_one_side_turnover_frac": 0.17448453608247425,
    "avg_rebalance_cost_rate_when_applied": 0.0010469072164948454,
    "median_exit_count": 16.0,
    "p75_exit_count": 20.0,
    "max_exit_count": 53
  },
  "full_sample_metrics": {
    "gross": {
      "annual": 0.5336619147739547,
      "vol": 0.12363011422471189,
      "sharpe": 4.316601324204579,
      "max_dd": -0.10783936888599396,
      "calmar": 4.94867431334964,
      "total_return": 1006.3981018903028,
      "win_rate": 0.717948717948718
    },
    "net": {
      "annual": 0.41498101313259705,
      "vol": 0.12457208087005625,
      "sharpe": 3.331252157258836,
      "max_dd": -0.16306674209913583,
      "calmar": 2.5448537684055212,
      "total_return": 272.90453552354154,
      "win_rate": 0.6410256410256411
    }
  },
  "cost_usage_stats": {
    "entry_days": 197,
    "exit_days": 196,
    "rebalance_cost_days_while_holding": 112,
    "avg_total_cost_per_day_all_days": 0.0003313375796178344,
    "avg_total_cost_on_cost_days": 0.002575247524752475,
    "sum_total_cost_rate": 1.3005
  }
}