window,baseline_final_nav,history_meta_final_nav,delta_pct
full_history,35.07790948854174,84.76588814930338,1.4165034172573
recent_3y,2.2196952827695404,2.0662541977820488,-0.06912709423612473
