{
  "strategy": "top100_biweekly_mom16_execution_timing_quick_check",
  "results": [
    {
      "execution_mode": "same_day_close_exec",
      "annual": 0.784853073644407,
      "max_dd": -0.11479461038605024,
      "sharpe": 5.786335324279163,
      "total_return": 11500.934622542452,
      "annual_1y": 0.4041439048982596,
      "max_dd_1y": -0.06124093818286175,
      "sharpe_1y": 2.744992953872721,
      "annual_3y": 0.36817524880138874,
      "max_dd_3y": -0.09986384335098279,
      "sharpe_3y": 2.5512827758374343,
      "annual_5y": 0.3187685811603307,
      "max_dd_5y": -0.1147946103860501,
      "sharpe_5y": 2.200764483586633
    },
    {
      "execution_mode": "t_plus_1_close_exec",
      "annual": 0.7711325318570799,
      "max_dd": -0.12251754408711035,
      "sharpe": 5.6789710875922506,
      "total_return": 10154.00999449479,
      "annual_1y": 0.39527822036858185,
      "max_dd_1y": -0.08162836660378056,
      "sharpe_1y": 2.6339389334814594,
      "annual_3y": 0.3521095031233299,
      "max_dd_3y": -0.115266687653845,
      "sharpe_3y": 2.4331906401616776,
      "annual_5y": 0.30376756550502537,
      "max_dd_5y": -0.1225175440871102,
      "sharpe_5y": 2.095610424965614
    }
  ]
}