symbol,year_query,retrieved_at_utc,url,http_status,body_sha256,rows
sz000979,2010,2026-09-26T12:44:53+00:00,https://proxy.finance.qq.com/ifzqgtimg/appstock/app/newfqkline/get?_var=kline_day2010&param=sz000979%2Cday%2C2010-01-01%2C2011-12-31%2C640%2C&r=0.8205512681390605,200,932999de1363ef19f833c46de3cdf7519df9c1ce181bca342a03377bc0c29c01,640
sz000979,2011,2026-09-26T12:44:55+00:00,https://proxy.finance.qq.com/ifzqgtimg/appstock/app/newfqkline/get?_var=kline_day2011&param=sz000979%2Cday%2C2011-01-01%2C2012-12-31%2C640%2C&r=0.8205512681390605,200,4cabed0e1450fea5457819b080c927396efa23ec994bca64fdb4c5914cecb1d4,640
sz000979,2012,2026-09-26T12:44:56+00:00,https://proxy.finance.qq.com/ifzqgtimg/appstock/app/newfqkline/get?_var=kline_day2012&param=sz000979%2Cday%2C2012-01-01%2C2013-12-31%2C640%2C&r=0.8205512681390605,200,20f61170610bd57a81b77a2a0e78dcfbb22842f19667fd47031f777f7bf30b5d,640
sz000979,2013,2026-09-26T12:44:56+00:00,https://proxy.finance.qq.com/ifzqgtimg/appstock/app/newfqkline/get?_var=kline_day2013&param=sz000979%2Cday%2C2013-01-01%2C2014-12-31%2C640%2C&r=0.8205512681390605,200,9aa92261fd9b1a3c2250b4d11167a36869cfb4ba65ff9be876d657ee81b4fe45,640
sz000979,2014,2026-09-26T12:44:57+00:00,https://proxy.finance.qq.com/ifzqgtimg/appstock/app/newfqkline/get?_var=kline_day2014&param=sz000979%2Cday%2C2014-01-01%2C2015-12-31%2C640%2C&r=0.8205512681390605,200,7b6a1564c8ef10613279388e644c192ca610662f381c5d6f0796e8a138337b20,640
sz000979,2015,2026-09-26T12:44:58+00:00,https://proxy.finance.qq.com/ifzqgtimg/appstock/app/newfqkline/get?_var=kline_day2015&param=sz000979%2Cday%2C2015-01-01%2C2016-12-31%2C640%2C&r=0.8205512681390605,200,6b0d6df3940b3e9fbc60fb855f6ca0a31cffdcf77471a23bc1c16b3a8864a542,640
sz000979,2016,2026-09-26T12:44:58+00:00,https://proxy.finance.qq.com/ifzqgtimg/appstock/app/newfqkline/get?_var=kline_day2016&param=sz000979%2Cday%2C2016-01-01%2C2017-12-31%2C640%2C&r=0.8205512681390605,200,564fbb2e345856e0c13b17eec072951ee43b2567cc560925083bc63ef40ef2bc,640
sz000979,2017,2026-09-26T12:44:59+00:00,https://proxy.finance.qq.com/ifzqgtimg/appstock/app/newfqkline/get?_var=kline_day2017&param=sz000979%2Cday%2C2017-01-01%2C2018-12-31%2C640%2C&r=0.8205512681390605,200,8a7bd82591225433b1dee9859fd50e43298367dafec770e550d9527b32223a72,640
sz000979,2018,2026-09-26T12:44:59+00:00,https://proxy.finance.qq.com/ifzqgtimg/appstock/app/newfqkline/get?_var=kline_day2018&param=sz000979%2Cday%2C2018-01-01%2C2019-12-31%2C640%2C&r=0.8205512681390605,200,433642e2c91a0a94fb00b497592e2390132fea0b0f448fe2a0ddc64b7289d9db,640
sz000979,2019,2026-09-26T12:45:00+00:00,https://proxy.finance.qq.com/ifzqgtimg/appstock/app/newfqkline/get?_var=kline_day2019&param=sz000979%2Cday%2C2019-01-01%2C2020-12-31%2C640%2C&r=0.8205512681390605,200,ad09a11f3b5f9bce1de4719d071b0bec6f55f6b0bc1219458710eab115ce8696,640
sz000018,2010,2026-09-26T12:44:53+00:00,https://proxy.finance.qq.com/ifzqgtimg/appstock/app/newfqkline/get?_var=kline_day2010&param=sz000018%2Cday%2C2010-01-01%2C2011-12-31%2C640%2C&r=0.8205512681390605,200,21b75a9b56a6464770bafbc30ddacb3d0ed15678cf03ca596bb1696ed0bcacb9,640
sz000018,2011,2026-09-26T12:44:55+00:00,https://proxy.finance.qq.com/ifzqgtimg/appstock/app/newfqkline/get?_var=kline_day2011&param=sz000018%2Cday%2C2011-01-01%2C2012-12-31%2C640%2C&r=0.8205512681390605,200,e12761c6b4a4dcba53c10f81f768e22c55dff4c8eb3eff4fbfd1a71336357050,640
sz000018,2012,2026-09-26T12:44:55+00:00,https://proxy.finance.qq.com/ifzqgtimg/appstock/app/newfqkline/get?_var=kline_day2012&param=sz000018%2Cday%2C2012-01-01%2C2013-12-31%2C640%2C&r=0.8205512681390605,200,552f892abfe90912098820f89f27ac2a018cb30163147a8126e9c4b2657a9b84,640
sz000018,2013,2026-09-26T12:44:56+00:00,https://proxy.finance.qq.com/ifzqgtimg/appstock/app/newfqkline/get?_var=kline_day2013&param=sz000018%2Cday%2C2013-01-01%2C2014-12-31%2C640%2C&r=0.8205512681390605,200,cc319c2d8139aa68b801cfbe8a55eefc16e3b89480e2e5191fb0c0f55f86c66d,640
sz000018,2014,2026-09-26T12:44:56+00:00,https://proxy.finance.qq.com/ifzqgtimg/appstock/app/newfqkline/get?_var=kline_day2014&param=sz000018%2Cday%2C2014-01-01%2C2015-12-31%2C640%2C&r=0.8205512681390605,200,2ce991a5adb6a3a8ed8a01e308ff12c6515a3d9f907ca539e0b1930901611b79,640
sz000018,2015,2026-09-26T12:44:57+00:00,https://proxy.finance.qq.com/ifzqgtimg/appstock/app/newfqkline/get?_var=kline_day2015&param=sz000018%2Cday%2C2015-01-01%2C2016-12-31%2C640%2C&r=0.8205512681390605,200,6db79d17170bedf49e8e1d4fd634e28ade720fdd95ec3a890ef67ba5cd6b93fa,640
sz000018,2016,2026-09-26T12:44:57+00:00,https://proxy.finance.qq.com/ifzqgtimg/appstock/app/newfqkline/get?_var=kline_day2016&param=sz000018%2Cday%2C2016-01-01%2C2017-12-31%2C640%2C&r=0.8205512681390605,200,61c0df224dc07550c49eef0928a1d093c679d5f5c165c7246189325e37650088,640
sz000018,2017,2026-09-26T12:44:58+00:00,https://proxy.finance.qq.com/ifzqgtimg/appstock/app/newfqkline/get?_var=kline_day2017&param=sz000018%2Cday%2C2017-01-01%2C2018-12-31%2C640%2C&r=0.8205512681390605,200,56122674e0d2d4bc188622e9a3518e75f5bce48247c2f5345187f16f23d35fa5,640
sz000018,2018,2026-09-26T12:44:58+00:00,https://proxy.finance.qq.com/ifzqgtimg/appstock/app/newfqkline/get?_var=kline_day2018&param=sz000018%2Cday%2C2018-01-01%2C2019-12-31%2C640%2C&r=0.8205512681390605,200,da476df16a9f340bde7da022d3a4ac0bbf838edcf5155855f2e2b9f4e6a4d3cb,640
sz000018,2019,2026-09-26T12:44:59+00:00,https://proxy.finance.qq.com/ifzqgtimg/appstock/app/newfqkline/get?_var=kline_day2019&param=sz000018%2Cday%2C2019-01-01%2C2020-12-31%2C640%2C&r=0.8205512681390605,200,539f554c3078e37654a3bd737a9beb1782cfc350a3fc20ffbe1fe04b2b86e645,640
sz000018,2020,2026-09-26T12:45:00+00:00,https://proxy.finance.qq.com/ifzqgtimg/appstock/app/newfqkline/get?_var=kline_day2020&param=sz000018%2Cday%2C2020-01-01%2C2021-12-31%2C640%2C&r=0.8205512681390605,200,ef455227aca9c07c5035718b3f2cc7ae87aa5a012bcb4c54fa301cd62e8bb15a,640
sz000018,2021,2026-09-26T12:45:00+00:00,https://proxy.finance.qq.com/ifzqgtimg/appstock/app/newfqkline/get?_var=kline_day2021&param=sz000018%2Cday%2C2021-01-01%2C2022-12-31%2C640%2C&r=0.8205512681390605,200,bad5110f42eb249e8aa5ece5f0dbbb764391c4057c1cf0b48c4179ca59bc7a99,640
sz000982,2010,2026-09-26T12:44:53+00:00,https://proxy.finance.qq.com/ifzqgtimg/appstock/app/newfqkline/get?_var=kline_day2010&param=sz000982%2Cday%2C2010-01-01%2C2011-12-31%2C640%2C&r=0.8205512681390605,200,c90e33c5cafcf77382b6e37e60398b09f7ed0c2056672057421d02eac04d27e3,640
sz000982,2011,2026-09-26T12:44:55+00:00,https://proxy.finance.qq.com/ifzqgtimg/appstock/app/newfqkline/get?_var=kline_day2011&param=sz000982%2Cday%2C2011-01-01%2C2012-12-31%2C640%2C&r=0.8205512681390605,200,ef146e0a69cb7e01f806fdea1c77d0fcc384ad33e084f47cb279584137b4857f,640
sz000982,2012,2026-09-26T12:44:55+00:00,https://proxy.finance.qq.com/ifzqgtimg/appstock/app/newfqkline/get?_var=kline_day2012&param=sz000982%2Cday%2C2012-01-01%2C2013-12-31%2C640%2C&r=0.8205512681390605,200,bfc37907c5ef560c03bd41181d89c8c2de1cef08e1a78f9ef15f656d0a5c750b,640
sz000982,2013,2026-09-26T12:44:56+00:00,https://proxy.finance.qq.com/ifzqgtimg/appstock/app/newfqkline/get?_var=kline_day2013&param=sz000982%2Cday%2C2013-01-01%2C2014-12-31%2C640%2C&r=0.8205512681390605,200,56db01e604c63011985602dca82543dfb2febe7886cdebe722c6e3111446dfa2,640
sz000982,2014,2026-09-26T12:44:56+00:00,https://proxy.finance.qq.com/ifzqgtimg/appstock/app/newfqkline/get?_var=kline_day2014&param=sz000982%2Cday%2C2014-01-01%2C2015-12-31%2C640%2C&r=0.8205512681390605,200,cedbe925c531bc5125be32895086b155ec31cd4c26732bb607f7c48353c06ea5,640
sz000982,2015,2026-09-26T12:44:57+00:00,https://proxy.finance.qq.com/ifzqgtimg/appstock/app/newfqkline/get?_var=kline_day2015&param=sz000982%2Cday%2C2015-01-01%2C2016-12-31%2C640%2C&r=0.8205512681390605,200,9170463b1dd6922a6392accce471dffa5b27c0b1d5d6e7b9dc3bdc8b64160983,640
sz000982,2016,2026-09-26T12:44:57+00:00,https://proxy.finance.qq.com/ifzqgtimg/appstock/app/newfqkline/get?_var=kline_day2016&param=sz000982%2Cday%2C2016-01-01%2C2017-12-31%2C640%2C&r=0.8205512681390605,200,16b33aa6dff0c153f6714535a474b018dc6cd3fbb5dfb7ba185dbe48a896e277,640
sz000982,2017,2026-09-26T12:44:58+00:00,https://proxy.finance.qq.com/ifzqgtimg/appstock/app/newfqkline/get?_var=kline_day2017&param=sz000982%2Cday%2C2017-01-01%2C2018-12-31%2C640%2C&r=0.8205512681390605,200,cadae1eccc1f74d74f1446b08440ac98fc66a3a2edb304d077ab66146d5ed0b5,640
sz000982,2018,2026-09-26T12:44:58+00:00,https://proxy.finance.qq.com/ifzqgtimg/appstock/app/newfqkline/get?_var=kline_day2018&param=sz000982%2Cday%2C2018-01-01%2C2019-12-31%2C640%2C&r=0.8205512681390605,200,2187832039847e572baa0dd4a80ba8a7cf6811e787b5f2d07a8e0723d86557d8,640
sz000982,2019,2026-09-26T12:44:59+00:00,https://proxy.finance.qq.com/ifzqgtimg/appstock/app/newfqkline/get?_var=kline_day2019&param=sz000982%2Cday%2C2019-01-01%2C2020-12-31%2C640%2C&r=0.8205512681390605,200,17db0a2c8f97d056b117d2cb5f24dca844813e24faf3d80daea7084252262a30,640
sz000982,2020,2026-09-26T12:44:59+00:00,https://proxy.finance.qq.com/ifzqgtimg/appstock/app/newfqkline/get?_var=kline_day2020&param=sz000982%2Cday%2C2020-01-01%2C2021-12-31%2C640%2C&r=0.8205512681390605,200,86f7bf12c65edae76d89df0275dbb65bf076e4c5df76efb50929cdf97a0820c2,640
sz000982,2021,2026-09-26T12:45:00+00:00,https://proxy.finance.qq.com/ifzqgtimg/appstock/app/newfqkline/get?_var=kline_day2021&param=sz000982%2Cday%2C2021-01-01%2C2022-12-31%2C640%2C&r=0.8205512681390605,200,75f554c8517cbe622f686b54ba916cdeeb1ae80227972f6bfe06c1bb65fed890,640
sz000982,2022,2026-09-26T12:45:00+00:00,https://proxy.finance.qq.com/ifzqgtimg/appstock/app/newfqkline/get?_var=kline_day2022&param=sz000982%2Cday%2C2022-01-01%2C2023-12-31%2C640%2C&r=0.8205512681390605,200,8666e7c0e394be1c98af2472beacc965df831d8e69c476c22cbe76d0fb216851,640
sz000982,2023,2026-09-26T12:45:01+00:00,https://proxy.finance.qq.com/ifzqgtimg/appstock/app/newfqkline/get?_var=kline_day2023&param=sz000982%2Cday%2C2023-01-01%2C2024-12-31%2C640%2C&r=0.8205512681390605,200,e44d9bc0d0df35a2e9a6398238bb228117d53d207bfed9362ae7f763e3c6d0e6,640
sz000982,2024,2026-09-26T12:45:01+00:00,https://proxy.finance.qq.com/ifzqgtimg/appstock/app/newfqkline/get?_var=kline_day2024&param=sz000982%2Cday%2C2024-01-01%2C2025-12-31%2C640%2C&r=0.8205512681390605,200,37ad4e852172a84b15106f11bd8142b45c90b3578b072943eb745948a957f595,640
sz000982,2025,2026-09-26T12:45:01+00:00,https://proxy.finance.qq.com/ifzqgtimg/appstock/app/newfqkline/get?_var=kline_day2025&param=sz000982%2Cday%2C2025-01-01%2C2026-12-31%2C640%2C&r=0.8205512681390605,200,95bad17b02e8a8aaeeca8742091ab1f0c36b666f491b41d884de635b05cd4c34,640
sz000502,2010,2026-09-26T12:44:53+00:00,https://proxy.finance.qq.com/ifzqgtimg/appstock/app/newfqkline/get?_var=kline_day2010&param=sz000502%2Cday%2C2010-01-01%2C2011-12-31%2C640%2C&r=0.8205512681390605,200,b7aac6dd1d08ffc335c2437f959eecf1c465f8f725b02c97166697f04eb5c4da,640
sz000502,2011,2026-09-26T12:44:55+00:00,https://proxy.finance.qq.com/ifzqgtimg/appstock/app/newfqkline/get?_var=kline_day2011&param=sz000502%2Cday%2C2011-01-01%2C2012-12-31%2C640%2C&r=0.8205512681390605,200,bf45b3972a5d3be17edfd585be2c1d651025d22fb5d89bf1923db5070316bd81,640
sz000502,2012,2026-09-26T12:44:56+00:00,https://proxy.finance.qq.com/ifzqgtimg/appstock/app/newfqkline/get?_var=kline_day2012&param=sz000502%2Cday%2C2012-01-01%2C2013-12-31%2C640%2C&r=0.8205512681390605,200,a8c11c0e86842edd2abac0ff1e6b6b83136032aa09ab05fcf2daf552cc646576,640
sz000502,2013,2026-09-26T12:44:56+00:00,https://proxy.finance.qq.com/ifzqgtimg/appstock/app/newfqkline/get?_var=kline_day2013&param=sz000502%2Cday%2C2013-01-01%2C2014-12-31%2C640%2C&r=0.8205512681390605,200,d49fa203c857b4d3be899dd91902ae8aa8659ea6675b3a7ad3512c71e33f27fe,640
sz000502,2014,2026-09-26T12:44:56+00:00,https://proxy.finance.qq.com/ifzqgtimg/appstock/app/newfqkline/get?_var=kline_day2014&param=sz000502%2Cday%2C2014-01-01%2C2015-12-31%2C640%2C&r=0.8205512681390605,200,2b04651db68a7ff5794f374201d7b87f3f706e1ab3c1bbe1862fd25a7466cf44,640
sz000502,2015,2026-09-26T12:44:57+00:00,https://proxy.finance.qq.com/ifzqgtimg/appstock/app/newfqkline/get?_var=kline_day2015&param=sz000502%2Cday%2C2015-01-01%2C2016-12-31%2C640%2C&r=0.8205512681390605,200,17526e69d6f10ca83abd78c3e9a91c1cd8e4c0640fe6da5c152ef28658f7ed38,640
sz000502,2016,2026-09-26T12:44:57+00:00,https://proxy.finance.qq.com/ifzqgtimg/appstock/app/newfqkline/get?_var=kline_day2016&param=sz000502%2Cday%2C2016-01-01%2C2017-12-31%2C640%2C&r=0.8205512681390605,200,f88b2b0b19d907da5488dc5b9e379d1dd646f225c78b732db54d0bf9d7532144,640
sz000502,2017,2026-09-26T12:44:58+00:00,https://proxy.finance.qq.com/ifzqgtimg/appstock/app/newfqkline/get?_var=kline_day2017&param=sz000502%2Cday%2C2017-01-01%2C2018-12-31%2C640%2C&r=0.8205512681390605,200,ac39e97b3aaeba28c5824d84624c1a592144a443c1a2f35c88af874db7e0ecc0,640
sz000502,2018,2026-09-26T12:44:58+00:00,https://proxy.finance.qq.com/ifzqgtimg/appstock/app/newfqkline/get?_var=kline_day2018&param=sz000502%2Cday%2C2018-01-01%2C2019-12-31%2C640%2C&r=0.8205512681390605,200,180945b78850e95324ac0eefe23ccfb9ebf7a6a9305a3b0bbfed0c388c25a5e2,640
sz000502,2019,2026-09-26T12:44:59+00:00,https://proxy.finance.qq.com/ifzqgtimg/appstock/app/newfqkline/get?_var=kline_day2019&param=sz000502%2Cday%2C2019-01-01%2C2020-12-31%2C640%2C&r=0.8205512681390605,200,8114819328e289a4b2f02b9847c4bf07918b37a3cd6af687a264abbbed041e02,640
sz000502,2020,2026-09-26T12:45:00+00:00,https://proxy.finance.qq.com/ifzqgtimg/appstock/app/newfqkline/get?_var=kline_day2020&param=sz000502%2Cday%2C2020-01-01%2C2021-12-31%2C640%2C&r=0.8205512681390605,200,861c75e82c425042d159b40de0f159571bb792569bbb8f4b2a3fcc6c1038257a,640
sz000502,2021,2026-09-26T12:45:00+00:00,https://proxy.finance.qq.com/ifzqgtimg/appstock/app/newfqkline/get?_var=kline_day2021&param=sz000502%2Cday%2C2021-01-01%2C2022-12-31%2C640%2C&r=0.8205512681390605,200,87631630e4bc95812e319195a0f6933b5d3bee1c7002a1995959e191f904756f,640
sz000502,2022,2026-09-26T12:45:01+00:00,https://proxy.finance.qq.com/ifzqgtimg/appstock/app/newfqkline/get?_var=kline_day2022&param=sz000502%2Cday%2C2022-01-01%2C2023-12-31%2C640%2C&r=0.8205512681390605,200,63e0cc1a601ff70c44cea1655fbbb130b883f1e8db2e27bf0617d1e36ed7e9e6,640
sz000502,2023,2026-09-26T12:45:01+00:00,https://proxy.finance.qq.com/ifzqgtimg/appstock/app/newfqkline/get?_var=kline_day2023&param=sz000502%2Cday%2C2023-01-01%2C2024-12-31%2C640%2C&r=0.8205512681390605,200,90cd1f4cb28081f9716d4ebddfdc8fc42464dc001557c5b639928d8fed22b61c,640
sz000673,2010,2026-09-26T12:44:53+00:00,https://proxy.finance.qq.com/ifzqgtimg/appstock/app/newfqkline/get?_var=kline_day2010&param=sz000673%2Cday%2C2010-01-01%2C2011-12-31%2C640%2C&r=0.8205512681390605,200,a9b16dcd644d16a868b9d2abee84ae316eb764bf6ebc06d45c6110d3fdd579a5,640
sz000673,2011,2026-09-26T12:44:55+00:00,https://proxy.finance.qq.com/ifzqgtimg/appstock/app/newfqkline/get?_var=kline_day2011&param=sz000673%2Cday%2C2011-01-01%2C2012-12-31%2C640%2C&r=0.8205512681390605,200,0bc233fba9ec113ab0223a5444cfe10eaecf0dbf906ef388cda785df2bf47e4b,640
sz000673,2012,2026-09-26T12:44:56+00:00,https://proxy.finance.qq.com/ifzqgtimg/appstock/app/newfqkline/get?_var=kline_day2012&param=sz000673%2Cday%2C2012-01-01%2C2013-12-31%2C640%2C&r=0.8205512681390605,200,194826250c04827c279508aef6a3035a2e32622c99a09498349d4828da4b3d3b,640
sz000673,2013,2026-09-26T12:44:56+00:00,https://proxy.finance.qq.com/ifzqgtimg/appstock/app/newfqkline/get?_var=kline_day2013&param=sz000673%2Cday%2C2013-01-01%2C2014-12-31%2C640%2C&r=0.8205512681390605,200,6e82d55275b453d94cfdf5fcc182c326ee306836ec853df9573aafa348cf67e6,640
sz000673,2014,2026-09-26T12:44:57+00:00,https://proxy.finance.qq.com/ifzqgtimg/appstock/app/newfqkline/get?_var=kline_day2014&param=sz000673%2Cday%2C2014-01-01%2C2015-12-31%2C640%2C&r=0.8205512681390605,200,e53ebc8d71d0e1fcbab962cf8a42c3088f76ab4482017f5325bafb36246d638f,640
sz000673,2015,2026-09-26T12:44:58+00:00,https://proxy.finance.qq.com/ifzqgtimg/appstock/app/newfqkline/get?_var=kline_day2015&param=sz000673%2Cday%2C2015-01-01%2C2016-12-31%2C640%2C&r=0.8205512681390605,200,a08c5d5f631bd33301586f6d38b9e0410f78cae216a20897e81c71908cb5bd57,640
sz000673,2016,2026-09-26T12:44:58+00:00,https://proxy.finance.qq.com/ifzqgtimg/appstock/app/newfqkline/get?_var=kline_day2016&param=sz000673%2Cday%2C2016-01-01%2C2017-12-31%2C640%2C&r=0.8205512681390605,200,1f617bf562cc9ce3020bd0e411db5641c13f4289e6558b74afe6970e38034921,640
sz000673,2017,2026-09-26T12:44:59+00:00,https://proxy.finance.qq.com/ifzqgtimg/appstock/app/newfqkline/get?_var=kline_day2017&param=sz000673%2Cday%2C2017-01-01%2C2018-12-31%2C640%2C&r=0.8205512681390605,200,674bd8214796efb83aa10a39b860dd4e373a8c0dec3f544dee5c8bb33fa54803,640
sz000673,2018,2026-09-26T12:44:59+00:00,https://proxy.finance.qq.com/ifzqgtimg/appstock/app/newfqkline/get?_var=kline_day2018&param=sz000673%2Cday%2C2018-01-01%2C2019-12-31%2C640%2C&r=0.8205512681390605,200,febd2f814e171b9600c37400476012202632d9c016cef36624abf59727836d7c,640
sz000673,2019,2026-09-26T12:45:00+00:00,https://proxy.finance.qq.com/ifzqgtimg/appstock/app/newfqkline/get?_var=kline_day2019&param=sz000673%2Cday%2C2019-01-01%2C2020-12-31%2C640%2C&r=0.8205512681390605,200,4b839ff19454902cd4c723ca33e747971789142ec8d5490973b1a4ad9acfef1d,640
sz000673,2020,2026-09-26T12:45:00+00:00,https://proxy.finance.qq.com/ifzqgtimg/appstock/app/newfqkline/get?_var=kline_day2020&param=sz000673%2Cday%2C2020-01-01%2C2021-12-31%2C640%2C&r=0.8205512681390605,200,c5678c895ddb8e7a5f5db11eb6630c0adbd06386bf07a59bd1d2cd517b7a7092,640
sz000673,2021,2026-09-26T12:45:01+00:00,https://proxy.finance.qq.com/ifzqgtimg/appstock/app/newfqkline/get?_var=kline_day2021&param=sz000673%2Cday%2C2021-01-01%2C2022-12-31%2C640%2C&r=0.8205512681390605,200,5affebcf3c9db31240050dd79cec3b7af756921b03425f9396cee690860d2e6e,640
sz000673,2022,2026-09-26T12:45:01+00:00,https://proxy.finance.qq.com/ifzqgtimg/appstock/app/newfqkline/get?_var=kline_day2022&param=sz000673%2Cday%2C2022-01-01%2C2023-12-31%2C640%2C&r=0.8205512681390605,200,f46fa2c53dca1c8c323cd50454a5fed8df63ca8fcf1e7d4f2794f08e8b1382d2,640
sz000673,2023,2026-09-26T12:45:02+00:00,https://proxy.finance.qq.com/ifzqgtimg/appstock/app/newfqkline/get?_var=kline_day2023&param=sz000673%2Cday%2C2023-01-01%2C2024-12-31%2C640%2C&r=0.8205512681390605,200,b29615d3b0a82e67f83d40ea2d73cde7d9268db2075766d84a49ae9d3962796b,640
sz000971,2010,2026-09-26T12:44:53+00:00,https://proxy.finance.qq.com/ifzqgtimg/appstock/app/newfqkline/get?_var=kline_day2010&param=sz000971%2Cday%2C2010-01-01%2C2011-12-31%2C640%2C&r=0.8205512681390605,200,476765475e238c0d903aab4a48f652658e03bdc595c10409313fa0511385ebf3,640
sz000971,2011,2026-09-26T12:44:55+00:00,https://proxy.finance.qq.com/ifzqgtimg/appstock/app/newfqkline/get?_var=kline_day2011&param=sz000971%2Cday%2C2011-01-01%2C2012-12-31%2C640%2C&r=0.8205512681390605,200,0911acb7cc83f358eab186b88f0cf7ef304d99f2c7e72dbdc12bdd2fc60f93b9,640
sz000971,2012,2026-09-26T12:44:55+00:00,https://proxy.finance.qq.com/ifzqgtimg/appstock/app/newfqkline/get?_var=kline_day2012&param=sz000971%2Cday%2C2012-01-01%2C2013-12-31%2C640%2C&r=0.8205512681390605,200,7984511c8dd757521ed23fe1a607324933ee685c374de792d56cac6891fc0bf7,640
sz000971,2013,2026-09-26T12:44:56+00:00,https://proxy.finance.qq.com/ifzqgtimg/appstock/app/newfqkline/get?_var=kline_day2013&param=sz000971%2Cday%2C2013-01-01%2C2014-12-31%2C640%2C&r=0.8205512681390605,200,3e9f6fbebc3021ccb59bee840be3f95d91d9ef80fb073bb8882d0daaf14288c9,640
sz000971,2014,2026-09-26T12:44:56+00:00,https://proxy.finance.qq.com/ifzqgtimg/appstock/app/newfqkline/get?_var=kline_day2014&param=sz000971%2Cday%2C2014-01-01%2C2015-12-31%2C640%2C&r=0.8205512681390605,200,974855fa06344cc59d069c36e7ecaedb352a08b0a0ea6ddd5d08aa4189702b38,640
sz000971,2015,2026-09-26T12:44:57+00:00,https://proxy.finance.qq.com/ifzqgtimg/appstock/app/newfqkline/get?_var=kline_day2015&param=sz000971%2Cday%2C2015-01-01%2C2016-12-31%2C640%2C&r=0.8205512681390605,200,5aff6afd50165a55421d7d96c835e24ec49420ec6e447d86f1d1e7acca111e57,640
sz000971,2016,2026-09-26T12:44:57+00:00,https://proxy.finance.qq.com/ifzqgtimg/appstock/app/newfqkline/get?_var=kline_day2016&param=sz000971%2Cday%2C2016-01-01%2C2017-12-31%2C640%2C&r=0.8205512681390605,200,b080acdc34dfd47c18d1758e823dc1d5f60d622d7c6d3e06eecec5fd2b2230eb,640
sz000971,2017,2026-09-26T12:44:58+00:00,https://proxy.finance.qq.com/ifzqgtimg/appstock/app/newfqkline/get?_var=kline_day2017&param=sz000971%2Cday%2C2017-01-01%2C2018-12-31%2C640%2C&r=0.8205512681390605,200,5d968e4eeea8b50a0d7992a93fa4be8553ea326309b9a0717df358b142970f8f,640
sz000971,2018,2026-09-26T12:44:58+00:00,https://proxy.finance.qq.com/ifzqgtimg/appstock/app/newfqkline/get?_var=kline_day2018&param=sz000971%2Cday%2C2018-01-01%2C2019-12-31%2C640%2C&r=0.8205512681390605,200,9ea80e292cb17022dc95c2b86de26e650ac2d9cdfca69e340b830bdd6a2f1bf9,640
sz000971,2019,2026-09-26T12:44:59+00:00,https://proxy.finance.qq.com/ifzqgtimg/appstock/app/newfqkline/get?_var=kline_day2019&param=sz000971%2Cday%2C2019-01-01%2C2020-12-31%2C640%2C&r=0.8205512681390605,200,b5dfab457301dbd5a2fc64e1fdb804ec09d66927493c18431f4f2c36be5df933,640
sz000971,2020,2026-09-26T12:45:00+00:00,https://proxy.finance.qq.com/ifzqgtimg/appstock/app/newfqkline/get?_var=kline_day2020&param=sz000971%2Cday%2C2020-01-01%2C2021-12-31%2C640%2C&r=0.8205512681390605,200,6f2685826699ffc73df3570392deb59c2cbfe58e784c0e5eb1a587f6e2aeeb6a,640
sz000971,2021,2026-09-26T12:45:00+00:00,https://proxy.finance.qq.com/ifzqgtimg/appstock/app/newfqkline/get?_var=kline_day2021&param=sz000971%2Cday%2C2021-01-01%2C2022-12-31%2C640%2C&r=0.8205512681390605,200,41cbf7f2bffd1fd6c291cee20577acef9c98c935b539fb5ecb1c457319bfc9a2,640
sz000971,2022,2026-09-26T12:45:01+00:00,https://proxy.finance.qq.com/ifzqgtimg/appstock/app/newfqkline/get?_var=kline_day2022&param=sz000971%2Cday%2C2022-01-01%2C2023-12-31%2C640%2C&r=0.8205512681390605,200,0fec9523772ac7141a60487fc9bf903c53f5436df54a669648574dcc5155f37d,640
sz000971,2023,2026-09-26T12:45:01+00:00,https://proxy.finance.qq.com/ifzqgtimg/appstock/app/newfqkline/get?_var=kline_day2023&param=sz000971%2Cday%2C2023-01-01%2C2024-12-31%2C640%2C&r=0.8205512681390605,200,005a0efe73ca1fe6008075be31f9e36da0a781ff928b8e9c751b21a4542bff49,640
sz000971,2024,2026-09-26T12:45:02+00:00,https://proxy.finance.qq.com/ifzqgtimg/appstock/app/newfqkline/get?_var=kline_day2024&param=sz000971%2Cday%2C2024-01-01%2C2025-12-31%2C640%2C&r=0.8205512681390605,200,ce8ec4113a29fef1408239f0a2863bbbc63d03cd21b3a39399339b5fa8d25998,640
sz000971,2025,2026-09-26T12:45:03+00:00,https://proxy.finance.qq.com/ifzqgtimg/appstock/app/newfqkline/get?_var=kline_day2025&param=sz000971%2Cday%2C2025-01-01%2C2026-12-31%2C640%2C&r=0.8205512681390605,200,6ab73f83c1e64508c937c97531cf73883b1deeb6a604a39e2410d71d17e68219,640
sz002002,2010,2026-09-26T12:44:53+00:00,https://proxy.finance.qq.com/ifzqgtimg/appstock/app/newfqkline/get?_var=kline_day2010&param=sz002002%2Cday%2C2010-01-01%2C2011-12-31%2C640%2C&r=0.8205512681390605,200,a978c9024d0c890a429ed306effc433a0b6bc3af19b57d45b770c2e86dd1e0ef,640
sz002002,2011,2026-09-26T12:44:55+00:00,https://proxy.finance.qq.com/ifzqgtimg/appstock/app/newfqkline/get?_var=kline_day2011&param=sz002002%2Cday%2C2011-01-01%2C2012-12-31%2C640%2C&r=0.8205512681390605,200,4d502044bd0cdeea02484d2fa0297fcdf3301d77dad8819ca5745020d0e34412,640
sz002002,2012,2026-09-26T12:44:55+00:00,https://proxy.finance.qq.com/ifzqgtimg/appstock/app/newfqkline/get?_var=kline_day2012&param=sz002002%2Cday%2C2012-01-01%2C2013-12-31%2C640%2C&r=0.8205512681390605,200,08cb7094044bd2a65e10d0427296f01adb848dce18c95b622736b8d39e295ec5,640
sz002002,2013,2026-09-26T12:44:56+00:00,https://proxy.finance.qq.com/ifzqgtimg/appstock/app/newfqkline/get?_var=kline_day2013&param=sz002002%2Cday%2C2013-01-01%2C2014-12-31%2C640%2C&r=0.8205512681390605,200,79a098220e0c9865a7dc4cb96bb9918290055053ac8d15ae8b1a51fb313c92ce,640
sz002002,2014,2026-09-26T12:44:56+00:00,https://proxy.finance.qq.com/ifzqgtimg/appstock/app/newfqkline/get?_var=kline_day2014&param=sz002002%2Cday%2C2014-01-01%2C2015-12-31%2C640%2C&r=0.8205512681390605,200,f498d3035120d802fcd83ede6b2caa78efde7789bf0daf0bae33137c7ac54df9,640
sz002002,2015,2026-09-26T12:44:57+00:00,https://proxy.finance.qq.com/ifzqgtimg/appstock/app/newfqkline/get?_var=kline_day2015&param=sz002002%2Cday%2C2015-01-01%2C2016-12-31%2C640%2C&r=0.8205512681390605,200,d4505e252c5f65e671af844fa0733f5cddd2204e82d3a2316b8c967573289cae,640
sz002002,2016,2026-09-26T12:44:58+00:00,https://proxy.finance.qq.com/ifzqgtimg/appstock/app/newfqkline/get?_var=kline_day2016&param=sz002002%2Cday%2C2016-01-01%2C2017-12-31%2C640%2C&r=0.8205512681390605,200,d256ed898e456e0f2abc86df839df5c4cd42c478c62d2758bcbc4f519dce45ad,640
sz002002,2017,2026-09-26T12:44:58+00:00,https://proxy.finance.qq.com/ifzqgtimg/appstock/app/newfqkline/get?_var=kline_day2017&param=sz002002%2Cday%2C2017-01-01%2C2018-12-31%2C640%2C&r=0.8205512681390605,200,d67e3c0d6f59a27c8b7bc5c3616ece6ad2de358f085bfde5c99e6f52d7e8e8f8,640
sz002002,2018,2026-09-26T12:44:59+00:00,https://proxy.finance.qq.com/ifzqgtimg/appstock/app/newfqkline/get?_var=kline_day2018&param=sz002002%2Cday%2C2018-01-01%2C2019-12-31%2C640%2C&r=0.8205512681390605,200,82a7e18d68ceb2722b42049ce659ff2e8251091b09672d065ff88e932f725264,640
sz002002,2019,2026-09-26T12:44:59+00:00,https://proxy.finance.qq.com/ifzqgtimg/appstock/app/newfqkline/get?_var=kline_day2019&param=sz002002%2Cday%2C2019-01-01%2C2020-12-31%2C640%2C&r=0.8205512681390605,200,3854ea47bb24ef11943c37a91608b074231574130013ab7c3cc0a5db3bf9d436,640
sz002002,2020,2026-09-26T12:45:00+00:00,https://proxy.finance.qq.com/ifzqgtimg/appstock/app/newfqkline/get?_var=kline_day2020&param=sz002002%2Cday%2C2020-01-01%2C2021-12-31%2C640%2C&r=0.8205512681390605,200,c883d9e375400726ae0260420070e9bb7e45d1652d3bee4794915bc6ede19045,640
sz002002,2021,2026-09-26T12:45:01+00:00,https://proxy.finance.qq.com/ifzqgtimg/appstock/app/newfqkline/get?_var=kline_day2021&param=sz002002%2Cday%2C2021-01-01%2C2022-12-31%2C640%2C&r=0.8205512681390605,200,86a2fe19d0bd74932ee29a34a643896c0fcf784100ff09764e4bda555c5f6161,640
sz002002,2022,2026-09-26T12:45:01+00:00,https://proxy.finance.qq.com/ifzqgtimg/appstock/app/newfqkline/get?_var=kline_day2022&param=sz002002%2Cday%2C2022-01-01%2C2023-12-31%2C640%2C&r=0.8205512681390605,200,301a975f5778f23af0aa4016c6e6657b8de5ceb1ead6b2d0f7f90c80c3a858c5,640
sz002002,2023,2026-09-26T12:45:02+00:00,https://proxy.finance.qq.com/ifzqgtimg/appstock/app/newfqkline/get?_var=kline_day2023&param=sz002002%2Cday%2C2023-01-01%2C2024-12-31%2C640%2C&r=0.8205512681390605,200,1d16ddc9db0bb188c366c1691d16993f90ff2ef3edd25af8c71eff5ef5b0ff47,640
sz002002,2024,2026-09-26T12:45:02+00:00,https://proxy.finance.qq.com/ifzqgtimg/appstock/app/newfqkline/get?_var=kline_day2024&param=sz002002%2Cday%2C2024-01-01%2C2025-12-31%2C640%2C&r=0.8205512681390605,200,62fdf1ef3eff0d243fbf4fa4fc85e7c294577ba78aca6b3268ff3bcb350a873f,640
sz002002,2025,2026-09-26T12:45:03+00:00,https://proxy.finance.qq.com/ifzqgtimg/appstock/app/newfqkline/get?_var=kline_day2025&param=sz002002%2Cday%2C2025-01-01%2C2026-12-31%2C640%2C&r=0.8205512681390605,200,faea3b5e489cdd0382491df446ecc351530409a5fc4aff91218a38eb08ee4b6e,640
sz000023,2010,2026-09-26T12:44:53+00:00,https://proxy.finance.qq.com/ifzqgtimg/appstock/app/newfqkline/get?_var=kline_day2010&param=sz000023%2Cday%2C2010-01-01%2C2011-12-31%2C640%2C&r=0.8205512681390605,200,64aebeb16c43706fb449a7633d9a0a787480922a3549008a8452d330b3e1a621,640
sz000023,2011,2026-09-26T12:44:56+00:00,https://proxy.finance.qq.com/ifzqgtimg/appstock/app/newfqkline/get?_var=kline_day2011&param=sz000023%2Cday%2C2011-01-01%2C2012-12-31%2C640%2C&r=0.8205512681390605,200,61aefdaf9bd34152ab6de3e585b232262405692005568e869227b09a3d5ea265,640
sz000023,2012,2026-09-26T12:44:57+00:00,https://proxy.finance.qq.com/ifzqgtimg/appstock/app/newfqkline/get?_var=kline_day2012&param=sz000023%2Cday%2C2012-01-01%2C2013-12-31%2C640%2C&r=0.8205512681390605,200,5e1b05fc17892386af69d0122d433dab67a380ff92fc49ade06e39a7457210b2,640
sz000023,2013,2026-09-26T12:44:58+00:00,https://proxy.finance.qq.com/ifzqgtimg/appstock/app/newfqkline/get?_var=kline_day2013&param=sz000023%2Cday%2C2013-01-01%2C2014-12-31%2C640%2C&r=0.8205512681390605,200,78fddc8cc86636fd2affddb8e98abc7d5a7dae30b2b58744a1c082d4e82f5244,640
sz000023,2014,2026-09-26T12:44:59+00:00,https://proxy.finance.qq.com/ifzqgtimg/appstock/app/newfqkline/get?_var=kline_day2014&param=sz000023%2Cday%2C2014-01-01%2C2015-12-31%2C640%2C&r=0.8205512681390605,200,62d601c6d5cce1b2cf7c48ae44e87ddc24f7204bcba4ffec28769c7d43d1b91d,640
sz000023,2015,2026-09-26T12:44:59+00:00,https://proxy.finance.qq.com/ifzqgtimg/appstock/app/newfqkline/get?_var=kline_day2015&param=sz000023%2Cday%2C2015-01-01%2C2016-12-31%2C640%2C&r=0.8205512681390605,200,a8f1ecc0d214efba39367cee9b8e577aff497847e10d8c7768ec0f3017fba0b5,640
sz000023,2016,2026-09-26T12:45:00+00:00,https://proxy.finance.qq.com/ifzqgtimg/appstock/app/newfqkline/get?_var=kline_day2016&param=sz000023%2Cday%2C2016-01-01%2C2017-12-31%2C640%2C&r=0.8205512681390605,200,02d2cf019ae77a8948c2877df98ad28902964e74a0a165e8963ee5631989b829,640
sz000023,2017,2026-09-26T12:45:01+00:00,https://proxy.finance.qq.com/ifzqgtimg/appstock/app/newfqkline/get?_var=kline_day2017&param=sz000023%2Cday%2C2017-01-01%2C2018-12-31%2C640%2C&r=0.8205512681390605,200,a96f656f2667a986b038abc7372d13726d6602d012456f6c203196a48eafb269,640
sz000023,2018,2026-09-26T12:45:02+00:00,https://proxy.finance.qq.com/ifzqgtimg/appstock/app/newfqkline/get?_var=kline_day2018&param=sz000023%2Cday%2C2018-01-01%2C2019-12-31%2C640%2C&r=0.8205512681390605,200,9b86f7c4dfe2f25b02fe65f0c436617066663e4c6fb216ddeb7b7b6d67d2f21b,640
sz000023,2019,2026-09-26T12:45:03+00:00,https://proxy.finance.qq.com/ifzqgtimg/appstock/app/newfqkline/get?_var=kline_day2019&param=sz000023%2Cday%2C2019-01-01%2C2020-12-31%2C640%2C&r=0.8205512681390605,200,0aa1de41fc0640a25bac26b40e97327b6a9d766f904cd3275bb5f00baf4ebff8,640
sz000023,2020,2026-09-26T12:45:03+00:00,https://proxy.finance.qq.com/ifzqgtimg/appstock/app/newfqkline/get?_var=kline_day2020&param=sz000023%2Cday%2C2020-01-01%2C2021-12-31%2C640%2C&r=0.8205512681390605,200,8bdf7cd4799f65de9d5cf6c7a811ef8e4d7f722449f2a399bc70de589bdf669c,640
sz000023,2021,2026-09-26T12:45:04+00:00,https://proxy.finance.qq.com/ifzqgtimg/appstock/app/newfqkline/get?_var=kline_day2021&param=sz000023%2Cday%2C2021-01-01%2C2022-12-31%2C640%2C&r=0.8205512681390605,200,80c1cb2b087b9548aa8cf9d4c0ecda6d090d5c262ccffab7ad3f63316f305877,640
sz000023,2022,2026-09-26T12:45:05+00:00,https://proxy.finance.qq.com/ifzqgtimg/appstock/app/newfqkline/get?_var=kline_day2022&param=sz000023%2Cday%2C2022-01-01%2C2023-12-31%2C640%2C&r=0.8205512681390605,200,bb18004610d71dba7ba44cdc57e103a2206fae89cda04033992739ac6e9e91ce,640
sz000023,2023,2026-09-26T12:45:06+00:00,https://proxy.finance.qq.com/ifzqgtimg/appstock/app/newfqkline/get?_var=kline_day2023&param=sz000023%2Cday%2C2023-01-01%2C2024-12-31%2C640%2C&r=0.8205512681390605,200,7169b49a23526204db55d55c2e32866f9b7d038ca2f6c1b9537c7cd583aa7e45,640
sz000023,2024,2026-09-26T12:45:06+00:00,https://proxy.finance.qq.com/ifzqgtimg/appstock/app/newfqkline/get?_var=kline_day2024&param=sz000023%2Cday%2C2024-01-01%2C2025-12-31%2C640%2C&r=0.8205512681390605,200,b2a847e46286276778ae2e4a61bed970efe4a9f7b9653a8d6fd6fabfcb9ac466,640
sz000023,2025,2026-09-26T12:45:07+00:00,https://proxy.finance.qq.com/ifzqgtimg/appstock/app/newfqkline/get?_var=kline_day2025&param=sz000023%2Cday%2C2025-01-01%2C2026-12-31%2C640%2C&r=0.8205512681390605,200,d26dd1de1855d7d1c5359e0b7ec913d33b01c7dbd25baec1afef9b1a77bbafff,640
sz002071,2010,2026-09-26T12:45:01+00:00,https://proxy.finance.qq.com/ifzqgtimg/appstock/app/newfqkline/get?_var=kline_day2010&param=sz002071%2Cday%2C2010-01-01%2C2011-12-31%2C640%2C&r=0.8205512681390605,200,2566013e6b0de3eb05a3ce457e3bbcecd6df2a806d5ddeefa9259bbcfc12e73e,640
sz002071,2011,2026-09-26T12:45:03+00:00,https://proxy.finance.qq.com/ifzqgtimg/appstock/app/newfqkline/get?_var=kline_day2011&param=sz002071%2Cday%2C2011-01-01%2C2012-12-31%2C640%2C&r=0.8205512681390605,200,e52d03f19937ee059b7bd29e803b05cb584cfa959c0e3a903632567448283aad,640
sz002071,2012,2026-09-26T12:45:03+00:00,https://proxy.finance.qq.com/ifzqgtimg/appstock/app/newfqkline/get?_var=kline_day2012&param=sz002071%2Cday%2C2012-01-01%2C2013-12-31%2C640%2C&r=0.8205512681390605,200,18e86f388117ee90ca2ad52a60e8f70be6bad73593fe543e4052a0b2ed72642a,640
sz002071,2013,2026-09-26T12:45:03+00:00,https://proxy.finance.qq.com/ifzqgtimg/appstock/app/newfqkline/get?_var=kline_day2013&param=sz002071%2Cday%2C2013-01-01%2C2014-12-31%2C640%2C&r=0.8205512681390605,200,5bc9f35ed51ed3b1059769babade8d41b3e19bf6e3f33d16ef50976c4aa1896c,640
sz002071,2014,2026-09-26T12:45:04+00:00,https://proxy.finance.qq.com/ifzqgtimg/appstock/app/newfqkline/get?_var=kline_day2014&param=sz002071%2Cday%2C2014-01-01%2C2015-12-31%2C640%2C&r=0.8205512681390605,200,f030c3390b3f5f47be15b4825d2759869b62d81c24b3b6589b182b26593e16bf,640
sz002071,2015,2026-09-26T12:45:04+00:00,https://proxy.finance.qq.com/ifzqgtimg/appstock/app/newfqkline/get?_var=kline_day2015&param=sz002071%2Cday%2C2015-01-01%2C2016-12-31%2C640%2C&r=0.8205512681390605,200,8beade50bc24d5c26a274edf3008eff04b9f8767c17b8defdc8d610c7e0eee40,640
sz002071,2016,2026-09-26T12:45:05+00:00,https://proxy.finance.qq.com/ifzqgtimg/appstock/app/newfqkline/get?_var=kline_day2016&param=sz002071%2Cday%2C2016-01-01%2C2017-12-31%2C640%2C&r=0.8205512681390605,200,7e4272d3404364555d47eee1438e4abf506ea12151d60c69b75556a9b0cbc85b,640
sz002071,2017,2026-09-26T12:45:05+00:00,https://proxy.finance.qq.com/ifzqgtimg/appstock/app/newfqkline/get?_var=kline_day2017&param=sz002071%2Cday%2C2017-01-01%2C2018-12-31%2C640%2C&r=0.8205512681390605,200,f434fe7055d33e32ab8485e735787c3316a8d0b5cb7f944b9d96dc8ee0d9138a,640
sz002071,2018,2026-09-26T12:45:06+00:00,https://proxy.finance.qq.com/ifzqgtimg/appstock/app/newfqkline/get?_var=kline_day2018&param=sz002071%2Cday%2C2018-01-01%2C2019-12-31%2C640%2C&r=0.8205512681390605,200,6b44f853696e6f608b8827d95a4d97a38a8cefd339eddbcff99dba54839a4963,640
sz002071,2019,2026-09-26T12:45:06+00:00,https://proxy.finance.qq.com/ifzqgtimg/appstock/app/newfqkline/get?_var=kline_day2019&param=sz002071%2Cday%2C2019-01-01%2C2020-12-31%2C640%2C&r=0.8205512681390605,200,be3f6b58928b01e01686c51edc9f7f9082a33a0a54aa90e80a411ba002679fb9,640
sz002071,2020,2026-09-26T12:45:07+00:00,https://proxy.finance.qq.com/ifzqgtimg/appstock/app/newfqkline/get?_var=kline_day2020&param=sz002071%2Cday%2C2020-01-01%2C2021-12-31%2C640%2C&r=0.8205512681390605,200,ece2c7b5797ad4cd082742faa1c01069573d9b5aaf7224a21b1088df497bd7d0,640
sz002071,2021,2026-09-26T12:45:07+00:00,https://proxy.finance.qq.com/ifzqgtimg/appstock/app/newfqkline/get?_var=kline_day2021&param=sz002071%2Cday%2C2021-01-01%2C2022-12-31%2C640%2C&r=0.8205512681390605,200,74ddb78be481e30b477c048f7b0037e3d407ba14a42ef875780f13a4dbf2d6de,640
sz002071,2022,2026-09-26T12:45:08+00:00,https://proxy.finance.qq.com/ifzqgtimg/appstock/app/newfqkline/get?_var=kline_day2022&param=sz002071%2Cday%2C2022-01-01%2C2023-12-31%2C640%2C&r=0.8205512681390605,200,9739590a862580192f7c7a4f229a55d847cc1a933fd824c50ecc9db12b18acdc,640
sz002013,2010,2026-09-26T12:45:00+00:00,https://proxy.finance.qq.com/ifzqgtimg/appstock/app/newfqkline/get?_var=kline_day2010&param=sz002013%2Cday%2C2010-01-01%2C2011-12-31%2C640%2C&r=0.8205512681390605,200,2ea59550e2a54fe35ddd36fe2a5bd6a23a2616e286e1ac25d24fd78ecc4d5892,640
sz002013,2011,2026-09-26T12:45:02+00:00,https://proxy.finance.qq.com/ifzqgtimg/appstock/app/newfqkline/get?_var=kline_day2011&param=sz002013%2Cday%2C2011-01-01%2C2012-12-31%2C640%2C&r=0.8205512681390605,200,6ee35bd139496c9ccde0d4b3c29b74d71c8e3fb5f4026e55f575730ae8b73277,640
sz002013,2012,2026-09-26T12:45:03+00:00,https://proxy.finance.qq.com/ifzqgtimg/appstock/app/newfqkline/get?_var=kline_day2012&param=sz002013%2Cday%2C2012-01-01%2C2013-12-31%2C640%2C&r=0.8205512681390605,200,77aadd055b0d0833b5915a8a503ff56f9b5b1f77c61742be4c9ffa969eb9444a,640
sz002013,2013,2026-09-26T12:45:03+00:00,https://proxy.finance.qq.com/ifzqgtimg/appstock/app/newfqkline/get?_var=kline_day2013&param=sz002013%2Cday%2C2013-01-01%2C2014-12-31%2C640%2C&r=0.8205512681390605,200,47d53852eeaa64364a818cd053c6a8f2967215e87f0e4c427e334e9b7d50ef00,640
sz002013,2014,2026-09-26T12:45:04+00:00,https://proxy.finance.qq.com/ifzqgtimg/appstock/app/newfqkline/get?_var=kline_day2014&param=sz002013%2Cday%2C2014-01-01%2C2015-12-31%2C640%2C&r=0.8205512681390605,200,0dcce39dea33abef598ac1437679aa4df8d365f7e88d2764dba1b7464ebea080,640
sz002013,2015,2026-09-26T12:45:04+00:00,https://proxy.finance.qq.com/ifzqgtimg/appstock/app/newfqkline/get?_var=kline_day2015&param=sz002013%2Cday%2C2015-01-01%2C2016-12-31%2C640%2C&r=0.8205512681390605,200,60fafe6189c3be7a2363b38353ed4ba091690858d68f9054726bde96ecb2a2d2,640
sz002013,2016,2026-09-26T12:45:05+00:00,https://proxy.finance.qq.com/ifzqgtimg/appstock/app/newfqkline/get?_var=kline_day2016&param=sz002013%2Cday%2C2016-01-01%2C2017-12-31%2C640%2C&r=0.8205512681390605,200,97fd71c6c79c14946a458f4d08a41c050f59a8b2243eedf8bf4ea97a838a25cc,640
sz002013,2017,2026-09-26T12:45:05+00:00,https://proxy.finance.qq.com/ifzqgtimg/appstock/app/newfqkline/get?_var=kline_day2017&param=sz002013%2Cday%2C2017-01-01%2C2018-12-31%2C640%2C&r=0.8205512681390605,200,699c1c509a462dc8389b37b6bae53275c3b9a0915f187bcbe296333d91fe1259,640
sz002013,2018,2026-09-26T12:45:06+00:00,https://proxy.finance.qq.com/ifzqgtimg/appstock/app/newfqkline/get?_var=kline_day2018&param=sz002013%2Cday%2C2018-01-01%2C2019-12-31%2C640%2C&r=0.8205512681390605,200,70991d4e84a7e4ec7baea9ad8433f06ffbb53fcf6335285be0558c9e7a5821c5,640
sz002013,2019,2026-09-26T12:45:06+00:00,https://proxy.finance.qq.com/ifzqgtimg/appstock/app/newfqkline/get?_var=kline_day2019&param=sz002013%2Cday%2C2019-01-01%2C2020-12-31%2C640%2C&r=0.8205512681390605,200,44876276ba4eae7026bf2363047d1ecdcb1ff9c66ebc3880878bb717ed18b14d,640
sz002013,2020,2026-09-26T12:45:07+00:00,https://proxy.finance.qq.com/ifzqgtimg/appstock/app/newfqkline/get?_var=kline_day2020&param=sz002013%2Cday%2C2020-01-01%2C2021-12-31%2C640%2C&r=0.8205512681390605,200,83938e86302012720f69284b7b931ab0885f1524d680a32bc0a688a3a72381c3,640
sz002013,2021,2026-09-26T12:45:07+00:00,https://proxy.finance.qq.com/ifzqgtimg/appstock/app/newfqkline/get?_var=kline_day2021&param=sz002013%2Cday%2C2021-01-01%2C2022-12-31%2C640%2C&r=0.8205512681390605,200,14fa5fb4a7d008901ecdb9a201654cb172e915fbf9f0afca9062f12ebe418d70,640
sz002013,2022,2026-09-26T12:45:08+00:00,https://proxy.finance.qq.com/ifzqgtimg/appstock/app/newfqkline/get?_var=kline_day2022&param=sz002013%2Cday%2C2022-01-01%2C2023-12-31%2C640%2C&r=0.8205512681390605,200,7ee73ea3ff50a0930b68f6ffbb4e3562e74bb0c55dbe51861d537fb638964a41,640
sz002013,2023,2026-09-26T12:45:08+00:00,https://proxy.finance.qq.com/ifzqgtimg/appstock/app/newfqkline/get?_var=kline_day2023&param=sz002013%2Cday%2C2023-01-01%2C2024-12-31%2C640%2C&r=0.8205512681390605,200,92cf1ef223f300186c6ec7a7654e976c49f97b1f25c44d7af00a5aea8feb6541,640
sz002013,2024,2026-09-26T12:45:09+00:00,https://proxy.finance.qq.com/ifzqgtimg/appstock/app/newfqkline/get?_var=kline_day2024&param=sz002013%2Cday%2C2024-01-01%2C2025-12-31%2C640%2C&r=0.8205512681390605,200,fa911502bf26b6f1e3d68e78e57f71ab8c2b769fc38b6160d9ca39a01d7ee239,640
sz002260,2010,2026-09-26T12:45:02+00:00,https://proxy.finance.qq.com/ifzqgtimg/appstock/app/newfqkline/get?_var=kline_day2010&param=sz002260%2Cday%2C2010-01-01%2C2011-12-31%2C640%2C&r=0.8205512681390605,200,506d9db5095f0bdf0cac8018ce986e8d55853a911291e20590bb41cd79856197,640
sz002260,2011,2026-09-26T12:45:04+00:00,https://proxy.finance.qq.com/ifzqgtimg/appstock/app/newfqkline/get?_var=kline_day2011&param=sz002260%2Cday%2C2011-01-01%2C2012-12-31%2C640%2C&r=0.8205512681390605,200,7dce18878955e2cea393359e6563d00eb9f98bd32893f5b3171992c6236274fc,640
sz002260,2012,2026-09-26T12:45:04+00:00,https://proxy.finance.qq.com/ifzqgtimg/appstock/app/newfqkline/get?_var=kline_day2012&param=sz002260%2Cday%2C2012-01-01%2C2013-12-31%2C640%2C&r=0.8205512681390605,200,8899c02faeba7e8aea807fdcbd5b423026f67469a09e9f1998da2ae86b3d3031,640
sz002260,2013,2026-09-26T12:45:05+00:00,https://proxy.finance.qq.com/ifzqgtimg/appstock/app/newfqkline/get?_var=kline_day2013&param=sz002260%2Cday%2C2013-01-01%2C2014-12-31%2C640%2C&r=0.8205512681390605,200,8f1ad3016b07ac02ca31b870e7c390da75378e36c6e593550a10fb4ecc9271a1,640
sz002260,2014,2026-09-26T12:45:05+00:00,https://proxy.finance.qq.com/ifzqgtimg/appstock/app/newfqkline/get?_var=kline_day2014&param=sz002260%2Cday%2C2014-01-01%2C2015-12-31%2C640%2C&r=0.8205512681390605,200,a77728317967816008b997b76199b715f60c9db20828df6e5bd112fa52df5cf5,640
sz002260,2015,2026-09-26T12:45:06+00:00,https://proxy.finance.qq.com/ifzqgtimg/appstock/app/newfqkline/get?_var=kline_day2015&param=sz002260%2Cday%2C2015-01-01%2C2016-12-31%2C640%2C&r=0.8205512681390605,200,aa667abaaa86efc3a29cc28350794c0b21cd78c69cef650d2032788cc10adc12,640
sz002260,2016,2026-09-26T12:45:06+00:00,https://proxy.finance.qq.com/ifzqgtimg/appstock/app/newfqkline/get?_var=kline_day2016&param=sz002260%2Cday%2C2016-01-01%2C2017-12-31%2C640%2C&r=0.8205512681390605,200,681a83aac6c24bcaf18fb8e243d132728a6954417c9c667e1474b3efc8bf40a7,640
sz002260,2017,2026-09-26T12:45:07+00:00,https://proxy.finance.qq.com/ifzqgtimg/appstock/app/newfqkline/get?_var=kline_day2017&param=sz002260%2Cday%2C2017-01-01%2C2018-12-31%2C640%2C&r=0.8205512681390605,200,a0be4f65d5bec604873a5a33a7411131cb59dcc973d1e05be9a58cf9ded9bada,640
sz002260,2018,2026-09-26T12:45:08+00:00,https://proxy.finance.qq.com/ifzqgtimg/appstock/app/newfqkline/get?_var=kline_day2018&param=sz002260%2Cday%2C2018-01-01%2C2019-12-31%2C640%2C&r=0.8205512681390605,200,62abe63a868420299a0a42260775a9ca53903ba9dd3ae8afb25a6ffd8c9e4967,640
sz002260,2019,2026-09-26T12:45:08+00:00,https://proxy.finance.qq.com/ifzqgtimg/appstock/app/newfqkline/get?_var=kline_day2019&param=sz002260%2Cday%2C2019-01-01%2C2020-12-31%2C640%2C&r=0.8205512681390605,200,2eb0420e39bc32ec46f37562db7a3fe0f835c8d0dc9502c762c8356f6bcf891c,640
sz002260,2020,2026-09-26T12:45:09+00:00,https://proxy.finance.qq.com/ifzqgtimg/appstock/app/newfqkline/get?_var=kline_day2020&param=sz002260%2Cday%2C2020-01-01%2C2021-12-31%2C640%2C&r=0.8205512681390605,200,b9d0c9b215c434bc660eb086db9c3b8066676a9b4fbd970bc7479325cb80c0c2,640
sz002260,2021,2026-09-26T12:45:09+00:00,https://proxy.finance.qq.com/ifzqgtimg/appstock/app/newfqkline/get?_var=kline_day2021&param=sz002260%2Cday%2C2021-01-01%2C2022-12-31%2C640%2C&r=0.8205512681390605,200,3feed63bfc4cfe1fd162a79ad3ca09eac0793b9042ed338d2e17f341636785f6,640
sz002260,2022,2026-09-26T12:45:10+00:00,https://proxy.finance.qq.com/ifzqgtimg/appstock/app/newfqkline/get?_var=kline_day2022&param=sz002260%2Cday%2C2022-01-01%2C2023-12-31%2C640%2C&r=0.8205512681390605,200,121fb05206de4d768202497a1e07b3032f4a87e5ae7f5da09dd063fa520dd19d,640
sz002260,2023,2026-09-26T12:45:10+00:00,https://proxy.finance.qq.com/ifzqgtimg/appstock/app/newfqkline/get?_var=kline_day2023&param=sz002260%2Cday%2C2023-01-01%2C2024-12-31%2C640%2C&r=0.8205512681390605,200,652da7345c55c001b1b4cd5365013b23774d09d65495c2f57572490b33869432,640
sz002113,2010,2026-09-26T12:45:02+00:00,https://proxy.finance.qq.com/ifzqgtimg/appstock/app/newfqkline/get?_var=kline_day2010&param=sz002113%2Cday%2C2010-01-01%2C2011-12-31%2C640%2C&r=0.8205512681390605,200,9564da627531d383d29844b620f0dc4530ee0d6acf461985d70ad538674eaf3c,640
sz002113,2011,2026-09-26T12:45:04+00:00,https://proxy.finance.qq.com/ifzqgtimg/appstock/app/newfqkline/get?_var=kline_day2011&param=sz002113%2Cday%2C2011-01-01%2C2012-12-31%2C640%2C&r=0.8205512681390605,200,e9b7e4d8c0fe6f80b98d1078b2e909916bb8e25f98fe43b96493b1b057097b9d,640
sz002113,2012,2026-09-26T12:45:05+00:00,https://proxy.finance.qq.com/ifzqgtimg/appstock/app/newfqkline/get?_var=kline_day2012&param=sz002113%2Cday%2C2012-01-01%2C2013-12-31%2C640%2C&r=0.8205512681390605,200,2806374dc697666eb62c5179c0e9023a36473ff880b57626205c686620008dc1,640
sz002113,2013,2026-09-26T12:45:05+00:00,https://proxy.finance.qq.com/ifzqgtimg/appstock/app/newfqkline/get?_var=kline_day2013&param=sz002113%2Cday%2C2013-01-01%2C2014-12-31%2C640%2C&r=0.8205512681390605,200,49c87f06a06c5a1846e03b48bbd89bfdb29983ac4bcd76ec1acd0739c7a5d595,640
sz002113,2014,2026-09-26T12:45:06+00:00,https://proxy.finance.qq.com/ifzqgtimg/appstock/app/newfqkline/get?_var=kline_day2014&param=sz002113%2Cday%2C2014-01-01%2C2015-12-31%2C640%2C&r=0.8205512681390605,200,9f8008b92cd5c7c07fc7a8dd20b4e2a8da6dd7b51c34b164fdfcf403fcac0a36,640
sz002113,2015,2026-09-26T12:45:06+00:00,https://proxy.finance.qq.com/ifzqgtimg/appstock/app/newfqkline/get?_var=kline_day2015&param=sz002113%2Cday%2C2015-01-01%2C2016-12-31%2C640%2C&r=0.8205512681390605,200,d2342dd87cdb16ea1b654915c85969656666c2824b3ce1189537e9e80cb01255,640
sz002113,2016,2026-09-26T12:45:07+00:00,https://proxy.finance.qq.com/ifzqgtimg/appstock/app/newfqkline/get?_var=kline_day2016&param=sz002113%2Cday%2C2016-01-01%2C2017-12-31%2C640%2C&r=0.8205512681390605,200,394a4738ebd7c31f5a2ed8da67cab0e8f390d864043ebe071984f05175486a6b,640
sz002113,2017,2026-09-26T12:45:07+00:00,https://proxy.finance.qq.com/ifzqgtimg/appstock/app/newfqkline/get?_var=kline_day2017&param=sz002113%2Cday%2C2017-01-01%2C2018-12-31%2C640%2C&r=0.8205512681390605,200,ad6bd4da0cb1a7bccbd75027fffafbdbbd232d8adc3663b46316573d39c4c67b,640
sz002113,2018,2026-09-26T12:45:08+00:00,https://proxy.finance.qq.com/ifzqgtimg/appstock/app/newfqkline/get?_var=kline_day2018&param=sz002113%2Cday%2C2018-01-01%2C2019-12-31%2C640%2C&r=0.8205512681390605,200,dd22e888386393d4a2231cb2cbab95dd228a5c8e28b324a677b10f0c5470d942,640
sz002113,2019,2026-09-26T12:45:09+00:00,https://proxy.finance.qq.com/ifzqgtimg/appstock/app/newfqkline/get?_var=kline_day2019&param=sz002113%2Cday%2C2019-01-01%2C2020-12-31%2C640%2C&r=0.8205512681390605,200,271000e01dbf01492ea39728e572b4e7ea9702f78df12e284ffc9924d97cdc33,640
sz002113,2020,2026-09-26T12:45:09+00:00,https://proxy.finance.qq.com/ifzqgtimg/appstock/app/newfqkline/get?_var=kline_day2020&param=sz002113%2Cday%2C2020-01-01%2C2021-12-31%2C640%2C&r=0.8205512681390605,200,2ebc3b166570aebb72ffa381f96dedfe73482fb26ff8bc875a7e635e9376e870,640
sz002113,2021,2026-09-26T12:45:10+00:00,https://proxy.finance.qq.com/ifzqgtimg/appstock/app/newfqkline/get?_var=kline_day2021&param=sz002113%2Cday%2C2021-01-01%2C2022-12-31%2C640%2C&r=0.8205512681390605,200,e8fe8ba277d5f88bba6b4f4ed5269b5dc8c6f2f44d41e986334ebb0e00cee20c,640
sz002113,2022,2026-09-26T12:45:11+00:00,https://proxy.finance.qq.com/ifzqgtimg/appstock/app/newfqkline/get?_var=kline_day2022&param=sz002113%2Cday%2C2022-01-01%2C2023-12-31%2C640%2C&r=0.8205512681390605,200,43a7430ec487a1509d17546c5f5d350cb933930b0031e752242b42596fa5fc90,640
sz002113,2023,2026-09-26T12:45:11+00:00,https://proxy.finance.qq.com/ifzqgtimg/appstock/app/newfqkline/get?_var=kline_day2023&param=sz002113%2Cday%2C2023-01-01%2C2024-12-31%2C640%2C&r=0.8205512681390605,200,45528d86cc8ba230311682bf63cb238a380499b991fae4af2a77edc18996c6a4,640
sz002113,2024,2026-09-26T12:45:12+00:00,https://proxy.finance.qq.com/ifzqgtimg/appstock/app/newfqkline/get?_var=kline_day2024&param=sz002113%2Cday%2C2024-01-01%2C2025-12-31%2C640%2C&r=0.8205512681390605,200,0dd79fbd8b3a39401d2a91207b787f20e5f989e1c65c4f9af4cf5ca46ad24059,640
sh600083,2010,2026-09-26T12:45:04+00:00,https://proxy.finance.qq.com/ifzqgtimg/appstock/app/newfqkline/get?_var=kline_day2010&param=sh600083%2Cday%2C2010-01-01%2C2011-12-31%2C640%2C&r=0.8205512681390605,200,836527fb73e6a09f364eabbfc3fcabbf60cc00943ce2b5f7c49afd0327c825ea,640
sh600083,2011,2026-09-26T12:45:05+00:00,https://proxy.finance.qq.com/ifzqgtimg/appstock/app/newfqkline/get?_var=kline_day2011&param=sh600083%2Cday%2C2011-01-01%2C2012-12-31%2C640%2C&r=0.8205512681390605,200,510d13e2b94ed9c582c8f3998a9381a103c034bab6ba110c13a3e7db6dc8f6af,640
sh600083,2012,2026-09-26T12:45:06+00:00,https://proxy.finance.qq.com/ifzqgtimg/appstock/app/newfqkline/get?_var=kline_day2012&param=sh600083%2Cday%2C2012-01-01%2C2013-12-31%2C640%2C&r=0.8205512681390605,200,dc5fa2846c1c78ad98d78d9dc67bf8738813c7463f9b9ef06fe26dcd5f3005cf,640
sh600083,2013,2026-09-26T12:45:06+00:00,https://proxy.finance.qq.com/ifzqgtimg/appstock/app/newfqkline/get?_var=kline_day2013&param=sh600083%2Cday%2C2013-01-01%2C2014-12-31%2C640%2C&r=0.8205512681390605,200,e58ab37207443327411f009d6828c7f911eb607606e14d67a63cfee2d6fd9325,640
sh600083,2014,2026-09-26T12:45:07+00:00,https://proxy.finance.qq.com/ifzqgtimg/appstock/app/newfqkline/get?_var=kline_day2014&param=sh600083%2Cday%2C2014-01-01%2C2015-12-31%2C640%2C&r=0.8205512681390605,200,f461f2e98de48f4ce3281b1053a5551927c3b389510ef3bc972c58f78ca12ff4,640
sh600083,2015,2026-09-26T12:45:08+00:00,https://proxy.finance.qq.com/ifzqgtimg/appstock/app/newfqkline/get?_var=kline_day2015&param=sh600083%2Cday%2C2015-01-01%2C2016-12-31%2C640%2C&r=0.8205512681390605,200,06219bad29b601de90948d1eb641d743160294197d1b785365f2916fa7cc9f5f,640
sh600083,2016,2026-09-26T12:45:08+00:00,https://proxy.finance.qq.com/ifzqgtimg/appstock/app/newfqkline/get?_var=kline_day2016&param=sh600083%2Cday%2C2016-01-01%2C2017-12-31%2C640%2C&r=0.8205512681390605,200,e21776fbd9fbc6494f50d26a8d9c4065267fb9114df1b3f00842885a519367fc,640
sh600083,2017,2026-09-26T12:45:09+00:00,https://proxy.finance.qq.com/ifzqgtimg/appstock/app/newfqkline/get?_var=kline_day2017&param=sh600083%2Cday%2C2017-01-01%2C2018-12-31%2C640%2C&r=0.8205512681390605,200,57cd1a17c63592835ba8e11356343d0ae887ce60dcfebe1c2ca94df9982aec0b,640
sh600083,2018,2026-09-26T12:45:09+00:00,https://proxy.finance.qq.com/ifzqgtimg/appstock/app/newfqkline/get?_var=kline_day2018&param=sh600083%2Cday%2C2018-01-01%2C2019-12-31%2C640%2C&r=0.8205512681390605,200,2d074aa9274193ff2eb0deac4e25dcd4edaa9af968e0f6c8e10a7b3c001f9d56,640
sh600083,2019,2026-09-26T12:45:10+00:00,https://proxy.finance.qq.com/ifzqgtimg/appstock/app/newfqkline/get?_var=kline_day2019&param=sh600083%2Cday%2C2019-01-01%2C2020-12-31%2C640%2C&r=0.8205512681390605,200,a1333f90a96b999ba4da82535b00a4f3ddf0aa4fcad9fc5a67d4683af80726d2,640
sh600083,2020,2026-09-26T12:45:10+00:00,https://proxy.finance.qq.com/ifzqgtimg/appstock/app/newfqkline/get?_var=kline_day2020&param=sh600083%2Cday%2C2020-01-01%2C2021-12-31%2C640%2C&r=0.8205512681390605,200,3736922e978b07eb79e511bd6ebf839cedec2fdf055fcdb29dc8662cab6e8da4,640
sh600083,2021,2026-09-26T12:45:11+00:00,https://proxy.finance.qq.com/ifzqgtimg/appstock/app/newfqkline/get?_var=kline_day2021&param=sh600083%2Cday%2C2021-01-01%2C2022-12-31%2C640%2C&r=0.8205512681390605,200,e474651eae3d4f1774df070f83a301b082a32bad5f00aedd4f21dc3962323871,640
sh600083,2022,2026-09-26T12:45:11+00:00,https://proxy.finance.qq.com/ifzqgtimg/appstock/app/newfqkline/get?_var=kline_day2022&param=sh600083%2Cday%2C2022-01-01%2C2023-12-31%2C640%2C&r=0.8205512681390605,200,02533e64cae74ea64d4737b2757818cef2ac72c33369182bc5621c29a63dfe27,640
sh600083,2023,2026-09-26T12:45:12+00:00,https://proxy.finance.qq.com/ifzqgtimg/appstock/app/newfqkline/get?_var=kline_day2023&param=sh600083%2Cday%2C2023-01-01%2C2024-12-31%2C640%2C&r=0.8205512681390605,200,e06b90b44df2c3abe47998846a6c4fd91956ec8e1a50e1b521d27b863f4ab1ae,640
sh600083,2024,2026-09-26T12:45:12+00:00,https://proxy.finance.qq.com/ifzqgtimg/appstock/app/newfqkline/get?_var=kline_day2024&param=sh600083%2Cday%2C2024-01-01%2C2025-12-31%2C640%2C&r=0.8205512681390605,200,ceec9558f2a15908f8c70b1dbdc74af5554d08fa1c9c3371c39f9d7e8ab1d46e,640
sh600083,2025,2026-09-26T12:45:13+00:00,https://proxy.finance.qq.com/ifzqgtimg/appstock/app/newfqkline/get?_var=kline_day2025&param=sh600083%2Cday%2C2025-01-01%2C2026-12-31%2C640%2C&r=0.8205512681390605,200,cb00ef078a86005b1ca7a3f2b7ff4b7ceb8bde875a60116638852959f90d158a,640
sh600083,2026,2026-09-26T12:45:13+00:00,https://proxy.finance.qq.com/ifzqgtimg/appstock/app/newfqkline/get?_var=kline_day2026&param=sh600083%2Cday%2C2026-01-01%2C2027-12-31%2C640%2C&r=0.8205512681390605,200,7f3d4efd72f40dcb047c5f5214b0576d70ce4344b6df7fffb7eaaedfb8b5ff1f,640
sh600077,2010,2026-09-26T12:45:03+00:00,https://proxy.finance.qq.com/ifzqgtimg/appstock/app/newfqkline/get?_var=kline_day2010&param=sh600077%2Cday%2C2010-01-01%2C2011-12-31%2C640%2C&r=0.8205512681390605,200,5d509b6cfbe4ea9a4d91bb318ba1ab1c67b1f27779b81513096f0cadec76d86b,640
sh600077,2011,2026-09-26T12:45:05+00:00,https://proxy.finance.qq.com/ifzqgtimg/appstock/app/newfqkline/get?_var=kline_day2011&param=sh600077%2Cday%2C2011-01-01%2C2012-12-31%2C640%2C&r=0.8205512681390605,200,96e7ae33da8eb376f34cebd7963132a9bd9b99a338a011ecb4a2fff64bc79977,640
sh600077,2012,2026-09-26T12:45:06+00:00,https://proxy.finance.qq.com/ifzqgtimg/appstock/app/newfqkline/get?_var=kline_day2012&param=sh600077%2Cday%2C2012-01-01%2C2013-12-31%2C640%2C&r=0.8205512681390605,200,86e1be4bc097ef50ce75637d8ea73908cb0e3abe2616ad6174b77f8e30512b73,640
sh600077,2013,2026-09-26T12:45:07+00:00,https://proxy.finance.qq.com/ifzqgtimg/appstock/app/newfqkline/get?_var=kline_day2013&param=sh600077%2Cday%2C2013-01-01%2C2014-12-31%2C640%2C&r=0.8205512681390605,200,395c4c151339c4f3530db6534f4190ff0988eedb6692ed4cef22533babc4c62c,640
sh600077,2014,2026-09-26T12:45:07+00:00,https://proxy.finance.qq.com/ifzqgtimg/appstock/app/newfqkline/get?_var=kline_day2014&param=sh600077%2Cday%2C2014-01-01%2C2015-12-31%2C640%2C&r=0.8205512681390605,200,fa20494748cbbd0d6627fd6f7d333dfc1d9f899e455c6040ebfa4d57df024482,640
sh600077,2015,2026-09-26T12:45:08+00:00,https://proxy.finance.qq.com/ifzqgtimg/appstock/app/newfqkline/get?_var=kline_day2015&param=sh600077%2Cday%2C2015-01-01%2C2016-12-31%2C640%2C&r=0.8205512681390605,200,c411746bc3dfd3d31cf7b3cf7df968027f8e5e774f2b619353ec14ac574ab5aa,640
sh600077,2016,2026-09-26T12:45:09+00:00,https://proxy.finance.qq.com/ifzqgtimg/appstock/app/newfqkline/get?_var=kline_day2016&param=sh600077%2Cday%2C2016-01-01%2C2017-12-31%2C640%2C&r=0.8205512681390605,200,2b32b59c92d9f631678f45d1ee6b0cc21513dd0d53614dcdef7b48f0abd8a24a,640
sh600077,2017,2026-09-26T12:45:09+00:00,https://proxy.finance.qq.com/ifzqgtimg/appstock/app/newfqkline/get?_var=kline_day2017&param=sh600077%2Cday%2C2017-01-01%2C2018-12-31%2C640%2C&r=0.8205512681390605,200,94d709409849397d4ab7e8ba5a6f617a460742e3dfbe87b3797d5a8fdd51adfb,640
sh600077,2018,2026-09-26T12:45:10+00:00,https://proxy.finance.qq.com/ifzqgtimg/appstock/app/newfqkline/get?_var=kline_day2018&param=sh600077%2Cday%2C2018-01-01%2C2019-12-31%2C640%2C&r=0.8205512681390605,200,f5731aec893e748af433ac5caa4a7a55eb79f81f53ee05b581c787912f7df56e,640
sh600077,2019,2026-09-26T12:45:10+00:00,https://proxy.finance.qq.com/ifzqgtimg/appstock/app/newfqkline/get?_var=kline_day2019&param=sh600077%2Cday%2C2019-01-01%2C2020-12-31%2C640%2C&r=0.8205512681390605,200,1954e6e60803d27314fb3162aac7c5d72fed9eed1f7074cde932f39abdc34bb5,640
sh600077,2020,2026-09-26T12:45:11+00:00,https://proxy.finance.qq.com/ifzqgtimg/appstock/app/newfqkline/get?_var=kline_day2020&param=sh600077%2Cday%2C2020-01-01%2C2021-12-31%2C640%2C&r=0.8205512681390605,200,06cc075c19ece5c76414906a031279356edb3d14b546bb5cbf2d8996a59ba48b,640
sh600077,2021,2026-09-26T12:45:12+00:00,https://proxy.finance.qq.com/ifzqgtimg/appstock/app/newfqkline/get?_var=kline_day2021&param=sh600077%2Cday%2C2021-01-01%2C2022-12-31%2C640%2C&r=0.8205512681390605,200,7cc3a6ec1552301af67698db7a124b22d5c1b7d1b4ddc7a7d8404acb2f364252,640
sh600077,2022,2026-09-26T12:45:12+00:00,https://proxy.finance.qq.com/ifzqgtimg/appstock/app/newfqkline/get?_var=kline_day2022&param=sh600077%2Cday%2C2022-01-01%2C2023-12-31%2C640%2C&r=0.8205512681390605,200,df223a11dc6fb1dab0806da6a95cb34f2a1382e98cd6c4aa768a88af8aad2ffa,640
sh600077,2023,2026-09-26T12:45:13+00:00,https://proxy.finance.qq.com/ifzqgtimg/appstock/app/newfqkline/get?_var=kline_day2023&param=sh600077%2Cday%2C2023-01-01%2C2024-12-31%2C640%2C&r=0.8205512681390605,200,f4c4c735589709798353ca9f1f7eda723ee5bc58916cc456fc83ed4160d3a005,640
sh600077,2024,2026-09-26T12:45:13+00:00,https://proxy.finance.qq.com/ifzqgtimg/appstock/app/newfqkline/get?_var=kline_day2024&param=sh600077%2Cday%2C2024-01-01%2C2025-12-31%2C640%2C&r=0.8205512681390605,200,f62532c9516d3df0b66bdd23a69eeea910d4a52c17d6c1d59f7aafe47e465dfb,640
sh600070,2010,2026-09-26T12:45:03+00:00,https://proxy.finance.qq.com/ifzqgtimg/appstock/app/newfqkline/get?_var=kline_day2010&param=sh600070%2Cday%2C2010-01-01%2C2011-12-31%2C640%2C&r=0.8205512681390605,200,00f65a5bd128b034e7e024783fe88acdb31cc01423e8e94ae0c32ca888b295ca,640
sh600070,2011,2026-09-26T12:45:06+00:00,https://proxy.finance.qq.com/ifzqgtimg/appstock/app/newfqkline/get?_var=kline_day2011&param=sh600070%2Cday%2C2011-01-01%2C2012-12-31%2C640%2C&r=0.8205512681390605,200,e9dc9212bdee81d90adf85af1df2779800371ebe6c32d93af100ce125a71dfaf,640
sh600070,2012,2026-09-26T12:45:06+00:00,https://proxy.finance.qq.com/ifzqgtimg/appstock/app/newfqkline/get?_var=kline_day2012&param=sh600070%2Cday%2C2012-01-01%2C2013-12-31%2C640%2C&r=0.8205512681390605,200,a542a304cbba318124b34b25b95f18812d2003ce1bd3ab18c49b31b1a6afe61c,640
sh600070,2013,2026-09-26T12:45:07+00:00,https://proxy.finance.qq.com/ifzqgtimg/appstock/app/newfqkline/get?_var=kline_day2013&param=sh600070%2Cday%2C2013-01-01%2C2014-12-31%2C640%2C&r=0.8205512681390605,200,13cc2c503c0e5450c76bc7dae5e2792f2c91caf7d9d4b5c5d0251ecfade50f03,640
sh600070,2014,2026-09-26T12:45:07+00:00,https://proxy.finance.qq.com/ifzqgtimg/appstock/app/newfqkline/get?_var=kline_day2014&param=sh600070%2Cday%2C2014-01-01%2C2015-12-31%2C640%2C&r=0.8205512681390605,200,b037b8356ca22104c46347f56c56c31e8479872f0d5d88655004f30ea5c3a929,640
sh600070,2015,2026-09-26T12:45:08+00:00,https://proxy.finance.qq.com/ifzqgtimg/appstock/app/newfqkline/get?_var=kline_day2015&param=sh600070%2Cday%2C2015-01-01%2C2016-12-31%2C640%2C&r=0.8205512681390605,200,bca7552f71ad46f2806cbc8204d06c701c28227f77598c2d49db0996ed28b5f5,640
sh600070,2016,2026-09-26T12:45:09+00:00,https://proxy.finance.qq.com/ifzqgtimg/appstock/app/newfqkline/get?_var=kline_day2016&param=sh600070%2Cday%2C2016-01-01%2C2017-12-31%2C640%2C&r=0.8205512681390605,200,5e601881da48d2cd49e163c14f372a8c69fb91a982f133888a23f2196cd8acf2,640
sh600070,2017,2026-09-26T12:45:09+00:00,https://proxy.finance.qq.com/ifzqgtimg/appstock/app/newfqkline/get?_var=kline_day2017&param=sh600070%2Cday%2C2017-01-01%2C2018-12-31%2C640%2C&r=0.8205512681390605,200,236de13b0e5a12bb7e04f05a75dcb3bfc6d3926dd517916e232edf08f24aedaf,640
sh600070,2018,2026-09-26T12:45:10+00:00,https://proxy.finance.qq.com/ifzqgtimg/appstock/app/newfqkline/get?_var=kline_day2018&param=sh600070%2Cday%2C2018-01-01%2C2019-12-31%2C640%2C&r=0.8205512681390605,200,63b4101ac5b6e0549ccb5d89749ca0d64d9863fa93342391452b0f61791931f1,640
sh600070,2019,2026-09-26T12:45:11+00:00,https://proxy.finance.qq.com/ifzqgtimg/appstock/app/newfqkline/get?_var=kline_day2019&param=sh600070%2Cday%2C2019-01-01%2C2020-12-31%2C640%2C&r=0.8205512681390605,200,6c8e7e489b82765c2d1c5e87c11a8bce0bcc4d50a5300af781047e0bd559eb80,640
sh600070,2020,2026-09-26T12:45:11+00:00,https://proxy.finance.qq.com/ifzqgtimg/appstock/app/newfqkline/get?_var=kline_day2020&param=sh600070%2Cday%2C2020-01-01%2C2021-12-31%2C640%2C&r=0.8205512681390605,200,3849356ca60fe18b2baa90d35c029920e404cac43748caa2aaf028f8cacbec34,640
sh600070,2021,2026-09-26T12:45:12+00:00,https://proxy.finance.qq.com/ifzqgtimg/appstock/app/newfqkline/get?_var=kline_day2021&param=sh600070%2Cday%2C2021-01-01%2C2022-12-31%2C640%2C&r=0.8205512681390605,200,38b9ab3f4cea4f38dadc1af5e7ddc94aa1c8ab55b0afab472f71ff198fa07b2f,640
sh600070,2022,2026-09-26T12:45:12+00:00,https://proxy.finance.qq.com/ifzqgtimg/appstock/app/newfqkline/get?_var=kline_day2022&param=sh600070%2Cday%2C2022-01-01%2C2023-12-31%2C640%2C&r=0.8205512681390605,200,253e59ca2d50e28c4377f5a037678d6d35c88d5d77399ba05be4e9dd5f8f477e,640
sh600070,2023,2026-09-26T12:45:13+00:00,https://proxy.finance.qq.com/ifzqgtimg/appstock/app/newfqkline/get?_var=kline_day2023&param=sh600070%2Cday%2C2023-01-01%2C2024-12-31%2C640%2C&r=0.8205512681390605,200,02572c91066b4b1543a7949ca855dbde1aced70437e9da6b5c5075e7bcf3fd7e,640
sh600070,2024,2026-09-26T12:45:14+00:00,https://proxy.finance.qq.com/ifzqgtimg/appstock/app/newfqkline/get?_var=kline_day2024&param=sh600070%2Cday%2C2024-01-01%2C2025-12-31%2C640%2C&r=0.8205512681390605,200,f425a1c51f9e172561868c4b9d47621116c8ccc91b1b09c21e21e35b90363f66,640
sh600070,2025,2026-09-26T12:45:15+00:00,https://proxy.finance.qq.com/ifzqgtimg/appstock/app/newfqkline/get?_var=kline_day2025&param=sh600070%2Cday%2C2025-01-01%2C2026-12-31%2C640%2C&r=0.8205512681390605,200,1298c412a56751b1f9c57fd6dc77956bdea5bc62de6509d37adcf00532cc0a5f,640
sh600070,2026,2026-09-26T12:45:16+00:00,https://proxy.finance.qq.com/ifzqgtimg/appstock/app/newfqkline/get?_var=kline_day2026&param=sh600070%2Cday%2C2026-01-01%2C2027-12-31%2C640%2C&r=0.8205512681390605,200,4bad660830caca41e77a58d880a8cc24a5e7a1669dbd0407cb227c383adb336a,640
sh600242,2010,2026-09-26T12:45:08+00:00,https://proxy.finance.qq.com/ifzqgtimg/appstock/app/newfqkline/get?_var=kline_day2010&param=sh600242%2Cday%2C2010-01-01%2C2011-12-31%2C640%2C&r=0.8205512681390605,200,94b548989271c53c8b4e165d01d363472e8617dc22cbfb9ebf38a898d11fcd9d,640
sh600242,2011,2026-09-26T12:45:10+00:00,https://proxy.finance.qq.com/ifzqgtimg/appstock/app/newfqkline/get?_var=kline_day2011&param=sh600242%2Cday%2C2011-01-01%2C2012-12-31%2C640%2C&r=0.8205512681390605,200,c70d035091f2b503c0fafc749618fc16644933c623a6b82d452c78deaf6ee97b,640
sh600242,2012,2026-09-26T12:45:11+00:00,https://proxy.finance.qq.com/ifzqgtimg/appstock/app/newfqkline/get?_var=kline_day2012&param=sh600242%2Cday%2C2012-01-01%2C2013-12-31%2C640%2C&r=0.8205512681390605,200,95463a13e8112565260cc4e31c3c5639daa1ee0617df925ac6f278d949b60f5a,640
sh600242,2013,2026-09-26T12:45:11+00:00,https://proxy.finance.qq.com/ifzqgtimg/appstock/app/newfqkline/get?_var=kline_day2013&param=sh600242%2Cday%2C2013-01-01%2C2014-12-31%2C640%2C&r=0.8205512681390605,200,1b5e43a3cfb70ae0c8954c4fa15e526ef46720a5bacd03b9b4172663fdd0e5de,640
sh600242,2014,2026-09-26T12:45:12+00:00,https://proxy.finance.qq.com/ifzqgtimg/appstock/app/newfqkline/get?_var=kline_day2014&param=sh600242%2Cday%2C2014-01-01%2C2015-12-31%2C640%2C&r=0.8205512681390605,200,827f8a7991c809e31a41b70c666d234867c47746f6a837cdfaff2262982023b3,640
sh600242,2015,2026-09-26T12:45:12+00:00,https://proxy.finance.qq.com/ifzqgtimg/appstock/app/newfqkline/get?_var=kline_day2015&param=sh600242%2Cday%2C2015-01-01%2C2016-12-31%2C640%2C&r=0.8205512681390605,200,360967c03444639fd30dc3bca94d4d878a4192cee0e7655d8afa8c160c7a9b33,640
sh600242,2016,2026-09-26T12:45:12+00:00,https://proxy.finance.qq.com/ifzqgtimg/appstock/app/newfqkline/get?_var=kline_day2016&param=sh600242%2Cday%2C2016-01-01%2C2017-12-31%2C640%2C&r=0.8205512681390605,200,b2ffe71f804cf33fbbdd2fda32f3c0a66820eb05fbcb82d82e44e50e698c8f57,640
sh600242,2017,2026-09-26T12:45:13+00:00,https://proxy.finance.qq.com/ifzqgtimg/appstock/app/newfqkline/get?_var=kline_day2017&param=sh600242%2Cday%2C2017-01-01%2C2018-12-31%2C640%2C&r=0.8205512681390605,200,eeef1a7fab89de1d98be0cd9f1db57de54f57bf36c975e643e9ea76f1108a0a9,640
sh600242,2018,2026-09-26T12:45:13+00:00,https://proxy.finance.qq.com/ifzqgtimg/appstock/app/newfqkline/get?_var=kline_day2018&param=sh600242%2Cday%2C2018-01-01%2C2019-12-31%2C640%2C&r=0.8205512681390605,200,06471c4630a90bfc7c1187b326d074c818f38753fb177202730cd69787cd2a8f,640
sh600242,2019,2026-09-26T12:45:14+00:00,https://proxy.finance.qq.com/ifzqgtimg/appstock/app/newfqkline/get?_var=kline_day2019&param=sh600242%2Cday%2C2019-01-01%2C2020-12-31%2C640%2C&r=0.8205512681390605,200,fb2383403b6ac99c5f8e423de3e21d58e01126f317eaf72c042b09f133455c7a,640
sh600242,2020,2026-09-26T12:45:14+00:00,https://proxy.finance.qq.com/ifzqgtimg/appstock/app/newfqkline/get?_var=kline_day2020&param=sh600242%2Cday%2C2020-01-01%2C2021-12-31%2C640%2C&r=0.8205512681390605,200,27d3cbadaf270127c1793f76f00ee0ca4a709b22dd661ce1154cf1ffaa764e35,640
sh600242,2021,2026-09-26T12:45:15+00:00,https://proxy.finance.qq.com/ifzqgtimg/appstock/app/newfqkline/get?_var=kline_day2021&param=sh600242%2Cday%2C2021-01-01%2C2022-12-31%2C640%2C&r=0.8205512681390605,200,bf96aa92f101533ea9f812eb1e50da5c5bd31411236ca323194f1dd40290da47,640
sh600242,2022,2026-09-26T12:45:15+00:00,https://proxy.finance.qq.com/ifzqgtimg/appstock/app/newfqkline/get?_var=kline_day2022&param=sh600242%2Cday%2C2022-01-01%2C2023-12-31%2C640%2C&r=0.8205512681390605,200,5055f17e827754df9fe7cce04f62a1fb7e6b8f4103c10c177b8ce192e4b34b49,640
sh600242,2023,2026-09-26T12:45:16+00:00,https://proxy.finance.qq.com/ifzqgtimg/appstock/app/newfqkline/get?_var=kline_day2023&param=sh600242%2Cday%2C2023-01-01%2C2024-12-31%2C640%2C&r=0.8205512681390605,200,790f09898ab60db6db296bf77f12f7191f6c63a79927af3f524ce3d5426bb276,640
sh600242,2024,2026-09-26T12:45:16+00:00,https://proxy.finance.qq.com/ifzqgtimg/appstock/app/newfqkline/get?_var=kline_day2024&param=sh600242%2Cday%2C2024-01-01%2C2025-12-31%2C640%2C&r=0.8205512681390605,200,4dfff499eae1a62d1a71a16bb7a545555b4aeddc95643531ed7c280402520b0f,640
sh600213,2010,2026-09-26T12:45:08+00:00,https://proxy.finance.qq.com/ifzqgtimg/appstock/app/newfqkline/get?_var=kline_day2010&param=sh600213%2Cday%2C2010-01-01%2C2011-12-31%2C640%2C&r=0.8205512681390605,200,bd2b5881b7b50b51abc9bc9b6b2249cf86f0673a26afcba860cc6e1b57bea199,640
sh600213,2011,2026-09-26T12:45:10+00:00,https://proxy.finance.qq.com/ifzqgtimg/appstock/app/newfqkline/get?_var=kline_day2011&param=sh600213%2Cday%2C2011-01-01%2C2012-12-31%2C640%2C&r=0.8205512681390605,200,bb61dfcbdde8ff21c4f61134f0f07ff066f8f01182fd8711022563c639b33720,640
sh600213,2012,2026-09-26T12:45:10+00:00,https://proxy.finance.qq.com/ifzqgtimg/appstock/app/newfqkline/get?_var=kline_day2012&param=sh600213%2Cday%2C2012-01-01%2C2013-12-31%2C640%2C&r=0.8205512681390605,200,a3d58d266fbcf7b4ffa9b5eb674683de771f02fd6face9e0f270b2440cf20b42,640
sh600213,2013,2026-09-26T12:45:11+00:00,https://proxy.finance.qq.com/ifzqgtimg/appstock/app/newfqkline/get?_var=kline_day2013&param=sh600213%2Cday%2C2013-01-01%2C2014-12-31%2C640%2C&r=0.8205512681390605,200,370c0131476cc2dafe9ed1645bdaf48bcbcc33100f08e6c9c0276d9b6b430d0d,640
sh600213,2014,2026-09-26T12:45:11+00:00,https://proxy.finance.qq.com/ifzqgtimg/appstock/app/newfqkline/get?_var=kline_day2014&param=sh600213%2Cday%2C2014-01-01%2C2015-12-31%2C640%2C&r=0.8205512681390605,200,5504735271a9cae54de43491f589564e9954f393604c0f3315a58703a84a47a3,640
sh600213,2015,2026-09-26T12:45:12+00:00,https://proxy.finance.qq.com/ifzqgtimg/appstock/app/newfqkline/get?_var=kline_day2015&param=sh600213%2Cday%2C2015-01-01%2C2016-12-31%2C640%2C&r=0.8205512681390605,200,04d59b3d392b8f41b2cb84a8ba394c68284788b998bc62cd386428fa126c3cb4,640
sh600213,2016,2026-09-26T12:45:13+00:00,https://proxy.finance.qq.com/ifzqgtimg/appstock/app/newfqkline/get?_var=kline_day2016&param=sh600213%2Cday%2C2016-01-01%2C2017-12-31%2C640%2C&r=0.8205512681390605,200,31081e10a8c88aed578434b742e528bf550475ff90b4f5c8f2434c50f1f860cb,640
sh600213,2017,2026-09-26T12:45:13+00:00,https://proxy.finance.qq.com/ifzqgtimg/appstock/app/newfqkline/get?_var=kline_day2017&param=sh600213%2Cday%2C2017-01-01%2C2018-12-31%2C640%2C&r=0.8205512681390605,200,29e3d376ee23b4e9afeab153236e2ed6ee31a1f11afe371009fd453be4bb20f4,640
sh600213,2018,2026-09-26T12:45:14+00:00,https://proxy.finance.qq.com/ifzqgtimg/appstock/app/newfqkline/get?_var=kline_day2018&param=sh600213%2Cday%2C2018-01-01%2C2019-12-31%2C640%2C&r=0.8205512681390605,200,3dabe6d208fb430ff5e50c8240108c329849ff4f99ae06fb64419a12b4a9995b,640
sh600213,2019,2026-09-26T12:45:14+00:00,https://proxy.finance.qq.com/ifzqgtimg/appstock/app/newfqkline/get?_var=kline_day2019&param=sh600213%2Cday%2C2019-01-01%2C2020-12-31%2C640%2C&r=0.8205512681390605,200,eb53fa9fb6e75cb33bfc2c1d0b3c396b5ad0e5b575dd69726e4c6e083dddf5ae,640
sh600213,2020,2026-09-26T12:45:15+00:00,https://proxy.finance.qq.com/ifzqgtimg/appstock/app/newfqkline/get?_var=kline_day2020&param=sh600213%2Cday%2C2020-01-01%2C2021-12-31%2C640%2C&r=0.8205512681390605,200,adb92fdd274f0494102ce73fb2a92d172f93c2a1dbed22cd78bc694bdc8db610,640
sh600213,2021,2026-09-26T12:45:15+00:00,https://proxy.finance.qq.com/ifzqgtimg/appstock/app/newfqkline/get?_var=kline_day2021&param=sh600213%2Cday%2C2021-01-01%2C2022-12-31%2C640%2C&r=0.8205512681390605,200,c7550ada8ce8e0c52119734d699245b00aef744d881150bbcedec6b1cd563874,640
sh600213,2022,2026-09-26T12:45:16+00:00,https://proxy.finance.qq.com/ifzqgtimg/appstock/app/newfqkline/get?_var=kline_day2022&param=sh600213%2Cday%2C2022-01-01%2C2023-12-31%2C640%2C&r=0.8205512681390605,200,8007301467800c15afef049435ab3ba166e93bfbddb46cb2220c0aa0838d04c7,640
sh600213,2023,2026-09-26T12:45:16+00:00,https://proxy.finance.qq.com/ifzqgtimg/appstock/app/newfqkline/get?_var=kline_day2023&param=sh600213%2Cday%2C2023-01-01%2C2024-12-31%2C640%2C&r=0.8205512681390605,200,63fb32cf537517425786335db36536be6a913713f9e38427034ab17528423b00,640
sh600213,2024,2026-09-26T12:45:17+00:00,https://proxy.finance.qq.com/ifzqgtimg/appstock/app/newfqkline/get?_var=kline_day2024&param=sh600213%2Cday%2C2024-01-01%2C2025-12-31%2C640%2C&r=0.8205512681390605,200,7c297c5cb546565db4d9511f3a100a44ed6b4473ebad5fae68cbeccf02b06e72,640
sh600213,2025,2026-09-26T12:45:17+00:00,https://proxy.finance.qq.com/ifzqgtimg/appstock/app/newfqkline/get?_var=kline_day2025&param=sh600213%2Cday%2C2025-01-01%2C2026-12-31%2C640%2C&r=0.8205512681390605,200,d3d19eeafed0f8d1018ea35d2967db517e297e64fd8ebb98849b2f48c536a525,640
sh600306,2010,2026-09-26T12:45:10+00:00,https://proxy.finance.qq.com/ifzqgtimg/appstock/app/newfqkline/get?_var=kline_day2010&param=sh600306%2Cday%2C2010-01-01%2C2011-12-31%2C640%2C&r=0.8205512681390605,200,ea5092c0b9d49072f20574be97fc33ec8015f9779f4083aafd9bb881ec3288e4,640
sh600306,2011,2026-09-26T12:45:11+00:00,https://proxy.finance.qq.com/ifzqgtimg/appstock/app/newfqkline/get?_var=kline_day2011&param=sh600306%2Cday%2C2011-01-01%2C2012-12-31%2C640%2C&r=0.8205512681390605,200,efbaad95f94674cd83da267d2ba9425e9f061859c27044cf1e2cb433752f192c,640
sh600306,2012,2026-09-26T12:45:12+00:00,https://proxy.finance.qq.com/ifzqgtimg/appstock/app/newfqkline/get?_var=kline_day2012&param=sh600306%2Cday%2C2012-01-01%2C2013-12-31%2C640%2C&r=0.8205512681390605,200,9b4c6aa0dff2fb57899a82883f37e58c86f5965df44479d4e8fb3438e84d9274,640
sh600306,2013,2026-09-26T12:45:12+00:00,https://proxy.finance.qq.com/ifzqgtimg/appstock/app/newfqkline/get?_var=kline_day2013&param=sh600306%2Cday%2C2013-01-01%2C2014-12-31%2C640%2C&r=0.8205512681390605,200,6ddfd976929a099ee92b8fb1f524e57c2f98b96710a1ee7c7a679bd8c5b873bd,640
sh600306,2014,2026-09-26T12:45:13+00:00,https://proxy.finance.qq.com/ifzqgtimg/appstock/app/newfqkline/get?_var=kline_day2014&param=sh600306%2Cday%2C2014-01-01%2C2015-12-31%2C640%2C&r=0.8205512681390605,200,b1bcd33c8028c2c92407e553a6db5f89d2c28ba0ea2036909b17be0d2b3966e0,640
sh600306,2015,2026-09-26T12:45:13+00:00,https://proxy.finance.qq.com/ifzqgtimg/appstock/app/newfqkline/get?_var=kline_day2015&param=sh600306%2Cday%2C2015-01-01%2C2016-12-31%2C640%2C&r=0.8205512681390605,200,8a0a797d66302841515d40ba557b2ce5d78447b87297070083039a0553c8c08e,640
sh600306,2016,2026-09-26T12:45:14+00:00,https://proxy.finance.qq.com/ifzqgtimg/appstock/app/newfqkline/get?_var=kline_day2016&param=sh600306%2Cday%2C2016-01-01%2C2017-12-31%2C640%2C&r=0.8205512681390605,200,4987652a0fc665ea6e611b11885eea97f1c92784c7322b3f16967d023a1e1a5a,640
sh600306,2017,2026-09-26T12:45:14+00:00,https://proxy.finance.qq.com/ifzqgtimg/appstock/app/newfqkline/get?_var=kline_day2017&param=sh600306%2Cday%2C2017-01-01%2C2018-12-31%2C640%2C&r=0.8205512681390605,200,0e2f00316abd19f3ea0248e289439d41debc9471fad7da341e8372a2bf35ff11,640
sh600306,2018,2026-09-26T12:45:15+00:00,https://proxy.finance.qq.com/ifzqgtimg/appstock/app/newfqkline/get?_var=kline_day2018&param=sh600306%2Cday%2C2018-01-01%2C2019-12-31%2C640%2C&r=0.8205512681390605,200,ef7c965aebea773ba3c348b66e76688328f69becddda25b15ddcd8f56c4ba4e1,640
sh600306,2019,2026-09-26T12:45:15+00:00,https://proxy.finance.qq.com/ifzqgtimg/appstock/app/newfqkline/get?_var=kline_day2019&param=sh600306%2Cday%2C2019-01-01%2C2020-12-31%2C640%2C&r=0.8205512681390605,200,22fa8a610bb4bb6f561b390da3f24e43a6555f955793734d096b2b9b5b7551ed,640
sh600306,2020,2026-09-26T12:45:16+00:00,https://proxy.finance.qq.com/ifzqgtimg/appstock/app/newfqkline/get?_var=kline_day2020&param=sh600306%2Cday%2C2020-01-01%2C2021-12-31%2C640%2C&r=0.8205512681390605,200,d96c735fe435c69b5f4950b8eeffba7cffcaec6c570478d35be659638e7a69db,640
sh600306,2021,2026-09-26T12:45:16+00:00,https://proxy.finance.qq.com/ifzqgtimg/appstock/app/newfqkline/get?_var=kline_day2021&param=sh600306%2Cday%2C2021-01-01%2C2022-12-31%2C640%2C&r=0.8205512681390605,200,10fca2653c57bc195f94f00ad5460205f43aabdd310bb09feadb12df5f3aae92,640
sh600306,2022,2026-09-26T12:45:17+00:00,https://proxy.finance.qq.com/ifzqgtimg/appstock/app/newfqkline/get?_var=kline_day2022&param=sh600306%2Cday%2C2022-01-01%2C2023-12-31%2C640%2C&r=0.8205512681390605,200,cb207a47c6ad70e56efa5cd95a0b3fa7cf1102867dc5dc04bac9b674c1059ba0,640
sh600306,2023,2026-09-26T12:45:17+00:00,https://proxy.finance.qq.com/ifzqgtimg/appstock/app/newfqkline/get?_var=kline_day2023&param=sh600306%2Cday%2C2023-01-01%2C2024-12-31%2C640%2C&r=0.8205512681390605,200,51923a000c5b7f4343c244588bef0d9ff89af5260ec785d0f7ee2f31cf75f7cd,640
sh600306,2024,2026-09-26T12:45:18+00:00,https://proxy.finance.qq.com/ifzqgtimg/appstock/app/newfqkline/get?_var=kline_day2024&param=sh600306%2Cday%2C2024-01-01%2C2025-12-31%2C640%2C&r=0.8205512681390605,200,cf0fdf065d2456d5bb09fe470f86c5bd66c71ca93163d26ec8a9d3e131a70c52,640
sh600306,2025,2026-09-26T12:45:18+00:00,https://proxy.finance.qq.com/ifzqgtimg/appstock/app/newfqkline/get?_var=kline_day2025&param=sh600306%2Cday%2C2025-01-01%2C2026-12-31%2C640%2C&r=0.8205512681390605,200,211489132fe6b7e4f88645aa66c0cd557c550c84714ad0fca17d458067539b34,640
sh600355,2010,2026-09-26T12:45:11+00:00,https://proxy.finance.qq.com/ifzqgtimg/appstock/app/newfqkline/get?_var=kline_day2010&param=sh600355%2Cday%2C2010-01-01%2C2011-12-31%2C640%2C&r=0.8205512681390605,200,2c385703476a3fbb6fa042232e9b41f8b41262b7a952d14d120c0439c7f64e04,640
sh600355,2011,2026-09-26T12:45:13+00:00,https://proxy.finance.qq.com/ifzqgtimg/appstock/app/newfqkline/get?_var=kline_day2011&param=sh600355%2Cday%2C2011-01-01%2C2012-12-31%2C640%2C&r=0.8205512681390605,200,46aa597fc09c9c6cea80936abacf01b3ed3128fd1a1d216b2e1ed1d5ad269f76,640
sh600355,2012,2026-09-26T12:45:13+00:00,https://proxy.finance.qq.com/ifzqgtimg/appstock/app/newfqkline/get?_var=kline_day2012&param=sh600355%2Cday%2C2012-01-01%2C2013-12-31%2C640%2C&r=0.8205512681390605,200,49a214e9ed68b084e452486692efd791efdc56a9c56490cf12e2965d5bef10d6,640
sh600355,2013,2026-09-26T12:45:14+00:00,https://proxy.finance.qq.com/ifzqgtimg/appstock/app/newfqkline/get?_var=kline_day2013&param=sh600355%2Cday%2C2013-01-01%2C2014-12-31%2C640%2C&r=0.8205512681390605,200,db31cb53caf21447f9e333d58237154ab570db3ac0db42a06e4ee1d4d74f014c,640
sh600355,2014,2026-09-26T12:45:14+00:00,https://proxy.finance.qq.com/ifzqgtimg/appstock/app/newfqkline/get?_var=kline_day2014&param=sh600355%2Cday%2C2014-01-01%2C2015-12-31%2C640%2C&r=0.8205512681390605,200,5f20e2dcf4f9741a90687de2a356ca04f53521a536628d55afb6790a46557427,640
sh600355,2015,2026-09-26T12:45:15+00:00,https://proxy.finance.qq.com/ifzqgtimg/appstock/app/newfqkline/get?_var=kline_day2015&param=sh600355%2Cday%2C2015-01-01%2C2016-12-31%2C640%2C&r=0.8205512681390605,200,a077c6501948b4ea3acf1be4a96f740d22beacf83db33b72e10b57bdeda84846,640
sh600355,2016,2026-09-26T12:45:15+00:00,https://proxy.finance.qq.com/ifzqgtimg/appstock/app/newfqkline/get?_var=kline_day2016&param=sh600355%2Cday%2C2016-01-01%2C2017-12-31%2C640%2C&r=0.8205512681390605,200,8b20269eec5516f0eccb2d598780067d61faaafeb0e20907cf2f171c20d2a336,640
sh600355,2017,2026-09-26T12:45:16+00:00,https://proxy.finance.qq.com/ifzqgtimg/appstock/app/newfqkline/get?_var=kline_day2017&param=sh600355%2Cday%2C2017-01-01%2C2018-12-31%2C640%2C&r=0.8205512681390605,200,534a0fbc284cb1ffb43f592995a2ed2e3eb39f1d9d83af0cf10e605a33c59bc1,640
sh600355,2018,2026-09-26T12:45:16+00:00,https://proxy.finance.qq.com/ifzqgtimg/appstock/app/newfqkline/get?_var=kline_day2018&param=sh600355%2Cday%2C2018-01-01%2C2019-12-31%2C640%2C&r=0.8205512681390605,200,3b494aa6ef1e0e0119b4c9018cc39074f0fee2e4ad7924ec2b8647dddb63a32f,640
sh600355,2019,2026-09-26T12:45:17+00:00,https://proxy.finance.qq.com/ifzqgtimg/appstock/app/newfqkline/get?_var=kline_day2019&param=sh600355%2Cday%2C2019-01-01%2C2020-12-31%2C640%2C&r=0.8205512681390605,200,5317720d467a1e405161346c6cc031dd9b8d480714279cf0cb5d5afed6872d3a,640
sh600355,2020,2026-09-26T12:45:17+00:00,https://proxy.finance.qq.com/ifzqgtimg/appstock/app/newfqkline/get?_var=kline_day2020&param=sh600355%2Cday%2C2020-01-01%2C2021-12-31%2C640%2C&r=0.8205512681390605,200,9ff814d3e33635b5f3126435fb40160049c22a27eaa9fde090508b4d30354a5d,640
sh600355,2021,2026-09-26T12:45:18+00:00,https://proxy.finance.qq.com/ifzqgtimg/appstock/app/newfqkline/get?_var=kline_day2021&param=sh600355%2Cday%2C2021-01-01%2C2022-12-31%2C640%2C&r=0.8205512681390605,200,1117b6d1fd4d123271f312b795909bbaab5ecca2d0874c590a73eee0c0aa31c4,640
sh600355,2022,2026-09-26T12:45:18+00:00,https://proxy.finance.qq.com/ifzqgtimg/appstock/app/newfqkline/get?_var=kline_day2022&param=sh600355%2Cday%2C2022-01-01%2C2023-12-31%2C640%2C&r=0.8205512681390605,200,1e9d17a7e0742eda1ab1630a19de39460f1a6f562e2dafced42a45f5f6b0d1e6,640
sh600355,2023,2026-09-26T12:45:19+00:00,https://proxy.finance.qq.com/ifzqgtimg/appstock/app/newfqkline/get?_var=kline_day2023&param=sh600355%2Cday%2C2023-01-01%2C2024-12-31%2C640%2C&r=0.8205512681390605,200,6cb14182319102f46bd475133b9e889303ce6d78d70ada6e032bf75d47865f0b,640
sh600355,2024,2026-09-26T12:45:19+00:00,https://proxy.finance.qq.com/ifzqgtimg/appstock/app/newfqkline/get?_var=kline_day2024&param=sh600355%2Cday%2C2024-01-01%2C2025-12-31%2C640%2C&r=0.8205512681390605,200,6b8adcf8c89bec405326b63248908b37f0058d570c75f1ae2eda6573e2f47f31,640
sh600355,2025,2026-09-26T12:45:20+00:00,https://proxy.finance.qq.com/ifzqgtimg/appstock/app/newfqkline/get?_var=kline_day2025&param=sh600355%2Cday%2C2025-01-01%2C2026-12-31%2C640%2C&r=0.8205512681390605,200,ea8177f723a523f19297d1df9051e8f118b0b22c4c8f9fd09985b2a8905cb72f,640
sh600355,2026,2026-09-26T12:45:20+00:00,https://proxy.finance.qq.com/ifzqgtimg/appstock/app/newfqkline/get?_var=kline_day2026&param=sh600355%2Cday%2C2026-01-01%2C2027-12-31%2C640%2C&r=0.8205512681390605,200,626e20536be34201700a6b1541444218ccc062dfb15b931f4b8e13ac9219bc01,640
sh600385,2010,2026-09-26T12:45:13+00:00,https://proxy.finance.qq.com/ifzqgtimg/appstock/app/newfqkline/get?_var=kline_day2010&param=sh600385%2Cday%2C2010-01-01%2C2011-12-31%2C640%2C&r=0.8205512681390605,200,e8ffb11630ccf8133e1e3091e4577e401bdb4d0d71d63c690fca908e7082fa93,640
sh600385,2011,2026-09-26T12:45:14+00:00,https://proxy.finance.qq.com/ifzqgtimg/appstock/app/newfqkline/get?_var=kline_day2011&param=sh600385%2Cday%2C2011-01-01%2C2012-12-31%2C640%2C&r=0.8205512681390605,200,61d1f9e800220ff91d1e46349cd81ce67c7bc757b82677fe1d99a9c152998dee,640
sh600385,2012,2026-09-26T12:45:15+00:00,https://proxy.finance.qq.com/ifzqgtimg/appstock/app/newfqkline/get?_var=kline_day2012&param=sh600385%2Cday%2C2012-01-01%2C2013-12-31%2C640%2C&r=0.8205512681390605,200,25e31fdd906042c534a93c52ee8ea7b155b172149c3eacb83fa1391af2069df9,640
sh600385,2013,2026-09-26T12:45:15+00:00,https://proxy.finance.qq.com/ifzqgtimg/appstock/app/newfqkline/get?_var=kline_day2013&param=sh600385%2Cday%2C2013-01-01%2C2014-12-31%2C640%2C&r=0.8205512681390605,200,f4a62cd522f0453389884cca6f360656d134e2f513e1981d6991f716902f9da9,640
sh600385,2014,2026-09-26T12:45:16+00:00,https://proxy.finance.qq.com/ifzqgtimg/appstock/app/newfqkline/get?_var=kline_day2014&param=sh600385%2Cday%2C2014-01-01%2C2015-12-31%2C640%2C&r=0.8205512681390605,200,681b75683d4769c0b02a2b3b112960f2042f7d82bb82c64727e38c07bad2cf61,640
sh600385,2015,2026-09-26T12:45:16+00:00,https://proxy.finance.qq.com/ifzqgtimg/appstock/app/newfqkline/get?_var=kline_day2015&param=sh600385%2Cday%2C2015-01-01%2C2016-12-31%2C640%2C&r=0.8205512681390605,200,929fa5e5af6a8a0292a56ca401775c326e90d5e97838e06dc461944744258014,640
sh600385,2016,2026-09-26T12:45:17+00:00,https://proxy.finance.qq.com/ifzqgtimg/appstock/app/newfqkline/get?_var=kline_day2016&param=sh600385%2Cday%2C2016-01-01%2C2017-12-31%2C640%2C&r=0.8205512681390605,200,18b65a7189afa3d86a480d7efbe8e24acf694c9d6b06df142f5f3f7df2a66624,640
sh600385,2017,2026-09-26T12:45:18+00:00,https://proxy.finance.qq.com/ifzqgtimg/appstock/app/newfqkline/get?_var=kline_day2017&param=sh600385%2Cday%2C2017-01-01%2C2018-12-31%2C640%2C&r=0.8205512681390605,200,d2939a877bd78fe57ed87d5112d94f84b5c9efa5bbc5f201044724e3bc63385e,640
sh600385,2018,2026-09-26T12:45:18+00:00,https://proxy.finance.qq.com/ifzqgtimg/appstock/app/newfqkline/get?_var=kline_day2018&param=sh600385%2Cday%2C2018-01-01%2C2019-12-31%2C640%2C&r=0.8205512681390605,200,8f85b306ca30534f827e876a29f4b2833b3c852a7636fe2b1ed8dde32505d6c9,640
sh600385,2019,2026-09-26T12:45:19+00:00,https://proxy.finance.qq.com/ifzqgtimg/appstock/app/newfqkline/get?_var=kline_day2019&param=sh600385%2Cday%2C2019-01-01%2C2020-12-31%2C640%2C&r=0.8205512681390605,200,4f6d74ee98e5c00a6e073927edd0acb9500c0b9a6218146a452f8ca2e3e52777,640
sh600385,2020,2026-09-26T12:45:19+00:00,https://proxy.finance.qq.com/ifzqgtimg/appstock/app/newfqkline/get?_var=kline_day2020&param=sh600385%2Cday%2C2020-01-01%2C2021-12-31%2C640%2C&r=0.8205512681390605,200,97910fb92f613e4b91346671259689fd1b4426dd5186e863b2b26b0220d0fb4e,640
sh600385,2021,2026-09-26T12:45:20+00:00,https://proxy.finance.qq.com/ifzqgtimg/appstock/app/newfqkline/get?_var=kline_day2021&param=sh600385%2Cday%2C2021-01-01%2C2022-12-31%2C640%2C&r=0.8205512681390605,200,4f0ad1cfd190cff3882d6d0bbc7ba5c9814cea541057938e3ff02d39ef461fe5,640
sh600385,2022,2026-09-26T12:45:21+00:00,https://proxy.finance.qq.com/ifzqgtimg/appstock/app/newfqkline/get?_var=kline_day2022&param=sh600385%2Cday%2C2022-01-01%2C2023-12-31%2C640%2C&r=0.8205512681390605,200,938c08a5286cc9abd931564b82750c6cbe5fcee9a3bde089885ab467fb104ef6,640
sh600385,2023,2026-09-26T12:45:21+00:00,https://proxy.finance.qq.com/ifzqgtimg/appstock/app/newfqkline/get?_var=kline_day2023&param=sh600385%2Cday%2C2023-01-01%2C2024-12-31%2C640%2C&r=0.8205512681390605,200,dc21859d0bf8deecc76f3de9cfc0000540a24b73d9179cc5a626ad6bb7000118,640
sh600656,2010,2026-09-26T12:45:18+00:00,https://proxy.finance.qq.com/ifzqgtimg/appstock/app/newfqkline/get?_var=kline_day2010&param=sh600656%2Cday%2C2010-01-01%2C2011-12-31%2C640%2C&r=0.8205512681390605,200,64a5d87a8d0cd88ae7969c770dbdbf182e25e0b36dfa0f45908ffcfacf77e0dc,640
sh600656,2011,2026-09-26T12:45:20+00:00,https://proxy.finance.qq.com/ifzqgtimg/appstock/app/newfqkline/get?_var=kline_day2011&param=sh600656%2Cday%2C2011-01-01%2C2012-12-31%2C640%2C&r=0.8205512681390605,200,5a99d3af59d0ae94d6eca0e7f93eee62d6c1ca115d8b84d1eab1cca533f08317,640
sh600656,2012,2026-09-26T12:45:20+00:00,https://proxy.finance.qq.com/ifzqgtimg/appstock/app/newfqkline/get?_var=kline_day2012&param=sh600656%2Cday%2C2012-01-01%2C2013-12-31%2C640%2C&r=0.8205512681390605,200,8975115cb6e649a9880d9a9367cc200664c9d67de017c280bfaa57efcce8a920,640
sh600656,2013,2026-09-26T12:45:21+00:00,https://proxy.finance.qq.com/ifzqgtimg/appstock/app/newfqkline/get?_var=kline_day2013&param=sh600656%2Cday%2C2013-01-01%2C2014-12-31%2C640%2C&r=0.8205512681390605,200,c360c6b1dd180ce6c500acfd80001c59f12a6b5f20945a614bbbbc4a0317ee9d,640
sh600656,2014,2026-09-26T12:45:21+00:00,https://proxy.finance.qq.com/ifzqgtimg/appstock/app/newfqkline/get?_var=kline_day2014&param=sh600656%2Cday%2C2014-01-01%2C2015-12-31%2C640%2C&r=0.8205512681390605,200,ff5ca219a2ef13002f80abbff50d114a8c1c59f6d4a96cc8e9cf5635dae25e3e,640
sh600656,2015,2026-09-26T12:45:22+00:00,https://proxy.finance.qq.com/ifzqgtimg/appstock/app/newfqkline/get?_var=kline_day2015&param=sh600656%2Cday%2C2015-01-01%2C2016-12-31%2C640%2C&r=0.8205512681390605,200,f5de136dc7a2a630aef8eeed39e9325a85e956fc3fb0379e458c3e232bf4c620,640
sh600656,2016,2026-09-26T12:45:22+00:00,https://proxy.finance.qq.com/ifzqgtimg/appstock/app/newfqkline/get?_var=kline_day2016&param=sh600656%2Cday%2C2016-01-01%2C2017-12-31%2C640%2C&r=0.8205512681390605,200,07932a6a141d72b95254013089116415808e84dbf197ab88e71561e8d1cbd7af,640
sh600656,2017,2026-09-26T12:45:23+00:00,https://proxy.finance.qq.com/ifzqgtimg/appstock/app/newfqkline/get?_var=kline_day2017&param=sh600656%2Cday%2C2017-01-01%2C2018-12-31%2C640%2C&r=0.8205512681390605,200,23ac412c27b06b4d94506aeebef567993f9df0c138e7defb7432d807ff7a4386,640
sh600634,2010,2026-09-26T12:45:16+00:00,https://proxy.finance.qq.com/ifzqgtimg/appstock/app/newfqkline/get?_var=kline_day2010&param=sh600634%2Cday%2C2010-01-01%2C2011-12-31%2C640%2C&r=0.8205512681390605,200,dd067e9e780405e1f38bb01938948863af65e658957a5e2cc6591ec5c3d94f0f,640
sh600634,2011,2026-09-26T12:45:18+00:00,https://proxy.finance.qq.com/ifzqgtimg/appstock/app/newfqkline/get?_var=kline_day2011&param=sh600634%2Cday%2C2011-01-01%2C2012-12-31%2C640%2C&r=0.8205512681390605,200,cdbaccf2eb7ffadc3efa9d2c96ba58836d91b319d31abb214bc99d9a8efcde53,640
sh600634,2012,2026-09-26T12:45:19+00:00,https://proxy.finance.qq.com/ifzqgtimg/appstock/app/newfqkline/get?_var=kline_day2012&param=sh600634%2Cday%2C2012-01-01%2C2013-12-31%2C640%2C&r=0.8205512681390605,200,eed9121369b2589e25f0f302d593b348c059b33842d55c8934f23764c1c56c76,640
sh600634,2013,2026-09-26T12:45:19+00:00,https://proxy.finance.qq.com/ifzqgtimg/appstock/app/newfqkline/get?_var=kline_day2013&param=sh600634%2Cday%2C2013-01-01%2C2014-12-31%2C640%2C&r=0.8205512681390605,200,e1131a7a5181fb770f467c04ff648b2234e159e8c50186cf6cca443e3184d351,640
sh600634,2014,2026-09-26T12:45:20+00:00,https://proxy.finance.qq.com/ifzqgtimg/appstock/app/newfqkline/get?_var=kline_day2014&param=sh600634%2Cday%2C2014-01-01%2C2015-12-31%2C640%2C&r=0.8205512681390605,200,326fcda5048ca3c9fdf15bf6abd45173ef91611e53a1c1803474c6f0270ab767,640
sh600634,2015,2026-09-26T12:45:20+00:00,https://proxy.finance.qq.com/ifzqgtimg/appstock/app/newfqkline/get?_var=kline_day2015&param=sh600634%2Cday%2C2015-01-01%2C2016-12-31%2C640%2C&r=0.8205512681390605,200,df7b9d590359a5396b0b6a3a0fff6d193cc367043b3ee772864d121a93dcd855,640
sh600634,2016,2026-09-26T12:45:21+00:00,https://proxy.finance.qq.com/ifzqgtimg/appstock/app/newfqkline/get?_var=kline_day2016&param=sh600634%2Cday%2C2016-01-01%2C2017-12-31%2C640%2C&r=0.8205512681390605,200,d104c01961b32af57d672c064c294a0cb2c5925f4dca47079523ce5b5d319a0e,640
sh600634,2017,2026-09-26T12:45:21+00:00,https://proxy.finance.qq.com/ifzqgtimg/appstock/app/newfqkline/get?_var=kline_day2017&param=sh600634%2Cday%2C2017-01-01%2C2018-12-31%2C640%2C&r=0.8205512681390605,200,447faf806cdcc9f7c291e6fa4dfd19dcf95a2dd5f9bbb0df0f12ac824fdbba84,640
sh600634,2018,2026-09-26T12:45:22+00:00,https://proxy.finance.qq.com/ifzqgtimg/appstock/app/newfqkline/get?_var=kline_day2018&param=sh600634%2Cday%2C2018-01-01%2C2019-12-31%2C640%2C&r=0.8205512681390605,200,320734f2810bafb46a2a6ae169b59a97187f153cb96874e73fe57c672052fda9,640
sh600634,2019,2026-09-26T12:45:22+00:00,https://proxy.finance.qq.com/ifzqgtimg/appstock/app/newfqkline/get?_var=kline_day2019&param=sh600634%2Cday%2C2019-01-01%2C2020-12-31%2C640%2C&r=0.8205512681390605,200,df177c39ad090a92806a71b0301226c122e94a2d5bf4cfae0b5d01026181affa,640
sh600634,2020,2026-09-26T12:45:23+00:00,https://proxy.finance.qq.com/ifzqgtimg/appstock/app/newfqkline/get?_var=kline_day2020&param=sh600634%2Cday%2C2020-01-01%2C2021-12-31%2C640%2C&r=0.8205512681390605,200,f0672be4f313c1a67292d27fa0d8ae60fc1cee97da4192278c175179f638d26e,640
sh600634,2021,2026-09-26T12:45:23+00:00,https://proxy.finance.qq.com/ifzqgtimg/appstock/app/newfqkline/get?_var=kline_day2021&param=sh600634%2Cday%2C2021-01-01%2C2022-12-31%2C640%2C&r=0.8205512681390605,200,01de86f08caa052aa541866d774a478c5404febf07b1f346bdfb8366507320c7,640
sh600634,2022,2026-09-26T12:45:24+00:00,https://proxy.finance.qq.com/ifzqgtimg/appstock/app/newfqkline/get?_var=kline_day2022&param=sh600634%2Cday%2C2022-01-01%2C2023-12-31%2C640%2C&r=0.8205512681390605,200,d28fab19780e5406e02655bfeec73bff17836d9aada4a4d1f049c92024f6a3da,640
sh600532,2010,2026-09-26T12:45:14+00:00,https://proxy.finance.qq.com/ifzqgtimg/appstock/app/newfqkline/get?_var=kline_day2010&param=sh600532%2Cday%2C2010-01-01%2C2011-12-31%2C640%2C&r=0.8205512681390605,200,a8474e99c188cce036924043239f6d61285ba739c5962350fa5a7161c19d8703,640
sh600532,2011,2026-09-26T12:45:16+00:00,https://proxy.finance.qq.com/ifzqgtimg/appstock/app/newfqkline/get?_var=kline_day2011&param=sh600532%2Cday%2C2011-01-01%2C2012-12-31%2C640%2C&r=0.8205512681390605,200,5a5e7349dc6737a87db95bad0b993036f8ad5733fdfcc4b38e4936377c80a4a3,640
sh600532,2012,2026-09-26T12:45:17+00:00,https://proxy.finance.qq.com/ifzqgtimg/appstock/app/newfqkline/get?_var=kline_day2012&param=sh600532%2Cday%2C2012-01-01%2C2013-12-31%2C640%2C&r=0.8205512681390605,200,c6c5e5ad8e535f4b03ebf9ec49c652624ce1965237af73afc3bd04722187e1c0,640
sh600532,2013,2026-09-26T12:45:17+00:00,https://proxy.finance.qq.com/ifzqgtimg/appstock/app/newfqkline/get?_var=kline_day2013&param=sh600532%2Cday%2C2013-01-01%2C2014-12-31%2C640%2C&r=0.8205512681390605,200,091742d5799178ca1646dcacfbc9a61c57b1e50786024c128568a20fea79d7b6,640
sh600532,2014,2026-09-26T12:45:18+00:00,https://proxy.finance.qq.com/ifzqgtimg/appstock/app/newfqkline/get?_var=kline_day2014&param=sh600532%2Cday%2C2014-01-01%2C2015-12-31%2C640%2C&r=0.8205512681390605,200,f98ca1d8f8320ef6f9441585c656abc5e61b6cc2c3c118cc9ac06b704948c967,640
sh600532,2015,2026-09-26T12:45:19+00:00,https://proxy.finance.qq.com/ifzqgtimg/appstock/app/newfqkline/get?_var=kline_day2015&param=sh600532%2Cday%2C2015-01-01%2C2016-12-31%2C640%2C&r=0.8205512681390605,200,007a1d1a09847e51a1b6d73335ec85a904ea4dcb212feff50586e84a303b9162,640
sh600532,2016,2026-09-26T12:45:19+00:00,https://proxy.finance.qq.com/ifzqgtimg/appstock/app/newfqkline/get?_var=kline_day2016&param=sh600532%2Cday%2C2016-01-01%2C2017-12-31%2C640%2C&r=0.8205512681390605,200,15ce7a038b3c064fc4a09cc02ee137bbdf07b8d5db21fd36216ab12954739eac,640
sh600532,2017,2026-09-26T12:45:20+00:00,https://proxy.finance.qq.com/ifzqgtimg/appstock/app/newfqkline/get?_var=kline_day2017&param=sh600532%2Cday%2C2017-01-01%2C2018-12-31%2C640%2C&r=0.8205512681390605,200,aae7f243e7df79f33c721fc5191efab972338d1c07f46225edacc6b5ac1c019b,640
sh600532,2018,2026-09-26T12:45:20+00:00,https://proxy.finance.qq.com/ifzqgtimg/appstock/app/newfqkline/get?_var=kline_day2018&param=sh600532%2Cday%2C2018-01-01%2C2019-12-31%2C640%2C&r=0.8205512681390605,200,a629e60d99a518be57f77c361e759d34a3a696a09e567fb82273a90a254fc53b,640
sh600532,2019,2026-09-26T12:45:21+00:00,https://proxy.finance.qq.com/ifzqgtimg/appstock/app/newfqkline/get?_var=kline_day2019&param=sh600532%2Cday%2C2019-01-01%2C2020-12-31%2C640%2C&r=0.8205512681390605,200,dd974963add1882f4ee180fc233693d160098841ba09e1924c5167fe3d916cd6,640
sh600532,2020,2026-09-26T12:45:22+00:00,https://proxy.finance.qq.com/ifzqgtimg/appstock/app/newfqkline/get?_var=kline_day2020&param=sh600532%2Cday%2C2020-01-01%2C2021-12-31%2C640%2C&r=0.8205512681390605,200,af0cad7bed321d729ebf6b31413eaea72e8a18128cbd41297601ace33cfbc5c9,640
sh600532,2021,2026-09-26T12:45:22+00:00,https://proxy.finance.qq.com/ifzqgtimg/appstock/app/newfqkline/get?_var=kline_day2021&param=sh600532%2Cday%2C2021-01-01%2C2022-12-31%2C640%2C&r=0.8205512681390605,200,07e7874401d3ba9e6751d7ba83d6262fb9d707fdf6b9220239b86c9682a1a416,640
sh600532,2022,2026-09-26T12:45:23+00:00,https://proxy.finance.qq.com/ifzqgtimg/appstock/app/newfqkline/get?_var=kline_day2022&param=sh600532%2Cday%2C2022-01-01%2C2023-12-31%2C640%2C&r=0.8205512681390605,200,7ed1a8e3d7f079126055914efdef540c2474f6b28a2ffa82f5205b593a218c2a,640
sh600532,2023,2026-09-26T12:45:24+00:00,https://proxy.finance.qq.com/ifzqgtimg/appstock/app/newfqkline/get?_var=kline_day2023&param=sh600532%2Cday%2C2023-01-01%2C2024-12-31%2C640%2C&r=0.8205512681390605,200,4d3a4eb4c63f158ae28283c619ab105b1384269ed5ba47de0c52b7754fcca085,640
sh600532,2024,2026-09-26T12:45:24+00:00,https://proxy.finance.qq.com/ifzqgtimg/appstock/app/newfqkline/get?_var=kline_day2024&param=sh600532%2Cday%2C2024-01-01%2C2025-12-31%2C640%2C&r=0.8205512681390605,200,a811c66f369bd1588f5b544e4891a370ba0b81f7d9602707d734206811cb1194,640
sh600466,2010,2026-09-26T12:45:14+00:00,https://proxy.finance.qq.com/ifzqgtimg/appstock/app/newfqkline/get?_var=kline_day2010&param=sh600466%2Cday%2C2010-01-01%2C2011-12-31%2C640%2C&r=0.8205512681390605,200,aae2fc4b36477b58dc21daf6b2a108f1f86a770d42cb5c0f18a867e4fcd65b87,640
sh600466,2011,2026-09-26T12:45:16+00:00,https://proxy.finance.qq.com/ifzqgtimg/appstock/app/newfqkline/get?_var=kline_day2011&param=sh600466%2Cday%2C2011-01-01%2C2012-12-31%2C640%2C&r=0.8205512681390605,200,b35f1cbb0f99055157b644dfcd2c7d37ac5d1ff573ac00c1c9ccc2219a9cafb5,640
sh600466,2012,2026-09-26T12:45:17+00:00,https://proxy.finance.qq.com/ifzqgtimg/appstock/app/newfqkline/get?_var=kline_day2012&param=sh600466%2Cday%2C2012-01-01%2C2013-12-31%2C640%2C&r=0.8205512681390605,200,64e14f2d01baf54d0bedcb016c8598db2606d4fb3cf7fcf70526dc21dbc0e32b,640
sh600466,2013,2026-09-26T12:45:17+00:00,https://proxy.finance.qq.com/ifzqgtimg/appstock/app/newfqkline/get?_var=kline_day2013&param=sh600466%2Cday%2C2013-01-01%2C2014-12-31%2C640%2C&r=0.8205512681390605,200,a951aab704d7c4df64015c200f5d15649ddf3fbafcb1241bcaaeaef6b99c3731,640
sh600466,2014,2026-09-26T12:45:18+00:00,https://proxy.finance.qq.com/ifzqgtimg/appstock/app/newfqkline/get?_var=kline_day2014&param=sh600466%2Cday%2C2014-01-01%2C2015-12-31%2C640%2C&r=0.8205512681390605,200,61a9f924c53c7fd9ce4e353a6af3caab4aceeb1a5bc769c2bd2353db70f286b4,640
sh600466,2015,2026-09-26T12:45:19+00:00,https://proxy.finance.qq.com/ifzqgtimg/appstock/app/newfqkline/get?_var=kline_day2015&param=sh600466%2Cday%2C2015-01-01%2C2016-12-31%2C640%2C&r=0.8205512681390605,200,8e0e82a05daab559460af1c707b927f05a1266a1bd5109b8b210e402d7c8e992,640
sh600466,2016,2026-09-26T12:45:20+00:00,https://proxy.finance.qq.com/ifzqgtimg/appstock/app/newfqkline/get?_var=kline_day2016&param=sh600466%2Cday%2C2016-01-01%2C2017-12-31%2C640%2C&r=0.8205512681390605,200,d5cc14fcad4a642b9b12a8dce72b2688cc5c44f24521544963aadf1920b8eabc,640
sh600466,2017,2026-09-26T12:45:20+00:00,https://proxy.finance.qq.com/ifzqgtimg/appstock/app/newfqkline/get?_var=kline_day2017&param=sh600466%2Cday%2C2017-01-01%2C2018-12-31%2C640%2C&r=0.8205512681390605,200,a5f1b7399587fab2578917357c9379b0626aea3720807ad181e4f33ce35be0e5,640
sh600466,2018,2026-09-26T12:45:21+00:00,https://proxy.finance.qq.com/ifzqgtimg/appstock/app/newfqkline/get?_var=kline_day2018&param=sh600466%2Cday%2C2018-01-01%2C2019-12-31%2C640%2C&r=0.8205512681390605,200,2ccdf987abb6200a97774a69370fb0252c2269f1d31e5ad45a7a39c8013921a0,640
sh600466,2019,2026-09-26T12:45:21+00:00,https://proxy.finance.qq.com/ifzqgtimg/appstock/app/newfqkline/get?_var=kline_day2019&param=sh600466%2Cday%2C2019-01-01%2C2020-12-31%2C640%2C&r=0.8205512681390605,200,2df28b0e2d030053beb56fa80f813b15a6d69b8d9a5ad9e576d3d5cec9b2ee41,640
sh600466,2020,2026-09-26T12:45:22+00:00,https://proxy.finance.qq.com/ifzqgtimg/appstock/app/newfqkline/get?_var=kline_day2020&param=sh600466%2Cday%2C2020-01-01%2C2021-12-31%2C640%2C&r=0.8205512681390605,200,189067c577fab10a26d6ec6b25410653f1cc298dc314bb83f5b26ac58ef42534,640
sh600466,2021,2026-09-26T12:45:23+00:00,https://proxy.finance.qq.com/ifzqgtimg/appstock/app/newfqkline/get?_var=kline_day2021&param=sh600466%2Cday%2C2021-01-01%2C2022-12-31%2C640%2C&r=0.8205512681390605,200,5060690e591bef61cc20c1a2b2da7c5fc44ea72afa5c4bb447dddb3711c14196,640
sh600466,2022,2026-09-26T12:45:23+00:00,https://proxy.finance.qq.com/ifzqgtimg/appstock/app/newfqkline/get?_var=kline_day2022&param=sh600466%2Cday%2C2022-01-01%2C2023-12-31%2C640%2C&r=0.8205512681390605,200,ec94b7b86241415af520806a47d4fcbbb316f745726b15244b2553485db04fb2,640
sh600466,2023,2026-09-26T12:45:24+00:00,https://proxy.finance.qq.com/ifzqgtimg/appstock/app/newfqkline/get?_var=kline_day2023&param=sh600466%2Cday%2C2023-01-01%2C2024-12-31%2C640%2C&r=0.8205512681390605,200,f180617aff05f83817a455ef2015d70ebcfb8c80997a08dc6d5b1ac280f36c94,640
sh600466,2024,2026-09-26T12:45:25+00:00,https://proxy.finance.qq.com/ifzqgtimg/appstock/app/newfqkline/get?_var=kline_day2024&param=sh600466%2Cday%2C2024-01-01%2C2025-12-31%2C640%2C&r=0.8205512681390605,200,cd2f139bea9feab1aa4650afadfcae57de2d3fa63d4d079953c92defc364a135,640
sh600647,2010,2026-09-26T12:45:17+00:00,https://proxy.finance.qq.com/ifzqgtimg/appstock/app/newfqkline/get?_var=kline_day2010&param=sh600647%2Cday%2C2010-01-01%2C2011-12-31%2C640%2C&r=0.8205512681390605,200,d56fe97c2bcc3757d5c59803500dc0bbcbe9ea8dd79ea0ddbdd3ae5becc0ccbe,640
sh600647,2011,2026-09-26T12:45:19+00:00,https://proxy.finance.qq.com/ifzqgtimg/appstock/app/newfqkline/get?_var=kline_day2011&param=sh600647%2Cday%2C2011-01-01%2C2012-12-31%2C640%2C&r=0.8205512681390605,200,410348b32bcd3f75c7b0227629be90f7b99224306d79073e36ac2620ea30147c,640
sh600647,2012,2026-09-26T12:45:19+00:00,https://proxy.finance.qq.com/ifzqgtimg/appstock/app/newfqkline/get?_var=kline_day2012&param=sh600647%2Cday%2C2012-01-01%2C2013-12-31%2C640%2C&r=0.8205512681390605,200,d8b26bbd0f95ff74a6c8f41106b5543d959a2df6dd0303e185fa8aa670118f35,640
sh600647,2013,2026-09-26T12:45:20+00:00,https://proxy.finance.qq.com/ifzqgtimg/appstock/app/newfqkline/get?_var=kline_day2013&param=sh600647%2Cday%2C2013-01-01%2C2014-12-31%2C640%2C&r=0.8205512681390605,200,54bdae9f2c8ba06d4b576dc5503662fc8150b46c258befaa0fafb931cd701bac,640
sh600647,2014,2026-09-26T12:45:20+00:00,https://proxy.finance.qq.com/ifzqgtimg/appstock/app/newfqkline/get?_var=kline_day2014&param=sh600647%2Cday%2C2014-01-01%2C2015-12-31%2C640%2C&r=0.8205512681390605,200,8f077577a31f97c93d28934d391876b512c997dce9cadb26323444b6675e721c,640
sh600647,2015,2026-09-26T12:45:21+00:00,https://proxy.finance.qq.com/ifzqgtimg/appstock/app/newfqkline/get?_var=kline_day2015&param=sh600647%2Cday%2C2015-01-01%2C2016-12-31%2C640%2C&r=0.8205512681390605,200,9ca3272c23be88f6f698f70491aaec659fddc05f644d8235759e48a46930425d,640
sh600647,2016,2026-09-26T12:45:21+00:00,https://proxy.finance.qq.com/ifzqgtimg/appstock/app/newfqkline/get?_var=kline_day2016&param=sh600647%2Cday%2C2016-01-01%2C2017-12-31%2C640%2C&r=0.8205512681390605,200,0ea7954076705ad3edfb21fdbbdca272282ad776fb8dad810ddd2860ebd8646f,640
sh600647,2017,2026-09-26T12:45:22+00:00,https://proxy.finance.qq.com/ifzqgtimg/appstock/app/newfqkline/get?_var=kline_day2017&param=sh600647%2Cday%2C2017-01-01%2C2018-12-31%2C640%2C&r=0.8205512681390605,200,26d2c2df4f6779ae589d152d6e2951f1db1a6def9ab040011a3a938582450504,640
sh600647,2018,2026-09-26T12:45:22+00:00,https://proxy.finance.qq.com/ifzqgtimg/appstock/app/newfqkline/get?_var=kline_day2018&param=sh600647%2Cday%2C2018-01-01%2C2019-12-31%2C640%2C&r=0.8205512681390605,200,1551f59ab9072bfd9f13916ea9475cd6b9ceb1a367fbdf469b7461005700f84f,640
sh600647,2019,2026-09-26T12:45:23+00:00,https://proxy.finance.qq.com/ifzqgtimg/appstock/app/newfqkline/get?_var=kline_day2019&param=sh600647%2Cday%2C2019-01-01%2C2020-12-31%2C640%2C&r=0.8205512681390605,200,97c98d210b43a828a0a3af2d1ccc10ec9f42042a4b0803161c2c92a537afe7c5,640
sh600647,2020,2026-09-26T12:45:23+00:00,https://proxy.finance.qq.com/ifzqgtimg/appstock/app/newfqkline/get?_var=kline_day2020&param=sh600647%2Cday%2C2020-01-01%2C2021-12-31%2C640%2C&r=0.8205512681390605,200,8127939b2cf1ca19051ca659d0b47c2ed22730291283d3db7b88175fa6a12760,640
sh600647,2021,2026-09-26T12:45:24+00:00,https://proxy.finance.qq.com/ifzqgtimg/appstock/app/newfqkline/get?_var=kline_day2021&param=sh600647%2Cday%2C2021-01-01%2C2022-12-31%2C640%2C&r=0.8205512681390605,200,c8270b8e506557bab797cd8f26fceb55d5c40d3a502b0a27b383764169a4cade,640
sh600647,2022,2026-09-26T12:45:24+00:00,https://proxy.finance.qq.com/ifzqgtimg/appstock/app/newfqkline/get?_var=kline_day2022&param=sh600647%2Cday%2C2022-01-01%2C2023-12-31%2C640%2C&r=0.8205512681390605,200,1d256adf85d7ba70477ad60f8df0fdb8563f8c9a6b108819801c169166885396,640
sh600647,2023,2026-09-26T12:45:25+00:00,https://proxy.finance.qq.com/ifzqgtimg/appstock/app/newfqkline/get?_var=kline_day2023&param=sh600647%2Cday%2C2023-01-01%2C2024-12-31%2C640%2C&r=0.8205512681390605,200,5e758e66d6b16774af32a8583ece0c62cb2e9cf37c48ea593fa9883bab7d939a,640
sh600647,2024,2026-09-26T12:45:25+00:00,https://proxy.finance.qq.com/ifzqgtimg/appstock/app/newfqkline/get?_var=kline_day2024&param=sh600647%2Cday%2C2024-01-01%2C2025-12-31%2C640%2C&r=0.8205512681390605,200,2f5db2990fd44a36ba2bb6a1dffa912c939642cfeab9a7725800dd139203482c,640
sh600647,2025,2026-09-26T12:45:26+00:00,https://proxy.finance.qq.com/ifzqgtimg/appstock/app/newfqkline/get?_var=kline_day2025&param=sh600647%2Cday%2C2025-01-01%2C2026-12-31%2C640%2C&r=0.8205512681390605,200,9c9c46a5f320a1d8a64fc6493552ab3b997865f72ae2fcab0522d3a1b707bcdf,640
sh600687,2010,2026-09-26T12:45:19+00:00,https://proxy.finance.qq.com/ifzqgtimg/appstock/app/newfqkline/get?_var=kline_day2010&param=sh600687%2Cday%2C2010-01-01%2C2011-12-31%2C640%2C&r=0.8205512681390605,200,cc10e1e66b463f4427ca4a7c1e35aea15b919f48f348140ae9f1fd6d6fff80c3,640
sh600687,2011,2026-09-26T12:45:21+00:00,https://proxy.finance.qq.com/ifzqgtimg/appstock/app/newfqkline/get?_var=kline_day2011&param=sh600687%2Cday%2C2011-01-01%2C2012-12-31%2C640%2C&r=0.8205512681390605,200,49e9688c900d68af5745d7fe8231f1469a9bb7f0bc65b25c5cf185c6a9af47f9,640
sh600687,2012,2026-09-26T12:45:21+00:00,https://proxy.finance.qq.com/ifzqgtimg/appstock/app/newfqkline/get?_var=kline_day2012&param=sh600687%2Cday%2C2012-01-01%2C2013-12-31%2C640%2C&r=0.8205512681390605,200,bef0c2a7408f25e32a96b9390b54d7c545aee02dbe8ba51775b61e06a51adc4b,640
sh600687,2013,2026-09-26T12:45:22+00:00,https://proxy.finance.qq.com/ifzqgtimg/appstock/app/newfqkline/get?_var=kline_day2013&param=sh600687%2Cday%2C2013-01-01%2C2014-12-31%2C640%2C&r=0.8205512681390605,200,c628d151de2df018b3fb416e1d19fe996cd79e16784b9925ab196436f5e0767a,640
sh600687,2014,2026-09-26T12:45:22+00:00,https://proxy.finance.qq.com/ifzqgtimg/appstock/app/newfqkline/get?_var=kline_day2014&param=sh600687%2Cday%2C2014-01-01%2C2015-12-31%2C640%2C&r=0.8205512681390605,200,3b207d9869ea63bf81a50536463ce00d5e49e645443a0fda71a01974205ab2fe,640
sh600687,2015,2026-09-26T12:45:23+00:00,https://proxy.finance.qq.com/ifzqgtimg/appstock/app/newfqkline/get?_var=kline_day2015&param=sh600687%2Cday%2C2015-01-01%2C2016-12-31%2C640%2C&r=0.8205512681390605,200,b39b94695f15f4fd5ff58578a3ead82afc397cc0f89fdb5a219b481dc13b0f2e,640
sh600687,2016,2026-09-26T12:45:23+00:00,https://proxy.finance.qq.com/ifzqgtimg/appstock/app/newfqkline/get?_var=kline_day2016&param=sh600687%2Cday%2C2016-01-01%2C2017-12-31%2C640%2C&r=0.8205512681390605,200,df0a82884f4ff9b68e4a5fd8e8294f8a932a683c159ec2ebd2915d0f645afa6d,640
sh600687,2017,2026-09-26T12:45:24+00:00,https://proxy.finance.qq.com/ifzqgtimg/appstock/app/newfqkline/get?_var=kline_day2017&param=sh600687%2Cday%2C2017-01-01%2C2018-12-31%2C640%2C&r=0.8205512681390605,200,f11e1a64ae10cce58b0accef196b74d7913c03c7b8c1fbc59363a749f3a796c5,640
sh600687,2018,2026-09-26T12:45:24+00:00,https://proxy.finance.qq.com/ifzqgtimg/appstock/app/newfqkline/get?_var=kline_day2018&param=sh600687%2Cday%2C2018-01-01%2C2019-12-31%2C640%2C&r=0.8205512681390605,200,4ae282318671d19dfd063903480a19552b4d4f3908471e193d7799856a1a76e6,640
sh600687,2019,2026-09-26T12:45:25+00:00,https://proxy.finance.qq.com/ifzqgtimg/appstock/app/newfqkline/get?_var=kline_day2019&param=sh600687%2Cday%2C2019-01-01%2C2020-12-31%2C640%2C&r=0.8205512681390605,200,f6972db74520cbf5976e84648c6d2af0b25b7400d82dbc5935a1c67da82920f7,640
sh600687,2020,2026-09-26T12:45:25+00:00,https://proxy.finance.qq.com/ifzqgtimg/appstock/app/newfqkline/get?_var=kline_day2020&param=sh600687%2Cday%2C2020-01-01%2C2021-12-31%2C640%2C&r=0.8205512681390605,200,f20a187af1109e00e688568bc0b653568f2df3c07d9a8979a08b925e3f01f23c,640
sh600687,2021,2026-09-26T12:45:26+00:00,https://proxy.finance.qq.com/ifzqgtimg/appstock/app/newfqkline/get?_var=kline_day2021&param=sh600687%2Cday%2C2021-01-01%2C2022-12-31%2C640%2C&r=0.8205512681390605,200,bea9ecfdb9896641d259abb791441ca383cbf7320c1ca762f743909f4a9cfb36,640
sh600687,2022,2026-09-26T12:45:26+00:00,https://proxy.finance.qq.com/ifzqgtimg/appstock/app/newfqkline/get?_var=kline_day2022&param=sh600687%2Cday%2C2022-01-01%2C2023-12-31%2C640%2C&r=0.8205512681390605,200,4612cf52aca1d76f9c2d959a4086eadc404fcba906c408cf88118b17f06690bc,640
sh600856,2010,2026-09-26T12:45:22+00:00,https://proxy.finance.qq.com/ifzqgtimg/appstock/app/newfqkline/get?_var=kline_day2010&param=sh600856%2Cday%2C2010-01-01%2C2011-12-31%2C640%2C&r=0.8205512681390605,200,e55f4456ded93e55c26f844e4d21a0d3684b655efba99cf557617d50ef6fc951,640
sh600856,2011,2026-09-26T12:45:24+00:00,https://proxy.finance.qq.com/ifzqgtimg/appstock/app/newfqkline/get?_var=kline_day2011&param=sh600856%2Cday%2C2011-01-01%2C2012-12-31%2C640%2C&r=0.8205512681390605,200,01d0f91e988e5082c76d12f735dcd969b168d9da8a63214aad4fd9203673f40c,640
sh600856,2012,2026-09-26T12:45:25+00:00,https://proxy.finance.qq.com/ifzqgtimg/appstock/app/newfqkline/get?_var=kline_day2012&param=sh600856%2Cday%2C2012-01-01%2C2013-12-31%2C640%2C&r=0.8205512681390605,200,f05a6c64bf1b9a69f90309dd8446e59a11127393d493ee7316d59b427db58013,640
sh600856,2013,2026-09-26T12:45:25+00:00,https://proxy.finance.qq.com/ifzqgtimg/appstock/app/newfqkline/get?_var=kline_day2013&param=sh600856%2Cday%2C2013-01-01%2C2014-12-31%2C640%2C&r=0.8205512681390605,200,00ffda491b7b15238e014f9b991d3fcfce420b44e997879655d1c01cb02d064f,640
sh600856,2014,2026-09-26T12:45:26+00:00,https://proxy.finance.qq.com/ifzqgtimg/appstock/app/newfqkline/get?_var=kline_day2014&param=sh600856%2Cday%2C2014-01-01%2C2015-12-31%2C640%2C&r=0.8205512681390605,200,b1da5dd78359fd8022f6cdfc8c11ae606dd65a98d131c650c5d55f369876811c,640
sh600856,2015,2026-09-26T12:45:26+00:00,https://proxy.finance.qq.com/ifzqgtimg/appstock/app/newfqkline/get?_var=kline_day2015&param=sh600856%2Cday%2C2015-01-01%2C2016-12-31%2C640%2C&r=0.8205512681390605,200,31d3979d39aed3ba830dc93a9f905c9cf48721ca65a8043c643823a876fdd601,640
sh600856,2016,2026-09-26T12:45:27+00:00,https://proxy.finance.qq.com/ifzqgtimg/appstock/app/newfqkline/get?_var=kline_day2016&param=sh600856%2Cday%2C2016-01-01%2C2017-12-31%2C640%2C&r=0.8205512681390605,200,d3f7218c263b6dda2fa7019361b55e2a7f0fc0ba70948c3bfc73f9578e0eec0b,640
sh600856,2017,2026-09-26T12:45:27+00:00,https://proxy.finance.qq.com/ifzqgtimg/appstock/app/newfqkline/get?_var=kline_day2017&param=sh600856%2Cday%2C2017-01-01%2C2018-12-31%2C640%2C&r=0.8205512681390605,200,c4b64a85fa4b75f271e5630d1823cc2b3556b14aa21d5ec5ed95cd20fd467dec,640
sh600856,2018,2026-09-26T12:45:28+00:00,https://proxy.finance.qq.com/ifzqgtimg/appstock/app/newfqkline/get?_var=kline_day2018&param=sh600856%2Cday%2C2018-01-01%2C2019-12-31%2C640%2C&r=0.8205512681390605,200,58942598747dae8e59063b3696c3ac2ad45f330b4975abc2c413fce24e5c0ca1,640
sh600856,2019,2026-09-26T12:45:29+00:00,https://proxy.finance.qq.com/ifzqgtimg/appstock/app/newfqkline/get?_var=kline_day2019&param=sh600856%2Cday%2C2019-01-01%2C2020-12-31%2C640%2C&r=0.8205512681390605,200,550471341ac9cc749ef8f87ea48c30f2266eee2f1602cfebb8efcd8a6bbe2a38,640
sh600856,2020,2026-09-26T12:45:29+00:00,https://proxy.finance.qq.com/ifzqgtimg/appstock/app/newfqkline/get?_var=kline_day2020&param=sh600856%2Cday%2C2020-01-01%2C2021-12-31%2C640%2C&r=0.8205512681390605,200,1a613e663a5b2a771ff30215bd16551bf5cd6b26f9bd7f3cd8c47fa5a4b2f77a,640
sh600856,2021,2026-09-26T12:45:30+00:00,https://proxy.finance.qq.com/ifzqgtimg/appstock/app/newfqkline/get?_var=kline_day2021&param=sh600856%2Cday%2C2021-01-01%2C2022-12-31%2C640%2C&r=0.8205512681390605,200,12b5871fd5b90f5622de22e75501f96d8a51fa8b513f2723daa757bea2f668fe,640
sh600856,2022,2026-09-26T12:45:31+00:00,https://proxy.finance.qq.com/ifzqgtimg/appstock/app/newfqkline/get?_var=kline_day2022&param=sh600856%2Cday%2C2022-01-01%2C2023-12-31%2C640%2C&r=0.8205512681390605,200,4809fd7de83522f1ba8329ac0fca30c4b534b9b02e2b7cafc4b57dd53ca2edcb,640
sh600856,2023,2026-09-26T12:45:31+00:00,https://proxy.finance.qq.com/ifzqgtimg/appstock/app/newfqkline/get?_var=kline_day2023&param=sh600856%2Cday%2C2023-01-01%2C2024-12-31%2C640%2C&r=0.8205512681390605,200,24d3f68fdfcb21fda714d29cd3cf324866797c6d71467c8767d3967c60721143,640
sh600766,2010,2026-09-26T12:45:21+00:00,https://proxy.finance.qq.com/ifzqgtimg/appstock/app/newfqkline/get?_var=kline_day2010&param=sh600766%2Cday%2C2010-01-01%2C2011-12-31%2C640%2C&r=0.8205512681390605,200,ba650e5f94434ae2b1cff438ca515c55cdc261a162dc748ff4a9c5ce7d3282b4,640
sh600766,2011,2026-09-26T12:45:23+00:00,https://proxy.finance.qq.com/ifzqgtimg/appstock/app/newfqkline/get?_var=kline_day2011&param=sh600766%2Cday%2C2011-01-01%2C2012-12-31%2C640%2C&r=0.8205512681390605,200,82056555f0ed6c74db2915ce59f26858945b9caef199552955f72761a523f195,640
sh600766,2012,2026-09-26T12:45:24+00:00,https://proxy.finance.qq.com/ifzqgtimg/appstock/app/newfqkline/get?_var=kline_day2012&param=sh600766%2Cday%2C2012-01-01%2C2013-12-31%2C640%2C&r=0.8205512681390605,200,8e342ba7efeabad8ab98dd7573eeed2fdb031b5bd54f2d152c9b4184d0d1a0c5,640
sh600766,2013,2026-09-26T12:45:24+00:00,https://proxy.finance.qq.com/ifzqgtimg/appstock/app/newfqkline/get?_var=kline_day2013&param=sh600766%2Cday%2C2013-01-01%2C2014-12-31%2C640%2C&r=0.8205512681390605,200,fca2cb13c973e5754fcb3962ce6f0db4ddcca9e17bb4bef8cae69a301b62d4e5,640
sh600766,2014,2026-09-26T12:45:25+00:00,https://proxy.finance.qq.com/ifzqgtimg/appstock/app/newfqkline/get?_var=kline_day2014&param=sh600766%2Cday%2C2014-01-01%2C2015-12-31%2C640%2C&r=0.8205512681390605,200,c0754d3c52edcf389da6ec2ac9f1d01c44b42823b36cc7cf439082bf3de68681,640
sh600766,2015,2026-09-26T12:45:26+00:00,https://proxy.finance.qq.com/ifzqgtimg/appstock/app/newfqkline/get?_var=kline_day2015&param=sh600766%2Cday%2C2015-01-01%2C2016-12-31%2C640%2C&r=0.8205512681390605,200,25a7029231a4b63fedd02a0a5b2465e1dc9501706c4043b438d74cc2656532a0,640
sh600766,2016,2026-09-26T12:45:26+00:00,https://proxy.finance.qq.com/ifzqgtimg/appstock/app/newfqkline/get?_var=kline_day2016&param=sh600766%2Cday%2C2016-01-01%2C2017-12-31%2C640%2C&r=0.8205512681390605,200,a82c500d405ea51369c38e7c6ebff76d9d6e9ffbdeb06d5d000843f8ffc1913b,640
sh600766,2017,2026-09-26T12:45:27+00:00,https://proxy.finance.qq.com/ifzqgtimg/appstock/app/newfqkline/get?_var=kline_day2017&param=sh600766%2Cday%2C2017-01-01%2C2018-12-31%2C640%2C&r=0.8205512681390605,200,67cc0b9f8919bc24a9dd2d5752dedc16f7273e322538771a207b3f6616dfa4a8,640
sh600766,2018,2026-09-26T12:45:28+00:00,https://proxy.finance.qq.com/ifzqgtimg/appstock/app/newfqkline/get?_var=kline_day2018&param=sh600766%2Cday%2C2018-01-01%2C2019-12-31%2C640%2C&r=0.8205512681390605,200,0d1ef2b3809a89787c2dd48407116ee831380a7369389e35dec4d5c95ed4f06e,640
sh600766,2019,2026-09-26T12:45:28+00:00,https://proxy.finance.qq.com/ifzqgtimg/appstock/app/newfqkline/get?_var=kline_day2019&param=sh600766%2Cday%2C2019-01-01%2C2020-12-31%2C640%2C&r=0.8205512681390605,200,230b332170ffbd5361f17153b6cc2573642a2190da2e3715f4ce91afafd749ae,640
sh600766,2020,2026-09-26T12:45:29+00:00,https://proxy.finance.qq.com/ifzqgtimg/appstock/app/newfqkline/get?_var=kline_day2020&param=sh600766%2Cday%2C2020-01-01%2C2021-12-31%2C640%2C&r=0.8205512681390605,200,3594b688829f50749ddfb5accd08570b35522ed023e910e68773a88b9917fc7d,640
sh600766,2021,2026-09-26T12:45:29+00:00,https://proxy.finance.qq.com/ifzqgtimg/appstock/app/newfqkline/get?_var=kline_day2021&param=sh600766%2Cday%2C2021-01-01%2C2022-12-31%2C640%2C&r=0.8205512681390605,200,42d02b913bf3cbd22fcacea6df0981e66d6f24b36666e3c196b952be0c5f3d40,640
sh600766,2022,2026-09-26T12:45:30+00:00,https://proxy.finance.qq.com/ifzqgtimg/appstock/app/newfqkline/get?_var=kline_day2022&param=sh600766%2Cday%2C2022-01-01%2C2023-12-31%2C640%2C&r=0.8205512681390605,200,6905830816480d8e71958f870d17941ecedec7b99608e4457ae26f3f734fd27a,640
sh600766,2023,2026-09-26T12:45:31+00:00,https://proxy.finance.qq.com/ifzqgtimg/appstock/app/newfqkline/get?_var=kline_day2023&param=sh600766%2Cday%2C2023-01-01%2C2024-12-31%2C640%2C&r=0.8205512681390605,200,b62c83406e9ab3e0180fe9b7174b92231410f6ea9733478cb1cfeaff1bf8e646,640
sh600766,2024,2026-09-26T12:45:31+00:00,https://proxy.finance.qq.com/ifzqgtimg/appstock/app/newfqkline/get?_var=kline_day2024&param=sh600766%2Cday%2C2024-01-01%2C2025-12-31%2C640%2C&r=0.8205512681390605,200,863d30987ac9897e37a0a86217e3bd386731c10d88ffeb84fb24cfd739312a64,640
sh600766,2025,2026-09-26T12:45:32+00:00,https://proxy.finance.qq.com/ifzqgtimg/appstock/app/newfqkline/get?_var=kline_day2025&param=sh600766%2Cday%2C2025-01-01%2C2026-12-31%2C640%2C&r=0.8205512681390605,200,ea796e6689f734d4c5f07fb4adf38a8a19e7853814517259ec4ee29a5ccd9803,640
sh600898,2010,2026-09-26T12:45:24+00:00,https://proxy.finance.qq.com/ifzqgtimg/appstock/app/newfqkline/get?_var=kline_day2010&param=sh600898%2Cday%2C2010-01-01%2C2011-12-31%2C640%2C&r=0.8205512681390605,200,4ac435724eb4942b4118067db8bcabf8125a778435b9fdda80149e4ace3381f6,640
sh600898,2011,2026-09-26T12:45:25+00:00,https://proxy.finance.qq.com/ifzqgtimg/appstock/app/newfqkline/get?_var=kline_day2011&param=sh600898%2Cday%2C2011-01-01%2C2012-12-31%2C640%2C&r=0.8205512681390605,200,39d1fccb232c63fe5fda73068e61a83871c0e43c9ccf4076e6e81e8fbf057dbd,640
sh600898,2012,2026-09-26T12:45:26+00:00,https://proxy.finance.qq.com/ifzqgtimg/appstock/app/newfqkline/get?_var=kline_day2012&param=sh600898%2Cday%2C2012-01-01%2C2013-12-31%2C640%2C&r=0.8205512681390605,200,07fa455c5ad4d429227a7ee1ac342c1baf2bda417233dd89f42c200ccbe79ff6,640
sh600898,2013,2026-09-26T12:45:26+00:00,https://proxy.finance.qq.com/ifzqgtimg/appstock/app/newfqkline/get?_var=kline_day2013&param=sh600898%2Cday%2C2013-01-01%2C2014-12-31%2C640%2C&r=0.8205512681390605,200,83b62f3f90b57c9e9e4ed0130800fa75c019fb9003ca4c7a36fe280677a6eb60,640
sh600898,2014,2026-09-26T12:45:27+00:00,https://proxy.finance.qq.com/ifzqgtimg/appstock/app/newfqkline/get?_var=kline_day2014&param=sh600898%2Cday%2C2014-01-01%2C2015-12-31%2C640%2C&r=0.8205512681390605,200,d4fff3014122ef4759eb6e5124df4c0e5a7db360f11810246c2a75f90db6946a,640
sh600898,2015,2026-09-26T12:45:27+00:00,https://proxy.finance.qq.com/ifzqgtimg/appstock/app/newfqkline/get?_var=kline_day2015&param=sh600898%2Cday%2C2015-01-01%2C2016-12-31%2C640%2C&r=0.8205512681390605,200,eee47c70ee9ffb1fb1da663394f281372b395972be6e09a0b80d793120a31364,640
sh600898,2016,2026-09-26T12:45:28+00:00,https://proxy.finance.qq.com/ifzqgtimg/appstock/app/newfqkline/get?_var=kline_day2016&param=sh600898%2Cday%2C2016-01-01%2C2017-12-31%2C640%2C&r=0.8205512681390605,200,f58435987f99fa229880c5bcf42e943a9b1ec09db516d3e48d2c98ed962699aa,640
sh600898,2017,2026-09-26T12:45:28+00:00,https://proxy.finance.qq.com/ifzqgtimg/appstock/app/newfqkline/get?_var=kline_day2017&param=sh600898%2Cday%2C2017-01-01%2C2018-12-31%2C640%2C&r=0.8205512681390605,200,dafe5453a4984886bc1678616beaaf025522df4f5f89f14df80c787b867fce64,640
sh600898,2018,2026-09-26T12:45:28+00:00,https://proxy.finance.qq.com/ifzqgtimg/appstock/app/newfqkline/get?_var=kline_day2018&param=sh600898%2Cday%2C2018-01-01%2C2019-12-31%2C640%2C&r=0.8205512681390605,200,64999856d8b282072676b27267ec898a1cbfaa7f665b5c35d161585668346340,640
sh600898,2019,2026-09-26T12:45:29+00:00,https://proxy.finance.qq.com/ifzqgtimg/appstock/app/newfqkline/get?_var=kline_day2019&param=sh600898%2Cday%2C2019-01-01%2C2020-12-31%2C640%2C&r=0.8205512681390605,200,24e44b4f1483fa8ffe5037b3eb4f587eeb381e32650176f56f65ba20334df975,640
sh600898,2020,2026-09-26T12:45:29+00:00,https://proxy.finance.qq.com/ifzqgtimg/appstock/app/newfqkline/get?_var=kline_day2020&param=sh600898%2Cday%2C2020-01-01%2C2021-12-31%2C640%2C&r=0.8205512681390605,200,142073ea9ba8c87972c3a997d4a0ffa729bef0fb94f7626df8058c2956182f69,640
sh600898,2021,2026-09-26T12:45:30+00:00,https://proxy.finance.qq.com/ifzqgtimg/appstock/app/newfqkline/get?_var=kline_day2021&param=sh600898%2Cday%2C2021-01-01%2C2022-12-31%2C640%2C&r=0.8205512681390605,200,8e154912fcc95cbfaadf2f9972ad57ba6b633f9351633caf9cf7b0952512d596,640
sh600898,2022,2026-09-26T12:45:30+00:00,https://proxy.finance.qq.com/ifzqgtimg/appstock/app/newfqkline/get?_var=kline_day2022&param=sh600898%2Cday%2C2022-01-01%2C2023-12-31%2C640%2C&r=0.8205512681390605,200,ac5dc891affac5e46862b48443d81771974e10e9fe2deb5c832ed0337ceba2cc,640
sh600898,2023,2026-09-26T12:45:31+00:00,https://proxy.finance.qq.com/ifzqgtimg/appstock/app/newfqkline/get?_var=kline_day2023&param=sh600898%2Cday%2C2023-01-01%2C2024-12-31%2C640%2C&r=0.8205512681390605,200,8fc9565b329daf59a548ed408ae5ac3d1b99b38f0f77785d7ed39265216cba5a,640
sh600898,2024,2026-09-26T12:45:31+00:00,https://proxy.finance.qq.com/ifzqgtimg/appstock/app/newfqkline/get?_var=kline_day2024&param=sh600898%2Cday%2C2024-01-01%2C2025-12-31%2C640%2C&r=0.8205512681390605,200,c4050b010990815409a54ae13f7088499f70d84a74db78963c40a913a7ed566d,640
sh600898,2025,2026-09-26T12:45:32+00:00,https://proxy.finance.qq.com/ifzqgtimg/appstock/app/newfqkline/get?_var=kline_day2025&param=sh600898%2Cday%2C2025-01-01%2C2026-12-31%2C640%2C&r=0.8205512681390605,200,515f441ef94861fd96261bc27c2220ac1e445395e231ea3d887b6e4dbec1f626,640
sh600898,2026,2026-09-26T12:45:32+00:00,https://proxy.finance.qq.com/ifzqgtimg/appstock/app/newfqkline/get?_var=kline_day2026&param=sh600898%2Cday%2C2026-01-01%2C2027-12-31%2C640%2C&r=0.8205512681390605,200,6e856a0a6ac06f69088e0202f7345cb6142b684b194337774827d4585365389d,640
